        0.00000       -1.27258   1   1
        0.00000       -1.21577   1   2
        0.00000       -0.38535   1   3
        0.00000       -0.38535   1   4
        0.00000       -0.38215   1   5
        0.00000       -0.38200   1   6
        0.00000       -0.37117   1   7
        0.00000       -0.37117   1   8
        0.00000       -0.29776   1   9
        0.00000       -0.29776   1  10
        0.00000       -0.28194   1  11
        0.00000       -0.28194   1  12
        0.00000       -0.26129   1  13
        0.00000       -0.01971   1  14
        0.00000       -0.01971   1  15
        0.00000        0.03256   1  16
        0.00000        0.03952   1  17
        0.00000        0.03952   1  18
        0.00000        0.09465   1  19
        0.00000        0.41716   1  20
        0.00000        0.63515   1  21
        0.00000        0.98415   1  22
        0.00000        0.98415   1  23
        0.00000        1.06152   1  24
        0.00000        1.07155   1  25
        0.00000        1.07155   1  26
        0.00000        1.62859   1  27
        0.00000        1.62859   1  28
        0.00000        2.08805   1  29
        0.00000        2.08805   1  30
        0.00000        2.41582   1  31
        0.00000        2.44885   1  32
        0.00000        2.44885   1  33
        0.00000        2.82941   1  34
        0.00000        3.28120   1  35
        0.00000        3.28120   1  36
        0.01372       -1.27194   1   1
        0.01372       -1.21548   1   2
        0.01372       -0.38621   1   3
        0.01372       -0.38499   1   4
        0.01372       -0.38167   1   5
        0.01372       -0.38113   1   6
        0.01372       -0.37122   1   7
        0.01372       -0.37067   1   8
        0.01372       -0.29808   1   9
        0.01372       -0.29787   1  10
        0.01372       -0.28190   1  11
        0.01372       -0.28152   1  12
        0.01372       -0.26143   1  13
        0.01372       -0.02390   1  14
        0.01372       -0.02123   1  15
        0.01372        0.02808   1  16
        0.01372        0.03202   1  17
        0.01372        0.03870   1  18
        0.01372        0.10715   1  19
        0.01372        0.42236   1  20
        0.01372        0.63635   1  21
        0.01372        0.97660   1  22
        0.01372        0.98496   1  23
        0.01372        1.06145   1  24
        0.01372        1.06519   1  25
        0.01372        1.07351   1  26
        0.01372        1.61763   1  27
        0.01372        1.63248   1  28
        0.01372        2.08221   1  29
        0.01372        2.10025   1  30
        0.01372        2.39422   1  31
        0.01372        2.45434   1  32
        0.01372        2.46192   1  33
        0.01372        2.82709   1  34
        0.01372        3.25297   1  35
        0.01372        3.25860   1  36
        0.02744       -1.27004   1   1
        0.02744       -1.21462   1   2
        0.02744       -0.38846   1   3
        0.02744       -0.38394   1   4
        0.02744       -0.38056   1   5
        0.02744       -0.37851   1   6
        0.02744       -0.37128   1   7
        0.02744       -0.36917   1   8
        0.02744       -0.29899   1   9
        0.02744       -0.29811   1  10
        0.02744       -0.28178   1  11
        0.02744       -0.28022   1  12
        0.02744       -0.26185   1  13
        0.02744       -0.03618   1  14
        0.02744       -0.02570   1  15
        0.02744        0.00708   1  16
        0.02744        0.02974   1  17
        0.02744        0.03628   1  18
        0.02744        0.13229   1  19
        0.02744        0.43685   1  20
        0.02744        0.63960   1  21
        0.02744        0.95436   1  22
        0.02744        0.98732   1  23
        0.02744        1.04161   1  24
        0.02744        1.06694   1  25
        0.02744        1.07796   1  26
        0.02744        1.59014   1  27
        0.02744        1.64572   1  28
        0.02744        2.06494   1  29
        0.02744        2.11778   1  30
        0.02744        2.34544   1  31
        0.02744        2.47024   1  32
        0.02744        2.47876   1  33
        0.02744        2.82027   1  34
        0.02744        3.18357   1  35
        0.02744        3.20041   1  36
        0.04116       -1.26688   1   1
        0.04116       -1.21323   1   2
        0.04116       -0.39170   1   3
        0.04116       -0.38228   1   4
        0.04116       -0.37909   1   5
        0.04116       -0.37503   1   6
        0.04116       -0.37031   1   7
        0.04116       -0.36672   1   8
        0.04116       -0.30037   1   9
        0.04116       -0.29831   1  10
        0.04116       -0.28159   1  11
        0.04116       -0.27799   1  12
        0.04116       -0.26249   1  13
        0.04116       -0.05548   1  14
        0.04116       -0.03286   1  15
        0.04116       -0.01490   1  16
        0.04116        0.02604   1  17
        0.04116        0.03237   1  18
        0.04116        0.16146   1  19
        0.04116        0.45813   1  20
        0.04116        0.64415   1  21
        0.04116        0.91927   1  22
        0.04116        0.99109   1  23
        0.04116        1.01003   1  24
        0.04116        1.07204   1  25
        0.04116        1.08247   1  26
        0.04116        1.55526   1  27
        0.04116        1.66889   1  28
        0.04116        2.03755   1  29
        0.04116        2.11808   1  30
        0.04116        2.27744   1  31
        0.04116        2.47876   1  32
        0.04116        2.48261   1  33
        0.04116        2.80588   1  34
        0.04116        3.10629   1  35
        0.04116        3.13292   1  36
        0.05487       -1.26263   1   1
        0.05487       -1.21143   1   2
        0.05487       -0.39554   1   3
        0.05487       -0.38015   1   4
        0.05487       -0.37787   1   5
        0.05487       -0.37308   1   6
        0.05487       -0.36548   1   7
        0.05487       -0.36337   1   8
        0.05487       -0.30206   1   9
        0.05487       -0.29826   1  10
        0.05487       -0.28132   1  11
        0.05487       -0.27494   1  12
        0.05487       -0.26318   1  13
        0.05487       -0.07969   1  14
        0.05487       -0.04226   1  15
        0.05487       -0.03629   1  16
        0.05487        0.02082   1  17
        0.05487        0.02716   1  18
        0.05487        0.19269   1  19
        0.05487        0.48369   1  20
        0.05487        0.64933   1  21
        0.05487        0.87541   1  22
        0.05487        0.97378   1  23
        0.05487        0.99616   1  24
        0.05487        1.07818   1  25
        0.05487        1.08605   1  26
        0.05487        1.51692   1  27
        0.05487        1.69686   1  28
        0.05487        1.99901   1  29
        0.05487        2.10623   1  30
        0.05487        2.20931   1  31
        0.05487        2.45121   1  32
        0.05487        2.47005   1  33
        0.05487        2.77277   1  34
        0.05487        3.04573   1  35
        0.05487        3.08437   1  36
        0.06859       -1.25750   1   1
        0.06859       -1.20937   1   2
        0.06859       -0.39956   1   3
        0.06859       -0.37785   1   4
        0.06859       -0.37772   1   5
        0.06859       -0.37078   1   6
        0.06859       -0.35923   1   7
        0.06859       -0.35796   1   8
        0.06859       -0.30395   1   9
        0.06859       -0.29785   1  10
        0.06859       -0.28100   1  11
        0.06859       -0.27165   1  12
        0.06859       -0.26326   1  13
        0.06859       -0.10636   1  14
        0.06859       -0.05724   1  15
        0.06859       -0.05336   1  16
        0.06859        0.01405   1  17
        0.06859        0.02087   1  18
        0.06859        0.22532   1  19
        0.06859        0.51130   1  20
        0.06859        0.65456   1  21
        0.06859        0.82841   1  22
        0.06859        0.93808   1  23
        0.06859        1.00229   1  24
        0.06859        1.08463   1  25
        0.06859        1.08896   1  26
        0.06859        1.47657   1  27
        0.06859        1.72049   1  28
        0.06859        1.95131   1  29
        0.06859        2.09590   1  30
        0.06859        2.17037   1  31
        0.06859        2.38522   1  32
        0.06859        2.44621   1  33
        0.06859        2.71295   1  34
        0.06859        3.00474   1  35
        0.06859        3.06541   1  36
        0.08231       -1.25174   1   1
        0.08231       -1.20723   1   2
        0.08231       -0.40332   1   3
        0.08231       -0.37873   1   4
        0.08231       -0.37520   1   5
        0.08231       -0.36732   1   6
        0.08231       -0.35446   1   7
        0.08231       -0.34941   1   8
        0.08231       -0.30579   1   9
        0.08231       -0.29697   1  10
        0.08231       -0.28063   1  11
        0.08231       -0.26987   1  12
        0.08231       -0.26101   1  13
        0.08231       -0.13358   1  14
        0.08231       -0.07785   1  15
        0.08231       -0.06559   1  16
        0.08231        0.00577   1  17
        0.08231        0.01379   1  18
        0.08231        0.25903   1  19
        0.08231        0.53840   1  20
        0.08231        0.65877   1  21
        0.08231        0.78334   1  22
        0.08231        0.90668   1  23
        0.08231        1.00896   1  24
        0.08231        1.09033   1  25
        0.08231        1.09068   1  26
        0.08231        1.44128   1  27
        0.08231        1.73352   1  28
        0.08231        1.91572   1  29
        0.08231        2.09401   1  30
        0.08231        2.16494   1  31
        0.08231        2.30509   1  32
        0.08231        2.41004   1  33
        0.08231        2.63952   1  34
        0.08231        2.97299   1  35
        0.08231        3.06928   1  36
        0.09603       -1.24556   1   1
        0.09603       -1.20516   1   2
        0.09603       -0.40632   1   3
        0.09603       -0.37995   1   4
        0.09603       -0.37282   1   5
        0.09603       -0.36311   1   6
        0.09603       -0.34924   1   7
        0.09603       -0.34098   1   8
        0.09603       -0.30705   1   9
        0.09603       -0.29560   1  10
        0.09603       -0.28023   1  11
        0.09603       -0.26990   1  12
        0.09603       -0.25618   1  13
        0.09603       -0.15987   1  14
        0.09603       -0.09797   1  15
        0.09603       -0.07838   1  16
        0.09603       -0.00392   1  17
        0.09603        0.00629   1  18
        0.09603        0.29346   1  19
        0.09603        0.56223   1  20
        0.09603        0.65933   1  21
        0.09603        0.74339   1  22
        0.09603        0.88180   1  23
        0.09603        1.01539   1  24
        0.09603        1.08953   1  25
        0.09603        1.09505   1  26
        0.09603        1.42520   1  27
        0.09603        1.73959   1  28
        0.09603        1.90496   1  29
        0.09603        2.10035   1  30
        0.09603        2.18182   1  31
        0.09603        2.23631   1  32
        0.09603        2.35560   1  33
        0.09603        2.57966   1  34
        0.09603        2.93656   1  35
        0.09603        3.08146   1  36
        0.10975       -1.23921   1   1
        0.10975       -1.20336   1   2
        0.10975       -0.40819   1   3
        0.10975       -0.38133   1   4
        0.10975       -0.37077   1   5
        0.10975       -0.35841   1   6
        0.10975       -0.34384   1   7
        0.10975       -0.33443   1   8
        0.10975       -0.30664   1   9
        0.10975       -0.29373   1  10
        0.10975       -0.27983   1  11
        0.10975       -0.26994   1  12
        0.10975       -0.25088   1  13
        0.10975       -0.18363   1  14
        0.10975       -0.11738   1  15
        0.10975       -0.09112   1  16
        0.10975       -0.01476   1  17
        0.10975       -0.00121   1  18
        0.10975        0.32800   1  19
        0.10975        0.58114   1  20
        0.10975        0.65214   1  21
        0.10975        0.71126   1  22
        0.10975        0.86380   1  23
        0.10975        1.02042   1  24
        0.10975        1.08531   1  25
        0.10975        1.10111   1  26
        0.10975        1.44009   1  27
        0.10975        1.75117   1  28
        0.10975        1.90661   1  29
        0.10975        2.10759   1  30
        0.10975        2.19069   1  31
        0.10975        2.20927   1  32
        0.10975        2.29157   1  33
        0.10975        2.55095   1  34
        0.10975        2.88139   1  35
        0.10975        3.08287   1  36
        0.12347       -1.23303   1   1
        0.12347       -1.20198   1   2
        0.12347       -0.40873   1   3
        0.12347       -0.38283   1   4
        0.12347       -0.36915   1   5
        0.12347       -0.35340   1   6
        0.12347       -0.33857   1   7
        0.12347       -0.33164   1   8
        0.12347       -0.30369   1   9
        0.12347       -0.29149   1  10
        0.12347       -0.27942   1  11
        0.12347       -0.26863   1  12
        0.12347       -0.24775   1  13
        0.12347       -0.20222   1  14
        0.12347       -0.13561   1  15
        0.12347       -0.10312   1  16
        0.12347       -0.02627   1  17
        0.12347       -0.00823   1  18
        0.12347        0.36174   1  19
        0.12347        0.59512   1  20
        0.12347        0.63426   1  21
        0.12347        0.69012   1  22
        0.12347        0.85120   1  23
        0.12347        1.02242   1  24
        0.12347        1.08084   1  25
        0.12347        1.11006   1  26
        0.12347        1.48464   1  27
        0.12347        1.77796   1  28
        0.12347        1.89608   1  29
        0.12347        2.10376   1  30
        0.12347        2.17119   1  31
        0.12347        2.22355   1  32
        0.12347        2.25181   1  33
        0.12347        2.55303   1  34
        0.12347        2.79634   1  35
        0.12347        3.06156   1  36
        0.13718       -1.22741   1   1
        0.13718       -1.20115   1   2
        0.13718       -0.40798   1   3
        0.13718       -0.38450   1   4
        0.13718       -0.36796   1   5
        0.13718       -0.34832   1   6
        0.13718       -0.33384   1   7
        0.13718       -0.33225   1   8
        0.13718       -0.29976   1   9
        0.13718       -0.28912   1  10
        0.13718       -0.27904   1  11
        0.13718       -0.26503   1  12
        0.13718       -0.25029   1  13
        0.13718       -0.21220   1  14
        0.13718       -0.15162   1  15
        0.13718       -0.11365   1  16
        0.13718       -0.03765   1  17
        0.13718       -0.01432   1  18
        0.13718        0.39398   1  19
        0.13718        0.60357   1  20
        0.13718        0.61079   1  21
        0.13718        0.67752   1  22
        0.13718        0.84251   1  23
        0.13718        1.02081   1  24
        0.13718        1.07871   1  25
        0.13718        1.11992   1  26
        0.13718        1.54315   1  27
        0.13718        1.82015   1  28
        0.13718        1.86217   1  29
        0.13718        2.09007   1  30
        0.13718        2.16755   1  31
        0.13718        2.21473   1  32
        0.13718        2.25526   1  33
        0.13718        2.56967   1  34
        0.13718        2.67989   1  35
        0.13718        3.02060   1  36
        0.15090       -1.22277   1   1
        0.15090       -1.20085   1   2
        0.15090       -0.40618   1   3
        0.15090       -0.38641   1   4
        0.15090       -0.36717   1   5
        0.15090       -0.34358   1   6
        0.15090       -0.33428   1   7
        0.15090       -0.33006   1   8
        0.15090       -0.29708   1   9
        0.15090       -0.28700   1  10
        0.15090       -0.27873   1  11
        0.15090       -0.26388   1  12
        0.15090       -0.25226   1  13
        0.15090       -0.21602   1  14
        0.15090       -0.16367   1  15
        0.15090       -0.12194   1  16
        0.15090       -0.04764   1  17
        0.15090       -0.01904   1  18
        0.15090        0.42389   1  19
        0.15090        0.58239   1  20
        0.15090        0.61357   1  21
        0.15090        0.66816   1  22
        0.15090        0.83664   1  23
        0.15090        1.01745   1  24
        0.15090        1.07827   1  25
        0.15090        1.12881   1  26
        0.15090        1.59730   1  27
        0.15090        1.83282   1  28
        0.15090        1.87287   1  29
        0.15090        2.07234   1  30
        0.15090        2.17051   1  31
        0.15090        2.20833   1  32
        0.15090        2.26372   1  33
        0.15090        2.54607   1  34
        0.15090        2.57446   1  35
        0.15090        2.97296   1  36
        0.16462       -1.21960   1   1
        0.16462       -1.20093   1   2
        0.16462       -0.40399   1   3
        0.16462       -0.38836   1   4
        0.16462       -0.36672   1   5
        0.16462       -0.33990   1   6
        0.16462       -0.33624   1   7
        0.16462       -0.32760   1   8
        0.16462       -0.29586   1   9
        0.16462       -0.28551   1  10
        0.16462       -0.27851   1  11
        0.16462       -0.26983   1  12
        0.16462       -0.24422   1  13
        0.16462       -0.22091   1  14
        0.16462       -0.17020   1  15
        0.16462       -0.12729   1  16
        0.16462       -0.05467   1  17
        0.16462       -0.02203   1  18
        0.16462        0.44879   1  19
        0.16462        0.56058   1  20
        0.16462        0.61888   1  21
        0.16462        0.66083   1  22
        0.16462        0.83293   1  23
        0.16462        1.01469   1  24
        0.16462        1.07808   1  25
        0.16462        1.13563   1  26
        0.16462        1.63774   1  27
        0.16462        1.83058   1  28
        0.16462        1.93010   1  29
        0.16462        2.04648   1  30
        0.16462        2.18459   1  31
        0.16462        2.19948   1  32
        0.16462        2.26585   1  33
        0.16462        2.42406   1  34
        0.16462        2.55802   1  35
        0.16462        2.93600   1  36
        0.17834       -1.21844   1   1
        0.17834       -1.20102   1   2
        0.17834       -0.40288   1   3
        0.17834       -0.38933   1   4
        0.17834       -0.36658   1   5
        0.17834       -0.33813   1   6
        0.17834       -0.33737   1   7
        0.17834       -0.32675   1   8
        0.17834       -0.29553   1   9
        0.17834       -0.28498   1  10
        0.17834       -0.27844   1  11
        0.17834       -0.27260   1  12
        0.17834       -0.23773   1  13
        0.17834       -0.22587   1  14
        0.17834       -0.17196   1  15
        0.17834       -0.12915   1  16
        0.17834       -0.05724   1  17
        0.17834       -0.02306   1  18
        0.17834        0.45997   1  19
        0.17834        0.55063   1  20
        0.17834        0.62114   1  21
        0.17834        0.65772   1  22
        0.17834        0.83162   1  23
        0.17834        1.01369   1  24
        0.17834        1.07795   1  25
        0.17834        1.13832   1  26
        0.17834        1.65420   1  27
        0.17834        1.83606   1  28
        0.17834        1.96900   1  29
        0.17834        2.02021   1  30
        0.17834        2.19596   1  31
        0.17834        2.20054   1  32
        0.17834        2.26400   1  33
        0.17834        2.36590   1  34
        0.17834        2.54431   1  35
        0.17834        2.92269   1  36
        0.17834       -1.21844   1   1
        0.17834       -1.20102   1   2
        0.17834       -0.40288   1   3
        0.17834       -0.38933   1   4
        0.17834       -0.36658   1   5
        0.17834       -0.33813   1   6
        0.17834       -0.33737   1   7
        0.17834       -0.32675   1   8
        0.17834       -0.29553   1   9
        0.17834       -0.28498   1  10
        0.17834       -0.27844   1  11
        0.17834       -0.27260   1  12
        0.17834       -0.23773   1  13
        0.17834       -0.22587   1  14
        0.17834       -0.17196   1  15
        0.17834       -0.12915   1  16
        0.17834       -0.05724   1  17
        0.17834       -0.02306   1  18
        0.17834        0.45997   1  19
        0.17834        0.55063   1  20
        0.17834        0.62114   1  21
        0.17834        0.65772   1  22
        0.17834        0.83162   1  23
        0.17834        1.01369   1  24
        0.17834        1.07795   1  25
        0.17834        1.13832   1  26
        0.17834        1.65420   1  27
        0.17834        1.83606   1  28
        0.17834        1.96900   1  29
        0.17834        2.02021   1  30
        0.17834        2.19596   1  31
        0.17834        2.20054   1  32
        0.17834        2.26400   1  33
        0.17834        2.36590   1  34
        0.17834        2.54431   1  35
        0.17834        2.92269   1  36
        0.19305       -1.21812   1   1
        0.19305       -1.20102   1   2
        0.19305       -0.40209   1   3
        0.19305       -0.38751   1   4
        0.19305       -0.36689   1   5
        0.19305       -0.33922   1   6
        0.19305       -0.33679   1   7
        0.19305       -0.32608   1   8
        0.19305       -0.29574   1   9
        0.19305       -0.28578   1  10
        0.19305       -0.27811   1  11
        0.19305       -0.27273   1  12
        0.19305       -0.23739   1  13
        0.19305       -0.22489   1  14
        0.19305       -0.17276   1  15
        0.19305       -0.13192   1  16
        0.19305       -0.05875   1  17
        0.19305       -0.02596   1  18
        0.19305        0.46450   1  19
        0.19305        0.55642   1  20
        0.19305        0.62207   1  21
        0.19305        0.65811   1  22
        0.19305        0.83119   1  23
        0.19305        1.00208   1  24
        0.19305        1.07257   1  25
        0.19305        1.14264   1  26
        0.19305        1.66099   1  27
        0.19305        1.83681   1  28
        0.19305        1.97018   1  29
        0.19305        2.01971   1  30
        0.19305        2.18727   1  31
        0.19305        2.23017   1  32
        0.19305        2.24272   1  33
        0.19305        2.39135   1  34
        0.19305        2.55023   1  35
        0.19305        2.91530   1  36
        0.20776       -1.21709   1   1
        0.20776       -1.20105   1   2
        0.20776       -0.39978   1   3
        0.20776       -0.38218   1   4
        0.20776       -0.36767   1   5
        0.20776       -0.34188   1   6
        0.20776       -0.33515   1   7
        0.20776       -0.32459   1   8
        0.20776       -0.29633   1   9
        0.20776       -0.28781   1  10
        0.20776       -0.27724   1  11
        0.20776       -0.27334   1  12
        0.20776       -0.23652   1  13
        0.20776       -0.22225   1  14
        0.20776       -0.17696   1  15
        0.20776       -0.13761   1  16
        0.20776       -0.06339   1  17
        0.20776       -0.03381   1  18
        0.20776        0.47765   1  19
        0.20776        0.57081   1  20
        0.20776        0.62472   1  21
        0.20776        0.65944   1  22
        0.20776        0.82988   1  23
        0.20776        0.97369   1  24
        0.20776        1.05766   1  25
        0.20776        1.14761   1  26
        0.20776        1.67405   1  27
        0.20776        1.84093   1  28
        0.20776        1.96968   1  29
        0.20776        2.02759   1  30
        0.20776        2.17563   1  31
        0.20776        2.18676   1  32
        0.20776        2.31443   1  33
        0.20776        2.42553   1  34
        0.20776        2.55928   1  35
        0.20776        2.88786   1  36
        0.22247       -1.21532   1   1
        0.22247       -1.20120   1   2
        0.22247       -0.39639   1   3
        0.22247       -0.37361   1   4
        0.22247       -0.36837   1   5
        0.22247       -0.34522   1   6
        0.22247       -0.33261   1   7
        0.22247       -0.32284   1   8
        0.22247       -0.29725   1   9
        0.22247       -0.29032   1  10
        0.22247       -0.27624   1  11
        0.22247       -0.27478   1  12
        0.22247       -0.23535   1  13
        0.22247       -0.21882   1  14
        0.22247       -0.18855   1  15
        0.22247       -0.13984   1  16
        0.22247       -0.07109   1  17
        0.22247       -0.04463   1  18
        0.22247        0.49786   1  19
        0.22247        0.58782   1  20
        0.22247        0.62851   1  21
        0.22247        0.66180   1  22
        0.22247        0.82802   1  23
        0.22247        0.93738   1  24
        0.22247        1.03766   1  25
        0.22247        1.14339   1  26
        0.22247        1.67620   1  27
        0.22247        1.84268   1  28
        0.22247        1.94729   1  29
        0.22247        2.05035   1  30
        0.22247        2.14539   1  31
        0.22247        2.18805   1  32
        0.22247        2.37582   1  33
        0.22247        2.44107   1  34
        0.22247        2.55483   1  35
        0.22247        2.83182   1  36
        0.23718       -1.21303   1   1
        0.23718       -1.20156   1   2
        0.23718       -0.39288   1   3
        0.23718       -0.36813   1   4
        0.23718       -0.36231   1   5
        0.23718       -0.34873   1   6
        0.23718       -0.32920   1   7
        0.23718       -0.32087   1   8
        0.23718       -0.29844   1   9
        0.23718       -0.29262   1  10
        0.23718       -0.27728   1  11
        0.23718       -0.27614   1  12
        0.23718       -0.23398   1  13
        0.23718       -0.21587   1  14
        0.23718       -0.20647   1  15
        0.23718       -0.13600   1  16
        0.23718       -0.08069   1  17
        0.23718       -0.05670   1  18
        0.23718        0.52246   1  19
        0.23718        0.60282   1  20
        0.23718        0.63217   1  21
        0.23718        0.66400   1  22
        0.23718        0.82660   1  23
        0.23718        0.89968   1  24
        0.23718        1.02061   1  25
        0.23718        1.12843   1  26
        0.23718        1.64525   1  27
        0.23718        1.82771   1  28
        0.23718        1.89633   1  29
        0.23718        2.06777   1  30
        0.23718        2.14785   1  31
        0.23718        2.19991   1  32
        0.23718        2.40676   1  33
        0.23718        2.43277   1  34
        0.23718        2.52870   1  35
        0.23718        2.75228   1  36
        0.25189       -1.21057   1   1
        0.25189       -1.20228   1   2
        0.25189       -0.39040   1   3
        0.25189       -0.36623   1   4
        0.25189       -0.35249   1   5
        0.25189       -0.34909   1   6
        0.25189       -0.32474   1   7
        0.25189       -0.31824   1   8
        0.25189       -0.29992   1   9
        0.25189       -0.29419   1  10
        0.25189       -0.28100   1  11
        0.25189       -0.27909   1  12
        0.25189       -0.23215   1  13
        0.25189       -0.22424   1  14
        0.25189       -0.21489   1  15
        0.25189       -0.12778   1  16
        0.25189       -0.08961   1  17
        0.25189       -0.06964   1  18
        0.25189        0.54872   1  19
        0.25189        0.61317   1  20
        0.25189        0.63406   1  21
        0.25189        0.66329   1  22
        0.25189        0.82643   1  23
        0.25189        0.86686   1  24
        0.25189        1.01535   1  25
        0.25189        1.10580   1  26
        0.25189        1.56348   1  27
        0.25189        1.79641   1  28
        0.25189        1.85950   1  29
        0.25189        2.03802   1  30
        0.25189        2.14676   1  31
        0.25189        2.22790   1  32
        0.25189        2.41054   1  33
        0.25189        2.41469   1  34
        0.25189        2.50301   1  35
        0.25189        2.67063   1  36
        0.26660       -1.20807   1   1
        0.26660       -1.20356   1   2
        0.26660       -0.38931   1   3
        0.26660       -0.36289   1   4
        0.26660       -0.35574   1   5
        0.26660       -0.33792   1   6
        0.26660       -0.31911   1   7
        0.26660       -0.31379   1   8
        0.26660       -0.30191   1   9
        0.26660       -0.29452   1  10
        0.26660       -0.28698   1  11
        0.26660       -0.28595   1  12
        0.26660       -0.23638   1  13
        0.26660       -0.22831   1  14
        0.26660       -0.21710   1  15
        0.26660       -0.11675   1  16
        0.26660       -0.09561   1  17
        0.26660       -0.08305   1  18
        0.26660        0.57477   1  19
        0.26660        0.61434   1  20
        0.26660        0.63354   1  21
        0.26660        0.65902   1  22
        0.26660        0.82826   1  23
        0.26660        0.84405   1  24
        0.26660        1.02625   1  25
        0.26660        1.07908   1  26
        0.26660        1.46585   1  27
        0.26660        1.77267   1  28
        0.26660        1.85560   1  29
        0.26660        1.94801   1  30
        0.26660        2.12740   1  31
        0.26660        2.26171   1  32
        0.26660        2.39286   1  33
        0.26660        2.41126   1  34
        0.26660        2.51169   1  35
        0.26660        2.60461   1  36
        0.28131       -1.20558   1   1
        0.28131       -1.20558   1   2
        0.28131       -0.38910   1   3
        0.28131       -0.35917   1   4
        0.28131       -0.35916   1   5
        0.28131       -0.33338   1   6
        0.28131       -0.31273   1   7
        0.28131       -0.31272   1   8
        0.28131       -0.30348   1   9
        0.28131       -0.29326   1  10
        0.28131       -0.29151   1  11
        0.28131       -0.29151   1  12
        0.28131       -0.23994   1  13
        0.28131       -0.22273   1  14
        0.28131       -0.22272   1  15
        0.28131       -0.10390   1  16
        0.28131       -0.10389   1  17
        0.28131       -0.09031   1  18
        0.28131        0.59946   1  19
        0.28131        0.59947   1  20
        0.28131        0.63262   1  21
        0.28131        0.65653   1  22
        0.28131        0.83269   1  23
        0.28131        0.83269   1  24
        0.28131        1.05057   1  25
        0.28131        1.05059   1  26
        0.28131        1.42185   1  27
        0.28131        1.77054   1  28
        0.28131        1.87447   1  29
        0.28131        1.87449   1  30
        0.28131        2.11319   1  31
        0.28131        2.27719   1  32
        0.28131        2.39691   1  33
        0.28131        2.39692   1  34
        0.28131        2.55237   1  35
        0.28131        2.55240   1  36
        0.28131       -1.20558   1   1
        0.28131       -1.20558   1   2
        0.28131       -0.38910   1   3
        0.28131       -0.35917   1   4
        0.28131       -0.35916   1   5
        0.28131       -0.33338   1   6
        0.28131       -0.31273   1   7
        0.28131       -0.31272   1   8
        0.28131       -0.30348   1   9
        0.28131       -0.29326   1  10
        0.28131       -0.29151   1  11
        0.28131       -0.29151   1  12
        0.28131       -0.23994   1  13
        0.28131       -0.22273   1  14
        0.28131       -0.22272   1  15
        0.28131       -0.10390   1  16
        0.28131       -0.10389   1  17
        0.28131       -0.09031   1  18
        0.28131        0.59946   1  19
        0.28131        0.59947   1  20
        0.28131        0.63262   1  21
        0.28131        0.65653   1  22
        0.28131        0.83269   1  23
        0.28131        0.83269   1  24
        0.28131        1.05057   1  25
        0.28131        1.05059   1  26
        0.28131        1.42185   1  27
        0.28131        1.77054   1  28
        0.28131        1.87447   1  29
        0.28131        1.87449   1  30
        0.28131        2.11319   1  31
        0.28131        2.27719   1  32
        0.28131        2.39691   1  33
        0.28131        2.39692   1  34
        0.28131        2.55237   1  35
        0.28131        2.55240   1  36
        0.29503       -1.20821   1   1
        0.29503       -1.20346   1   2
        0.29503       -0.38914   1   3
        0.29503       -0.36277   1   4
        0.29503       -0.35622   1   5
        0.29503       -0.33799   1   6
        0.29503       -0.31927   1   7
        0.29503       -0.30792   1   8
        0.29503       -0.30415   1   9
        0.29503       -0.29799   1  10
        0.29503       -0.28777   1  11
        0.29503       -0.28465   1  12
        0.29503       -0.23663   1  13
        0.29503       -0.23014   1  14
        0.29503       -0.21474   1  15
        0.29503       -0.11865   1  16
        0.29503       -0.09084   1  17
        0.29503       -0.08656   1  18
        0.29503        0.57183   1  19
        0.29503        0.61895   1  20
        0.29503        0.63464   1  21
        0.29503        0.65863   1  22
        0.29503        0.83110   1  23
        0.29503        0.84065   1  24
        0.29503        1.02355   1  25
        0.29503        1.07978   1  26
        0.29503        1.46269   1  27
        0.29503        1.76762   1  28
        0.29503        1.90230   1  29
        0.29503        1.90384   1  30
        0.29503        2.12995   1  31
        0.29503        2.26338   1  32
        0.29503        2.37647   1  33
        0.29503        2.43321   1  34
        0.29503        2.50582   1  35
        0.29503        2.60021   1  36
        0.30876       -1.21157   1   1
        0.30876       -1.20182   1   2
        0.30876       -0.38913   1   3
        0.30876       -0.36778   1   4
        0.30876       -0.35425   1   5
        0.30876       -0.34808   1   6
        0.30876       -0.32248   1   7
        0.30876       -0.30897   1   8
        0.30876       -0.30539   1   9
        0.30876       -0.30001   1  10
        0.30876       -0.27916   1  11
        0.30876       -0.27881   1  12
        0.30876       -0.23843   1  13
        0.30876       -0.22622   1  14
        0.30876       -0.20351   1  15
        0.30876       -0.13497   1  16
        0.30876       -0.07833   1  17
        0.30876       -0.07718   1  18
        0.30876        0.53672   1  19
        0.30876        0.62629   1  20
        0.30876        0.64597   1  21
        0.30876        0.66450   1  22
        0.30876        0.83623   1  23
        0.30876        0.85557   1  24
        0.30876        0.99772   1  25
        0.30876        1.10998   1  26
        0.30876        1.56342   1  27
        0.30876        1.77409   1  28
        0.30876        1.94100   1  29
        0.30876        1.99374   1  30
        0.30876        2.16500   1  31
        0.30876        2.23135   1  32
        0.30876        2.36354   1  33
        0.30876        2.46073   1  34
        0.30876        2.51458   1  35
        0.30876        2.64416   1  36
        0.32249       -1.21570   1   1
        0.32249       -1.20084   1   2
        0.32249       -0.38893   1   3
        0.32249       -0.37541   1   4
        0.32249       -0.35579   1   5
        0.32249       -0.35350   1   6
        0.32249       -0.32491   1   7
        0.32249       -0.31493   1   8
        0.32249       -0.30646   1   9
        0.32249       -0.29828   1  10
        0.32249       -0.27705   1  11
        0.32249       -0.26811   1  12
        0.32249       -0.24669   1  13
        0.32249       -0.21095   1  14
        0.32249       -0.18807   1  15
        0.32249       -0.15088   1  16
        0.32249       -0.06760   1  17
        0.32249       -0.06328   1  18
        0.32249        0.49828   1  19
        0.32249        0.62431   1  20
        0.32249        0.66135   1  21
        0.32249        0.67389   1  22
        0.32249        0.84534   1  23
        0.32249        0.87795   1  24
        0.32249        0.97526   1  25
        0.32249        1.13673   1  26
        0.32249        1.66373   1  27
        0.32249        1.77602   1  28
        0.32249        1.97828   1  29
        0.32249        2.08472   1  30
        0.32249        2.18845   1  31
        0.32249        2.20326   1  32
        0.32249        2.38020   1  33
        0.32249        2.43914   1  34
        0.32249        2.63549   1  35
        0.32249        2.68157   1  36
        0.33622       -1.22062   1   1
        0.33622       -1.20054   1   2
        0.33622       -0.38850   1   3
        0.33622       -0.38416   1   4
        0.33622       -0.36015   1   5
        0.33622       -0.35421   1   6
        0.33622       -0.32802   1   7
        0.33622       -0.32086   1   8
        0.33622       -0.30722   1   9
        0.33622       -0.29648   1  10
        0.33622       -0.27739   1  11
        0.33622       -0.25694   1  12
        0.33622       -0.25429   1  13
        0.33622       -0.19441   1  14
        0.33622       -0.16815   1  15
        0.33622       -0.16436   1  16
        0.33622       -0.05535   1  17
        0.33622       -0.04958   1  18
        0.33622        0.45858   1  19
        0.33622        0.61884   1  20
        0.33622        0.67436   1  21
        0.33622        0.68682   1  22
        0.33622        0.85417   1  23
        0.33622        0.90405   1  24
        0.33622        0.95999   1  25
        0.33622        1.15665   1  26
        0.33622        1.70795   1  27
        0.33622        1.75305   1  28
        0.33622        1.99318   1  29
        0.33622        2.12128   1  30
        0.33622        2.19246   1  31
        0.33622        2.20563   1  32
        0.33622        2.44003   1  33
        0.33622        2.44860   1  34
        0.33622        2.71763   1  35
        0.33622        2.76591   1  36
        0.34995       -1.22627   1   1
        0.34995       -1.20087   1   2
        0.34995       -0.39168   1   3
        0.34995       -0.38775   1   4
        0.34995       -0.36310   1   5
        0.34995       -0.35641   1   6
        0.34995       -0.33207   1   7
        0.34995       -0.32580   1   8
        0.34995       -0.30760   1   9
        0.34995       -0.29528   1  10
        0.34995       -0.27831   1  11
        0.34995       -0.26077   1  12
        0.34995       -0.24846   1  13
        0.34995       -0.17750   1  14
        0.34995       -0.17211   1  15
        0.34995       -0.14534   1  16
        0.34995       -0.04226   1  17
        0.34995       -0.03642   1  18
        0.34995        0.41834   1  19
        0.34995        0.61098   1  20
        0.34995        0.68355   1  21
        0.34995        0.70310   1  22
        0.34995        0.85858   1  23
        0.34995        0.92983   1  24
        0.34995        0.95648   1  25
        0.34995        1.16829   1  26
        0.34995        1.69053   1  27
        0.34995        1.70037   1  28
        0.34995        1.99158   1  29
        0.34995        2.11413   1  30
        0.34995        2.17907   1  31
        0.34995        2.21940   1  32
        0.34995        2.46054   1  33
        0.34995        2.51361   1  34
        0.34995        2.76854   1  35
        0.34995        2.87742   1  36
        0.36368       -1.23249   1   1
        0.36368       -1.20179   1   2
        0.36368       -0.39702   1   3
        0.36368       -0.38669   1   4
        0.36368       -0.36559   1   5
        0.36368       -0.35972   1   6
        0.36368       -0.33695   1   7
        0.36368       -0.33022   1   8
        0.36368       -0.30755   1   9
        0.36368       -0.29504   1  10
        0.36368       -0.27918   1  11
        0.36368       -0.26546   1  12
        0.36368       -0.24602   1  13
        0.36368       -0.17025   1  14
        0.36368       -0.15975   1  15
        0.36368       -0.12176   1  16
        0.36368       -0.02889   1  17
        0.36368       -0.02406   1  18
        0.36368        0.37800   1  19
        0.36368        0.60047   1  20
        0.36368        0.68745   1  21
        0.36368        0.72226   1  22
        0.36368        0.86021   1  23
        0.36368        0.95382   1  24
        0.36368        0.96414   1  25
        0.36368        1.17193   1  26
        0.36368        1.62386   1  27
        0.36368        1.64980   1  28
        0.36368        1.98359   1  29
        0.36368        2.10207   1  30
        0.36368        2.14895   1  31
        0.36368        2.22506   1  32
        0.36368        2.44902   1  33
        0.36368        2.56376   1  34
        0.36368        2.84403   1  35
        0.36368        2.96196   1  36
        0.37741       -1.23899   1   1
        0.37741       -1.20326   1   2
        0.37741       -0.39994   1   3
        0.37741       -0.38544   1   4
        0.37741       -0.36795   1   5
        0.37741       -0.36347   1   6
        0.37741       -0.34238   1   7
        0.37741       -0.33523   1   8
        0.37741       -0.30702   1   9
        0.37741       -0.29582   1  10
        0.37741       -0.27982   1  11
        0.37741       -0.26802   1  12
        0.37741       -0.24947   1  13
        0.37741       -0.15857   1  14
        0.37741       -0.14077   1  15
        0.37741       -0.09887   1  16
        0.37741       -0.01576   1  17
        0.37741       -0.01266   1  18
        0.37741        0.33817   1  19
        0.37741        0.58614   1  20
        0.37741        0.68477   1  21
        0.37741        0.74454   1  22
        0.37741        0.86587   1  23
        0.37741        0.97671   1  24
        0.37741        0.97698   1  25
        0.37741        1.16828   1  26
        0.37741        1.54358   1  27
        0.37741        1.62425   1  28
        0.37741        1.97123   1  29
        0.37741        2.09047   1  30
        0.37741        2.13908   1  31
        0.37741        2.21977   1  32
        0.37741        2.42467   1  33
        0.37741        2.59552   1  34
        0.37741        2.91264   1  35
        0.37741        3.02226   1  36
        0.39113       -1.24549   1   1
        0.39113       -1.20513   1   2
        0.39113       -0.40061   1   3
        0.39113       -0.38422   1   4
        0.39113       -0.37027   1   5
        0.39113       -0.36706   1   6
        0.39113       -0.34801   1   7
        0.39113       -0.34166   1   8
        0.39113       -0.30605   1   9
        0.39113       -0.29700   1  10
        0.39113       -0.28028   1  11
        0.39113       -0.26886   1  12
        0.39113       -0.25533   1  13
        0.39113       -0.14071   1  14
        0.39113       -0.12048   1  15
        0.39113       -0.07771   1  16
        0.39113       -0.00343   1  17
        0.39113       -0.00238   1  18
        0.39113        0.29956   1  19
        0.39113        0.56669   1  20
        0.39113        0.67658   1  21
        0.39113        0.77118   1  22
        0.39113        0.87994   1  23
        0.39113        0.98860   1  24
        0.39113        0.99997   1  25
        0.39113        1.15799   1  26
        0.39113        1.49069   1  27
        0.39113        1.62826   1  28
        0.39113        1.96635   1  29
        0.39113        2.08321   1  30
        0.39113        2.17006   1  31
        0.39113        2.19609   1  32
        0.39113        2.41514   1  33
        0.39113        2.62972   1  34
        0.39113        2.94944   1  35
        0.39113        3.06146   1  36
        0.40486       -1.25172   1   1
        0.40486       -1.20721   1   2
        0.40486       -0.39946   1   3
        0.40486       -0.38324   1   4
        0.40486       -0.37258   1   5
        0.40486       -0.37002   1   6
        0.40486       -0.35352   1   7
        0.40486       -0.34942   1   8
        0.40486       -0.30474   1   9
        0.40486       -0.29794   1  10
        0.40486       -0.28066   1  11
        0.40486       -0.26929   1  12
        0.40486       -0.26068   1  13
        0.40486       -0.11968   1  14
        0.40486       -0.09899   1  15
        0.40486       -0.05889   1  16
        0.40486        0.00670   1  17
        0.40486        0.00773   1  18
        0.40486        0.26251   1  19
        0.40486        0.54184   1  20
        0.40486        0.66643   1  21
        0.40486        0.80362   1  22
        0.40486        0.90243   1  23
        0.40486        0.99728   1  24
        0.40486        1.02085   1  25
        0.40486        1.14245   1  26
        0.40486        1.48051   1  27
        0.40486        1.65065   1  28
        0.40486        1.97933   1  29
        0.40486        2.09636   1  30
        0.40486        2.16574   1  31
        0.40486        2.22439   1  32
        0.40486        2.42930   1  33
        0.40486        2.67817   1  34
        0.40486        2.96562   1  35
        0.40486        3.08199   1  36
        0.41859       -1.25749   1   1
        0.41859       -1.20935   1   2
        0.41859       -0.39712   1   3
        0.41859       -0.38275   1   4
        0.41859       -0.37485   1   5
        0.41859       -0.37199   1   6
        0.41859       -0.35862   1   7
        0.41859       -0.35768   1   8
        0.41859       -0.30326   1   9
        0.41859       -0.29843   1  10
        0.41859       -0.28101   1  11
        0.41859       -0.27136   1  12
        0.41859       -0.26320   1  13
        0.41859       -0.09714   1  14
        0.41859       -0.07682   1  15
        0.41859       -0.04259   1  16
        0.41859        0.01449   1  17
        0.41859        0.01743   1  18
        0.41859        0.22711   1  19
        0.41859        0.51342   1  20
        0.41859        0.65731   1  21
        0.41859        0.84167   1  22
        0.41859        0.93101   1  23
        0.41859        1.00280   1  24
        0.41859        1.03715   1  25
        0.41859        1.12442   1  26
        0.41859        1.50179   1  27
        0.41859        1.66835   1  28
        0.41859        2.00287   1  29
        0.41859        2.11466   1  30
        0.41859        2.16349   1  31
        0.41859        2.30256   1  32
        0.41859        2.45546   1  33
        0.41859        2.73615   1  34
        0.41859        2.98717   1  35
        0.41859        3.09008   1  36
        0.43232       -1.26262   1   1
        0.43232       -1.21141   1   2
        0.43232       -0.39415   1   3
        0.43232       -0.38291   1   4
        0.43232       -0.37701   1   5
        0.43232       -0.37297   1   6
        0.43232       -0.36536   1   7
        0.43232       -0.36305   1   8
        0.43232       -0.30172   1   9
        0.43232       -0.29856   1  10
        0.43232       -0.28132   1  11
        0.43232       -0.27484   1  12
        0.43232       -0.26316   1  13
        0.43232       -0.07443   1  14
        0.43232       -0.05525   1  15
        0.43232       -0.02805   1  16
        0.43232        0.02096   1  17
        0.43232        0.02546   1  18
        0.43232        0.19346   1  19
        0.43232        0.48466   1  20
        0.43232        0.65006   1  21
        0.43232        0.88284   1  22
        0.43232        0.96123   1  23
        0.43232        1.00765   1  24
        0.43232        1.04912   1  25
        0.43232        1.10700   1  26
        0.43232        1.53333   1  27
        0.43232        1.66920   1  28
        0.43232        2.02195   1  29
        0.43232        2.12436   1  30
        0.43232        2.20991   1  31
        0.43232        2.39081   1  32
        0.43232        2.47919   1  33
        0.43232        2.78470   1  34
        0.43232        3.03411   1  35
        0.43232        3.09976   1  36
        0.44605       -1.26688   1   1
        0.44605       -1.21322   1   2
        0.44605       -0.39104   1   3
        0.44605       -0.38355   1   4
        0.44605       -0.37893   1   5
        0.44605       -0.37449   1   6
        0.44605       -0.37051   1   7
        0.44605       -0.36660   1   8
        0.44605       -0.30025   1   9
        0.44605       -0.29842   1  10
        0.44605       -0.28158   1  11
        0.44605       -0.27797   1  12
        0.44605       -0.26249   1  13
        0.44605       -0.05321   1  14
        0.44605       -0.03736   1  15
        0.44605       -0.01240   1  16
        0.44605        0.02606   1  17
        0.44605        0.03172   1  18
        0.44605        0.16171   1  19
        0.44605        0.45842   1  20
        0.44605        0.64428   1  21
        0.44605        0.92250   1  22
        0.44605        0.98169   1  23
        0.44605        1.02057   1  24
        0.44605        1.05755   1  25
        0.44605        1.09211   1  26
        0.44605        1.56378   1  27
        0.44605        1.65741   1  28
        0.44605        2.04272   1  29
        0.44605        2.12605   1  30
        0.44605        2.28042   1  31
        0.44605        2.45205   1  32
        0.44605        2.48912   1  33
        0.44605        2.81013   1  34
        0.44605        3.10983   1  35
        0.44605        3.13031   1  36
        0.45978       -1.27003   1   1
        0.45978       -1.21462   1   2
        0.45978       -0.38824   1   3
        0.45978       -0.38433   1   4
        0.45978       -0.38052   1   5
        0.45978       -0.37836   1   6
        0.45978       -0.37132   1   7
        0.45978       -0.36914   1   8
        0.45978       -0.29897   1   9
        0.45978       -0.29814   1  10
        0.45978       -0.28178   1  11
        0.45978       -0.28021   1  12
        0.45978       -0.26185   1  13
        0.45978       -0.03562   1  14
        0.45978       -0.02651   1  15
        0.45978        0.00737   1  16
        0.45978        0.02973   1  17
        0.45978        0.03612   1  18
        0.45978        0.13237   1  19
        0.45978        0.43691   1  20
        0.45978        0.63962   1  21
        0.45978        0.95521   1  22
        0.45978        0.98585   1  23
        0.45978        1.04441   1  24
        0.45978        1.06189   1  25
        0.45978        1.08070   1  26
        0.45978        1.59270   1  27
        0.45978        1.64277   1  28
        0.45978        2.06554   1  29
        0.45978        2.11902   1  30
        0.45978        2.34630   1  31
        0.45978        2.46473   1  32
        0.45978        2.48096   1  33
        0.45978        2.82087   1  34
        0.45978        3.18944   1  35
        0.45978        3.19446   1  36
        0.47351       -1.27194   1   1
        0.47351       -1.21548   1   2
        0.47351       -0.38618   1   3
        0.47351       -0.38503   1   4
        0.47351       -0.38166   1   5
        0.47351       -0.38112   1   6
        0.47351       -0.37123   1   7
        0.47351       -0.37066   1   8
        0.47351       -0.29808   1   9
        0.47351       -0.29787   1  10
        0.47351       -0.28190   1  11
        0.47351       -0.28152   1  12
        0.47351       -0.26143   1  13
        0.47351       -0.02386   1  14
        0.47351       -0.02128   1  15
        0.47351        0.02808   1  16
        0.47351        0.03202   1  17
        0.47351        0.03869   1  18
        0.47351        0.10717   1  19
        0.47351        0.42237   1  20
        0.47351        0.63635   1  21
        0.47351        0.97666   1  22
        0.47351        0.98488   1  23
        0.47351        1.06224   1  24
        0.47351        1.06418   1  25
        0.47351        1.07373   1  26
        0.47351        1.61784   1  27
        0.47351        1.63226   1  28
        0.47351        2.08223   1  29
        0.47351        2.10027   1  30
        0.47351        2.39425   1  31
        0.47351        2.45406   1  32
        0.47351        2.46212   1  33
        0.47351        2.82710   1  34
        0.47351        3.25336   1  35
        0.47351        3.25815   1  36
        0.48723       -1.27258   1   1
        0.48723       -1.21577   1   2
        0.48723       -0.38535   1   3
        0.48723       -0.38535   1   4
        0.48723       -0.38215   1   5
        0.48723       -0.38200   1   6
        0.48723       -0.37117   1   7
        0.48723       -0.37117   1   8
        0.48723       -0.29776   1   9
        0.48723       -0.29776   1  10
        0.48723       -0.28194   1  11
        0.48723       -0.28194   1  12
        0.48723       -0.26129   1  13
        0.48723       -0.01971   1  14
        0.48723       -0.01971   1  15
        0.48723        0.03256   1  16
        0.48723        0.03952   1  17
        0.48723        0.03952   1  18
        0.48723        0.09465   1  19
        0.48723        0.41716   1  20
        0.48723        0.63515   1  21
        0.48723        0.98415   1  22
        0.48723        0.98415   1  23
        0.48723        1.06152   1  24
        0.48723        1.07155   1  25
        0.48723        1.07155   1  26
        0.48723        1.62859   1  27
        0.48723        1.62859   1  28
        0.48723        2.08805   1  29
        0.48723        2.08805   1  30
        0.48723        2.41582   1  31
        0.48723        2.44885   1  32
        0.48723        2.44885   1  33
        0.48723        2.82941   1  34
        0.48723        3.28120   1  35
        0.48723        3.28120   1  36
        0.48723       -1.27258   1   1
        0.48723       -1.21577   1   2
        0.48723       -0.38535   1   3
        0.48723       -0.38535   1   4
        0.48723       -0.38215   1   5
        0.48723       -0.38200   1   6
        0.48723       -0.37117   1   7
        0.48723       -0.37117   1   8
        0.48723       -0.29776   1   9
        0.48723       -0.29776   1  10
        0.48723       -0.28194   1  11
        0.48723       -0.28194   1  12
        0.48723       -0.26129   1  13
        0.48723       -0.01971   1  14
        0.48723       -0.01971   1  15
        0.48723        0.03256   1  16
        0.48723        0.03952   1  17
        0.48723        0.03952   1  18
        0.48723        0.09465   1  19
        0.48723        0.41716   1  20
        0.48723        0.63515   1  21
        0.48723        0.98415   1  22
        0.48723        0.98415   1  23
        0.48723        1.06152   1  24
        0.48723        1.07155   1  25
        0.48723        1.07155   1  26
        0.48723        1.62859   1  27
        0.48723        1.62859   1  28
        0.48723        2.08805   1  29
        0.48723        2.08805   1  30
        0.48723        2.41582   1  31
        0.48723        2.44885   1  32
        0.48723        2.44885   1  33
        0.48723        2.82941   1  34
        0.48723        3.28120   1  35
        0.48723        3.28120   1  36
        0.50319       -1.27166   1   1
        0.50319       -1.21681   1   2
        0.50319       -0.38526   1   3
        0.50319       -0.38526   1   4
        0.50319       -0.38448   1   5
        0.50319       -0.38320   1   6
        0.50319       -0.37155   1   7
        0.50319       -0.37155   1   8
        0.50319       -0.29754   1   9
        0.50319       -0.29754   1  10
        0.50319       -0.28217   1  11
        0.50319       -0.28217   1  12
        0.50319       -0.25512   1  13
        0.50319       -0.01872   1  14
        0.50319       -0.01872   1  15
        0.50319        0.01802   1  16
        0.50319        0.03847   1  17
        0.50319        0.03847   1  18
        0.50319        0.11078   1  19
        0.50319        0.41283   1  20
        0.50319        0.63896   1  21
        0.50319        0.98417   1  22
        0.50319        0.98417   1  23
        0.50319        1.04356   1  24
        0.50319        1.06815   1  25
        0.50319        1.06815   1  26
        0.50319        1.62948   1  27
        0.50319        1.62948   1  28
        0.50319        2.08259   1  29
        0.50319        2.08259   1  30
        0.50319        2.38846   1  31
        0.50319        2.46006   1  32
        0.50319        2.46006   1  33
        0.50319        2.82121   1  34
        0.50319        3.27481   1  35
        0.50319        3.27481   1  36
        0.51915       -1.26900   1   1
        0.51915       -1.21980   1   2
        0.51915       -0.39020   1   3
        0.51915       -0.38606   1   4
        0.51915       -0.38490   1   5
        0.51915       -0.38490   1   6
        0.51915       -0.37262   1   7
        0.51915       -0.37262   1   8
        0.51915       -0.29663   1   9
        0.51915       -0.29663   1  10
        0.51915       -0.28271   1  11
        0.51915       -0.28271   1  12
        0.51915       -0.23849   1  13
        0.51915       -0.01575   1  14
        0.51915       -0.01575   1  15
        0.51915       -0.00897   1  16
        0.51915        0.03550   1  17
        0.51915        0.03550   1  18
        0.51915        0.14239   1  19
        0.51915        0.40021   1  20
        0.51915        0.64979   1  21
        0.51915        0.98435   1  22
        0.51915        0.98435   1  23
        0.51915        0.99684   1  24
        0.51915        1.05863   1  25
        0.51915        1.05863   1  26
        0.51915        1.62223   1  27
        0.51915        1.62223   1  28
        0.51915        2.05789   1  29
        0.51915        2.05789   1  30
        0.51915        2.35215   1  31
        0.51915        2.50182   1  32
        0.51915        2.50182   1  33
        0.51915        2.79980   1  34
        0.51915        3.25004   1  35
        0.51915        3.25004   1  36
        0.53511       -1.26470   1   1
        0.53511       -1.22454   1   2
        0.53511       -0.39616   1   3
        0.53511       -0.39014   1   4
        0.53511       -0.38421   1   5
        0.53511       -0.38421   1   6
        0.53511       -0.37424   1   7
        0.53511       -0.37424   1   8
        0.53511       -0.29492   1   9
        0.53511       -0.29492   1  10
        0.53511       -0.28353   1  11
        0.53511       -0.28353   1  12
        0.53511       -0.21497   1  13
        0.53511       -0.03808   1  14
        0.53511       -0.01097   1  15
        0.53511       -0.01097   1  16
        0.53511        0.03089   1  17
        0.53511        0.03089   1  18
        0.53511        0.17818   1  19
        0.53511        0.38036   1  20
        0.53511        0.66835   1  21
        0.53511        0.93546   1  22
        0.53511        0.98519   1  23
        0.53511        0.98519   1  24
        0.53511        1.04552   1  25
        0.53511        1.04552   1  26
        0.53511        1.61812   1  27
        0.53511        1.61812   1  28
        0.53511        2.03090   1  29
        0.53511        2.03090   1  30
        0.53511        2.34256   1  31
        0.53511        2.55083   1  32
        0.53511        2.55083   1  33
        0.53511        2.76023   1  34
        0.53511        3.20172   1  35
        0.53511        3.20172   1  36
        0.55107       -1.25902   1   1
        0.55107       -1.23067   1   2
        0.55107       -0.40047   1   3
        0.55107       -0.39470   1   4
        0.55107       -0.38319   1   5
        0.55107       -0.38319   1   6
        0.55107       -0.37617   1   7
        0.55107       -0.37617   1   8
        0.55107       -0.29285   1   9
        0.55107       -0.29285   1  10
        0.55107       -0.28478   1  11
        0.55107       -0.28478   1  12
        0.55107       -0.18751   1  13
        0.55107       -0.06769   1  14
        0.55107       -0.00477   1  15
        0.55107       -0.00477   1  16
        0.55107        0.02484   1  17
        0.55107        0.02484   1  18
        0.55107        0.21548   1  19
        0.55107        0.35439   1  20
        0.55107        0.69417   1  21
        0.55107        0.87288   1  22
        0.55107        0.98843   1  23
        0.55107        0.98843   1  24
        0.55107        1.03076   1  25
        0.55107        1.03076   1  26
        0.55107        1.65336   1  27
        0.55107        1.65336   1  28
        0.55107        1.97634   1  29
        0.55107        1.97634   1  30
        0.55107        2.35221   1  31
        0.55107        2.63114   1  32
        0.55107        2.63114   1  33
        0.55107        2.69962   1  34
        0.55107        3.13372   1  35
        0.55107        3.13372   1  36
        0.56702       -1.25237   1   1
        0.56702       -1.23765   1   2
        0.56702       -0.40232   1   3
        0.56702       -0.39881   1   4
        0.56702       -0.38183   1   5
        0.56702       -0.38183   1   6
        0.56702       -0.37820   1   7
        0.56702       -0.37820   1   8
        0.56702       -0.29065   1   9
        0.56702       -0.29065   1  10
        0.56702       -0.28643   1  11
        0.56702       -0.28643   1  12
        0.56702       -0.15807   1  13
        0.56702       -0.09761   1  14
        0.56702        0.00242   1  15
        0.56702        0.00242   1  16
        0.56702        0.01774   1  17
        0.56702        0.01774   1  18
        0.56702        0.25311   1  19
        0.56702        0.32351   1  20
        0.56702        0.72642   1  21
        0.56702        0.81682   1  22
        0.56702        0.99501   1  23
        0.56702        0.99501   1  24
        0.56702        1.01609   1  25
        0.56702        1.01609   1  26
        0.56702        1.72350   1  27
        0.56702        1.72350   1  28
        0.56702        1.88862   1  29
        0.56702        1.88862   1  30
        0.56702        2.41288   1  31
        0.56702        2.62486   1  32
        0.56702        2.76500   1  33
        0.56702        2.76500   1  34
        0.56702        3.04335   1  35
        0.56702        3.04335   1  36
        0.58298       -1.24507   1   1
        0.58298       -1.24507   1   2
        0.58298       -0.40160   1   3
        0.58298       -0.40160   1   4
        0.58298       -0.38014   1   5
        0.58298       -0.38014   1   6
        0.58298       -0.38014   1   7
        0.58298       -0.38014   1   8
        0.58298       -0.28843   1   9
        0.58298       -0.28843   1  10
        0.58298       -0.28843   1  11
        0.58298       -0.28843   1  12
        0.58298       -0.12785   1  13
        0.58298       -0.12784   1  14
        0.58298        0.01010   1  15
        0.58298        0.01010   1  16
        0.58298        0.01010   1  17
        0.58298        0.01010   1  18
        0.58298        0.28943   1  19
        0.58298        0.28944   1  20
        0.58298        0.76754   1  21
        0.58298        0.76755   1  22
        0.58298        1.00411   1  23
        0.58298        1.00411   1  24
        0.58298        1.00411   1  25
        0.58298        1.00411   1  26
        0.58298        1.80081   1  27
        0.58298        1.80081   1  28
        0.58298        1.80083   1  29
        0.58298        1.80083   1  30
        0.58298        2.52377   1  31
        0.58298        2.52380   1  32
        0.58298        2.91825   1  33
        0.58298        2.91825   1  34
        0.58298        2.91829   1  35
        0.58298        2.91829   1  36
        0.58298       -1.24507   1   1
        0.58298       -1.24507   1   2
        0.58298       -0.40160   1   3
        0.58298       -0.40160   1   4
        0.58298       -0.38014   1   5
        0.58298       -0.38014   1   6
        0.58298       -0.38014   1   7
        0.58298       -0.38014   1   8
        0.58298       -0.28843   1   9
        0.58298       -0.28843   1  10
        0.58298       -0.28843   1  11
        0.58298       -0.28843   1  12
        0.58298       -0.12785   1  13
        0.58298       -0.12784   1  14
        0.58298        0.01010   1  15
        0.58298        0.01010   1  16
        0.58298        0.01010   1  17
        0.58298        0.01010   1  18
        0.58298        0.28943   1  19
        0.58298        0.28944   1  20
        0.58298        0.76754   1  21
        0.58298        0.76755   1  22
        0.58298        1.00411   1  23
        0.58298        1.00411   1  24
        0.58298        1.00411   1  25
        0.58298        1.00411   1  26
        0.58298        1.80081   1  27
        0.58298        1.80081   1  28
        0.58298        1.80083   1  29
        0.58298        1.80083   1  30
        0.58298        2.52377   1  31
        0.58298        2.52380   1  32
        0.58298        2.91825   1  33
        0.58298        2.91825   1  34
        0.58298        2.91829   1  35
        0.58298        2.91829   1  36
        0.59670       -1.24455   1   1
        0.59670       -1.24455   1   2
        0.59670       -0.40196   1   3
        0.59670       -0.40195   1   4
        0.59670       -0.37982   1   5
        0.59670       -0.37982   1   6
        0.59670       -0.37970   1   7
        0.59670       -0.37970   1   8
        0.59670       -0.28845   1   9
        0.59670       -0.28845   1  10
        0.59670       -0.28844   1  11
        0.59670       -0.28844   1  12
        0.59670       -0.12781   1  13
        0.59670       -0.12780   1  14
        0.59670        0.00671   1  15
        0.59670        0.00671   1  16
        0.59670        0.00896   1  17
        0.59670        0.00896   1  18
        0.59670        0.29309   1  19
        0.59670        0.29310   1  20
        0.59670        0.76747   1  21
        0.59670        0.76749   1  22
        0.59670        0.99991   1  23
        0.59670        0.99991   1  24
        0.59670        1.00515   1  25
        0.59670        1.00516   1  26
        0.59670        1.79917   1  27
        0.59670        1.79920   1  28
        0.59670        1.80129   1  29
        0.59670        1.80131   1  30
        0.59670        2.51348   1  31
        0.59670        2.51351   1  32
        0.59670        2.90634   1  33
        0.59670        2.90638   1  34
        0.59670        2.91956   1  35
        0.59670        2.91960   1  36
        0.61042       -1.24306   1   1
        0.61042       -1.24306   1   2
        0.61042       -0.40301   1   3
        0.61042       -0.40301   1   4
        0.61042       -0.37883   1   5
        0.61042       -0.37883   1   6
        0.61042       -0.37841   1   7
        0.61042       -0.37841   1   8
        0.61042       -0.28851   1   9
        0.61042       -0.28851   1  10
        0.61042       -0.28845   1  11
        0.61042       -0.28845   1  12
        0.61042       -0.12785   1  13
        0.61042       -0.12784   1  14
        0.61042       -0.00270   1  15
        0.61042       -0.00270   1  16
        0.61042        0.00558   1  17
        0.61042        0.00559   1  18
        0.61042        0.30336   1  19
        0.61042        0.30338   1  20
        0.61042        0.76701   1  21
        0.61042        0.76702   1  22
        0.61042        0.98813   1  23
        0.61042        0.98814   1  24
        0.61042        1.00819   1  25
        0.61042        1.00820   1  26
        0.61042        1.79556   1  27
        0.61042        1.79558   1  28
        0.61042        1.80647   1  29
        0.61042        1.80650   1  30
        0.61042        2.48737   1  31
        0.61042        2.48740   1  32
        0.61042        2.86766   1  33
        0.61042        2.86770   1  34
        0.61042        2.91072   1  35
        0.61042        2.91076   1  36
        0.62414       -1.24073   1   1
        0.62414       -1.24073   1   2
        0.62414       -0.40469   1   3
        0.62414       -0.40469   1   4
        0.62414       -0.37714   1   5
        0.62414       -0.37714   1   6
        0.62414       -0.37634   1   7
        0.62414       -0.37634   1   8
        0.62414       -0.28858   1   9
        0.62414       -0.28858   1  10
        0.62414       -0.28845   1  11
        0.62414       -0.28845   1  12
        0.62414       -0.12846   1  13
        0.62414       -0.12846   1  14
        0.62414       -0.01622   1  15
        0.62414       -0.01621   1  16
        0.62414        0.00016   1  17
        0.62414        0.00016   1  18
        0.62414        0.31867   1  19
        0.62414        0.31868   1  20
        0.62414        0.76522   1  21
        0.62414        0.76523   1  22
        0.62414        0.97132   1  23
        0.62414        0.97132   1  24
        0.62414        1.01282   1  25
        0.62414        1.01282   1  26
        0.62414        1.79140   1  27
        0.62414        1.79142   1  28
        0.62414        1.82328   1  29
        0.62414        1.82331   1  30
        0.62414        2.45307   1  31
        0.62414        2.45309   1  32
        0.62414        2.79915   1  33
        0.62414        2.79919   1  34
        0.62414        2.87189   1  35
        0.62414        2.87191   1  36
        0.63786       -1.23766   1   1
        0.63786       -1.23766   1   2
        0.63786       -0.40681   1   3
        0.63786       -0.40680   1   4
        0.63786       -0.37476   1   5
        0.63786       -0.37476   1   6
        0.63786       -0.37359   1   7
        0.63786       -0.37359   1   8
        0.63786       -0.28861   1   9
        0.63786       -0.28861   1  10
        0.63786       -0.28838   1  11
        0.63786       -0.28838   1  12
        0.63786       -0.13059   1  13
        0.63786       -0.13059   1  14
        0.63786       -0.03137   1  15
        0.63786       -0.03137   1  16
        0.63786       -0.00702   1  17
        0.63786       -0.00702   1  18
        0.63786        0.33730   1  19
        0.63786        0.33731   1  20
        0.63786        0.76045   1  21
        0.63786        0.76046   1  22
        0.63786        0.95380   1  23
        0.63786        0.95380   1  24
        0.63786        1.01829   1  25
        0.63786        1.01829   1  26
        0.63786        1.78654   1  27
        0.63786        1.78656   1  28
        0.63786        1.85363   1  29
        0.63786        1.85367   1  30
        0.63786        2.41574   1  31
        0.63786        2.41576   1  32
        0.63786        2.70786   1  33
        0.63786        2.70790   1  34
        0.63786        2.80048   1  35
        0.63786        2.80050   1  36
        0.65157       -1.23395   1   1
        0.65157       -1.23395   1   2
        0.65157       -0.40910   1   3
        0.65157       -0.40910   1   4
        0.65157       -0.37180   1   5
        0.65157       -0.37180   1   6
        0.65157       -0.37029   1   7
        0.65157       -0.37029   1   8
        0.65157       -0.28853   1   9
        0.65157       -0.28853   1  10
        0.65157       -0.28819   1  11
        0.65157       -0.28819   1  12
        0.65157       -0.13568   1  13
        0.65157       -0.13567   1  14
        0.65157       -0.04543   1  15
        0.65157       -0.04543   1  16
        0.65157       -0.01556   1  17
        0.65157       -0.01556   1  18
        0.65157        0.35762   1  19
        0.65157        0.35763   1  20
        0.65157        0.75110   1  21
        0.65157        0.75110   1  22
        0.65157        0.94050   1  23
        0.65157        0.94050   1  24
        0.65157        1.02404   1  25
        0.65157        1.02404   1  26
        0.65157        1.78141   1  27
        0.65157        1.78143   1  28
        0.65157        1.89174   1  29
        0.65157        1.89178   1  30
        0.65157        2.37970   1  31
        0.65157        2.37972   1  32
        0.65157        2.61269   1  33
        0.65157        2.61273   1  34
        0.65157        2.71377   1  35
        0.65157        2.71378   1  36
        0.66529       -1.22974   1   1
        0.66529       -1.22974   1   2
        0.66529       -0.41132   1   3
        0.66529       -0.41132   1   4
        0.66529       -0.36834   1   5
        0.66529       -0.36834   1   6
        0.66529       -0.36664   1   7
        0.66529       -0.36664   1   8
        0.66529       -0.28827   1   9
        0.66529       -0.28827   1  10
        0.66529       -0.28783   1  11
        0.66529       -0.28783   1  12
        0.66529       -0.14514   1  13
        0.66529       -0.14513   1  14
        0.66529       -0.05598   1  15
        0.66529       -0.05598   1  16
        0.66529       -0.02500   1  17
        0.66529       -0.02500   1  18
        0.66529        0.37807   1  19
        0.66529        0.37808   1  20
        0.66529        0.73732   1  21
        0.66529        0.73733   1  22
        0.66529        0.93389   1  23
        0.66529        0.93389   1  24
        0.66529        1.02980   1  25
        0.66529        1.02981   1  26
        0.66529        1.77750   1  27
        0.66529        1.77752   1  28
        0.66529        1.92992   1  29
        0.66529        1.92995   1  30
        0.66529        2.34800   1  31
        0.66529        2.34801   1  32
        0.66529        2.53384   1  33
        0.66529        2.53387   1  34
        0.66529        2.63627   1  35
        0.66529        2.63628   1  36
        0.67901       -1.22532   1   1
        0.67901       -1.22532   1   2
        0.67901       -0.41325   1   3
        0.67901       -0.41325   1   4
        0.67901       -0.36448   1   5
        0.67901       -0.36448   1   6
        0.67901       -0.36286   1   7
        0.67901       -0.36286   1   8
        0.67901       -0.28778   1   9
        0.67901       -0.28778   1  10
        0.67901       -0.28722   1  11
        0.67901       -0.28722   1  12
        0.67901       -0.15909   1  13
        0.67901       -0.15909   1  14
        0.67901       -0.06212   1  15
        0.67901       -0.06211   1  16
        0.67901       -0.03485   1  17
        0.67901       -0.03485   1  18
        0.67901        0.39743   1  19
        0.67901        0.39744   1  20
        0.67901        0.72129   1  21
        0.67901        0.72129   1  22
        0.67901        0.93263   1  23
        0.67901        0.93264   1  24
        0.67901        1.03508   1  25
        0.67901        1.03508   1  26
        0.67901        1.77439   1  27
        0.67901        1.77441   1  28
        0.67901        1.96406   1  29
        0.67901        1.96409   1  30
        0.67901        2.32239   1  31
        0.67901        2.32241   1  32
        0.67901        2.48173   1  33
        0.67901        2.48175   1  34
        0.67901        2.58337   1  35
        0.67901        2.58338   1  36
        0.69273       -1.22102   1   1
        0.69273       -1.22102   1   2
        0.69273       -0.41476   1   3
        0.69273       -0.41476   1   4
        0.69273       -0.36031   1   5
        0.69273       -0.36031   1   6
        0.69273       -0.35921   1   7
        0.69273       -0.35921   1   8
        0.69273       -0.28704   1   9
        0.69273       -0.28704   1  10
        0.69273       -0.28629   1  11
        0.69273       -0.28629   1  12
        0.69273       -0.17608   1  13
        0.69273       -0.17608   1  14
        0.69273       -0.06474   1  15
        0.69273       -0.06473   1  16
        0.69273       -0.04460   1  17
        0.69273       -0.04460   1  18
        0.69273        0.41515   1  19
        0.69273        0.41516   1  20
        0.69273        0.70523   1  21
        0.69273        0.70523   1  22
        0.69273        0.93366   1  23
        0.69273        0.93367   1  24
        0.69273        1.03893   1  25
        0.69273        1.03893   1  26
        0.69273        1.76849   1  27
        0.69273        1.76851   1  28
        0.69273        1.99169   1  29
        0.69273        1.99171   1  30
        0.69273        2.30859   1  31
        0.69273        2.30861   1  32
        0.69273        2.45600   1  33
        0.69273        2.45602   1  34
        0.69273        2.54857   1  35
        0.69273        2.54859   1  36
        0.70645       -1.21711   1   1
        0.70645       -1.21711   1   2
        0.70645       -0.41582   1   3
        0.70645       -0.41582   1   4
        0.70645       -0.35599   1   5
        0.70645       -0.35599   1   6
        0.70645       -0.35592   1   7
        0.70645       -0.35592   1   8
        0.70645       -0.28608   1   9
        0.70645       -0.28608   1  10
        0.70645       -0.28492   1  11
        0.70645       -0.28492   1  12
        0.70645       -0.19410   1  13
        0.70645       -0.19409   1  14
        0.70645       -0.06528   1  15
        0.70645       -0.06527   1  16
        0.70645       -0.05368   1  17
        0.70645       -0.05368   1  18
        0.70645        0.43086   1  19
        0.70645        0.43087   1  20
        0.70645        0.69057   1  21
        0.70645        0.69057   1  22
        0.70645        0.93463   1  23
        0.70645        0.93464   1  24
        0.70645        1.04078   1  25
        0.70645        1.04078   1  26
        0.70645        1.75819   1  27
        0.70645        1.75821   1  28
        0.70645        2.01117   1  29
        0.70645        2.01119   1  30
        0.70645        2.30964   1  31
        0.70645        2.30966   1  32
        0.70645        2.44814   1  33
        0.70645        2.44816   1  34
        0.70645        2.51391   1  35
        0.70645        2.51394   1  36
        0.72017       -1.21378   1   1
        0.72017       -1.21378   1   2
        0.72017       -0.41645   1   3
        0.72017       -0.41645   1   4
        0.72017       -0.35318   1   5
        0.72017       -0.35318   1   6
        0.72017       -0.35179   1   7
        0.72017       -0.35179   1   8
        0.72017       -0.28500   1   9
        0.72017       -0.28500   1  10
        0.72017       -0.28299   1  11
        0.72017       -0.28299   1  12
        0.72017       -0.21140   1  13
        0.72017       -0.21140   1  14
        0.72017       -0.06484   1  15
        0.72017       -0.06484   1  16
        0.72017       -0.06155   1  17
        0.72017       -0.06154   1  18
        0.72017        0.44377   1  19
        0.72017        0.44377   1  20
        0.72017        0.67843   1  21
        0.72017        0.67843   1  22
        0.72017        0.93477   1  23
        0.72017        0.93478   1  24
        0.72017        1.04113   1  25
        0.72017        1.04113   1  26
        0.72017        1.74506   1  27
        0.72017        1.74508   1  28
        0.72017        2.02443   1  29
        0.72017        2.02444   1  30
        0.72017        2.31578   1  31
        0.72017        2.31579   1  32
        0.72017        2.44494   1  33
        0.72017        2.44497   1  34
        0.72017        2.47501   1  35
        0.72017        2.47504   1  36
        0.73389       -1.21122   1   1
        0.73389       -1.21122   1   2
        0.73389       -0.41672   1   3
        0.73389       -0.41672   1   4
        0.73389       -0.35113   1   5
        0.73389       -0.35113   1   6
        0.73389       -0.34817   1   7
        0.73389       -0.34817   1   8
        0.73389       -0.28399   1   9
        0.73389       -0.28399   1  10
        0.73389       -0.28042   1  11
        0.73389       -0.28042   1  12
        0.73389       -0.22641   1  13
        0.73389       -0.22641   1  14
        0.73389       -0.06763   1  15
        0.73389       -0.06763   1  16
        0.73389       -0.06413   1  17
        0.73389       -0.06412   1  18
        0.73389        0.45286   1  19
        0.73389        0.45287   1  20
        0.73389        0.66975   1  21
        0.73389        0.66975   1  22
        0.73389        0.93428   1  23
        0.73389        0.93429   1  24
        0.73389        1.04107   1  25
        0.73389        1.04107   1  26
        0.73389        1.72803   1  27
        0.73389        1.72805   1  28
        0.73389        2.03403   1  29
        0.73389        2.03404   1  30
        0.73389        2.31597   1  31
        0.73389        2.31598   1  32
        0.73389        2.43807   1  33
        0.73389        2.43809   1  34
        0.73389        2.44502   1  35
        0.73389        2.44504   1  36
        0.74760       -1.20958   1   1
        0.74760       -1.20958   1   2
        0.74760       -0.41677   1   3
        0.74760       -0.41677   1   4
        0.74760       -0.34987   1   5
        0.74760       -0.34987   1   6
        0.74760       -0.34565   1   7
        0.74760       -0.34565   1   8
        0.74760       -0.28325   1   9
        0.74760       -0.28325   1  10
        0.74760       -0.27762   1  11
        0.74760       -0.27762   1  12
        0.74760       -0.23735   1  13
        0.74760       -0.23735   1  14
        0.74760       -0.07149   1  15
        0.74760       -0.07149   1  16
        0.74760       -0.06354   1  17
        0.74760       -0.06354   1  18
        0.74760        0.45785   1  19
        0.74760        0.45786   1  20
        0.74760        0.66481   1  21
        0.74760        0.66481   1  22
        0.74760        0.93357   1  23
        0.74760        0.93358   1  24
        0.74760        1.04121   1  25
        0.74760        1.04121   1  26
        0.74760        1.70892   1  27
        0.74760        1.70894   1  28
        0.74760        2.04025   1  29
        0.74760        2.04025   1  30
        0.74760        2.31284   1  31
        0.74760        2.31284   1  32
        0.74760        2.42933   1  33
        0.74760        2.42934   1  34
        0.74760        2.43101   1  35
        0.74760        2.43102   1  36
        0.76132       -1.20902   1   1
        0.76132       -1.20902   1   2
        0.76132       -0.41676   1   3
        0.76132       -0.41676   1   4
        0.76132       -0.34944   1   5
        0.76132       -0.34944   1   6
        0.76132       -0.34475   1   7
        0.76132       -0.34475   1   8
        0.76132       -0.28298   1   9
        0.76132       -0.28298   1  10
        0.76132       -0.27619   1  11
        0.76132       -0.27619   1  12
        0.76132       -0.24161   1  13
        0.76132       -0.24161   1  14
        0.76132       -0.07281   1  15
        0.76132       -0.07281   1  16
        0.76132       -0.06332   1  17
        0.76132       -0.06331   1  18
        0.76132        0.45936   1  19
        0.76132        0.45936   1  20
        0.76132        0.66325   1  21
        0.76132        0.66325   1  22
        0.76132        0.93322   1  23
        0.76132        0.93323   1  24
        0.76132        1.04134   1  25
        0.76132        1.04134   1  26
        0.76132        1.69982   1  27
        0.76132        1.69984   1  28
        0.76132        2.04240   1  29
        0.76132        2.04240   1  30
        0.76132        2.31186   1  31
        0.76132        2.31187   1  32
        0.76132        2.42532   1  33
        0.76132        2.42532   1  34
        0.76132        2.42742   1  35
        0.76132        2.42743   1  36
        0.76132       -1.20902   1   1
        0.76132       -1.20902   1   2
        0.76132       -0.41676   1   3
        0.76132       -0.41676   1   4
        0.76132       -0.34944   1   5
        0.76132       -0.34944   1   6
        0.76132       -0.34475   1   7
        0.76132       -0.34475   1   8
        0.76132       -0.28298   1   9
        0.76132       -0.28298   1  10
        0.76132       -0.27619   1  11
        0.76132       -0.27619   1  12
        0.76132       -0.24161   1  13
        0.76132       -0.24161   1  14
        0.76132       -0.07281   1  15
        0.76132       -0.07281   1  16
        0.76132       -0.06332   1  17
        0.76132       -0.06331   1  18
        0.76132        0.45936   1  19
        0.76132        0.45936   1  20
        0.76132        0.66325   1  21
        0.76132        0.66325   1  22
        0.76132        0.93322   1  23
        0.76132        0.93323   1  24
        0.76132        1.04134   1  25
        0.76132        1.04134   1  26
        0.76132        1.69982   1  27
        0.76132        1.69984   1  28
        0.76132        2.04240   1  29
        0.76132        2.04240   1  30
        0.76132        2.31186   1  31
        0.76132        2.31187   1  32
        0.76132        2.42532   1  33
        0.76132        2.42532   1  34
        0.76132        2.42742   1  35
        0.76132        2.42743   1  36
        0.77603       -1.20881   1   1
        0.77603       -1.20881   1   2
        0.77603       -0.41567   1   3
        0.77603       -0.41567   1   4
        0.77603       -0.35057   1   5
        0.77603       -0.35057   1   6
        0.77603       -0.34398   1   7
        0.77603       -0.34398   1   8
        0.77603       -0.28380   1   9
        0.77603       -0.28380   1  10
        0.77603       -0.27499   1  11
        0.77603       -0.27499   1  12
        0.77603       -0.24138   1  13
        0.77603       -0.24137   1  14
        0.77603       -0.07907   1  15
        0.77603       -0.07906   1  16
        0.77603       -0.06106   1  17
        0.77603       -0.06106   1  18
        0.77603        0.46491   1  19
        0.77603        0.46491   1  20
        0.77603        0.66379   1  21
        0.77603        0.66379   1  22
        0.77603        0.91700   1  23
        0.77603        0.91701   1  24
        0.77603        1.05894   1  25
        0.77603        1.05894   1  26
        0.77603        1.72411   1  27
        0.77603        1.72413   1  28
        0.77603        2.04590   1  29
        0.77603        2.04590   1  30
        0.77603        2.31096   1  31
        0.77603        2.31097   1  32
        0.77603        2.38541   1  33
        0.77603        2.38541   1  34
        0.77603        2.46390   1  35
        0.77603        2.46391   1  36
        0.79074       -1.20824   1   1
        0.79074       -1.20824   1   2
        0.79074       -0.41250   1   3
        0.79074       -0.41250   1   4
        0.79074       -0.35315   1   5
        0.79074       -0.35314   1   6
        0.79074       -0.34233   1   7
        0.79074       -0.34233   1   8
        0.79074       -0.28553   1   9
        0.79074       -0.28553   1  10
        0.79074       -0.27227   1  11
        0.79074       -0.27227   1  12
        0.79074       -0.24068   1  13
        0.79074       -0.24068   1  14
        0.79074       -0.09263   1  15
        0.79074       -0.09262   1  16
        0.79074       -0.05854   1  17
        0.79074       -0.05853   1  18
        0.79074        0.48067   1  19
        0.79074        0.48067   1  20
        0.79074        0.66545   1  21
        0.79074        0.66545   1  22
        0.79074        0.88287   1  23
        0.79074        0.88287   1  24
        0.79074        1.09369   1  25
        0.79074        1.09369   1  26
        0.79074        1.77588   1  27
        0.79074        1.77590   1  28
        0.79074        2.05378   1  29
        0.79074        2.05379   1  30
        0.79074        2.30751   1  31
        0.79074        2.30752   1  32
        0.79074        2.35032   1  33
        0.79074        2.35033   1  34
        0.79074        2.49801   1  35
        0.79074        2.49802   1  36
        0.80545       -1.20742   1   1
        0.80545       -1.20741   1   2
        0.80545       -0.40762   1   3
        0.80545       -0.40762   1   4
        0.80545       -0.35654   1   5
        0.80545       -0.35654   1   6
        0.80545       -0.34016   1   7
        0.80545       -0.34016   1   8
        0.80545       -0.28765   1   9
        0.80545       -0.28765   1  10
        0.80545       -0.26887   1  11
        0.80545       -0.26887   1  12
        0.80545       -0.23961   1  13
        0.80545       -0.23961   1  14
        0.80545       -0.11011   1  15
        0.80545       -0.11010   1  16
        0.80545       -0.05679   1  17
        0.80545       -0.05679   1  18
        0.80545        0.50464   1  19
        0.80545        0.50464   1  20
        0.80545        0.66809   1  21
        0.80545        0.66809   1  22
        0.80545        0.84177   1  23
        0.80545        0.84177   1  24
        0.80545        1.12922   1  25
        0.80545        1.12922   1  26
        0.80545        1.81909   1  27
        0.80545        1.81911   1  28
        0.80545        2.05883   1  29
        0.80545        2.05884   1  30
        0.80545        2.29223   1  31
        0.80545        2.29224   1  32
        0.80545        2.33985   1  33
        0.80545        2.33986   1  34
        0.80545        2.53229   1  35
        0.80545        2.53230   1  36
        0.82016       -1.20648   1   1
        0.82016       -1.20648   1   2
        0.82016       -0.40161   1   3
        0.82016       -0.40161   1   4
        0.82016       -0.36052   1   5
        0.82016       -0.36052   1   6
        0.82016       -0.33737   1   7
        0.82016       -0.33737   1   8
        0.82016       -0.29019   1   9
        0.82016       -0.29019   1  10
        0.82016       -0.26522   1  11
        0.82016       -0.26522   1  12
        0.82016       -0.23840   1  13
        0.82016       -0.23839   1  14
        0.82016       -0.12888   1  15
        0.82016       -0.12887   1  16
        0.82016       -0.05553   1  17
        0.82016       -0.05552   1  18
        0.82016        0.53451   1  19
        0.82016        0.53452   1  20
        0.82016        0.67102   1  21
        0.82016        0.67102   1  22
        0.82016        0.79650   1  23
        0.82016        0.79650   1  24
        0.82016        1.16111   1  25
        0.82016        1.16111   1  26
        0.82016        1.85000   1  27
        0.82016        1.85001   1  28
        0.82016        2.05464   1  29
        0.82016        2.05464   1  30
        0.82016        2.27332   1  31
        0.82016        2.27333   1  32
        0.82016        2.34641   1  33
        0.82016        2.34641   1  34
        0.82016        2.56079   1  35
        0.82016        2.56080   1  36
        0.83487       -1.20560   1   1
        0.83487       -1.20560   1   2
        0.83487       -0.39532   1   3
        0.83487       -0.39532   1   4
        0.83487       -0.36483   1   5
        0.83487       -0.36483   1   6
        0.83487       -0.33396   1   7
        0.83487       -0.33396   1   8
        0.83487       -0.29317   1   9
        0.83487       -0.29317   1  10
        0.83487       -0.26172   1  11
        0.83487       -0.26172   1  12
        0.83487       -0.23747   1  13
        0.83487       -0.23747   1  14
        0.83487       -0.14589   1  15
        0.83487       -0.14589   1  16
        0.83487       -0.05461   1  17
        0.83487       -0.05461   1  18
        0.83487        0.56806   1  19
        0.83487        0.56806   1  20
        0.83487        0.67344   1  21
        0.83487        0.67344   1  22
        0.83487        0.74985   1  23
        0.83487        0.74986   1  24
        0.83487        1.18692   1  25
        0.83487        1.18693   1  26
        0.83487        1.88922   1  27
        0.83487        1.88923   1  28
        0.83487        2.03979   1  29
        0.83487        2.03979   1  30
        0.83487        2.27277   1  31
        0.83487        2.27277   1  32
        0.83487        2.35019   1  33
        0.83487        2.35020   1  34
        0.83487        2.56974   1  35
        0.83487        2.56975   1  36
        0.84958       -1.20496   1   1
        0.84958       -1.20496   1   2
        0.84958       -0.39001   1   3
        0.84958       -0.39001   1   4
        0.84958       -0.36873   1   5
        0.84958       -0.36873   1   6
        0.84958       -0.33053   1   7
        0.84958       -0.33053   1   8
        0.84958       -0.29610   1   9
        0.84958       -0.29610   1  10
        0.84958       -0.25886   1  11
        0.84958       -0.25886   1  12
        0.84958       -0.23743   1  13
        0.84958       -0.23743   1  14
        0.84958       -0.15776   1  15
        0.84958       -0.15776   1  16
        0.84958       -0.05403   1  17
        0.84958       -0.05403   1  18
        0.84958        0.60215   1  19
        0.84958        0.60215   1  20
        0.84958        0.67505   1  21
        0.84958        0.67505   1  22
        0.84958        0.70671   1  23
        0.84958        0.70671   1  24
        0.84958        1.20293   1  25
        0.84958        1.20293   1  26
        0.84958        1.93981   1  27
        0.84958        1.93982   1  28
        0.84958        2.01487   1  29
        0.84958        2.01487   1  30
        0.84958        2.29734   1  31
        0.84958        2.29734   1  32
        0.84958        2.34684   1  33
        0.84958        2.34685   1  34
        0.84958        2.55894   1  35
        0.84958        2.55895   1  36
        0.86429       -1.20471   1   1
        0.86429       -1.20471   1   2
        0.86429       -0.38774   1   3
        0.86429       -0.38774   1   4
        0.86429       -0.37049   1   5
        0.86429       -0.37049   1   6
        0.86429       -0.32885   1   7
        0.86429       -0.32885   1   8
        0.86429       -0.29751   1   9
        0.86429       -0.29751   1  10
        0.86429       -0.25756   1  11
        0.86429       -0.25756   1  12
        0.86429       -0.23791   1  13
        0.86429       -0.23791   1  14
        0.86429       -0.16192   1  15
        0.86429       -0.16191   1  16
        0.86429       -0.05383   1  17
        0.86429       -0.05383   1  18
        0.86429        0.62307   1  19
        0.86429        0.62307   1  20
        0.86429        0.67472   1  21
        0.86429        0.67472   1  22
        0.86429        0.68355   1  23
        0.86429        0.68355   1  24
        0.86429        1.20789   1  25
        0.86429        1.20789   1  26
        0.86429        1.97117   1  27
        0.86429        1.97117   1  28
        0.86429        1.99528   1  29
        0.86429        1.99528   1  30
        0.86429        2.31656   1  31
        0.86429        2.31656   1  32
        0.86429        2.34324   1  33
        0.86429        2.34325   1  34
        0.86429        2.54965   1  35
        0.86429        2.54965   1  36
        0.86429       -1.20471   1   1
        0.86429       -1.20471   1   2
        0.86429       -0.38774   1   3
        0.86429       -0.38774   1   4
        0.86429       -0.37049   1   5
        0.86429       -0.37049   1   6
        0.86429       -0.32885   1   7
        0.86429       -0.32885   1   8
        0.86429       -0.29751   1   9
        0.86429       -0.29751   1  10
        0.86429       -0.25756   1  11
        0.86429       -0.25756   1  12
        0.86429       -0.23791   1  13
        0.86429       -0.23791   1  14
        0.86429       -0.16192   1  15
        0.86429       -0.16191   1  16
        0.86429       -0.05383   1  17
        0.86429       -0.05383   1  18
        0.86429        0.62307   1  19
        0.86429        0.62307   1  20
        0.86429        0.67472   1  21
        0.86429        0.67472   1  22
        0.86429        0.68355   1  23
        0.86429        0.68355   1  24
        0.86429        1.20789   1  25
        0.86429        1.20789   1  26
        0.86429        1.97117   1  27
        0.86429        1.97117   1  28
        0.86429        1.99528   1  29
        0.86429        1.99528   1  30
        0.86429        2.31656   1  31
        0.86429        2.31656   1  32
        0.86429        2.34324   1  33
        0.86429        2.34325   1  34
        0.86429        2.54965   1  35
        0.86429        2.54965   1  36
        0.87802       -1.20497   1   1
        0.87802       -1.20497   1   2
        0.87802       -0.38957   1   3
        0.87802       -0.38957   1   4
        0.87802       -0.36915   1   5
        0.87802       -0.36914   1   6
        0.87802       -0.33058   1   7
        0.87802       -0.33058   1   8
        0.87802       -0.29616   1   9
        0.87802       -0.29616   1  10
        0.87802       -0.25908   1  11
        0.87802       -0.25908   1  12
        0.87802       -0.23653   1  13
        0.87802       -0.23652   1  14
        0.87802       -0.15860   1  15
        0.87802       -0.15859   1  16
        0.87802       -0.05402   1  17
        0.87802       -0.05402   1  18
        0.87802        0.60402   1  19
        0.87802        0.60402   1  20
        0.87802        0.67808   1  21
        0.87802        0.67809   1  22
        0.87802        0.70116   1  23
        0.87802        0.70116   1  24
        0.87802        1.20429   1  25
        0.87802        1.20430   1  26
        0.87802        1.95066   1  27
        0.87802        1.95066   1  28
        0.87802        2.00534   1  29
        0.87802        2.00534   1  30
        0.87802        2.30588   1  31
        0.87802        2.30588   1  32
        0.87802        2.33687   1  33
        0.87802        2.33689   1  34
        0.87802        2.55793   1  35
        0.87802        2.55793   1  36
        0.89174       -1.20585   1   1
        0.89174       -1.20585   1   2
        0.89174       -0.39363   1   3
        0.89174       -0.39363   1   4
        0.89174       -0.36662   1   5
        0.89174       -0.36661   1   6
        0.89174       -0.33493   1   7
        0.89174       -0.33493   1   8
        0.89174       -0.29318   1   9
        0.89174       -0.29318   1  10
        0.89174       -0.26319   1  11
        0.89174       -0.26319   1  12
        0.89174       -0.23154   1  13
        0.89174       -0.23154   1  14
        0.89174       -0.14972   1  15
        0.89174       -0.14971   1  16
        0.89174       -0.05457   1  17
        0.89174       -0.05457   1  18
        0.89174        0.57224   1  19
        0.89174        0.57224   1  20
        0.89174        0.68111   1  21
        0.89174        0.68111   1  22
        0.89174        0.73475   1  23
        0.89174        0.73475   1  24
        0.89174        1.19438   1  25
        0.89174        1.19438   1  26
        0.89174        1.91286   1  27
        0.89174        1.91287   1  28
        0.89174        2.01882   1  29
        0.89174        2.01882   1  30
        0.89174        2.28728   1  31
        0.89174        2.28728   1  32
        0.89174        2.31712   1  33
        0.89174        2.31713   1  34
        0.89174        2.57342   1  35
        0.89174        2.57343   1  36
        0.90547       -1.20750   1   1
        0.90547       -1.20750   1   2
        0.90547       -0.39836   1   3
        0.90547       -0.39836   1   4
        0.90547       -0.36451   1   5
        0.90547       -0.36451   1   6
        0.90547       -0.34010   1   7
        0.90547       -0.34010   1   8
        0.90547       -0.29036   1   9
        0.90547       -0.29035   1  10
        0.90547       -0.26838   1  11
        0.90547       -0.26838   1  12
        0.90547       -0.22305   1  13
        0.90547       -0.22305   1  14
        0.90547       -0.13686   1  15
        0.90547       -0.13686   1  16
        0.90547       -0.05544   1  17
        0.90547       -0.05544   1  18
        0.90547        0.54063   1  19
        0.90547        0.54064   1  20
        0.90547        0.68471   1  21
        0.90547        0.68471   1  22
        0.90547        0.76944   1  23
        0.90547        0.76944   1  24
        0.90547        1.17856   1  25
        0.90547        1.17857   1  26
        0.90547        1.87783   1  27
        0.90547        1.87784   1  28
        0.90547        2.02851   1  29
        0.90547        2.02851   1  30
        0.90547        2.26641   1  31
        0.90547        2.26642   1  32
        0.90547        2.30303   1  33
        0.90547        2.30304   1  34
        0.90547        2.59420   1  35
        0.90547        2.59420   1  36
        0.91920       -1.20994   1   1
        0.91920       -1.20994   1   2
        0.91920       -0.40287   1   3
        0.91920       -0.40287   1   4
        0.91920       -0.36357   1   5
        0.91920       -0.36357   1   6
        0.91920       -0.34484   1   7
        0.91920       -0.34484   1   8
        0.91920       -0.28854   1   9
        0.91920       -0.28854   1  10
        0.91920       -0.27354   1  11
        0.91920       -0.27354   1  12
        0.91920       -0.21175   1  13
        0.91920       -0.21174   1  14
        0.91920       -0.12134   1  15
        0.91920       -0.12133   1  16
        0.91920       -0.05647   1  17
        0.91920       -0.05646   1  18
        0.91920        0.51095   1  19
        0.91920        0.51095   1  20
        0.91920        0.68966   1  21
        0.91920        0.68966   1  22
        0.91920        0.80229   1  23
        0.91920        0.80230   1  24
        0.91920        1.15779   1  25
        0.91920        1.15779   1  26
        0.91920        1.86515   1  27
        0.91920        1.86515   1  28
        0.91920        2.02195   1  29
        0.91920        2.02195   1  30
        0.91920        2.26186   1  31
        0.91920        2.26188   1  32
        0.91920        2.29627   1  33
        0.91920        2.29629   1  34
        0.91920        2.62780   1  35
        0.91920        2.62780   1  36
        0.93293       -1.21309   1   1
        0.93293       -1.21309   1   2
        0.93293       -0.40657   1   3
        0.93293       -0.40657   1   4
        0.93293       -0.36404   1   5
        0.93293       -0.36404   1   6
        0.93293       -0.34874   1   7
        0.93293       -0.34874   1   8
        0.93293       -0.28772   1   9
        0.93293       -0.28772   1  10
        0.93293       -0.27813   1  11
        0.93293       -0.27813   1  12
        0.93293       -0.19837   1  13
        0.93293       -0.19837   1  14
        0.93293       -0.10428   1  15
        0.93293       -0.10427   1  16
        0.93293       -0.05732   1  17
        0.93293       -0.05732   1  18
        0.93293        0.48297   1  19
        0.93293        0.48298   1  20
        0.93293        0.69654   1  21
        0.93293        0.69654   1  22
        0.93293        0.83246   1  23
        0.93293        0.83246   1  24
        0.93293        1.13501   1  25
        0.93293        1.13501   1  26
        0.93293        1.86624   1  27
        0.93293        1.86624   1  28
        0.93293        2.01048   1  29
        0.93293        2.01048   1  30
        0.93293        2.26429   1  31
        0.93293        2.26429   1  32
        0.93293        2.31019   1  33
        0.93293        2.31020   1  34
        0.93293        2.66960   1  35
        0.93293        2.66960   1  36
        0.94666       -1.21676   1   1
        0.94666       -1.21676   1   2
        0.94666       -0.40915   1   3
        0.94666       -0.40915   1   4
        0.94666       -0.36565   1   5
        0.94666       -0.36565   1   6
        0.94666       -0.35214   1   7
        0.94666       -0.35214   1   8
        0.94666       -0.28759   1   9
        0.94666       -0.28759   1  10
        0.94666       -0.28184   1  11
        0.94666       -0.28184   1  12
        0.94666       -0.18376   1  13
        0.94666       -0.18376   1  14
        0.94666       -0.08693   1  15
        0.94666       -0.08693   1  16
        0.94666       -0.05731   1  17
        0.94666       -0.05731   1  18
        0.94666        0.45622   1  19
        0.94666        0.45623   1  20
        0.94666        0.70547   1  21
        0.94666        0.70548   1  22
        0.94666        0.85892   1  23
        0.94666        0.85892   1  24
        0.94666        1.11316   1  25
        0.94666        1.11317   1  26
        0.94666        1.85939   1  27
        0.94666        1.85939   1  28
        0.94666        2.00496   1  29
        0.94666        2.00496   1  30
        0.94666        2.26192   1  31
        0.94666        2.26192   1  32
        0.94666        2.35285   1  33
        0.94666        2.35285   1  34
        0.94666        2.70408   1  35
        0.94666        2.70408   1  36
        0.96039       -1.22083   1   1
        0.96039       -1.22082   1   2
        0.96039       -0.41051   1   3
        0.96039       -0.41051   1   4
        0.96039       -0.36785   1   5
        0.96039       -0.36785   1   6
        0.96039       -0.35564   1   7
        0.96039       -0.35564   1   8
        0.96039       -0.28784   1   9
        0.96039       -0.28784   1  10
        0.96039       -0.28453   1  11
        0.96039       -0.28453   1  12
        0.96039       -0.16884   1  13
        0.96039       -0.16883   1  14
        0.96039       -0.07145   1  15
        0.96039       -0.07145   1  16
        0.96039       -0.05455   1  17
        0.96039       -0.05455   1  18
        0.96039        0.43042   1  19
        0.96039        0.43042   1  20
        0.96039        0.71627   1  21
        0.96039        0.71627   1  22
        0.96039        0.88064   1  23
        0.96039        0.88064   1  24
        0.96039        1.09286   1  25
        0.96039        1.09287   1  26
        0.96039        1.84342   1  27
        0.96039        1.84342   1  28
        0.96039        1.98929   1  29
        0.96039        1.98929   1  30
        0.96039        2.27455   1  31
        0.96039        2.27455   1  32
        0.96039        2.40469   1  33
        0.96039        2.40470   1  34
        0.96039        2.71921   1  35
        0.96039        2.71922   1  36
        0.97412       -1.22517   1   1
        0.97412       -1.22517   1   2
        0.97412       -0.41073   1   3
        0.97412       -0.41073   1   4
        0.97412       -0.37018   1   5
        0.97412       -0.37018   1   6
        0.97412       -0.35959   1   7
        0.97412       -0.35959   1   8
        0.97412       -0.28822   1   9
        0.97412       -0.28822   1  10
        0.97412       -0.28628   1  11
        0.97412       -0.28628   1  12
        0.97412       -0.15482   1  13
        0.97412       -0.15482   1  14
        0.97412       -0.06154   1  15
        0.97412       -0.06153   1  16
        0.97412       -0.04517   1  17
        0.97412       -0.04517   1  18
        0.97412        0.40558   1  19
        0.97412        0.40559   1  20
        0.97412        0.72858   1  21
        0.97412        0.72859   1  22
        0.97412        0.89799   1  23
        0.97412        0.89799   1  24
        0.97412        1.07312   1  25
        0.97412        1.07312   1  26
        0.97412        1.82383   1  27
        0.97412        1.82383   1  28
        0.97412        1.95924   1  29
        0.97412        1.95925   1  30
        0.97412        2.30392   1  31
        0.97412        2.30392   1  32
        0.97412        2.45986   1  33
        0.97412        2.45987   1  34
        0.97412        2.72057   1  35
        0.97412        2.72058   1  36
        0.98785       -1.22962   1   1
        0.98785       -1.22962   1   2
        0.98785       -0.40998   1   3
        0.98785       -0.40998   1   4
        0.98785       -0.37239   1   5
        0.98785       -0.37239   1   6
        0.98785       -0.36392   1   7
        0.98785       -0.36392   1   8
        0.98785       -0.28854   1   9
        0.98785       -0.28854   1  10
        0.98785       -0.28733   1  11
        0.98785       -0.28733   1  12
        0.98785       -0.14317   1  13
        0.98785       -0.14317   1  14
        0.98785       -0.05387   1  15
        0.98785       -0.05387   1  16
        0.98785       -0.03189   1  17
        0.98785       -0.03189   1  18
        0.98785        0.38170   1  19
        0.98785        0.38171   1  20
        0.98785        0.74153   1  21
        0.98785        0.74154   1  22
        0.98785        0.91349   1  23
        0.98785        0.91349   1  24
        0.98785        1.05370   1  25
        0.98785        1.05370   1  26
        0.98785        1.80621   1  27
        0.98785        1.80621   1  28
        0.98785        1.92299   1  29
        0.98785        1.92300   1  30
        0.98785        2.34023   1  31
        0.98785        2.34023   1  32
        0.98785        2.52293   1  33
        0.98785        2.52294   1  34
        0.98785        2.73216   1  35
        0.98785        2.73217   1  36
        1.00157       -1.23386   1   1
        1.00157       -1.23386   1   2
        1.00157       -0.40850   1   3
        1.00157       -0.40850   1   4
        1.00157       -0.37441   1   5
        1.00157       -0.37441   1   6
        1.00157       -0.36831   1   7
        1.00157       -0.36831   1   8
        1.00157       -0.28869   1   9
        1.00157       -0.28869   1  10
        1.00157       -0.28794   1  11
        1.00157       -0.28794   1  12
        1.00157       -0.13504   1  13
        1.00157       -0.13504   1  14
        1.00157       -0.04357   1  15
        1.00157       -0.04356   1  16
        1.00157       -0.01930   1  17
        1.00157       -0.01930   1  18
        1.00157        0.35891   1  19
        1.00157        0.35892   1  20
        1.00157        0.75308   1  21
        1.00157        0.75309   1  22
        1.00157        0.93021   1  23
        1.00157        0.93022   1  24
        1.00157        1.03646   1  25
        1.00157        1.03647   1  26
        1.00157        1.79639   1  27
        1.00157        1.79640   1  28
        1.00157        1.88481   1  29
        1.00157        1.88482   1  30
        1.00157        2.37871   1  31
        1.00157        2.37872   1  32
        1.00157        2.59782   1  33
        1.00157        2.59783   1  34
        1.00157        2.77382   1  35
        1.00157        2.77383   1  36
        1.01530       -1.23762   1   1
        1.01530       -1.23762   1   2
        1.01530       -0.40659   1   3
        1.01530       -0.40659   1   4
        1.01530       -0.37620   1   5
        1.01530       -0.37620   1   6
        1.01530       -0.37238   1   7
        1.01530       -0.37238   1   8
        1.01530       -0.28869   1   9
        1.01530       -0.28869   1  10
        1.01530       -0.28827   1  11
        1.01530       -0.28826   1  12
        1.01530       -0.13046   1  13
        1.01530       -0.13045   1  14
        1.01530       -0.03029   1  15
        1.01530       -0.03028   1  16
        1.01530       -0.00870   1  17
        1.01530       -0.00869   1  18
        1.01530        0.33766   1  19
        1.01530        0.33768   1  20
        1.01530        0.76113   1  21
        1.01530        0.76114   1  22
        1.01530        0.94959   1  23
        1.01530        0.94959   1  24
        1.01530        1.02332   1  25
        1.01530        1.02332   1  26
        1.01530        1.79374   1  27
        1.01530        1.79375   1  28
        1.01530        1.84861   1  29
        1.01530        1.84864   1  30
        1.01530        2.41812   1  31
        1.01530        2.41814   1  32
        1.01530        2.68722   1  33
        1.01530        2.68722   1  34
        1.01530        2.83596   1  35
        1.01530        2.83596   1  36
        1.02903       -1.24072   1   1
        1.02903       -1.24071   1   2
        1.02903       -0.40464   1   3
        1.02903       -0.40464   1   4
        1.02903       -0.37774   1   5
        1.02903       -0.37774   1   6
        1.02903       -0.37579   1   7
        1.02903       -0.37579   1   8
        1.02903       -0.28861   1   9
        1.02903       -0.28861   1  10
        1.02903       -0.28841   1  11
        1.02903       -0.28841   1  12
        1.02903       -0.12845   1  13
        1.02903       -0.12844   1  14
        1.02903       -0.01580   1  15
        1.02903       -0.01579   1  16
        1.02903       -0.00041   1  17
        1.02903       -0.00041   1  18
        1.02903        0.31876   1  19
        1.02903        0.31877   1  20
        1.02903        0.76537   1  21
        1.02903        0.76538   1  22
        1.02903        0.96999   1  23
        1.02903        0.97000   1  24
        1.02903        1.01430   1  25
        1.02903        1.01430   1  26
        1.02903        1.79416   1  27
        1.02903        1.79418   1  28
        1.02903        1.82089   1  29
        1.02903        1.82092   1  30
        1.02903        2.45493   1  31
        1.02903        2.45496   1  32
        1.02903        2.78370   1  33
        1.02903        2.78372   1  34
        1.02903        2.88945   1  35
        1.02903        2.88946   1  36
        1.04276       -1.24306   1   1
        1.04276       -1.24306   1   2
        1.04276       -0.40301   1   3
        1.04276       -0.40301   1   4
        1.04276       -0.37899   1   5
        1.04276       -0.37899   1   6
        1.04276       -0.37826   1   7
        1.04276       -0.37826   1   8
        1.04276       -0.28852   1   9
        1.04276       -0.28852   1  10
        1.04276       -0.28845   1  11
        1.04276       -0.28845   1  12
        1.04276       -0.12785   1  13
        1.04276       -0.12784   1  14
        1.04276       -0.00261   1  15
        1.04276       -0.00261   1  16
        1.04276        0.00546   1  17
        1.04276        0.00546   1  18
        1.04276        0.30339   1  19
        1.04276        0.30340   1  20
        1.04276        0.76702   1  21
        1.04276        0.76704   1  22
        1.04276        0.98786   1  23
        1.04276        0.98786   1  24
        1.04276        1.00847   1  25
        1.04276        1.00847   1  26
        1.04276        1.79614   1  27
        1.04276        1.79617   1  28
        1.04276        1.80592   1  29
        1.04276        1.80595   1  30
        1.04276        2.48777   1  31
        1.04276        2.48779   1  32
        1.04276        2.86224   1  33
        1.04276        2.86226   1  34
        1.04276        2.91608   1  35
        1.04276        2.91610   1  36
        1.05649       -1.24455   1   1
        1.05649       -1.24455   1   2
        1.05649       -0.40196   1   3
        1.05649       -0.40196   1   4
        1.05649       -0.37983   1   5
        1.05649       -0.37983   1   6
        1.05649       -0.37969   1   7
        1.05649       -0.37969   1   8
        1.05649       -0.28845   1   9
        1.05649       -0.28845   1  10
        1.05649       -0.28844   1  11
        1.05649       -0.28844   1  12
        1.05649       -0.12781   1  13
        1.05649       -0.12780   1  14
        1.05649        0.00671   1  15
        1.05649        0.00671   1  16
        1.05649        0.00895   1  17
        1.05649        0.00895   1  18
        1.05649        0.29309   1  19
        1.05649        0.29310   1  20
        1.05649        0.76747   1  21
        1.05649        0.76749   1  22
        1.05649        0.99989   1  23
        1.05649        0.99989   1  24
        1.05649        1.00517   1  25
        1.05649        1.00517   1  26
        1.05649        1.79920   1  27
        1.05649        1.79923   1  28
        1.05649        1.80126   1  29
        1.05649        1.80128   1  30
        1.05649        2.51348   1  31
        1.05649        2.51351   1  32
        1.05649        2.90585   1  33
        1.05649        2.90589   1  34
        1.05649        2.92003   1  35
        1.05649        2.92006   1  36
        1.07022       -1.24507   1   1
        1.07022       -1.24507   1   2
        1.07022       -0.40160   1   3
        1.07022       -0.40160   1   4
        1.07022       -0.38014   1   5
        1.07022       -0.38014   1   6
        1.07022       -0.38014   1   7
        1.07022       -0.38014   1   8
        1.07022       -0.28843   1   9
        1.07022       -0.28843   1  10
        1.07022       -0.28843   1  11
        1.07022       -0.28843   1  12
        1.07022       -0.12785   1  13
        1.07022       -0.12784   1  14
        1.07022        0.01010   1  15
        1.07022        0.01010   1  16
        1.07022        0.01010   1  17
        1.07022        0.01010   1  18
        1.07022        0.28943   1  19
        1.07022        0.28944   1  20
        1.07022        0.76754   1  21
        1.07022        0.76755   1  22
        1.07022        1.00411   1  23
        1.07022        1.00411   1  24
        1.07022        1.00411   1  25
        1.07022        1.00411   1  26
        1.07022        1.80081   1  27
        1.07022        1.80081   1  28
        1.07022        1.80083   1  29
        1.07022        1.80083   1  30
        1.07022        2.52377   1  31
        1.07022        2.52380   1  32
        1.07022        2.91825   1  33
        1.07022        2.91825   1  34
        1.07022        2.91829   1  35
        1.07022        2.91829   1  36
        1.07022       -1.20902   1   1
        1.07022       -1.20902   1   2
        1.07022       -0.41676   1   3
        1.07022       -0.41676   1   4
        1.07022       -0.34944   1   5
        1.07022       -0.34944   1   6
        1.07022       -0.34475   1   7
        1.07022       -0.34475   1   8
        1.07022       -0.28298   1   9
        1.07022       -0.28298   1  10
        1.07022       -0.27619   1  11
        1.07022       -0.27619   1  12
        1.07022       -0.24161   1  13
        1.07022       -0.24161   1  14
        1.07022       -0.07281   1  15
        1.07022       -0.07281   1  16
        1.07022       -0.06332   1  17
        1.07022       -0.06331   1  18
        1.07022        0.45936   1  19
        1.07022        0.45936   1  20
        1.07022        0.66325   1  21
        1.07022        0.66325   1  22
        1.07022        0.93322   1  23
        1.07022        0.93323   1  24
        1.07022        1.04134   1  25
        1.07022        1.04134   1  26
        1.07022        1.69982   1  27
        1.07022        1.69984   1  28
        1.07022        2.04240   1  29
        1.07022        2.04240   1  30
        1.07022        2.31186   1  31
        1.07022        2.31187   1  32
        1.07022        2.42532   1  33
        1.07022        2.42532   1  34
        1.07022        2.42742   1  35
        1.07022        2.42743   1  36
        1.08618       -1.21134   1   1
        1.08618       -1.20679   1   2
        1.08618       -0.41633   1   3
        1.08618       -0.41462   1   4
        1.08618       -0.35431   1   5
        1.08618       -0.34487   1   6
        1.08618       -0.34419   1   7
        1.08618       -0.34391   1   8
        1.08618       -0.28358   1   9
        1.08618       -0.28224   1  10
        1.08618       -0.27877   1  11
        1.08618       -0.27441   1  12
        1.08618       -0.24324   1  13
        1.08618       -0.23908   1  14
        1.08618       -0.08643   1  15
        1.08618       -0.08204   1  16
        1.08618       -0.05958   1  17
        1.08618       -0.05067   1  18
        1.08618        0.44687   1  19
        1.08618        0.47809   1  20
        1.08618        0.65824   1  21
        1.08618        0.66541   1  22
        1.08618        0.90707   1  23
        1.08618        0.96404   1  24
        1.08618        1.03383   1  25
        1.08618        1.04957   1  26
        1.08618        1.60941   1  27
        1.08618        1.79186   1  28
        1.08618        2.02935   1  29
        1.08618        2.04675   1  30
        1.08618        2.28456   1  31
        1.08618        2.32439   1  32
        1.08618        2.40770   1  33
        1.08618        2.42342   1  34
        1.08618        2.42953   1  35
        1.08618        2.44496   1  36
        1.10213       -1.21356   1   1
        1.10213       -1.20483   1   2
        1.10213       -0.41380   1   3
        1.10213       -0.40997   1   4
        1.10213       -0.35856   1   5
        1.10213       -0.34428   1   6
        1.10213       -0.34258   1   7
        1.10213       -0.33887   1   8
        1.10213       -0.28404   1   9
        1.10213       -0.28214   1  10
        1.10213       -0.28132   1  11
        1.10213       -0.27334   1  12
        1.10213       -0.24375   1  13
        1.10213       -0.23595   1  14
        1.10213       -0.10465   1  15
        1.10213       -0.09959   1  16
        1.10213       -0.04750   1  17
        1.10213       -0.04517   1  18
        1.10213        0.44154   1  19
        1.10213        0.50045   1  20
        1.10213        0.65099   1  21
        1.10213        0.66497   1  22
        1.10213        0.88218   1  23
        1.10213        1.00225   1  24
        1.10213        1.02673   1  25
        1.10213        1.05870   1  26
        1.10213        1.56620   1  27
        1.10213        1.86249   1  28
        1.10213        2.00830   1  29
        1.10213        2.04883   1  30
        1.10213        2.23551   1  31
        1.10213        2.28708   1  32
        1.10213        2.39388   1  33
        1.10213        2.40834   1  34
        1.10213        2.46867   1  35
        1.10213        2.50636   1  36
        1.11809       -1.21555   1   1
        1.11809       -1.20320   1   2
        1.11809       -0.41018   1   3
        1.11809       -0.40349   1   4
        1.11809       -0.36199   1   5
        1.11809       -0.34304   1   6
        1.11809       -0.34091   1   7
        1.11809       -0.33402   1   8
        1.11809       -0.28616   1   9
        1.11809       -0.28440   1  10
        1.11809       -0.28033   1  11
        1.11809       -0.27280   1  12
        1.11809       -0.24309   1  13
        1.11809       -0.23251   1  14
        1.11809       -0.12838   1  15
        1.11809       -0.11138   1  16
        1.11809       -0.04598   1  17
        1.11809       -0.03730   1  18
        1.11809        0.44417   1  19
        1.11809        0.52069   1  20
        1.11809        0.64221   1  21
        1.11809        0.66298   1  22
        1.11809        0.86003   1  23
        1.11809        1.02143   1  24
        1.11809        1.04689   1  25
        1.11809        1.06653   1  26
        1.11809        1.59594   1  27
        1.11809        1.88280   1  28
        1.11809        1.99783   1  29
        1.11809        2.04284   1  30
        1.11809        2.20226   1  31
        1.11809        2.26257   1  32
        1.11809        2.35085   1  33
        1.11809        2.38697   1  34
        1.11809        2.49530   1  35
        1.11809        2.62437   1  36
        1.13405       -1.21711   1   1
        1.13405       -1.20199   1   2
        1.13405       -0.40655   1   3
        1.13405       -0.39665   1   4
        1.13405       -0.36452   1   5
        1.13405       -0.34116   1   6
        1.13405       -0.33919   1   7
        1.13405       -0.33018   1   8
        1.13405       -0.29042   1   9
        1.13405       -0.28474   1  10
        1.13405       -0.27945   1  11
        1.13405       -0.27261   1  12
        1.13405       -0.24128   1  13
        1.13405       -0.22926   1  14
        1.13405       -0.15004   1  15
        1.13405       -0.12085   1  16
        1.13405       -0.05051   1  17
        1.13405       -0.02956   1  18
        1.13405        0.45080   1  19
        1.13405        0.53670   1  20
        1.13405        0.63264   1  21
        1.13405        0.66048   1  22
        1.13405        0.84359   1  23
        1.13405        1.01757   1  24
        1.13405        1.07245   1  25
        1.13405        1.09224   1  26
        1.13405        1.63811   1  27
        1.13405        1.86781   1  28
        1.13405        1.99447   1  29
        1.13405        2.02704   1  30
        1.13405        2.19504   1  31
        1.13405        2.27301   1  32
        1.13405        2.27489   1  33
        1.13405        2.37758   1  34
        1.13405        2.51470   1  35
        1.13405        2.74845   1  36
        1.15001       -1.21809   1   1
        1.15001       -1.20127   1   2
        1.15001       -0.40386   1   3
        1.15001       -0.39135   1   4
        1.15001       -0.36606   1   5
        1.15001       -0.33912   1   6
        1.15001       -0.33788   1   7
        1.15001       -0.32765   1   8
        1.15001       -0.29403   1   9
        1.15001       -0.28494   1  10
        1.15001       -0.27875   1  11
        1.15001       -0.27259   1  12
        1.15001       -0.23893   1  13
        1.15001       -0.22681   1  14
        1.15001       -0.16593   1  15
        1.15001       -0.12702   1  16
        1.15001       -0.05526   1  17
        1.15001       -0.02471   1  18
        1.15001        0.45716   1  19
        1.15001        0.54724   1  20
        1.15001        0.62445   1  21
        1.15001        0.65850   1  22
        1.15001        0.83418   1  23
        1.15001        1.01474   1  24
        1.15001        1.07651   1  25
        1.15001        1.12617   1  26
        1.15001        1.65203   1  27
        1.15001        1.84669   1  28
        1.15001        1.97993   1  29
        1.15001        2.01706   1  30
        1.15001        2.19305   1  31
        1.15001        2.21954   1  32
        1.15001        2.27521   1  33
        1.15001        2.37047   1  34
        1.15001        2.53563   1  35
        1.15001        2.86674   1  36
        1.16596       -1.21844   1   1
        1.16596       -1.20102   1   2
        1.16596       -0.40288   1   3
        1.16596       -0.38933   1   4
        1.16596       -0.36658   1   5
        1.16596       -0.33813   1   6
        1.16596       -0.33737   1   7
        1.16596       -0.32675   1   8
        1.16596       -0.29553   1   9
        1.16596       -0.28498   1  10
        1.16596       -0.27844   1  11
        1.16596       -0.27260   1  12
        1.16596       -0.23773   1  13
        1.16596       -0.22587   1  14
        1.16596       -0.17196   1  15
        1.16596       -0.12915   1  16
        1.16596       -0.05724   1  17
        1.16596       -0.02306   1  18
        1.16596        0.45997   1  19
        1.16596        0.55063   1  20
        1.16596        0.62114   1  21
        1.16596        0.65772   1  22
        1.16596        0.83162   1  23
        1.16596        1.01369   1  24
        1.16596        1.07795   1  25
        1.16596        1.13832   1  26
        1.16596        1.65420   1  27
        1.16596        1.83606   1  28
        1.16596        1.96900   1  29
        1.16596        2.02021   1  30
        1.16596        2.19596   1  31
        1.16596        2.20054   1  32
        1.16596        2.26400   1  33
        1.16596        2.36590   1  34
        1.16596        2.54431   1  35
        1.16596        2.92269   1  36
        1.16596       -1.20471   1   1
        1.16596       -1.20471   1   2
        1.16596       -0.38774   1   3
        1.16596       -0.38774   1   4
        1.16596       -0.37049   1   5
        1.16596       -0.37049   1   6
        1.16596       -0.32885   1   7
        1.16596       -0.32885   1   8
        1.16596       -0.29751   1   9
        1.16596       -0.29751   1  10
        1.16596       -0.25756   1  11
        1.16596       -0.25756   1  12
        1.16596       -0.23791   1  13
        1.16596       -0.23791   1  14
        1.16596       -0.16192   1  15
        1.16596       -0.16191   1  16
        1.16596       -0.05383   1  17
        1.16596       -0.05383   1  18
        1.16596        0.62307   1  19
        1.16596        0.62307   1  20
        1.16596        0.67472   1  21
        1.16596        0.67472   1  22
        1.16596        0.68355   1  23
        1.16596        0.68355   1  24
        1.16596        1.20789   1  25
        1.16596        1.20789   1  26
        1.16596        1.97117   1  27
        1.16596        1.97117   1  28
        1.16596        1.99528   1  29
        1.16596        1.99528   1  30
        1.16596        2.31656   1  31
        1.16596        2.31656   1  32
        1.16596        2.34324   1  33
        1.16596        2.34325   1  34
        1.16596        2.54965   1  35
        1.16596        2.54965   1  36
        1.18192       -1.20474   1   1
        1.18192       -1.20474   1   2
        1.18192       -0.38598   1   3
        1.18192       -0.38598   1   4
        1.18192       -0.37604   1   5
        1.18192       -0.36384   1   6
        1.18192       -0.32847   1   7
        1.18192       -0.32847   1   8
        1.18192       -0.29865   1   9
        1.18192       -0.29638   1  10
        1.18192       -0.25944   1  11
        1.18192       -0.25944   1  12
        1.18192       -0.23656   1  13
        1.18192       -0.23655   1  14
        1.18192       -0.18036   1  15
        1.18192       -0.14357   1  16
        1.18192       -0.05709   1  17
        1.18192       -0.05709   1  18
        1.18192        0.61943   1  19
        1.18192        0.61944   1  20
        1.18192        0.67035   1  21
        1.18192        0.67546   1  22
        1.18192        0.69443   1  23
        1.18192        0.69444   1  24
        1.18192        1.20024   1  25
        1.18192        1.20025   1  26
        1.18192        1.94867   1  27
        1.18192        1.95373   1  28
        1.18192        2.01434   1  29
        1.18192        2.01434   1  30
        1.18192        2.31198   1  31
        1.18192        2.33699   1  32
        1.18192        2.33699   1  33
        1.18192        2.37307   1  34
        1.18192        2.54879   1  35
        1.18192        2.54880   1  36
        1.19788       -1.20489   1   1
        1.19788       -1.20489   1   2
        1.19788       -0.38109   1   3
        1.19788       -0.38109   1   4
        1.19788       -0.38071   1   5
        1.19788       -0.35638   1   6
        1.19788       -0.32726   1   7
        1.19788       -0.32726   1   8
        1.19788       -0.29982   1   9
        1.19788       -0.29534   1  10
        1.19788       -0.26430   1  11
        1.19788       -0.26430   1  12
        1.19788       -0.23348   1  13
        1.19788       -0.23347   1  14
        1.19788       -0.19799   1  15
        1.19788       -0.12661   1  16
        1.19788       -0.06599   1  17
        1.19788       -0.06599   1  18
        1.19788        0.61262   1  19
        1.19788        0.61264   1  20
        1.19788        0.66062   1  21
        1.19788        0.67456   1  22
        1.19788        0.72048   1  23
        1.19788        0.72049   1  24
        1.19788        1.17878   1  25
        1.19788        1.17879   1  26
        1.19788        1.85733   1  27
        1.19788        1.92497   1  28
        1.19788        2.05721   1  29
        1.19788        2.05722   1  30
        1.19788        2.32446   1  31
        1.19788        2.35319   1  32
        1.19788        2.37034   1  33
        1.19788        2.37034   1  34
        1.19788        2.54324   1  35
        1.19788        2.54326   1  36
        1.21384       -1.20513   1   1
        1.21384       -1.20513   1   2
        1.21384       -0.38440   1   3
        1.21384       -0.37409   1   4
        1.21384       -0.37409   1   5
        1.21384       -0.34872   1   6
        1.21384       -0.32501   1   7
        1.21384       -0.32501   1   8
        1.21384       -0.30099   1   9
        1.21384       -0.29448   1  10
        1.21384       -0.27107   1  11
        1.21384       -0.27107   1  12
        1.21384       -0.22986   1  13
        1.21384       -0.22986   1  14
        1.21384       -0.21424   1  15
        1.21384       -0.11183   1  16
        1.21384       -0.07833   1  17
        1.21384       -0.07832   1  18
        1.21384        0.60656   1  19
        1.21384        0.60657   1  20
        1.21384        0.65177   1  21
        1.21384        0.66851   1  22
        1.21384        0.75451   1  23
        1.21384        0.75452   1  24
        1.21384        1.14456   1  25
        1.21384        1.14457   1  26
        1.21384        1.75901   1  27
        1.21384        1.92873   1  28
        1.21384        2.02004   1  29
        1.21384        2.02005   1  30
        1.21384        2.29603   1  31
        1.21384        2.31009   1  32
        1.21384        2.40599   1  33
        1.21384        2.40599   1  34
        1.21384        2.54054   1  35
        1.21384        2.54057   1  36
        1.22980       -1.20531   1   1
        1.22980       -1.20531   1   2
        1.22980       -0.38699   1   3
        1.22980       -0.36670   1   4
        1.22980       -0.36669   1   5
        1.22980       -0.34138   1   6
        1.22980       -0.32125   1   7
        1.22980       -0.32125   1   8
        1.22980       -0.30210   1   9
        1.22980       -0.29385   1  10
        1.22980       -0.27905   1  11
        1.22980       -0.27905   1  12
        1.22980       -0.22762   1  13
        1.22980       -0.22636   1  14
        1.22980       -0.22636   1  15
        1.22980       -0.10028   1  16
        1.22980       -0.09093   1  17
        1.22980       -0.09092   1  18
        1.22980        0.60249   1  19
        1.22980        0.60251   1  20
        1.22980        0.64271   1  21
        1.22980        0.66263   1  22
        1.22980        0.79010   1  23
        1.22980        0.79011   1  24
        1.22980        1.10267   1  25
        1.22980        1.10268   1  26
        1.22980        1.63302   1  27
        1.22980        1.83525   1  28
        1.22980        1.95341   1  29
        1.22980        1.95343   1  30
        1.22980        2.19809   1  31
        1.22980        2.29034   1  32
        1.22980        2.42184   1  33
        1.22980        2.42184   1  34
        1.22980        2.56455   1  35
        1.22980        2.56458   1  36
        1.24575       -1.20548   1   1
        1.24575       -1.20548   1   2
        1.24575       -0.38856   1   3
        1.24575       -0.36117   1   4
        1.24575       -0.36117   1   5
        1.24575       -0.33563   1   6
        1.24575       -0.31603   1   7
        1.24575       -0.31603   1   8
        1.24575       -0.30306   1   9
        1.24575       -0.29342   1  10
        1.24575       -0.28717   1  11
        1.24575       -0.28717   1  12
        1.24575       -0.23664   1  13
        1.24575       -0.22372   1  14
        1.24575       -0.22372   1  15
        1.24575       -0.10036   1  16
        1.24575       -0.10036   1  17
        1.24575       -0.09290   1  18
        1.24575        0.60023   1  19
        1.24575        0.60024   1  20
        1.24575        0.63476   1  21
        1.24575        0.65837   1  22
        1.24575        0.81967   1  23
        1.24575        0.81967   1  24
        1.24575        1.06616   1  25
        1.24575        1.06617   1  26
        1.24575        1.48836   1  27
        1.24575        1.76089   1  28
        1.24575        1.89915   1  29
        1.24575        1.89917   1  30
        1.24575        2.12938   1  31
        1.24575        2.28711   1  32
        1.24575        2.40705   1  33
        1.24575        2.40706   1  34
        1.24575        2.56822   1  35
        1.24575        2.56824   1  36
        1.26171       -1.20558   1   1
        1.26171       -1.20558   1   2
        1.26171       -0.38910   1   3
        1.26171       -0.35917   1   4
        1.26171       -0.35916   1   5
        1.26171       -0.33338   1   6
        1.26171       -0.31273   1   7
        1.26171       -0.31272   1   8
        1.26171       -0.30348   1   9
        1.26171       -0.29326   1  10
        1.26171       -0.29151   1  11
        1.26171       -0.29151   1  12
        1.26171       -0.23994   1  13
        1.26171       -0.22273   1  14
        1.26171       -0.22272   1  15
        1.26171       -0.10390   1  16
        1.26171       -0.10389   1  17
        1.26171       -0.09031   1  18
        1.26171        0.59946   1  19
        1.26171        0.59947   1  20
        1.26171        0.63262   1  21
        1.26171        0.65653   1  22
        1.26171        0.83269   1  23
        1.26171        0.83269   1  24
        1.26171        1.05057   1  25
        1.26171        1.05059   1  26
        1.26171        1.42185   1  27
        1.26171        1.77054   1  28
        1.26171        1.87447   1  29
        1.26171        1.87449   1  30
        1.26171        2.11319   1  31
        1.26171        2.27719   1  32
        1.26171        2.39691   1  33
        1.26171        2.39692   1  34
        1.26171        2.55237   1  35
        1.26171        2.55240   1  36
