        0.00000       -0.44808   2   1
        0.00000       -0.34202   2   2
        0.00000       -0.33571   2   3
        0.00000       -0.33560   2   4
        0.00000       -0.25567   2   5
        0.00000       -0.25565   2   6
        0.00000       -0.25157   2   7
        0.00000       -0.17250   2   8
        0.00000       -0.07281   2   9
        0.00000       -0.07223   2  10
        0.00000       -0.07222   2  11
        0.00000       -0.00931   2  12
        0.00000       -0.00919   2  13
        0.00000        0.03733   2  14
        0.00000        0.03754   2  15
        0.00000        0.09095   2  16
        0.00000        0.09158   2  17
        0.00000        0.09468   2  18
        0.00000        0.68714   2  19
        0.00000        0.70302   2  20
        0.00000        0.70371   2  21
        0.00000        0.77532   2  22
        0.00000        0.81918   2  23
        0.00000        0.81921   2  24
        0.00000        1.01255   2  25
        0.00000        1.16383   2  26
        0.00000        1.21804   2  27
        0.00000        1.21831   2  28
        0.00000        1.30907   2  29
        0.00000        1.30943   2  30
        0.00000        1.31633   2  31
        0.00000        1.42900   2  32
        0.00000        1.46725   2  33
        0.00000        1.46734   2  34
        0.00000        1.48806   2  35
        0.00000        1.60221   2  36
        0.00000        1.60241   2  37
        0.00000        1.61884   2  38
        0.00000        1.76562   2  39
        0.00000        1.76570   2  40
        0.00000        1.81315   2  41
        0.00000        1.85894   2  42
        0.00000        1.85896   2  43
        0.00000        2.06137   2  44
        0.00000        2.06168   2  45
        0.00000        2.11493   2  46
        0.00000        2.29994   2  47
        0.00000        2.30013   2  48
        0.00000        2.56626   2  49
        0.00000        2.56629   2  50
        0.00887       -0.44674   2   1
        0.00887       -0.34226   2   2
        0.00887       -0.33803   2   3
        0.00887       -0.33257   2   4
        0.00887       -0.25536   2   5
        0.00887       -0.25479   2   6
        0.00887       -0.25200   2   7
        0.00887       -0.17199   2   8
        0.00887       -0.07475   2   9
        0.00887       -0.07226   2  10
        0.00887       -0.07076   2  11
        0.00887       -0.01087   2  12
        0.00887       -0.00923   2  13
        0.00887        0.03522   2  14
        0.00887        0.03965   2  15
        0.00887        0.09081   2  16
        0.00887        0.09164   2  17
        0.00887        0.09233   2  18
        0.00887        0.68731   2  19
        0.00887        0.70172   2  20
        0.00887        0.70546   2  21
        0.00887        0.77749   2  22
        0.00887        0.81654   2  23
        0.00887        0.82156   2  24
        0.00887        1.01315   2  25
        0.00887        1.16384   2  26
        0.00887        1.21716   2  27
        0.00887        1.22130   2  28
        0.00887        1.30261   2  29
        0.00887        1.31559   2  30
        0.00887        1.31704   2  31
        0.00887        1.42763   2  32
        0.00887        1.45497   2  33
        0.00887        1.47863   2  34
        0.00887        1.48799   2  35
        0.00887        1.59033   2  36
        0.00887        1.61464   2  37
        0.00887        1.61954   2  38
        0.00887        1.76173   2  39
        0.00887        1.76967   2  40
        0.00887        1.81152   2  41
        0.00887        1.86136   2  42
        0.00887        1.86359   2  43
        0.00887        2.04525   2  44
        0.00887        2.08110   2  45
        0.00887        2.12030   2  46
        0.00887        2.30231   2  47
        0.00887        2.30498   2  48
        0.00887        2.56218   2  49
        0.00887        2.56671   2  50
        0.01774       -0.44263   2   1
        0.01774       -0.34265   2   2
        0.01774       -0.33949   2   3
        0.01774       -0.32902   2   4
        0.01774       -0.25374   2   5
        0.01774       -0.25357   2   6
        0.01774       -0.25231   2   7
        0.01774       -0.17048   2   8
        0.01774       -0.07847   2   9
        0.01774       -0.07091   2  10
        0.01774       -0.07073   2  11
        0.01774       -0.01451   2  12
        0.01774       -0.01040   2  13
        0.01774        0.03369   2  14
        0.01774        0.04148   2  15
        0.01774        0.08535   2  16
        0.01774        0.09045   2  17
        0.01774        0.09126   2  18
        0.01774        0.68758   2  19
        0.01774        0.70076   2  20
        0.01774        0.70734   2  21
        0.01774        0.78376   2  22
        0.01774        0.81380   2  23
        0.01774        0.82342   2  24
        0.01774        1.01391   2  25
        0.01774        1.16353   2  26
        0.01774        1.21757   2  27
        0.01774        1.22542   2  28
        0.01774        1.29701   2  29
        0.01774        1.31317   2  30
        0.01774        1.32464   2  31
        0.01774        1.42391   2  32
        0.01774        1.44210   2  33
        0.01774        1.48760   2  34
        0.01774        1.48817   2  35
        0.01774        1.57914   2  36
        0.01774        1.61973   2  37
        0.01774        1.62538   2  38
        0.01774        1.75702   2  39
        0.01774        1.77170   2  40
        0.01774        1.80440   2  41
        0.01774        1.86976   2  42
        0.01774        1.87180   2  43
        0.01774        2.03254   2  44
        0.01774        2.10212   2  45
        0.01774        2.12987   2  46
        0.01774        2.30684   2  47
        0.01774        2.31410   2  48
        0.01774        2.55433   2  49
        0.01774        2.56487   2  50
        0.02661       -0.43592   2   1
        0.02661       -0.34298   2   2
        0.02661       -0.33972   2   3
        0.02661       -0.32522   2   4
        0.02661       -0.25628   2   5
        0.02661       -0.25104   2   6
        0.02661       -0.24822   2   7
        0.02661       -0.16789   2   8
        0.02661       -0.08350   2   9
        0.02661       -0.07289   2  10
        0.02661       -0.06865   2  11
        0.02661       -0.01979   2  12
        0.02661       -0.01191   2  13
        0.02661        0.03274   2  14
        0.02661        0.04261   2  15
        0.02661        0.07410   2  16
        0.02661        0.08990   2  17
        0.02661        0.09035   2  18
        0.02661        0.68792   2  19
        0.02661        0.70018   2  20
        0.02661        0.70921   2  21
        0.02661        0.79374   2  22
        0.02661        0.81122   2  23
        0.02661        0.82461   2  24
        0.02661        1.01474   2  25
        0.02661        1.16291   2  26
        0.02661        1.21945   2  27
        0.02661        1.23064   2  28
        0.02661        1.29251   2  29
        0.02661        1.30917   2  30
        0.02661        1.33169   2  31
        0.02661        1.41812   2  32
        0.02661        1.42960   2  33
        0.02661        1.48700   2  34
        0.02661        1.49526   2  35
        0.02661        1.57050   2  36
        0.02661        1.61946   2  37
        0.02661        1.63390   2  38
        0.02661        1.75138   2  39
        0.02661        1.77109   2  40
        0.02661        1.79371   2  41
        0.02661        1.88184   2  42
        0.02661        1.88400   2  43
        0.02661        2.02470   2  44
        0.02661        2.12298   2  45
        0.02661        2.14089   2  46
        0.02661        2.31243   2  47
        0.02661        2.32731   2  48
        0.02661        2.54236   2  49
        0.02661        2.56143   2  50
        0.03547       -0.42690   2   1
        0.03547       -0.34298   2   2
        0.03547       -0.33851   2   3
        0.03547       -0.32119   2   4
        0.03547       -0.25994   2   5
        0.03547       -0.24756   2   6
        0.03547       -0.24274   2   7
        0.03547       -0.16424   2   8
        0.03547       -0.08995   2   9
        0.03547       -0.07693   2  10
        0.03547       -0.06634   2  11
        0.03547       -0.02591   2  12
        0.03547       -0.01327   2  13
        0.03547        0.03208   2  14
        0.03547        0.04281   2  15
        0.03547        0.05916   2  16
        0.03547        0.08877   2  17
        0.03547        0.08925   2  18
        0.03547        0.68827   2  19
        0.03547        0.69998   2  20
        0.03547        0.71092   2  21
        0.03547        0.80687   2  22
        0.03547        0.80891   2  23
        0.03547        0.82507   2  24
        0.03547        1.01558   2  25
        0.03547        1.16202   2  26
        0.03547        1.22300   2  27
        0.03547        1.23699   2  28
        0.03547        1.28927   2  29
        0.03547        1.30389   2  30
        0.03547        1.33759   2  31
        0.03547        1.41063   2  32
        0.03547        1.41842   2  33
        0.03547        1.48639   2  34
        0.03547        1.49961   2  35
        0.03547        1.56564   2  36
        0.03547        1.61880   2  37
        0.03547        1.64057   2  38
        0.03547        1.74478   2  39
        0.03547        1.76771   2  40
        0.03547        1.78173   2  41
        0.03547        1.89243   2  42
        0.03547        1.90244   2  43
        0.03547        2.02217   2  44
        0.03547        2.14249   2  45
        0.03547        2.15045   2  46
        0.03547        2.31797   2  47
        0.03547        2.34408   2  48
        0.03547        2.52620   2  49
        0.03547        2.55691   2  50
        0.04434       -0.41609   2   1
        0.04434       -0.34235   2   2
        0.04434       -0.33581   2   3
        0.04434       -0.31685   2   4
        0.04434       -0.26417   2   5
        0.04434       -0.24365   2   6
        0.04434       -0.23632   2   7
        0.04434       -0.15971   2   8
        0.04434       -0.09767   2   9
        0.04434       -0.08275   2  10
        0.04434       -0.06437   2  11
        0.04434       -0.03208   2  12
        0.04434       -0.01442   2  13
        0.04434        0.03145   2  14
        0.04434        0.04137   2  15
        0.04434        0.04211   2  16
        0.04434        0.08669   2  17
        0.04434        0.08835   2  18
        0.04434        0.68860   2  19
        0.04434        0.70015   2  20
        0.04434        0.71236   2  21
        0.04434        0.80696   2  22
        0.04434        0.82244   2  23
        0.04434        0.82481   2  24
        0.04434        1.01633   2  25
        0.04434        1.16095   2  26
        0.04434        1.22835   2  27
        0.04434        1.24433   2  28
        0.04434        1.28738   2  29
        0.04434        1.29778   2  30
        0.04434        1.34174   2  31
        0.04434        1.40185   2  32
        0.04434        1.40961   2  33
        0.04434        1.48610   2  34
        0.04434        1.50106   2  35
        0.04434        1.56525   2  36
        0.04434        1.61783   2  37
        0.04434        1.64603   2  38
        0.04434        1.73743   2  39
        0.04434        1.76211   2  40
        0.04434        1.77036   2  41
        0.04434        1.90246   2  42
        0.04434        1.92273   2  43
        0.04434        2.02467   2  44
        0.04434        2.15617   2  45
        0.04434        2.15995   2  46
        0.04434        2.32263   2  47
        0.04434        2.36323   2  48
        0.04434        2.50611   2  49
        0.04434        2.55175   2  50
        0.05321       -0.40421   2   1
        0.05321       -0.34079   2   2
        0.05321       -0.33168   2   3
        0.05321       -0.31213   2   4
        0.05321       -0.26832   2   5
        0.05321       -0.23964   2   6
        0.05321       -0.22967   2   7
        0.05321       -0.15470   2   8
        0.05321       -0.10598   2   9
        0.05321       -0.08972   2  10
        0.05321       -0.06340   2  11
        0.05321       -0.03791   2  12
        0.05321       -0.01569   2  13
        0.05321        0.02192   2  14
        0.05321        0.03077   2  15
        0.05321        0.04074   2  16
        0.05321        0.08406   2  17
        0.05321        0.08719   2  18
        0.05321        0.68884   2  19
        0.05321        0.70064   2  20
        0.05321        0.71343   2  21
        0.05321        0.80539   2  22
        0.05321        0.82391   2  23
        0.05321        0.83966   2  24
        0.05321        1.01679   2  25
        0.05321        1.15992   2  26
        0.05321        1.23541   2  27
        0.05321        1.25229   2  28
        0.05321        1.28693   2  29
        0.05321        1.29137   2  30
        0.05321        1.34382   2  31
        0.05321        1.39223   2  32
        0.05321        1.40400   2  33
        0.05321        1.48653   2  34
        0.05321        1.49967   2  35
        0.05321        1.56949   2  36
        0.05321        1.61665   2  37
        0.05321        1.65068   2  38
        0.05321        1.72981   2  39
        0.05321        1.75530   2  40
        0.05321        1.76078   2  41
        0.05321        1.91121   2  42
        0.05321        1.94227   2  43
        0.05321        2.03159   2  44
        0.05321        2.15693   2  45
        0.05321        2.17490   2  46
        0.05321        2.32600   2  47
        0.05321        2.38312   2  48
        0.05321        2.48274   2  49
        0.05321        2.54615   2  50
        0.06208       -0.39239   2   1
        0.06208       -0.33803   2   2
        0.06208       -0.32629   2   3
        0.06208       -0.30706   2   4
        0.06208       -0.27147   2   5
        0.06208       -0.23596   2   6
        0.06208       -0.22382   2   7
        0.06208       -0.14981   2   8
        0.06208       -0.11363   2   9
        0.06208       -0.09695   2  10
        0.06208       -0.06441   2  11
        0.06208       -0.04337   2  12
        0.06208       -0.01764   2  13
        0.06208        0.00261   2  14
        0.06208        0.03017   2  15
        0.06208        0.03919   2  16
        0.06208        0.08100   2  17
        0.06208        0.08566   2  18
        0.06208        0.68900   2  19
        0.06208        0.70141   2  20
        0.06208        0.71408   2  21
        0.06208        0.80422   2  22
        0.06208        0.82247   2  23
        0.06208        0.85771   2  24
        0.06208        1.01664   2  25
        0.06208        1.15919   2  26
        0.06208        1.24367   2  27
        0.06208        1.26012   2  28
        0.06208        1.28520   2  29
        0.06208        1.28813   2  30
        0.06208        1.34437   2  31
        0.06208        1.38232   2  32
        0.06208        1.40161   2  33
        0.06208        1.48807   2  34
        0.06208        1.49565   2  35
        0.06208        1.57789   2  36
        0.06208        1.61545   2  37
        0.06208        1.65451   2  38
        0.06208        1.72255   2  39
        0.06208        1.74835   2  40
        0.06208        1.75335   2  41
        0.06208        1.91842   2  42
        0.06208        1.95885   2  43
        0.06208        2.04233   2  44
        0.06208        2.15249   2  45
        0.06208        2.18723   2  46
        0.06208        2.32811   2  47
        0.06208        2.40183   2  48
        0.06208        2.45744   2  49
        0.06208        2.54016   2  50
        0.07095       -0.38191   2   1
        0.07095       -0.33410   2   2
        0.07095       -0.31993   2   3
        0.07095       -0.30178   2   4
        0.07095       -0.27233   2   5
        0.07095       -0.23298   2   6
        0.07095       -0.21997   2   7
        0.07095       -0.14589   2   8
        0.07095       -0.11907   2   9
        0.07095       -0.10357   2  10
        0.07095       -0.06881   2  11
        0.07095       -0.04853   2  12
        0.07095       -0.02084   2  13
        0.07095       -0.01397   2  14
        0.07095        0.02992   2  15
        0.07095        0.03800   2  16
        0.07095        0.07765   2  17
        0.07095        0.08362   2  18
        0.07095        0.68907   2  19
        0.07095        0.70241   2  20
        0.07095        0.71433   2  21
        0.07095        0.80347   2  22
        0.07095        0.82057   2  23
        0.07095        0.87587   2  24
        0.07095        1.01548   2  25
        0.07095        1.15907   2  26
        0.07095        1.25218   2  27
        0.07095        1.26682   2  28
        0.07095        1.27962   2  29
        0.07095        1.29144   2  30
        0.07095        1.34474   2  31
        0.07095        1.37273   2  32
        0.07095        1.40164   2  33
        0.07095        1.48923   2  34
        0.07095        1.49099   2  35
        0.07095        1.58937   2  36
        0.07095        1.61456   2  37
        0.07095        1.65718   2  38
        0.07095        1.71636   2  39
        0.07095        1.74194   2  40
        0.07095        1.74765   2  41
        0.07095        1.92455   2  42
        0.07095        1.97095   2  43
        0.07095        2.05638   2  44
        0.07095        2.14379   2  45
        0.07095        2.19639   2  46
        0.07095        2.32936   2  47
        0.07095        2.41493   2  48
        0.07095        2.43499   2  49
        0.07095        2.53362   2  50
        0.07982       -0.37377   2   1
        0.07982       -0.32989   2   2
        0.07982       -0.31295   2   3
        0.07982       -0.29658   2   4
        0.07982       -0.26924   2   5
        0.07982       -0.23101   2   6
        0.07982       -0.21904   2   7
        0.07982       -0.14440   2   8
        0.07982       -0.12109   2   9
        0.07982       -0.10877   2  10
        0.07982       -0.07736   2  11
        0.07982       -0.05335   2  12
        0.07982       -0.02576   2  13
        0.07982       -0.02517   2  14
        0.07982        0.03028   2  15
        0.07982        0.03760   2  16
        0.07982        0.07422   2  17
        0.07982        0.08102   2  18
        0.07982        0.68908   2  19
        0.07982        0.70359   2  20
        0.07982        0.71417   2  21
        0.07982        0.80322   2  22
        0.07982        0.81828   2  23
        0.07982        0.89350   2  24
        0.07982        1.01294   2  25
        0.07982        1.15972   2  26
        0.07982        1.25961   2  27
        0.07982        1.27150   2  28
        0.07982        1.27483   2  29
        0.07982        1.29741   2  30
        0.07982        1.34576   2  31
        0.07982        1.36410   2  32
        0.07982        1.40350   2  33
        0.07982        1.48076   2  34
        0.07982        1.49511   2  35
        0.07982        1.60230   2  36
        0.07982        1.61434   2  37
        0.07982        1.65823   2  38
        0.07982        1.71198   2  39
        0.07982        1.73628   2  40
        0.07982        1.74293   2  41
        0.07982        1.93081   2  42
        0.07982        1.97789   2  43
        0.07982        2.07316   2  44
        0.07982        2.13255   2  45
        0.07982        2.20113   2  46
        0.07982        2.33037   2  47
        0.07982        2.40036   2  48
        0.07982        2.43905   2  49
        0.07982        2.52630   2  50
        0.08868       -0.36810   2   1
        0.08868       -0.32686   2   2
        0.08868       -0.30573   2   3
        0.08868       -0.29195   2   4
        0.08868       -0.26106   2   5
        0.08868       -0.23016   2   6
        0.08868       -0.22097   2   7
        0.08868       -0.14753   2   8
        0.08868       -0.11976   2   9
        0.08868       -0.11205   2  10
        0.08868       -0.08724   2  11
        0.08868       -0.05739   2  12
        0.08868       -0.03224   2  13
        0.08868       -0.03122   2  14
        0.08868        0.03139   2  15
        0.08868        0.03802   2  16
        0.08868        0.07107   2  17
        0.08868        0.07791   2  18
        0.08868        0.68907   2  19
        0.08868        0.70493   2  20
        0.08868        0.71365   2  21
        0.08868        0.80351   2  22
        0.08868        0.81566   2  23
        0.08868        0.90998   2  24
        0.08868        1.00889   2  25
        0.08868        1.16110   2  26
        0.08868        1.26515   2  27
        0.08868        1.27071   2  28
        0.08868        1.27414   2  29
        0.08868        1.30602   2  30
        0.08868        1.34663   2  31
        0.08868        1.35700   2  32
        0.08868        1.40761   2  33
        0.08868        1.47048   2  34
        0.08868        1.49995   2  35
        0.08868        1.61466   2  36
        0.08868        1.61540   2  37
        0.08868        1.65728   2  38
        0.08868        1.70989   2  39
        0.08868        1.73110   2  40
        0.08868        1.73857   2  41
        0.08868        1.93849   2  42
        0.08868        1.97975   2  43
        0.08868        2.09210   2  44
        0.08868        2.12089   2  45
        0.08868        2.19960   2  46
        0.08868        2.33179   2  47
        0.08868        2.37856   2  48
        0.08868        2.45172   2  49
        0.08868        2.51796   2  50
        0.09755       -0.36443   2   1
        0.09755       -0.32557   2   2
        0.09755       -0.29885   2   3
        0.09755       -0.28860   2   4
        0.09755       -0.24868   2   5
        0.09755       -0.23020   2   6
        0.09755       -0.22447   2   7
        0.09755       -0.15668   2   8
        0.09755       -0.11666   2   9
        0.09755       -0.11337   2  10
        0.09755       -0.09398   2  11
        0.09755       -0.05968   2  12
        0.09755       -0.03987   2  13
        0.09755       -0.03416   2  14
        0.09755        0.03319   2  15
        0.09755        0.03872   2  16
        0.09755        0.06877   2  17
        0.09755        0.07448   2  18
        0.09755        0.68906   2  19
        0.09755        0.70636   2  20
        0.09755        0.71281   2  21
        0.09755        0.80440   2  22
        0.09755        0.81284   2  23
        0.09755        0.92438   2  24
        0.09755        1.00374   2  25
        0.09755        1.16284   2  26
        0.09755        1.26757   2  27
        0.09755        1.26894   2  28
        0.09755        1.27499   2  29
        0.09755        1.31619   2  30
        0.09755        1.34550   2  31
        0.09755        1.35184   2  32
        0.09755        1.41476   2  33
        0.09755        1.45885   2  34
        0.09755        1.50446   2  35
        0.09755        1.61656   2  36
        0.09755        1.62630   2  37
        0.09755        1.65429   2  38
        0.09755        1.71007   2  39
        0.09755        1.72613   2  40
        0.09755        1.73458   2  41
        0.09755        1.94802   2  42
        0.09755        1.97714   2  43
        0.09755        2.11080   2  44
        0.09755        2.11267   2  45
        0.09755        2.19035   2  46
        0.09755        2.33424   2  47
        0.09755        2.36102   2  48
        0.09755        2.46404   2  49
        0.09755        2.50852   2  50
        0.10642       -0.36231   2   1
        0.10642       -0.32536   2   2
        0.10642       -0.29298   2   3
        0.10642       -0.28732   2   4
        0.10642       -0.23553   2   5
        0.10642       -0.23044   2   6
        0.10642       -0.22786   2   7
        0.10642       -0.16880   2   8
        0.10642       -0.11400   2   9
        0.10642       -0.11333   2  10
        0.10642       -0.09682   2  11
        0.10642       -0.05899   2  12
        0.10642       -0.04781   2  13
        0.10642       -0.03545   2  14
        0.10642        0.03537   2  15
        0.10642        0.03883   2  16
        0.10642        0.06804   2  17
        0.10642        0.07113   2  18
        0.10642        0.68906   2  19
        0.10642        0.70783   2  20
        0.10642        0.71168   2  21
        0.10642        0.80587   2  22
        0.10642        0.80999   2  23
        0.10642        0.93505   2  24
        0.10642        0.99884   2  25
        0.10642        1.16439   2  26
        0.10642        1.26551   2  27
        0.10642        1.27153   2  28
        0.10642        1.27476   2  29
        0.10642        1.32646   2  30
        0.10642        1.34130   2  31
        0.10642        1.34875   2  32
        0.10642        1.42488   2  33
        0.10642        1.44642   2  34
        0.10642        1.50753   2  35
        0.10642        1.61836   2  36
        0.10642        1.63558   2  37
        0.10642        1.64945   2  38
        0.10642        1.71211   2  39
        0.10642        1.72131   2  40
        0.10642        1.73174   2  41
        0.10642        1.95860   2  42
        0.10642        1.97095   2  43
        0.10642        2.10428   2  44
        0.10642        2.13368   2  45
        0.10642        2.17389   2  46
        0.10642        2.33833   2  47
        0.10642        2.34870   2  48
        0.10642        2.47593   2  49
        0.10642        2.49801   2  50
        0.11529       -0.36156   2   1
        0.11529       -0.32544   2   2
        0.11529       -0.28900   2   3
        0.11529       -0.28874   2   4
        0.11529       -0.22993   2   5
        0.11529       -0.22991   2   6
        0.11529       -0.22889   2   7
        0.11529       -0.17526   2   8
        0.11529       -0.11309   2   9
        0.11529       -0.11306   2  10
        0.11529       -0.09748   2  11
        0.11529       -0.05471   2  12
        0.11529       -0.05466   2  13
        0.11529       -0.03579   2  14
        0.11529        0.03734   2  15
        0.11529        0.03780   2  16
        0.11529        0.06850   2  17
        0.11529        0.06923   2  18
        0.11529        0.68907   2  19
        0.11529        0.70926   2  20
        0.11529        0.71032   2  21
        0.11529        0.80734   2  22
        0.11529        0.80783   2  23
        0.11529        0.93925   2  24
        0.11529        0.99681   2  25
        0.11529        1.16517   2  26
        0.11529        1.26484   2  27
        0.11529        1.27331   2  28
        0.11529        1.27375   2  29
        0.11529        1.33425   2  30
        0.11529        1.33556   2  31
        0.11529        1.34776   2  32
        0.11529        1.43392   2  33
        0.11529        1.43694   2  34
        0.11529        1.50834   2  35
        0.11529        1.61935   2  36
        0.11529        1.64285   2  37
        0.11529        1.64296   2  38
        0.11529        1.71545   2  39
        0.11529        1.71691   2  40
        0.11529        1.73112   2  41
        0.11529        1.96225   2  42
        0.11529        1.96869   2  43
        0.11529        2.10196   2  44
        0.11529        2.15277   2  45
        0.11529        2.15402   2  46
        0.11529        2.34048   2  47
        0.11529        2.34482   2  48
        0.11529        2.48660   2  49
        0.11529        2.48746   2  50
        0.11529       -0.36156   2   1
        0.11529       -0.32544   2   2
        0.11529       -0.28900   2   3
        0.11529       -0.28874   2   4
        0.11529       -0.22993   2   5
        0.11529       -0.22991   2   6
        0.11529       -0.22889   2   7
        0.11529       -0.17526   2   8
        0.11529       -0.11309   2   9
        0.11529       -0.11306   2  10
        0.11529       -0.09748   2  11
        0.11529       -0.05471   2  12
        0.11529       -0.05466   2  13
        0.11529       -0.03579   2  14
        0.11529        0.03734   2  15
        0.11529        0.03780   2  16
        0.11529        0.06850   2  17
        0.11529        0.06923   2  18
        0.11529        0.68907   2  19
        0.11529        0.70926   2  20
        0.11529        0.71032   2  21
        0.11529        0.80734   2  22
        0.11529        0.80783   2  23
        0.11529        0.93925   2  24
        0.11529        0.99681   2  25
        0.11529        1.16517   2  26
        0.11529        1.26484   2  27
        0.11529        1.27331   2  28
        0.11529        1.27375   2  29
        0.11529        1.33425   2  30
        0.11529        1.33556   2  31
        0.11529        1.34776   2  32
        0.11529        1.43392   2  33
        0.11529        1.43694   2  34
        0.11529        1.50834   2  35
        0.11529        1.61935   2  36
        0.11529        1.64285   2  37
        0.11529        1.64296   2  38
        0.11529        1.71545   2  39
        0.11529        1.71691   2  40
        0.11529        1.73112   2  41
        0.11529        1.96225   2  42
        0.11529        1.96869   2  43
        0.11529        2.10196   2  44
        0.11529        2.15277   2  45
        0.11529        2.15402   2  46
        0.11529        2.34048   2  47
        0.11529        2.34482   2  48
        0.11529        2.48660   2  49
        0.11529        2.48746   2  50
        0.12450       -0.36229   2   1
        0.12450       -0.32730   2   2
        0.12450       -0.28783   2   3
        0.12450       -0.28661   2   4
        0.12450       -0.23697   2   5
        0.12450       -0.22931   2   6
        0.12450       -0.22173   2   7
        0.12450       -0.17429   2   8
        0.12450       -0.11549   2   9
        0.12450       -0.11323   2  10
        0.12450       -0.09552   2  11
        0.12450       -0.05503   2  12
        0.12450       -0.05406   2  13
        0.12450       -0.03492   2  14
        0.12450        0.03672   2  15
        0.12450        0.03737   2  16
        0.12450        0.06774   2  17
        0.12450        0.06865   2  18
        0.12450        0.68931   2  19
        0.12450        0.70908   2  20
        0.12450        0.71010   2  21
        0.12450        0.80658   2  22
        0.12450        0.80776   2  23
        0.12450        0.94106   2  24
        0.12450        0.99902   2  25
        0.12450        1.16467   2  26
        0.12450        1.26162   2  27
        0.12450        1.27030   2  28
        0.12450        1.27195   2  29
        0.12450        1.33083   2  30
        0.12450        1.33687   2  31
        0.12450        1.35289   2  32
        0.12450        1.43460   2  33
        0.12450        1.43689   2  34
        0.12450        1.50729   2  35
        0.12450        1.61762   2  36
        0.12450        1.64052   2  37
        0.12450        1.64366   2  38
        0.12450        1.70492   2  39
        0.12450        1.71727   2  40
        0.12450        1.74156   2  41
        0.12450        1.96367   2  42
        0.12450        1.96966   2  43
        0.12450        2.09684   2  44
        0.12450        2.15155   2  45
        0.12450        2.15908   2  46
        0.12450        2.34227   2  47
        0.12450        2.34488   2  48
        0.12450        2.48569   2  49
        0.12450        2.48706   2  50
        0.13371       -0.36420   2   1
        0.13371       -0.33168   2   2
        0.13371       -0.28549   2   3
        0.13371       -0.28144   2   4
        0.13371       -0.24293   2   5
        0.13371       -0.22732   2   6
        0.13371       -0.21529   2   7
        0.13371       -0.17127   2   8
        0.13371       -0.12066   2   9
        0.13371       -0.11361   2  10
        0.13371       -0.09205   2  11
        0.13371       -0.05605   2  12
        0.13371       -0.05202   2  13
        0.13371       -0.03244   2  14
        0.13371        0.03430   2  15
        0.13371        0.03655   2  16
        0.13371        0.06544   2  17
        0.13371        0.06717   2  18
        0.13371        0.68992   2  19
        0.13371        0.70835   2  20
        0.13371        0.70956   2  21
        0.13371        0.80458   2  22
        0.13371        0.80764   2  23
        0.13371        0.94623   2  24
        0.13371        1.00536   2  25
        0.13371        1.16297   2  26
        0.13371        1.25151   2  27
        0.13371        1.26188   2  28
        0.13371        1.26884   2  29
        0.13371        1.32518   2  30
        0.13371        1.34134   2  31
        0.13371        1.36086   2  32
        0.13371        1.43570   2  33
        0.13371        1.43770   2  34
        0.13371        1.50413   2  35
        0.13371        1.61182   2  36
        0.13371        1.63363   2  37
        0.13371        1.64593   2  38
        0.13371        1.69065   2  39
        0.13371        1.72024   2  40
        0.13371        1.75546   2  41
        0.13371        1.96665   2  42
        0.13371        1.97259   2  43
        0.13371        2.08519   2  44
        0.13371        2.14838   2  45
        0.13371        2.17062   2  46
        0.13371        2.34431   2  47
        0.13371        2.34779   2  48
        0.13371        2.48145   2  49
        0.13371        2.48758   2  50
        0.14292       -0.36655   2   1
        0.14292       -0.33678   2   2
        0.14292       -0.28398   2   3
        0.14292       -0.27610   2   4
        0.14292       -0.24515   2   5
        0.14292       -0.22360   2   6
        0.14292       -0.21095   2   7
        0.14292       -0.16619   2   8
        0.14292       -0.12674   2   9
        0.14292       -0.11389   2  10
        0.14292       -0.08935   2  11
        0.14292       -0.05742   2  12
        0.14292       -0.04814   2  13
        0.14292       -0.02872   2  14
        0.14292        0.03013   2  15
        0.14292        0.03548   2  16
        0.14292        0.06173   2  17
        0.14292        0.06516   2  18
        0.14292        0.69076   2  19
        0.14292        0.70698   2  20
        0.14292        0.70882   2  21
        0.14292        0.80207   2  22
        0.14292        0.80752   2  23
        0.14292        0.95428   2  24
        0.14292        1.01486   2  25
        0.14292        1.15957   2  26
        0.14292        1.23555   2  27
        0.14292        1.25202   2  28
        0.14292        1.26424   2  29
        0.14292        1.32073   2  30
        0.14292        1.34559   2  31
        0.14292        1.36745   2  32
        0.14292        1.43503   2  33
        0.14292        1.44159   2  34
        0.14292        1.49904   2  35
        0.14292        1.59993   2  36
        0.14292        1.62434   2  37
        0.14292        1.64905   2  38
        0.14292        1.68047   2  39
        0.14292        1.72448   2  40
        0.14292        1.76788   2  41
        0.14292        1.96987   2  42
        0.14292        1.97678   2  43
        0.14292        2.07301   2  44
        0.14292        2.14357   2  45
        0.14292        2.18381   2  46
        0.14292        2.34691   2  47
        0.14292        2.35269   2  48
        0.14292        2.47518   2  49
        0.14292        2.48875   2  50
        0.15213       -0.36865   2   1
        0.15213       -0.34160   2   2
        0.15213       -0.28540   2   3
        0.15213       -0.27234   2   4
        0.15213       -0.24207   2   5
        0.15213       -0.21810   2   6
        0.15213       -0.20866   2   7
        0.15213       -0.15961   2   8
        0.15213       -0.13332   2   9
        0.15213       -0.11372   2  10
        0.15213       -0.08783   2  11
        0.15213       -0.05868   2  12
        0.15213       -0.04230   2  13
        0.15213       -0.02440   2  14
        0.15213        0.02468   2  15
        0.15213        0.03428   2  16
        0.15213        0.05692   2  17
        0.15213        0.06285   2  18
        0.15213        0.69158   2  19
        0.15213        0.70503   2  20
        0.15213        0.70786   2  21
        0.15213        0.79974   2  22
        0.15213        0.80749   2  23
        0.15213        0.96470   2  24
        0.15213        1.02640   2  25
        0.15213        1.15371   2  26
        0.15213        1.21622   2  27
        0.15213        1.24285   2  28
        0.15213        1.25784   2  29
        0.15213        1.31731   2  30
        0.15213        1.34786   2  31
        0.15213        1.37140   2  32
        0.15213        1.43377   2  33
        0.15213        1.44743   2  34
        0.15213        1.49255   2  35
        0.15213        1.58263   2  36
        0.15213        1.61465   2  37
        0.15213        1.65200   2  38
        0.15213        1.67505   2  39
        0.15213        1.72890   2  40
        0.15213        1.77876   2  41
        0.15213        1.97203   2  42
        0.15213        1.98094   2  43
        0.15213        2.06387   2  44
        0.15213        2.13752   2  45
        0.15213        2.19616   2  46
        0.15213        2.35038   2  47
        0.15213        2.35845   2  48
        0.15213        2.46804   2  49
        0.15213        2.49085   2  50
        0.16134       -0.37006   2   1
        0.16134       -0.34570   2   2
        0.16134       -0.28947   2   3
        0.16134       -0.27019   2   4
        0.16134       -0.23546   2   5
        0.16134       -0.21320   2   6
        0.16134       -0.20555   2   7
        0.16134       -0.15306   2   8
        0.16134       -0.14000   2   9
        0.16134       -0.11298   2  10
        0.16134       -0.08670   2  11
        0.16134       -0.05947   2  12
        0.16134       -0.03480   2  13
        0.16134       -0.02045   2  14
        0.16134        0.01895   2  15
        0.16134        0.03318   2  16
        0.16134        0.05126   2  17
        0.16134        0.06038   2  18
        0.16134        0.69209   2  19
        0.16134        0.70264   2  20
        0.16134        0.70664   2  21
        0.16134        0.79797   2  22
        0.16134        0.80764   2  23
        0.16134        0.97697   2  24
        0.16134        1.03893   2  25
        0.16134        1.14485   2  26
        0.16134        1.19549   2  27
        0.16134        1.23493   2  28
        0.16134        1.25045   2  29
        0.16134        1.31406   2  30
        0.16134        1.34770   2  31
        0.16134        1.37208   2  32
        0.16134        1.43317   2  33
        0.16134        1.45411   2  34
        0.16134        1.48576   2  35
        0.16134        1.56388   2  36
        0.16134        1.60477   2  37
        0.16134        1.65362   2  38
        0.16134        1.67351   2  39
        0.16134        1.73221   2  40
        0.16134        1.78847   2  41
        0.16134        1.97174   2  42
        0.16134        1.98438   2  43
        0.16134        2.05947   2  44
        0.16134        2.13060   2  45
        0.16134        2.20638   2  46
        0.16134        2.35456   2  47
        0.16134        2.36424   2  48
        0.16134        2.46109   2  49
        0.16134        2.49418   2  50
        0.17054       -0.37062   2   1
        0.17054       -0.34892   2   2
        0.17054       -0.29459   2   3
        0.17054       -0.26916   2   4
        0.17054       -0.22859   2   5
        0.17054       -0.21248   2   6
        0.17054       -0.19751   2   7
        0.17054       -0.15250   2   8
        0.17054       -0.14189   2   9
        0.17054       -0.11189   2  10
        0.17054       -0.08450   2  11
        0.17054       -0.05973   2  12
        0.17054       -0.02619   2  13
        0.17054       -0.01818   2  14
        0.17054        0.01438   2  15
        0.17054        0.03243   2  16
        0.17054        0.04512   2  17
        0.17054        0.05781   2  18
        0.17054        0.69192   2  19
        0.17054        0.70006   2  20
        0.17054        0.70516   2  21
        0.17054        0.79694   2  22
        0.17054        0.80803   2  23
        0.17054        0.99053   2  24
        0.17054        1.05152   2  25
        0.17054        1.13313   2  26
        0.17054        1.17471   2  27
        0.17054        1.22679   2  28
        0.17054        1.24457   2  29
        0.17054        1.30945   2  30
        0.17054        1.34579   2  31
        0.17054        1.37031   2  32
        0.17054        1.43394   2  33
        0.17054        1.45976   2  34
        0.17054        1.48068   2  35
        0.17054        1.54695   2  36
        0.17054        1.59473   2  37
        0.17054        1.65335   2  38
        0.17054        1.67475   2  39
        0.17054        1.73339   2  40
        0.17054        1.79739   2  41
        0.17054        1.96787   2  42
        0.17054        1.98774   2  43
        0.17054        2.05933   2  44
        0.17054        2.12340   2  45
        0.17054        2.21403   2  46
        0.17054        2.35901   2  47
        0.17054        2.36933   2  48
        0.17054        2.45485   2  49
        0.17054        2.49888   2  50
        0.17975       -0.37036   2   1
        0.17975       -0.35127   2   2
        0.17975       -0.29980   2   3
        0.17975       -0.26877   2   4
        0.17975       -0.22475   2   5
        0.17975       -0.21175   2   6
        0.17975       -0.18789   2   7
        0.17975       -0.16024   2   8
        0.17975       -0.13690   2   9
        0.17975       -0.11030   2  10
        0.17975       -0.08029   2  11
        0.17975       -0.05945   2  12
        0.17975       -0.01852   2  13
        0.17975       -0.01721   2  14
        0.17975        0.01196   2  15
        0.17975        0.03187   2  16
        0.17975        0.03961   2  17
        0.17975        0.05517   2  18
        0.17975        0.69060   2  19
        0.17975        0.69769   2  20
        0.17975        0.70344   2  21
        0.17975        0.79668   2  22
        0.17975        0.80864   2  23
        0.17975        1.00472   2  24
        0.17975        1.06327   2  25
        0.17975        1.11952   2  26
        0.17975        1.15478   2  27
        0.17975        1.21654   2  28
        0.17975        1.24253   2  29
        0.17975        1.30191   2  30
        0.17975        1.34389   2  31
        0.17975        1.36772   2  32
        0.17975        1.43580   2  33
        0.17975        1.46049   2  34
        0.17975        1.48124   2  35
        0.17975        1.53352   2  36
        0.17975        1.58468   2  37
        0.17975        1.65170   2  38
        0.17975        1.67722   2  39
        0.17975        1.73221   2  40
        0.17975        1.80575   2  41
        0.17975        1.96055   2  42
        0.17975        1.99182   2  43
        0.17975        2.06121   2  44
        0.17975        2.11685   2  45
        0.17975        2.21969   2  46
        0.17975        2.36295   2  47
        0.17975        2.37352   2  48
        0.17975        2.44921   2  49
        0.17975        2.50473   2  50
        0.18896       -0.36938   2   1
        0.18896       -0.35285   2   2
        0.18896       -0.30477   2   3
        0.18896       -0.26865   2   4
        0.18896       -0.22511   2   5
        0.18896       -0.20984   2   6
        0.18896       -0.17957   2   7
        0.18896       -0.16893   2   8
        0.18896       -0.13108   2   9
        0.18896       -0.10732   2  10
        0.18896       -0.07453   2  11
        0.18896       -0.05839   2  12
        0.18896       -0.02078   2  13
        0.18896       -0.00918   2  14
        0.18896        0.01117   2  15
        0.18896        0.02936   2  16
        0.18896        0.03808   2  17
        0.18896        0.05262   2  18
        0.18896        0.68795   2  19
        0.18896        0.69582   2  20
        0.18896        0.70152   2  21
        0.18896        0.79716   2  22
        0.18896        0.80940   2  23
        0.18896        1.01860   2  24
        0.18896        1.07287   2  25
        0.18896        1.10564   2  26
        0.18896        1.13668   2  27
        0.18896        1.20488   2  28
        0.18896        1.24377   2  29
        0.18896        1.29177   2  30
        0.18896        1.34351   2  31
        0.18896        1.36494   2  32
        0.18896        1.43783   2  33
        0.18896        1.45685   2  34
        0.18896        1.48700   2  35
        0.18896        1.52436   2  36
        0.18896        1.57483   2  37
        0.18896        1.64929   2  38
        0.18896        1.67959   2  39
        0.18896        1.72928   2  40
        0.18896        1.81346   2  41
        0.18896        1.95113   2  42
        0.18896        1.99640   2  43
        0.18896        2.06276   2  44
        0.18896        2.11261   2  45
        0.18896        2.22439   2  46
        0.18896        2.36521   2  47
        0.18896        2.37693   2  48
        0.18896        2.44411   2  49
        0.18896        2.51095   2  50
        0.19817       -0.36781   2   1
        0.19817       -0.35384   2   2
        0.19817       -0.30955   2   3
        0.19817       -0.26855   2   4
        0.19817       -0.22749   2   5
        0.19817       -0.20959   2   6
        0.19817       -0.17970   2   7
        0.19817       -0.17130   2   8
        0.19817       -0.12412   2   9
        0.19817       -0.10227   2  10
        0.19817       -0.06862   2  11
        0.19817       -0.05597   2  12
        0.19817       -0.02363   2  13
        0.19817       -0.00391   2  14
        0.19817        0.01055   2  15
        0.19817        0.02686   2  16
        0.19817        0.04015   2  17
        0.19817        0.05054   2  18
        0.19817        0.68444   2  19
        0.19817        0.69419   2  20
        0.19817        0.69946   2  21
        0.19817        0.79822   2  22
        0.19817        0.81025   2  23
        0.19817        1.03084   2  24
        0.19817        1.07733   2  25
        0.19817        1.09411   2  26
        0.19817        1.12211   2  27
        0.19817        1.19313   2  28
        0.19817        1.24697   2  29
        0.19817        1.28105   2  30
        0.19817        1.34472   2  31
        0.19817        1.36168   2  32
        0.19817        1.43915   2  33
        0.19817        1.45351   2  34
        0.19817        1.49350   2  35
        0.19817        1.51956   2  36
        0.19817        1.56542   2  37
        0.19817        1.64636   2  38
        0.19817        1.68106   2  39
        0.19817        1.72571   2  40
        0.19817        1.82026   2  41
        0.19817        1.94125   2  42
        0.19817        2.00078   2  43
        0.19817        2.06302   2  44
        0.19817        2.11221   2  45
        0.19817        2.22892   2  46
        0.19817        2.36434   2  47
        0.19817        2.37958   2  48
        0.19817        2.44028   2  49
        0.19817        2.51655   2  50
        0.20738       -0.36580   2   1
        0.20738       -0.35447   2   2
        0.20738       -0.31436   2   3
        0.20738       -0.26848   2   4
        0.20738       -0.23098   2   5
        0.20738       -0.21228   2   6
        0.20738       -0.18543   2   7
        0.20738       -0.16959   2   8
        0.20738       -0.11513   2   9
        0.20738       -0.09545   2  10
        0.20738       -0.06380   2  11
        0.20738       -0.05190   2  12
        0.20738       -0.02621   2  13
        0.20738       -0.00226   2  14
        0.20738        0.00857   2  15
        0.20738        0.02818   2  16
        0.20738        0.04264   2  17
        0.20738        0.05004   2  18
        0.20738        0.68067   2  19
        0.20738        0.69249   2  20
        0.20738        0.69737   2  21
        0.20738        0.79959   2  22
        0.20738        0.81115   2  23
        0.20738        1.03956   2  24
        0.20738        1.07249   2  25
        0.20738        1.08739   2  26
        0.20738        1.11436   2  27
        0.20738        1.18222   2  28
        0.20738        1.25118   2  29
        0.20738        1.27162   2  30
        0.20738        1.34662   2  31
        0.20738        1.35824   2  32
        0.20738        1.43873   2  33
        0.20738        1.45304   2  34
        0.20738        1.49844   2  35
        0.20738        1.51874   2  36
        0.20738        1.55675   2  37
        0.20738        1.64317   2  38
        0.20738        1.68117   2  39
        0.20738        1.72282   2  40
        0.20738        1.82562   2  41
        0.20738        1.93273   2  42
        0.20738        2.00446   2  43
        0.20738        2.06263   2  44
        0.20738        2.11606   2  45
        0.20738        2.23326   2  46
        0.20738        2.35855   2  47
        0.20738        2.38195   2  48
        0.20738        2.43889   2  49
        0.20738        2.52080   2  50
        0.21659       -0.36350   2   1
        0.21659       -0.35512   2   2
        0.21659       -0.31928   2   3
        0.21659       -0.26881   2   4
        0.21659       -0.23604   2   5
        0.21659       -0.21578   2   6
        0.21659       -0.18911   2   7
        0.21659       -0.17049   2   8
        0.21659       -0.10491   2   9
        0.21659       -0.08768   2  10
        0.21659       -0.06020   2  11
        0.21659       -0.04726   2  12
        0.21659       -0.02806   2  13
        0.21659       -0.00260   2  14
        0.21659        0.00612   2  15
        0.21659        0.03036   2  16
        0.21659        0.04522   2  17
        0.21659        0.05198   2  18
        0.21659        0.67712   2  19
        0.21659        0.69065   2  20
        0.21659        0.69536   2  21
        0.21659        0.80095   2  22
        0.21659        0.81213   2  23
        0.21659        1.04234   2  24
        0.21659        1.06380   2  25
        0.21659        1.08204   2  26
        0.21659        1.11340   2  27
        0.21659        1.17284   2  28
        0.21659        1.25563   2  29
        0.21659        1.26468   2  30
        0.21659        1.34663   2  31
        0.21659        1.35715   2  32
        0.21659        1.43638   2  33
        0.21659        1.45582   2  34
        0.21659        1.50054   2  35
        0.21659        1.52104   2  36
        0.21659        1.54933   2  37
        0.21659        1.64020   2  38
        0.21659        1.67963   2  39
        0.21659        1.72175   2  40
        0.21659        1.82901   2  41
        0.21659        1.92749   2  42
        0.21659        2.00706   2  43
        0.21659        2.06210   2  44
        0.21659        2.12410   2  45
        0.21659        2.23649   2  46
        0.21659        2.34764   2  47
        0.21659        2.38500   2  48
        0.21659        2.43999   2  49
        0.21659        2.52341   2  50
        0.22580       -0.36123   2   1
        0.22580       -0.35640   2   2
        0.22580       -0.32390   2   3
        0.22580       -0.27071   2   4
        0.22580       -0.24180   2   5
        0.22580       -0.21733   2   6
        0.22580       -0.19128   2   7
        0.22580       -0.17305   2   8
        0.22580       -0.09555   2   9
        0.22580       -0.07949   2  10
        0.22580       -0.05742   2  11
        0.22580       -0.04420   2  12
        0.22580       -0.02816   2  13
        0.22580       -0.00286   2  14
        0.22580        0.00440   2  15
        0.22580        0.02989   2  16
        0.22580        0.04955   2  17
        0.22580        0.05513   2  18
        0.22580        0.67412   2  19
        0.22580        0.68872   2  20
        0.22580        0.69357   2  21
        0.22580        0.80200   2  22
        0.22580        0.81322   2  23
        0.22580        1.03905   2  24
        0.22580        1.05493   2  25
        0.22580        1.07953   2  26
        0.22580        1.11401   2  27
        0.22580        1.16546   2  28
        0.22580        1.25799   2  29
        0.22580        1.26256   2  30
        0.22580        1.34342   2  31
        0.22580        1.36002   2  32
        0.22580        1.43296   2  33
        0.22580        1.46046   2  34
        0.22580        1.49964   2  35
        0.22580        1.52464   2  36
        0.22580        1.54430   2  37
        0.22580        1.63801   2  38
        0.22580        1.67620   2  39
        0.22580        1.72319   2  40
        0.22580        1.83029   2  41
        0.22580        1.92670   2  42
        0.22580        2.00811   2  43
        0.22580        2.06093   2  44
        0.22580        2.13635   2  45
        0.22580        2.23694   2  46
        0.22580        2.33462   2  47
        0.22580        2.38910   2  48
        0.22580        2.44216   2  49
        0.22580        2.52440   2  50
        0.22580       -0.36126   2   1
        0.22580       -0.35663   2   2
        0.22580       -0.32400   2   3
        0.22580       -0.27089   2   4
        0.22580       -0.24171   2   5
        0.22580       -0.21725   2   6
        0.22580       -0.19133   2   7
        0.22580       -0.17305   2   8
        0.22580       -0.09555   2   9
        0.22580       -0.07951   2  10
        0.22580       -0.05751   2  11
        0.22580       -0.04438   2  12
        0.22580       -0.02818   2  13
        0.22580       -0.00293   2  14
        0.22580        0.00425   2  15
        0.22580        0.02993   2  16
        0.22580        0.04951   2  17
        0.22580        0.05509   2  18
        0.22580        0.67414   2  19
        0.22580        0.68873   2  20
        0.22580        0.69363   2  21
        0.22580        0.80235   2  22
        0.22580        0.81342   2  23
        0.22580        1.03881   2  24
        0.22580        1.05465   2  25
        0.22580        1.07934   2  26
        0.22580        1.11367   2  27
        0.22580        1.16535   2  28
        0.22580        1.25743   2  29
        0.22580        1.26248   2  30
        0.22580        1.34330   2  31
        0.22580        1.36013   2  32
        0.22580        1.43231   2  33
        0.22580        1.46003   2  34
        0.22580        1.50014   2  35
        0.22580        1.52448   2  36
        0.22580        1.54410   2  37
        0.22580        1.63803   2  38
        0.22580        1.67647   2  39
        0.22580        1.72356   2  40
        0.22580        1.83081   2  41
        0.22580        1.92681   2  42
        0.22580        2.00811   2  43
        0.22580        2.06097   2  44
        0.22580        2.13645   2  45
        0.22580        2.23738   2  46
        0.22580        2.33375   2  47
        0.22580        2.38946   2  48
        0.22580        2.44166   2  49
        0.22580        2.52463   2  50
        0.23469       -0.36042   2   1
        0.23469       -0.35887   2   2
        0.23469       -0.32719   2   3
        0.23469       -0.27583   2   4
        0.23469       -0.24478   2   5
        0.23469       -0.21668   2   6
        0.23469       -0.19270   2   7
        0.23469       -0.17586   2   8
        0.23469       -0.08946   2   9
        0.23469       -0.07173   2  10
        0.23469       -0.05521   2  11
        0.23469       -0.04460   2  12
        0.23469       -0.02541   2  13
        0.23469       -0.00245   2  14
        0.23469        0.00332   2  15
        0.23469        0.02770   2  16
        0.23469        0.05403   2  17
        0.23469        0.05851   2  18
        0.23469        0.67202   2  19
        0.23469        0.68695   2  20
        0.23469        0.69224   2  21
        0.23469        0.80346   2  22
        0.23469        0.81491   2  23
        0.23469        1.03279   2  24
        0.23469        1.04646   2  25
        0.23469        1.07818   2  26
        0.23469        1.11290   2  27
        0.23469        1.16031   2  28
        0.23469        1.25582   2  29
        0.23469        1.26575   2  30
        0.23469        1.33949   2  31
        0.23469        1.36452   2  32
        0.23469        1.42794   2  33
        0.23469        1.46436   2  34
        0.23469        1.49746   2  35
        0.23469        1.52619   2  36
        0.23469        1.54337   2  37
        0.23469        1.63706   2  38
        0.23469        1.67183   2  39
        0.23469        1.72790   2  40
        0.23469        1.83155   2  41
        0.23469        1.93004   2  42
        0.23469        2.00762   2  43
        0.23469        2.05805   2  44
        0.23469        2.15110   2  45
        0.23469        2.23418   2  46
        0.23469        2.32239   2  47
        0.23469        2.39441   2  48
        0.23469        2.44264   2  49
        0.23469        2.52426   2  50
        0.24358       -0.36526   2   1
        0.24358       -0.35867   2   2
        0.24358       -0.32804   2   3
        0.24358       -0.28261   2   4
        0.24358       -0.24453   2   5
        0.24358       -0.21502   2   6
        0.24358       -0.19378   2   7
        0.24358       -0.17801   2   8
        0.24358       -0.08701   2   9
        0.24358       -0.06550   2  10
        0.24358       -0.05257   2  11
        0.24358       -0.04602   2  12
        0.24358       -0.02069   2  13
        0.24358       -0.00177   2  14
        0.24358        0.00346   2  15
        0.24358        0.02496   2  16
        0.24358        0.05728   2  17
        0.24358        0.06252   2  18
        0.24358        0.67078   2  19
        0.24358        0.68543   2  20
        0.24358        0.69116   2  21
        0.24358        0.80405   2  22
        0.24358        0.81652   2  23
        0.24358        1.02659   2  24
        0.24358        1.03976   2  25
        0.24358        1.07679   2  26
        0.24358        1.11108   2  27
        0.24358        1.15771   2  28
        0.24358        1.25594   2  29
        0.24358        1.26925   2  30
        0.24358        1.33620   2  31
        0.24358        1.36887   2  32
        0.24358        1.42401   2  33
        0.24358        1.46825   2  34
        0.24358        1.49309   2  35
        0.24358        1.52532   2  36
        0.24358        1.54729   2  37
        0.24358        1.63698   2  38
        0.24358        1.66551   2  39
        0.24358        1.73415   2  40
        0.24358        1.83183   2  41
        0.24358        1.93582   2  42
        0.24358        2.00551   2  43
        0.24358        2.05264   2  44
        0.24358        2.16658   2  45
        0.24358        2.22722   2  46
        0.24358        2.31691   2  47
        0.24358        2.39927   2  48
        0.24358        2.44295   2  49
        0.24358        2.52209   2  50
        0.25247       -0.37246   2   1
        0.25247       -0.35966   2   2
        0.25247       -0.32665   2   3
        0.25247       -0.28877   2   4
        0.25247       -0.24206   2   5
        0.25247       -0.21277   2   6
        0.25247       -0.19492   2   7
        0.25247       -0.17889   2   8
        0.25247       -0.08743   2   9
        0.25247       -0.06249   2  10
        0.25247       -0.05247   2  11
        0.25247       -0.04350   2  12
        0.25247       -0.01577   2  13
        0.25247       -0.00138   2  14
        0.25247        0.00447   2  15
        0.25247        0.02237   2  16
        0.25247        0.05928   2  17
        0.25247        0.06651   2  18
        0.25247        0.67044   2  19
        0.25247        0.68433   2  20
        0.25247        0.69043   2  21
        0.25247        0.80404   2  22
        0.25247        0.81816   2  23
        0.25247        1.02128   2  24
        0.25247        1.03467   2  25
        0.25247        1.07477   2  26
        0.25247        1.10881   2  27
        0.25247        1.15793   2  28
        0.25247        1.25791   2  29
        0.25247        1.27224   2  30
        0.25247        1.33332   2  31
        0.25247        1.37278   2  32
        0.25247        1.42095   2  33
        0.25247        1.47076   2  34
        0.25247        1.48834   2  35
        0.25247        1.52359   2  36
        0.25247        1.55322   2  37
        0.25247        1.63702   2  38
        0.25247        1.65772   2  39
        0.25247        1.74148   2  40
        0.25247        1.83223   2  41
        0.25247        1.94277   2  42
        0.25247        2.00188   2  43
        0.25247        2.04496   2  44
        0.25247        2.17651   2  45
        0.25247        2.22352   2  46
        0.25247        2.31784   2  47
        0.25247        2.40352   2  48
        0.25247        2.44281   2  49
        0.25247        2.51800   2  50
        0.26136       -0.38086   2   1
        0.26136       -0.36240   2   2
        0.26136       -0.32390   2   3
        0.26136       -0.29272   2   4
        0.26136       -0.23831   2   5
        0.26136       -0.21024   2   6
        0.26136       -0.19589   2   7
        0.26136       -0.17855   2   8
        0.26136       -0.08948   2   9
        0.26136       -0.06299   2  10
        0.26136       -0.05374   2  11
        0.26136       -0.03819   2  12
        0.26136       -0.01202   2  13
        0.26136       -0.00078   2  14
        0.26136        0.00587   2  15
        0.26136        0.02025   2  16
        0.26136        0.06058   2  17
        0.26136        0.06981   2  18
        0.26136        0.67093   2  19
        0.26136        0.68374   2  20
        0.26136        0.69008   2  21
        0.26136        0.80339   2  22
        0.26136        0.81975   2  23
        0.26136        1.01729   2  24
        0.26136        1.03094   2  25
        0.26136        1.07222   2  26
        0.26136        1.10697   2  27
        0.26136        1.16133   2  28
        0.26136        1.26110   2  29
        0.26136        1.27462   2  30
        0.26136        1.33051   2  31
        0.26136        1.37621   2  32
        0.26136        1.41895   2  33
        0.26136        1.47064   2  34
        0.26136        1.48495   2  35
        0.26136        1.52195   2  36
        0.26136        1.55938   2  37
        0.26136        1.63539   2  38
        0.26136        1.64962   2  39
        0.26136        1.74889   2  40
        0.26136        1.83318   2  41
        0.26136        1.94988   2  42
        0.26136        1.99700   2  43
        0.26136        2.03622   2  44
        0.26136        2.17170   2  45
        0.26136        2.23344   2  46
        0.26136        2.32368   2  47
        0.26136        2.40687   2  48
        0.26136        2.44252   2  49
        0.26136        2.51198   2  50
        0.27025       -0.38960   2   1
        0.27025       -0.36662   2   2
        0.27025       -0.32078   2   3
        0.27025       -0.29418   2   4
        0.27025       -0.23381   2   5
        0.27025       -0.20762   2   6
        0.27025       -0.19607   2   7
        0.27025       -0.17756   2   8
        0.27025       -0.09224   2   9
        0.27025       -0.06619   2  10
        0.27025       -0.05406   2  11
        0.27025       -0.03347   2  12
        0.27025       -0.01051   2  13
        0.27025        0.00081   2  14
        0.27025        0.00749   2  15
        0.27025        0.01859   2  16
        0.27025        0.06148   2  17
        0.27025        0.07219   2  18
        0.27025        0.67203   2  19
        0.27025        0.68366   2  20
        0.27025        0.69016   2  21
        0.27025        0.80219   2  22
        0.27025        0.82113   2  23
        0.27025        1.01472   2  24
        0.27025        1.02829   2  25
        0.27025        1.06928   2  26
        0.27025        1.10641   2  27
        0.27025        1.16807   2  28
        0.27025        1.26470   2  29
        0.27025        1.27634   2  30
        0.27025        1.32774   2  31
        0.27025        1.37901   2  32
        0.27025        1.41820   2  33
        0.27025        1.46753   2  34
        0.27025        1.48372   2  35
        0.27025        1.52068   2  36
        0.27025        1.56499   2  37
        0.27025        1.62806   2  38
        0.27025        1.64484   2  39
        0.27025        1.75520   2  40
        0.27025        1.83512   2  41
        0.27025        1.95658   2  42
        0.27025        1.99125   2  43
        0.27025        2.02815   2  44
        0.27025        2.15758   2  45
        0.27025        2.25153   2  46
        0.27025        2.33294   2  47
        0.27025        2.40909   2  48
        0.27025        2.44233   2  49
        0.27025        2.50424   2  50
        0.27914       -0.39797   2   1
        0.27914       -0.37166   2   2
        0.27914       -0.31793   2   3
        0.27914       -0.29376   2   4
        0.27914       -0.22898   2   5
        0.27914       -0.20479   2   6
        0.27914       -0.19516   2   7
        0.27914       -0.17647   2   8
        0.27914       -0.09526   2   9
        0.27914       -0.07049   2  10
        0.27914       -0.05400   2  11
        0.27914       -0.03012   2  12
        0.27914       -0.01095   2  13
        0.27914        0.00327   2  14
        0.27914        0.00919   2  15
        0.27914        0.01730   2  16
        0.27914        0.06222   2  17
        0.27914        0.07358   2  18
        0.27914        0.67346   2  19
        0.27914        0.68401   2  20
        0.27914        0.69068   2  21
        0.27914        0.80057   2  22
        0.27914        0.82219   2  23
        0.27914        1.01341   2  24
        0.27914        1.02652   2  25
        0.27914        1.06617   2  26
        0.27914        1.10753   2  27
        0.27914        1.17792   2  28
        0.27914        1.26783   2  29
        0.27914        1.27730   2  30
        0.27914        1.32536   2  31
        0.27914        1.38077   2  32
        0.27914        1.41889   2  33
        0.27914        1.46344   2  34
        0.27914        1.48317   2  35
        0.27914        1.52003   2  36
        0.27914        1.56945   2  37
        0.27914        1.61557   2  38
        0.27914        1.64300   2  39
        0.27914        1.75950   2  40
        0.27914        1.83828   2  41
        0.27914        1.96196   2  42
        0.27914        1.98600   2  43
        0.27914        2.02212   2  44
        0.27914        2.14069   2  45
        0.27914        2.27059   2  46
        0.27914        2.34450   2  47
        0.27914        2.40980   2  48
        0.27914        2.44249   2  49
        0.27914        2.49529   2  50
        0.28803       -0.40545   2   1
        0.28803       -0.37680   2   2
        0.28803       -0.31562   2   3
        0.28803       -0.29246   2   4
        0.28803       -0.22427   2   5
        0.28803       -0.20117   2   6
        0.28803       -0.19367   2   7
        0.28803       -0.17557   2   8
        0.28803       -0.09842   2   9
        0.28803       -0.07499   2  10
        0.28803       -0.05370   2  11
        0.28803       -0.02835   2  12
        0.28803       -0.01185   2  13
        0.28803        0.00541   2  14
        0.28803        0.01046   2  15
        0.28803        0.01679   2  16
        0.28803        0.06295   2  17
        0.28803        0.07401   2  18
        0.28803        0.67493   2  19
        0.28803        0.68464   2  20
        0.28803        0.69158   2  21
        0.28803        0.79875   2  22
        0.28803        0.82287   2  23
        0.28803        1.01305   2  24
        0.28803        1.02545   2  25
        0.28803        1.06329   2  26
        0.28803        1.11009   2  27
        0.28803        1.19024   2  28
        0.28803        1.26987   2  29
        0.28803        1.27722   2  30
        0.28803        1.32368   2  31
        0.28803        1.38146   2  32
        0.28803        1.42083   2  33
        0.28803        1.46023   2  34
        0.28803        1.48208   2  35
        0.28803        1.52033   2  36
        0.28803        1.57119   2  37
        0.28803        1.60262   2  38
        0.28803        1.64108   2  39
        0.28803        1.76169   2  40
        0.28803        1.84226   2  41
        0.28803        1.96341   2  42
        0.28803        1.98495   2  43
        0.28803        2.01832   2  44
        0.28803        2.12318   2  45
        0.28803        2.28808   2  46
        0.28803        2.35733   2  47
        0.28803        2.40839   2  48
        0.28803        2.44332   2  49
        0.28803        2.48589   2  50
        0.29692       -0.41163   2   1
        0.29692       -0.38139   2   2
        0.29692       -0.31391   2   3
        0.29692       -0.29111   2   4
        0.29692       -0.22003   2   5
        0.29692       -0.19650   2   6
        0.29692       -0.19240   2   7
        0.29692       -0.17500   2   8
        0.29692       -0.10165   2   9
        0.29692       -0.07916   2  10
        0.29692       -0.05302   2  11
        0.29692       -0.02815   2  12
        0.29692       -0.01219   2  13
        0.29692        0.00630   2  14
        0.29692        0.01085   2  15
        0.29692        0.01774   2  16
        0.29692        0.06378   2  17
        0.29692        0.07361   2  18
        0.29692        0.67619   2  19
        0.29692        0.68536   2  20
        0.29692        0.69268   2  21
        0.29692        0.79699   2  22
        0.29692        0.82321   2  23
        0.29692        1.01326   2  24
        0.29692        1.02492   2  25
        0.29692        1.06099   2  26
        0.29692        1.11331   2  27
        0.29692        1.20395   2  28
        0.29692        1.27062   2  29
        0.29692        1.27587   2  30
        0.29692        1.32239   2  31
        0.29692        1.38192   2  32
        0.29692        1.42323   2  33
        0.29692        1.45858   2  34
        0.29692        1.48075   2  35
        0.29692        1.52166   2  36
        0.29692        1.56569   2  37
        0.29692        1.59567   2  38
        0.29692        1.63811   2  39
        0.29692        1.76243   2  40
        0.29692        1.84601   2  41
        0.29692        1.96020   2  42
        0.29692        1.98990   2  43
        0.29692        2.01621   2  44
        0.29692        2.10632   2  45
        0.29692        2.30320   2  46
        0.29692        2.37005   2  47
        0.29692        2.40492   2  48
        0.29692        2.44437   2  49
        0.29692        2.47720   2  50
        0.30581       -0.41623   2   1
        0.30581       -0.38497   2   2
        0.30581       -0.31275   2   3
        0.30581       -0.29012   2   4
        0.30581       -0.21649   2   5
        0.30581       -0.19212   2   6
        0.30581       -0.19091   2   7
        0.30581       -0.17495   2   8
        0.30581       -0.10471   2   9
        0.30581       -0.08254   2  10
        0.30581       -0.05202   2  11
        0.30581       -0.02897   2  12
        0.30581       -0.01193   2  13
        0.30581        0.00582   2  14
        0.30581        0.01101   2  15
        0.30581        0.01950   2  16
        0.30581        0.06473   2  17
        0.30581        0.07263   2  18
        0.30581        0.67712   2  19
        0.30581        0.68600   2  20
        0.30581        0.69374   2  21
        0.30581        0.79553   2  22
        0.30581        0.82329   2  23
        0.30581        1.01369   2  24
        0.30581        1.02471   2  25
        0.30581        1.05944   2  26
        0.30581        1.11636   2  27
        0.30581        1.21761   2  28
        0.30581        1.26948   2  29
        0.30581        1.27420   2  30
        0.30581        1.32082   2  31
        0.30581        1.38296   2  32
        0.30581        1.42561   2  33
        0.30581        1.45730   2  34
        0.30581        1.48096   2  35
        0.30581        1.52360   2  36
        0.30581        1.55295   2  37
        0.30581        1.59641   2  38
        0.30581        1.63415   2  39
        0.30581        1.76260   2  40
        0.30581        1.84852   2  41
        0.30581        1.95613   2  42
        0.30581        1.99725   2  43
        0.30581        2.01518   2  44
        0.30581        2.09144   2  45
        0.30581        2.31555   2  46
        0.30581        2.38033   2  47
        0.30581        2.40159   2  48
        0.30581        2.44391   2  49
        0.30581        2.47087   2  50
        0.31470       -0.41906   2   1
        0.31470       -0.38722   2   2
        0.31470       -0.31208   2   3
        0.31470       -0.28957   2   4
        0.31470       -0.21403   2   5
        0.31470       -0.19180   2   6
        0.31470       -0.18647   2   7
        0.31470       -0.17552   2   8
        0.31470       -0.10701   2   9
        0.31470       -0.08473   2  10
        0.31470       -0.05107   2  11
        0.31470       -0.02994   2  12
        0.31470       -0.01154   2  13
        0.31470        0.00493   2  14
        0.31470        0.01123   2  15
        0.31470        0.02095   2  16
        0.31470        0.06565   2  17
        0.31470        0.07151   2  18
        0.31470        0.67769   2  19
        0.31470        0.68644   2  20
        0.31470        0.69451   2  21
        0.31470        0.79456   2  22
        0.31470        0.82326   2  23
        0.31470        1.01408   2  24
        0.31470        1.02467   2  25
        0.31470        1.05862   2  26
        0.31470        1.11850   2  27
        0.31470        1.22891   2  28
        0.31470        1.26603   2  29
        0.31470        1.27371   2  30
        0.31470        1.31918   2  31
        0.31470        1.38426   2  32
        0.31470        1.42799   2  33
        0.31470        1.45497   2  34
        0.31470        1.48369   2  35
        0.31470        1.52553   2  36
        0.31470        1.54032   2  37
        0.31470        1.59952   2  38
        0.31470        1.63020   2  39
        0.31470        1.76273   2  40
        0.31470        1.84943   2  41
        0.31470        1.95321   2  42
        0.31470        2.00368   2  43
        0.31470        2.01484   2  44
        0.31470        2.08055   2  45
        0.31470        2.32407   2  46
        0.31470        2.38393   2  47
        0.31470        2.40334   2  48
        0.31470        2.44070   2  49
        0.31470        2.46808   2  50
        0.32359       -0.42002   2   1
        0.32359       -0.38796   2   2
        0.32359       -0.31187   2   3
        0.32359       -0.28941   2   4
        0.32359       -0.21313   2   5
        0.32359       -0.19181   2   6
        0.32359       -0.18441   2   7
        0.32359       -0.17605   2   8
        0.32359       -0.10787   2   9
        0.32359       -0.08550   2  10
        0.32359       -0.05066   2  11
        0.32359       -0.03037   2  12
        0.32359       -0.01136   2  13
        0.32359        0.00453   2  14
        0.32359        0.01129   2  15
        0.32359        0.02148   2  16
        0.32359        0.06609   2  17
        0.32359        0.07095   2  18
        0.32359        0.67787   2  19
        0.32359        0.68656   2  20
        0.32359        0.69479   2  21
        0.32359        0.79420   2  22
        0.32359        0.82324   2  23
        0.32359        1.01424   2  24
        0.32359        1.02472   2  25
        0.32359        1.05839   2  26
        0.32359        1.11924   2  27
        0.32359        1.23369   2  28
        0.32359        1.26382   2  29
        0.32359        1.27372   2  30
        0.32359        1.31869   2  31
        0.32359        1.38490   2  32
        0.32359        1.42924   2  33
        0.32359        1.45327   2  34
        0.32359        1.48569   2  35
        0.32359        1.52654   2  36
        0.32359        1.53456   2  37
        0.32359        1.60140   2  38
        0.32359        1.62821   2  39
        0.32359        1.76303   2  40
        0.32359        1.84900   2  41
        0.32359        1.95186   2  42
        0.32359        2.00593   2  43
        0.32359        2.01522   2  44
        0.32359        2.07630   2  45
        0.32359        2.32693   2  46
        0.32359        2.38340   2  47
        0.32359        2.40735   2  48
        0.32359        2.43785   2  49
        0.32359        2.46759   2  50
        0.32359       -0.42002   2   1
        0.32359       -0.38796   2   2
        0.32359       -0.31187   2   3
        0.32359       -0.28941   2   4
        0.32359       -0.21313   2   5
        0.32359       -0.19181   2   6
        0.32359       -0.18441   2   7
        0.32359       -0.17605   2   8
        0.32359       -0.10787   2   9
        0.32359       -0.08550   2  10
        0.32359       -0.05066   2  11
        0.32359       -0.03037   2  12
        0.32359       -0.01136   2  13
        0.32359        0.00453   2  14
        0.32359        0.01129   2  15
        0.32359        0.02148   2  16
        0.32359        0.06609   2  17
        0.32359        0.07095   2  18
        0.32359        0.67787   2  19
        0.32359        0.68656   2  20
        0.32359        0.69479   2  21
        0.32359        0.79420   2  22
        0.32359        0.82324   2  23
        0.32359        1.01424   2  24
        0.32359        1.02472   2  25
        0.32359        1.05839   2  26
        0.32359        1.11924   2  27
        0.32359        1.23369   2  28
        0.32359        1.26382   2  29
        0.32359        1.27372   2  30
        0.32359        1.31869   2  31
        0.32359        1.38490   2  32
        0.32359        1.42924   2  33
        0.32359        1.45327   2  34
        0.32359        1.48569   2  35
        0.32359        1.52654   2  36
        0.32359        1.53456   2  37
        0.32359        1.60140   2  38
        0.32359        1.62821   2  39
        0.32359        1.76303   2  40
        0.32359        1.84900   2  41
        0.32359        1.95186   2  42
        0.32359        2.00593   2  43
        0.32359        2.01522   2  44
        0.32359        2.07630   2  45
        0.32359        2.32693   2  46
        0.32359        2.38340   2  47
        0.32359        2.40735   2  48
        0.32359        2.43785   2  49
        0.32359        2.46759   2  50
        0.33261       -0.42018   2   1
        0.33261       -0.38738   2   2
        0.33261       -0.31371   2   3
        0.33261       -0.29052   2   4
        0.33261       -0.21505   2   5
        0.33261       -0.19992   2   6
        0.33261       -0.18199   2   7
        0.33261       -0.16467   2   8
        0.33261       -0.10955   2   9
        0.33261       -0.08420   2  10
        0.33261       -0.05171   2  11
        0.33261       -0.03223   2  12
        0.33261       -0.01320   2  13
        0.33261        0.00626   2  14
        0.33261        0.01179   2  15
        0.33261        0.02286   2  16
        0.33261        0.06613   2  17
        0.33261        0.07089   2  18
        0.33261        0.67833   2  19
        0.33261        0.68674   2  20
        0.33261        0.69493   2  21
        0.33261        0.79450   2  22
        0.33261        0.82310   2  23
        0.33261        1.00292   2  24
        0.33261        1.03243   2  25
        0.33261        1.06156   2  26
        0.33261        1.12171   2  27
        0.33261        1.23043   2  28
        0.33261        1.26315   2  29
        0.33261        1.27620   2  30
        0.33261        1.31942   2  31
        0.33261        1.38537   2  32
        0.33261        1.42949   2  33
        0.33261        1.45249   2  34
        0.33261        1.48749   2  35
        0.33261        1.52698   2  36
        0.33261        1.53255   2  37
        0.33261        1.60437   2  38
        0.33261        1.63039   2  39
        0.33261        1.76331   2  40
        0.33261        1.84935   2  41
        0.33261        1.94899   2  42
        0.33261        2.00457   2  43
        0.33261        2.01701   2  44
        0.33261        2.07661   2  45
        0.33261        2.32618   2  46
        0.33261        2.38101   2  47
        0.33261        2.41060   2  48
        0.33261        2.43930   2  49
        0.33261        2.47016   2  50
        0.34163       -0.42068   2   1
        0.34163       -0.38571   2   2
        0.34163       -0.31884   2   3
        0.34163       -0.29312   2   4
        0.34163       -0.22453   2   5
        0.34163       -0.20441   2   6
        0.34163       -0.17639   2   7
        0.34163       -0.14602   2   8
        0.34163       -0.11362   2   9
        0.34163       -0.08190   2  10
        0.34163       -0.05393   2  11
        0.34163       -0.03683   2  12
        0.34163       -0.01746   2  13
        0.34163        0.01031   2  14
        0.34163        0.01206   2  15
        0.34163        0.02648   2  16
        0.34163        0.06611   2  17
        0.34163        0.07097   2  18
        0.34163        0.67950   2  19
        0.34163        0.68682   2  20
        0.34163        0.69562   2  21
        0.34163        0.79513   2  22
        0.34163        0.82256   2  23
        0.34163        0.98495   2  24
        0.34163        1.04085   2  25
        0.34163        1.06943   2  26
        0.34163        1.12861   2  27
        0.34163        1.22218   2  28
        0.34163        1.26066   2  29
        0.34163        1.28281   2  30
        0.34163        1.32150   2  31
        0.34163        1.38598   2  32
        0.34163        1.42937   2  33
        0.34163        1.45059   2  34
        0.34163        1.49191   2  35
        0.34163        1.52593   2  36
        0.34163        1.53008   2  37
        0.34163        1.61127   2  38
        0.34163        1.63630   2  39
        0.34163        1.76196   2  40
        0.34163        1.84853   2  41
        0.34163        1.93850   2  42
        0.34163        1.99761   2  43
        0.34163        2.02210   2  44
        0.34163        2.07800   2  45
        0.34163        2.31885   2  46
        0.34163        2.37334   2  47
        0.34163        2.41600   2  48
        0.34163        2.44266   2  49
        0.34163        2.47816   2  50
        0.35065       -0.42152   2   1
        0.35065       -0.38310   2   2
        0.35065       -0.32618   2   3
        0.35065       -0.29606   2   4
        0.35065       -0.23669   2   5
        0.35065       -0.20781   2   6
        0.35065       -0.16647   2   7
        0.35065       -0.12677   2   8
        0.35065       -0.11845   2   9
        0.35065       -0.08137   2  10
        0.35065       -0.05488   2  11
        0.35065       -0.04290   2  12
        0.35065       -0.02217   2  13
        0.35065        0.01137   2  14
        0.35065        0.01503   2  15
        0.35065        0.03099   2  16
        0.35065        0.06599   2  17
        0.35065        0.07176   2  18
        0.35065        0.68128   2  19
        0.35065        0.68695   2  20
        0.35065        0.69664   2  21
        0.35065        0.79611   2  22
        0.35065        0.82177   2  23
        0.35065        0.96466   2  24
        0.35065        1.04894   2  25
        0.35065        1.07912   2  26
        0.35065        1.13823   2  27
        0.35065        1.21126   2  28
        0.35065        1.25728   2  29
        0.35065        1.29211   2  30
        0.35065        1.32479   2  31
        0.35065        1.38561   2  32
        0.35065        1.42838   2  33
        0.35065        1.44984   2  34
        0.35065        1.49496   2  35
        0.35065        1.52061   2  36
        0.35065        1.53497   2  37
        0.35065        1.61894   2  38
        0.35065        1.64558   2  39
        0.35065        1.75960   2  40
        0.35065        1.84689   2  41
        0.35065        1.92465   2  42
        0.35065        1.98646   2  43
        0.35065        2.02611   2  44
        0.35065        2.08073   2  45
        0.35065        2.30522   2  46
        0.35065        2.36539   2  47
        0.35065        2.41693   2  48
        0.35065        2.45166   2  49
        0.35065        2.48837   2  50
        0.35967       -0.42277   2   1
        0.35967       -0.37978   2   2
        0.35967       -0.33416   2   3
        0.35967       -0.29880   2   4
        0.35967       -0.24770   2   5
        0.35967       -0.21355   2   6
        0.35967       -0.15372   2   7
        0.35967       -0.12695   2   8
        0.35967       -0.10600   2   9
        0.35967       -0.08335   2  10
        0.35967       -0.05489   2  11
        0.35967       -0.04749   2  12
        0.35967       -0.02578   2  13
        0.35967        0.00945   2  14
        0.35967        0.01910   2  15
        0.35967        0.03554   2  16
        0.35967        0.06624   2  17
        0.35967        0.07350   2  18
        0.35967        0.68346   2  19
        0.35967        0.68731   2  20
        0.35967        0.69781   2  21
        0.35967        0.79745   2  22
        0.35967        0.82091   2  23
        0.35967        0.94282   2  24
        0.35967        1.05779   2  25
        0.35967        1.08888   2  26
        0.35967        1.14773   2  27
        0.35967        1.20053   2  28
        0.35967        1.25446   2  29
        0.35967        1.30317   2  30
        0.35967        1.32891   2  31
        0.35967        1.38333   2  32
        0.35967        1.42692   2  33
        0.35967        1.45029   2  34
        0.35967        1.49447   2  35
        0.35967        1.51735   2  36
        0.35967        1.54440   2  37
        0.35967        1.62513   2  38
        0.35967        1.65743   2  39
        0.35967        1.75763   2  40
        0.35967        1.84475   2  41
        0.35967        1.91038   2  42
        0.35967        1.97243   2  43
        0.35967        2.02777   2  44
        0.35967        2.08391   2  45
        0.35967        2.28689   2  46
        0.35967        2.35792   2  47
        0.35967        2.41364   2  48
        0.35967        2.46471   2  49
        0.35967        2.49896   2  50
        0.36868       -0.42458   2   1
        0.36868       -0.37606   2   2
        0.36868       -0.34133   2   3
        0.36868       -0.30114   2   4
        0.36868       -0.25679   2   5
        0.36868       -0.22146   2   6
        0.36868       -0.14049   2   7
        0.36868       -0.13548   2   8
        0.36868       -0.09410   2   9
        0.36868       -0.08194   2  10
        0.36868       -0.06016   2  11
        0.36868       -0.04322   2  12
        0.36868       -0.02745   2  13
        0.36868        0.00584   2  14
        0.36868        0.02227   2  15
        0.36868        0.03986   2  16
        0.36868        0.06748   2  17
        0.36868        0.07600   2  18
        0.36868        0.68560   2  19
        0.36868        0.68817   2  20
        0.36868        0.69900   2  21
        0.36868        0.79913   2  22
        0.36868        0.82009   2  23
        0.36868        0.91983   2  24
        0.36868        1.06764   2  25
        0.36868        1.09707   2  26
        0.36868        1.15273   2  27
        0.36868        1.19532   2  28
        0.36868        1.25327   2  29
        0.36868        1.31550   2  30
        0.36868        1.33331   2  31
        0.36868        1.37909   2  32
        0.36868        1.42529   2  33
        0.36868        1.45084   2  34
        0.36868        1.49309   2  35
        0.36868        1.51607   2  36
        0.36868        1.55709   2  37
        0.36868        1.62837   2  38
        0.36868        1.67120   2  39
        0.36868        1.75777   2  40
        0.36868        1.84212   2  41
        0.36868        1.89731   2  42
        0.36868        1.95687   2  43
        0.36868        2.02783   2  44
        0.36868        2.08610   2  45
        0.36868        2.26566   2  46
        0.36868        2.35069   2  47
        0.36868        2.40738   2  48
        0.36868        2.47917   2  49
        0.36868        2.50926   2  50
        0.37770       -0.42706   2   1
        0.37770       -0.37236   2   2
        0.37770       -0.34662   2   3
        0.37770       -0.30288   2   4
        0.37770       -0.26389   2   5
        0.37770       -0.23078   2   6
        0.37770       -0.14727   2   7
        0.37770       -0.12747   2   8
        0.37770       -0.09647   2   9
        0.37770       -0.07480   2  10
        0.37770       -0.06172   2  11
        0.37770       -0.03456   2  12
        0.37770       -0.02606   2  13
        0.37770        0.00073   2  14
        0.37770        0.02456   2  15
        0.37770        0.04399   2  16
        0.37770        0.06991   2  17
        0.37770        0.07897   2  18
        0.37770        0.68700   2  19
        0.37770        0.69004   2  20
        0.37770        0.70010   2  21
        0.37770        0.80106   2  22
        0.37770        0.81939   2  23
        0.37770        0.89619   2  24
        0.37770        1.07822   2  25
        0.37770        1.10014   2  26
        0.37770        1.15290   2  27
        0.37770        1.19946   2  28
        0.37770        1.25440   2  29
        0.37770        1.32829   2  30
        0.37770        1.33735   2  31
        0.37770        1.37387   2  32
        0.37770        1.42324   2  33
        0.37770        1.45123   2  34
        0.37770        1.49369   2  35
        0.37770        1.51633   2  36
        0.37770        1.57103   2  37
        0.37770        1.62799   2  38
        0.37770        1.68668   2  39
        0.37770        1.76084   2  40
        0.37770        1.83864   2  41
        0.37770        1.88641   2  42
        0.37770        1.94097   2  43
        0.37770        2.02749   2  44
        0.37770        2.08632   2  45
        0.37770        2.24282   2  46
        0.37770        2.34353   2  47
        0.37770        2.39838   2  48
        0.37770        2.49378   2  49
        0.37770        2.51907   2  50
        0.38672       -0.43023   2   1
        0.38672       -0.36916   2   2
        0.38672       -0.34925   2   3
        0.38672       -0.30386   2   4
        0.38672       -0.26937   2   5
        0.38672       -0.24046   2   6
        0.38672       -0.16002   2   7
        0.38672       -0.12080   2   8
        0.38672       -0.09986   2   9
        0.38672       -0.07500   2  10
        0.38672       -0.05558   2  11
        0.38672       -0.02830   2  12
        0.38672       -0.01759   2  13
        0.38672       -0.00430   2  14
        0.38672        0.02628   2  15
        0.38672        0.04821   2  16
        0.38672        0.07329   2  17
        0.38672        0.08209   2  18
        0.38672        0.68780   2  19
        0.38672        0.69249   2  20
        0.38672        0.70111   2  21
        0.38672        0.80310   2  22
        0.38672        0.81878   2  23
        0.38672        0.87275   2  24
        0.38672        1.08704   2  25
        0.38672        1.09617   2  26
        0.38672        1.15674   2  27
        0.38672        1.20841   2  28
        0.38672        1.25821   2  29
        0.38672        1.33844   2  30
        0.38672        1.34052   2  31
        0.38672        1.37061   2  32
        0.38672        1.42112   2  33
        0.38672        1.45219   2  34
        0.38672        1.49546   2  35
        0.38672        1.51948   2  36
        0.38672        1.58445   2  37
        0.38672        1.62510   2  38
        0.38672        1.70330   2  39
        0.38672        1.76611   2  40
        0.38672        1.83375   2  41
        0.38672        1.87823   2  42
        0.38672        1.92558   2  43
        0.38672        2.02776   2  44
        0.38672        2.08450   2  45
        0.38672        2.21924   2  46
        0.38672        2.33642   2  47
        0.38672        2.38670   2  48
        0.38672        2.50790   2  49
        0.38672        2.52834   2  50
        0.39574       -0.43388   2   1
        0.39574       -0.36672   2   2
        0.39574       -0.34907   2   3
        0.39574       -0.30411   2   4
        0.39574       -0.27399   2   5
        0.39574       -0.24905   2   6
        0.39574       -0.17380   2   7
        0.39574       -0.12550   2   8
        0.39574       -0.09699   2   9
        0.39574       -0.07523   2  10
        0.39574       -0.04961   2  11
        0.39574       -0.02540   2  12
        0.39574       -0.01451   2  13
        0.39574        0.00179   2  14
        0.39574        0.02776   2  15
        0.39574        0.05298   2  16
        0.39574        0.07715   2  17
        0.39574        0.08510   2  18
        0.39574        0.68836   2  19
        0.39574        0.69489   2  20
        0.39574        0.70200   2  21
        0.39574        0.80499   2  22
        0.39574        0.81814   2  23
        0.39574        0.85075   2  24
        0.39574        1.07778   2  25
        0.39574        1.10351   2  26
        0.39574        1.16626   2  27
        0.39574        1.21762   2  28
        0.39574        1.26457   2  29
        0.39574        1.34041   2  30
        0.39574        1.34122   2  31
        0.39574        1.37542   2  32
        0.39574        1.42080   2  33
        0.39574        1.45433   2  34
        0.39574        1.49579   2  35
        0.39574        1.52732   2  36
        0.39574        1.59542   2  37
        0.39574        1.62246   2  38
        0.39574        1.71975   2  39
        0.39574        1.77185   2  40
        0.39574        1.82740   2  41
        0.39574        1.87270   2  42
        0.39574        1.91123   2  43
        0.39574        2.02941   2  44
        0.39574        2.08123   2  45
        0.39574        2.19576   2  46
        0.39574        2.32936   2  47
        0.39574        2.37267   2  48
        0.39574        2.52126   2  49
        0.39574        2.53699   2  50
        0.40476       -0.43767   2   1
        0.40476       -0.36453   2   2
        0.40476       -0.34687   2   3
        0.40476       -0.30437   2   4
        0.40476       -0.27828   2   5
        0.40476       -0.25491   2   6
        0.40476       -0.18802   2   7
        0.40476       -0.13585   2   8
        0.40476       -0.09224   2   9
        0.40476       -0.07447   2  10
        0.40476       -0.04594   2  11
        0.40476       -0.02408   2  12
        0.40476       -0.01632   2  13
        0.40476        0.01510   2  14
        0.40476        0.02928   2  15
        0.40476        0.05904   2  16
        0.40476        0.08103   2  17
        0.40476        0.08781   2  18
        0.40476        0.68867   2  19
        0.40476        0.69702   2  20
        0.40476        0.70279   2  21
        0.40476        0.80590   2  22
        0.40476        0.81699   2  23
        0.40476        0.83249   2  24
        0.40476        1.06188   2  25
        0.40476        1.11534   2  26
        0.40476        1.17831   2  27
        0.40476        1.22487   2  28
        0.40476        1.27280   2  29
        0.40476        1.33478   2  30
        0.40476        1.33922   2  31
        0.40476        1.38690   2  32
        0.40476        1.42451   2  33
        0.40476        1.45770   2  34
        0.40476        1.49409   2  35
        0.40476        1.53931   2  36
        0.40476        1.60106   2  37
        0.40476        1.62369   2  38
        0.40476        1.73428   2  39
        0.40476        1.77630   2  40
        0.40476        1.82065   2  41
        0.40476        1.86893   2  42
        0.40476        1.89820   2  43
        0.40476        2.03277   2  44
        0.40476        2.07753   2  45
        0.40476        2.17333   2  46
        0.40476        2.32245   2  47
        0.40476        2.35699   2  48
        0.40476        2.53355   2  49
        0.40476        2.54490   2  50
        0.41378       -0.44120   2   1
        0.41378       -0.36178   2   2
        0.41378       -0.34381   2   3
        0.41378       -0.30673   2   4
        0.41378       -0.28060   2   5
        0.41378       -0.25748   2   6
        0.41378       -0.20224   2   7
        0.41378       -0.14697   2   8
        0.41378       -0.08837   2   9
        0.41378       -0.07352   2  10
        0.41378       -0.04752   2  11
        0.41378       -0.02171   2  12
        0.41378       -0.01498   2  13
        0.41378        0.02558   2  14
        0.41378        0.03097   2  15
        0.41378        0.06692   2  16
        0.41378        0.08456   2  17
        0.41378        0.09011   2  18
        0.41378        0.68867   2  19
        0.41378        0.69880   2  20
        0.41378        0.70345   2  21
        0.41378        0.80183   2  22
        0.41378        0.81516   2  23
        0.41378        0.82295   2  24
        0.41378        1.04615   2  25
        0.41378        1.12759   2  26
        0.41378        1.19060   2  27
        0.41378        1.22890   2  28
        0.41378        1.28191   2  29
        0.41378        1.32690   2  30
        0.41378        1.33528   2  31
        0.41378        1.39894   2  32
        0.41378        1.43297   2  33
        0.41378        1.46207   2  34
        0.41378        1.49122   2  35
        0.41378        1.55354   2  36
        0.41378        1.60173   2  37
        0.41378        1.62834   2  38
        0.41378        1.74550   2  39
        0.41378        1.77804   2  40
        0.41378        1.81543   2  41
        0.41378        1.86595   2  42
        0.41378        1.88655   2  43
        0.41378        2.03771   2  44
        0.41378        2.07442   2  45
        0.41378        2.15308   2  46
        0.41378        2.31585   2  47
        0.41378        2.34078   2  48
        0.41378        2.54442   2  49
        0.41378        2.55191   2  50
        0.42279       -0.44416   2   1
        0.42279       -0.35800   2   2
        0.42279       -0.34071   2   3
        0.42279       -0.31285   2   4
        0.42279       -0.27847   2   5
        0.42279       -0.25774   2   6
        0.42279       -0.21615   2   7
        0.42279       -0.15714   2   8
        0.42279       -0.08498   2   9
        0.42279       -0.07280   2  10
        0.42279       -0.05329   2  11
        0.42279       -0.01718   2  12
        0.42279       -0.01277   2  13
        0.42279        0.03210   2  14
        0.42279        0.03292   2  15
        0.42279        0.07588   2  16
        0.42279        0.08746   2  17
        0.42279        0.09197   2  18
        0.42279        0.68835   2  19
        0.42279        0.70027   2  20
        0.42279        0.70394   2  21
        0.42279        0.79180   2  22
        0.42279        0.81557   2  23
        0.42279        0.82073   2  24
        0.42279        1.03241   2  25
        0.42279        1.13979   2  26
        0.42279        1.20167   2  27
        0.42279        1.22899   2  28
        0.42279        1.29083   2  29
        0.42279        1.31985   2  30
        0.42279        1.32991   2  31
        0.42279        1.40973   2  32
        0.42279        1.44423   2  33
        0.42279        1.46675   2  34
        0.42279        1.48814   2  35
        0.42279        1.56836   2  36
        0.42279        1.60147   2  37
        0.42279        1.63122   2  38
        0.42279        1.75343   2  39
        0.42279        1.77625   2  40
        0.42279        1.81330   2  41
        0.42279        1.86332   2  42
        0.42279        1.87621   2  43
        0.42279        2.04363   2  44
        0.42279        2.07217   2  45
        0.42279        2.13629   2  46
        0.42279        2.30988   2  47
        0.42279        2.32544   2  48
        0.42279        2.55347   2  49
        0.42279        2.55778   2  50
        0.43181       -0.44636   2   1
        0.43181       -0.35303   2   2
        0.43181       -0.33809   2   3
        0.43181       -0.32119   2   4
        0.43181       -0.27249   2   5
        0.43181       -0.25696   2   6
        0.43181       -0.22948   2   7
        0.43181       -0.16532   2   8
        0.43181       -0.08146   2   9
        0.43181       -0.07239   2  10
        0.43181       -0.06017   2  11
        0.43181       -0.01306   2  12
        0.43181       -0.01073   2  13
        0.43181        0.03467   2  14
        0.43181        0.03586   2  15
        0.43181        0.08398   2  16
        0.43181        0.08959   2  17
        0.43181        0.09336   2  18
        0.43181        0.68784   2  19
        0.43181        0.70144   2  20
        0.43181        0.70418   2  21
        0.43181        0.78286   2  22
        0.43181        0.81700   2  23
        0.43181        0.82008   2  24
        0.43181        1.02176   2  25
        0.43181        1.15121   2  26
        0.43181        1.21050   2  27
        0.43181        1.22556   2  28
        0.43181        1.29874   2  29
        0.43181        1.31466   2  30
        0.43181        1.32420   2  31
        0.43181        1.41914   2  32
        0.43181        1.45491   2  33
        0.43181        1.47003   2  34
        0.43181        1.48637   2  35
        0.43181        1.58247   2  36
        0.43181        1.60202   2  37
        0.43181        1.62948   2  38
        0.43181        1.75933   2  39
        0.43181        1.77197   2  40
        0.43181        1.81347   2  41
        0.43181        1.86113   2  42
        0.43181        1.86749   2  43
        0.43181        2.04988   2  44
        0.43181        2.06993   2  45
        0.43181        2.12427   2  46
        0.43181        2.30495   2  47
        0.43181        2.31259   2  48
        0.43181        2.56031   2  49
        0.43181        2.56230   2  50
        0.44083       -0.44767   2   1
        0.44083       -0.34698   2   2
        0.44083       -0.33634   2   3
        0.44083       -0.32977   2   4
        0.44083       -0.26408   2   5
        0.44083       -0.25607   2   6
        0.44083       -0.24192   2   7
        0.44083       -0.17065   2   8
        0.44083       -0.07739   2   9
        0.44083       -0.07222   2  10
        0.44083       -0.06673   2  11
        0.44083       -0.01044   2  12
        0.44083       -0.00938   2  13
        0.44083        0.03633   2  14
        0.44083        0.03742   2  15
        0.44083        0.08934   2  16
        0.44083        0.09094   2  17
        0.44083        0.09429   2  18
        0.44083        0.68735   2  19
        0.44083        0.70236   2  20
        0.44083        0.70411   2  21
        0.44083        0.77725   2  22
        0.44083        0.81832   2  23
        0.44083        0.81969   2  24
        0.44083        1.01499   2  25
        0.44083        1.16019   2  26
        0.44083        1.21619   2  27
        0.44083        1.22075   2  28
        0.44083        1.30510   2  29
        0.44083        1.31143   2  30
        0.44083        1.31910   2  31
        0.44083        1.42616   2  32
        0.44083        1.46270   2  33
        0.44083        1.46987   2  34
        0.44083        1.48713   2  35
        0.44083        1.59470   2  36
        0.44083        1.60303   2  37
        0.44083        1.62359   2  38
        0.44083        1.76375   2  39
        0.44083        1.76779   2  40
        0.44083        1.81367   2  41
        0.44083        1.85963   2  42
        0.44083        1.86138   2  43
        0.44083        2.05600   2  44
        0.44083        2.06637   2  45
        0.44083        2.11747   2  46
        0.44083        2.30154   2  47
        0.44083        2.30376   2  48
        0.44083        2.56460   2  49
        0.44083        2.56522   2  50
        0.44985       -0.44808   2   1
        0.44985       -0.34202   2   2
        0.44985       -0.33571   2   3
        0.44985       -0.33560   2   4
        0.44985       -0.25567   2   5
        0.44985       -0.25565   2   6
        0.44985       -0.25157   2   7
        0.44985       -0.17250   2   8
        0.44985       -0.07281   2   9
        0.44985       -0.07223   2  10
        0.44985       -0.07222   2  11
        0.44985       -0.00931   2  12
        0.44985       -0.00919   2  13
        0.44985        0.03733   2  14
        0.44985        0.03754   2  15
        0.44985        0.09095   2  16
        0.44985        0.09158   2  17
        0.44985        0.09468   2  18
        0.44985        0.68714   2  19
        0.44985        0.70302   2  20
        0.44985        0.70371   2  21
        0.44985        0.77532   2  22
        0.44985        0.81918   2  23
        0.44985        0.81921   2  24
        0.44985        1.01255   2  25
        0.44985        1.16383   2  26
        0.44985        1.21804   2  27
        0.44985        1.21831   2  28
        0.44985        1.30907   2  29
        0.44985        1.30943   2  30
        0.44985        1.31633   2  31
        0.44985        1.42900   2  32
        0.44985        1.46725   2  33
        0.44985        1.46734   2  34
        0.44985        1.48806   2  35
        0.44985        1.60221   2  36
        0.44985        1.60241   2  37
        0.44985        1.61884   2  38
        0.44985        1.76562   2  39
        0.44985        1.76570   2  40
        0.44985        1.81315   2  41
        0.44985        1.85894   2  42
        0.44985        1.85896   2  43
        0.44985        2.06137   2  44
        0.44985        2.06168   2  45
        0.44985        2.11493   2  46
        0.44985        2.29994   2  47
        0.44985        2.30013   2  48
        0.44985        2.56626   2  49
        0.44985        2.56629   2  50
        0.44985       -0.44808   2   1
        0.44985       -0.34202   2   2
        0.44985       -0.33571   2   3
        0.44985       -0.33560   2   4
        0.44985       -0.25567   2   5
        0.44985       -0.25565   2   6
        0.44985       -0.25157   2   7
        0.44985       -0.17250   2   8
        0.44985       -0.07281   2   9
        0.44985       -0.07223   2  10
        0.44985       -0.07222   2  11
        0.44985       -0.00931   2  12
        0.44985       -0.00919   2  13
        0.44985        0.03733   2  14
        0.44985        0.03754   2  15
        0.44985        0.09095   2  16
        0.44985        0.09158   2  17
        0.44985        0.09468   2  18
        0.44985        0.68714   2  19
        0.44985        0.70302   2  20
        0.44985        0.70371   2  21
        0.44985        0.77532   2  22
        0.44985        0.81918   2  23
        0.44985        0.81921   2  24
        0.44985        1.01255   2  25
        0.44985        1.16383   2  26
        0.44985        1.21804   2  27
        0.44985        1.21831   2  28
        0.44985        1.30907   2  29
        0.44985        1.30943   2  30
        0.44985        1.31633   2  31
        0.44985        1.42900   2  32
        0.44985        1.46725   2  33
        0.44985        1.46734   2  34
        0.44985        1.48806   2  35
        0.44985        1.60221   2  36
        0.44985        1.60241   2  37
        0.44985        1.61884   2  38
        0.44985        1.76562   2  39
        0.44985        1.76570   2  40
        0.44985        1.81315   2  41
        0.44985        1.85894   2  42
        0.44985        1.85896   2  43
        0.44985        2.06137   2  44
        0.44985        2.06168   2  45
        0.44985        2.11493   2  46
        0.44985        2.29994   2  47
        0.44985        2.30013   2  48
        0.44985        2.56626   2  49
        0.44985        2.56629   2  50
        0.45835       -0.44780   2   1
        0.45835       -0.34694   2   2
        0.45835       -0.33629   2   3
        0.45835       -0.32992   2   4
        0.45835       -0.26404   2   5
        0.45835       -0.25611   2   6
        0.45835       -0.24196   2   7
        0.45835       -0.17073   2   8
        0.45835       -0.07749   2   9
        0.45835       -0.07201   2  10
        0.45835       -0.06690   2  11
        0.45835       -0.01015   2  12
        0.45835       -0.00944   2  13
        0.45835        0.03654   2  14
        0.45835        0.03725   2  15
        0.45835        0.08926   2  16
        0.45835        0.09106   2  17
        0.45835        0.09446   2  18
        0.45835        0.68731   2  19
        0.45835        0.70280   2  20
        0.45835        0.70361   2  21
        0.45835        0.77697   2  22
        0.45835        0.81880   2  23
        0.45835        0.81919   2  24
        0.45835        1.01474   2  25
        0.45835        1.16014   2  26
        0.45835        1.21633   2  27
        0.45835        1.22024   2  28
        0.45835        1.30688   2  29
        0.45835        1.30941   2  30
        0.45835        1.31906   2  31
        0.45835        1.42628   2  32
        0.45835        1.46569   2  33
        0.45835        1.46693   2  34
        0.45835        1.48705   2  35
        0.45835        1.59562   2  36
        0.45835        1.60197   2  37
        0.45835        1.62331   2  38
        0.45835        1.76380   2  39
        0.45835        1.76727   2  40
        0.45835        1.81372   2  41
        0.45835        1.85929   2  42
        0.45835        1.86032   2  43
        0.45835        2.06012   2  44
        0.45835        2.06188   2  45
        0.45835        2.11633   2  46
        0.45835        2.30103   2  47
        0.45835        2.30264   2  48
        0.45835        2.56469   2  49
        0.45835        2.56606   2  50
        0.46685       -0.44688   2   1
        0.46685       -0.35316   2   2
        0.46685       -0.33789   2   3
        0.46685       -0.32150   2   4
        0.46685       -0.27255   2   5
        0.46685       -0.25723   2   6
        0.46685       -0.22957   2   7
        0.46685       -0.16560   2   8
        0.46685       -0.08178   2   9
        0.46685       -0.07156   2  10
        0.46685       -0.06066   2  11
        0.46685       -0.01232   2  12
        0.46685       -0.01053   2  13
        0.46685        0.03403   2  14
        0.46685        0.03655   2  15
        0.46685        0.08375   2  16
        0.46685        0.09019   2  17
        0.46685        0.09389   2  18
        0.46685        0.68771   2  19
        0.46685        0.70223   2  20
        0.46685        0.70328   2  21
        0.46685        0.78182   2  22
        0.46685        0.81788   2  23
        0.46685        0.81909   2  24
        0.46685        1.02108   2  25
        0.46685        1.15088   2  26
        0.46685        1.21091   2  27
        0.46685        1.22464   2  28
        0.46685        1.30251   2  29
        0.46685        1.31004   2  30
        0.46685        1.32429   2  31
        0.46685        1.41912   2  32
        0.46685        1.46001   2  33
        0.46685        1.46620   2  34
        0.46685        1.48534   2  35
        0.46685        1.58380   2  36
        0.46685        1.60047   2  37
        0.46685        1.62939   2  38
        0.46685        1.75925   2  39
        0.46685        1.77106   2  40
        0.46685        1.81448   2  41
        0.46685        1.86016   2  42
        0.46685        1.86413   2  43
        0.46685        2.05655   2  44
        0.46685        2.06328   2  45
        0.46685        2.12026   2  46
        0.46685        2.30402   2  47
        0.46685        2.30937   2  48
        0.46685        2.56131   2  49
        0.46685        2.56433   2  50
        0.47536       -0.44532   2   1
        0.47536       -0.35859   2   2
        0.47536       -0.34011   2   3
        0.47536       -0.31326   2   4
        0.47536       -0.27894   2   5
        0.47536       -0.25845   2   6
        0.47536       -0.21630   2   7
        0.47536       -0.15770   2   8
        0.47536       -0.08552   2   9
        0.47536       -0.07089   2  10
        0.47536       -0.05410   2  11
        0.47536       -0.01609   2  12
        0.47536       -0.01211   2  13
        0.47536        0.03002   2  14
        0.47536        0.03522   2  15
        0.47536        0.07529   2  16
        0.47536        0.08876   2  17
        0.47536        0.09305   2  18
        0.47536        0.68812   2  19
        0.47536        0.70125   2  20
        0.47536        0.70282   2  21
        0.47536        0.78960   2  22
        0.47536        0.81695   2  23
        0.47536        0.81895   2  24
        0.47536        1.03118   2  25
        0.47536        1.13879   2  26
        0.47536        1.20226   2  27
        0.47536        1.22867   2  28
        0.47536        1.29696   2  29
        0.47536        1.31141   2  30
        0.47536        1.33030   2  31
        0.47536        1.40948   2  32
        0.47536        1.44945   2  33
        0.47536        1.46553   2  34
        0.47536        1.48454   2  35
        0.47536        1.57140   2  36
        0.47536        1.59668   2  37
        0.47536        1.63371   2  38
        0.47536        1.75354   2  39
        0.47536        1.77465   2  40
        0.47536        1.81554   2  41
        0.47536        1.86141   2  42
        0.47536        1.86985   2  43
        0.47536        2.05221   2  44
        0.47536        2.06611   2  45
        0.47536        2.12635   2  46
        0.47536        2.30885   2  47
        0.47536        2.31937   2  48
        0.47536        2.55567   2  49
        0.47536        2.56139   2  50
        0.48386       -0.44312   2   1
        0.48386       -0.36310   2   2
        0.48386       -0.34250   2   3
        0.48386       -0.30709   2   4
        0.48386       -0.28204   2   5
        0.48386       -0.25885   2   6
        0.48386       -0.20246   2   7
        0.48386       -0.14774   2   8
        0.48386       -0.08886   2   9
        0.48386       -0.07001   2  10
        0.48386       -0.04797   2  11
        0.48386       -0.02158   2  12
        0.48386       -0.01369   2  13
        0.48386        0.02443   2  14
        0.48386        0.03317   2  15
        0.48386        0.06521   2  16
        0.48386        0.08677   2  17
        0.48386        0.09200   2  18
        0.48386        0.68827   2  19
        0.48386        0.69985   2  20
        0.48386        0.70227   2  21
        0.48386        0.79885   2  22
        0.48386        0.81757   2  23
        0.48386        0.81893   2  24
        0.48386        1.04436   2  25
        0.48386        1.12566   2  26
        0.48386        1.19096   2  27
        0.48386        1.23076   2  28
        0.48386        1.29009   2  29
        0.48386        1.31324   2  30
        0.48386        1.33654   2  31
        0.48386        1.39982   2  32
        0.48386        1.43537   2  33
        0.48386        1.46504   2  34
        0.48386        1.48478   2  35
        0.48386        1.55953   2  36
        0.48386        1.59021   2  37
        0.48386        1.63631   2  38
        0.48386        1.74749   2  39
        0.48386        1.77424   2  40
        0.48386        1.81884   2  41
        0.48386        1.86344   2  42
        0.48386        1.87660   2  43
        0.48386        2.04815   2  44
        0.48386        2.07073   2  45
        0.48386        2.13432   2  46
        0.48386        2.31523   2  47
        0.48386        2.33166   2  48
        0.48386        2.54740   2  49
        0.48386        2.55745   2  50
        0.49236       -0.44026   2   1
        0.49236       -0.36671   2   2
        0.49236       -0.34462   2   3
        0.49236       -0.30497   2   4
        0.49236       -0.28118   2   5
        0.49236       -0.25704   2   6
        0.49236       -0.18835   2   7
        0.49236       -0.13646   2   8
        0.49236       -0.09197   2   9
        0.49236       -0.06907   2  10
        0.49236       -0.04363   2  11
        0.49236       -0.02861   2  12
        0.49236       -0.01439   2  13
        0.49236        0.01684   2  14
        0.49236        0.03042   2  15
        0.49236        0.05536   2  16
        0.49236        0.08431   2  17
        0.49236        0.09073   2  18
        0.49236        0.68800   2  19
        0.49236        0.69805   2  20
        0.49236        0.70166   2  21
        0.49236        0.80447   2  22
        0.49236        0.81840   2  23
        0.49236        0.82553   2  24
        0.49236        1.05942   2  25
        0.49236        1.11271   2  26
        0.49236        1.17786   2  27
        0.49236        1.23035   2  28
        0.49236        1.28201   2  29
        0.49236        1.31478   2  30
        0.49236        1.34238   2  31
        0.49236        1.39220   2  32
        0.49236        1.42027   2  33
        0.49236        1.46475   2  34
        0.49236        1.48554   2  35
        0.49236        1.54859   2  36
        0.49236        1.58174   2  37
        0.49236        1.63749   2  38
        0.49236        1.74120   2  39
        0.49236        1.76821   2  40
        0.49236        1.82479   2  41
        0.49236        1.86694   2  42
        0.49236        1.88400   2  43
        0.49236        2.04471   2  44
        0.49236        2.07726   2  45
        0.49236        2.14393   2  46
        0.49236        2.32285   2  47
        0.49236        2.34538   2  48
        0.49236        2.53642   2  49
        0.49236        2.55260   2  50
        0.50086       -0.43673   2   1
        0.50086       -0.36953   2   2
        0.50086       -0.34608   2   3
        0.50086       -0.30568   2   4
        0.50086       -0.27897   2   5
        0.50086       -0.25173   2   6
        0.50086       -0.17427   2   7
        0.50086       -0.12453   2   8
        0.50086       -0.09509   2   9
        0.50086       -0.06850   2  10
        0.50086       -0.04278   2  11
        0.50086       -0.03641   2  12
        0.50086       -0.01342   2  13
        0.50086        0.00712   2  14
        0.50086        0.02736   2  15
        0.50086        0.04739   2  16
        0.50086        0.08153   2  17
        0.50086        0.08918   2  18
        0.50086        0.68730   2  19
        0.50086        0.69588   2  20
        0.50086        0.70096   2  21
        0.50086        0.80505   2  22
        0.50086        0.81820   2  23
        0.50086        0.84117   2  24
        0.50086        1.07371   2  25
        0.50086        1.10165   2  26
        0.50086        1.16404   2  27
        0.50086        1.22775   2  28
        0.50086        1.27313   2  29
        0.50086        1.31530   2  30
        0.50086        1.34667   2  31
        0.50086        1.38738   2  32
        0.50086        1.40752   2  33
        0.50086        1.46451   2  34
        0.50086        1.48611   2  35
        0.50086        1.53911   2  36
        0.50086        1.57238   2  37
        0.50086        1.63740   2  38
        0.50086        1.73421   2  39
        0.50086        1.75894   2  40
        0.50086        1.83112   2  41
        0.50086        1.87253   2  42
        0.50086        1.89222   2  43
        0.50086        2.04180   2  44
        0.50086        2.08529   2  45
        0.50086        2.15491   2  46
        0.50086        2.33127   2  47
        0.50086        2.35995   2  48
        0.50086        2.52293   2  49
        0.50086        2.54688   2  50
        0.50937       -0.43252   2   1
        0.50937       -0.37165   2   2
        0.50937       -0.34662   2   3
        0.50937       -0.30680   2   4
        0.50937       -0.27744   2   5
        0.50937       -0.24354   2   6
        0.50937       -0.16058   2   7
        0.50937       -0.11262   2   8
        0.50937       -0.09848   2   9
        0.50937       -0.06963   2  10
        0.50937       -0.04643   2  11
        0.50937       -0.04269   2  12
        0.50937       -0.01313   2  13
        0.50937       -0.00164   2  14
        0.50937        0.02455   2  15
        0.50937        0.04158   2  16
        0.50937        0.07858   2  17
        0.50937        0.08737   2  18
        0.50937        0.68626   2  19
        0.50937        0.69337   2  20
        0.50937        0.70014   2  21
        0.50937        0.80427   2  22
        0.50937        0.81797   2  23
        0.50937        0.86068   2  24
        0.50937        1.07819   2  25
        0.50937        1.09947   2  26
        0.50937        1.15088   2  27
        0.50937        1.22425   2  28
        0.50937        1.26385   2  29
        0.50937        1.31474   2  30
        0.50937        1.34697   2  31
        0.50937        1.38521   2  32
        0.50937        1.40078   2  33
        0.50937        1.46397   2  34
        0.50937        1.48555   2  35
        0.50937        1.53242   2  36
        0.50937        1.56280   2  37
        0.50937        1.63606   2  38
        0.50937        1.72515   2  39
        0.50937        1.75039   2  40
        0.50937        1.83623   2  41
        0.50937        1.88001   2  42
        0.50937        1.90174   2  43
        0.50937        2.03924   2  44
        0.50937        2.09415   2  45
        0.50937        2.16693   2  46
        0.50937        2.34013   2  47
        0.50937        2.37488   2  48
        0.50937        2.50732   2  49
        0.50937        2.54036   2  50
        0.51787       -0.42764   2   1
        0.51787       -0.37317   2   2
        0.51787       -0.34611   2   3
        0.51787       -0.30723   2   4
        0.51787       -0.27619   2   5
        0.51787       -0.23447   2   6
        0.51787       -0.14781   2   7
        0.51787       -0.10330   2   8
        0.51787       -0.10087   2   9
        0.51787       -0.07418   2  10
        0.51787       -0.05391   2  11
        0.51787       -0.04463   2  12
        0.51787       -0.01975   2  13
        0.51787       -0.00252   2  14
        0.51787        0.02225   2  15
        0.51787        0.03741   2  16
        0.51787        0.07560   2  17
        0.51787        0.08535   2  18
        0.51787        0.68505   2  19
        0.51787        0.69061   2  20
        0.51787        0.69913   2  21
        0.51787        0.80347   2  22
        0.51787        0.81775   2  23
        0.51787        0.88199   2  24
        0.51787        1.07041   2  25
        0.51787        1.10484   2  26
        0.51787        1.14065   2  27
        0.51787        1.22176   2  28
        0.51787        1.25471   2  29
        0.51787        1.31360   2  30
        0.51787        1.34177   2  31
        0.51787        1.38651   2  32
        0.51787        1.40017   2  33
        0.51787        1.46220   2  34
        0.51787        1.48378   2  35
        0.51787        1.53012   2  36
        0.51787        1.55323   2  37
        0.51787        1.63341   2  38
        0.51787        1.71319   2  39
        0.51787        1.74564   2  40
        0.51787        1.84006   2  41
        0.51787        1.88850   2  42
        0.51787        1.91292   2  43
        0.51787        2.03692   2  44
        0.51787        2.10320   2  45
        0.51787        2.17957   2  46
        0.51787        2.34907   2  47
        0.51787        2.38965   2  48
        0.51787        2.49011   2  49
        0.51787        2.53326   2  50
        0.52637       -0.42212   2   1
        0.52637       -0.37409   2   2
        0.52637       -0.34455   2   3
        0.52637       -0.30659   2   4
        0.52637       -0.27453   2   5
        0.52637       -0.22633   2   6
        0.52637       -0.13684   2   7
        0.52637       -0.10820   2   8
        0.52637       -0.09338   2   9
        0.52637       -0.08063   2  10
        0.52637       -0.06129   2  11
        0.52637       -0.04365   2  12
        0.52637       -0.02726   2  13
        0.52637       -0.00083   2  14
        0.52637        0.02005   2  15
        0.52637        0.03473   2  16
        0.52637        0.07274   2  17
        0.52637        0.08321   2  18
        0.52637        0.68371   2  19
        0.52637        0.68780   2  20
        0.52637        0.69792   2  21
        0.52637        0.80302   2  22
        0.52637        0.81754   2  23
        0.52637        0.90397   2  24
        0.52637        1.06110   2  25
        0.52637        1.10319   2  26
        0.52637        1.13581   2  27
        0.52637        1.22022   2  28
        0.52637        1.24791   2  29
        0.52637        1.31231   2  30
        0.52637        1.33393   2  31
        0.52637        1.38951   2  32
        0.52637        1.40289   2  33
        0.52637        1.45807   2  34
        0.52637        1.48295   2  35
        0.52637        1.53168   2  36
        0.52637        1.54424   2  37
        0.52637        1.62942   2  38
        0.52637        1.69981   2  39
        0.52637        1.74490   2  40
        0.52637        1.84300   2  41
        0.52637        1.89716   2  42
        0.52637        1.92585   2  43
        0.52637        2.03486   2  44
        0.52637        2.11202   2  45
        0.52637        2.19235   2  46
        0.52637        2.35781   2  47
        0.52637        2.40368   2  48
        0.52637        2.47180   2  49
        0.52637        2.52597   2  50
        0.53488       -0.41605   2   1
        0.53488       -0.37437   2   2
        0.53488       -0.34207   2   3
        0.53488       -0.30475   2   4
        0.53488       -0.27210   2   5
        0.53488       -0.22061   2   6
        0.53488       -0.13075   2   7
        0.53488       -0.11369   2   8
        0.53488       -0.09482   2   9
        0.53488       -0.08294   2  10
        0.53488       -0.06309   2  11
        0.53488       -0.04275   2  12
        0.53488       -0.03120   2  13
        0.53488        0.00026   2  14
        0.53488        0.01707   2  15
        0.53488        0.03355   2  16
        0.53488        0.07013   2  17
        0.53488        0.08110   2  18
        0.53488        0.68205   2  19
        0.53488        0.68542   2  20
        0.53488        0.69651   2  21
        0.53488        0.80305   2  22
        0.53488        0.81736   2  23
        0.53488        0.92568   2  24
        0.53488        1.05277   2  25
        0.53488        1.09497   2  26
        0.53488        1.13380   2  27
        0.53488        1.21489   2  28
        0.53488        1.24819   2  29
        0.53488        1.31060   2  30
        0.53488        1.32699   2  31
        0.53488        1.39059   2  32
        0.53488        1.40714   2  33
        0.53488        1.45295   2  34
        0.53488        1.48459   2  35
        0.53488        1.52965   2  36
        0.53488        1.54206   2  37
        0.53488        1.62424   2  38
        0.53488        1.68699   2  39
        0.53488        1.74721   2  40
        0.53488        1.84517   2  41
        0.53488        1.90550   2  42
        0.53488        1.94031   2  43
        0.53488        2.03323   2  44
        0.53488        2.12042   2  45
        0.53488        2.20479   2  46
        0.53488        2.36596   2  47
        0.53488        2.41601   2  48
        0.53488        2.45312   2  49
        0.53488        2.51909   2  50
        0.54338       -0.40957   2   1
        0.54338       -0.37385   2   2
        0.54338       -0.33884   2   3
        0.54338       -0.30173   2   4
        0.54338       -0.26885   2   5
        0.54338       -0.21848   2   6
        0.54338       -0.13621   2   7
        0.54338       -0.11467   2   8
        0.54338       -0.09970   2   9
        0.54338       -0.08382   2  10
        0.54338       -0.05765   2  11
        0.54338       -0.04451   2  12
        0.54338       -0.03038   2  13
        0.54338        0.00099   2  14
        0.54338        0.01305   2  15
        0.54338        0.03314   2  16
        0.54338        0.06787   2  17
        0.54338        0.07913   2  18
        0.54338        0.67971   2  19
        0.54338        0.68406   2  20
        0.54338        0.69493   2  21
        0.54338        0.80349   2  22
        0.54338        0.81720   2  23
        0.54338        0.94648   2  24
        0.54338        1.04597   2  25
        0.54338        1.08508   2  26
        0.54338        1.13150   2  27
        0.54338        1.20460   2  28
        0.54338        1.25447   2  29
        0.54338        1.30756   2  30
        0.54338        1.32302   2  31
        0.54338        1.38808   2  32
        0.54338        1.41132   2  33
        0.54338        1.45020   2  34
        0.54338        1.48788   2  35
        0.54338        1.52120   2  36
        0.54338        1.54859   2  37
        0.54338        1.61851   2  38
        0.54338        1.67579   2  39
        0.54338        1.75147   2  40
        0.54338        1.84642   2  41
        0.54338        1.91329   2  42
        0.54338        1.95572   2  43
        0.54338        2.03231   2  44
        0.54338        2.12860   2  45
        0.54338        2.21645   2  46
        0.54338        2.37262   2  47
        0.54338        2.42293   2  48
        0.54338        2.43767   2  49
        0.54338        2.51343   2  50
        0.55188       -0.40292   2   1
        0.55188       -0.37231   2   2
        0.55188       -0.33516   2   3
        0.55188       -0.29761   2   4
        0.55188       -0.26516   2   5
        0.55188       -0.22036   2   6
        0.55188       -0.14796   2   7
        0.55188       -0.11743   2   8
        0.55188       -0.10081   2   9
        0.55188       -0.08241   2  10
        0.55188       -0.05175   2  11
        0.55188       -0.04586   2  12
        0.55188       -0.02753   2  13
        0.55188        0.00186   2  14
        0.55188        0.00848   2  15
        0.55188        0.03252   2  16
        0.55188        0.06600   2  17
        0.55188        0.07731   2  18
        0.55188        0.67710   2  19
        0.55188        0.68356   2  20
        0.55188        0.69327   2  21
        0.55188        0.80419   2  22
        0.55188        0.81706   2  23
        0.55188        0.96582   2  24
        0.55188        1.04089   2  25
        0.55188        1.07583   2  26
        0.55188        1.12900   2  27
        0.55188        1.19257   2  28
        0.55188        1.26089   2  29
        0.55188        1.30346   2  30
        0.55188        1.32181   2  31
        0.55188        1.38290   2  32
        0.55188        1.41437   2  33
        0.55188        1.45136   2  34
        0.55188        1.49118   2  35
        0.55188        1.51353   2  36
        0.55188        1.55633   2  37
        0.55188        1.61365   2  38
        0.55188        1.66663   2  39
        0.55188        1.75633   2  40
        0.55188        1.84651   2  41
        0.55188        1.92036   2  42
        0.55188        1.97085   2  43
        0.55188        2.03234   2  44
        0.55188        2.13723   2  45
        0.55188        2.22682   2  46
        0.55188        2.37458   2  47
        0.55188        2.41335   2  48
        0.55188        2.43849   2  49
        0.55188        2.50992   2  50
        0.56038       -0.39646   2   1
        0.56038       -0.36945   2   2
        0.56038       -0.33135   2   3
        0.56038       -0.29252   2   4
        0.56038       -0.26223   2   5
        0.56038       -0.22483   2   6
        0.56038       -0.16029   2   7
        0.56038       -0.12289   2   8
        0.56038       -0.10064   2   9
        0.56038       -0.07814   2  10
        0.56038       -0.05197   2  11
        0.56038       -0.04198   2  12
        0.56038       -0.02401   2  13
        0.56038        0.00180   2  14
        0.56038        0.00506   2  15
        0.56038        0.03128   2  16
        0.56038        0.06445   2  17
        0.56038        0.07549   2  18
        0.56038        0.67470   2  19
        0.56038        0.68358   2  20
        0.56038        0.69166   2  21
        0.56038        0.80486   2  22
        0.56038        0.81698   2  23
        0.56038        0.98337   2  24
        0.56038        1.03756   2  25
        0.56038        1.06814   2  26
        0.56038        1.12710   2  27
        0.56038        1.18058   2  28
        0.56038        1.26404   2  29
        0.56038        1.29970   2  30
        0.56038        1.32130   2  31
        0.56038        1.37790   2  32
        0.56038        1.41631   2  33
        0.56038        1.45503   2  34
        0.56038        1.49231   2  35
        0.56038        1.50978   2  36
        0.56038        1.56242   2  37
        0.56038        1.61179   2  38
        0.56038        1.65938   2  39
        0.56038        1.76027   2  40
        0.56038        1.84524   2  41
        0.56038        1.92665   2  42
        0.56038        1.98403   2  43
        0.56038        2.03341   2  44
        0.56038        2.14741   2  45
        0.56038        2.23536   2  46
        0.56038        2.36477   2  47
        0.56038        2.40696   2  48
        0.56038        2.44214   2  49
        0.56038        2.50916   2  50
        0.56889       -0.39057   2   1
        0.56889       -0.36500   2   2
        0.56889       -0.32794   2   3
        0.56889       -0.28662   2   4
        0.56889       -0.26259   2   5
        0.56889       -0.22784   2   6
        0.56889       -0.17188   2   7
        0.56889       -0.12869   2   8
        0.56889       -0.10104   2   9
        0.56889       -0.07337   2  10
        0.56889       -0.05356   2  11
        0.56889       -0.03829   2  12
        0.56889       -0.01983   2  13
        0.56889       -0.00212   2  14
        0.56889        0.00584   2  15
        0.56889        0.02958   2  16
        0.56889        0.06305   2  17
        0.56889        0.07351   2  18
        0.56889        0.67273   2  19
        0.56889        0.68393   2  20
        0.56889        0.69032   2  21
        0.56889        0.80521   2  22
        0.56889        0.81698   2  23
        0.56889        0.99876   2  24
        0.56889        1.03596   2  25
        0.56889        1.06251   2  26
        0.56889        1.12639   2  27
        0.56889        1.16960   2  28
        0.56889        1.26317   2  29
        0.56889        1.29661   2  30
        0.56889        1.31996   2  31
        0.56889        1.37580   2  32
        0.56889        1.41735   2  33
        0.56889        1.45887   2  34
        0.56889        1.49106   2  35
        0.56889        1.51090   2  36
        0.56889        1.56489   2  37
        0.56889        1.61483   2  38
        0.56889        1.65378   2  39
        0.56889        1.76202   2  40
        0.56889        1.84244   2  41
        0.56889        1.93199   2  42
        0.56889        1.99363   2  43
        0.56889        2.03553   2  44
        0.56889        2.15989   2  45
        0.56889        2.24119   2  46
        0.56889        2.34525   2  47
        0.56889        2.40754   2  48
        0.56889        2.44355   2  49
        0.56889        2.51086   2  50
        0.57739       -0.38550   2   1
        0.57739       -0.35903   2   2
        0.57739       -0.32566   2   3
        0.57739       -0.28010   2   4
        0.57739       -0.26745   2   5
        0.57739       -0.22590   2   6
        0.57739       -0.18254   2   7
        0.57739       -0.13427   2   8
        0.57739       -0.10214   2   9
        0.57739       -0.07016   2  10
        0.57739       -0.05495   2  11
        0.57739       -0.03534   2  12
        0.57739       -0.01623   2  13
        0.57739       -0.00603   2  14
        0.57739        0.00712   2  15
        0.57739        0.02795   2  16
        0.57739        0.06137   2  17
        0.57739        0.07143   2  18
        0.57739        0.67127   2  19
        0.57739        0.68443   2  20
        0.57739        0.68954   2  21
        0.57739        0.80502   2  22
        0.57739        0.81707   2  23
        0.57739        1.01157   2  24
        0.57739        1.03609   2  25
        0.57739        1.05919   2  26
        0.57739        1.12710   2  27
        0.57739        1.16040   2  28
        0.57739        1.25939   2  29
        0.57739        1.29327   2  30
        0.57739        1.31799   2  31
        0.57739        1.37722   2  32
        0.57739        1.41748   2  33
        0.57739        1.46103   2  34
        0.57739        1.49071   2  35
        0.57739        1.51434   2  36
        0.57739        1.56395   2  37
        0.57739        1.62240   2  38
        0.57739        1.64947   2  39
        0.57739        1.76101   2  40
        0.57739        1.83799   2  41
        0.57739        1.93593   2  42
        0.57739        1.99911   2  43
        0.57739        2.03859   2  44
        0.57739        2.17337   2  45
        0.57739        2.24286   2  46
        0.57739        2.32539   2  47
        0.57739        2.40812   2  48
        0.57739        2.44389   2  49
        0.57739        2.51393   2  50
        0.58589       -0.38120   2   1
        0.58589       -0.35237   2   2
        0.58589       -0.32525   2   3
        0.58589       -0.27498   2   4
        0.58589       -0.27133   2   5
        0.58589       -0.22059   2   6
        0.58589       -0.19191   2   7
        0.58589       -0.13953   2   8
        0.58589       -0.10420   2   9
        0.58589       -0.06900   2  10
        0.58589       -0.05673   2  11
        0.58589       -0.03188   2  12
        0.58589       -0.01551   2  13
        0.58589       -0.00792   2  14
        0.58589        0.00778   2  15
        0.58589        0.02704   2  16
        0.58589        0.05871   2  17
        0.58589        0.06968   2  18
        0.58589        0.67025   2  19
        0.58589        0.68488   2  20
        0.58589        0.68966   2  21
        0.58589        0.80426   2  22
        0.58589        0.81716   2  23
        0.58589        1.02135   2  24
        0.58589        1.03795   2  25
        0.58589        1.05825   2  26
        0.58589        1.12903   2  27
        0.58589        1.15390   2  28
        0.58589        1.25422   2  29
        0.58589        1.28912   2  30
        0.58589        1.31648   2  31
        0.58589        1.38077   2  32
        0.58589        1.41659   2  33
        0.58589        1.46158   2  34
        0.58589        1.49220   2  35
        0.58589        1.51848   2  36
        0.58589        1.56152   2  37
        0.58589        1.63222   2  38
        0.58589        1.64619   2  39
        0.58589        1.75738   2  40
        0.58589        1.83210   2  41
        0.58589        1.93770   2  42
        0.58589        2.00136   2  43
        0.58589        2.04253   2  44
        0.58589        2.18121   2  45
        0.58589        2.24087   2  46
        0.58589        2.31267   2  47
        0.58589        2.40621   2  48
        0.58589        2.44435   2  49
        0.58589        2.51722   2  50
        0.59439       -0.37758   2   1
        0.59439       -0.34761   2   2
        0.59439       -0.32541   2   3
        0.59439       -0.27714   2   4
        0.59439       -0.26485   2   5
        0.59439       -0.21598   2   6
        0.59439       -0.19803   2   7
        0.59439       -0.14439   2   8
        0.59439       -0.10742   2   9
        0.59439       -0.06922   2  10
        0.59439       -0.05916   2  11
        0.59439       -0.02854   2  12
        0.59439       -0.01748   2  13
        0.59439       -0.00785   2  14
        0.59439        0.00754   2  15
        0.59439        0.02730   2  16
        0.59439        0.05453   2  17
        0.59439        0.06865   2  18
        0.59439        0.66952   2  19
        0.59439        0.68538   2  20
        0.59439        0.69067   2  21
        0.59439        0.80310   2  22
        0.59439        0.81712   2  23
        0.59439        1.02808   2  24
        0.59439        1.04133   2  25
        0.59439        1.05949   2  26
        0.59439        1.13109   2  27
        0.59439        1.15144   2  28
        0.59439        1.24874   2  29
        0.59439        1.28457   2  30
        0.59439        1.31589   2  31
        0.59439        1.38443   2  32
        0.59439        1.41462   2  33
        0.59439        1.46216   2  34
        0.59439        1.49420   2  35
        0.59439        1.52259   2  36
        0.59439        1.55917   2  37
        0.59439        1.64051   2  38
        0.59439        1.64549   2  39
        0.59439        1.75179   2  40
        0.59439        1.82561   2  41
        0.59439        1.93642   2  42
        0.59439        2.00193   2  43
        0.59439        2.04744   2  44
        0.59439        2.17099   2  45
        0.59439        2.24358   2  46
        0.59439        2.30990   2  47
        0.59439        2.40247   2  48
        0.59439        2.44497   2  49
        0.59439        2.52000   2  50
        0.60290       -0.37479   2   1
        0.60290       -0.34887   2   2
        0.60290       -0.32133   2   3
        0.60290       -0.27702   2   4
        0.60290       -0.25716   2   5
        0.60290       -0.21769   2   6
        0.60290       -0.19641   2   7
        0.60290       -0.14871   2   8
        0.60290       -0.11176   2   9
        0.60290       -0.07022   2  10
        0.60290       -0.06196   2  11
        0.60290       -0.02694   2  12
        0.60290       -0.01961   2  13
        0.60290       -0.00756   2  14
        0.60290        0.00688   2  15
        0.60290        0.02842   2  16
        0.60290        0.04903   2  17
        0.60290        0.06821   2  18
        0.60290        0.66892   2  19
        0.60290        0.68621   2  20
        0.60290        0.69223   2  21
        0.60290        0.80177   2  22
        0.60290        0.81683   2  23
        0.60290        1.03265   2  24
        0.60290        1.04546   2  25
        0.60290        1.06259   2  26
        0.60290        1.13199   2  27
        0.60290        1.15394   2  28
        0.60290        1.24365   2  29
        0.60290        1.28019   2  30
        0.60290        1.31614   2  31
        0.60290        1.38602   2  32
        0.60290        1.41195   2  33
        0.60290        1.46414   2  34
        0.60290        1.49569   2  35
        0.60290        1.52583   2  36
        0.60290        1.55783   2  37
        0.60290        1.63984   2  38
        0.60290        1.65331   2  39
        0.60290        1.74502   2  40
        0.60290        1.81988   2  41
        0.60290        1.93178   2  42
        0.60290        2.00183   2  43
        0.60290        2.05338   2  44
        0.60290        2.14396   2  45
        0.60290        2.25127   2  46
        0.60290        2.31399   2  47
        0.60290        2.39882   2  48
        0.60290        2.44560   2  49
        0.60290        2.52187   2  50
        0.60290       -0.37461   2   1
        0.60290       -0.34877   2   2
        0.60290       -0.32140   2   3
        0.60290       -0.27666   2   4
        0.60290       -0.25760   2   5
        0.60290       -0.21782   2   6
        0.60290       -0.19700   2   7
        0.60290       -0.14850   2   8
        0.60290       -0.11210   2   9
        0.60290       -0.07018   2  10
        0.60290       -0.06205   2  11
        0.60290       -0.02708   2  12
        0.60290       -0.01949   2  13
        0.60290       -0.00753   2  14
        0.60290        0.00720   2  15
        0.60290        0.02853   2  16
        0.60290        0.04922   2  17
        0.60290        0.06829   2  18
        0.60290        0.66892   2  19
        0.60290        0.68610   2  20
        0.60290        0.69232   2  21
        0.60290        0.80186   2  22
        0.60290        0.81632   2  23
        0.60290        1.03330   2  24
        0.60290        1.04499   2  25
        0.60290        1.06263   2  26
        0.60290        1.13316   2  27
        0.60290        1.15471   2  28
        0.60290        1.24298   2  29
        0.60290        1.28123   2  30
        0.60290        1.31626   2  31
        0.60290        1.38508   2  32
        0.60290        1.41279   2  33
        0.60290        1.46463   2  34
        0.60290        1.49481   2  35
        0.60290        1.52640   2  36
        0.60290        1.55740   2  37
        0.60290        1.63870   2  38
        0.60290        1.65298   2  39
        0.60290        1.74590   2  40
        0.60290        1.82056   2  41
        0.60290        1.93085   2  42
        0.60290        2.00110   2  43
        0.60290        2.05392   2  44
        0.60290        2.14318   2  45
        0.60290        2.25107   2  46
        0.60290        2.31536   2  47
        0.60290        2.39919   2  48
        0.60290        2.44629   2  49
        0.60290        2.52152   2  50
        0.61395       -0.37385   2   1
        0.61395       -0.35526   2   2
        0.61395       -0.31002   2   3
        0.61395       -0.27408   2   4
        0.61395       -0.24759   2   5
        0.61395       -0.22470   2   6
        0.61395       -0.18914   2   7
        0.61395       -0.15305   2   8
        0.61395       -0.11849   2   9
        0.61395       -0.07247   2  10
        0.61395       -0.06568   2  11
        0.61395       -0.02810   2  12
        0.61395       -0.02164   2  13
        0.61395       -0.00824   2  14
        0.61395        0.00766   2  15
        0.61395        0.03009   2  16
        0.61395        0.04112   2  17
        0.61395        0.06812   2  18
        0.61395        0.66828   2  19
        0.61395        0.68770   2  20
        0.61395        0.69462   2  21
        0.61395        0.80019   2  22
        0.61395        0.81589   2  23
        0.61395        1.03707   2  24
        0.61395        1.04998   2  25
        0.61395        1.06914   2  26
        0.61395        1.13307   2  27
        0.61395        1.16233   2  28
        0.61395        1.23808   2  29
        0.61395        1.27643   2  30
        0.61395        1.31723   2  31
        0.61395        1.38047   2  32
        0.61395        1.41036   2  33
        0.61395        1.46835   2  34
        0.61395        1.49660   2  35
        0.61395        1.52806   2  36
        0.61395        1.55720   2  37
        0.61395        1.63725   2  38
        0.61395        1.66268   2  39
        0.61395        1.73692   2  40
        0.61395        1.81590   2  41
        0.61395        1.92290   2  42
        0.61395        2.00087   2  43
        0.61395        2.06170   2  44
        0.61395        2.10100   2  45
        0.61395        2.25604   2  46
        0.61395        2.32420   2  47
        0.61395        2.39648   2  48
        0.61395        2.44873   2  49
        0.61395        2.52264   2  50
        0.62500       -0.37831   2   1
        0.62500       -0.35805   2   2
        0.62500       -0.29706   2   3
        0.62500       -0.27107   2   4
        0.62500       -0.24076   2   5
        0.62500       -0.22752   2   6
        0.62500       -0.18326   2   7
        0.62500       -0.15623   2   8
        0.62500       -0.12353   2   9
        0.62500       -0.07559   2  10
        0.62500       -0.06900   2  11
        0.62500       -0.03101   2  12
        0.62500       -0.02299   2  13
        0.62500       -0.01059   2  14
        0.62500        0.00930   2  15
        0.62500        0.03050   2  16
        0.62500        0.03380   2  17
        0.62500        0.06808   2  18
        0.62500        0.66775   2  19
        0.62500        0.68969   2  20
        0.62500        0.69682   2  21
        0.62500        0.79888   2  22
        0.62500        0.81509   2  23
        0.62500        1.03992   2  24
        0.62500        1.05369   2  25
        0.62500        1.07854   2  26
        0.62500        1.13367   2  27
        0.62500        1.17105   2  28
        0.62500        1.23483   2  29
        0.62500        1.27200   2  30
        0.62500        1.31934   2  31
        0.62500        1.36935   2  32
        0.62500        1.40905   2  33
        0.62500        1.47310   2  34
        0.62500        1.49872   2  35
        0.62500        1.52638   2  36
        0.62500        1.55764   2  37
        0.62500        1.63837   2  38
        0.62500        1.66661   2  39
        0.62500        1.73076   2  40
        0.62500        1.81402   2  41
        0.62500        1.91082   2  42
        0.62500        1.99806   2  43
        0.62500        2.05389   2  44
        0.62500        2.08147   2  45
        0.62500        2.25303   2  46
        0.62500        2.33141   2  47
        0.62500        2.39743   2  48
        0.62500        2.45439   2  49
        0.62500        2.52105   2  50
        0.63605       -0.38499   2   1
        0.63605       -0.35737   2   2
        0.63605       -0.28506   2   3
        0.63605       -0.26882   2   4
        0.63605       -0.24175   2   5
        0.63605       -0.22141   2   6
        0.63605       -0.18192   2   7
        0.63605       -0.15871   2   8
        0.63605       -0.12484   2   9
        0.63605       -0.07914   2  10
        0.63605       -0.07178   2  11
        0.63605       -0.03416   2  12
        0.63605       -0.02381   2  13
        0.63605       -0.01319   2  14
        0.63605        0.00993   2  15
        0.63605        0.02686   2  16
        0.63605        0.03210   2  17
        0.63605        0.06801   2  18
        0.63605        0.66734   2  19
        0.63605        0.69161   2  20
        0.63605        0.69857   2  21
        0.63605        0.79803   2  22
        0.63605        0.81410   2  23
        0.63605        1.04185   2  24
        0.63605        1.05620   2  25
        0.63605        1.09037   2  26
        0.63605        1.13496   2  27
        0.63605        1.17753   2  28
        0.63605        1.23312   2  29
        0.63605        1.26762   2  30
        0.63605        1.32214   2  31
        0.63605        1.35523   2  32
        0.63605        1.40799   2  33
        0.63605        1.47738   2  34
        0.63605        1.50208   2  35
        0.63605        1.52325   2  36
        0.63605        1.55750   2  37
        0.63605        1.63985   2  38
        0.63605        1.66544   2  39
        0.63605        1.72775   2  40
        0.63605        1.81360   2  41
        0.63605        1.89825   2  42
        0.63605        1.99087   2  43
        0.63605        2.03483   2  44
        0.63605        2.08778   2  45
        0.63605        2.24648   2  46
        0.63605        2.33421   2  47
        0.63605        2.39952   2  48
        0.63605        2.46432   2  49
        0.63605        2.51663   2  50
        0.64710       -0.38989   2   1
        0.64710       -0.35629   2   2
        0.64710       -0.27668   2   3
        0.64710       -0.26667   2   4
        0.64710       -0.24488   2   5
        0.64710       -0.21389   2   6
        0.64710       -0.18387   2   7
        0.64710       -0.16081   2   8
        0.64710       -0.12324   2   9
        0.64710       -0.08213   2  10
        0.64710       -0.07376   2  11
        0.64710       -0.03626   2  12
        0.64710       -0.02472   2  13
        0.64710       -0.01482   2  14
        0.64710        0.00883   2  15
        0.64710        0.02461   2  16
        0.64710        0.03201   2  17
        0.64710        0.06793   2  18
        0.64710        0.66710   2  19
        0.64710        0.69298   2  20
        0.64710        0.69969   2  21
        0.64710        0.79757   2  22
        0.64710        0.81326   2  23
        0.64710        1.04282   2  24
        0.64710        1.05775   2  25
        0.64710        1.10162   2  26
        0.64710        1.13630   2  27
        0.64710        1.18007   2  28
        0.64710        1.23255   2  29
        0.64710        1.26395   2  30
        0.64710        1.32466   2  31
        0.64710        1.34309   2  32
        0.64710        1.40720   2  33
        0.64710        1.47993   2  34
        0.64710        1.50604   2  35
        0.64710        1.52032   2  36
        0.64710        1.55710   2  37
        0.64710        1.63941   2  38
        0.64710        1.66319   2  39
        0.64710        1.72635   2  40
        0.64710        1.81367   2  41
        0.64710        1.88972   2  42
        0.64710        1.98311   2  43
        0.64710        2.02673   2  44
        0.64710        2.09353   2  45
        0.64710        2.24073   2  46
        0.64710        2.33453   2  47
        0.64710        2.40053   2  48
        0.64710        2.47600   2  49
        0.64710        2.50990   2  50
        0.65815       -0.39162   2   1
        0.65815       -0.35586   2   2
        0.65815       -0.27422   2   3
        0.65815       -0.26494   2   4
        0.65815       -0.24668   2   5
        0.65815       -0.21045   2   6
        0.65815       -0.18534   2   7
        0.65815       -0.16163   2   8
        0.65815       -0.12216   2   9
        0.65815       -0.08336   2  10
        0.65815       -0.07453   2  11
        0.65815       -0.03691   2  12
        0.65815       -0.02521   2  13
        0.65815       -0.01535   2  14
        0.65815        0.00810   2  15
        0.65815        0.02421   2  16
        0.65815        0.03200   2  17
        0.65815        0.06788   2  18
        0.65815        0.66704   2  19
        0.65815        0.69347   2  20
        0.65815        0.70008   2  21
        0.65815        0.79740   2  22
        0.65815        0.81294   2  23
        0.65815        1.04305   2  24
        0.65815        1.05824   2  25
        0.65815        1.10657   2  26
        0.65815        1.13696   2  27
        0.65815        1.18012   2  28
        0.65815        1.23246   2  29
        0.65815        1.26227   2  30
        0.65815        1.32586   2  31
        0.65815        1.33803   2  32
        0.65815        1.40710   2  33
        0.65815        1.48042   2  34
        0.65815        1.50782   2  35
        0.65815        1.51925   2  36
        0.65815        1.55701   2  37
        0.65815        1.63865   2  38
        0.65815        1.66243   2  39
        0.65815        1.72586   2  40
        0.65815        1.81413   2  41
        0.65815        1.88712   2  42
        0.65815        1.98009   2  43
        0.65815        2.02477   2  44
        0.65815        2.09504   2  45
        0.65815        2.23845   2  46
        0.65815        2.33446   2  47
        0.65815        2.40048   2  48
        0.65815        2.48265   2  49
        0.65815        2.50483   2  50
        0.65815       -0.39162   2   1
        0.65815       -0.35586   2   2
        0.65815       -0.27422   2   3
        0.65815       -0.26494   2   4
        0.65815       -0.24668   2   5
        0.65815       -0.21045   2   6
        0.65815       -0.18534   2   7
        0.65815       -0.16163   2   8
        0.65815       -0.12216   2   9
        0.65815       -0.08336   2  10
        0.65815       -0.07453   2  11
        0.65815       -0.03691   2  12
        0.65815       -0.02521   2  13
        0.65815       -0.01535   2  14
        0.65815        0.00810   2  15
        0.65815        0.02421   2  16
        0.65815        0.03200   2  17
        0.65815        0.06788   2  18
        0.65815        0.66704   2  19
        0.65815        0.69347   2  20
        0.65815        0.70008   2  21
        0.65815        0.79740   2  22
        0.65815        0.81294   2  23
        0.65815        1.04305   2  24
        0.65815        1.05824   2  25
        0.65815        1.10657   2  26
        0.65815        1.13696   2  27
        0.65815        1.18012   2  28
        0.65815        1.23246   2  29
        0.65815        1.26227   2  30
        0.65815        1.32586   2  31
        0.65815        1.33803   2  32
        0.65815        1.40710   2  33
        0.65815        1.48042   2  34
        0.65815        1.50782   2  35
        0.65815        1.51925   2  36
        0.65815        1.55701   2  37
        0.65815        1.63865   2  38
        0.65815        1.66243   2  39
        0.65815        1.72586   2  40
        0.65815        1.81413   2  41
        0.65815        1.88712   2  42
        0.65815        1.98009   2  43
        0.65815        2.02477   2  44
        0.65815        2.09504   2  45
        0.65815        2.23845   2  46
        0.65815        2.33446   2  47
        0.65815        2.40048   2  48
        0.65815        2.48265   2  49
        0.65815        2.50483   2  50
        0.66707       -0.39185   2   1
        0.66707       -0.35644   2   2
        0.66707       -0.27602   2   3
        0.66707       -0.26746   2   4
        0.66707       -0.24786   2   5
        0.66707       -0.20639   2   6
        0.66707       -0.18597   2   7
        0.66707       -0.15972   2   8
        0.66707       -0.12127   2   9
        0.66707       -0.08321   2  10
        0.66707       -0.07489   2  11
        0.66707       -0.03862   2  12
        0.66707       -0.02685   2  13
        0.66707       -0.01212   2  14
        0.66707        0.00560   2  15
        0.66707        0.02373   2  16
        0.66707        0.03518   2  17
        0.66707        0.06778   2  18
        0.66707        0.66738   2  19
        0.66707        0.69377   2  20
        0.66707        0.70011   2  21
        0.66707        0.79712   2  22
        0.66707        0.81320   2  23
        0.66707        1.03614   2  24
        0.66707        1.06068   2  25
        0.66707        1.11015   2  26
        0.66707        1.13714   2  27
        0.66707        1.18089   2  28
        0.66707        1.23299   2  29
        0.66707        1.26375   2  30
        0.66707        1.32455   2  31
        0.66707        1.33969   2  32
        0.66707        1.40731   2  33
        0.66707        1.47787   2  34
        0.66707        1.50821   2  35
        0.66707        1.52019   2  36
        0.66707        1.55746   2  37
        0.66707        1.63971   2  38
        0.66707        1.66137   2  39
        0.66707        1.72653   2  40
        0.66707        1.81463   2  41
        0.66707        1.88882   2  42
        0.66707        1.98118   2  43
        0.66707        2.02533   2  44
        0.66707        2.09840   2  45
        0.66707        2.23742   2  46
        0.66707        2.33468   2  47
        0.66707        2.40213   2  48
        0.66707        2.48200   2  49
        0.66707        2.50547   2  50
        0.67599       -0.39269   2   1
        0.67599       -0.35821   2   2
        0.67599       -0.28182   2   3
        0.67599       -0.27168   2   4
        0.67599       -0.25154   2   5
        0.67599       -0.19966   2   6
        0.67599       -0.18360   2   7
        0.67599       -0.15524   2   8
        0.67599       -0.11912   2   9
        0.67599       -0.08312   2  10
        0.67599       -0.07584   2  11
        0.67599       -0.04296   2  12
        0.67599       -0.02821   2  13
        0.67599       -0.00700   2  14
        0.67599        0.00023   2  15
        0.67599        0.02394   2  16
        0.67599        0.04168   2  17
        0.67599        0.06764   2  18
        0.67599        0.66847   2  19
        0.67599        0.69436   2  20
        0.67599        0.70019   2  21
        0.67599        0.79614   2  22
        0.67599        0.81380   2  23
        0.67599        1.02183   2  24
        0.67599        1.06390   2  25
        0.67599        1.11801   2  26
        0.67599        1.13801   2  27
        0.67599        1.18296   2  28
        0.67599        1.23446   2  29
        0.67599        1.26799   2  30
        0.67599        1.32227   2  31
        0.67599        1.34383   2  32
        0.67599        1.40800   2  33
        0.67599        1.47037   2  34
        0.67599        1.50934   2  35
        0.67599        1.52262   2  36
        0.67599        1.55870   2  37
        0.67599        1.64222   2  38
        0.67599        1.65863   2  39
        0.67599        1.72828   2  40
        0.67599        1.81610   2  41
        0.67599        1.89345   2  42
        0.67599        1.98161   2  43
        0.67599        2.02648   2  44
        0.67599        2.10614   2  45
        0.67599        2.23170   2  46
        0.67599        2.33517   2  47
        0.67599        2.40661   2  48
        0.67599        2.47905   2  49
        0.67599        2.50606   2  50
        0.68491       -0.39424   2   1
        0.68491       -0.36085   2   2
        0.68491       -0.29027   2   3
        0.68491       -0.27542   2   4
        0.68491       -0.25707   2   5
        0.68491       -0.19922   2   6
        0.68491       -0.17218   2   7
        0.68491       -0.14955   2   8
        0.68491       -0.11650   2   9
        0.68491       -0.08387   2  10
        0.68491       -0.07738   2  11
        0.68491       -0.04630   2  12
        0.68491       -0.02912   2  13
        0.68491       -0.00739   2  14
        0.68491       -0.00059   2  15
        0.68491        0.02544   2  16
        0.68491        0.04886   2  17
        0.68491        0.06750   2  18
        0.68491        0.67022   2  19
        0.68491        0.69512   2  20
        0.68491        0.70036   2  21
        0.68491        0.79480   2  22
        0.68491        0.81461   2  23
        0.68491        1.00445   2  24
        0.68491        1.06693   2  25
        0.68491        1.12437   2  26
        0.68491        1.14164   2  27
        0.68491        1.18604   2  28
        0.68491        1.23674   2  29
        0.68491        1.27430   2  30
        0.68491        1.32082   2  31
        0.68491        1.34924   2  32
        0.68491        1.40884   2  33
        0.68491        1.46070   2  34
        0.68491        1.51083   2  35
        0.68491        1.52539   2  36
        0.68491        1.56067   2  37
        0.68491        1.64037   2  38
        0.68491        1.66036   2  39
        0.68491        1.73051   2  40
        0.68491        1.81895   2  41
        0.68491        1.89747   2  42
        0.68491        1.97976   2  43
        0.68491        2.03000   2  44
        0.68491        2.11800   2  45
        0.68491        2.22194   2  46
        0.68491        2.33588   2  47
        0.68491        2.41310   2  48
        0.68491        2.47391   2  49
        0.68491        2.50744   2  50
        0.69383       -0.39665   2   1
        0.69383       -0.36384   2   2
        0.69383       -0.29914   2   3
        0.69383       -0.27925   2   4
        0.69383       -0.26333   2   5
        0.69383       -0.20244   2   6
        0.69383       -0.15767   2   7
        0.69383       -0.14283   2   8
        0.69383       -0.11465   2   9
        0.69383       -0.08514   2  10
        0.69383       -0.07901   2  11
        0.69383       -0.04715   2  12
        0.69383       -0.03075   2  13
        0.69383       -0.01126   2  14
        0.69383        0.00316   2  15
        0.69383        0.02775   2  16
        0.69383        0.05600   2  17
        0.69383        0.06750   2  18
        0.69383        0.67253   2  19
        0.69383        0.69588   2  20
        0.69383        0.70069   2  21
        0.69383        0.79353   2  22
        0.69383        0.81554   2  23
        0.69383        0.98523   2  24
        0.69383        1.07022   2  25
        0.69383        1.12583   2  26
        0.69383        1.14901   2  27
        0.69383        1.18978   2  28
        0.69383        1.24026   2  29
        0.69383        1.28086   2  30
        0.69383        1.32212   2  31
        0.69383        1.35520   2  32
        0.69383        1.40921   2  33
        0.69383        1.45152   2  34
        0.69383        1.51057   2  35
        0.69383        1.52989   2  36
        0.69383        1.56312   2  37
        0.69383        1.63275   2  38
        0.69383        1.66853   2  39
        0.69383        1.73253   2  40
        0.69383        1.82290   2  41
        0.69383        1.89878   2  42
        0.69383        1.97434   2  43
        0.69383        2.03657   2  44
        0.69383        2.13261   2  45
        0.69383        2.20896   2  46
        0.69383        2.33651   2  47
        0.69383        2.41996   2  48
        0.69383        2.46814   2  49
        0.69383        2.51015   2  50
        0.70275       -0.40002   2   1
        0.70275       -0.36657   2   2
        0.70275       -0.30773   2   3
        0.70275       -0.28311   2   4
        0.70275       -0.26934   2   5
        0.70275       -0.20735   2   6
        0.70275       -0.14761   2   7
        0.70275       -0.13384   2   8
        0.70275       -0.11412   2   9
        0.70275       -0.08503   2  10
        0.70275       -0.07871   2  11
        0.70275       -0.04885   2  12
        0.70275       -0.03136   2  13
        0.70275       -0.01218   2  14
        0.70275        0.00656   2  15
        0.70275        0.03027   2  16
        0.70275        0.06275   2  17
        0.70275        0.06790   2  18
        0.70275        0.67523   2  19
        0.70275        0.69643   2  20
        0.70275        0.70128   2  21
        0.70275        0.79272   2  22
        0.70275        0.81649   2  23
        0.70275        0.96445   2  24
        0.70275        1.07403   2  25
        0.70275        1.12394   2  26
        0.70275        1.15664   2  27
        0.70275        1.19454   2  28
        0.70275        1.24546   2  29
        0.70275        1.28587   2  30
        0.70275        1.32768   2  31
        0.70275        1.36107   2  32
        0.70275        1.40809   2  33
        0.70275        1.44515   2  34
        0.70275        1.50793   2  35
        0.70275        1.53636   2  36
        0.70275        1.56560   2  37
        0.70275        1.62454   2  38
        0.70275        1.67907   2  39
        0.70275        1.73381   2  40
        0.70275        1.82714   2  41
        0.70275        1.89740   2  42
        0.70275        1.96570   2  43
        0.70275        2.04502   2  44
        0.70275        2.14699   2  45
        0.70275        2.19376   2  46
        0.70275        2.33674   2  47
        0.70275        2.42375   2  48
        0.70275        2.46571   2  49
        0.70275        2.51425   2  50
        0.71167       -0.40438   2   1
        0.71167       -0.36857   2   2
        0.71167       -0.31586   2   3
        0.71167       -0.28650   2   4
        0.71167       -0.27463   2   5
        0.71167       -0.21369   2   6
        0.71167       -0.14662   2   7
        0.71167       -0.12576   2   8
        0.71167       -0.10964   2   9
        0.71167       -0.08614   2  10
        0.71167       -0.07214   2  11
        0.71167       -0.05382   2  12
        0.71167       -0.02848   2  13
        0.71167       -0.01049   2  14
        0.71167        0.00953   2  15
        0.71167        0.03247   2  16
        0.71167        0.06796   2  17
        0.71167        0.07004   2  18
        0.71167        0.67814   2  19
        0.71167        0.69667   2  20
        0.71167        0.70215   2  21
        0.71167        0.79263   2  22
        0.71167        0.81741   2  23
        0.71167        0.94218   2  24
        0.71167        1.07844   2  25
        0.71167        1.11939   2  26
        0.71167        1.16250   2  27
        0.71167        1.20137   2  28
        0.71167        1.25179   2  29
        0.71167        1.28980   2  30
        0.71167        1.33686   2  31
        0.71167        1.36604   2  32
        0.71167        1.40496   2  33
        0.71167        1.44326   2  34
        0.71167        1.50380   2  35
        0.71167        1.54305   2  36
        0.71167        1.56748   2  37
        0.71167        1.61952   2  38
        0.71167        1.69006   2  39
        0.71167        1.73448   2  40
        0.71167        1.83072   2  41
        0.71167        1.89430   2  42
        0.71167        1.95492   2  43
        0.71167        2.05384   2  44
        0.71167        2.15715   2  45
        0.71167        2.17792   2  46
        0.71167        2.33631   2  47
        0.71167        2.42062   2  48
        0.71167        2.47075   2  49
        0.71167        2.51956   2  50
        0.72059       -0.40958   2   1
        0.72059       -0.36958   2   2
        0.72059       -0.32334   2   3
        0.72059       -0.28892   2   4
        0.72059       -0.27920   2   5
        0.72059       -0.22124   2   6
        0.72059       -0.15330   2   7
        0.72059       -0.12075   2   8
        0.72059       -0.10078   2   9
        0.72059       -0.08867   2  10
        0.72059       -0.06326   2  11
        0.72059       -0.05637   2  12
        0.72059       -0.02372   2  13
        0.72059       -0.00706   2  14
        0.72059        0.01215   2  15
        0.72059        0.03421   2  16
        0.72059        0.07032   2  17
        0.72059        0.07536   2  18
        0.72059        0.68105   2  19
        0.72059        0.69670   2  20
        0.72059        0.70314   2  21
        0.72059        0.79337   2  22
        0.72059        0.81824   2  23
        0.72059        0.91870   2  24
        0.72059        1.08310   2  25
        0.72059        1.11208   2  26
        0.72059        1.16759   2  27
        0.72059        1.21017   2  28
        0.72059        1.25795   2  29
        0.72059        1.29440   2  30
        0.72059        1.34727   2  31
        0.72059        1.36927   2  32
        0.72059        1.40146   2  33
        0.72059        1.44549   2  34
        0.72059        1.49913   2  35
        0.72059        1.54727   2  36
        0.72059        1.56934   2  37
        0.72059        1.61999   2  38
        0.72059        1.70049   2  39
        0.72059        1.73560   2  40
        0.72059        1.83286   2  41
        0.72059        1.89025   2  42
        0.72059        1.94287   2  43
        0.72059        2.06199   2  44
        0.72059        2.15446   2  45
        0.72059        2.16869   2  46
        0.72059        2.33522   2  47
        0.72059        2.41185   2  48
        0.72059        2.48152   2  49
        0.72059        2.52582   2  50
        0.72952       -0.41535   2   1
        0.72952       -0.36957   2   2
        0.72952       -0.32975   2   3
        0.72952       -0.29024   2   4
        0.72952       -0.28315   2   5
        0.72952       -0.22957   2   6
        0.72952       -0.16365   2   7
        0.72952       -0.11642   2   8
        0.72952       -0.10146   2   9
        0.72952       -0.08366   2  10
        0.72952       -0.06428   2  11
        0.72952       -0.04621   2  12
        0.72952       -0.01806   2  13
        0.72952       -0.00236   2  14
        0.72952        0.01476   2  15
        0.72952        0.03582   2  16
        0.72952        0.07317   2  17
        0.72952        0.08038   2  18
        0.72952        0.68373   2  19
        0.72952        0.69667   2  20
        0.72952        0.70411   2  21
        0.72952        0.79489   2  22
        0.72952        0.81897   2  23
        0.72952        0.89473   2  24
        0.72952        1.08562   2  25
        0.72952        1.10471   2  26
        0.72952        1.17365   2  27
        0.72952        1.21931   2  28
        0.72952        1.26319   2  29
        0.72952        1.30025   2  30
        0.72952        1.35521   2  31
        0.72952        1.37165   2  32
        0.72952        1.40057   2  33
        0.72952        1.45016   2  34
        0.72952        1.49474   2  35
        0.72952        1.54716   2  36
        0.72952        1.57370   2  37
        0.72952        1.62492   2  38
        0.72952        1.70953   2  39
        0.72952        1.73902   2  40
        0.72952        1.83302   2  41
        0.72952        1.88556   2  42
        0.72952        1.93035   2  43
        0.72952        2.06834   2  44
        0.72952        2.13905   2  45
        0.72952        2.16663   2  46
        0.72952        2.33342   2  47
        0.72952        2.40016   2  48
        0.72952        2.49441   2  49
        0.72952        2.53262   2  50
        0.73844       -0.42140   2   1
        0.73844       -0.36863   2   2
        0.73844       -0.33467   2   3
        0.73844       -0.29136   2   4
        0.73844       -0.28601   2   5
        0.73844       -0.23798   2   6
        0.73844       -0.17516   2   7
        0.73844       -0.11721   2   8
        0.73844       -0.10502   2   9
        0.73844       -0.07528   2  10
        0.73844       -0.06381   2  11
        0.73844       -0.03756   2  12
        0.73844       -0.01240   2  13
        0.73844        0.00380   2  14
        0.73844        0.01889   2  15
        0.73844        0.03785   2  16
        0.73844        0.07663   2  17
        0.73844        0.08460   2  18
        0.73844        0.68597   2  19
        0.73844        0.69675   2  20
        0.73844        0.70492   2  21
        0.73844        0.79696   2  22
        0.73844        0.81954   2  23
        0.73844        0.87126   2  24
        0.73844        1.07891   2  25
        0.73844        1.10551   2  26
        0.73844        1.18124   2  27
        0.73844        1.22682   2  28
        0.73844        1.26811   2  29
        0.73844        1.30626   2  30
        0.73844        1.35570   2  31
        0.73844        1.37709   2  32
        0.73844        1.40434   2  33
        0.73844        1.45571   2  34
        0.73844        1.49119   2  35
        0.73844        1.54535   2  36
        0.73844        1.58042   2  37
        0.73844        1.63105   2  38
        0.73844        1.71723   2  39
        0.73844        1.74602   2  40
        0.73844        1.83097   2  41
        0.73844        1.88022   2  42
        0.73844        1.91818   2  43
        0.73844        2.07150   2  44
        0.73844        2.12295   2  45
        0.73844        2.16209   2  46
        0.73844        2.33068   2  47
        0.73844        2.38665   2  48
        0.73844        2.50754   2  49
        0.73844        2.53951   2  50
        0.74736       -0.42743   2   1
        0.74736       -0.36687   2   2
        0.74736       -0.33781   2   3
        0.74736       -0.29458   2   4
        0.74736       -0.28608   2   5
        0.74736       -0.24557   2   6
        0.74736       -0.18687   2   7
        0.74736       -0.12699   2   8
        0.74736       -0.10141   2   9
        0.74736       -0.07193   2  10
        0.74736       -0.05822   2  11
        0.74736       -0.03334   2  12
        0.74736       -0.00932   2  13
        0.74736        0.01099   2  14
        0.74736        0.02668   2  15
        0.74736        0.04101   2  16
        0.74736        0.08031   2  17
        0.74736        0.08790   2  18
        0.74736        0.68756   2  19
        0.74736        0.69709   2  20
        0.74736        0.70552   2  21
        0.74736        0.79921   2  22
        0.74736        0.81983   2  23
        0.74736        0.84965   2  24
        0.74736        1.06600   2  25
        0.74736        1.11282   2  26
        0.74736        1.18985   2  27
        0.74736        1.23115   2  28
        0.74736        1.27382   2  29
        0.74736        1.31086   2  30
        0.74736        1.35119   2  31
        0.74736        1.38395   2  32
        0.74736        1.41281   2  33
        0.74736        1.46131   2  34
        0.74736        1.48854   2  35
        0.74736        1.54548   2  36
        0.74736        1.58778   2  37
        0.74736        1.63576   2  38
        0.74736        1.72491   2  39
        0.74736        1.75555   2  40
        0.74736        1.82688   2  41
        0.74736        1.87425   2  42
        0.74736        1.90706   2  43
        0.74736        2.07008   2  44
        0.74736        2.10876   2  45
        0.74736        2.15582   2  46
        0.74736        2.32678   2  47
        0.74736        2.37180   2  48
        0.74736        2.52020   2  49
        0.74736        2.54605   2  50
        0.75628       -0.43312   2   1
        0.75628       -0.36436   2   2
        0.75628       -0.33918   2   3
        0.75628       -0.29993   2   4
        0.75628       -0.28399   2   5
        0.75628       -0.25140   2   6
        0.75628       -0.19851   2   7
        0.75628       -0.13860   2   8
        0.75628       -0.09624   2   9
        0.75628       -0.07149   2  10
        0.75628       -0.05270   2  11
        0.75628       -0.03075   2  12
        0.75628       -0.00862   2  13
        0.75628        0.01756   2  14
        0.75628        0.03465   2  15
        0.75628        0.04816   2  16
        0.75628        0.08386   2  17
        0.75628        0.09024   2  18
        0.75628        0.68839   2  19
        0.75628        0.69780   2  20
        0.75628        0.70585   2  21
        0.75628        0.80077   2  22
        0.75628        0.81932   2  23
        0.75628        0.83192   2  24
        0.75628        1.05222   2  25
        0.75628        1.12240   2  26
        0.75628        1.19856   2  27
        0.75628        1.23202   2  28
        0.75628        1.28051   2  29
        0.75628        1.31324   2  30
        0.75628        1.34519   2  31
        0.75628        1.39130   2  32
        0.75628        1.42364   2  33
        0.75628        1.46693   2  34
        0.75628        1.48641   2  35
        0.75628        1.54932   2  36
        0.75628        1.59454   2  37
        0.75628        1.63813   2  38
        0.75628        1.73353   2  39
        0.75628        1.76503   2  40
        0.75628        1.82163   2  41
        0.75628        1.86833   2  42
        0.75628        1.89703   2  43
        0.75628        2.06380   2  44
        0.75628        2.09797   2  45
        0.75628        2.14893   2  46
        0.75628        2.32175   2  47
        0.75628        2.35609   2  48
        0.75628        2.53208   2  49
        0.75628        2.55190   2  50
        0.76520       -0.43819   2   1
        0.76520       -0.36109   2   2
        0.76520       -0.33913   2   3
        0.76520       -0.30674   2   4
        0.76520       -0.28063   2   5
        0.76520       -0.25492   2   6
        0.76520       -0.21002   2   7
        0.76520       -0.14965   2   8
        0.76520       -0.09102   2   9
        0.76520       -0.07159   2  10
        0.76520       -0.05246   2  11
        0.76520       -0.02617   2  12
        0.76520       -0.00866   2  13
        0.76520        0.02345   2  14
        0.76520        0.03786   2  15
        0.76520        0.06049   2  16
        0.76520        0.08699   2  17
        0.76520        0.09168   2  18
        0.76520        0.68854   2  19
        0.76520        0.69882   2  20
        0.76520        0.70590   2  21
        0.76520        0.79880   2  22
        0.76520        0.81591   2  23
        0.76520        0.82347   2  24
        0.76520        1.03937   2  25
        0.76520        1.13299   2  26
        0.76520        1.20629   2  27
        0.76520        1.23030   2  28
        0.76520        1.28743   2  29
        0.76520        1.31377   2  30
        0.76520        1.33854   2  31
        0.76520        1.40021   2  32
        0.76520        1.43425   2  33
        0.76520        1.47254   2  34
        0.76520        1.48449   2  35
        0.76520        1.55712   2  36
        0.76520        1.59986   2  37
        0.76520        1.63810   2  38
        0.76520        1.74269   2  39
        0.76520        1.77133   2  40
        0.76520        1.81712   2  41
        0.76520        1.86377   2  42
        0.76520        1.88742   2  43
        0.76520        2.05524   2  44
        0.76520        2.09054   2  45
        0.76520        2.14145   2  46
        0.76520        2.31603   2  47
        0.76520        2.34029   2  48
        0.76520        2.54286   2  49
        0.76520        2.55689   2  50
        0.77412       -0.44241   2   1
        0.77412       -0.35700   2   2
        0.77412       -0.33822   2   3
        0.77412       -0.31453   2   4
        0.77412       -0.27607   2   5
        0.77412       -0.25634   2   6
        0.77412       -0.22142   2   7
        0.77412       -0.15915   2   8
        0.77412       -0.08605   2   9
        0.77412       -0.07180   2  10
        0.77412       -0.05651   2  11
        0.77412       -0.01999   2  12
        0.77412       -0.00880   2  13
        0.77412        0.02864   2  14
        0.77412        0.03878   2  15
        0.77412        0.07303   2  16
        0.77412        0.08945   2  17
        0.77412        0.09247   2  18
        0.77412        0.68825   2  19
        0.77412        0.69997   2  20
        0.77412        0.70567   2  21
        0.77412        0.79091   2  22
        0.77412        0.81451   2  23
        0.77412        0.82199   2  24
        0.77412        1.02840   2  25
        0.77412        1.14378   2  26
        0.77412        1.21216   2  27
        0.77412        1.22713   2  28
        0.77412        1.29386   2  29
        0.77412        1.31339   2  30
        0.77412        1.33156   2  31
        0.77412        1.41038   2  32
        0.77412        1.44368   2  33
        0.77412        1.47675   2  34
        0.77412        1.48336   2  35
        0.77412        1.56808   2  36
        0.77412        1.60343   2  37
        0.77412        1.63557   2  38
        0.77412        1.75136   2  39
        0.77412        1.77267   2  40
        0.77412        1.81482   2  41
        0.77412        1.86135   2  42
        0.77412        1.87779   2  43
        0.77412        2.04882   2  44
        0.77412        2.08481   2  45
        0.77412        2.13322   2  46
        0.77412        2.31035   2  47
        0.77412        2.32542   2  48
        0.77412        2.55212   2  49
        0.77412        2.56095   2  50
        0.78304       -0.44554   2   1
        0.78304       -0.35203   2   2
        0.78304       -0.33708   2   3
        0.78304       -0.32266   2   4
        0.78304       -0.27016   2   5
        0.78304       -0.25640   2   6
        0.78304       -0.23261   2   7
        0.78304       -0.16640   2   8
        0.78304       -0.08142   2   9
        0.78304       -0.07201   2  10
        0.78304       -0.06201   2  11
        0.78304       -0.01443   2  12
        0.78304       -0.00893   2  13
        0.78304        0.03283   2  14
        0.78304        0.03875   2  15
        0.78304        0.08309   2  16
        0.78304        0.09092   2  17
        0.78304        0.09312   2  18
        0.78304        0.68777   2  19
        0.78304        0.70110   2  20
        0.78304        0.70521   2  21
        0.78304        0.78266   2  22
        0.78304        0.81588   2  23
        0.78304        0.82124   2  24
        0.78304        1.01998   2  25
        0.78304        1.15366   2  26
        0.78304        1.21581   2  27
        0.78304        1.22341   2  28
        0.78304        1.29959   2  29
        0.78304        1.31279   2  30
        0.78304        1.32476   2  31
        0.78304        1.41992   2  32
        0.78304        1.45222   2  33
        0.78304        1.47641   2  34
        0.78304        1.48504   2  35
        0.78304        1.58069   2  36
        0.78304        1.60539   2  37
        0.78304        1.63039   2  38
        0.78304        1.75845   2  39
        0.78304        1.77068   2  40
        0.78304        1.81407   2  41
        0.78304        1.86039   2  42
        0.78304        1.86876   2  43
        0.78304        2.04783   2  44
        0.78304        2.07888   2  45
        0.78304        2.12491   2  46
        0.78304        2.30543   2  47
        0.78304        2.31287   2  48
        0.78304        2.55934   2  49
        0.78304        2.56401   2  50
        0.79196       -0.44746   2   1
        0.79196       -0.34634   2   2
        0.79196       -0.33620   2   3
        0.79196       -0.33043   2   4
        0.79196       -0.26278   2   5
        0.79196       -0.25595   2   6
        0.79196       -0.24333   2   7
        0.79196       -0.17095   2   8
        0.79196       -0.07700   2   9
        0.79196       -0.07217   2  10
        0.79196       -0.06749   2  11
        0.79196       -0.01070   2  12
        0.79196       -0.00901   2  13
        0.79196        0.03572   2  14
        0.79196        0.03829   2  15
        0.79196        0.08930   2  16
        0.79196        0.09136   2  17
        0.79196        0.09405   2  18
        0.79196        0.68734   2  19
        0.79196        0.70213   2  20
        0.79196        0.70454   2  21
        0.79196        0.77721   2  22
        0.79196        0.81766   2  23
        0.79196        0.82037   2  24
        0.79196        1.01458   2  25
        0.79196        1.16103   2  26
        0.79196        1.21750   2  27
        0.79196        1.22011   2  28
        0.79196        1.30471   2  29
        0.79196        1.31198   2  30
        0.79196        1.31896   2  31
        0.79196        1.42658   2  32
        0.79196        1.46025   2  33
        0.79196        1.47280   2  34
        0.79196        1.48725   2  35
        0.79196        1.59304   2  36
        0.79196        1.60570   2  37
        0.79196        1.62337   2  38
        0.79196        1.76318   2  39
        0.79196        1.76803   2  40
        0.79196        1.81375   2  41
        0.79196        1.85961   2  42
        0.79196        1.86192   2  43
        0.79196        2.05282   2  44
        0.79196        2.07109   2  45
        0.79196        2.11828   2  46
        0.79196        2.30182   2  47
        0.79196        2.30407   2  48
        0.79196        2.56409   2  49
        0.79196        2.56590   2  50
        0.80088       -0.44808   2   1
        0.80088       -0.34202   2   2
        0.80088       -0.33571   2   3
        0.80088       -0.33560   2   4
        0.80088       -0.25567   2   5
        0.80088       -0.25565   2   6
        0.80088       -0.25157   2   7
        0.80088       -0.17250   2   8
        0.80088       -0.07281   2   9
        0.80088       -0.07223   2  10
        0.80088       -0.07222   2  11
        0.80088       -0.00931   2  12
        0.80088       -0.00919   2  13
        0.80088        0.03733   2  14
        0.80088        0.03754   2  15
        0.80088        0.09095   2  16
        0.80088        0.09158   2  17
        0.80088        0.09468   2  18
        0.80088        0.68714   2  19
        0.80088        0.70302   2  20
        0.80088        0.70371   2  21
        0.80088        0.77532   2  22
        0.80088        0.81918   2  23
        0.80088        0.81921   2  24
        0.80088        1.01255   2  25
        0.80088        1.16383   2  26
        0.80088        1.21804   2  27
        0.80088        1.21831   2  28
        0.80088        1.30907   2  29
        0.80088        1.30943   2  30
        0.80088        1.31633   2  31
        0.80088        1.42900   2  32
        0.80088        1.46725   2  33
        0.80088        1.46734   2  34
        0.80088        1.48806   2  35
        0.80088        1.60221   2  36
        0.80088        1.60241   2  37
        0.80088        1.61884   2  38
        0.80088        1.76562   2  39
        0.80088        1.76570   2  40
        0.80088        1.81315   2  41
        0.80088        1.85894   2  42
        0.80088        1.85896   2  43
        0.80088        2.06137   2  44
        0.80088        2.06168   2  45
        0.80088        2.11493   2  46
        0.80088        2.29994   2  47
        0.80088        2.30013   2  48
        0.80088        2.56626   2  49
        0.80088        2.56629   2  50
