        0.00000       -0.45761   1   1
        0.00000       -0.34909   1   2
        0.00000       -0.34796   1   3
        0.00000       -0.34795   1   4
        0.00000       -0.26641   1   5
        0.00000       -0.26632   1   6
        0.00000       -0.26256   1   7
        0.00000       -0.17821   1   8
        0.00000       -0.09720   1   9
        0.00000       -0.09704   1  10
        0.00000       -0.07920   1  11
        0.00000       -0.01737   1  12
        0.00000       -0.01730   1  13
        0.00000        0.02388   1  14
        0.00000        0.02401   1  15
        0.00000        0.08329   1  16
        0.00000        0.08382   1  17
        0.00000        0.08433   1  18
        0.00000        0.17702   1  19
        0.00000        0.19278   1  20
        0.00000        0.19358   1  21
        0.00000        0.69497   1  22
        0.00000        0.69498   1  23
        0.00000        0.76332   1  24
        0.00000        0.99903   1  25
        0.00000        1.15908   1  26
        0.00000        1.20646   1  27
        0.00000        1.20684   1  28
        0.00000        1.30001   1  29
        0.00000        1.30044   1  30
        0.00000        1.31218   1  31
        0.00000        1.42340   1  32
        0.00000        1.46694   1  33
        0.00000        1.46696   1  34
        0.00000        1.48484   1  35
        0.00000        1.60680   1  36
        0.00000        1.60701   1  37
        0.00000        1.60970   1  38
        0.00000        1.76212   1  39
        0.00000        1.76224   1  40
        0.00000        1.80541   1  41
        0.00000        1.85695   1  42
        0.00000        1.85708   1  43
        0.00000        2.06286   1  44
        0.00000        2.06320   1  45
        0.00000        2.11422   1  46
        0.00000        2.29008   1  47
        0.00000        2.29031   1  48
        0.00000        2.56512   1  49
        0.00000        2.56517   1  50
        0.00887       -0.45629   1   1
        0.00887       -0.35035   1   2
        0.00887       -0.34933   1   3
        0.00887       -0.34483   1   4
        0.00887       -0.26652   1   5
        0.00887       -0.26507   1   6
        0.00887       -0.26284   1   7
        0.00887       -0.17777   1   8
        0.00887       -0.10054   1   9
        0.00887       -0.09440   1  10
        0.00887       -0.07871   1  11
        0.00887       -0.01854   1  12
        0.00887       -0.01828   1  13
        0.00887        0.01965   1  14
        0.00887        0.02849   1  15
        0.00887        0.08085   1  16
        0.00887        0.08328   1  17
        0.00887        0.08488   1  18
        0.00887        0.17729   1  19
        0.00887        0.19174   1  20
        0.00887        0.19476   1  21
        0.00887        0.69226   1  22
        0.00887        0.69743   1  23
        0.00887        0.76555   1  24
        0.00887        0.99953   1  25
        0.00887        1.15902   1  26
        0.00887        1.20652   1  27
        0.00887        1.20898   1  28
        0.00887        1.29465   1  29
        0.00887        1.30689   1  30
        0.00887        1.31147   1  31
        0.00887        1.42205   1  32
        0.00887        1.45522   1  33
        0.00887        1.47776   1  34
        0.00887        1.48490   1  35
        0.00887        1.59477   1  36
        0.00887        1.61057   1  37
        0.00887        1.61908   1  38
        0.00887        1.75850   1  39
        0.00887        1.76591   1  40
        0.00887        1.80384   1  41
        0.00887        1.85886   1  42
        0.00887        1.86238   1  43
        0.00887        2.04650   1  44
        0.00887        2.08255   1  45
        0.00887        2.11915   1  46
        0.00887        2.29259   1  47
        0.00887        2.29533   1  48
        0.00887        2.56089   1  49
        0.00887        2.56555   1  50
        0.01774       -0.45221   1   1
        0.01774       -0.35176   1   2
        0.01774       -0.34975   1   3
        0.01774       -0.34123   1   4
        0.01774       -0.26539   1   5
        0.01774       -0.26415   1   6
        0.01774       -0.26228   1   7
        0.01774       -0.17655   1   8
        0.01774       -0.10473   1   9
        0.01774       -0.09292   1  10
        0.01774       -0.07716   1  11
        0.01774       -0.02226   1  12
        0.01774       -0.02105   1  13
        0.01774        0.01678   1  14
        0.01774        0.03250   1  15
        0.01774        0.07369   1  16
        0.01774        0.08251   1  17
        0.01774        0.08520   1  18
        0.01774        0.17783   1  19
        0.01774        0.19009   1  20
        0.01774        0.19671   1  21
        0.01774        0.68940   1  22
        0.01774        0.69942   1  23
        0.01774        0.77191   1  24
        0.01774        1.00012   1  25
        0.01774        1.15863   1  26
        0.01774        1.20762   1  27
        0.01774        1.21271   1  28
        0.01774        1.28960   1  29
        0.01774        1.30898   1  30
        0.01774        1.31387   1  31
        0.01774        1.41848   1  32
        0.01774        1.44294   1  33
        0.01774        1.48476   1  34
        0.01774        1.48668   1  35
        0.01774        1.58343   1  36
        0.01774        1.61115   1  37
        0.01774        1.62907   1  38
        0.01774        1.75393   1  39
        0.01774        1.76774   1  40
        0.01774        1.79671   1  41
        0.01774        1.86692   1  42
        0.01774        1.87140   1  43
        0.01774        2.03386   1  44
        0.01774        2.10294   1  45
        0.01774        2.12802   1  46
        0.01774        2.29771   1  47
        0.01774        2.30457   1  48
        0.01774        2.55282   1  49
        0.01774        2.56374   1  50
        0.02661       -0.44554   1   1
        0.02661       -0.35196   1   2
        0.02661       -0.35012   1   3
        0.02661       -0.33731   1   4
        0.02661       -0.26654   1   5
        0.02661       -0.26324   1   6
        0.02661       -0.25796   1   7
        0.02661       -0.17437   1   8
        0.02661       -0.10988   1   9
        0.02661       -0.09293   1  10
        0.02661       -0.07485   1  11
        0.02661       -0.02881   1  12
        0.02661       -0.02409   1  13
        0.02661        0.01546   1  14
        0.02661        0.03516   1  15
        0.02661        0.06232   1  16
        0.02661        0.08149   1  17
        0.02661        0.08526   1  18
        0.02661        0.17848   1  19
        0.02661        0.18880   1  20
        0.02661        0.19854   1  21
        0.02661        0.68660   1  22
        0.02661        0.70078   1  23
        0.02661        0.78198   1  24
        0.02661        1.00079   1  25
        0.02661        1.15797   1  26
        0.02661        1.21035   1  27
        0.02661        1.21764   1  28
        0.02661        1.28554   1  29
        0.02661        1.30490   1  30
        0.02661        1.32046   1  31
        0.02661        1.41304   1  32
        0.02661        1.43098   1  33
        0.02661        1.48442   1  34
        0.02661        1.49311   1  35
        0.02661        1.57453   1  36
        0.02661        1.61142   1  37
        0.02661        1.63651   1  38
        0.02661        1.74855   1  39
        0.02661        1.76704   1  40
        0.02661        1.78578   1  41
        0.02661        1.88103   1  42
        0.02661        1.88223   1  43
        0.02661        2.02609   1  44
        0.02661        2.12278   1  45
        0.02661        2.13831   1  46
        0.02661        2.30416   1  47
        0.02661        2.31798   1  48
        0.02661        2.54058   1  49
        0.02661        2.56036   1  50
        0.03547       -0.43658   1   1
        0.03547       -0.35081   1   2
        0.03547       -0.35017   1   3
        0.03547       -0.33313   1   4
        0.03547       -0.26996   1   5
        0.03547       -0.26036   1   6
        0.03547       -0.25225   1   7
        0.03547       -0.17118   1   8
        0.03547       -0.11611   1   9
        0.03547       -0.09470   1  10
        0.03547       -0.07226   1  11
        0.03547       -0.03663   1  12
        0.03547       -0.02712   1  13
        0.03547        0.01499   1  14
        0.03547        0.03618   1  15
        0.03547        0.04742   1  16
        0.03547        0.08016   1  17
        0.03547        0.08504   1  18
        0.03547        0.17912   1  19
        0.03547        0.18804   1  20
        0.03547        0.20017   1  21
        0.03547        0.68399   1  22
        0.03547        0.70144   1  23
        0.03547        0.79512   1  24
        0.03547        1.00155   1  25
        0.03547        1.15717   1  26
        0.03547        1.21489   1  27
        0.03547        1.22380   1  28
        0.03547        1.28260   1  29
        0.03547        1.29951   1  30
        0.03547        1.32627   1  31
        0.03547        1.40607   1  32
        0.03547        1.42020   1  33
        0.03547        1.48397   1  34
        0.03547        1.49675   1  35
        0.03547        1.56930   1  36
        0.03547        1.61137   1  37
        0.03547        1.64192   1  38
        0.03547        1.74235   1  39
        0.03547        1.76381   1  40
        0.03547        1.77315   1  41
        0.03547        1.89319   1  42
        0.03547        1.89982   1  43
        0.03547        2.02353   1  44
        0.03547        2.14082   1  45
        0.03547        2.14731   1  46
        0.03547        2.31076   1  47
        0.03547        2.33501   1  48
        0.03547        2.52409   1  49
        0.03547        2.55594   1  50
        0.04434       -0.42582   1   1
        0.04434       -0.34968   1   2
        0.04434       -0.34817   1   3
        0.04434       -0.32868   1   4
        0.04434       -0.27405   1   5
        0.04434       -0.25704   1   6
        0.04434       -0.24553   1   7
        0.04434       -0.16710   1   8
        0.04434       -0.12341   1   9
        0.04434       -0.09825   1  10
        0.04434       -0.06998   1  11
        0.04434       -0.04455   1  12
        0.04434       -0.02990   1  13
        0.04434        0.01481   1  14
        0.04434        0.02992   1  15
        0.04434        0.03563   1  16
        0.04434        0.07844   1  17
        0.04434        0.08449   1  18
        0.04434        0.17965   1  19
        0.04434        0.18792   1  20
        0.04434        0.20153   1  21
        0.04434        0.68170   1  22
        0.04434        0.70135   1  23
        0.04434        0.81059   1  24
        0.04434        1.00237   1  25
        0.04434        1.15637   1  26
        0.04434        1.22134   1  27
        0.04434        1.23110   1  28
        0.04434        1.28086   1  29
        0.04434        1.29328   1  30
        0.04434        1.33084   1  31
        0.04434        1.39796   1  32
        0.04434        1.41153   1  33
        0.04434        1.48370   1  34
        0.04434        1.49750   1  35
        0.04434        1.56840   1  36
        0.04434        1.61102   1  37
        0.04434        1.64612   1  38
        0.04434        1.73554   1  39
        0.04434        1.75862   1  40
        0.04434        1.76071   1  41
        0.04434        1.90348   1  42
        0.04434        1.92057   1  43
        0.04434        2.02581   1  44
        0.04434        2.15276   1  45
        0.04434        2.15643   1  46
        0.04434        2.31662   1  47
        0.04434        2.35450   1  48
        0.04434        2.50365   1  49
        0.04434        2.55083   1  50
        0.05321       -0.41398   1   1
        0.05321       -0.34829   1   2
        0.05321       -0.34422   1   3
        0.05321       -0.32394   1   4
        0.05321       -0.27815   1   5
        0.05321       -0.25356   1   6
        0.05321       -0.23842   1   7
        0.05321       -0.16252   1   8
        0.05321       -0.13134   1   9
        0.05321       -0.10330   1  10
        0.05321       -0.06873   1  11
        0.05321       -0.05187   1  12
        0.05321       -0.03253   1  13
        0.05321        0.01103   1  14
        0.05321        0.01470   1  15
        0.05321        0.03390   1  16
        0.05321        0.07626   1  17
        0.05321        0.08353   1  18
        0.05321        0.18005   1  19
        0.05321        0.18847   1  20
        0.05321        0.20257   1  21
        0.05321        0.67981   1  22
        0.05321        0.70053   1  23
        0.05321        0.82766   1  24
        0.05321        1.00306   1  25
        0.05321        1.15574   1  26
        0.05321        1.22952   1  27
        0.05321        1.23926   1  28
        0.05321        1.28039   1  29
        0.05321        1.28679   1  30
        0.05321        1.33382   1  31
        0.05321        1.38901   1  32
        0.05321        1.40569   1  33
        0.05321        1.48408   1  34
        0.05321        1.49547   1  35
        0.05321        1.57199   1  36
        0.05321        1.61040   1  37
        0.05321        1.64964   1  38
        0.05321        1.72854   1  39
        0.05321        1.74955   1  40
        0.05321        1.75262   1  41
        0.05321        1.91229   1  42
        0.05321        1.94076   1  43
        0.05321        2.03232   1  44
        0.05321        2.15354   1  45
        0.05321        2.16928   1  46
        0.05321        2.32123   1  47
        0.05321        2.37489   1  48
        0.05321        2.47998   1  49
        0.05321        2.54523   1  50
        0.06208       -0.40209   1   1
        0.06208       -0.34595   1   2
        0.06208       -0.33908   1   3
        0.06208       -0.31899   1   4
        0.06208       -0.28121   1   5
        0.06208       -0.25021   1   6
        0.06208       -0.23188   1   7
        0.06208       -0.15810   1   8
        0.06208       -0.13888   1   9
        0.06208       -0.10925   1  10
        0.06208       -0.06957   1  11
        0.06208       -0.05832   1  12
        0.06208       -0.03536   1  13
        0.06208       -0.00741   1  14
        0.06208        0.01473   1  15
        0.06208        0.03158   1  16
        0.06208        0.07366   1  17
        0.06208        0.08209   1  18
        0.06208        0.18029   1  19
        0.06208        0.18959   1  20
        0.06208        0.20324   1  21
        0.06208        0.67839   1  22
        0.06208        0.69903   1  23
        0.06208        0.84560   1  24
        0.06208        1.00326   1  25
        0.06208        1.15544   1  26
        0.06208        1.23885   1  27
        0.06208        1.24764   1  28
        0.06208        1.28062   1  29
        0.06208        1.28140   1  30
        0.06208        1.33538   1  31
        0.06208        1.37964   1  32
        0.06208        1.40277   1  33
        0.06208        1.48562   1  34
        0.06208        1.49093   1  35
        0.06208        1.57965   1  36
        0.06208        1.60968   1  37
        0.06208        1.65257   1  38
        0.06208        1.72193   1  39
        0.06208        1.74036   1  40
        0.06208        1.74657   1  41
        0.06208        1.91930   1  42
        0.06208        1.95804   1  43
        0.06208        2.04251   1  44
        0.06208        2.14929   1  45
        0.06208        2.17953   1  46
        0.06208        2.32451   1  47
        0.06208        2.39430   1  48
        0.06208        2.45455   1  49
        0.06208        2.53915   1  50
        0.07095       -0.39133   1   1
        0.07095       -0.34293   1   2
        0.07095       -0.33304   1   3
        0.07095       -0.31401   1   4
        0.07095       -0.28175   1   5
        0.07095       -0.24721   1   6
        0.07095       -0.22715   1   7
        0.07095       -0.15483   1   8
        0.07095       -0.14452   1   9
        0.07095       -0.11538   1  10
        0.07095       -0.07402   1  11
        0.07095       -0.06389   1  12
        0.07095       -0.03891   1  13
        0.07095       -0.02271   1  14
        0.07095        0.01510   1  15
        0.07095        0.02934   1  16
        0.07095        0.07078   1  17
        0.07095        0.08009   1  18
        0.07095        0.18041   1  19
        0.07095        0.19113   1  20
        0.07095        0.20352   1  21
        0.07095        0.67748   1  22
        0.07095        0.69693   1  23
        0.07095        0.86383   1  24
        0.07095        1.00247   1  25
        0.07095        1.15564   1  26
        0.07095        1.24821   1  27
        0.07095        1.25538   1  28
        0.07095        1.27519   1  29
        0.07095        1.28441   1  30
        0.07095        1.33636   1  31
        0.07095        1.37036   1  32
        0.07095        1.40214   1  33
        0.07095        1.48418   1  34
        0.07095        1.48866   1  35
        0.07095        1.59037   1  36
        0.07095        1.60915   1  37
        0.07095        1.65462   1  38
        0.07095        1.71635   1  39
        0.07095        1.73289   1  40
        0.07095        1.74113   1  41
        0.07095        1.92506   1  42
        0.07095        1.97077   1  43
        0.07095        2.05587   1  44
        0.07095        2.14080   1  45
        0.07095        2.18691   1  46
        0.07095        2.32678   1  47
        0.07095        2.40851   1  48
        0.07095        2.43204   1  49
        0.07095        2.53246   1  50
        0.07982       -0.38263   1   1
        0.07982       -0.34018   1   2
        0.07982       -0.32641   1   3
        0.07982       -0.30932   1   4
        0.07982       -0.27803   1   5
        0.07982       -0.24474   1   6
        0.07982       -0.22545   1   7
        0.07982       -0.15430   1   8
        0.07982       -0.14683   1   9
        0.07982       -0.12100   1  10
        0.07982       -0.08260   1  11
        0.07982       -0.06851   1  12
        0.07982       -0.04360   1  13
        0.07982       -0.03249   1  14
        0.07982        0.01601   1  15
        0.07982        0.02773   1  16
        0.07982        0.06788   1  17
        0.07982        0.07750   1  18
        0.07982        0.18044   1  19
        0.07982        0.19291   1  20
        0.07982        0.20340   1  21
        0.07982        0.67715   1  22
        0.07982        0.69432   1  23
        0.07982        0.88180   1  24
        0.07982        1.00017   1  25
        0.07982        1.15642   1  26
        0.07982        1.25609   1  27
        0.07982        1.26154   1  28
        0.07982        1.27068   1  29
        0.07982        1.29016   1  30
        0.07982        1.33754   1  31
        0.07982        1.36180   1  32
        0.07982        1.40323   1  33
        0.07982        1.47554   1  34
        0.07982        1.49311   1  35
        0.07982        1.60259   1  36
        0.07982        1.60919   1  37
        0.07982        1.65535   1  38
        0.07982        1.71248   1  39
        0.07982        1.72662   1  40
        0.07982        1.73629   1  41
        0.07982        1.93089   1  42
        0.07982        1.97814   1  43
        0.07982        2.07175   1  44
        0.07982        2.12962   1  45
        0.07982        2.19046   1  46
        0.07982        2.32854   1  47
        0.07982        2.39668   1  48
        0.07982        2.43480   1  49
        0.07982        2.52496   1  50
        0.08868       -0.37621   1   1
        0.08868       -0.33880   1   2
        0.08868       -0.31960   1   3
        0.08868       -0.30538   1   4
        0.08868       -0.26906   1   5
        0.08868       -0.24286   1   6
        0.08868       -0.22697   1   7
        0.08868       -0.15873   1   8
        0.08868       -0.14552   1   9
        0.08868       -0.12562   1  10
        0.08868       -0.09208   1  11
        0.08868       -0.07191   1  12
        0.08868       -0.04956   1  13
        0.08868       -0.03736   1  14
        0.08868        0.01757   1  15
        0.08868        0.02688   1  16
        0.08868        0.06535   1  17
        0.08868        0.07442   1  18
        0.08868        0.18043   1  19
        0.08868        0.19479   1  20
        0.08868        0.20290   1  21
        0.08868        0.67746   1  22
        0.08868        0.69134   1  23
        0.08868        0.89898   1  24
        0.08868        0.99607   1  25
        0.08868        1.15772   1  26
        0.08868        1.26154   1  27
        0.08868        1.26564   1  28
        0.08868        1.26713   1  29
        0.08868        1.29879   1  30
        0.08868        1.33850   1  31
        0.08868        1.35458   1  32
        0.08868        1.40626   1  33
        0.08868        1.46530   1  34
        0.08868        1.49841   1  35
        0.08868        1.61004   1  36
        0.08868        1.61472   1  37
        0.08868        1.65441   1  38
        0.08868        1.71074   1  39
        0.08868        1.72110   1  40
        0.08868        1.73170   1  41
        0.08868        1.93824   1  42
        0.08868        1.98022   1  43
        0.08868        2.08949   1  44
        0.08868        2.11779   1  45
        0.08868        2.18854   1  46
        0.08868        2.33041   1  47
        0.08868        2.37578   1  48
        0.08868        2.44821   1  49
        0.08868        2.51642   1  50
        0.09755       -0.37181   1   1
        0.09755       -0.33882   1   2
        0.09755       -0.31314   1   3
        0.09755       -0.30278   1   4
        0.09755       -0.25589   1   5
        0.09755       -0.24139   1   6
        0.09755       -0.23053   1   7
        0.09755       -0.16918   1   8
        0.09755       -0.14189   1   9
        0.09755       -0.12908   1  10
        0.09755       -0.09833   1  11
        0.09755       -0.07350   1  12
        0.09755       -0.05642   1  13
        0.09755       -0.03955   1  14
        0.09755        0.01969   1  15
        0.09755        0.02642   1  16
        0.09755        0.06371   1  17
        0.09755        0.07107   1  18
        0.09755        0.18041   1  19
        0.09755        0.19666   1  20
        0.09755        0.20206   1  21
        0.09755        0.67844   1  22
        0.09755        0.68816   1  23
        0.09755        0.91442   1  24
        0.09755        0.99044   1  25
        0.09755        1.15924   1  26
        0.09755        1.26434   1  27
        0.09755        1.26491   1  28
        0.09755        1.26803   1  29
        0.09755        1.30906   1  30
        0.09755        1.33772   1  31
        0.09755        1.34919   1  32
        0.09755        1.41205   1  33
        0.09755        1.45390   1  34
        0.09755        1.50342   1  35
        0.09755        1.61180   1  36
        0.09755        1.62536   1  37
        0.09755        1.65169   1  38
        0.09755        1.71114   1  39
        0.09755        1.71636   1  40
        0.09755        1.72703   1  41
        0.09755        1.94763   1  42
        0.09755        1.97768   1  43
        0.09755        2.10735   1  44
        0.09755        2.10851   1  45
        0.09755        2.17986   1  46
        0.09755        2.33300   1  47
        0.09755        2.35889   1  48
        0.09755        2.46133   1  49
        0.09755        2.50677   1  50
        0.10642       -0.36915   1   1
        0.10642       -0.33940   1   2
        0.10642       -0.30767   1   3
        0.10642       -0.30212   1   4
        0.10642       -0.24166   1   5
        0.10642       -0.23990   1   6
        0.10642       -0.23448   1   7
        0.10642       -0.18263   1   8
        0.10642       -0.13783   1   9
        0.10642       -0.13172   1  10
        0.10642       -0.10100   1  11
        0.10642       -0.07259   1  12
        0.10642       -0.06334   1  13
        0.10642       -0.04048   1  14
        0.10642        0.02206   1  15
        0.10642        0.02565   1  16
        0.10642        0.06349   1  17
        0.10642        0.06783   1  18
        0.10642        0.18041   1  19
        0.10642        0.19843   1  20
        0.10642        0.20091   1  21
        0.10642        0.68009   1  22
        0.10642        0.68500   1  23
        0.10642        0.92633   1  24
        0.10642        0.98467   1  25
        0.10642        1.16058   1  26
        0.10642        1.26264   1  27
        0.10642        1.26695   1  28
        0.10642        1.26894   1  29
        0.10642        1.31934   1  30
        0.10642        1.33395   1  31
        0.10642        1.34591   1  32
        0.10642        1.42090   1  33
        0.10642        1.44187   1  34
        0.10642        1.50688   1  35
        0.10642        1.61377   1  36
        0.10642        1.63409   1  37
        0.10642        1.64729   1  38
        0.10642        1.71311   1  39
        0.10642        1.71336   1  40
        0.10642        1.72231   1  41
        0.10642        1.95827   1  42
        0.10642        1.97151   1  43
        0.10642        2.10049   1  44
        0.10642        2.12763   1  45
        0.10642        2.16481   1  46
        0.10642        2.33698   1  47
        0.10642        2.34710   1  48
        0.10642        2.47374   1  49
        0.10642        2.49600   1  50
        0.11529       -0.36823   1   1
        0.11529       -0.33970   1   2
        0.11529       -0.30388   1   3
        0.11529       -0.30377   1   4
        0.11529       -0.23778   1   5
        0.11529       -0.23767   1   6
        0.11529       -0.23406   1   7
        0.11529       -0.19016   1   8
        0.11529       -0.13449   1   9
        0.11529       -0.13431   1  10
        0.11529       -0.10164   1  11
        0.11529       -0.06919   1  12
        0.11529       -0.06891   1  13
        0.11529       -0.04070   1  14
        0.11529        0.02414   1  15
        0.11529        0.02425   1  16
        0.11529        0.06488   1  17
        0.11529        0.06524   1  18
        0.11529        0.18044   1  19
        0.11529        0.19949   1  20
        0.11529        0.20005   1  21
        0.11529        0.68210   1  22
        0.11529        0.68233   1  23
        0.11529        0.93120   1  24
        0.11529        0.98208   1  25
        0.11529        1.16130   1  26
        0.11529        1.26205   1  27
        0.11529        1.26808   1  28
        0.11529        1.26881   1  29
        0.11529        1.32714   1  30
        0.11529        1.32827   1  31
        0.11529        1.34484   1  32
        0.11529        1.42999   1  33
        0.11529        1.43202   1  34
        0.11529        1.50785   1  35
        0.11529        1.61488   1  36
        0.11529        1.64096   1  37
        0.11529        1.64119   1  38
        0.11529        1.71246   1  39
        0.11529        1.71677   1  40
        0.11529        1.71789   1  41
        0.11529        1.96287   1  42
        0.11529        1.96852   1  43
        0.11529        2.09803   1  44
        0.11529        2.14554   1  45
        0.11529        2.14596   1  46
        0.11529        2.33933   1  47
        0.11529        2.34318   1  48
        0.11529        2.48422   1  49
        0.11529        2.48551   1  50
        0.11529       -0.36823   1   1
        0.11529       -0.33970   1   2
        0.11529       -0.30388   1   3
        0.11529       -0.30377   1   4
        0.11529       -0.23778   1   5
        0.11529       -0.23767   1   6
        0.11529       -0.23406   1   7
        0.11529       -0.19016   1   8
        0.11529       -0.13449   1   9
        0.11529       -0.13431   1  10
        0.11529       -0.10164   1  11
        0.11529       -0.06919   1  12
        0.11529       -0.06891   1  13
        0.11529       -0.04070   1  14
        0.11529        0.02414   1  15
        0.11529        0.02425   1  16
        0.11529        0.06488   1  17
        0.11529        0.06524   1  18
        0.11529        0.18044   1  19
        0.11529        0.19949   1  20
        0.11529        0.20005   1  21
        0.11529        0.68210   1  22
        0.11529        0.68233   1  23
        0.11529        0.93120   1  24
        0.11529        0.98208   1  25
        0.11529        1.16130   1  26
        0.11529        1.26205   1  27
        0.11529        1.26808   1  28
        0.11529        1.26881   1  29
        0.11529        1.32714   1  30
        0.11529        1.32827   1  31
        0.11529        1.34484   1  32
        0.11529        1.42999   1  33
        0.11529        1.43202   1  34
        0.11529        1.50785   1  35
        0.11529        1.61488   1  36
        0.11529        1.64096   1  37
        0.11529        1.64119   1  38
        0.11529        1.71246   1  39
        0.11529        1.71677   1  40
        0.11529        1.71789   1  41
        0.11529        1.96287   1  42
        0.11529        1.96852   1  43
        0.11529        2.09803   1  44
        0.11529        2.14554   1  45
        0.11529        2.14596   1  46
        0.11529        2.33933   1  47
        0.11529        2.34318   1  48
        0.11529        2.48422   1  49
        0.11529        2.48551   1  50
        0.12450       -0.36913   1   1
        0.12450       -0.34155   1   2
        0.12450       -0.30272   1   3
        0.12450       -0.30132   1   4
        0.12450       -0.24359   1   5
        0.12450       -0.23740   1   6
        0.12450       -0.22843   1   7
        0.12450       -0.18880   1   8
        0.12450       -0.13595   1   9
        0.12450       -0.13416   1  10
        0.12450       -0.10056   1  11
        0.12450       -0.06927   1  12
        0.12450       -0.06873   1  13
        0.12450       -0.04024   1  14
        0.12450        0.02347   1  15
        0.12450        0.02407   1  16
        0.12450        0.06364   1  17
        0.12450        0.06456   1  18
        0.12450        0.18112   1  19
        0.12450        0.19949   1  20
        0.12450        0.20005   1  21
        0.12450        0.68159   1  22
        0.12450        0.68227   1  23
        0.12450        0.93298   1  24
        0.12450        0.98414   1  25
        0.12450        1.16068   1  26
        0.12450        1.25814   1  27
        0.12450        1.26509   1  28
        0.12450        1.26713   1  29
        0.12450        1.32504   1  30
        0.12450        1.33004   1  31
        0.12450        1.34865   1  32
        0.12450        1.43060   1  33
        0.12450        1.43193   1  34
        0.12450        1.50678   1  35
        0.12450        1.61327   1  36
        0.12450        1.63827   1  37
        0.12450        1.64183   1  38
        0.12450        1.69827   1  39
        0.12450        1.71783   1  40
        0.12450        1.73119   1  41
        0.12450        1.96398   1  42
        0.12450        1.96959   1  43
        0.12450        2.09287   1  44
        0.12450        2.14454   1  45
        0.12450        2.15204   1  46
        0.12450        2.34088   1  47
        0.12450        2.34323   1  48
        0.12450        2.48347   1  49
        0.12450        2.48496   1  50
        0.13371       -0.37149   1   1
        0.13371       -0.34588   1   2
        0.13371       -0.30013   1   3
        0.13371       -0.29541   1   4
        0.13371       -0.24975   1   5
        0.13371       -0.23629   1   6
        0.13371       -0.22275   1   7
        0.13371       -0.18482   1   8
        0.13371       -0.13975   1   9
        0.13371       -0.13353   1  10
        0.13371       -0.09868   1  11
        0.13371       -0.07009   1  12
        0.13371       -0.06705   1  13
        0.13371       -0.03885   1  14
        0.13371        0.02125   1  15
        0.13371        0.02348   1  16
        0.13371        0.05997   1  17
        0.13371        0.06297   1  18
        0.13371        0.18289   1  19
        0.13371        0.19913   1  20
        0.13371        0.20028   1  21
        0.13371        0.68014   1  22
        0.13371        0.68222   1  23
        0.13371        0.93818   1  24
        0.13371        0.99013   1  25
        0.13371        1.15863   1  26
        0.13371        1.24681   1  27
        0.13371        1.25661   1  28
        0.13371        1.26424   1  29
        0.13371        1.32060   1  30
        0.13371        1.33530   1  31
        0.13371        1.35551   1  32
        0.13371        1.43072   1  33
        0.13371        1.43339   1  34
        0.13371        1.50358   1  35
        0.13371        1.60773   1  36
        0.13371        1.63002   1  37
        0.13371        1.64414   1  38
        0.13371        1.68452   1  39
        0.13371        1.71960   1  40
        0.13371        1.74569   1  41
        0.13371        1.96659   1  42
        0.13371        1.97241   1  43
        0.13371        2.08175   1  44
        0.13371        2.14234   1  45
        0.13371        2.16524   1  46
        0.13371        2.34252   1  47
        0.13371        2.34604   1  48
        0.13371        2.47929   1  49
        0.13371        2.48540   1  50
        0.14292       -0.37443   1   1
        0.14292       -0.35086   1   2
        0.14292       -0.29777   1   3
        0.14292       -0.28904   1   4
        0.14292       -0.25278   1   5
        0.14292       -0.23396   1   6
        0.14292       -0.21922   1   7
        0.14292       -0.17867   1   8
        0.14292       -0.14459   1   9
        0.14292       -0.13241   1  10
        0.14292       -0.09807   1  11
        0.14292       -0.07151   1  12
        0.14292       -0.06277   1  13
        0.14292       -0.03663   1  14
        0.14292        0.01727   1  15
        0.14292        0.02253   1  16
        0.14292        0.05502   1  17
        0.14292        0.06049   1  18
        0.14292        0.18515   1  19
        0.14292        0.19835   1  20
        0.14292        0.20080   1  21
        0.14292        0.67825   1  22
        0.14292        0.68212   1  23
        0.14292        0.94644   1  24
        0.14292        0.99941   1  25
        0.14292        1.15468   1  26
        0.14292        1.22987   1  27
        0.14292        1.24694   1  28
        0.14292        1.25936   1  29
        0.14292        1.31671   1  30
        0.14292        1.34005   1  31
        0.14292        1.36181   1  32
        0.14292        1.42946   1  33
        0.14292        1.43735   1  34
        0.14292        1.49835   1  35
        0.14292        1.59566   1  36
        0.14292        1.61938   1  37
        0.14292        1.64739   1  38
        0.14292        1.67520   1  39
        0.14292        1.72247   1  40
        0.14292        1.75834   1  41
        0.14292        1.96959   1  42
        0.14292        1.97615   1  43
        0.14292        2.07085   1  44
        0.14292        2.13885   1  45
        0.14292        2.18012   1  46
        0.14292        2.34476   1  47
        0.14292        2.35074   1  48
        0.14292        2.47300   1  49
        0.14292        2.48659   1  50
        0.15213       -0.37715   1   1
        0.15213       -0.35552   1   2
        0.15213       -0.29759   1   3
        0.15213       -0.28437   1   4
        0.15213       -0.25069   1   5
        0.15213       -0.23009   1   6
        0.15213       -0.21777   1   7
        0.15213       -0.17128   1   8
        0.15213       -0.14992   1   9
        0.15213       -0.13081   1  10
        0.15213       -0.09893   1  11
        0.15213       -0.07318   1  12
        0.15213       -0.05582   1  13
        0.15213       -0.03399   1  14
        0.15213        0.01182   1  15
        0.15213        0.02127   1  16
        0.15213        0.04950   1  17
        0.15213        0.05747   1  18
        0.15213        0.18719   1  19
        0.15213        0.19725   1  20
        0.15213        0.20161   1  21
        0.15213        0.67637   1  22
        0.15213        0.68204   1  23
        0.15213        0.95730   1  24
        0.15213        1.01112   1  25
        0.15213        1.14820   1  26
        0.15213        1.20986   1  27
        0.15213        1.23800   1  28
        0.15213        1.25244   1  29
        0.15213        1.31336   1  30
        0.15213        1.34224   1  31
        0.15213        1.36621   1  32
        0.15213        1.42783   1  33
        0.15213        1.44294   1  34
        0.15213        1.49156   1  35
        0.15213        1.57754   1  36
        0.15213        1.60930   1  37
        0.15213        1.65035   1  38
        0.15213        1.67006   1  39
        0.15213        1.72576   1  40
        0.15213        1.76947   1  41
        0.15213        1.97181   1  42
        0.15213        1.97955   1  43
        0.15213        2.06330   1  44
        0.15213        2.13410   1  45
        0.15213        2.19393   1  46
        0.15213        2.34798   1  47
        0.15213        2.35642   1  48
        0.15213        2.46583   1  49
        0.15213        2.48876   1  50
        0.16134       -0.37918   1   1
        0.16134       -0.35942   1   2
        0.16134       -0.30024   1   3
        0.16134       -0.28152   1   4
        0.16134       -0.24435   1   5
        0.16134       -0.22529   1   6
        0.16134       -0.21698   1   7
        0.16134       -0.16377   1   8
        0.16134       -0.15579   1   9
        0.16134       -0.12914   1  10
        0.16134       -0.09954   1  11
        0.16134       -0.07472   1  12
        0.16134       -0.04718   1  13
        0.16134       -0.03183   1  14
        0.16134        0.00615   1  15
        0.16134        0.01992   1  16
        0.16134        0.04353   1  17
        0.16134        0.05433   1  18
        0.16134        0.18841   1  19
        0.16134        0.19598   1  20
        0.16134        0.20271   1  21
        0.16134        0.67483   1  22
        0.16134        0.68207   1  23
        0.16134        0.97016   1  24
        0.16134        1.02429   1  25
        0.16134        1.13878   1  26
        0.16134        1.18863   1  27
        0.16134        1.22988   1  28
        0.16134        1.24467   1  29
        0.16134        1.30963   1  30
        0.16134        1.34177   1  31
        0.16134        1.36761   1  32
        0.16134        1.42712   1  33
        0.16134        1.44927   1  34
        0.16134        1.48417   1  35
        0.16134        1.55808   1  36
        0.16134        1.59930   1  37
        0.16134        1.65129   1  38
        0.16134        1.66887   1  39
        0.16134        1.72837   1  40
        0.16134        1.77958   1  41
        0.16134        1.97148   1  42
        0.16134        1.98262   1  43
        0.16134        2.06015   1  44
        0.16134        2.12828   1  45
        0.16134        2.20512   1  46
        0.16134        2.35204   1  47
        0.16134        2.36231   1  48
        0.16134        2.45883   1  49
        0.16134        2.49217   1  50
        0.17054       -0.38036   1   1
        0.17054       -0.36241   1   2
        0.17054       -0.30456   1   3
        0.17054       -0.27972   1   4
        0.17054       -0.23715   1   5
        0.17054       -0.22301   1   6
        0.17054       -0.21263   1   7
        0.17054       -0.16324   1   8
        0.17054       -0.15605   1   9
        0.17054       -0.12812   1  10
        0.17054       -0.09770   1  11
        0.17054       -0.07586   1  12
        0.17054       -0.03806   1  13
        0.17054       -0.03147   1  14
        0.17054        0.00220   1  15
        0.17054        0.01886   1  16
        0.17054        0.03702   1  17
        0.17054        0.05135   1  18
        0.17054        0.18842   1  19
        0.17054        0.19476   1  20
        0.17054        0.20400   1  21
        0.17054        0.67388   1  22
        0.17054        0.68228   1  23
        0.17054        0.98432   1  24
        0.17054        1.03793   1  25
        0.17054        1.12667   1  26
        0.17054        1.16740   1  27
        0.17054        1.22050   1  28
        0.17054        1.23910   1  29
        0.17054        1.30377   1  30
        0.17054        1.34004   1  31
        0.17054        1.36604   1  32
        0.17054        1.42831   1  33
        0.17054        1.45467   1  34
        0.17054        1.47808   1  35
        0.17054        1.54085   1  36
        0.17054        1.58902   1  37
        0.17054        1.64979   1  38
        0.17054        1.67081   1  39
        0.17054        1.72936   1  40
        0.17054        1.78909   1  41
        0.17054        1.96748   1  42
        0.17054        1.98611   1  43
        0.17054        2.06058   1  44
        0.17054        2.12190   1  45
        0.17054        2.21320   1  46
        0.17054        2.35645   1  47
        0.17054        2.36755   1  48
        0.17054        2.45253   1  49
        0.17054        2.49695   1  50
        0.17975       -0.38069   1   1
        0.17975       -0.36447   1   2
        0.17975       -0.30939   1   3
        0.17975       -0.27855   1   4
        0.17975       -0.23291   1   5
        0.17975       -0.22213   1   6
        0.17975       -0.20464   1   7
        0.17975       -0.17122   1   8
        0.17975       -0.14951   1   9
        0.17975       -0.12730   1  10
        0.17975       -0.09282   1  11
        0.17975       -0.07630   1  12
        0.17975       -0.03406   1  13
        0.17975       -0.02898   1  14
        0.17975        0.00076   1  15
        0.17975        0.01882   1  16
        0.17975        0.03028   1  17
        0.17975        0.04857   1  18
        0.17975        0.18726   1  19
        0.17975        0.19373   1  20
        0.17975        0.20525   1  21
        0.17975        0.67360   1  22
        0.17975        0.68272   1  23
        0.17975        0.99898   1  24
        0.17975        1.05100   1  25
        0.17975        1.11271   1  26
        0.17975        1.14694   1  27
        0.17975        1.20845   1  28
        0.17975        1.23760   1  29
        0.17975        1.29438   1  30
        0.17975        1.33899   1  31
        0.17975        1.36284   1  32
        0.17975        1.43095   1  33
        0.17975        1.45551   1  34
        0.17975        1.47726   1  35
        0.17975        1.52747   1  36
        0.17975        1.57857   1  37
        0.17975        1.64714   1  38
        0.17975        1.67378   1  39
        0.17975        1.72842   1  40
        0.17975        1.79827   1  41
        0.17975        1.96017   1  42
        0.17975        1.99030   1  43
        0.17975        2.06270   1  44
        0.17975        2.11573   1  45
        0.17975        2.21882   1  46
        0.17975        2.36041   1  47
        0.17975        2.37168   1  48
        0.17975        2.44684   1  49
        0.17975        2.50282   1  50
        0.18896       -0.38027   1   1
        0.18896       -0.36571   1   2
        0.18896       -0.31421   1   3
        0.18896       -0.27769   1   4
        0.18896       -0.23330   1   5
        0.18896       -0.22018   1   6
        0.18896       -0.19646   1   7
        0.18896       -0.18004   1   8
        0.18896       -0.14336   1   9
        0.18896       -0.12461   1  10
        0.18896       -0.08650   1  11
        0.18896       -0.07538   1  12
        0.18896       -0.03713   1  13
        0.18896       -0.02259   1  14
        0.18896        0.00042   1  15
        0.18896        0.02017   1  16
        0.18896        0.02479   1  17
        0.18896        0.04601   1  18
        0.18896        0.18531   1  19
        0.18896        0.19276   1  20
        0.18896        0.20619   1  21
        0.18896        0.67398   1  22
        0.18896        0.68341   1  23
        0.18896        1.01312   1  24
        0.18896        1.06216   1  25
        0.18896        1.09825   1  26
        0.18896        1.12814   1  27
        0.18896        1.19499   1  28
        0.18896        1.23907   1  29
        0.18896        1.28254   1  30
        0.18896        1.33943   1  31
        0.18896        1.35896   1  32
        0.18896        1.43367   1  33
        0.18896        1.45174   1  34
        0.18896        1.48237   1  35
        0.18896        1.51854   1  36
        0.18896        1.56821   1  37
        0.18896        1.64414   1  38
        0.18896        1.67635   1  39
        0.18896        1.72600   1  40
        0.18896        1.80711   1  41
        0.18896        1.95072   1  42
        0.18896        1.99491   1  43
        0.18896        2.06462   1  44
        0.18896        2.11127   1  45
        0.18896        2.22308   1  46
        0.18896        2.36278   1  47
        0.18896        2.37457   1  48
        0.18896        2.44170   1  49
        0.18896        2.50898   1  50
        0.19817       -0.37921   1   1
        0.19817       -0.36630   1   2
        0.19817       -0.31900   1   3
        0.19817       -0.27695   1   4
        0.19817       -0.23576   1   5
        0.19817       -0.22025   1   6
        0.19817       -0.19143   1   7
        0.19817       -0.18703   1   8
        0.19817       -0.13730   1   9
        0.19817       -0.11852   1  10
        0.19817       -0.08139   1  11
        0.19817       -0.07171   1  12
        0.19817       -0.03982   1  13
        0.19817       -0.01949   1  14
        0.19817       -0.00098   1  15
        0.19817        0.01982   1  16
        0.19817        0.02562   1  17
        0.19817        0.04379   1  18
        0.19817        0.18304   1  19
        0.19817        0.19171   1  20
        0.19817        0.20665   1  21
        0.19817        0.67489   1  22
        0.19817        0.68435   1  23
        0.19817        1.02539   1  24
        0.19817        1.06882   1  25
        0.19817        1.08521   1  26
        0.19817        1.11270   1  27
        0.19817        1.18147   1  28
        0.19817        1.24217   1  29
        0.19817        1.27073   1  30
        0.19817        1.34088   1  31
        0.19817        1.35476   1  32
        0.19817        1.43493   1  33
        0.19817        1.44851   1  34
        0.19817        1.48899   1  35
        0.19817        1.51393   1  36
        0.19817        1.55827   1  37
        0.19817        1.64098   1  38
        0.19817        1.67781   1  39
        0.19817        1.72308   1  40
        0.19817        1.81538   1  41
        0.19817        1.94060   1  42
        0.19817        1.99927   1  43
        0.19817        2.06529   1  44
        0.19817        2.11021   1  45
        0.19817        2.22683   1  46
        0.19817        2.36196   1  47
        0.19817        2.37640   1  48
        0.19817        2.43788   1  49
        0.19817        2.51442   1  50
        0.20738       -0.37762   1   1
        0.20738       -0.36649   1   2
        0.20738       -0.32389   1   3
        0.20738       -0.27638   1   4
        0.20738       -0.23932   1   5
        0.20738       -0.22373   1   6
        0.20738       -0.19550   1   7
        0.20738       -0.18568   1   8
        0.20738       -0.13010   1   9
        0.20738       -0.10977   1  10
        0.20738       -0.07791   1  11
        0.20738       -0.06592   1  12
        0.20738       -0.04128   1  13
        0.20738       -0.01946   1  14
        0.20738       -0.00464   1  15
        0.20738        0.02034   1  16
        0.20738        0.03026   1  17
        0.20738        0.04239   1  18
        0.20738        0.18078   1  19
        0.20738        0.19049   1  20
        0.20738        0.20659   1  21
        0.20738        0.67608   1  22
        0.20738        0.68554   1  23
        0.20738        1.03392   1  24
        0.20738        1.06556   1  25
        0.20738        1.07692   1  26
        0.20738        1.10430   1  27
        0.20738        1.16880   1  28
        0.20738        1.24563   1  29
        0.20738        1.26123   1  30
        0.20738        1.34157   1  31
        0.20738        1.35175   1  32
        0.20738        1.43376   1  33
        0.20738        1.44840   1  34
        0.20738        1.49452   1  35
        0.20738        1.51293   1  36
        0.20738        1.54929   1  37
        0.20738        1.63784   1  38
        0.20738        1.67780   1  39
        0.20738        1.72087   1  40
        0.20738        1.82257   1  41
        0.20738        1.93146   1  42
        0.20738        2.00285   1  43
        0.20738        2.06490   1  44
        0.20738        2.11345   1  45
        0.20738        2.23011   1  46
        0.20738        2.35579   1  47
        0.20738        2.37818   1  48
        0.20738        2.43653   1  49
        0.20738        2.51846   1  50
        0.21659       -0.37565   1   1
        0.21659       -0.36666   1   2
        0.21659       -0.32889   1   3
        0.21659       -0.27648   1   4
        0.21659       -0.24469   1   5
        0.21659       -0.22815   1   6
        0.21659       -0.19870   1   7
        0.21659       -0.18547   1   8
        0.21659       -0.12155   1   9
        0.21659       -0.10010   1  10
        0.21659       -0.07444   1  11
        0.21659       -0.06073   1  12
        0.21659       -0.04160   1  13
        0.21659       -0.02036   1  14
        0.21659       -0.00919   1  15
        0.21659        0.02168   1  16
        0.21659        0.03497   1  17
        0.21659        0.04279   1  18
        0.21659        0.17882   1  19
        0.21659        0.18903   1  20
        0.21659        0.20605   1  21
        0.21659        0.67726   1  22
        0.21659        0.68696   1  23
        0.21659        1.03616   1  24
        0.21659        1.05608   1  25
        0.21659        1.07142   1  26
        0.21659        1.10360   1  27
        0.21659        1.15775   1  28
        0.21659        1.24688   1  29
        0.21659        1.25696   1  30
        0.21659        1.33886   1  31
        0.21659        1.35290   1  32
        0.21659        1.43091   1  33
        0.21659        1.45078   1  34
        0.21659        1.49729   1  35
        0.21659        1.51447   1  36
        0.21659        1.54226   1  37
        0.21659        1.63516   1  38
        0.21659        1.67612   1  39
        0.21659        1.72040   1  40
        0.21659        1.82804   1  41
        0.21659        1.92501   1  42
        0.21659        2.00521   1  43
        0.21659        2.06392   1  44
        0.21659        2.12120   1  45
        0.21659        2.23208   1  46
        0.21659        2.34417   1  47
        0.21659        2.38095   1  48
        0.21659        2.43763   1  49
        0.21659        2.52085   1  50
        0.22580       -0.37361   1   1
        0.22580       -0.36747   1   2
        0.22580       -0.33351   1   3
        0.22580       -0.27873   1   4
        0.22580       -0.25074   1   5
        0.22580       -0.23044   1   6
        0.22580       -0.20041   1   7
        0.22580       -0.18701   1   8
        0.22580       -0.11308   1   9
        0.22580       -0.09078   1  10
        0.22580       -0.07071   1  11
        0.22580       -0.05749   1  12
        0.22580       -0.04112   1  13
        0.22580       -0.02007   1  14
        0.22580       -0.01296   1  15
        0.22580        0.02172   1  16
        0.22580        0.03848   1  17
        0.22580        0.04575   1  18
        0.22580        0.17738   1  19
        0.22580        0.18731   1  20
        0.22580        0.20513   1  21
        0.22580        0.67817   1  22
        0.22580        0.68856   1  23
        0.22580        1.03199   1  24
        0.22580        1.04586   1  25
        0.22580        1.06923   1  26
        0.22580        1.10483   1  27
        0.22580        1.14889   1  28
        0.22580        1.24481   1  29
        0.22580        1.25894   1  30
        0.22580        1.33470   1  31
        0.22580        1.35658   1  32
        0.22580        1.42728   1  33
        0.22580        1.45429   1  34
        0.22580        1.49627   1  35
        0.22580        1.51694   1  36
        0.22580        1.53877   1  37
        0.22580        1.63340   1  38
        0.22580        1.67264   1  39
        0.22580        1.72227   1  40
        0.22580        1.83128   1  41
        0.22580        1.92256   1  42
        0.22580        2.00592   1  43
        0.22580        2.06211   1  44
        0.22580        2.13348   1  45
        0.22580        2.23118   1  46
        0.22580        2.33047   1  47
        0.22580        2.38488   1  48
        0.22580        2.43971   1  49
        0.22580        2.52172   1  50
        0.22580       -0.37364   1   1
        0.22580       -0.36771   1   2
        0.22580       -0.33359   1   3
        0.22580       -0.27891   1   4
        0.22580       -0.25069   1   5
        0.22580       -0.23035   1   6
        0.22580       -0.20044   1   7
        0.22580       -0.18701   1   8
        0.22580       -0.11310   1   9
        0.22580       -0.09081   1  10
        0.22580       -0.07075   1  11
        0.22580       -0.05772   1  12
        0.22580       -0.04117   1  13
        0.22580       -0.02015   1  14
        0.22580       -0.01315   1  15
        0.22580        0.02178   1  16
        0.22580        0.03844   1  17
        0.22580        0.04574   1  18
        0.22580        0.17737   1  19
        0.22580        0.18726   1  20
        0.22580        0.20514   1  21
        0.22580        0.67836   1  22
        0.22580        0.68866   1  23
        0.22580        1.03174   1  24
        0.22580        1.04560   1  25
        0.22580        1.06902   1  26
        0.22580        1.10455   1  27
        0.22580        1.14880   1  28
        0.22580        1.24423   1  29
        0.22580        1.25895   1  30
        0.22580        1.33453   1  31
        0.22580        1.35673   1  32
        0.22580        1.42657   1  33
        0.22580        1.45382   1  34
        0.22580        1.49669   1  35
        0.22580        1.51679   1  36
        0.22580        1.53862   1  37
        0.22580        1.63350   1  38
        0.22580        1.67285   1  39
        0.22580        1.72278   1  40
        0.22580        1.83161   1  41
        0.22580        1.92272   1  42
        0.22580        2.00598   1  43
        0.22580        2.06218   1  44
        0.22580        2.13364   1  45
        0.22580        2.23187   1  46
        0.22580        2.32971   1  47
        0.22580        2.38532   1  48
        0.22580        2.43919   1  49
        0.22580        2.52211   1  50
        0.23469       -0.37252   1   1
        0.23469       -0.36994   1   2
        0.23469       -0.33663   1   3
        0.23469       -0.28483   1   4
        0.23469       -0.25352   1   5
        0.23469       -0.23060   1   6
        0.23469       -0.20167   1   7
        0.23469       -0.18880   1   8
        0.23469       -0.10702   1   9
        0.23469       -0.08273   1  10
        0.23469       -0.06769   1  11
        0.23469       -0.05687   1  12
        0.23469       -0.03943   1  13
        0.23469       -0.01907   1  14
        0.23469       -0.01484   1  15
        0.23469        0.02040   1  16
        0.23469        0.04110   1  17
        0.23469        0.04964   1  18
        0.23469        0.17656   1  19
        0.23469        0.18535   1  20
        0.23469        0.20404   1  21
        0.23469        0.67916   1  22
        0.23469        0.69044   1  23
        0.23469        1.02494   1  24
        0.23469        1.03627   1  25
        0.23469        1.06809   1  26
        0.23469        1.10442   1  27
        0.23469        1.14268   1  28
        0.23469        1.24241   1  29
        0.23469        1.26241   1  30
        0.23469        1.33096   1  31
        0.23469        1.36094   1  32
        0.23469        1.42210   1  33
        0.23469        1.45673   1  34
        0.23469        1.49264   1  35
        0.23469        1.51833   1  36
        0.23469        1.53956   1  37
        0.23469        1.63299   1  38
        0.23469        1.66826   1  39
        0.23469        1.72753   1  40
        0.23469        1.83350   1  41
        0.23469        1.92450   1  42
        0.23469        2.00518   1  43
        0.23469        2.05870   1  44
        0.23469        2.14847   1  45
        0.23469        2.22783   1  46
        0.23469        2.31790   1  47
        0.23469        2.39026   1  48
        0.23469        2.44010   1  49
        0.23469        2.52195   1  50
        0.24358       -0.37608   1   1
        0.24358       -0.37065   1   2
        0.24358       -0.33724   1   3
        0.24358       -0.29264   1   4
        0.24358       -0.25288   1   5
        0.24358       -0.22986   1   6
        0.24358       -0.20324   1   7
        0.24358       -0.18973   1   8
        0.24358       -0.10415   1   9
        0.24358       -0.07630   1  10
        0.24358       -0.06555   1  11
        0.24358       -0.05675   1  12
        0.24358       -0.03591   1  13
        0.24358       -0.01877   1  14
        0.24358       -0.01329   1  15
        0.24358        0.01829   1  16
        0.24358        0.04349   1  17
        0.24358        0.05324   1  18
        0.24358        0.17621   1  19
        0.24358        0.18348   1  20
        0.24358        0.20286   1  21
        0.24358        0.67958   1  22
        0.24358        0.69224   1  23
        0.24358        1.01814   1  24
        0.24358        1.02878   1  25
        0.24358        1.06683   1  26
        0.24358        1.10298   1  27
        0.24358        1.13952   1  28
        0.24358        1.24288   1  29
        0.24358        1.26572   1  30
        0.24358        1.32828   1  31
        0.24358        1.36472   1  32
        0.24358        1.41827   1  33
        0.24358        1.45934   1  34
        0.24358        1.48639   1  35
        0.24358        1.51878   1  36
        0.24358        1.54388   1  37
        0.24358        1.63310   1  38
        0.24358        1.66223   1  39
        0.24358        1.73402   1  40
        0.24358        1.83425   1  41
        0.24358        1.92922   1  42
        0.24358        2.00273   1  43
        0.24358        2.05289   1  44
        0.24358        2.16402   1  45
        0.24358        2.22028   1  46
        0.24358        2.31205   1  47
        0.24358        2.39515   1  48
        0.24358        2.44040   1  49
        0.24358        2.52007   1  50
        0.25247       -0.38299   1   1
        0.25247       -0.37145   1   2
        0.25247       -0.33561   1   3
        0.25247       -0.29949   1   4
        0.25247       -0.25018   1   5
        0.25247       -0.22860   1   6
        0.25247       -0.20522   1   7
        0.25247       -0.18945   1   8
        0.25247       -0.10418   1   9
        0.25247       -0.07412   1  10
        0.25247       -0.06402   1  11
        0.25247       -0.05443   1  12
        0.25247       -0.03200   1  13
        0.25247       -0.01744   1  14
        0.25247       -0.01096   1  15
        0.25247        0.01610   1  16
        0.25247        0.04554   1  17
        0.25247        0.05614   1  18
        0.25247        0.17574   1  19
        0.25247        0.18222   1  20
        0.25247        0.20174   1  21
        0.25247        0.67959   1  22
        0.25247        0.69395   1  23
        0.25247        1.01234   1  24
        0.25247        1.02337   1  25
        0.25247        1.06494   1  26
        0.25247        1.10069   1  27
        0.25247        1.13986   1  28
        0.25247        1.24540   1  29
        0.25247        1.26852   1  30
        0.25247        1.32601   1  31
        0.25247        1.36792   1  32
        0.25247        1.41552   1  33
        0.25247        1.46104   1  34
        0.25247        1.47979   1  35
        0.25247        1.51842   1  36
        0.25247        1.54972   1  37
        0.25247        1.63297   1  38
        0.25247        1.65493   1  39
        0.25247        1.74150   1  40
        0.25247        1.83442   1  41
        0.25247        1.93558   1  42
        0.25247        1.99879   1  43
        0.25247        2.04503   1  44
        0.25247        2.17316   1  45
        0.25247        2.21689   1  46
        0.25247        2.31279   1  47
        0.25247        2.39954   1  48
        0.25247        2.44018   1  49
        0.25247        2.51625   1  50
        0.26136       -0.39120   1   1
        0.26136       -0.37383   1   2
        0.26136       -0.33270   1   3
        0.26136       -0.30372   1   4
        0.26136       -0.24636   1   5
        0.26136       -0.22710   1   6
        0.26136       -0.20689   1   7
        0.26136       -0.18854   1   8
        0.26136       -0.10597   1   9
        0.26136       -0.07647   1  10
        0.26136       -0.06317   1  11
        0.26136       -0.04937   1  12
        0.26136       -0.02902   1  13
        0.26136       -0.01447   1  14
        0.26136       -0.00891   1  15
        0.26136        0.01409   1  16
        0.26136        0.04725   1  17
        0.26136        0.05827   1  18
        0.26136        0.17429   1  19
        0.26136        0.18235   1  20
        0.26136        0.20082   1  21
        0.26136        0.67922   1  22
        0.26136        0.69547   1  23
        0.26136        1.00798   1  24
        0.26136        1.01975   1  25
        0.26136        1.06257   1  26
        0.26136        1.09841   1  27
        0.26136        1.14408   1  28
        0.26136        1.24933   1  29
        0.26136        1.27072   1  30
        0.26136        1.32354   1  31
        0.26136        1.37083   1  32
        0.26136        1.41389   1  33
        0.26136        1.46050   1  34
        0.26136        1.47493   1  35
        0.26136        1.51754   1  36
        0.26136        1.55578   1  37
        0.26136        1.63099   1  38
        0.26136        1.64732   1  39
        0.26136        1.74900   1  40
        0.26136        1.83458   1  41
        0.26136        1.94253   1  42
        0.26136        1.99379   1  43
        0.26136        2.03621   1  44
        0.26136        2.16666   1  45
        0.26136        2.22794   1  46
        0.26136        2.31877   1  47
        0.26136        2.40319   1  48
        0.26136        2.43963   1  49
        0.26136        2.51038   1  50
        0.27025       -0.39978   1   1
        0.27025       -0.37767   1   2
        0.27025       -0.32956   1   3
        0.27025       -0.30496   1   4
        0.27025       -0.24200   1   5
        0.27025       -0.22544   1   6
        0.27025       -0.20744   1   7
        0.27025       -0.18767   1   8
        0.27025       -0.10850   1   9
        0.27025       -0.08097   1  10
        0.27025       -0.06279   1  11
        0.27025       -0.04430   1  12
        0.27025       -0.02699   1  13
        0.27025       -0.01084   1  14
        0.27025       -0.00670   1  15
        0.27025        0.01219   1  16
        0.27025        0.04871   1  17
        0.27025        0.05969   1  18
        0.27025        0.17197   1  19
        0.27025        0.18352   1  20
        0.27025        0.20028   1  21
        0.27025        0.67850   1  22
        0.27025        0.69673   1  23
        0.27025        1.00517   1  24
        0.27025        1.01758   1  25
        0.27025        1.05988   1  26
        0.27025        1.09723   1  27
        0.27025        1.15217   1  28
        0.27025        1.25382   1  29
        0.27025        1.27225   1  30
        0.27025        1.32074   1  31
        0.27025        1.37364   1  32
        0.27025        1.41326   1  33
        0.27025        1.45659   1  34
        0.27025        1.47344   1  35
        0.27025        1.51641   1  36
        0.27025        1.56135   1  37
        0.27025        1.62414   1  38
        0.27025        1.64200   1  39
        0.27025        1.75536   1  40
        0.27025        1.83532   1  41
        0.27025        1.94944   1  42
        0.27025        1.98831   1  43
        0.27025        2.02793   1  44
        0.27025        2.15170   1  45
        0.27025        2.24626   1  46
        0.27025        2.32848   1  47
        0.27025        2.40588   1  48
        0.27025        2.43894   1  49
        0.27025        2.50260   1  50
        0.27914       -0.40802   1   1
        0.27914       -0.38235   1   2
        0.27914       -0.32676   1   3
        0.27914       -0.30396   1   4
        0.27914       -0.23773   1   5
        0.27914       -0.22323   1   6
        0.27914       -0.20666   1   7
        0.27914       -0.18726   1   8
        0.27914       -0.11136   1   9
        0.27914       -0.08620   1  10
        0.27914       -0.06251   1  11
        0.27914       -0.04084   1  12
        0.27914       -0.02538   1  13
        0.27914       -0.00761   1  14
        0.27914       -0.00374   1  15
        0.27914        0.01022   1  16
        0.27914        0.04999   1  17
        0.27914        0.06046   1  18
        0.27914        0.16935   1  19
        0.27914        0.18485   1  20
        0.27914        0.20028   1  21
        0.27914        0.67750   1  22
        0.27914        0.69770   1  23
        0.27914        1.00374   1  24
        0.27914        1.01651   1  25
        0.27914        1.05706   1  26
        0.27914        1.09786   1  27
        0.27914        1.16370   1  28
        0.27914        1.25782   1  29
        0.27914        1.27302   1  30
        0.27914        1.31814   1  31
        0.27914        1.37601   1  32
        0.27914        1.41342   1  33
        0.27914        1.45153   1  34
        0.27914        1.47369   1  35
        0.27914        1.51546   1  36
        0.27914        1.56583   1  37
        0.27914        1.61236   1  38
        0.27914        1.63917   1  39
        0.27914        1.75961   1  40
        0.27914        1.83706   1  41
        0.27914        1.95558   1  42
        0.27914        1.98347   1  43
        0.27914        2.02142   1  44
        0.27914        2.13449   1  45
        0.27914        2.26507   1  46
        0.27914        2.34062   1  47
        0.27914        2.40703   1  48
        0.27914        2.43848   1  49
        0.27914        2.49339   1  50
        0.28803       -0.41540   1   1
        0.28803       -0.38714   1   2
        0.28803       -0.32447   1   3
        0.28803       -0.30193   1   4
        0.28803       -0.23422   1   5
        0.28803       -0.21966   1   6
        0.28803       -0.20504   1   7
        0.28803       -0.18737   1   8
        0.28803       -0.11458   1   9
        0.28803       -0.09136   1  10
        0.28803       -0.06193   1  11
        0.28803       -0.03946   1  12
        0.28803       -0.02363   1  13
        0.28803       -0.00528   1  14
        0.28803       -0.00004   1  15
        0.28803        0.00816   1  16
        0.28803        0.05117   1  17
        0.28803        0.06065   1  18
        0.28803        0.16683   1  19
        0.28803        0.18580   1  20
        0.28803        0.20087   1  21
        0.28803        0.67632   1  22
        0.28803        0.69838   1  23
        0.28803        1.00338   1  24
        0.28803        1.01620   1  25
        0.28803        1.05449   1  26
        0.28803        1.10024   1  27
        0.28803        1.17785   1  28
        0.28803        1.26038   1  29
        0.28803        1.27287   1  30
        0.28803        1.31634   1  31
        0.28803        1.37742   1  32
        0.28803        1.41411   1  33
        0.28803        1.44784   1  34
        0.28803        1.47395   1  35
        0.28803        1.51528   1  36
        0.28803        1.56777   1  37
        0.28803        1.59954   1  38
        0.28803        1.63652   1  39
        0.28803        1.76161   1  40
        0.28803        1.83958   1  41
        0.28803        1.95923   1  42
        0.28803        1.98181   1  43
        0.28803        2.01701   1  44
        0.28803        2.11696   1  45
        0.28803        2.28236   1  46
        0.28803        2.35392   1  47
        0.28803        2.40562   1  48
        0.28803        2.43894   1  49
        0.28803        2.48355   1  50
        0.29692       -0.42151   1   1
        0.29692       -0.39142   1   2
        0.29692       -0.32268   1   3
        0.29692       -0.29990   1   4
        0.29692       -0.23156   1   5
        0.29692       -0.21480   1   6
        0.29692       -0.20328   1   7
        0.29692       -0.18780   1   8
        0.29692       -0.11830   1   9
        0.29692       -0.09579   1  10
        0.29692       -0.06084   1  11
        0.29692       -0.03965   1  12
        0.29692       -0.02178   1  13
        0.29692       -0.00402   1  14
        0.29692        0.00365   1  15
        0.29692        0.00652   1  16
        0.29692        0.05223   1  17
        0.29692        0.06033   1  18
        0.29692        0.16464   1  19
        0.29692        0.18620   1  20
        0.29692        0.20188   1  21
        0.29692        0.67512   1  22
        0.29692        0.69880   1  23
        0.29692        1.00375   1  24
        0.29692        1.01628   1  25
        0.29692        1.05255   1  26
        0.29692        1.10359   1  27
        0.29692        1.19343   1  28
        0.29692        1.26092   1  29
        0.29692        1.27174   1  30
        0.29692        1.31532   1  31
        0.29692        1.37781   1  32
        0.29692        1.41513   1  33
        0.29692        1.44643   1  34
        0.29692        1.47415   1  35
        0.29692        1.51622   1  36
        0.29692        1.56261   1  37
        0.29692        1.59220   1  38
        0.29692        1.63298   1  39
        0.29692        1.76210   1  40
        0.29692        1.84192   1  41
        0.29692        1.95868   1  42
        0.29692        1.98571   1  43
        0.29692        2.01433   1  44
        0.29692        2.10024   1  45
        0.29692        2.29763   1  46
        0.29692        2.36689   1  47
        0.29692        2.40143   1  48
        0.29692        2.44012   1  49
        0.29692        2.47432   1  50
        0.30581       -0.42606   1   1
        0.30581       -0.39475   1   2
        0.30581       -0.32140   1   3
        0.30581       -0.29838   1   4
        0.30581       -0.22946   1   5
        0.30581       -0.20986   1   6
        0.30581       -0.20179   1   7
        0.30581       -0.18828   1   8
        0.30581       -0.12218   1   9
        0.30581       -0.09910   1  10
        0.30581       -0.05936   1  11
        0.30581       -0.04050   1  12
        0.30581       -0.02024   1  13
        0.30581       -0.00379   1  14
        0.30581        0.00431   1  15
        0.30581        0.00812   1  16
        0.30581        0.05314   1  17
        0.30581        0.05962   1  18
        0.30581        0.16296   1  19
        0.30581        0.18620   1  20
        0.30581        0.20295   1  21
        0.30581        0.67407   1  22
        0.30581        0.69905   1  23
        0.30581        1.00442   1  24
        0.30581        1.01649   1  25
        0.30581        1.05137   1  26
        0.30581        1.10695   1  27
        0.30581        1.20892   1  28
        0.30581        1.25932   1  29
        0.30581        1.27006   1  30
        0.30581        1.31430   1  31
        0.30581        1.37760   1  32
        0.30581        1.41692   1  33
        0.30581        1.44582   1  34
        0.30581        1.47572   1  35
        0.30581        1.51803   1  36
        0.30581        1.54960   1  37
        0.30581        1.59287   1  38
        0.30581        1.62847   1  39
        0.30581        1.76205   1  40
        0.30581        1.84324   1  41
        0.30581        1.95624   1  42
        0.30581        1.99280   1  43
        0.30581        2.01280   1  44
        0.30581        2.08563   1  45
        0.30581        2.31057   1  46
        0.30581        2.37710   1  47
        0.30581        2.39694   1  48
        0.30581        2.44004   1  49
        0.30581        2.46746   1  50
        0.31470       -0.42887   1   1
        0.31470       -0.39682   1   2
        0.31470       -0.32063   1   3
        0.31470       -0.29752   1   4
        0.31470       -0.22800   1   5
        0.31470       -0.20647   1   6
        0.31470       -0.20042   1   7
        0.31470       -0.18868   1   8
        0.31470       -0.12530   1   9
        0.31470       -0.10111   1  10
        0.31470       -0.05806   1  11
        0.31470       -0.04131   1  12
        0.31470       -0.01930   1  13
        0.31470       -0.00417   1  14
        0.31470        0.00383   1  15
        0.31470        0.01062   1  16
        0.31470        0.05381   1  17
        0.31470        0.05883   1  18
        0.31470        0.16191   1  19
        0.31470        0.18605   1  20
        0.31470        0.20373   1  21
        0.31470        0.67333   1  22
        0.31470        0.69917   1  23
        0.31470        1.00504   1  24
        0.31470        1.01667   1  25
        0.31470        1.05083   1  26
        0.31470        1.10938   1  27
        0.31470        1.22191   1  28
        0.31470        1.25604   1  29
        0.31470        1.26857   1  30
        0.31470        1.31313   1  31
        0.31470        1.37726   1  32
        0.31470        1.41960   1  33
        0.31470        1.44419   1  34
        0.31470        1.47934   1  35
        0.31470        1.52019   1  36
        0.31470        1.53605   1  37
        0.31470        1.59629   1  38
        0.31470        1.62390   1  39
        0.31470        1.76207   1  40
        0.31470        1.84334   1  41
        0.31470        1.95417   1  42
        0.31470        1.99934   1  43
        0.31470        2.01202   1  44
        0.31470        2.07502   1  45
        0.31470        2.31998   1  46
        0.31470        2.37948   1  47
        0.31470        2.39854   1  48
        0.31470        2.43708   1  49
        0.31470        2.46436   1  50
        0.32359       -0.42981   1   1
        0.32359       -0.39749   1   2
        0.32359       -0.32036   1   3
        0.32359       -0.29725   1   4
        0.32359       -0.22750   1   5
        0.32359       -0.20540   1   6
        0.32359       -0.19964   1   7
        0.32359       -0.18887   1   8
        0.32359       -0.12650   1   9
        0.32359       -0.10178   1  10
        0.32359       -0.05757   1  11
        0.32359       -0.04162   1  12
        0.32359       -0.01899   1  13
        0.32359       -0.00440   1  14
        0.32359        0.00365   1  15
        0.32359        0.01164   1  16
        0.32359        0.05416   1  17
        0.32359        0.05835   1  18
        0.32359        0.16156   1  19
        0.32359        0.18592   1  20
        0.32359        0.20402   1  21
        0.32359        0.67305   1  22
        0.32359        0.69921   1  23
        0.32359        1.00531   1  24
        0.32359        1.01677   1  25
        0.32359        1.05071   1  26
        0.32359        1.11027   1  27
        0.32359        1.22768   1  28
        0.32359        1.25389   1  29
        0.32359        1.26784   1  30
        0.32359        1.31279   1  31
        0.32359        1.37720   1  32
        0.32359        1.42116   1  33
        0.32359        1.44278   1  34
        0.32359        1.48165   1  35
        0.32359        1.52191   1  36
        0.32359        1.52915   1  37
        0.32359        1.59847   1  38
        0.32359        1.62148   1  39
        0.32359        1.76234   1  40
        0.32359        1.84264   1  41
        0.32359        1.95314   1  42
        0.32359        2.00157   1  43
        0.32359        2.01218   1  44
        0.32359        2.07097   1  45
        0.32359        2.32339   1  46
        0.32359        2.37806   1  47
        0.32359        2.40287   1  48
        0.32359        2.43426   1  49
        0.32359        2.46373   1  50
        0.32359       -0.42981   1   1
        0.32359       -0.39749   1   2
        0.32359       -0.32036   1   3
        0.32359       -0.29725   1   4
        0.32359       -0.22750   1   5
        0.32359       -0.20540   1   6
        0.32359       -0.19964   1   7
        0.32359       -0.18887   1   8
        0.32359       -0.12650   1   9
        0.32359       -0.10178   1  10
        0.32359       -0.05757   1  11
        0.32359       -0.04162   1  12
        0.32359       -0.01899   1  13
        0.32359       -0.00440   1  14
        0.32359        0.00365   1  15
        0.32359        0.01164   1  16
        0.32359        0.05416   1  17
        0.32359        0.05835   1  18
        0.32359        0.16156   1  19
        0.32359        0.18592   1  20
        0.32359        0.20402   1  21
        0.32359        0.67305   1  22
        0.32359        0.69921   1  23
        0.32359        1.00531   1  24
        0.32359        1.01677   1  25
        0.32359        1.05071   1  26
        0.32359        1.11027   1  27
        0.32359        1.22768   1  28
        0.32359        1.25389   1  29
        0.32359        1.26784   1  30
        0.32359        1.31279   1  31
        0.32359        1.37720   1  32
        0.32359        1.42116   1  33
        0.32359        1.44278   1  34
        0.32359        1.48165   1  35
        0.32359        1.52191   1  36
        0.32359        1.52915   1  37
        0.32359        1.59847   1  38
        0.32359        1.62148   1  39
        0.32359        1.76234   1  40
        0.32359        1.84264   1  41
        0.32359        1.95314   1  42
        0.32359        2.00157   1  43
        0.32359        2.01218   1  44
        0.32359        2.07097   1  45
        0.32359        2.32339   1  46
        0.32359        2.37806   1  47
        0.32359        2.40287   1  48
        0.32359        2.43426   1  49
        0.32359        2.46373   1  50
        0.33261       -0.43004   1   1
        0.33261       -0.39685   1   2
        0.33261       -0.32201   1   3
        0.33261       -0.29883   1   4
        0.33261       -0.22694   1   5
        0.33261       -0.21661   1   6
        0.33261       -0.19604   1   7
        0.33261       -0.17767   1   8
        0.33261       -0.12819   1   9
        0.33261       -0.10035   1  10
        0.33261       -0.05901   1  11
        0.33261       -0.04297   1  12
        0.33261       -0.02102   1  13
        0.33261       -0.00295   1  14
        0.33261        0.00408   1  15
        0.33261        0.01307   1  16
        0.33261        0.05410   1  17
        0.33261        0.05833   1  18
        0.33261        0.16213   1  19
        0.33261        0.18598   1  20
        0.33261        0.20397   1  21
        0.33261        0.67322   1  22
        0.33261        0.69914   1  23
        0.33261        0.99397   1  24
        0.33261        1.02416   1  25
        0.33261        1.05413   1  26
        0.33261        1.11287   1  27
        0.33261        1.22397   1  28
        0.33261        1.25370   1  29
        0.33261        1.27015   1  30
        0.33261        1.31350   1  31
        0.33261        1.37739   1  32
        0.33261        1.42161   1  33
        0.33261        1.44236   1  34
        0.33261        1.48357   1  35
        0.33261        1.52201   1  36
        0.33261        1.52728   1  37
        0.33261        1.60151   1  38
        0.33261        1.62356   1  39
        0.33261        1.76257   1  40
        0.33261        1.84287   1  41
        0.33261        1.94994   1  42
        0.33261        2.00079   1  43
        0.33261        2.01391   1  44
        0.33261        2.07129   1  45
        0.33261        2.32266   1  46
        0.33261        2.37544   1  47
        0.33261        2.40663   1  48
        0.33261        2.43557   1  49
        0.33261        2.46614   1  50
        0.34163       -0.43060   1   1
        0.34163       -0.39514   1   2
        0.34163       -0.32689   1   3
        0.34163       -0.30229   1   4
        0.34163       -0.23480   1   5
        0.34163       -0.22158   1   6
        0.34163       -0.19113   1   7
        0.34163       -0.15885   1   8
        0.34163       -0.13225   1   9
        0.34163       -0.09746   1  10
        0.34163       -0.06231   1  11
        0.34163       -0.04659   1  12
        0.34163       -0.02597   1  13
        0.34163        0.00083   1  14
        0.34163        0.00472   1  15
        0.34163        0.01645   1  16
        0.34163        0.05362   1  17
        0.34163        0.05859   1  18
        0.34163        0.16372   1  19
        0.34163        0.18609   1  20
        0.34163        0.20358   1  21
        0.34163        0.67373   1  22
        0.34163        0.69885   1  23
        0.34163        0.97556   1  24
        0.34163        1.03261   1  25
        0.34163        1.06228   1  26
        0.34163        1.12010   1  27
        0.34163        1.21453   1  28
        0.34163        1.25172   1  29
        0.34163        1.27696   1  30
        0.34163        1.31543   1  31
        0.34163        1.37725   1  32
        0.34163        1.42220   1  33
        0.34163        1.44146   1  34
        0.34163        1.48813   1  35
        0.34163        1.52026   1  36
        0.34163        1.52493   1  37
        0.34163        1.60842   1  38
        0.34163        1.62952   1  39
        0.34163        1.76107   1  40
        0.34163        1.84182   1  41
        0.34163        1.93843   1  42
        0.34163        1.99444   1  43
        0.34163        2.01973   1  44
        0.34163        2.07275   1  45
        0.34163        2.31536   1  46
        0.34163        2.36741   1  47
        0.34163        2.41323   1  48
        0.34163        2.43843   1  49
        0.34163        2.47380   1  50
        0.35065       -0.43147   1   1
        0.35065       -0.39257   1   2
        0.35065       -0.33421   1   3
        0.35065       -0.30584   1   4
        0.35065       -0.24779   1   5
        0.35065       -0.22265   1   6
        0.35065       -0.18205   1   7
        0.35065       -0.14248   1   8
        0.35065       -0.13413   1   9
        0.35065       -0.09594   1  10
        0.35065       -0.06479   1  11
        0.35065       -0.05172   1  12
        0.35065       -0.03154   1  13
        0.35065        0.00369   1  14
        0.35065        0.00587   1  15
        0.35065        0.02067   1  16
        0.35065        0.05320   1  17
        0.35065        0.05950   1  18
        0.35065        0.16614   1  19
        0.35065        0.18623   1  20
        0.35065        0.20288   1  21
        0.35065        0.67463   1  22
        0.35065        0.69838   1  23
        0.35065        0.95473   1  24
        0.35065        1.04097   1  25
        0.35065        1.07211   1  26
        0.35065        1.13022   1  27
        0.35065        1.20190   1  28
        0.35065        1.24879   1  29
        0.35065        1.28663   1  30
        0.35065        1.31846   1  31
        0.35065        1.37608   1  32
        0.35065        1.42210   1  33
        0.35065        1.44182   1  34
        0.35065        1.49117   1  35
        0.35065        1.51607   1  36
        0.35065        1.52846   1  37
        0.35065        1.61600   1  38
        0.35065        1.63911   1  39
        0.35065        1.75841   1  40
        0.35065        1.84001   1  41
        0.35065        1.92361   1  42
        0.35065        1.98395   1  43
        0.35065        2.02426   1  44
        0.35065        2.07572   1  45
        0.35065        2.30181   1  46
        0.35065        2.35936   1  47
        0.35065        2.41477   1  48
        0.35065        2.44707   1  49
        0.35065        2.48390   1  50
        0.35967       -0.43270   1   1
        0.35967       -0.38933   1   2
        0.35967       -0.34243   1   3
        0.35967       -0.30885   1   4
        0.35967       -0.25928   1   5
        0.35967       -0.22663   1   6
        0.35967       -0.16992   1   7
        0.35967       -0.14592   1   8
        0.35967       -0.11856   1   9
        0.35967       -0.09688   1  10
        0.35967       -0.06454   1  11
        0.35967       -0.05729   1  12
        0.35967       -0.03578   1  13
        0.35967        0.00167   1  14
        0.35967        0.00954   1  15
        0.35967        0.02493   1  16
        0.35967        0.05366   1  17
        0.35967        0.06122   1  18
        0.35967        0.16914   1  19
        0.35967        0.18634   1  20
        0.35967        0.20192   1  21
        0.35967        0.67595   1  22
        0.35967        0.69777   1  23
        0.35967        0.93235   1  24
        0.35967        1.05026   1  25
        0.35967        1.08195   1  26
        0.35967        1.14010   1  27
        0.35967        1.18929   1  28
        0.35967        1.24623   1  29
        0.35967        1.29812   1  30
        0.35967        1.32227   1  31
        0.35967        1.37333   1  32
        0.35967        1.42141   1  33
        0.35967        1.44339   1  34
        0.35967        1.48999   1  35
        0.35967        1.51376   1  36
        0.35967        1.53771   1  37
        0.35967        1.62223   1  38
        0.35967        1.65125   1  39
        0.35967        1.75600   1  40
        0.35967        1.83795   1  41
        0.35967        1.90851   1  42
        0.35967        1.97048   1  43
        0.35967        2.02614   1  44
        0.35967        2.07926   1  45
        0.35967        2.28369   1  46
        0.35967        2.35192   1  47
        0.35967        2.41130   1  48
        0.35967        2.46017   1  49
        0.35967        2.49466   1  50
        0.36868       -0.43443   1   1
        0.36868       -0.38568   1   2
        0.36868       -0.35007   1   3
        0.36868       -0.31124   1   4
        0.36868       -0.26878   1   5
        0.36868       -0.23300   1   6
        0.36868       -0.15895   1   7
        0.36868       -0.15138   1   8
        0.36868       -0.10981   1   9
        0.36868       -0.09357   1  10
        0.36868       -0.06689   1  11
        0.36868       -0.05635   1  12
        0.36868       -0.03738   1  13
        0.36868       -0.00276   1  14
        0.36868        0.01243   1  15
        0.36868        0.02896   1  16
        0.36868        0.05557   1  17
        0.36868        0.06376   1  18
        0.36868        0.17242   1  19
        0.36868        0.18639   1  20
        0.36868        0.20077   1  21
        0.36868        0.67768   1  22
        0.36868        0.69712   1  23
        0.36868        0.90884   1  24
        0.36868        1.06058   1  25
        0.36868        1.09013   1  26
        0.36868        1.14426   1  27
        0.36868        1.18344   1  28
        0.36868        1.24506   1  29
        0.36868        1.31075   1  30
        0.36868        1.32644   1  31
        0.36868        1.36905   1  32
        0.36868        1.42041   1  33
        0.36868        1.44506   1  34
        0.36868        1.48802   1  35
        0.36868        1.51266   1  36
        0.36868        1.55117   1  37
        0.36868        1.62587   1  38
        0.36868        1.66507   1  39
        0.36868        1.75568   1  40
        0.36868        1.83578   1  41
        0.36868        1.89462   1  42
        0.36868        1.95526   1  43
        0.36868        2.02633   1  44
        0.36868        2.08172   1  45
        0.36868        2.26277   1  46
        0.36868        2.34470   1  47
        0.36868        2.40456   1  48
        0.36868        2.47486   1  49
        0.36868        2.50532   1  50
        0.37770       -0.43679   1   1
        0.37770       -0.38186   1   2
        0.37770       -0.35604   1   3
        0.37770       -0.31296   1   4
        0.37770       -0.27638   1   5
        0.37770       -0.24082   1   6
        0.37770       -0.16510   1   7
        0.37770       -0.14243   1   8
        0.37770       -0.11340   1   9
        0.37770       -0.08710   1  10
        0.37770       -0.06908   1  11
        0.37770       -0.04755   1  12
        0.37770       -0.03552   1  13
        0.37770       -0.00921   1  14
        0.37770        0.01443   1  15
        0.37770        0.03285   1  16
        0.37770        0.05880   1  17
        0.37770        0.06697   1  18
        0.37770        0.17564   1  19
        0.37770        0.18641   1  20
        0.37770        0.19951   1  21
        0.37770        0.67975   1  22
        0.37770        0.69649   1  23
        0.37770        0.88466   1  24
        0.37770        1.07153   1  25
        0.37770        1.09246   1  26
        0.37770        1.14264   1  27
        0.37770        1.18871   1  28
        0.37770        1.24607   1  29
        0.37770        1.32307   1  30
        0.37770        1.33073   1  31
        0.37770        1.36424   1  32
        0.37770        1.41890   1  33
        0.37770        1.44651   1  34
        0.37770        1.48857   1  35
        0.37770        1.51269   1  36
        0.37770        1.56611   1  37
        0.37770        1.62619   1  38
        0.37770        1.68046   1  39
        0.37770        1.75837   1  40
        0.37770        1.83315   1  41
        0.37770        1.88281   1  42
        0.37770        1.93945   1  43
        0.37770        2.02613   1  44
        0.37770        2.08212   1  45
        0.37770        2.24029   1  46
        0.37770        2.33749   1  47
        0.37770        2.39493   1  48
        0.37770        2.48985   1  49
        0.37770        2.51557   1  50
        0.38672       -0.43984   1   1
        0.38672       -0.37822   1   2
        0.38672       -0.35968   1   3
        0.38672       -0.31392   1   4
        0.38672       -0.28242   1   5
        0.38672       -0.24905   1   6
        0.38672       -0.17627   1   7
        0.38672       -0.13404   1   8
        0.38672       -0.11843   1   9
        0.38672       -0.08812   1  10
        0.38672       -0.06556   1  11
        0.38672       -0.03815   1  12
        0.38672       -0.02729   1  13
        0.38672       -0.01677   1  14
        0.38672        0.01584   1  15
        0.38672        0.03686   1  16
        0.38672        0.06288   1  17
        0.38672        0.07058   1  18
        0.38672        0.17840   1  19
        0.38672        0.18654   1  20
        0.38672        0.19820   1  21
        0.38672        0.68205   1  22
        0.38672        0.69599   1  23
        0.38672        0.86053   1  24
        0.38672        1.07934   1  25
        0.38672        1.08767   1  26
        0.38672        1.14634   1  27
        0.38672        1.19860   1  28
        0.38672        1.24983   1  29
        0.38672        1.33015   1  30
        0.38672        1.33551   1  31
        0.38672        1.36253   1  32
        0.38672        1.41729   1  33
        0.38672        1.44841   1  34
        0.38672        1.49085   1  35
        0.38672        1.51555   1  36
        0.38672        1.58048   1  37
        0.38672        1.62411   1  38
        0.38672        1.69704   1  39
        0.38672        1.76332   1  40
        0.38672        1.82928   1  41
        0.38672        1.87382   1  42
        0.38672        1.92391   1  43
        0.38672        2.02658   1  44
        0.38672        2.08044   1  45
        0.38672        2.21709   1  46
        0.38672        2.33022   1  47
        0.38672        2.38254   1  48
        0.38672        2.50452   1  49
        0.38672        2.52528   1  50
        0.39574       -0.44339   1   1
        0.39574       -0.37511   1   2
        0.39574       -0.36064   1   3
        0.39574       -0.31433   1   4
        0.39574       -0.28736   1   5
        0.39574       -0.25652   1   6
        0.39574       -0.18877   1   7
        0.39574       -0.13642   1   8
        0.39574       -0.11715   1   9
        0.39574       -0.09075   1  10
        0.39574       -0.05996   1  11
        0.39574       -0.03395   1  12
        0.39574       -0.02475   1  13
        0.39574       -0.01161   1  14
        0.39574        0.01702   1  15
        0.39574        0.04150   1  16
        0.39574        0.06728   1  17
        0.39574        0.07423   1  18
        0.39574        0.18016   1  19
        0.39574        0.18711   1  20
        0.39574        0.19694   1  21
        0.39574        0.68444   1  22
        0.39574        0.69568   1  23
        0.39574        0.83736   1  24
        0.39574        1.06642   1  25
        0.39574        1.09676   1  26
        0.39574        1.15622   1  27
        0.39574        1.20828   1  28
        0.39574        1.25641   1  29
        0.39574        1.33105   1  30
        0.39574        1.33453   1  31
        0.39574        1.36995   1  32
        0.39574        1.41749   1  33
        0.39574        1.45139   1  34
        0.39574        1.49184   1  35
        0.39574        1.52345   1  36
        0.39574        1.59245   1  37
        0.39574        1.62202   1  38
        0.39574        1.71359   1  39
        0.39574        1.76878   1  40
        0.39574        1.82370   1  41
        0.39574        1.86797   1  42
        0.39574        1.90923   1  43
        0.39574        2.02847   1  44
        0.39574        2.07739   1  45
        0.39574        2.19397   1  46
        0.39574        2.32286   1  47
        0.39574        2.36772   1  48
        0.39574        2.51850   1  49
        0.39574        2.53434   1  50
        0.40476       -0.44712   1   1
        0.40476       -0.37248   1   2
        0.40476       -0.35924   1   3
        0.40476       -0.31512   1   4
        0.40476       -0.29105   1   5
        0.40476       -0.26210   1   6
        0.40476       -0.20193   1   7
        0.40476       -0.14556   1   8
        0.40476       -0.11267   1   9
        0.40476       -0.09271   1  10
        0.40476       -0.05505   1  11
        0.40476       -0.03457   1  12
        0.40476       -0.02649   1  13
        0.40476        0.00249   1  14
        0.40476        0.01828   1  15
        0.40476        0.04758   1  16
        0.40476        0.07160   1  17
        0.40476        0.07761   1  18
        0.40476        0.18062   1  19
        0.40476        0.18830   1  20
        0.40476        0.19582   1  21
        0.40476        0.68681   1  22
        0.40476        0.69557   1  23
        0.40476        0.81615   1  24
        0.40476        1.04911   1  25
        0.40476        1.10872   1  26
        0.40476        1.16833   1  27
        0.40476        1.21576   1  28
        0.40476        1.26513   1  29
        0.40476        1.32570   1  30
        0.40476        1.33094   1  31
        0.40476        1.38232   1  32
        0.40476        1.42178   1  33
        0.40476        1.45548   1  34
        0.40476        1.49067   1  35
        0.40476        1.53598   1  36
        0.40476        1.59970   1  37
        0.40476        1.62288   1  38
        0.40476        1.72842   1  39
        0.40476        1.77296   1  40
        0.40476        1.81715   1  41
        0.40476        1.86458   1  42
        0.40476        1.89577   1  43
        0.40476        2.03219   1  44
        0.40476        2.07411   1  45
        0.40476        2.17188   1  46
        0.40476        2.31547   1  47
        0.40476        2.35117   1  48
        0.40476        2.53137   1  49
        0.40476        2.54264   1  50
        0.41378       -0.45063   1   1
        0.41378       -0.36967   1   2
        0.41378       -0.35647   1   3
        0.41378       -0.31823   1   4
        0.41378       -0.29196   1   5
        0.41378       -0.26530   1   6
        0.41378       -0.21528   1   7
        0.41378       -0.15557   1   8
        0.41378       -0.10886   1   9
        0.41378       -0.09411   1  10
        0.41378       -0.05643   1  11
        0.41378       -0.03312   1  12
        0.41378       -0.02407   1  13
        0.41378        0.01246   1  14
        0.41378        0.01999   1  15
        0.41378        0.05584   1  16
        0.41378        0.07555   1  17
        0.41378        0.08045   1  18
        0.41378        0.18013   1  19
        0.41378        0.18973   1  20
        0.41378        0.19492   1  21
        0.41378        0.68906   1  22
        0.41378        0.69560   1  23
        0.41378        0.79780   1  24
        0.41378        1.03266   1  25
        0.41378        1.12102   1  26
        0.41378        1.18040   1  27
        0.41378        1.21981   1  28
        0.41378        1.27479   1  29
        0.41378        1.31750   1  30
        0.41378        1.32701   1  31
        0.41378        1.39423   1  32
        0.41378        1.43091   1  33
        0.41378        1.46039   1  34
        0.41378        1.48824   1  35
        0.41378        1.55106   1  36
        0.41378        1.60208   1  37
        0.41378        1.62666   1  38
        0.41378        1.74021   1  39
        0.41378        1.77450   1  40
        0.41378        1.81148   1  41
        0.41378        1.86237   1  42
        0.41378        1.88378   1  43
        0.41378        2.03758   1  44
        0.41378        2.07173   1  45
        0.41378        2.15193   1  46
        0.41378        2.30824   1  47
        0.41378        2.33401   1  48
        0.41378        2.54266   1  49
        0.41378        2.55003   1  50
        0.42279       -0.45361   1   1
        0.42279       -0.36608   1   2
        0.42279       -0.35335   1   3
        0.42279       -0.32446   1   4
        0.42279       -0.28894   1   5
        0.42279       -0.26657   1   6
        0.42279       -0.22848   1   7
        0.42279       -0.16468   1   8
        0.42279       -0.10550   1   9
        0.42279       -0.09514   1  10
        0.42279       -0.06317   1  11
        0.42279       -0.02731   1  12
        0.42279       -0.02149   1  13
        0.42279        0.01760   1  14
        0.42279        0.02236   1  15
        0.42279        0.06548   1  16
        0.42279        0.07892   1  17
        0.42279        0.08260   1  18
        0.42279        0.17918   1  19
        0.42279        0.19102   1  20
        0.42279        0.19427   1  21
        0.42279        0.69111   1  22
        0.42279        0.69565   1  23
        0.42279        0.78298   1  24
        0.42279        1.01868   1  25
        0.42279        1.13339   1  26
        0.42279        1.19110   1  27
        0.42279        1.21964   1  28
        0.42279        1.28403   1  29
        0.42279        1.31035   1  30
        0.42279        1.32212   1  31
        0.42279        1.40472   1  32
        0.42279        1.44281   1  33
        0.42279        1.46538   1  34
        0.42279        1.48550   1  35
        0.42279        1.56684   1  36
        0.42279        1.60304   1  37
        0.42279        1.62883   1  38
        0.42279        1.74887   1  39
        0.42279        1.77270   1  40
        0.42279        1.80827   1  41
        0.42279        1.86052   1  42
        0.42279        1.87339   1  43
        0.42279        2.04401   1  44
        0.42279        2.07062   1  45
        0.42279        2.13535   1  46
        0.42279        2.30154   1  47
        0.42279        2.31765   1  48
        0.42279        2.55194   1  49
        0.42279        2.55629   1  50
        0.43181       -0.45583   1   1
        0.43181       -0.36138   1   2
        0.43181       -0.35058   1   3
        0.43181       -0.33241   1   4
        0.43181       -0.28281   1   5
        0.43181       -0.26673   1   6
        0.43181       -0.24123   1   7
        0.43181       -0.17194   1   8
        0.43181       -0.10219   1   9
        0.43181       -0.09591   1  10
        0.43181       -0.07062   1  11
        0.43181       -0.02186   1  12
        0.43181       -0.01934   1  13
        0.43181        0.02027   1  14
        0.43181        0.02420   1  15
        0.43181        0.07439   1  16
        0.43181        0.08157   1  17
        0.43181        0.08396   1  18
        0.43181        0.17815   1  19
        0.43181        0.19207   1  20
        0.43181        0.19379   1  21
        0.43181        0.69283   1  22
        0.43181        0.69563   1  23
        0.43181        0.77216   1  24
        0.43181        1.00805   1  25
        0.43181        1.14525   1  26
        0.43181        1.19950   1  27
        0.43181        1.21552   1  28
        0.43181        1.29176   1  29
        0.43181        1.30530   1  30
        0.43181        1.31730   1  31
        0.43181        1.41386   1  32
        0.43181        1.45410   1  33
        0.43181        1.46889   1  34
        0.43181        1.48376   1  35
        0.43181        1.58197   1  36
        0.43181        1.60453   1  37
        0.43181        1.62633   1  38
        0.43181        1.75540   1  39
        0.43181        1.76848   1  40
        0.43181        1.80712   1  41
        0.43181        1.85886   1  42
        0.43181        1.86498   1  43
        0.43181        2.05073   1  44
        0.43181        2.06980   1  45
        0.43181        2.12342   1  46
        0.43181        2.29590   1  47
        0.43181        2.30379   1  48
        0.43181        2.55886   1  49
        0.43181        2.56113   1  50
        0.44083       -0.45719   1   1
        0.44083       -0.35552   1   2
        0.44083       -0.34867   1   3
        0.44083       -0.34067   1   4
        0.44083       -0.27458   1   5
        0.44083       -0.26651   1   6
        0.44083       -0.25319   1   7
        0.44083       -0.17660   1   8
        0.44083       -0.09906   1   9
        0.44083       -0.09645   1  10
        0.44083       -0.07665   1  11
        0.44083       -0.01844   1  12
        0.44083       -0.01787   1  13
        0.44083        0.02236   1  14
        0.44083        0.02464   1  15
        0.44083        0.08063   1  16
        0.44083        0.08335   1  17
        0.44083        0.08447   1  18
        0.44083        0.17734   1  19
        0.44083        0.19290   1  20
        0.44083        0.19333   1  21
        0.44083        0.69413   1  22
        0.44083        0.69544   1  23
        0.44083        0.76558   1  24
        0.44083        1.00140   1  25
        0.44083        1.15496   1  26
        0.44083        1.20487   1  27
        0.44083        1.20973   1  28
        0.44083        1.29730   1  29
        0.44083        1.30219   1  30
        0.44083        1.31364   1  31
        0.44083        1.42067   1  32
        0.44083        1.46234   1  33
        0.44083        1.46917   1  34
        0.44083        1.48415   1  35
        0.44083        1.59568   1  36
        0.44083        1.60637   1  37
        0.44083        1.61899   1  38
        0.44083        1.76021   1  39
        0.44083        1.76428   1  40
        0.44083        1.80632   1  41
        0.44083        1.85761   1  42
        0.44083        1.85928   1  43
        0.44083        2.05717   1  44
        0.44083        2.06751   1  45
        0.44083        2.11669   1  46
        0.44083        2.29192   1  47
        0.44083        2.29422   1  48
        0.44083        2.56324   1  49
        0.44083        2.56421   1  50
        0.44985       -0.45761   1   1
        0.44985       -0.34909   1   2
        0.44985       -0.34796   1   3
        0.44985       -0.34795   1   4
        0.44985       -0.26641   1   5
        0.44985       -0.26632   1   6
        0.44985       -0.26256   1   7
        0.44985       -0.17821   1   8
        0.44985       -0.09720   1   9
        0.44985       -0.09704   1  10
        0.44985       -0.07920   1  11
        0.44985       -0.01737   1  12
        0.44985       -0.01730   1  13
        0.44985        0.02388   1  14
        0.44985        0.02401   1  15
        0.44985        0.08329   1  16
        0.44985        0.08382   1  17
        0.44985        0.08433   1  18
        0.44985        0.17702   1  19
        0.44985        0.19278   1  20
        0.44985        0.19358   1  21
        0.44985        0.69497   1  22
        0.44985        0.69498   1  23
        0.44985        0.76332   1  24
        0.44985        0.99903   1  25
        0.44985        1.15908   1  26
        0.44985        1.20646   1  27
        0.44985        1.20684   1  28
        0.44985        1.30001   1  29
        0.44985        1.30044   1  30
        0.44985        1.31218   1  31
        0.44985        1.42340   1  32
        0.44985        1.46694   1  33
        0.44985        1.46696   1  34
        0.44985        1.48484   1  35
        0.44985        1.60680   1  36
        0.44985        1.60701   1  37
        0.44985        1.60970   1  38
        0.44985        1.76212   1  39
        0.44985        1.76224   1  40
        0.44985        1.80541   1  41
        0.44985        1.85695   1  42
        0.44985        1.85708   1  43
        0.44985        2.06286   1  44
        0.44985        2.06320   1  45
        0.44985        2.11422   1  46
        0.44985        2.29008   1  47
        0.44985        2.29031   1  48
        0.44985        2.56512   1  49
        0.44985        2.56517   1  50
        0.44985       -0.45761   1   1
        0.44985       -0.34909   1   2
        0.44985       -0.34796   1   3
        0.44985       -0.34795   1   4
        0.44985       -0.26641   1   5
        0.44985       -0.26632   1   6
        0.44985       -0.26256   1   7
        0.44985       -0.17821   1   8
        0.44985       -0.09720   1   9
        0.44985       -0.09704   1  10
        0.44985       -0.07920   1  11
        0.44985       -0.01737   1  12
        0.44985       -0.01730   1  13
        0.44985        0.02388   1  14
        0.44985        0.02401   1  15
        0.44985        0.08329   1  16
        0.44985        0.08382   1  17
        0.44985        0.08433   1  18
        0.44985        0.17702   1  19
        0.44985        0.19278   1  20
        0.44985        0.19358   1  21
        0.44985        0.69497   1  22
        0.44985        0.69498   1  23
        0.44985        0.76332   1  24
        0.44985        0.99903   1  25
        0.44985        1.15908   1  26
        0.44985        1.20646   1  27
        0.44985        1.20684   1  28
        0.44985        1.30001   1  29
        0.44985        1.30044   1  30
        0.44985        1.31218   1  31
        0.44985        1.42340   1  32
        0.44985        1.46694   1  33
        0.44985        1.46696   1  34
        0.44985        1.48484   1  35
        0.44985        1.60680   1  36
        0.44985        1.60701   1  37
        0.44985        1.60970   1  38
        0.44985        1.76212   1  39
        0.44985        1.76224   1  40
        0.44985        1.80541   1  41
        0.44985        1.85695   1  42
        0.44985        1.85708   1  43
        0.44985        2.06286   1  44
        0.44985        2.06320   1  45
        0.44985        2.11422   1  46
        0.44985        2.29008   1  47
        0.44985        2.29031   1  48
        0.44985        2.56512   1  49
        0.44985        2.56517   1  50
        0.45835       -0.45731   1   1
        0.45835       -0.35548   1   2
        0.45835       -0.34865   1   3
        0.45835       -0.34079   1   4
        0.45835       -0.27457   1   5
        0.45835       -0.26654   1   6
        0.45835       -0.25326   1   7
        0.45835       -0.17668   1   8
        0.45835       -0.09870   1   9
        0.45835       -0.09675   1  10
        0.45835       -0.07676   1  11
        0.45835       -0.01822   1  12
        0.45835       -0.01780   1  13
        0.45835        0.02314   1  14
        0.45835        0.02387   1  15
        0.45835        0.08076   1  16
        0.45835        0.08341   1  17
        0.45835        0.08451   1  18
        0.45835        0.17730   1  19
        0.45835        0.19269   1  20
        0.45835        0.19351   1  21
        0.45835        0.69459   1  22
        0.45835        0.69498   1  23
        0.45835        0.76528   1  24
        0.45835        1.00118   1  25
        0.45835        1.15490   1  26
        0.45835        1.20493   1  27
        0.45835        1.20933   1  28
        0.45835        1.29894   1  29
        0.45835        1.30029   1  30
        0.45835        1.31360   1  31
        0.45835        1.42080   1  32
        0.45835        1.46504   1  33
        0.45835        1.46645   1  34
        0.45835        1.48405   1  35
        0.45835        1.59615   1  36
        0.45835        1.60623   1  37
        0.45835        1.61825   1  38
        0.45835        1.76009   1  39
        0.45835        1.76389   1  40
        0.45835        1.80636   1  41
        0.45835        1.85712   1  42
        0.45835        1.85840   1  43
        0.45835        2.06133   1  44
        0.45835        2.06301   1  45
        0.45835        2.11568   1  46
        0.45835        2.29141   1  47
        0.45835        2.29304   1  48
        0.45835        2.56329   1  49
        0.45835        2.56513   1  50
        0.46685       -0.45637   1   1
        0.46685       -0.36152   1   2
        0.46685       -0.35041   1   3
        0.46685       -0.33266   1   4
        0.46685       -0.28298   1   5
        0.46685       -0.26692   1   6
        0.46685       -0.24140   1   7
        0.46685       -0.17220   1   8
        0.46685       -0.10188   1   9
        0.46685       -0.09583   1  10
        0.46685       -0.07101   1  11
        0.46685       -0.02061   1  12
        0.46685       -0.01940   1  13
        0.46685        0.02108   1  14
        0.46685        0.02329   1  15
        0.46685        0.07449   1  16
        0.46685        0.08190   1  17
        0.46685        0.08446   1  18
        0.46685        0.17804   1  19
        0.46685        0.19231   1  20
        0.46685        0.19344   1  21
        0.46685        0.69366   1  22
        0.46685        0.69484   1  23
        0.46685        0.77103   1  24
        0.46685        1.00746   1  25
        0.46685        1.14483   1  26
        0.46685        1.19996   1  27
        0.46685        1.21473   1  28
        0.46685        1.29543   1  29
        0.46685        1.30073   1  30
        0.46685        1.31732   1  31
        0.46685        1.41391   1  32
        0.46685        1.45871   1  33
        0.46685        1.46526   1  34
        0.46685        1.48279   1  35
        0.46685        1.58308   1  36
        0.46685        1.60382   1  37
        0.46685        1.62570   1  38
        0.46685        1.75508   1  39
        0.46685        1.76775   1  40
        0.46685        1.80803   1  41
        0.46685        1.85767   1  42
        0.46685        1.86191   1  43
        0.46685        2.05710   1  44
        0.46685        2.06343   1  45
        0.46685        2.11975   1  46
        0.46685        2.29497   1  47
        0.46685        2.30042   1  48
        0.46685        2.55971   1  49
        0.46685        2.56340   1  50
        0.47536       -0.45480   1   1
        0.47536       -0.36668   1   2
        0.47536       -0.35280   1   3
        0.47536       -0.32475   1   4
        0.47536       -0.28966   1   5
        0.47536       -0.26704   1   6
        0.47536       -0.22880   1   7
        0.47536       -0.16521   1   8
        0.47536       -0.10521   1   9
        0.47536       -0.09437   1  10
        0.47536       -0.06387   1  11
        0.47536       -0.02479   1  12
        0.47536       -0.02169   1  13
        0.47536        0.01767   1  14
        0.47536        0.02225   1  15
        0.47536        0.06511   1  16
        0.47536        0.07972   1  17
        0.47536        0.08399   1  18
        0.47536        0.17905   1  19
        0.47536        0.19157   1  20
        0.47536        0.19347   1  21
        0.47536        0.69223   1  22
        0.47536        0.69464   1  23
        0.47536        0.78045   1  24
        0.47536        1.01761   1  25
        0.47536        1.13218   1  26
        0.47536        1.19182   1  27
        0.47536        1.21957   1  28
        0.47536        1.29001   1  29
        0.47536        1.30184   1  30
        0.47536        1.32241   1  31
        0.47536        1.40454   1  32
        0.47536        1.44767   1  33
        0.47536        1.46386   1  34
        0.47536        1.48225   1  35
        0.47536        1.56988   1  36
        0.47536        1.59874   1  37
        0.47536        1.63097   1  38
        0.47536        1.74890   1  39
        0.47536        1.77112   1  40
        0.47536        1.81035   1  41
        0.47536        1.85849   1  42
        0.47536        1.86721   1  43
        0.47536        2.05202   1  44
        0.47536        2.06491   1  45
        0.47536        2.12598   1  46
        0.47536        2.30057   1  47
        0.47536        2.31132   1  48
        0.47536        2.55392   1  49
        0.47536        2.56026   1  50
        0.48386       -0.45258   1   1
        0.48386       -0.37101   1   2
        0.48386       -0.35530   1   3
        0.48386       -0.31839   1   4
        0.48386       -0.29383   1   5
        0.48386       -0.26618   1   6
        0.48386       -0.21577   1   7
        0.48386       -0.15630   1   8
        0.48386       -0.10824   1   9
        0.48386       -0.09245   1  10
        0.48386       -0.05670   1  11
        0.48386       -0.03078   1  12
        0.48386       -0.02400   1  13
        0.48386        0.01267   1  14
        0.48386        0.02071   1  15
        0.48386        0.05399   1  16
        0.48386        0.07692   1  17
        0.48386        0.08317   1  18
        0.48386        0.18009   1  19
        0.48386        0.19057   1  20
        0.48386        0.19355   1  21
        0.48386        0.69048   1  22
        0.48386        0.69443   1  23
        0.48386        0.79334   1  24
        0.48386        1.03108   1  25
        0.48386        1.11877   1  26
        0.48386        1.18090   1  27
        0.48386        1.22207   1  28
        0.48386        1.28286   1  29
        0.48386        1.30341   1  30
        0.48386        1.32830   1  31
        0.48386        1.39503   1  32
        0.48386        1.43323   1  33
        0.48386        1.46253   1  34
        0.48386        1.48251   1  35
        0.48386        1.55727   1  36
        0.48386        1.59096   1  37
        0.48386        1.63419   1  38
        0.48386        1.74248   1  39
        0.48386        1.77028   1  40
        0.48386        1.81490   1  41
        0.48386        1.86007   1  42
        0.48386        1.87348   1  43
        0.48386        2.04721   1  44
        0.48386        2.06826   1  45
        0.48386        2.13402   1  46
        0.48386        2.30782   1  47
        0.48386        2.32454   1  48
        0.48386        2.54543   1  49
        0.48386        2.55602   1  50
        0.49236       -0.44970   1   1
        0.49236       -0.37464   1   2
        0.49236       -0.35739   1   3
        0.49236       -0.31534   1   4
        0.49236       -0.29460   1   5
        0.49236       -0.26344   1   6
        0.49236       -0.20262   1   7
        0.49236       -0.14613   1   8
        0.49236       -0.11090   1   9
        0.49236       -0.09028   1  10
        0.49236       -0.05146   1  11
        0.49236       -0.03813   1  12
        0.49236       -0.02499   1  13
        0.49236        0.00533   1  14
        0.49236        0.01870   1  15
        0.49236        0.04310   1  16
        0.49236        0.07352   1  17
        0.49236        0.08202   1  18
        0.49236        0.18090   1  19
        0.49236        0.18948   1  20
        0.49236        0.19364   1  21
        0.49236        0.68858   1  22
        0.49236        0.69422   1  23
        0.49236        0.80932   1  24
        0.49236        1.04686   1  25
        0.49236        1.10563   1  26
        0.49236        1.16790   1  27
        0.49236        1.22163   1  28
        0.49236        1.27453   1  29
        0.49236        1.30476   1  30
        0.49236        1.33429   1  31
        0.49236        1.38735   1  32
        0.49236        1.41756   1  33
        0.49236        1.46142   1  34
        0.49236        1.48314   1  35
        0.49236        1.54569   1  36
        0.49236        1.58132   1  37
        0.49236        1.63546   1  38
        0.49236        1.73611   1  39
        0.49236        1.76404   1  40
        0.49236        1.82161   1  41
        0.49236        1.86318   1  42
        0.49236        1.88049   1  43
        0.49236        2.04302   1  44
        0.49236        2.07391   1  45
        0.49236        2.14356   1  46
        0.49236        2.31631   1  47
        0.49236        2.33912   1  48
        0.49236        2.53408   1  49
        0.49236        2.55084   1  50
        0.50086       -0.44615   1   1
        0.50086       -0.37765   1   2
        0.50086       -0.35866   1   3
        0.50086       -0.31537   1   4
        0.50086       -0.29291   1   5
        0.50086       -0.25826   1   6
        0.50086       -0.18965   1   7
        0.50086       -0.13537   1   8
        0.50086       -0.11321   1   9
        0.50086       -0.08845   1  10
        0.50086       -0.05092   1  11
        0.50086       -0.04556   1  12
        0.50086       -0.02290   1  13
        0.50086       -0.00494   1  14
        0.50086        0.01639   1  15
        0.50086        0.03436   1  16
        0.50086        0.06962   1  17
        0.50086        0.08051   1  18
        0.50086        0.18123   1  19
        0.50086        0.18854   1  20
        0.50086        0.19375   1  21
        0.50086        0.68671   1  22
        0.50086        0.69404   1  23
        0.50086        0.82791   1  24
        0.50086        1.06276   1  25
        0.50086        1.09401   1  26
        0.50086        1.15383   1  27
        0.50086        1.21847   1  28
        0.50086        1.26579   1  29
        0.50086        1.30523   1  30
        0.50086        1.33909   1  31
        0.50086        1.38239   1  32
        0.50086        1.40364   1  33
        0.50086        1.46049   1  34
        0.50086        1.48348   1  35
        0.50086        1.53574   1  36
        0.50086        1.57085   1  37
        0.50086        1.63491   1  38
        0.50086        1.72945   1  39
        0.50086        1.75470   1  40
        0.50086        1.82828   1  41
        0.50086        1.86831   1  42
        0.50086        1.88855   1  43
        0.50086        2.03943   1  44
        0.50086        2.08148   1  45
        0.50086        2.15433   1  46
        0.50086        2.32558   1  47
        0.50086        2.35436   1  48
        0.50086        2.52008   1  49
        0.50086        2.54478   1  50
        0.50937       -0.44193   1   1
        0.50937       -0.38013   1   2
        0.50937       -0.35887   1   3
        0.50937       -0.31626   1   4
        0.50937       -0.29082   1   5
        0.50937       -0.25108   1   6
        0.50937       -0.17719   1   7
        0.50937       -0.12509   1   8
        0.50937       -0.11486   1   9
        0.50937       -0.08842   1  10
        0.50937       -0.05530   1  11
        0.50937       -0.05121   1  12
        0.50937       -0.01964   1  13
        0.50937       -0.01581   1  14
        0.50937        0.01394   1  15
        0.50937        0.02834   1  16
        0.50937        0.06539   1  17
        0.50937        0.07864   1  18
        0.50937        0.18082   1  19
        0.50937        0.18801   1  20
        0.50937        0.19389   1  21
        0.50937        0.68499   1  22
        0.50937        0.69390   1  23
        0.50937        0.84851   1  24
        0.50937        1.07066   1  25
        0.50937        1.08994   1  26
        0.50937        1.13996   1  27
        0.50937        1.21387   1  28
        0.50937        1.25724   1  29
        0.50937        1.30464   1  30
        0.50937        1.34024   1  31
        0.50937        1.38014   1  32
        0.50937        1.39505   1  33
        0.50937        1.45945   1  34
        0.50937        1.48246   1  35
        0.50937        1.52883   1  36
        0.50937        1.56010   1  37
        0.50937        1.63274   1  38
        0.50937        1.72129   1  39
        0.50937        1.74599   1  40
        0.50937        1.83367   1  41
        0.50937        1.87516   1  42
        0.50937        1.89821   1  43
        0.50937        2.03641   1  44
        0.50937        2.09014   1  45
        0.50937        2.16606   1  46
        0.50937        2.33525   1  47
        0.50937        2.36974   1  48
        0.50937        2.50388   1  49
        0.50937        2.53794   1  50
        0.51787       -0.43705   1   1
        0.51787       -0.38209   1   2
        0.51787       -0.35797   1   3
        0.51787       -0.31663   1   4
        0.51787       -0.28885   1   5
        0.51787       -0.24325   1   6
        0.51787       -0.16565   1   7
        0.51787       -0.12079   1   8
        0.51787       -0.11156   1   9
        0.51787       -0.09184   1  10
        0.51787       -0.06146   1  11
        0.51787       -0.05432   1  12
        0.51787       -0.02934   1  13
        0.51787       -0.01317   1  14
        0.51787        0.01130   1  15
        0.51787        0.02481   1  16
        0.51787        0.06104   1  17
        0.51787        0.07646   1  18
        0.51787        0.17968   1  19
        0.51787        0.18791   1  20
        0.51787        0.19413   1  21
        0.51787        0.68354   1  22
        0.51787        0.69381   1  23
        0.51787        0.87035   1  24
        0.51787        1.06377   1  25
        0.51787        1.09631   1  26
        0.51787        1.12860   1  27
        0.51787        1.20983   1  28
        0.51787        1.24931   1  29
        0.51787        1.30332   1  30
        0.51787        1.33595   1  31
        0.51787        1.38121   1  32
        0.51787        1.39279   1  33
        0.51787        1.45741   1  34
        0.51787        1.47986   1  35
        0.51787        1.52661   1  36
        0.51787        1.54921   1  37
        0.51787        1.62913   1  38
        0.51787        1.71029   1  39
        0.51787        1.74135   1  40
        0.51787        1.83788   1  41
        0.51787        1.88287   1  42
        0.51787        1.90970   1  43
        0.51787        2.03392   1  44
        0.51787        2.09903   1  45
        0.51787        2.17836   1  46
        0.51787        2.34492   1  47
        0.51787        2.38472   1  48
        0.51787        2.48610   1  49
        0.51787        2.53055   1  50
        0.52637       -0.43154   1   1
        0.52637       -0.38345   1   2
        0.52637       -0.35601   1   3
        0.52637       -0.31597   1   4
        0.52637       -0.28669   1   5
        0.52637       -0.23626   1   6
        0.52637       -0.15569   1   7
        0.52637       -0.12369   1   8
        0.52637       -0.10564   1   9
        0.52637       -0.09618   1  10
        0.52637       -0.06886   1  11
        0.52637       -0.05383   1  12
        0.52637       -0.03769   1  13
        0.52637       -0.01050   1  14
        0.52637        0.00803   1  15
        0.52637        0.02368   1  16
        0.52637        0.05692   1  17
        0.52637        0.07405   1  18
        0.52637        0.17808   1  19
        0.52637        0.18800   1  20
        0.52637        0.19449   1  21
        0.52637        0.68241   1  22
        0.52637        0.69378   1  23
        0.52637        0.89265   1  24
        0.52637        1.05428   1  25
        0.52637        1.09541   1  26
        0.52637        1.12358   1  27
        0.52637        1.20674   1  28
        0.52637        1.24367   1  29
        0.52637        1.30172   1  30
        0.52637        1.32874   1  31
        0.52637        1.38434   1  32
        0.52637        1.39430   1  33
        0.52637        1.45306   1  34
        0.52637        1.47806   1  35
        0.52637        1.52868   1  36
        0.52637        1.53854   1  37
        0.52637        1.62426   1  38
        0.52637        1.69743   1  39
        0.52637        1.74128   1  40
        0.52637        1.84134   1  41
        0.52637        1.89071   1  42
        0.52637        1.92298   1  43
        0.52637        2.03200   1  44
        0.52637        2.10756   1  45
        0.52637        2.19084   1  46
        0.52637        2.35426   1  47
        0.52637        2.39876   1  48
        0.52637        2.46733   1  49
        0.52637        2.52302   1  50
        0.53488       -0.42552   1   1
        0.53488       -0.38409   1   2
        0.53488       -0.35315   1   3
        0.53488       -0.31414   1   4
        0.53488       -0.28410   1   5
        0.53488       -0.23142   1   6
        0.53488       -0.14938   1   7
        0.53488       -0.12832   1   8
        0.53488       -0.10798   1   9
        0.53488       -0.09590   1  10
        0.53488       -0.07219   1  11
        0.53488       -0.05371   1  12
        0.53488       -0.04088   1  13
        0.53488       -0.00983   1  14
        0.53488        0.00396   1  15
        0.53488        0.02425   1  16
        0.53488        0.05343   1  17
        0.53488        0.07155   1  18
        0.53488        0.17635   1  19
        0.53488        0.18805   1  20
        0.53488        0.19500   1  21
        0.53488        0.68166   1  22
        0.53488        0.69379   1  23
        0.53488        0.91465   1  24
        0.53488        1.04556   1  25
        0.53488        1.08644   1  26
        0.53488        1.12254   1  27
        0.53488        1.20135   1  28
        0.53488        1.24354   1  29
        0.53488        1.30005   1  30
        0.53488        1.32204   1  31
        0.53488        1.38587   1  32
        0.53488        1.39779   1  33
        0.53488        1.44739   1  34
        0.53488        1.47896   1  35
        0.53488        1.52518   1  36
        0.53488        1.53674   1  37
        0.53488        1.61845   1  38
        0.53488        1.68474   1  39
        0.53488        1.74462   1  40
        0.53488        1.84411   1  41
        0.53488        1.89824   1  42
        0.53488        1.93777   1  43
        0.53488        2.03078   1  44
        0.53488        2.11549   1  45
        0.53488        2.20304   1  46
        0.53488        2.36275   1  47
        0.53488        2.41084   1  48
        0.53488        2.44846   1  49
        0.53488        2.51602   1  50
        0.54338       -0.41911   1   1
        0.54338       -0.38384   1   2
        0.54338       -0.34958   1   3
        0.54338       -0.31116   1   4
        0.54338       -0.28104   1   5
        0.54338       -0.22975   1   6
        0.54338       -0.15199   1   7
        0.54338       -0.12998   1   8
        0.54338       -0.11171   1   9
        0.54338       -0.09786   1  10
        0.54338       -0.06783   1  11
        0.54338       -0.05584   1  12
        0.54338       -0.03942   1  13
        0.54338       -0.01053   1  14
        0.54338       -0.00045   1  15
        0.54338        0.02494   1  16
        0.54338        0.05096   1  17
        0.54338        0.06913   1  18
        0.54338        0.17468   1  19
        0.54338        0.18793   1  20
        0.54338        0.19567   1  21
        0.54338        0.68124   1  22
        0.54338        0.69385   1  23
        0.54338        0.93573   1  24
        0.54338        1.03827   1  25
        0.54338        1.07572   1  26
        0.54338        1.12087   1  27
        0.54338        1.19173   1  28
        0.54338        1.24834   1  29
        0.54338        1.29827   1  30
        0.54338        1.31751   1  31
        0.54338        1.38358   1  32
        0.54338        1.40190   1  33
        0.54338        1.44387   1  34
        0.54338        1.48165   1  35
        0.54338        1.51503   1  36
        0.54338        1.54411   1  37
        0.54338        1.61236   1  38
        0.54338        1.67343   1  39
        0.54338        1.75003   1  40
        0.54338        1.84595   1  41
        0.54338        1.90526   1  42
        0.54338        1.95346   1  43
        0.54338        2.03044   1  44
        0.54338        2.12308   1  45
        0.54338        2.21452   1  46
        0.54338        2.36934   1  47
        0.54338        2.41693   1  48
        0.54338        2.43366   1  49
        0.54338        2.51037   1  50
        0.55188       -0.41260   1   1
        0.55188       -0.38246   1   2
        0.55188       -0.34560   1   3
        0.55188       -0.30715   1   4
        0.55188       -0.27788   1   5
        0.55188       -0.23145   1   6
        0.55188       -0.16182   1   7
        0.55188       -0.13048   1   8
        0.55188       -0.11423   1   9
        0.55188       -0.09781   1  10
        0.55188       -0.06266   1  11
        0.55188       -0.05636   1  12
        0.55188       -0.03699   1  13
        0.55188       -0.01231   1  14
        0.55188       -0.00414   1  15
        0.55188        0.02468   1  16
        0.55188        0.04959   1  17
        0.55188        0.06690   1  18
        0.55188        0.17330   1  19
        0.55188        0.18759   1  20
        0.55188        0.19653   1  21
        0.55188        0.68104   1  22
        0.55188        0.69394   1  23
        0.55188        0.95534   1  24
        0.55188        1.03268   1  25
        0.55188        1.06580   1  26
        0.55188        1.11863   1  27
        0.55188        1.17985   1  28
        0.55188        1.25324   1  29
        0.55188        1.29634   1  30
        0.55188        1.31535   1  31
        0.55188        1.37817   1  32
        0.55188        1.40559   1  33
        0.55188        1.44423   1  34
        0.55188        1.48415   1  35
        0.55188        1.50677   1  36
        0.55188        1.55223   1  37
        0.55188        1.60734   1  38
        0.55188        1.66409   1  39
        0.55188        1.75594   1  40
        0.55188        1.84647   1  41
        0.55188        1.91170   1  42
        0.55188        1.96877   1  43
        0.55188        2.03114   1  44
        0.55188        2.13114   1  45
        0.55188        2.22476   1  46
        0.55188        2.37047   1  47
        0.55188        2.40790   1  48
        0.55188        2.43444   1  49
        0.55188        2.50698   1  50
        0.56038       -0.40635   1   1
        0.56038       -0.37964   1   2
        0.56038       -0.34157   1   3
        0.56038       -0.30228   1   4
        0.56038       -0.27572   1   5
        0.56038       -0.23515   1   6
        0.56038       -0.17292   1   7
        0.56038       -0.13469   1   8
        0.56038       -0.11495   1   9
        0.56038       -0.09399   1  10
        0.56038       -0.06272   1  11
        0.56038       -0.05230   1  12
        0.56038       -0.03466   1  13
        0.56038       -0.01540   1  14
        0.56038       -0.00599   1  15
        0.56038        0.02338   1  16
        0.56038        0.04900   1  17
        0.56038        0.06483   1  18
        0.56038        0.17235   1  19
        0.56038        0.18698   1  20
        0.56038        0.19757   1  21
        0.56038        0.68089   1  22
        0.56038        0.69405   1  23
        0.56038        0.97311   1  24
        0.56038        1.02889   1  25
        0.56038        1.05754   1  26
        0.56038        1.11679   1  27
        0.56038        1.16757   1  28
        0.56038        1.25507   1  29
        0.56038        1.29430   1  30
        0.56038        1.31436   1  31
        0.56038        1.37260   1  32
        0.56038        1.40865   1  33
        0.56038        1.44714   1  34
        0.56038        1.48403   1  35
        0.56038        1.50329   1  36
        0.56038        1.55872   1  37
        0.56038        1.60549   1  38
        0.56038        1.65675   1  39
        0.56038        1.76070   1  40
        0.56038        1.84535   1  41
        0.56038        1.91760   1  42
        0.56038        1.98191   1  43
        0.56038        2.03291   1  44
        0.56038        2.14104   1  45
        0.56038        2.23315   1  46
        0.56038        2.35936   1  47
        0.56038        2.40246   1  48
        0.56038        2.43823   1  49
        0.56038        2.50636   1  50
        0.56889       -0.40075   1   1
        0.56889       -0.37512   1   2
        0.56889       -0.33804   1   3
        0.56889       -0.29679   1   4
        0.56889       -0.27640   1   5
        0.56889       -0.23753   1   6
        0.56889       -0.18339   1   7
        0.56889       -0.14090   1   8
        0.56889       -0.11509   1   9
        0.56889       -0.08889   1  10
        0.56889       -0.06384   1  11
        0.56889       -0.04935   1  12
        0.56889       -0.03253   1  13
        0.56889       -0.01831   1  14
        0.56889       -0.00662   1  15
        0.56889        0.02148   1  16
        0.56889        0.04874   1  17
        0.56889        0.06276   1  18
        0.56889        0.17197   1  19
        0.56889        0.18608   1  20
        0.56889        0.19881   1  21
        0.56889        0.68064   1  22
        0.56889        0.69412   1  23
        0.56889        0.98868   1  24
        0.56889        1.02696   1  25
        0.56889        1.05139   1  26
        0.56889        1.11609   1  27
        0.56889        1.15606   1  28
        0.56889        1.25347   1  29
        0.56889        1.29176   1  30
        0.56889        1.31289   1  31
        0.56889        1.36993   1  32
        0.56889        1.41097   1  33
        0.56889        1.45017   1  34
        0.56889        1.48219   1  35
        0.56889        1.50454   1  36
        0.56889        1.56154   1  37
        0.56889        1.60884   1  38
        0.56889        1.65117   1  39
        0.56889        1.76290   1  40
        0.56889        1.84239   1  41
        0.56889        1.92288   1  42
        0.56889        1.99123   1  43
        0.56889        2.03561   1  44
        0.56889        2.15378   1  45
        0.56889        2.23865   1  46
        0.56889        2.33944   1  47
        0.56889        2.40299   1  48
        0.56889        2.44018   1  49
        0.56889        2.50813   1  50
        0.57739       -0.39601   1   1
        0.57739       -0.36908   1   2
        0.57739       -0.33583   1   3
        0.57739       -0.29123   1   4
        0.57739       -0.27993   1   5
        0.57739       -0.23607   1   6
        0.57739       -0.19281   1   7
        0.57739       -0.14741   1   8
        0.57739       -0.11578   1   9
        0.57739       -0.08467   1  10
        0.57739       -0.06555   1  11
        0.57739       -0.04712   1  12
        0.57739       -0.03285   1  13
        0.57739       -0.01860   1  14
        0.57739       -0.00696   1  15
        0.57739        0.01940   1  16
        0.57739        0.04837   1  17
        0.57739        0.06062   1  18
        0.57739        0.17223   1  19
        0.57739        0.18488   1  20
        0.57739        0.20026   1  21
        0.57739        0.68018   1  22
        0.57739        0.69409   1  23
        0.57739        1.00165   1  24
        0.57739        1.02699   1  25
        0.57739        1.04751   1  26
        0.57739        1.11696   1  27
        0.57739        1.14616   1  28
        0.57739        1.24950   1  29
        0.57739        1.28809   1  30
        0.57739        1.31071   1  31
        0.57739        1.37104   1  32
        0.57739        1.41228   1  33
        0.57739        1.45148   1  34
        0.57739        1.48238   1  35
        0.57739        1.50752   1  36
        0.57739        1.56089   1  37
        0.57739        1.61704   1  38
        0.57739        1.64698   1  39
        0.57739        1.76186   1  40
        0.57739        1.83752   1  41
        0.57739        1.92715   1  42
        0.57739        1.99644   1  43
        0.57739        2.03891   1  44
        0.57739        2.16829   1  45
        0.57739        2.23944   1  46
        0.57739        2.31993   1  47
        0.57739        2.40320   1  48
        0.57739        2.44113   1  49
        0.57739        2.51123   1  50
        0.58589       -0.39205   1   1
        0.58589       -0.36255   1   2
        0.58589       -0.33561   1   3
        0.58589       -0.28853   1   4
        0.58589       -0.28032   1   5
        0.58589       -0.23206   1   6
        0.58589       -0.20059   1   7
        0.58589       -0.15362   1   8
        0.58589       -0.11766   1   9
        0.58589       -0.08200   1  10
        0.58589       -0.06865   1  11
        0.58589       -0.04381   1  12
        0.58589       -0.03565   1  13
        0.58589       -0.01752   1  14
        0.58589       -0.00688   1  15
        0.58589        0.01755   1  16
        0.58589        0.04713   1  17
        0.58589        0.05877   1  18
        0.58589        0.17309   1  19
        0.58589        0.18342   1  20
        0.58589        0.20191   1  21
        0.58589        0.67948   1  22
        0.58589        0.69388   1  23
        0.58589        1.01158   1  24
        0.58589        1.02915   1  25
        0.58589        1.04585   1  26
        0.58589        1.11924   1  27
        0.58589        1.13883   1  28
        0.58589        1.24437   1  29
        0.58589        1.28322   1  30
        0.58589        1.30881   1  31
        0.58589        1.37463   1  32
        0.58589        1.41225   1  33
        0.58589        1.45146   1  34
        0.58589        1.48509   1  35
        0.58589        1.51084   1  36
        0.58589        1.55871   1  37
        0.58589        1.62768   1  38
        0.58589        1.64381   1  39
        0.58589        1.75770   1  40
        0.58589        1.83110   1  41
        0.58589        1.92957   1  42
        0.58589        1.99867   1  43
        0.58589        2.04263   1  44
        0.58589        2.17809   1  45
        0.58589        2.23560   1  46
        0.58589        2.30812   1  47
        0.58589        2.40114   1  48
        0.58589        2.44195   1  49
        0.58589        2.51455   1  50
        0.59439       -0.38874   1   1
        0.59439       -0.35855   1   2
        0.59439       -0.33550   1   3
        0.59439       -0.28875   1   4
        0.59439       -0.27457   1   5
        0.59439       -0.22912   1   6
        0.59439       -0.20481   1   7
        0.59439       -0.15929   1   8
        0.59439       -0.12110   1   9
        0.59439       -0.08058   1  10
        0.59439       -0.07292   1  11
        0.59439       -0.04072   1  12
        0.59439       -0.03823   1  13
        0.59439       -0.01758   1  14
        0.59439       -0.00597   1  15
        0.59439        0.01629   1  16
        0.59439        0.04419   1  17
        0.59439        0.05783   1  18
        0.59439        0.17445   1  19
        0.59439        0.18175   1  20
        0.59439        0.20373   1  21
        0.59439        0.67860   1  22
        0.59439        0.69346   1  23
        0.59439        1.01845   1  24
        0.59439        1.03327   1  25
        0.59439        1.04626   1  26
        0.59439        1.12145   1  27
        0.59439        1.13590   1  28
        0.59439        1.23899   1  29
        0.59439        1.27788   1  30
        0.59439        1.30776   1  31
        0.59439        1.37865   1  32
        0.59439        1.41068   1  33
        0.59439        1.45197   1  34
        0.59439        1.48848   1  35
        0.59439        1.51412   1  36
        0.59439        1.55655   1  37
        0.59439        1.63761   1  38
        0.59439        1.64234   1  39
        0.59439        1.75117   1  40
        0.59439        1.82412   1  41
        0.59439        1.92915   1  42
        0.59439        1.99946   1  43
        0.59439        2.04700   1  44
        0.59439        2.16927   1  45
        0.59439        2.23747   1  46
        0.59439        2.30614   1  47
        0.59439        2.39754   1  48
        0.59439        2.44264   1  49
        0.59439        2.51738   1  50
        0.60290       -0.38621   1   1
        0.60290       -0.36092   1   2
        0.60290       -0.33070   1   3
        0.60290       -0.28710   1   4
        0.60290       -0.26736   1   5
        0.60290       -0.23068   1   6
        0.60290       -0.20316   1   7
        0.60290       -0.16424   1   8
        0.60290       -0.12612   1   9
        0.60290       -0.08003   1  10
        0.60290       -0.07773   1  11
        0.60290       -0.04254   1  12
        0.60290       -0.03664   1  13
        0.60290       -0.01866   1  14
        0.60290       -0.00450   1  15
        0.60290        0.01577   1  16
        0.60290        0.03962   1  17
        0.60290        0.05770   1  18
        0.60290        0.17603   1  19
        0.60290        0.18003   1  20
        0.60290        0.20563   1  21
        0.60290        0.67764   1  22
        0.60290        0.69280   1  23
        0.60290        1.02330   1  24
        0.60290        1.03779   1  25
        0.60290        1.04906   1  26
        0.60290        1.12136   1  27
        0.60290        1.13923   1  28
        0.60290        1.23402   1  29
        0.60290        1.27279   1  30
        0.60290        1.30761   1  31
        0.60290        1.38102   1  32
        0.60290        1.40790   1  33
        0.60290        1.45426   1  34
        0.60290        1.49119   1  35
        0.60290        1.51700   1  36
        0.60290        1.55519   1  37
        0.60290        1.63789   1  38
        0.60290        1.64986   1  39
        0.60290        1.74326   1  40
        0.60290        1.81804   1  41
        0.60290        1.92532   1  42
        0.60290        1.99979   1  43
        0.60290        2.05232   1  44
        0.60290        2.14235   1  45
        0.60290        2.24622   1  46
        0.60290        2.31049   1  47
        0.60290        2.39412   1  48
        0.60290        2.44320   1  49
        0.60290        2.51931   1  50
        0.60290       -0.38611   1   1
        0.60290       -0.36078   1   2
        0.60290       -0.33076   1   3
        0.60290       -0.28688   1   4
        0.60290       -0.26773   1   5
        0.60290       -0.23071   1   6
        0.60290       -0.20377   1   7
        0.60290       -0.16405   1   8
        0.60290       -0.12648   1   9
        0.60290       -0.07978   1  10
        0.60290       -0.07808   1  11
        0.60290       -0.04268   1  12
        0.60290       -0.03666   1  13
        0.60290       -0.01855   1  14
        0.60290       -0.00409   1  15
        0.60290        0.01588   1  16
        0.60290        0.03982   1  17
        0.60290        0.05763   1  18
        0.60290        0.17614   1  19
        0.60290        0.18008   1  20
        0.60290        0.20561   1  21
        0.60290        0.67776   1  22
        0.60290        0.69239   1  23
        0.60290        1.02395   1  24
        0.60290        1.03739   1  25
        0.60290        1.04899   1  26
        0.60290        1.12265   1  27
        0.60290        1.13977   1  28
        0.60290        1.23339   1  29
        0.60290        1.27375   1  30
        0.60290        1.30782   1  31
        0.60290        1.38031   1  32
        0.60290        1.40859   1  33
        0.60290        1.45456   1  34
        0.60290        1.49029   1  35
        0.60290        1.51749   1  36
        0.60290        1.55484   1  37
        0.60290        1.63703   1  38
        0.60290        1.64953   1  39
        0.60290        1.74423   1  40
        0.60290        1.81874   1  41
        0.60290        1.92426   1  42
        0.60290        1.99892   1  43
        0.60290        2.05290   1  44
        0.60290        2.14192   1  45
        0.60290        2.24583   1  46
        0.60290        2.31187   1  47
        0.60290        2.39445   1  48
        0.60290        2.44391   1  49
        0.60290        2.51892   1  50
        0.61395       -0.38546   1   1
        0.61395       -0.36803   1   2
        0.61395       -0.31902   1   3
        0.61395       -0.28269   1   4
        0.61395       -0.25789   1   5
        0.61395       -0.23653   1   6
        0.61395       -0.19719   1   7
        0.61395       -0.16888   1   8
        0.61395       -0.13436   1   9
        0.61395       -0.08480   1  10
        0.61395       -0.08007   1  11
        0.61395       -0.04555   1  12
        0.61395       -0.03574   1  13
        0.61395       -0.02069   1  14
        0.61395       -0.00189   1  15
        0.61395        0.01619   1  16
        0.61395        0.03281   1  17
        0.61395        0.05791   1  18
        0.61395        0.17649   1  19
        0.61395        0.17973   1  20
        0.61395        0.20798   1  21
        0.61395        0.67659   1  22
        0.61395        0.69141   1  23
        0.61395        1.02837   1  24
        0.61395        1.04144   1  25
        0.61395        1.05670   1  26
        0.61395        1.12115   1  27
        0.61395        1.14887   1  28
        0.61395        1.22871   1  29
        0.61395        1.26807   1  30
        0.61395        1.30863   1  31
        0.61395        1.37692   1  32
        0.61395        1.40571   1  33
        0.61395        1.45910   1  34
        0.61395        1.49299   1  35
        0.61395        1.51972   1  36
        0.61395        1.55431   1  37
        0.61395        1.63543   1  38
        0.61395        1.65962   1  39
        0.61395        1.73374   1  40
        0.61395        1.81387   1  41
        0.61395        1.91711   1  42
        0.61395        1.99951   1  43
        0.61395        2.06059   1  44
        0.61395        2.09898   1  45
        0.61395        2.25266   1  46
        0.61395        2.32066   1  47
        0.61395        2.39189   1  48
        0.61395        2.44657   1  49
        0.61395        2.51988   1  50
        0.62500       -0.38981   1   1
        0.62500       -0.37142   1   2
        0.62500       -0.30600   1   3
        0.62500       -0.27830   1   4
        0.62500       -0.25060   1   5
        0.62500       -0.23910   1   6
        0.62500       -0.19288   1   7
        0.62500       -0.17154   1   8
        0.62500       -0.14121   1   9
        0.62500       -0.09150   1  10
        0.62500       -0.08138   1  11
        0.62500       -0.04775   1  12
        0.62500       -0.03566   1  13
        0.62500       -0.02380   1  14
        0.62500       -0.00065   1  15
        0.62500        0.01717   1  16
        0.62500        0.02630   1  17
        0.62500        0.05816   1  18
        0.62500        0.17448   1  19
        0.62500        0.18171   1  20
        0.62500        0.21012   1  21
        0.62500        0.67559   1  22
        0.62500        0.69036   1  23
        0.62500        1.03153   1  24
        0.62500        1.04407   1  25
        0.62500        1.06799   1  26
        0.62500        1.12079   1  27
        0.62500        1.15898   1  28
        0.62500        1.22538   1  29
        0.62500        1.26310   1  30
        0.62500        1.31114   1  31
        0.62500        1.36674   1  32
        0.62500        1.40442   1  33
        0.62500        1.46483   1  34
        0.62500        1.49548   1  35
        0.62500        1.51922   1  36
        0.62500        1.55437   1  37
        0.62500        1.63639   1  38
        0.62500        1.66333   1  39
        0.62500        1.72650   1  40
        0.62500        1.81221   1  41
        0.62500        1.90494   1  42
        0.62500        1.99762   1  43
        0.62500        2.05544   1  44
        0.62500        2.07578   1  45
        0.62500        2.25110   1  46
        0.62500        2.32801   1  47
        0.62500        2.39303   1  48
        0.62500        2.45235   1  49
        0.62500        2.51818   1  50
        0.63605       -0.39638   1   1
        0.63605       -0.37122   1   2
        0.63605       -0.29416   1   3
        0.63605       -0.27496   1   4
        0.63605       -0.25144   1   5
        0.63605       -0.23198   1   6
        0.63605       -0.19342   1   7
        0.63605       -0.17410   1   8
        0.63605       -0.14343   1   9
        0.63605       -0.09775   1  10
        0.63605       -0.08301   1  11
        0.63605       -0.04940   1  12
        0.63605       -0.03527   1  13
        0.63605       -0.02725   1  14
        0.63605       -0.00145   1  15
        0.63605        0.01732   1  16
        0.63605        0.02291   1  17
        0.63605        0.05821   1  18
        0.63605        0.17257   1  19
        0.63605        0.18351   1  20
        0.63605        0.21185   1  21
        0.63605        0.67486   1  22
        0.63605        0.68942   1  23
        0.63605        1.03327   1  24
        0.63605        1.04630   1  25
        0.63605        1.08125   1  26
        0.63605        1.12137   1  27
        0.63605        1.16684   1  28
        0.63605        1.22322   1  29
        0.63605        1.25866   1  30
        0.63605        1.31481   1  31
        0.63605        1.35310   1  32
        0.63605        1.40378   1  33
        0.63605        1.47031   1  34
        0.63605        1.49865   1  35
        0.63605        1.51733   1  36
        0.63605        1.55397   1  37
        0.63605        1.63808   1  38
        0.63605        1.66136   1  39
        0.63605        1.72291   1  40
        0.63605        1.81232   1  41
        0.63605        1.89146   1  42
        0.63605        1.99116   1  43
        0.63605        2.03505   1  44
        0.63605        2.08217   1  45
        0.63605        2.24562   1  46
        0.63605        2.33106   1  47
        0.63605        2.39538   1  48
        0.63605        2.46227   1  49
        0.63605        2.51371   1  50
        0.64710       -0.40117   1   1
        0.64710       -0.37049   1   2
        0.64710       -0.28603   1   3
        0.64710       -0.27231   1   4
        0.64710       -0.25410   1   5
        0.64710       -0.22291   1   6
        0.64710       -0.19695   1   7
        0.64710       -0.17765   1   8
        0.64710       -0.14168   1   9
        0.64710       -0.10247   1  10
        0.64710       -0.08419   1  11
        0.64710       -0.05038   1  12
        0.64710       -0.03532   1  13
        0.64710       -0.02947   1  14
        0.64710       -0.00318   1  15
        0.64710        0.01539   1  16
        0.64710        0.02345   1  17
        0.64710        0.05819   1  18
        0.64710        0.17124   1  19
        0.64710        0.18471   1  20
        0.64710        0.21297   1  21
        0.64710        0.67441   1  22
        0.64710        0.68877   1  23
        0.64710        1.03390   1  24
        0.64710        1.04797   1  25
        0.64710        1.09329   1  26
        0.64710        1.12213   1  27
        0.64710        1.17054   1  28
        0.64710        1.22214   1  29
        0.64710        1.25536   1  30
        0.64710        1.31828   1  31
        0.64710        1.34107   1  32
        0.64710        1.40343   1  33
        0.64710        1.47394   1  34
        0.64710        1.50203   1  35
        0.64710        1.51556   1  36
        0.64710        1.55332   1  37
        0.64710        1.63825   1  38
        0.64710        1.65803   1  39
        0.64710        1.72136   1  40
        0.64710        1.81284   1  41
        0.64710        1.88180   1  42
        0.64710        1.98358   1  43
        0.64710        2.02630   1  44
        0.64710        2.08767   1  45
        0.64710        2.24058   1  46
        0.64710        2.33160   1  47
        0.64710        2.39656   1  48
        0.64710        2.47393   1  49
        0.64710        2.50697   1  50
        0.65815       -0.40284   1   1
        0.65815       -0.37019   1   2
        0.65815       -0.28351   1   3
        0.65815       -0.27076   1   4
        0.65815       -0.25549   1   5
        0.65815       -0.21818   1   6
        0.65815       -0.19961   1   7
        0.65815       -0.17921   1   8
        0.65815       -0.14041   1   9
        0.65815       -0.10427   1  10
        0.65815       -0.08462   1  11
        0.65815       -0.05069   1  12
        0.65815       -0.03576   1  13
        0.65815       -0.02983   1  14
        0.65815       -0.00406   1  15
        0.65815        0.01437   1  16
        0.65815        0.02400   1  17
        0.65815        0.05825   1  18
        0.65815        0.17072   1  19
        0.65815        0.18520   1  20
        0.65815        0.21337   1  21
        0.65815        0.67421   1  22
        0.65815        0.68856   1  23
        0.65815        1.03398   1  24
        0.65815        1.04855   1  25
        0.65815        1.09847   1  26
        0.65815        1.12254   1  27
        0.65815        1.17111   1  28
        0.65815        1.22180   1  29
        0.65815        1.25397   1  30
        0.65815        1.31994   1  31
        0.65815        1.33597   1  32
        0.65815        1.40349   1  33
        0.65815        1.47489   1  34
        0.65815        1.50343   1  35
        0.65815        1.51506   1  36
        0.65815        1.55306   1  37
        0.65815        1.63787   1  38
        0.65815        1.65681   1  39
        0.65815        1.72089   1  40
        0.65815        1.81335   1  41
        0.65815        1.87863   1  42
        0.65815        1.98047   1  43
        0.65815        2.02417   1  44
        0.65815        2.08908   1  45
        0.65815        2.23853   1  46
        0.65815        2.33162   1  47
        0.65815        2.39649   1  48
        0.65815        2.48060   1  49
        0.65815        2.50191   1  50
        0.65815       -0.40284   1   1
        0.65815       -0.37019   1   2
        0.65815       -0.28351   1   3
        0.65815       -0.27076   1   4
        0.65815       -0.25549   1   5
        0.65815       -0.21818   1   6
        0.65815       -0.19961   1   7
        0.65815       -0.17921   1   8
        0.65815       -0.14041   1   9
        0.65815       -0.10427   1  10
        0.65815       -0.08462   1  11
        0.65815       -0.05069   1  12
        0.65815       -0.03576   1  13
        0.65815       -0.02983   1  14
        0.65815       -0.00406   1  15
        0.65815        0.01437   1  16
        0.65815        0.02400   1  17
        0.65815        0.05825   1  18
        0.65815        0.17072   1  19
        0.65815        0.18520   1  20
        0.65815        0.21337   1  21
        0.65815        0.67421   1  22
        0.65815        0.68856   1  23
        0.65815        1.03398   1  24
        0.65815        1.04855   1  25
        0.65815        1.09847   1  26
        0.65815        1.12254   1  27
        0.65815        1.17111   1  28
        0.65815        1.22180   1  29
        0.65815        1.25397   1  30
        0.65815        1.31994   1  31
        0.65815        1.33597   1  32
        0.65815        1.40349   1  33
        0.65815        1.47489   1  34
        0.65815        1.50343   1  35
        0.65815        1.51506   1  36
        0.65815        1.55306   1  37
        0.65815        1.63787   1  38
        0.65815        1.65681   1  39
        0.65815        1.72089   1  40
        0.65815        1.81335   1  41
        0.65815        1.87863   1  42
        0.65815        1.98047   1  43
        0.65815        2.02417   1  44
        0.65815        2.08908   1  45
        0.65815        2.23853   1  46
        0.65815        2.33162   1  47
        0.65815        2.39649   1  48
        0.65815        2.48060   1  49
        0.65815        2.50191   1  50
        0.66707       -0.40302   1   1
        0.66707       -0.37070   1   2
        0.66707       -0.28553   1   3
        0.66707       -0.27347   1   4
        0.66707       -0.25669   1   5
        0.66707       -0.21442   1   6
        0.66707       -0.20038   1   7
        0.66707       -0.17611   1   8
        0.66707       -0.13966   1   9
        0.66707       -0.10340   1  10
        0.66707       -0.08570   1  11
        0.66707       -0.05261   1  12
        0.66707       -0.03796   1  13
        0.66707       -0.02610   1  14
        0.66707       -0.00600   1  15
        0.66707        0.01318   1  16
        0.66707        0.02735   1  17
        0.66707        0.05822   1  18
        0.66707        0.17111   1  19
        0.66707        0.18518   1  20
        0.66707        0.21323   1  21
        0.66707        0.67403   1  22
        0.66707        0.68881   1  23
        0.66707        1.02773   1  24
        0.66707        1.05005   1  25
        0.66707        1.10239   1  26
        0.66707        1.12310   1  27
        0.66707        1.17193   1  28
        0.66707        1.22218   1  29
        0.66707        1.25526   1  30
        0.66707        1.31879   1  31
        0.66707        1.33757   1  32
        0.66707        1.40363   1  33
        0.66707        1.47246   1  34
        0.66707        1.50424   1  35
        0.66707        1.51546   1  36
        0.66707        1.55358   1  37
        0.66707        1.63869   1  38
        0.66707        1.65579   1  39
        0.66707        1.72179   1  40
        0.66707        1.81365   1  41
        0.66707        1.88096   1  42
        0.66707        1.98128   1  43
        0.66707        2.02453   1  44
        0.66707        2.09213   1  45
        0.66707        2.23743   1  46
        0.66707        2.33185   1  47
        0.66707        2.39813   1  48
        0.66707        2.47976   1  49
        0.66707        2.50273   1  50
        0.67599       -0.40372   1   1
        0.67599       -0.37220   1   2
        0.67599       -0.29132   1   3
        0.67599       -0.27867   1   4
        0.67599       -0.26054   1   5
        0.67599       -0.21074   1   6
        0.67599       -0.19560   1   7
        0.67599       -0.16939   1   8
        0.67599       -0.13759   1   9
        0.67599       -0.10118   1  10
        0.67599       -0.08886   1  11
        0.67599       -0.05757   1  12
        0.67599       -0.03905   1  13
        0.67599       -0.02120   1  14
        0.67599       -0.01092   1  15
        0.67599        0.01312   1  16
        0.67599        0.03373   1  17
        0.67599        0.05817   1  18
        0.67599        0.17189   1  19
        0.67599        0.18532   1  20
        0.67599        0.21269   1  21
        0.67599        0.67346   1  22
        0.67599        0.68936   1  23
        0.67599        1.01364   1  24
        0.67599        1.05291   1  25
        0.67599        1.11035   1  26
        0.67599        1.12528   1  27
        0.67599        1.17405   1  28
        0.67599        1.22298   1  29
        0.67599        1.25935   1  30
        0.67599        1.31680   1  31
        0.67599        1.34142   1  32
        0.67599        1.40413   1  33
        0.67599        1.46532   1  34
        0.67599        1.50603   1  35
        0.67599        1.51726   1  36
        0.67599        1.55476   1  37
        0.67599        1.63955   1  38
        0.67599        1.65387   1  39
        0.67599        1.72408   1  40
        0.67599        1.81492   1  41
        0.67599        1.88722   1  42
        0.67599        1.98093   1  43
        0.67599        2.02511   1  44
        0.67599        2.09894   1  45
        0.67599        2.23149   1  46
        0.67599        2.33222   1  47
        0.67599        2.40260   1  48
        0.67599        2.47647   1  49
        0.67599        2.50360   1  50
        0.68491       -0.40504   1   1
        0.68491       -0.37444   1   2
        0.68491       -0.29950   1   3
        0.68491       -0.28389   1   4
        0.68491       -0.26631   1   5
        0.68491       -0.21254   1   6
        0.68491       -0.18223   1   7
        0.68491       -0.16169   1   8
        0.68491       -0.13458   1   9
        0.68491       -0.09854   1  10
        0.68491       -0.09323   1  11
        0.68491       -0.06277   1  12
        0.68491       -0.03924   1  13
        0.68491       -0.01912   1  14
        0.68491       -0.01467   1  15
        0.68491        0.01500   1  16
        0.68491        0.04062   1  17
        0.68491        0.05810   1  18
        0.68491        0.17303   1  19
        0.68491        0.18561   1  20
        0.68491        0.21179   1  21
        0.68491        0.67268   1  22
        0.68491        0.69016   1  23
        0.68491        0.99600   1  24
        0.68491        1.05650   1  25
        0.68491        1.11543   1  26
        0.68491        1.13152   1  27
        0.68491        1.17724   1  28
        0.68491        1.22431   1  29
        0.68491        1.26540   1  30
        0.68491        1.31577   1  31
        0.68491        1.34648   1  32
        0.68491        1.40472   1  33
        0.68491        1.45604   1  34
        0.68491        1.50790   1  35
        0.68491        1.52004   1  36
        0.68491        1.55665   1  37
        0.68491        1.63470   1  38
        0.68491        1.65723   1  39
        0.68491        1.72701   1  40
        0.68491        1.81768   1  41
        0.68491        1.89331   1  42
        0.68491        1.97834   1  43
        0.68491        2.02771   1  44
        0.68491        2.10957   1  45
        0.68491        2.22132   1  46
        0.68491        2.33258   1  47
        0.68491        2.40915   1  48
        0.68491        2.47099   1  49
        0.68491        2.50516   1  50
        0.69383       -0.40715   1   1
        0.69383       -0.37695   1   2
        0.69383       -0.30827   1   3
        0.69383       -0.28908   1   4
        0.69383       -0.27274   1   5
        0.69383       -0.21571   1   6
        0.69383       -0.16799   1   7
        0.69383       -0.15396   1   8
        0.69383       -0.13118   1   9
        0.69383       -0.09901   1  10
        0.69383       -0.09464   1  11
        0.69383       -0.06570   1  12
        0.69383       -0.04094   1  13
        0.69383       -0.02193   1  14
        0.69383       -0.01205   1  15
        0.69383        0.01785   1  16
        0.69383        0.04720   1  17
        0.69383        0.05820   1  18
        0.69383        0.17447   1  19
        0.69383        0.18598   1  20
        0.69383        0.21057   1  21
        0.69383        0.67197   1  22
        0.69383        0.69111   1  23
        0.69383        0.97628   1  24
        0.69383        1.06077   1  25
        0.69383        1.11633   1  26
        0.69383        1.14033   1  27
        0.69383        1.18105   1  28
        0.69383        1.22720   1  29
        0.69383        1.27143   1  30
        0.69383        1.31778   1  31
        0.69383        1.35202   1  32
        0.69383        1.40481   1  33
        0.69383        1.44720   1  34
        0.69383        1.50754   1  35
        0.69383        1.52528   1  36
        0.69383        1.55920   1  37
        0.69383        1.62534   1  38
        0.69383        1.66541   1  39
        0.69383        1.72970   1  40
        0.69383        1.82161   1  41
        0.69383        1.89634   1  42
        0.69383        1.97248   1  43
        0.69383        2.03346   1  44
        0.69383        2.12316   1  45
        0.69383        2.20778   1  46
        0.69383        2.33263   1  47
        0.69383        2.41624   1  48
        0.69383        2.46486   1  49
        0.69383        2.50792   1  50
        0.70275       -0.41023   1   1
        0.70275       -0.37915   1   2
        0.70275       -0.31697   1   3
        0.70275       -0.29392   1   4
        0.70275       -0.27888   1   5
        0.70275       -0.21986   1   6
        0.70275       -0.15866   1   7
        0.70275       -0.14640   1   8
        0.70275       -0.12745   1   9
        0.70275       -0.10123   1  10
        0.70275       -0.09111   1  11
        0.70275       -0.06698   1  12
        0.70275       -0.04408   1  13
        0.70275       -0.02206   1  14
        0.70275       -0.00863   1  15
        0.70275        0.02072   1  16
        0.70275        0.05246   1  17
        0.70275        0.05940   1  18
        0.70275        0.17613   1  19
        0.70275        0.18636   1  20
        0.70275        0.20906   1  21
        0.70275        0.67166   1  22
        0.70275        0.69211   1  23
        0.70275        0.95480   1  24
        0.70275        1.06558   1  25
        0.70275        1.11481   1  26
        0.70275        1.14780   1  27
        0.70275        1.18567   1  28
        0.70275        1.23276   1  29
        0.70275        1.27569   1  30
        0.70275        1.32426   1  31
        0.70275        1.35736   1  32
        0.70275        1.40345   1  33
        0.70275        1.44115   1  34
        0.70275        1.50472   1  35
        0.70275        1.53256   1  36
        0.70275        1.56216   1  37
        0.70275        1.61582   1  38
        0.70275        1.67542   1  39
        0.70275        1.73155   1  40
        0.70275        1.82579   1  41
        0.70275        1.89592   1  42
        0.70275        1.96359   1  43
        0.70275        2.04158   1  44
        0.70275        2.13733   1  45
        0.70275        2.19182   1  46
        0.70275        2.33205   1  47
        0.70275        2.42045   1  48
        0.70275        2.46189   1  49
        0.70275        2.51200   1  50
        0.71167       -0.41432   1   1
        0.71167       -0.38053   1   2
        0.71167       -0.32545   1   3
        0.71167       -0.29773   1   4
        0.71167       -0.28445   1   5
        0.71167       -0.22516   1   6
        0.71167       -0.15915   1   7
        0.71167       -0.13990   1   8
        0.71167       -0.12043   1   9
        0.71167       -0.10330   1  10
        0.71167       -0.08217   1  11
        0.71167       -0.06977   1  12
        0.71167       -0.04461   1  13
        0.71167       -0.01990   1  14
        0.71167       -0.00501   1  15
        0.71167        0.02287   1  16
        0.71167        0.05512   1  17
        0.71167        0.06325   1  18
        0.71167        0.17792   1  19
        0.71167        0.18671   1  20
        0.71167        0.20731   1  21
        0.71167        0.67199   1  22
        0.71167        0.69311   1  23
        0.71167        0.93167   1  24
        0.71167        1.07076   1  25
        0.71167        1.11050   1  26
        0.71167        1.15289   1  27
        0.71167        1.19230   1  28
        0.71167        1.24059   1  29
        0.71167        1.27882   1  30
        0.71167        1.33426   1  31
        0.71167        1.36175   1  32
        0.71167        1.40004   1  33
        0.71167        1.43960   1  34
        0.71167        1.50049   1  35
        0.71167        1.53971   1  36
        0.71167        1.56485   1  37
        0.71167        1.60987   1  38
        0.71167        1.68591   1  39
        0.71167        1.73255   1  40
        0.71167        1.82923   1  41
        0.71167        1.89304   1  42
        0.71167        1.95270   1  43
        0.71167        2.05051   1  44
        0.71167        2.14865   1  45
        0.71167        2.17470   1  46
        0.71167        2.33071   1  47
        0.71167        2.41757   1  48
        0.71167        2.46652   1  49
        0.71167        2.51731   1  50
        0.72059       -0.41931   1   1
        0.72059       -0.38085   1   2
        0.72059       -0.33340   1   3
        0.72059       -0.30003   1   4
        0.72059       -0.28963   1   5
        0.72059       -0.23159   1   6
        0.72059       -0.16698   1   7
        0.72059       -0.13480   1   8
        0.72059       -0.11102   1   9
        0.72059       -0.10636   1  10
        0.72059       -0.07676   1  11
        0.72059       -0.06637   1  12
        0.72059       -0.04119   1  13
        0.72059       -0.01650   1  14
        0.72059       -0.00135   1  15
        0.72059        0.02405   1  16
        0.72059        0.05696   1  17
        0.72059        0.06832   1  18
        0.72059        0.17971   1  19
        0.72059        0.18693   1  20
        0.72059        0.20538   1  21
        0.72059        0.67310   1  22
        0.72059        0.69407   1  23
        0.72059        0.90723   1  24
        0.72059        1.07577   1  25
        0.72059        1.10289   1  26
        0.72059        1.15744   1  27
        0.72059        1.20110   1  28
        0.72059        1.24872   1  29
        0.72059        1.28273   1  30
        0.72059        1.34532   1  31
        0.72059        1.36440   1  32
        0.72059        1.39613   1  33
        0.72059        1.44229   1  34
        0.72059        1.49584   1  35
        0.72059        1.54383   1  36
        0.72059        1.56746   1  37
        0.72059        1.61044   1  38
        0.72059        1.69609   1  39
        0.72059        1.73359   1  40
        0.72059        1.83114   1  41
        0.72059        1.88873   1  42
        0.72059        1.94072   1  43
        0.72059        2.05901   1  44
        0.72059        2.15079   1  45
        0.72059        2.16126   1  46
        0.72059        2.32868   1  47
        0.72059        2.40867   1  48
        0.72059        2.47730   1  49
        0.72059        2.52360   1  50
        0.72952       -0.42494   1   1
        0.72952       -0.38010   1   2
        0.72952       -0.34032   1   3
        0.72952       -0.30075   1   4
        0.72952       -0.29465   1   5
        0.72952       -0.23883   1   6
        0.72952       -0.17769   1   7
        0.72952       -0.13034   1   8
        0.72952       -0.11492   1   9
        0.72952       -0.09866   1  10
        0.72952       -0.07983   1  11
        0.72952       -0.05325   1  12
        0.72952       -0.03505   1  13
        0.72952       -0.01192   1  14
        0.72952        0.00203   1  15
        0.72952        0.02490   1  16
        0.72952        0.05949   1  17
        0.72952        0.07313   1  18
        0.72952        0.18136   1  19
        0.72952        0.18697   1  20
        0.72952        0.20338   1  21
        0.72952        0.67499   1  22
        0.72952        0.69496   1  23
        0.72952        0.88223   1  24
        0.72952        1.07736   1  25
        0.72952        1.09565   1  26
        0.72952        1.16337   1  27
        0.72952        1.21064   1  28
        0.72952        1.25516   1  29
        0.72952        1.28853   1  30
        0.72952        1.35332   1  31
        0.72952        1.36643   1  32
        0.72952        1.39495   1  33
        0.72952        1.44749   1  34
        0.72952        1.49160   1  35
        0.72952        1.54340   1  36
        0.72952        1.57228   1  37
        0.72952        1.61645   1  38
        0.72952        1.70527   1  39
        0.72952        1.73636   1  40
        0.72952        1.83097   1  41
        0.72952        1.88358   1  42
        0.72952        1.92846   1  43
        0.72952        2.06585   1  44
        0.72952        2.13605   1  45
        0.72952        2.15955   1  46
        0.72952        2.32602   1  47
        0.72952        2.39669   1  48
        0.72952        2.49045   1  49
        0.72952        2.53049   1  50
        0.73844       -0.43091   1   1
        0.73844       -0.37843   1   2
        0.73844       -0.34574   1   3
        0.73844       -0.30026   1   4
        0.73844       -0.29957   1   5
        0.73844       -0.24633   1   6
        0.73844       -0.18914   1   7
        0.73844       -0.12800   1   8
        0.73844       -0.12220   1   9
        0.73844       -0.09272   1  10
        0.73844       -0.07710   1  11
        0.73844       -0.04505   1  12
        0.73844       -0.02724   1  13
        0.73844       -0.00593   1  14
        0.73844        0.00621   1  15
        0.73844        0.02661   1  16
        0.73844        0.06286   1  17
        0.73844        0.07724   1  18
        0.73844        0.18266   1  19
        0.73844        0.18686   1  20
        0.73844        0.20145   1  21
        0.73844        0.67751   1  22
        0.73844        0.69579   1  23
        0.73844        0.85765   1  24
        0.73844        1.06816   1  25
        0.73844        1.09785   1  26
        0.73844        1.17094   1  27
        0.73844        1.21906   1  28
        0.73844        1.25987   1  29
        0.73844        1.29535   1  30
        0.73844        1.35206   1  31
        0.73844        1.37259   1  32
        0.73844        1.39901   1  33
        0.73844        1.45355   1  34
        0.73844        1.48835   1  35
        0.73844        1.54169   1  36
        0.73844        1.57920   1  37
        0.73844        1.62411   1  38
        0.73844        1.71332   1  39
        0.73844        1.74232   1  40
        0.73844        1.82847   1  41
        0.73844        1.87774   1  42
        0.73844        1.91667   1  43
        0.73844        2.06970   1  44
        0.73844        2.11959   1  45
        0.73844        2.15649   1  46
        0.73844        2.32258   1  47
        0.73844        2.38280   1  48
        0.73844        2.50402   1  49
        0.73844        2.53751   1  50
        0.74736       -0.43689   1   1
        0.74736       -0.37601   1   2
        0.74736       -0.34935   1   3
        0.74736       -0.30541   1   4
        0.74736       -0.29805   1   5
        0.74736       -0.25333   1   6
        0.74736       -0.20052   1   7
        0.74736       -0.13659   1   8
        0.74736       -0.12005   1   9
        0.74736       -0.09226   1  10
        0.74736       -0.06848   1  11
        0.74736       -0.04209   1  12
        0.74736       -0.02184   1  13
        0.74736       -0.00067   1  14
        0.74736        0.01515   1  15
        0.74736        0.02995   1  16
        0.74736        0.06679   1  17
        0.74736        0.08046   1  18
        0.74736        0.18315   1  19
        0.74736        0.18696   1  20
        0.74736        0.19969   1  21
        0.74736        0.68042   1  22
        0.74736        0.69652   1  23
        0.74736        0.83459   1  24
        0.74736        1.05380   1  25
        0.74736        1.10562   1  26
        0.74736        1.17945   1  27
        0.74736        1.22435   1  28
        0.74736        1.26465   1  29
        0.74736        1.30121   1  30
        0.74736        1.34568   1  31
        0.74736        1.37977   1  32
        0.74736        1.40823   1  33
        0.74736        1.45950   1  34
        0.74736        1.48607   1  35
        0.74736        1.54247   1  36
        0.74736        1.58665   1  37
        0.74736        1.63043   1  38
        0.74736        1.72115   1  39
        0.74736        1.75099   1  40
        0.74736        1.82379   1  41
        0.74736        1.87135   1  42
        0.74736        1.90595   1  43
        0.74736        2.06919   1  44
        0.74736        2.10517   1  45
        0.74736        2.15151   1  46
        0.74736        2.31812   1  47
        0.74736        2.36745   1  48
        0.74736        2.51718   1  49
        0.74736        2.54419   1  50
        0.75628       -0.44257   1   1
        0.75628       -0.37302   1   2
        0.75628       -0.35111   1   3
        0.75628       -0.31164   1   4
        0.75628       -0.29512   1   5
        0.75628       -0.25909   1   6
        0.75628       -0.21167   1   7
        0.75628       -0.14756   1   8
        0.75628       -0.11569   1   9
        0.75628       -0.09302   1  10
        0.75628       -0.06120   1  11
        0.75628       -0.04097   1  12
        0.75628       -0.01956   1  13
        0.75628        0.00366   1  14
        0.75628        0.02462   1  15
        0.75628        0.03748   1  16
        0.75628        0.07098   1  17
        0.75628        0.08271   1  18
        0.75628        0.18247   1  19
        0.75628        0.18770   1  20
        0.75628        0.19819   1  21
        0.75628        0.68347   1  22
        0.75628        0.69708   1  23
        0.75628        0.81390   1  24
        0.75628        1.03915   1  25
        0.75628        1.11536   1  26
        0.75628        1.18795   1  27
        0.75628        1.22542   1  28
        0.75628        1.27095   1  29
        0.75628        1.30490   1  30
        0.75628        1.33795   1  31
        0.75628        1.38727   1  32
        0.75628        1.41994   1  33
        0.75628        1.46515   1  34
        0.75628        1.48433   1  35
        0.75628        1.54740   1  36
        0.75628        1.59350   1  37
        0.75628        1.63424   1  38
        0.75628        1.72968   1  39
        0.75628        1.76011   1  40
        0.75628        1.81785   1  41
        0.75628        1.86511   1  42
        0.75628        1.89618   1  43
        0.75628        2.06370   1  44
        0.75628        2.09468   1  45
        0.75628        2.14568   1  46
        0.75628        2.31267   1  47
        0.75628        2.35103   1  48
        0.75628        2.52957   1  49
        0.75628        2.55018   1  50
        0.76520       -0.44765   1   1
        0.76520       -0.36951   1   2
        0.76520       -0.35130   1   3
        0.76520       -0.31862   1   4
        0.76520       -0.29128   1   5
        0.76520       -0.26312   1   6
        0.76520       -0.22262   1   7
        0.76520       -0.15782   1   8
        0.76520       -0.11122   1   9
        0.76520       -0.09383   1  10
        0.76520       -0.06080   1  11
        0.76520       -0.03671   1  12
        0.76520       -0.01856   1  13
        0.76520        0.00840   1  14
        0.76520        0.02808   1  15
        0.76520        0.05057   1  16
        0.76520        0.07509   1  17
        0.76520        0.08405   1  18
        0.76520        0.18111   1  19
        0.76520        0.18881   1  20
        0.76520        0.19693   1  21
        0.76520        0.68645   1  22
        0.76520        0.69739   1  23
        0.76520        0.79626   1  24
        0.76520        1.02583   1  25
        0.76520        1.12615   1  26
        0.76520        1.19544   1  27
        0.76520        1.22299   1  28
        0.76520        1.27831   1  29
        0.76520        1.30641   1  30
        0.76520        1.33005   1  31
        0.76520        1.39611   1  32
        0.76520        1.43157   1  33
        0.76520        1.47040   1  34
        0.76520        1.48283   1  35
        0.76520        1.55643   1  36
        0.76520        1.59903   1  37
        0.76520        1.63524   1  38
        0.76520        1.73874   1  39
        0.76520        1.76662   1  40
        0.76520        1.81244   1  41
        0.76520        1.86039   1  42
        0.76520        1.88663   1  43
        0.76520        2.05554   1  44
        0.76520        2.08826   1  45
        0.76520        2.13910   1  46
        0.76520        2.30668   1  47
        0.76520        2.33424   1  48
        0.76520        2.54082   1  49
        0.76520        2.55530   1  50
        0.77412       -0.45188   1   1
        0.77412       -0.36540   1   2
        0.77412       -0.35047   1   3
        0.77412       -0.32618   1   4
        0.77412       -0.28646   1   5
        0.77412       -0.26537   1   6
        0.77412       -0.23348   1   7
        0.77412       -0.16646   1   8
        0.77412       -0.10689   1   9
        0.77412       -0.09456   1  10
        0.77412       -0.06586   1  11
        0.77412       -0.02972   1  12
        0.77412       -0.01797   1  13
        0.77412        0.01323   1  14
        0.77412        0.02863   1  15
        0.77412        0.06359   1  16
        0.77412        0.07880   1  17
        0.77412        0.08462   1  18
        0.77412        0.17959   1  19
        0.77412        0.19005   1  20
        0.77412        0.19583   1  21
        0.77412        0.68917   1  22
        0.77412        0.69735   1  23
        0.77412        0.78210   1  24
        0.77412        1.01469   1  25
        0.77412        1.13729   1  26
        0.77412        1.20112   1  27
        0.77412        1.21860   1  28
        0.77412        1.28551   1  29
        0.77412        1.30641   1  30
        0.77412        1.32273   1  31
        0.77412        1.40585   1  32
        0.77412        1.44215   1  33
        0.77412        1.47429   1  34
        0.77412        1.48191   1  35
        0.77412        1.56845   1  36
        0.77412        1.60303   1  37
        0.77412        1.63317   1  38
        0.77412        1.74742   1  39
        0.77412        1.76849   1  40
        0.77412        1.80911   1  41
        0.77412        1.85807   1  42
        0.77412        1.87683   1  43
        0.77412        2.04939   1  44
        0.77412        2.08383   1  45
        0.77412        2.13159   1  46
        0.77412        2.30082   1  47
        0.77412        2.31814   1  48
        0.77412        2.55048   1  49
        0.77412        2.55947   1  50
        0.78304       -0.45504   1   1
        0.78304       -0.36058   1   2
        0.78304       -0.34929   1   3
        0.78304       -0.33392   1   4
        0.78304       -0.28052   1   5
        0.78304       -0.26628   1   6
        0.78304       -0.24420   1   7
        0.78304       -0.17291   1   8
        0.78304       -0.10288   1   9
        0.78304       -0.09521   1  10
        0.78304       -0.07210   1  11
        0.78304       -0.02326   1  12
        0.78304       -0.01760   1  13
        0.78304        0.01760   1  14
        0.78304        0.02774   1  15
        0.78304        0.07393   1  16
        0.78304        0.08177   1  17
        0.78304        0.08466   1  18
        0.78304        0.17827   1  19
        0.78304        0.19130   1  20
        0.78304        0.19481   1  21
        0.78304        0.69153   1  22
        0.78304        0.69694   1  23
        0.78304        0.77177   1  24
        0.78304        1.00629   1  25
        0.78304        1.14775   1  26
        0.78304        1.20464   1  27
        0.78304        1.21348   1  28
        0.78304        1.29172   1  29
        0.78304        1.30538   1  30
        0.78304        1.31685   1  31
        0.78304        1.41483   1  32
        0.78304        1.45162   1  33
        0.78304        1.47480   1  34
        0.78304        1.48270   1  35
        0.78304        1.58193   1  36
        0.78304        1.60573   1  37
        0.78304        1.62775   1  38
        0.78304        1.75469   1  39
        0.78304        1.76688   1  40
        0.78304        1.80743   1  41
        0.78304        1.85752   1  42
        0.78304        1.86745   1  43
        0.78304        2.04869   1  44
        0.78304        2.07917   1  45
        0.78304        2.12379   1  46
        0.78304        2.29578   1  47
        0.78304        2.30432   1  48
        0.78304        2.55801   1  49
        0.78304        2.56262   1  50
        0.79196       -0.45699   1   1
        0.79196       -0.35495   1   2
        0.79196       -0.34835   1   3
        0.79196       -0.34144   1   4
        0.79196       -0.27332   1   5
        0.79196       -0.26643   1   6
        0.79196       -0.25453   1   7
        0.79196       -0.17686   1   8
        0.79196       -0.09947   1   9
        0.79196       -0.09588   1  10
        0.79196       -0.07717   1  11
        0.79196       -0.01884   1  12
        0.79196       -0.01740   1  13
        0.79196        0.02119   1  14
        0.79196        0.02604   1  15
        0.79196        0.08060   1  16
        0.79196        0.08358   1  17
        0.79196        0.08449   1  18
        0.79196        0.17737   1  19
        0.79196        0.19249   1  20
        0.79196        0.19382   1  21
        0.79196        0.69346   1  22
        0.79196        0.69614   1  23
        0.79196        0.76547   1  24
        0.79196        1.00099   1  25
        0.79196        1.15587   1  26
        0.79196        1.20631   1  27
        0.79196        1.20884   1  28
        0.79196        1.29666   1  29
        0.79196        1.30323   1  30
        0.79196        1.31329   1  31
        0.79196        1.42109   1  32
        0.79196        1.46004   1  33
        0.79196        1.47201   1  34
        0.79196        1.48424   1  35
        0.79196        1.59534   1  36
        0.79196        1.60735   1  37
        0.79196        1.61919   1  38
        0.79196        1.75971   1  39
        0.79196        1.76437   1  40
        0.79196        1.80636   1  41
        0.79196        1.85731   1  42
        0.79196        1.86023   1  43
        0.79196        2.05394   1  44
        0.79196        2.07240   1  45
        0.79196        2.11743   1  46
        0.79196        2.29203   1  47
        0.79196        2.29460   1  48
        0.79196        2.56295   1  49
        0.79196        2.56462   1  50
        0.80088       -0.45761   1   1
        0.80088       -0.34909   1   2
        0.80088       -0.34796   1   3
        0.80088       -0.34795   1   4
        0.80088       -0.26641   1   5
        0.80088       -0.26632   1   6
        0.80088       -0.26256   1   7
        0.80088       -0.17821   1   8
        0.80088       -0.09720   1   9
        0.80088       -0.09704   1  10
        0.80088       -0.07920   1  11
        0.80088       -0.01737   1  12
        0.80088       -0.01730   1  13
        0.80088        0.02388   1  14
        0.80088        0.02401   1  15
        0.80088        0.08329   1  16
        0.80088        0.08382   1  17
        0.80088        0.08433   1  18
        0.80088        0.17702   1  19
        0.80088        0.19278   1  20
        0.80088        0.19358   1  21
        0.80088        0.69497   1  22
        0.80088        0.69498   1  23
        0.80088        0.76332   1  24
        0.80088        0.99903   1  25
        0.80088        1.15908   1  26
        0.80088        1.20646   1  27
        0.80088        1.20684   1  28
        0.80088        1.30001   1  29
        0.80088        1.30044   1  30
        0.80088        1.31218   1  31
        0.80088        1.42340   1  32
        0.80088        1.46694   1  33
        0.80088        1.46696   1  34
        0.80088        1.48484   1  35
        0.80088        1.60680   1  36
        0.80088        1.60701   1  37
        0.80088        1.60970   1  38
        0.80088        1.76212   1  39
        0.80088        1.76224   1  40
        0.80088        1.80541   1  41
        0.80088        1.85695   1  42
        0.80088        1.85708   1  43
        0.80088        2.06286   1  44
        0.80088        2.06320   1  45
        0.80088        2.11422   1  46
        0.80088        2.29008   1  47
        0.80088        2.29031   1  48
        0.80088        2.56512   1  49
        0.80088        2.56517   1  50
