 nbb,nqbz
           8         216
 -0.16666666666666666       0.16666666666666666       0.16666666666666666        4.5000000000000018     
  0.16666666666666666      -0.16666666666666666       0.16666666666666666        4.5000000000000018     
  0.16666666666666666       0.16666666666666666      -0.16666666666666666        4.5000000000000018     
 -0.16666666666666666      -0.16666666666666666      -0.16666666666666666        4.5000000000000018     
  0.16666666666666666      -0.16666666666666666      -0.16666666666666666        4.5000000000000018     
 -0.16666666666666666       0.16666666666666666      -0.16666666666666666        4.5000000000000018     
 -0.16666666666666666      -0.16666666666666666       0.16666666666666666        4.5000000000000018     
  0.16666666666666666       0.16666666666666666       0.16666666666666666        4.5000000000000018     
    1      0.0000000000000000      0.0000000000000000      0.0000000000000000
    1    1    2     -0.1666666666666667      0.1666666666666667      0.1666666666666667
    1    2    7      0.1666666666666667     -0.1666666666666667      0.1666666666666667
    1    3   37      0.1666666666666667      0.1666666666666667     -0.1666666666666667
    1    4  216      0.8333333333333334      0.8333333333333334      0.8333333333333334
    1    5    6     -0.8333333333333334      0.8333333333333334      0.8333333333333334
    1    6   31      0.8333333333333334     -0.8333333333333334      0.8333333333333334
    1    7  181      0.8333333333333334      0.8333333333333334     -0.8333333333333334
    1    8   44      0.1666666666666667      0.1666666666666667      0.1666666666666667
    2     -0.1666666666666667      0.1666666666666667      0.1666666666666667
    2    1    3     -0.3333333333333333      0.3333333333333333      0.3333333333333333
    2    2    8      0.0000000000000000      0.0000000000000000      0.3333333333333333
    2    3   38      0.0000000000000000      0.3333333333333333      0.0000000000000000
    2    4  211      1.6666666666666667      0.0000000000000000      0.0000000000000000
    2    5    1      0.0000000000000000      0.0000000000000000      0.0000000000000000
    2    6   32      0.6666666666666667     -0.6666666666666667      1.0000000000000000
    2    7  182      0.6666666666666667      1.0000000000000000     -0.6666666666666667
    2    8   45      0.0000000000000000      0.3333333333333333      0.3333333333333334
    3     -0.3333333333333333      0.3333333333333333      0.3333333333333333
    3    1    4     -0.5000000000000000      0.5000000000000000      0.5000000000000000
    3    2    9     -0.1666666666666667      0.1666666666666667      0.5000000000000000
    3    3   39     -0.1666666666666667      0.5000000000000000      0.1666666666666667
    3    4  212      1.5000000000000000      0.1666666666666666      0.1666666666666666
    3    5    2     -0.1666666666666667      0.1666666666666667      0.1666666666666667
    3    6   33      0.5000000000000000     -0.5000000000000000      1.1666666666666667
    3    7  183      0.5000000000000000      1.1666666666666667     -0.5000000000000000
    3    8   46     -0.1666666666666667      0.5000000000000000      0.5000000000000000
    4     -0.5000000000000000      0.5000000000000000      0.5000000000000000
    4    1    5     -0.6666666666666666      0.6666666666666666      0.6666666666666666
    4    2   10     -0.3333333333333334      0.3333333333333334      0.6666666666666666
    4    3   40     -0.3333333333333334      0.6666666666666666      0.3333333333333334
    4    4  213      1.3333333333333335      0.3333333333333334      0.3333333333333334
    4    5    3     -0.3333333333333333      0.3333333333333333      0.3333333333333333
    4    6   34      0.3333333333333334     -0.3333333333333334      1.3333333333333335
    4    7  184      0.3333333333333334      1.3333333333333335     -0.3333333333333334
    4    8   47     -0.3333333333333334      0.6666666666666666      0.6666666666666666
    5     -0.6666666666666666      0.6666666666666666      0.6666666666666666
    5    1    6     -0.8333333333333334      0.8333333333333334      0.8333333333333334
    5    2   11     -0.5000000000000000      0.5000000000000000      0.8333333333333333
    5    3   41     -0.5000000000000000      0.8333333333333333      0.5000000000000000
    5    4  214      1.1666666666666667      0.5000000000000000      0.5000000000000001
    5    5    4     -0.5000000000000000      0.5000000000000000      0.5000000000000000
    5    6   35      0.1666666666666667     -0.1666666666666667      1.5000000000000000
    5    7  185      0.1666666666666667      1.5000000000000000     -0.1666666666666667
    5    8   48     -0.5000000000000001      0.8333333333333334      0.8333333333333334
    6     -0.8333333333333334      0.8333333333333334      0.8333333333333334
    6    1    1      0.0000000000000000      0.0000000000000000      0.0000000000000000
    6    2   12     -0.6666666666666667      0.6666666666666667      1.0000000000000000
    6    3   42     -0.6666666666666667      1.0000000000000000      0.6666666666666667
    6    4  215      1.0000000000000000      0.6666666666666666      0.6666666666666666
    6    5    5     -0.6666666666666666      0.6666666666666666      0.6666666666666666
    6    6   36      0.0000000000000000      0.0000000000000000      1.6666666666666667
    6    7  186      0.0000000000000000      1.6666666666666667      0.0000000000000000
    6    8   43      0.3333333333333333      0.0000000000000000      0.0000000000000000
    7      0.1666666666666667     -0.1666666666666667      0.1666666666666667
    7    1    8      0.0000000000000000      0.0000000000000000      0.3333333333333333
    7    2   13      0.3333333333333333     -0.3333333333333333      0.3333333333333333
    7    3   43      0.3333333333333333      0.0000000000000000      0.0000000000000000
    7    4  186      0.0000000000000000      1.6666666666666667      0.0000000000000000
    7    5   12     -0.6666666666666667      0.6666666666666667      1.0000000000000000
    7    6    1      0.0000000000000000      0.0000000000000000      0.0000000000000000
    7    7  187      1.0000000000000000      0.6666666666666667     -0.6666666666666667
    7    8   50      0.3333333333333333      0.0000000000000000      0.3333333333333334
    8      0.0000000000000000      0.0000000000000000      0.3333333333333333
    8    1    9     -0.1666666666666667      0.1666666666666667      0.5000000000000000
    8    2   14      0.1666666666666667     -0.1666666666666667      0.5000000000000000
    8    3   44      0.1666666666666667      0.1666666666666667      0.1666666666666667
    8    4  181      0.8333333333333334      0.8333333333333334     -0.8333333333333334
    8    5    7      0.1666666666666667     -0.1666666666666667      0.1666666666666667
    8    6    2     -0.1666666666666667      0.1666666666666667      0.1666666666666667
    8    7  188      0.8333333333333334      0.8333333333333334     -0.5000000000000000
    8    8   51      0.1666666666666667      0.1666666666666667      0.5000000000000000
    9     -0.1666666666666667      0.1666666666666667      0.5000000000000000
    9    1   10     -0.3333333333333334      0.3333333333333334      0.6666666666666666
    9    2   15      0.0000000000000000      0.0000000000000000      0.6666666666666666
    9    3   45      0.0000000000000000      0.3333333333333333      0.3333333333333334
    9    4  182      0.6666666666666667      1.0000000000000000     -0.6666666666666667
    9    5    8      0.0000000000000000      0.0000000000000000      0.3333333333333333
    9    6    3     -0.3333333333333333      0.3333333333333333      0.3333333333333333
    9    7  189      0.6666666666666667      1.0000000000000000     -0.3333333333333334
    9    8   52     -0.0000000000000000      0.3333333333333334      0.6666666666666666
   10     -0.3333333333333334      0.3333333333333334      0.6666666666666666
   10    1   11     -0.5000000000000000      0.5000000000000000      0.8333333333333333
   10    2   16     -0.1666666666666667      0.1666666666666667      0.8333333333333333
   10    3   46     -0.1666666666666667      0.5000000000000000      0.5000000000000000
   10    4  183      0.5000000000000000      1.1666666666666667     -0.5000000000000000
   10    5    9     -0.1666666666666667      0.1666666666666667      0.5000000000000000
   10    6    4     -0.5000000000000000      0.5000000000000000      0.5000000000000000
   10    7  190      0.5000000000000000      1.1666666666666667     -0.1666666666666667
   10    8   53     -0.1666666666666667      0.5000000000000000      0.8333333333333334
   11     -0.5000000000000000      0.5000000000000000      0.8333333333333333
   11    1   12     -0.6666666666666667      0.6666666666666667      1.0000000000000000
   11    2   17     -0.3333333333333333      0.3333333333333333      1.0000000000000000
   11    3   47     -0.3333333333333334      0.6666666666666666      0.6666666666666666
   11    4  184      0.3333333333333334      1.3333333333333335     -0.3333333333333334
   11    5   10     -0.3333333333333334      0.3333333333333334      0.6666666666666666
   11    6    5     -0.6666666666666666      0.6666666666666666      0.6666666666666666
   11    7  191      0.3333333333333334      1.3333333333333335     -0.0000000000000001
   11    8   54     -0.3333333333333334      0.6666666666666666      1.0000000000000000
   12     -0.6666666666666667      0.6666666666666667      1.0000000000000000
   12    1    7      0.1666666666666667     -0.1666666666666667      0.1666666666666667
   12    2   18     -0.5000000000000000      0.5000000000000000      1.1666666666666667
   12    3   48     -0.5000000000000001      0.8333333333333334      0.8333333333333334
   12    4  185      0.1666666666666667      1.5000000000000000     -0.1666666666666667
   12    5   11     -0.5000000000000000      0.5000000000000000      0.8333333333333333
   12    6    6     -0.8333333333333334      0.8333333333333334      0.8333333333333334
   12    7  192      0.1666666666666666      1.5000000000000000      0.1666666666666666
   12    8   49      0.5000000000000000     -0.1666666666666667      0.1666666666666667
   13      0.3333333333333333     -0.3333333333333333      0.3333333333333333
   13    1   14      0.1666666666666667     -0.1666666666666667      0.5000000000000000
   13    2   19      0.5000000000000000     -0.5000000000000000      0.5000000000000000
   13    3   49      0.5000000000000000     -0.1666666666666667      0.1666666666666667
   13    4  192      0.1666666666666666      1.5000000000000000      0.1666666666666666
   13    5   18     -0.5000000000000000      0.5000000000000000      1.1666666666666667
   13    6    7      0.1666666666666667     -0.1666666666666667      0.1666666666666667
   13    7  193      1.1666666666666667      0.5000000000000000     -0.5000000000000000
   13    8   56      0.5000000000000000     -0.1666666666666667      0.5000000000000000
   14      0.1666666666666667     -0.1666666666666667      0.5000000000000000
   14    1   15      0.0000000000000000      0.0000000000000000      0.6666666666666666
   14    2   20      0.3333333333333334     -0.3333333333333334      0.6666666666666666
   14    3   50      0.3333333333333333      0.0000000000000000      0.3333333333333334
   14    4  187      1.0000000000000000      0.6666666666666667     -0.6666666666666667
   14    5   13      0.3333333333333333     -0.3333333333333333      0.3333333333333333
   14    6    8      0.0000000000000000      0.0000000000000000      0.3333333333333333
   14    7  194      1.0000000000000000      0.6666666666666667     -0.3333333333333334
   14    8   57      0.3333333333333334     -0.0000000000000000      0.6666666666666666
   15      0.0000000000000000      0.0000000000000000      0.6666666666666666
   15    1   16     -0.1666666666666667      0.1666666666666667      0.8333333333333333
   15    2   21      0.1666666666666667     -0.1666666666666667      0.8333333333333333
   15    3   51      0.1666666666666667      0.1666666666666667      0.5000000000000000
   15    4  188      0.8333333333333334      0.8333333333333334     -0.5000000000000000
   15    5   14      0.1666666666666667     -0.1666666666666667      0.5000000000000000
   15    6    9     -0.1666666666666667      0.1666666666666667      0.5000000000000000
   15    7  195      0.8333333333333334      0.8333333333333334     -0.1666666666666667
   15    8   58      0.1666666666666667      0.1666666666666667      0.8333333333333334
   16     -0.1666666666666667      0.1666666666666667      0.8333333333333333
   16    1   17     -0.3333333333333333      0.3333333333333333      1.0000000000000000
   16    2   22      0.0000000000000000      0.0000000000000000      1.0000000000000000
   16    3   52     -0.0000000000000000      0.3333333333333334      0.6666666666666666
   16    4  189      0.6666666666666667      1.0000000000000000     -0.3333333333333334
   16    5   15      0.0000000000000000      0.0000000000000000      0.6666666666666666
   16    6   10     -0.3333333333333334      0.3333333333333334      0.6666666666666666
   16    7  196      0.6666666666666667      1.0000000000000000     -0.0000000000000001
   16    8   59      0.0000000000000000      0.3333333333333333      0.9999999999999999
   17     -0.3333333333333333      0.3333333333333333      1.0000000000000000
   17    1   18     -0.5000000000000000      0.5000000000000000      1.1666666666666667
   17    2   23     -0.1666666666666666      0.1666666666666666      1.1666666666666665
   17    3   53     -0.1666666666666667      0.5000000000000000      0.8333333333333334
   17    4  190      0.5000000000000000      1.1666666666666667     -0.1666666666666667
   17    5   16     -0.1666666666666667      0.1666666666666667      0.8333333333333333
   17    6   11     -0.5000000000000000      0.5000000000000000      0.8333333333333333
   17    7  197      0.5000000000000000      1.1666666666666667      0.1666666666666666
   17    8   60     -0.1666666666666667      0.5000000000000000      1.1666666666666667
   18     -0.5000000000000000      0.5000000000000000      1.1666666666666667
   18    1   13      0.3333333333333333     -0.3333333333333333      0.3333333333333333
   18    2   24     -0.3333333333333334      0.3333333333333334      1.3333333333333335
   18    3   54     -0.3333333333333334      0.6666666666666666      1.0000000000000000
   18    4  191      0.3333333333333334      1.3333333333333335     -0.0000000000000001
   18    5   17     -0.3333333333333333      0.3333333333333333      1.0000000000000000
   18    6   12     -0.6666666666666667      0.6666666666666667      1.0000000000000000
   18    7  198      0.3333333333333334      1.3333333333333335      0.3333333333333334
   18    8   55      0.6666666666666666     -0.3333333333333334      0.3333333333333334
   19      0.5000000000000000     -0.5000000000000000      0.5000000000000000
   19    1   20      0.3333333333333334     -0.3333333333333334      0.6666666666666666
   19    2   25      0.6666666666666666     -0.6666666666666666      0.6666666666666666
   19    3   55      0.6666666666666666     -0.3333333333333334      0.3333333333333334
   19    4  198      0.3333333333333334      1.3333333333333335      0.3333333333333334
   19    5   24     -0.3333333333333334      0.3333333333333334      1.3333333333333335
   19    6   13      0.3333333333333333     -0.3333333333333333      0.3333333333333333
   19    7  199      1.3333333333333335      0.3333333333333334     -0.3333333333333334
   19    8   62      0.6666666666666666     -0.3333333333333334      0.6666666666666666
   20      0.3333333333333334     -0.3333333333333334      0.6666666666666666
   20    1   21      0.1666666666666667     -0.1666666666666667      0.8333333333333333
   20    2   26      0.5000000000000000     -0.5000000000000000      0.8333333333333333
   20    3   56      0.5000000000000000     -0.1666666666666667      0.5000000000000000
   20    4  193      1.1666666666666667      0.5000000000000000     -0.5000000000000000
   20    5   19      0.5000000000000000     -0.5000000000000000      0.5000000000000000
   20    6   14      0.1666666666666667     -0.1666666666666667      0.5000000000000000
   20    7  200      1.1666666666666667      0.5000000000000000     -0.1666666666666667
   20    8   63      0.5000000000000000     -0.1666666666666667      0.8333333333333334
   21      0.1666666666666667     -0.1666666666666667      0.8333333333333333
   21    1   22      0.0000000000000000      0.0000000000000000      1.0000000000000000
   21    2   27      0.3333333333333333     -0.3333333333333333      1.0000000000000000
   21    3   57      0.3333333333333334     -0.0000000000000000      0.6666666666666666
   21    4  194      1.0000000000000000      0.6666666666666667     -0.3333333333333334
   21    5   20      0.3333333333333334     -0.3333333333333334      0.6666666666666666
   21    6   15      0.0000000000000000      0.0000000000000000      0.6666666666666666
   21    7  201      1.0000000000000000      0.6666666666666667     -0.0000000000000001
   21    8   64      0.3333333333333333      0.0000000000000000      0.9999999999999999
   22      0.0000000000000000      0.0000000000000000      1.0000000000000000
   22    1   23     -0.1666666666666666      0.1666666666666666      1.1666666666666665
   22    2   28      0.1666666666666666     -0.1666666666666666      1.1666666666666665
   22    3   58      0.1666666666666667      0.1666666666666667      0.8333333333333334
   22    4  195      0.8333333333333334      0.8333333333333334     -0.1666666666666667
   22    5   21      0.1666666666666667     -0.1666666666666667      0.8333333333333333
   22    6   16     -0.1666666666666667      0.1666666666666667      0.8333333333333333
   22    7  202      0.8333333333333334      0.8333333333333334      0.1666666666666666
   22    8   65      0.1666666666666667      0.1666666666666667      1.1666666666666665
   23     -0.1666666666666666      0.1666666666666666      1.1666666666666665
   23    1   24     -0.3333333333333334      0.3333333333333334      1.3333333333333335
   23    2   29      0.0000000000000000      0.0000000000000000      1.3333333333333333
   23    3   59      0.0000000000000000      0.3333333333333333      0.9999999999999999
   23    4  196      0.6666666666666667      1.0000000000000000     -0.0000000000000001
   23    5   22      0.0000000000000000      0.0000000000000000      1.0000000000000000
   23    6   17     -0.3333333333333333      0.3333333333333333      1.0000000000000000
   23    7  203      0.6666666666666667      1.0000000000000000      0.3333333333333331
   23    8   66     -0.0000000000000001      0.3333333333333334      1.3333333333333333
   24     -0.3333333333333334      0.3333333333333334      1.3333333333333335
   24    1   19      0.5000000000000000     -0.5000000000000000      0.5000000000000000
   24    2   30     -0.1666666666666667      0.1666666666666667      1.5000000000000000
   24    3   60     -0.1666666666666667      0.5000000000000000      1.1666666666666667
   24    4  197      0.5000000000000000      1.1666666666666667      0.1666666666666666
   24    5   23     -0.1666666666666666      0.1666666666666666      1.1666666666666665
   24    6   18     -0.5000000000000000      0.5000000000000000      1.1666666666666667
   24    7  204      0.5000000000000000      1.1666666666666667      0.5000000000000001
   24    8   61      0.8333333333333333     -0.5000000000000000      0.5000000000000000
   25      0.6666666666666666     -0.6666666666666666      0.6666666666666666
   25    1   26      0.5000000000000000     -0.5000000000000000      0.8333333333333333
   25    2   31      0.8333333333333334     -0.8333333333333334      0.8333333333333334
   25    3   61      0.8333333333333333     -0.5000000000000000      0.5000000000000000
   25    4  204      0.5000000000000000      1.1666666666666667      0.5000000000000001
   25    5   30     -0.1666666666666667      0.1666666666666667      1.5000000000000000
   25    6   19      0.5000000000000000     -0.5000000000000000      0.5000000000000000
   25    7  205      1.5000000000000000      0.1666666666666667     -0.1666666666666667
   25    8   68      0.8333333333333334     -0.5000000000000001      0.8333333333333334
   26      0.5000000000000000     -0.5000000000000000      0.8333333333333333
   26    1   27      0.3333333333333333     -0.3333333333333333      1.0000000000000000
   26    2   32      0.6666666666666667     -0.6666666666666667      1.0000000000000000
   26    3   62      0.6666666666666666     -0.3333333333333334      0.6666666666666666
   26    4  199      1.3333333333333335      0.3333333333333334     -0.3333333333333334
   26    5   25      0.6666666666666666     -0.6666666666666666      0.6666666666666666
   26    6   20      0.3333333333333334     -0.3333333333333334      0.6666666666666666
   26    7  206      1.3333333333333335      0.3333333333333334     -0.0000000000000001
   26    8   69      0.6666666666666666     -0.3333333333333334      1.0000000000000000
   27      0.3333333333333333     -0.3333333333333333      1.0000000000000000
   27    1   28      0.1666666666666666     -0.1666666666666666      1.1666666666666665
   27    2   33      0.5000000000000000     -0.5000000000000000      1.1666666666666667
   27    3   63      0.5000000000000000     -0.1666666666666667      0.8333333333333334
   27    4  200      1.1666666666666667      0.5000000000000000     -0.1666666666666667
   27    5   26      0.5000000000000000     -0.5000000000000000      0.8333333333333333
   27    6   21      0.1666666666666667     -0.1666666666666667      0.8333333333333333
   27    7  207      1.1666666666666667      0.5000000000000000      0.1666666666666666
   27    8   70      0.5000000000000000     -0.1666666666666667      1.1666666666666667
   28      0.1666666666666666     -0.1666666666666666      1.1666666666666665
   28    1   29      0.0000000000000000      0.0000000000000000      1.3333333333333333
   28    2   34      0.3333333333333334     -0.3333333333333334      1.3333333333333335
   28    3   64      0.3333333333333333      0.0000000000000000      0.9999999999999999
   28    4  201      1.0000000000000000      0.6666666666666667     -0.0000000000000001
   28    5   27      0.3333333333333333     -0.3333333333333333      1.0000000000000000
   28    6   22      0.0000000000000000      0.0000000000000000      1.0000000000000000
   28    7  208      1.0000000000000000      0.6666666666666667      0.3333333333333331
   28    8   71      0.3333333333333334     -0.0000000000000001      1.3333333333333333
   29      0.0000000000000000      0.0000000000000000      1.3333333333333333
   29    1   30     -0.1666666666666667      0.1666666666666667      1.5000000000000000
   29    2   35      0.1666666666666667     -0.1666666666666667      1.5000000000000000
   29    3   65      0.1666666666666667      0.1666666666666667      1.1666666666666665
   29    4  202      0.8333333333333334      0.8333333333333334      0.1666666666666666
   29    5   28      0.1666666666666666     -0.1666666666666666      1.1666666666666665
   29    6   23     -0.1666666666666666      0.1666666666666666      1.1666666666666665
   29    7  209      0.8333333333333334      0.8333333333333334      0.4999999999999999
   29    8   72      0.1666666666666667      0.1666666666666667      1.5000000000000000
   30     -0.1666666666666667      0.1666666666666667      1.5000000000000000
   30    1   25      0.6666666666666666     -0.6666666666666666      0.6666666666666666
   30    2   36      0.0000000000000000      0.0000000000000000      1.6666666666666667
   30    3   66     -0.0000000000000001      0.3333333333333334      1.3333333333333333
   30    4  203      0.6666666666666667      1.0000000000000000      0.3333333333333331
   30    5   29      0.0000000000000000      0.0000000000000000      1.3333333333333333
   30    6   24     -0.3333333333333334      0.3333333333333334      1.3333333333333335
   30    7  210      0.6666666666666666      1.0000000000000000      0.6666666666666666
   30    8   67      1.0000000000000000     -0.6666666666666667      0.6666666666666667
   31      0.8333333333333334     -0.8333333333333334      0.8333333333333334
   31    1   32      0.6666666666666667     -0.6666666666666667      1.0000000000000000
   31    2    1      0.0000000000000000      0.0000000000000000      0.0000000000000000
   31    3   67      1.0000000000000000     -0.6666666666666667      0.6666666666666667
   31    4  210      0.6666666666666666      1.0000000000000000      0.6666666666666666
   31    5   36      0.0000000000000000      0.0000000000000000      1.6666666666666667
   31    6   25      0.6666666666666666     -0.6666666666666666      0.6666666666666666
   31    7  211      1.6666666666666667      0.0000000000000000      0.0000000000000000
   31    8   38      0.0000000000000000      0.3333333333333333      0.0000000000000000
   32      0.6666666666666667     -0.6666666666666667      1.0000000000000000
   32    1   33      0.5000000000000000     -0.5000000000000000      1.1666666666666667
   32    2    2     -0.1666666666666667      0.1666666666666667      0.1666666666666667
   32    3   68      0.8333333333333334     -0.5000000000000001      0.8333333333333334
   32    4  205      1.5000000000000000      0.1666666666666667     -0.1666666666666667
   32    5   31      0.8333333333333334     -0.8333333333333334      0.8333333333333334
   32    6   26      0.5000000000000000     -0.5000000000000000      0.8333333333333333
   32    7  212      1.5000000000000000      0.1666666666666666      0.1666666666666666
   32    8   39     -0.1666666666666667      0.5000000000000000      0.1666666666666667
   33      0.5000000000000000     -0.5000000000000000      1.1666666666666667
   33    1   34      0.3333333333333334     -0.3333333333333334      1.3333333333333335
   33    2    3     -0.3333333333333333      0.3333333333333333      0.3333333333333333
   33    3   69      0.6666666666666666     -0.3333333333333334      1.0000000000000000
   33    4  206      1.3333333333333335      0.3333333333333334     -0.0000000000000001
   33    5   32      0.6666666666666667     -0.6666666666666667      1.0000000000000000
   33    6   27      0.3333333333333333     -0.3333333333333333      1.0000000000000000
   33    7  213      1.3333333333333335      0.3333333333333334      0.3333333333333334
   33    8   40     -0.3333333333333334      0.6666666666666666      0.3333333333333334
   34      0.3333333333333334     -0.3333333333333334      1.3333333333333335
   34    1   35      0.1666666666666667     -0.1666666666666667      1.5000000000000000
   34    2    4     -0.5000000000000000      0.5000000000000000      0.5000000000000000
   34    3   70      0.5000000000000000     -0.1666666666666667      1.1666666666666667
   34    4  207      1.1666666666666667      0.5000000000000000      0.1666666666666666
   34    5   33      0.5000000000000000     -0.5000000000000000      1.1666666666666667
   34    6   28      0.1666666666666666     -0.1666666666666666      1.1666666666666665
   34    7  214      1.1666666666666667      0.5000000000000000      0.5000000000000001
   34    8   41     -0.5000000000000000      0.8333333333333333      0.5000000000000000
   35      0.1666666666666667     -0.1666666666666667      1.5000000000000000
   35    1   36      0.0000000000000000      0.0000000000000000      1.6666666666666667
   35    2    5     -0.6666666666666666      0.6666666666666666      0.6666666666666666
   35    3   71      0.3333333333333334     -0.0000000000000001      1.3333333333333333
   35    4  208      1.0000000000000000      0.6666666666666667      0.3333333333333331
   35    5   34      0.3333333333333334     -0.3333333333333334      1.3333333333333335
   35    6   29      0.0000000000000000      0.0000000000000000      1.3333333333333333
   35    7  215      1.0000000000000000      0.6666666666666666      0.6666666666666666
   35    8   42     -0.6666666666666667      1.0000000000000000      0.6666666666666667
   36      0.0000000000000000      0.0000000000000000      1.6666666666666667
   36    1   31      0.8333333333333334     -0.8333333333333334      0.8333333333333334
   36    2    6     -0.8333333333333334      0.8333333333333334      0.8333333333333334
   36    3   72      0.1666666666666667      0.1666666666666667      1.5000000000000000
   36    4  209      0.8333333333333334      0.8333333333333334      0.4999999999999999
   36    5   35      0.1666666666666667     -0.1666666666666667      1.5000000000000000
   36    6   30     -0.1666666666666667      0.1666666666666667      1.5000000000000000
   36    7  216      0.8333333333333334      0.8333333333333334      0.8333333333333334
   36    8   37      0.1666666666666667      0.1666666666666667     -0.1666666666666667
   37      0.1666666666666667      0.1666666666666667     -0.1666666666666667
   37    1   38      0.0000000000000000      0.3333333333333333      0.0000000000000000
   37    2   43      0.3333333333333333      0.0000000000000000      0.0000000000000000
   37    3   73      0.3333333333333333      0.3333333333333333     -0.3333333333333333
   37    4   36      0.0000000000000000      0.0000000000000000      1.6666666666666667
   37    5   42     -0.6666666666666667      1.0000000000000000      0.6666666666666667
   37    6   67      1.0000000000000000     -0.6666666666666667      0.6666666666666667
   37    7    1      0.0000000000000000      0.0000000000000000      0.0000000000000000
   37    8   80      0.3333333333333333      0.3333333333333333      0.0000000000000000
   38      0.0000000000000000      0.3333333333333333      0.0000000000000000
   38    1   39     -0.1666666666666667      0.5000000000000000      0.1666666666666667
   38    2   44      0.1666666666666667      0.1666666666666667      0.1666666666666667
   38    3   74      0.1666666666666667      0.5000000000000000     -0.1666666666666667
   38    4   31      0.8333333333333334     -0.8333333333333334      0.8333333333333334
   38    5   37      0.1666666666666667      0.1666666666666667     -0.1666666666666667
   38    6   68      0.8333333333333334     -0.5000000000000001      0.8333333333333334
   38    7    2     -0.1666666666666667      0.1666666666666667      0.1666666666666667
   38    8   81      0.1666666666666667      0.5000000000000000      0.1666666666666667
   39     -0.1666666666666667      0.5000000000000000      0.1666666666666667
   39    1   40     -0.3333333333333334      0.6666666666666666      0.3333333333333334
   39    2   45      0.0000000000000000      0.3333333333333333      0.3333333333333334
   39    3   75      0.0000000000000000      0.6666666666666666      0.0000000000000000
   39    4   32      0.6666666666666667     -0.6666666666666667      1.0000000000000000
   39    5   38      0.0000000000000000      0.3333333333333333      0.0000000000000000
   39    6   69      0.6666666666666666     -0.3333333333333334      1.0000000000000000
   39    7    3     -0.3333333333333333      0.3333333333333333      0.3333333333333333
   39    8   82     -0.0000000000000001      0.6666666666666667      0.3333333333333333
   40     -0.3333333333333334      0.6666666666666666      0.3333333333333334
   40    1   41     -0.5000000000000000      0.8333333333333333      0.5000000000000000
   40    2   46     -0.1666666666666667      0.5000000000000000      0.5000000000000000
   40    3   76     -0.1666666666666667      0.8333333333333333      0.1666666666666667
   40    4   33      0.5000000000000000     -0.5000000000000000      1.1666666666666667
   40    5   39     -0.1666666666666667      0.5000000000000000      0.1666666666666667
   40    6   70      0.5000000000000000     -0.1666666666666667      1.1666666666666667
   40    7    4     -0.5000000000000000      0.5000000000000000      0.5000000000000000
   40    8   83     -0.1666666666666667      0.8333333333333333      0.4999999999999999
   41     -0.5000000000000000      0.8333333333333333      0.5000000000000000
   41    1   42     -0.6666666666666667      1.0000000000000000      0.6666666666666667
   41    2   47     -0.3333333333333334      0.6666666666666666      0.6666666666666666
   41    3   77     -0.3333333333333333      1.0000000000000000      0.3333333333333333
   41    4   34      0.3333333333333334     -0.3333333333333334      1.3333333333333335
   41    5   40     -0.3333333333333334      0.6666666666666666      0.3333333333333334
   41    6   71      0.3333333333333334     -0.0000000000000001      1.3333333333333333
   41    7    5     -0.6666666666666666      0.6666666666666666      0.6666666666666666
   41    8   84     -0.3333333333333334      1.0000000000000000      0.6666666666666667
   42     -0.6666666666666667      1.0000000000000000      0.6666666666666667
   42    1   37      0.1666666666666667      0.1666666666666667     -0.1666666666666667
   42    2   48     -0.5000000000000001      0.8333333333333334      0.8333333333333334
   42    3   78     -0.5000000000000000      1.1666666666666667      0.5000000000000000
   42    4   35      0.1666666666666667     -0.1666666666666667      1.5000000000000000
   42    5   41     -0.5000000000000000      0.8333333333333333      0.5000000000000000
   42    6   72      0.1666666666666667      0.1666666666666667      1.5000000000000000
   42    7    6     -0.8333333333333334      0.8333333333333334      0.8333333333333334
   42    8   79      0.5000000000000000      0.1666666666666667     -0.1666666666666667
   43      0.3333333333333333      0.0000000000000000      0.0000000000000000
   43    1   44      0.1666666666666667      0.1666666666666667      0.1666666666666667
   43    2   49      0.5000000000000000     -0.1666666666666667      0.1666666666666667
   43    3   79      0.5000000000000000      0.1666666666666667     -0.1666666666666667
   43    4    6     -0.8333333333333334      0.8333333333333334      0.8333333333333334
   43    5   48     -0.5000000000000001      0.8333333333333334      0.8333333333333334
   43    6   37      0.1666666666666667      0.1666666666666667     -0.1666666666666667
   43    7    7      0.1666666666666667     -0.1666666666666667      0.1666666666666667
   43    8   86      0.5000000000000000      0.1666666666666667      0.1666666666666667
   44      0.1666666666666667      0.1666666666666667      0.1666666666666667
   44    1   45      0.0000000000000000      0.3333333333333333      0.3333333333333334
   44    2   50      0.3333333333333333      0.0000000000000000      0.3333333333333334
   44    3   80      0.3333333333333333      0.3333333333333333      0.0000000000000000
   44    4    1      0.0000000000000000      0.0000000000000000      0.0000000000000000
   44    5   43      0.3333333333333333      0.0000000000000000      0.0000000000000000
   44    6   38      0.0000000000000000      0.3333333333333333      0.0000000000000000
   44    7    8      0.0000000000000000      0.0000000000000000      0.3333333333333333
   44    8   87      0.3333333333333333      0.3333333333333333      0.3333333333333333
   45      0.0000000000000000      0.3333333333333333      0.3333333333333334
   45    1   46     -0.1666666666666667      0.5000000000000000      0.5000000000000000
   45    2   51      0.1666666666666667      0.1666666666666667      0.5000000000000000
   45    3   81      0.1666666666666667      0.5000000000000000      0.1666666666666667
   45    4    2     -0.1666666666666667      0.1666666666666667      0.1666666666666667
   45    5   44      0.1666666666666667      0.1666666666666667      0.1666666666666667
   45    6   39     -0.1666666666666667      0.5000000000000000      0.1666666666666667
   45    7    9     -0.1666666666666667      0.1666666666666667      0.5000000000000000
   45    8   88      0.1666666666666666      0.5000000000000000      0.4999999999999999
   46     -0.1666666666666667      0.5000000000000000      0.5000000000000000
   46    1   47     -0.3333333333333334      0.6666666666666666      0.6666666666666666
   46    2   52     -0.0000000000000000      0.3333333333333334      0.6666666666666666
   46    3   82     -0.0000000000000001      0.6666666666666667      0.3333333333333333
   46    4    3     -0.3333333333333333      0.3333333333333333      0.3333333333333333
   46    5   45      0.0000000000000000      0.3333333333333333      0.3333333333333334
   46    6   40     -0.3333333333333334      0.6666666666666666      0.3333333333333334
   46    7   10     -0.3333333333333334      0.3333333333333334      0.6666666666666666
   46    8   89      0.0000000000000000      0.6666666666666666      0.6666666666666667
   47     -0.3333333333333334      0.6666666666666666      0.6666666666666666
   47    1   48     -0.5000000000000001      0.8333333333333334      0.8333333333333334
   47    2   53     -0.1666666666666667      0.5000000000000000      0.8333333333333334
   47    3   83     -0.1666666666666667      0.8333333333333333      0.4999999999999999
   47    4    4     -0.5000000000000000      0.5000000000000000      0.5000000000000000
   47    5   46     -0.1666666666666667      0.5000000000000000      0.5000000000000000
   47    6   41     -0.5000000000000000      0.8333333333333333      0.5000000000000000
   47    7   11     -0.5000000000000000      0.5000000000000000      0.8333333333333333
   47    8   90     -0.1666666666666667      0.8333333333333333      0.8333333333333335
   48     -0.5000000000000001      0.8333333333333334      0.8333333333333334
   48    1   43      0.3333333333333333      0.0000000000000000      0.0000000000000000
   48    2   54     -0.3333333333333334      0.6666666666666666      1.0000000000000000
   48    3   84     -0.3333333333333334      1.0000000000000000      0.6666666666666667
   48    4    5     -0.6666666666666666      0.6666666666666666      0.6666666666666666
   48    5   47     -0.3333333333333334      0.6666666666666666      0.6666666666666666
   48    6   42     -0.6666666666666667      1.0000000000000000      0.6666666666666667
   48    7   12     -0.6666666666666667      0.6666666666666667      1.0000000000000000
   48    8   85      0.6666666666666666      0.0000000000000000      0.0000000000000000
   49      0.5000000000000000     -0.1666666666666667      0.1666666666666667
   49    1   50      0.3333333333333333      0.0000000000000000      0.3333333333333334
   49    2   55      0.6666666666666666     -0.3333333333333334      0.3333333333333334
   49    3   85      0.6666666666666666      0.0000000000000000      0.0000000000000000
   49    4   12     -0.6666666666666667      0.6666666666666667      1.0000000000000000
   49    5   54     -0.3333333333333334      0.6666666666666666      1.0000000000000000
   49    6   43      0.3333333333333333      0.0000000000000000      0.0000000000000000
   49    7   13      0.3333333333333333     -0.3333333333333333      0.3333333333333333
   49    8   92      0.6666666666666667     -0.0000000000000001      0.3333333333333333
   50      0.3333333333333333      0.0000000000000000      0.3333333333333334
   50    1   51      0.1666666666666667      0.1666666666666667      0.5000000000000000
   50    2   56      0.5000000000000000     -0.1666666666666667      0.5000000000000000
   50    3   86      0.5000000000000000      0.1666666666666667      0.1666666666666667
   50    4    7      0.1666666666666667     -0.1666666666666667      0.1666666666666667
   50    5   49      0.5000000000000000     -0.1666666666666667      0.1666666666666667
   50    6   44      0.1666666666666667      0.1666666666666667      0.1666666666666667
   50    7   14      0.1666666666666667     -0.1666666666666667      0.5000000000000000
   50    8   93      0.5000000000000000      0.1666666666666666      0.4999999999999999
   51      0.1666666666666667      0.1666666666666667      0.5000000000000000
   51    1   52     -0.0000000000000000      0.3333333333333334      0.6666666666666666
   51    2   57      0.3333333333333334     -0.0000000000000000      0.6666666666666666
   51    3   87      0.3333333333333333      0.3333333333333333      0.3333333333333333
   51    4    8      0.0000000000000000      0.0000000000000000      0.3333333333333333
   51    5   50      0.3333333333333333      0.0000000000000000      0.3333333333333334
   51    6   45      0.0000000000000000      0.3333333333333333      0.3333333333333334
   51    7   15      0.0000000000000000      0.0000000000000000      0.6666666666666666
   51    8   94      0.3333333333333333      0.3333333333333333      0.6666666666666667
   52     -0.0000000000000000      0.3333333333333334      0.6666666666666666
   52    1   53     -0.1666666666666667      0.5000000000000000      0.8333333333333334
   52    2   58      0.1666666666666667      0.1666666666666667      0.8333333333333334
   52    3   88      0.1666666666666666      0.5000000000000000      0.4999999999999999
   52    4    9     -0.1666666666666667      0.1666666666666667      0.5000000000000000
   52    5   51      0.1666666666666667      0.1666666666666667      0.5000000000000000
   52    6   46     -0.1666666666666667      0.5000000000000000      0.5000000000000000
   52    7   16     -0.1666666666666667      0.1666666666666667      0.8333333333333333
   52    8   95      0.1666666666666667      0.4999999999999999      0.8333333333333333
   53     -0.1666666666666667      0.5000000000000000      0.8333333333333334
   53    1   54     -0.3333333333333334      0.6666666666666666      1.0000000000000000
   53    2   59      0.0000000000000000      0.3333333333333333      0.9999999999999999
   53    3   89      0.0000000000000000      0.6666666666666666      0.6666666666666667
   53    4   10     -0.3333333333333334      0.3333333333333334      0.6666666666666666
   53    5   52     -0.0000000000000000      0.3333333333333334      0.6666666666666666
   53    6   47     -0.3333333333333334      0.6666666666666666      0.6666666666666666
   53    7   17     -0.3333333333333333      0.3333333333333333      1.0000000000000000
   53    8   96     -0.0000000000000001      0.6666666666666667      1.0000000000000002
   54     -0.3333333333333334      0.6666666666666666      1.0000000000000000
   54    1   49      0.5000000000000000     -0.1666666666666667      0.1666666666666667
   54    2   60     -0.1666666666666667      0.5000000000000000      1.1666666666666667
   54    3   90     -0.1666666666666667      0.8333333333333333      0.8333333333333335
   54    4   11     -0.5000000000000000      0.5000000000000000      0.8333333333333333
   54    5   53     -0.1666666666666667      0.5000000000000000      0.8333333333333334
   54    6   48     -0.5000000000000001      0.8333333333333334      0.8333333333333334
   54    7   18     -0.5000000000000000      0.5000000000000000      1.1666666666666667
   54    8   91      0.8333333333333333     -0.1666666666666667      0.1666666666666667
   55      0.6666666666666666     -0.3333333333333334      0.3333333333333334
   55    1   56      0.5000000000000000     -0.1666666666666667      0.5000000000000000
   55    2   61      0.8333333333333333     -0.5000000000000000      0.5000000000000000
   55    3   91      0.8333333333333333     -0.1666666666666667      0.1666666666666667
   55    4   18     -0.5000000000000000      0.5000000000000000      1.1666666666666667
   55    5   60     -0.1666666666666667      0.5000000000000000      1.1666666666666667
   55    6   49      0.5000000000000000     -0.1666666666666667      0.1666666666666667
   55    7   19      0.5000000000000000     -0.5000000000000000      0.5000000000000000
   55    8   98      0.8333333333333333     -0.1666666666666667      0.4999999999999999
   56      0.5000000000000000     -0.1666666666666667      0.5000000000000000
   56    1   57      0.3333333333333334     -0.0000000000000000      0.6666666666666666
   56    2   62      0.6666666666666666     -0.3333333333333334      0.6666666666666666
   56    3   92      0.6666666666666667     -0.0000000000000001      0.3333333333333333
   56    4   13      0.3333333333333333     -0.3333333333333333      0.3333333333333333
   56    5   55      0.6666666666666666     -0.3333333333333334      0.3333333333333334
   56    6   50      0.3333333333333333      0.0000000000000000      0.3333333333333334
   56    7   20      0.3333333333333334     -0.3333333333333334      0.6666666666666666
   56    8   99      0.6666666666666666      0.0000000000000000      0.6666666666666667
   57      0.3333333333333334     -0.0000000000000000      0.6666666666666666
   57    1   58      0.1666666666666667      0.1666666666666667      0.8333333333333334
   57    2   63      0.5000000000000000     -0.1666666666666667      0.8333333333333334
   57    3   93      0.5000000000000000      0.1666666666666666      0.4999999999999999
   57    4   14      0.1666666666666667     -0.1666666666666667      0.5000000000000000
   57    5   56      0.5000000000000000     -0.1666666666666667      0.5000000000000000
   57    6   51      0.1666666666666667      0.1666666666666667      0.5000000000000000
   57    7   21      0.1666666666666667     -0.1666666666666667      0.8333333333333333
   57    8  100      0.4999999999999999      0.1666666666666667      0.8333333333333333
   58      0.1666666666666667      0.1666666666666667      0.8333333333333334
   58    1   59      0.0000000000000000      0.3333333333333333      0.9999999999999999
   58    2   64      0.3333333333333333      0.0000000000000000      0.9999999999999999
   58    3   94      0.3333333333333333      0.3333333333333333      0.6666666666666667
   58    4   15      0.0000000000000000      0.0000000000000000      0.6666666666666666
   58    5   57      0.3333333333333334     -0.0000000000000000      0.6666666666666666
   58    6   52     -0.0000000000000000      0.3333333333333334      0.6666666666666666
   58    7   22      0.0000000000000000      0.0000000000000000      1.0000000000000000
   58    8  101      0.3333333333333333      0.3333333333333333      1.0000000000000000
   59      0.0000000000000000      0.3333333333333333      0.9999999999999999
   59    1   60     -0.1666666666666667      0.5000000000000000      1.1666666666666667
   59    2   65      0.1666666666666667      0.1666666666666667      1.1666666666666665
   59    3   95      0.1666666666666667      0.4999999999999999      0.8333333333333333
   59    4   16     -0.1666666666666667      0.1666666666666667      0.8333333333333333
   59    5   58      0.1666666666666667      0.1666666666666667      0.8333333333333334
   59    6   53     -0.1666666666666667      0.5000000000000000      0.8333333333333334
   59    7   23     -0.1666666666666666      0.1666666666666666      1.1666666666666665
   59    8  102      0.1666666666666666      0.5000000000000000      1.1666666666666667
   60     -0.1666666666666667      0.5000000000000000      1.1666666666666667
   60    1   55      0.6666666666666666     -0.3333333333333334      0.3333333333333334
   60    2   66     -0.0000000000000001      0.3333333333333334      1.3333333333333333
   60    3   96     -0.0000000000000001      0.6666666666666667      1.0000000000000002
   60    4   17     -0.3333333333333333      0.3333333333333333      1.0000000000000000
   60    5   59      0.0000000000000000      0.3333333333333333      0.9999999999999999
   60    6   54     -0.3333333333333334      0.6666666666666666      1.0000000000000000
   60    7   24     -0.3333333333333334      0.3333333333333334      1.3333333333333335
   60    8   97      1.0000000000000000     -0.3333333333333333      0.3333333333333333
   61      0.8333333333333333     -0.5000000000000000      0.5000000000000000
   61    1   62      0.6666666666666666     -0.3333333333333334      0.6666666666666666
   61    2   67      1.0000000000000000     -0.6666666666666667      0.6666666666666667
   61    3   97      1.0000000000000000     -0.3333333333333333      0.3333333333333333
   61    4   24     -0.3333333333333334      0.3333333333333334      1.3333333333333335
   61    5   66     -0.0000000000000001      0.3333333333333334      1.3333333333333333
   61    6   55      0.6666666666666666     -0.3333333333333334      0.3333333333333334
   61    7   25      0.6666666666666666     -0.6666666666666666      0.6666666666666666
   61    8  104      1.0000000000000000     -0.3333333333333334      0.6666666666666667
   62      0.6666666666666666     -0.3333333333333334      0.6666666666666666
   62    1   63      0.5000000000000000     -0.1666666666666667      0.8333333333333334
   62    2   68      0.8333333333333334     -0.5000000000000001      0.8333333333333334
   62    3   98      0.8333333333333333     -0.1666666666666667      0.4999999999999999
   62    4   19      0.5000000000000000     -0.5000000000000000      0.5000000000000000
   62    5   61      0.8333333333333333     -0.5000000000000000      0.5000000000000000
   62    6   56      0.5000000000000000     -0.1666666666666667      0.5000000000000000
   62    7   26      0.5000000000000000     -0.5000000000000000      0.8333333333333333
   62    8  105      0.8333333333333333     -0.1666666666666667      0.8333333333333335
   63      0.5000000000000000     -0.1666666666666667      0.8333333333333334
   63    1   64      0.3333333333333333      0.0000000000000000      0.9999999999999999
   63    2   69      0.6666666666666666     -0.3333333333333334      1.0000000000000000
   63    3   99      0.6666666666666666      0.0000000000000000      0.6666666666666667
   63    4   20      0.3333333333333334     -0.3333333333333334      0.6666666666666666
   63    5   62      0.6666666666666666     -0.3333333333333334      0.6666666666666666
   63    6   57      0.3333333333333334     -0.0000000000000000      0.6666666666666666
   63    7   27      0.3333333333333333     -0.3333333333333333      1.0000000000000000
   63    8  106      0.6666666666666667     -0.0000000000000001      1.0000000000000002
   64      0.3333333333333333      0.0000000000000000      0.9999999999999999
   64    1   65      0.1666666666666667      0.1666666666666667      1.1666666666666665
   64    2   70      0.5000000000000000     -0.1666666666666667      1.1666666666666667
   64    3  100      0.4999999999999999      0.1666666666666667      0.8333333333333333
   64    4   21      0.1666666666666667     -0.1666666666666667      0.8333333333333333
   64    5   63      0.5000000000000000     -0.1666666666666667      0.8333333333333334
   64    6   58      0.1666666666666667      0.1666666666666667      0.8333333333333334
   64    7   28      0.1666666666666666     -0.1666666666666666      1.1666666666666665
   64    8  107      0.5000000000000000      0.1666666666666666      1.1666666666666667
   65      0.1666666666666667      0.1666666666666667      1.1666666666666665
   65    1   66     -0.0000000000000001      0.3333333333333334      1.3333333333333333
   65    2   71      0.3333333333333334     -0.0000000000000001      1.3333333333333333
   65    3  101      0.3333333333333333      0.3333333333333333      1.0000000000000000
   65    4   22      0.0000000000000000      0.0000000000000000      1.0000000000000000
   65    5   64      0.3333333333333333      0.0000000000000000      0.9999999999999999
   65    6   59      0.0000000000000000      0.3333333333333333      0.9999999999999999
   65    7   29      0.0000000000000000      0.0000000000000000      1.3333333333333333
   65    8  108      0.3333333333333333      0.3333333333333333      1.3333333333333335
   66     -0.0000000000000001      0.3333333333333334      1.3333333333333333
   66    1   61      0.8333333333333333     -0.5000000000000000      0.5000000000000000
   66    2   72      0.1666666666666667      0.1666666666666667      1.5000000000000000
   66    3  102      0.1666666666666666      0.5000000000000000      1.1666666666666667
   66    4   23     -0.1666666666666666      0.1666666666666666      1.1666666666666665
   66    5   65      0.1666666666666667      0.1666666666666667      1.1666666666666665
   66    6   60     -0.1666666666666667      0.5000000000000000      1.1666666666666667
   66    7   30     -0.1666666666666667      0.1666666666666667      1.5000000000000000
   66    8  103      1.1666666666666667     -0.5000000000000000      0.5000000000000000
   67      1.0000000000000000     -0.6666666666666667      0.6666666666666667
   67    1   68      0.8333333333333334     -0.5000000000000001      0.8333333333333334
   67    2   37      0.1666666666666667      0.1666666666666667     -0.1666666666666667
   67    3  103      1.1666666666666667     -0.5000000000000000      0.5000000000000000
   67    4   30     -0.1666666666666667      0.1666666666666667      1.5000000000000000
   67    5   72      0.1666666666666667      0.1666666666666667      1.5000000000000000
   67    6   61      0.8333333333333333     -0.5000000000000000      0.5000000000000000
   67    7   31      0.8333333333333334     -0.8333333333333334      0.8333333333333334
   67    8   74      0.1666666666666667      0.5000000000000000     -0.1666666666666667
   68      0.8333333333333334     -0.5000000000000001      0.8333333333333334
   68    1   69      0.6666666666666666     -0.3333333333333334      1.0000000000000000
   68    2   38      0.0000000000000000      0.3333333333333333      0.0000000000000000
   68    3  104      1.0000000000000000     -0.3333333333333334      0.6666666666666667
   68    4   25      0.6666666666666666     -0.6666666666666666      0.6666666666666666
   68    5   67      1.0000000000000000     -0.6666666666666667      0.6666666666666667
   68    6   62      0.6666666666666666     -0.3333333333333334      0.6666666666666666
   68    7   32      0.6666666666666667     -0.6666666666666667      1.0000000000000000
   68    8   75      0.0000000000000000      0.6666666666666666      0.0000000000000000
   69      0.6666666666666666     -0.3333333333333334      1.0000000000000000
   69    1   70      0.5000000000000000     -0.1666666666666667      1.1666666666666667
   69    2   39     -0.1666666666666667      0.5000000000000000      0.1666666666666667
   69    3  105      0.8333333333333333     -0.1666666666666667      0.8333333333333335
   69    4   26      0.5000000000000000     -0.5000000000000000      0.8333333333333333
   69    5   68      0.8333333333333334     -0.5000000000000001      0.8333333333333334
   69    6   63      0.5000000000000000     -0.1666666666666667      0.8333333333333334
   69    7   33      0.5000000000000000     -0.5000000000000000      1.1666666666666667
   69    8   76     -0.1666666666666667      0.8333333333333333      0.1666666666666667
   70      0.5000000000000000     -0.1666666666666667      1.1666666666666667
   70    1   71      0.3333333333333334     -0.0000000000000001      1.3333333333333333
   70    2   40     -0.3333333333333334      0.6666666666666666      0.3333333333333334
   70    3  106      0.6666666666666667     -0.0000000000000001      1.0000000000000002
   70    4   27      0.3333333333333333     -0.3333333333333333      1.0000000000000000
   70    5   69      0.6666666666666666     -0.3333333333333334      1.0000000000000000
   70    6   64      0.3333333333333333      0.0000000000000000      0.9999999999999999
   70    7   34      0.3333333333333334     -0.3333333333333334      1.3333333333333335
   70    8   77     -0.3333333333333333      1.0000000000000000      0.3333333333333333
   71      0.3333333333333334     -0.0000000000000001      1.3333333333333333
   71    1   72      0.1666666666666667      0.1666666666666667      1.5000000000000000
   71    2   41     -0.5000000000000000      0.8333333333333333      0.5000000000000000
   71    3  107      0.5000000000000000      0.1666666666666666      1.1666666666666667
   71    4   28      0.1666666666666666     -0.1666666666666666      1.1666666666666665
   71    5   70      0.5000000000000000     -0.1666666666666667      1.1666666666666667
   71    6   65      0.1666666666666667      0.1666666666666667      1.1666666666666665
   71    7   35      0.1666666666666667     -0.1666666666666667      1.5000000000000000
   71    8   78     -0.5000000000000000      1.1666666666666667      0.5000000000000000
   72      0.1666666666666667      0.1666666666666667      1.5000000000000000
   72    1   67      1.0000000000000000     -0.6666666666666667      0.6666666666666667
   72    2   42     -0.6666666666666667      1.0000000000000000      0.6666666666666667
   72    3  108      0.3333333333333333      0.3333333333333333      1.3333333333333335
   72    4   29      0.0000000000000000      0.0000000000000000      1.3333333333333333
   72    5   71      0.3333333333333334     -0.0000000000000001      1.3333333333333333
   72    6   66     -0.0000000000000001      0.3333333333333334      1.3333333333333333
   72    7   36      0.0000000000000000      0.0000000000000000      1.6666666666666667
   72    8   73      0.3333333333333333      0.3333333333333333     -0.3333333333333333
   73      0.3333333333333333      0.3333333333333333     -0.3333333333333333
   73    1   74      0.1666666666666667      0.5000000000000000     -0.1666666666666667
   73    2   79      0.5000000000000000      0.1666666666666667     -0.1666666666666667
   73    3  109      0.5000000000000000      0.5000000000000000     -0.5000000000000000
   73    4   72      0.1666666666666667      0.1666666666666667      1.5000000000000000
   73    5   78     -0.5000000000000000      1.1666666666666667      0.5000000000000000
   73    6  103      1.1666666666666667     -0.5000000000000000      0.5000000000000000
   73    7   37      0.1666666666666667      0.1666666666666667     -0.1666666666666667
   73    8  116      0.5000000000000000      0.5000000000000000     -0.1666666666666667
   74      0.1666666666666667      0.5000000000000000     -0.1666666666666667
   74    1   75      0.0000000000000000      0.6666666666666666      0.0000000000000000
   74    2   80      0.3333333333333333      0.3333333333333333      0.0000000000000000
   74    3  110      0.3333333333333334      0.6666666666666666     -0.3333333333333334
   74    4   67      1.0000000000000000     -0.6666666666666667      0.6666666666666667
   74    5   73      0.3333333333333333      0.3333333333333333     -0.3333333333333333
   74    6  104      1.0000000000000000     -0.3333333333333334      0.6666666666666667
   74    7   38      0.0000000000000000      0.3333333333333333      0.0000000000000000
   74    8  117      0.3333333333333334      0.6666666666666666      0.0000000000000000
   75      0.0000000000000000      0.6666666666666666      0.0000000000000000
   75    1   76     -0.1666666666666667      0.8333333333333333      0.1666666666666667
   75    2   81      0.1666666666666667      0.5000000000000000      0.1666666666666667
   75    3  111      0.1666666666666667      0.8333333333333333     -0.1666666666666667
   75    4   68      0.8333333333333334     -0.5000000000000001      0.8333333333333334
   75    5   74      0.1666666666666667      0.5000000000000000     -0.1666666666666667
   75    6  105      0.8333333333333333     -0.1666666666666667      0.8333333333333335
   75    7   39     -0.1666666666666667      0.5000000000000000      0.1666666666666667
   75    8  118      0.1666666666666666      0.8333333333333334      0.1666666666666666
   76     -0.1666666666666667      0.8333333333333333      0.1666666666666667
   76    1   77     -0.3333333333333333      1.0000000000000000      0.3333333333333333
   76    2   82     -0.0000000000000001      0.6666666666666667      0.3333333333333333
   76    3  112      0.0000000000000000      1.0000000000000000      0.0000000000000000
   76    4   69      0.6666666666666666     -0.3333333333333334      1.0000000000000000
   76    5   75      0.0000000000000000      0.6666666666666666      0.0000000000000000
   76    6  106      0.6666666666666667     -0.0000000000000001      1.0000000000000002
   76    7   40     -0.3333333333333334      0.6666666666666666      0.3333333333333334
   76    8  119      0.0000000000000000      1.0000000000000000      0.3333333333333333
   77     -0.3333333333333333      1.0000000000000000      0.3333333333333333
   77    1   78     -0.5000000000000000      1.1666666666666667      0.5000000000000000
   77    2   83     -0.1666666666666667      0.8333333333333333      0.4999999999999999
   77    3  113     -0.1666666666666666      1.1666666666666665      0.1666666666666666
   77    4   70      0.5000000000000000     -0.1666666666666667      1.1666666666666667
   77    5   76     -0.1666666666666667      0.8333333333333333      0.1666666666666667
   77    6  107      0.5000000000000000      0.1666666666666666      1.1666666666666667
   77    7   41     -0.5000000000000000      0.8333333333333333      0.5000000000000000
   77    8  120     -0.1666666666666667      1.1666666666666667      0.5000000000000000
   78     -0.5000000000000000      1.1666666666666667      0.5000000000000000
   78    1   73      0.3333333333333333      0.3333333333333333     -0.3333333333333333
   78    2   84     -0.3333333333333334      1.0000000000000000      0.6666666666666667
   78    3  114     -0.3333333333333334      1.3333333333333335      0.3333333333333334
   78    4   71      0.3333333333333334     -0.0000000000000001      1.3333333333333333
   78    5   77     -0.3333333333333333      1.0000000000000000      0.3333333333333333
   78    6  108      0.3333333333333333      0.3333333333333333      1.3333333333333335
   78    7   42     -0.6666666666666667      1.0000000000000000      0.6666666666666667
   78    8  115      0.6666666666666666      0.3333333333333334     -0.3333333333333334
   79      0.5000000000000000      0.1666666666666667     -0.1666666666666667
   79    1   80      0.3333333333333333      0.3333333333333333      0.0000000000000000
   79    2   85      0.6666666666666666      0.0000000000000000      0.0000000000000000
   79    3  115      0.6666666666666666      0.3333333333333334     -0.3333333333333334
   79    4   42     -0.6666666666666667      1.0000000000000000      0.6666666666666667
   79    5   84     -0.3333333333333334      1.0000000000000000      0.6666666666666667
   79    6   73      0.3333333333333333      0.3333333333333333     -0.3333333333333333
   79    7   43      0.3333333333333333      0.0000000000000000      0.0000000000000000
   79    8  122      0.6666666666666666      0.3333333333333334      0.0000000000000000
   80      0.3333333333333333      0.3333333333333333      0.0000000000000000
   80    1   81      0.1666666666666667      0.5000000000000000      0.1666666666666667
   80    2   86      0.5000000000000000      0.1666666666666667      0.1666666666666667
   80    3  116      0.5000000000000000      0.5000000000000000     -0.1666666666666667
   80    4   37      0.1666666666666667      0.1666666666666667     -0.1666666666666667
   80    5   79      0.5000000000000000      0.1666666666666667     -0.1666666666666667
   80    6   74      0.1666666666666667      0.5000000000000000     -0.1666666666666667
   80    7   44      0.1666666666666667      0.1666666666666667      0.1666666666666667
   80    8  123      0.5000000000000000      0.5000000000000000      0.1666666666666666
   81      0.1666666666666667      0.5000000000000000      0.1666666666666667
   81    1   82     -0.0000000000000001      0.6666666666666667      0.3333333333333333
   81    2   87      0.3333333333333333      0.3333333333333333      0.3333333333333333
   81    3  117      0.3333333333333334      0.6666666666666666      0.0000000000000000
   81    4   38      0.0000000000000000      0.3333333333333333      0.0000000000000000
   81    5   80      0.3333333333333333      0.3333333333333333      0.0000000000000000
   81    6   75      0.0000000000000000      0.6666666666666666      0.0000000000000000
   81    7   45      0.0000000000000000      0.3333333333333333      0.3333333333333334
   81    8  124      0.3333333333333333      0.6666666666666667      0.3333333333333333
   82     -0.0000000000000001      0.6666666666666667      0.3333333333333333
   82    1   83     -0.1666666666666667      0.8333333333333333      0.4999999999999999
   82    2   88      0.1666666666666666      0.5000000000000000      0.4999999999999999
   82    3  118      0.1666666666666666      0.8333333333333334      0.1666666666666666
   82    4   39     -0.1666666666666667      0.5000000000000000      0.1666666666666667
   82    5   81      0.1666666666666667      0.5000000000000000      0.1666666666666667
   82    6   76     -0.1666666666666667      0.8333333333333333      0.1666666666666667
   82    7   46     -0.1666666666666667      0.5000000000000000      0.5000000000000000
   82    8  125      0.1666666666666667      0.8333333333333333      0.5000000000000000
   83     -0.1666666666666667      0.8333333333333333      0.4999999999999999
   83    1   84     -0.3333333333333334      1.0000000000000000      0.6666666666666667
   83    2   89      0.0000000000000000      0.6666666666666666      0.6666666666666667
   83    3  119      0.0000000000000000      1.0000000000000000      0.3333333333333333
   83    4   40     -0.3333333333333334      0.6666666666666666      0.3333333333333334
   83    5   82     -0.0000000000000001      0.6666666666666667      0.3333333333333333
   83    6   77     -0.3333333333333333      1.0000000000000000      0.3333333333333333
   83    7   47     -0.3333333333333334      0.6666666666666666      0.6666666666666666
   83    8  126      0.0000000000000000      1.0000000000000000      0.6666666666666667
   84     -0.3333333333333334      1.0000000000000000      0.6666666666666667
   84    1   79      0.5000000000000000      0.1666666666666667     -0.1666666666666667
   84    2   90     -0.1666666666666667      0.8333333333333333      0.8333333333333335
   84    3  120     -0.1666666666666667      1.1666666666666667      0.5000000000000000
   84    4   41     -0.5000000000000000      0.8333333333333333      0.5000000000000000
   84    5   83     -0.1666666666666667      0.8333333333333333      0.4999999999999999
   84    6   78     -0.5000000000000000      1.1666666666666667      0.5000000000000000
   84    7   48     -0.5000000000000001      0.8333333333333334      0.8333333333333334
   84    8  121      0.8333333333333333      0.1666666666666667     -0.1666666666666667
   85      0.6666666666666666      0.0000000000000000      0.0000000000000000
   85    1   86      0.5000000000000000      0.1666666666666667      0.1666666666666667
   85    2   91      0.8333333333333333     -0.1666666666666667      0.1666666666666667
   85    3  121      0.8333333333333333      0.1666666666666667     -0.1666666666666667
   85    4   48     -0.5000000000000001      0.8333333333333334      0.8333333333333334
   85    5   90     -0.1666666666666667      0.8333333333333333      0.8333333333333335
   85    6   79      0.5000000000000000      0.1666666666666667     -0.1666666666666667
   85    7   49      0.5000000000000000     -0.1666666666666667      0.1666666666666667
   85    8  128      0.8333333333333334      0.1666666666666666      0.1666666666666666
   86      0.5000000000000000      0.1666666666666667      0.1666666666666667
   86    1   87      0.3333333333333333      0.3333333333333333      0.3333333333333333
   86    2   92      0.6666666666666667     -0.0000000000000001      0.3333333333333333
   86    3  122      0.6666666666666666      0.3333333333333334      0.0000000000000000
   86    4   43      0.3333333333333333      0.0000000000000000      0.0000000000000000
   86    5   85      0.6666666666666666      0.0000000000000000      0.0000000000000000
   86    6   80      0.3333333333333333      0.3333333333333333      0.0000000000000000
   86    7   50      0.3333333333333333      0.0000000000000000      0.3333333333333334
   86    8  129      0.6666666666666667      0.3333333333333333      0.3333333333333333
   87      0.3333333333333333      0.3333333333333333      0.3333333333333333
   87    1   88      0.1666666666666666      0.5000000000000000      0.4999999999999999
   87    2   93      0.5000000000000000      0.1666666666666666      0.4999999999999999
   87    3  123      0.5000000000000000      0.5000000000000000      0.1666666666666666
   87    4   44      0.1666666666666667      0.1666666666666667      0.1666666666666667
   87    5   86      0.5000000000000000      0.1666666666666667      0.1666666666666667
   87    6   81      0.1666666666666667      0.5000000000000000      0.1666666666666667
   87    7   51      0.1666666666666667      0.1666666666666667      0.5000000000000000
   87    8  130      0.5000000000000000      0.5000000000000000      0.5000000000000000
   88      0.1666666666666666      0.5000000000000000      0.4999999999999999
   88    1   89      0.0000000000000000      0.6666666666666666      0.6666666666666667
   88    2   94      0.3333333333333333      0.3333333333333333      0.6666666666666667
   88    3  124      0.3333333333333333      0.6666666666666667      0.3333333333333333
   88    4   45      0.0000000000000000      0.3333333333333333      0.3333333333333334
   88    5   87      0.3333333333333333      0.3333333333333333      0.3333333333333333
   88    6   82     -0.0000000000000001      0.6666666666666667      0.3333333333333333
   88    7   52     -0.0000000000000000      0.3333333333333334      0.6666666666666666
   88    8  131      0.3333333333333334      0.6666666666666666      0.6666666666666665
   89      0.0000000000000000      0.6666666666666666      0.6666666666666667
   89    1   90     -0.1666666666666667      0.8333333333333333      0.8333333333333335
   89    2   95      0.1666666666666667      0.4999999999999999      0.8333333333333333
   89    3  125      0.1666666666666667      0.8333333333333333      0.5000000000000000
   89    4   46     -0.1666666666666667      0.5000000000000000      0.5000000000000000
   89    5   88      0.1666666666666666      0.5000000000000000      0.4999999999999999
   89    6   83     -0.1666666666666667      0.8333333333333333      0.4999999999999999
   89    7   53     -0.1666666666666667      0.5000000000000000      0.8333333333333334
   89    8  132      0.1666666666666666      0.8333333333333334      0.8333333333333335
   90     -0.1666666666666667      0.8333333333333333      0.8333333333333335
   90    1   85      0.6666666666666666      0.0000000000000000      0.0000000000000000
   90    2   96     -0.0000000000000001      0.6666666666666667      1.0000000000000002
   90    3  126      0.0000000000000000      1.0000000000000000      0.6666666666666667
   90    4   47     -0.3333333333333334      0.6666666666666666      0.6666666666666666
   90    5   89      0.0000000000000000      0.6666666666666666      0.6666666666666667
   90    6   84     -0.3333333333333334      1.0000000000000000      0.6666666666666667
   90    7   54     -0.3333333333333334      0.6666666666666666      1.0000000000000000
   90    8  127      1.0000000000000000      0.0000000000000000      0.0000000000000000
   91      0.8333333333333333     -0.1666666666666667      0.1666666666666667
   91    1   92      0.6666666666666667     -0.0000000000000001      0.3333333333333333
   91    2   97      1.0000000000000000     -0.3333333333333333      0.3333333333333333
   91    3  127      1.0000000000000000      0.0000000000000000      0.0000000000000000
   91    4   54     -0.3333333333333334      0.6666666666666666      1.0000000000000000
   91    5   96     -0.0000000000000001      0.6666666666666667      1.0000000000000002
   91    6   85      0.6666666666666666      0.0000000000000000      0.0000000000000000
   91    7   55      0.6666666666666666     -0.3333333333333334      0.3333333333333334
   91    8  134      1.0000000000000000      0.0000000000000000      0.3333333333333333
   92      0.6666666666666667     -0.0000000000000001      0.3333333333333333
   92    1   93      0.5000000000000000      0.1666666666666666      0.4999999999999999
   92    2   98      0.8333333333333333     -0.1666666666666667      0.4999999999999999
   92    3  128      0.8333333333333334      0.1666666666666666      0.1666666666666666
   92    4   49      0.5000000000000000     -0.1666666666666667      0.1666666666666667
   92    5   91      0.8333333333333333     -0.1666666666666667      0.1666666666666667
   92    6   86      0.5000000000000000      0.1666666666666667      0.1666666666666667
   92    7   56      0.5000000000000000     -0.1666666666666667      0.5000000000000000
   92    8  135      0.8333333333333333      0.1666666666666667      0.5000000000000000
   93      0.5000000000000000      0.1666666666666666      0.4999999999999999
   93    1   94      0.3333333333333333      0.3333333333333333      0.6666666666666667
   93    2   99      0.6666666666666666      0.0000000000000000      0.6666666666666667
   93    3  129      0.6666666666666667      0.3333333333333333      0.3333333333333333
   93    4   50      0.3333333333333333      0.0000000000000000      0.3333333333333334
   93    5   92      0.6666666666666667     -0.0000000000000001      0.3333333333333333
   93    6   87      0.3333333333333333      0.3333333333333333      0.3333333333333333
   93    7   57      0.3333333333333334     -0.0000000000000000      0.6666666666666666
   93    8  136      0.6666666666666666      0.3333333333333334      0.6666666666666665
   94      0.3333333333333333      0.3333333333333333      0.6666666666666667
   94    1   95      0.1666666666666667      0.4999999999999999      0.8333333333333333
   94    2  100      0.4999999999999999      0.1666666666666667      0.8333333333333333
   94    3  130      0.5000000000000000      0.5000000000000000      0.5000000000000000
   94    4   51      0.1666666666666667      0.1666666666666667      0.5000000000000000
   94    5   93      0.5000000000000000      0.1666666666666666      0.4999999999999999
   94    6   88      0.1666666666666666      0.5000000000000000      0.4999999999999999
   94    7   58      0.1666666666666667      0.1666666666666667      0.8333333333333334
   94    8  137      0.5000000000000000      0.5000000000000000      0.8333333333333333
   95      0.1666666666666667      0.4999999999999999      0.8333333333333333
   95    1   96     -0.0000000000000001      0.6666666666666667      1.0000000000000002
   95    2  101      0.3333333333333333      0.3333333333333333      1.0000000000000000
   95    3  131      0.3333333333333334      0.6666666666666666      0.6666666666666665
   95    4   52     -0.0000000000000000      0.3333333333333334      0.6666666666666666
   95    5   94      0.3333333333333333      0.3333333333333333      0.6666666666666667
   95    6   89      0.0000000000000000      0.6666666666666666      0.6666666666666667
   95    7   59      0.0000000000000000      0.3333333333333333      0.9999999999999999
   95    8  138      0.3333333333333333      0.6666666666666667      1.0000000000000000
   96     -0.0000000000000001      0.6666666666666667      1.0000000000000002
   96    1   91      0.8333333333333333     -0.1666666666666667      0.1666666666666667
   96    2  102      0.1666666666666666      0.5000000000000000      1.1666666666666667
   96    3  132      0.1666666666666666      0.8333333333333334      0.8333333333333335
   96    4   53     -0.1666666666666667      0.5000000000000000      0.8333333333333334
   96    5   95      0.1666666666666667      0.4999999999999999      0.8333333333333333
   96    6   90     -0.1666666666666667      0.8333333333333333      0.8333333333333335
   96    7   60     -0.1666666666666667      0.5000000000000000      1.1666666666666667
   96    8  133      1.1666666666666665     -0.1666666666666666      0.1666666666666666
   97      1.0000000000000000     -0.3333333333333333      0.3333333333333333
   97    1   98      0.8333333333333333     -0.1666666666666667      0.4999999999999999
   97    2  103      1.1666666666666667     -0.5000000000000000      0.5000000000000000
   97    3  133      1.1666666666666665     -0.1666666666666666      0.1666666666666666
   97    4   60     -0.1666666666666667      0.5000000000000000      1.1666666666666667
   97    5  102      0.1666666666666666      0.5000000000000000      1.1666666666666667
   97    6   91      0.8333333333333333     -0.1666666666666667      0.1666666666666667
   97    7   61      0.8333333333333333     -0.5000000000000000      0.5000000000000000
   97    8  140      1.1666666666666667     -0.1666666666666667      0.5000000000000000
   98      0.8333333333333333     -0.1666666666666667      0.4999999999999999
   98    1   99      0.6666666666666666      0.0000000000000000      0.6666666666666667
   98    2  104      1.0000000000000000     -0.3333333333333334      0.6666666666666667
   98    3  134      1.0000000000000000      0.0000000000000000      0.3333333333333333
   98    4   55      0.6666666666666666     -0.3333333333333334      0.3333333333333334
   98    5   97      1.0000000000000000     -0.3333333333333333      0.3333333333333333
   98    6   92      0.6666666666666667     -0.0000000000000001      0.3333333333333333
   98    7   62      0.6666666666666666     -0.3333333333333334      0.6666666666666666
   98    8  141      1.0000000000000000      0.0000000000000000      0.6666666666666667
   99      0.6666666666666666      0.0000000000000000      0.6666666666666667
   99    1  100      0.4999999999999999      0.1666666666666667      0.8333333333333333
   99    2  105      0.8333333333333333     -0.1666666666666667      0.8333333333333335
   99    3  135      0.8333333333333333      0.1666666666666667      0.5000000000000000
   99    4   56      0.5000000000000000     -0.1666666666666667      0.5000000000000000
   99    5   98      0.8333333333333333     -0.1666666666666667      0.4999999999999999
   99    6   93      0.5000000000000000      0.1666666666666666      0.4999999999999999
   99    7   63      0.5000000000000000     -0.1666666666666667      0.8333333333333334
   99    8  142      0.8333333333333334      0.1666666666666666      0.8333333333333335
  100      0.4999999999999999      0.1666666666666667      0.8333333333333333
  100    1  101      0.3333333333333333      0.3333333333333333      1.0000000000000000
  100    2  106      0.6666666666666667     -0.0000000000000001      1.0000000000000002
  100    3  136      0.6666666666666666      0.3333333333333334      0.6666666666666665
  100    4   57      0.3333333333333334     -0.0000000000000000      0.6666666666666666
  100    5   99      0.6666666666666666      0.0000000000000000      0.6666666666666667
  100    6   94      0.3333333333333333      0.3333333333333333      0.6666666666666667
  100    7   64      0.3333333333333333      0.0000000000000000      0.9999999999999999
  100    8  143      0.6666666666666667      0.3333333333333333      1.0000000000000000
  101      0.3333333333333333      0.3333333333333333      1.0000000000000000
  101    1  102      0.1666666666666666      0.5000000000000000      1.1666666666666667
  101    2  107      0.5000000000000000      0.1666666666666666      1.1666666666666667
  101    3  137      0.5000000000000000      0.5000000000000000      0.8333333333333333
  101    4   58      0.1666666666666667      0.1666666666666667      0.8333333333333334
  101    5  100      0.4999999999999999      0.1666666666666667      0.8333333333333333
  101    6   95      0.1666666666666667      0.4999999999999999      0.8333333333333333
  101    7   65      0.1666666666666667      0.1666666666666667      1.1666666666666665
  101    8  144      0.5000000000000000      0.5000000000000000      1.1666666666666667
  102      0.1666666666666666      0.5000000000000000      1.1666666666666667
  102    1   97      1.0000000000000000     -0.3333333333333333      0.3333333333333333
  102    2  108      0.3333333333333333      0.3333333333333333      1.3333333333333335
  102    3  138      0.3333333333333333      0.6666666666666667      1.0000000000000000
  102    4   59      0.0000000000000000      0.3333333333333333      0.9999999999999999
  102    5  101      0.3333333333333333      0.3333333333333333      1.0000000000000000
  102    6   96     -0.0000000000000001      0.6666666666666667      1.0000000000000002
  102    7   66     -0.0000000000000001      0.3333333333333334      1.3333333333333333
  102    8  139      1.3333333333333335     -0.3333333333333334      0.3333333333333334
  103      1.1666666666666667     -0.5000000000000000      0.5000000000000000
  103    1  104      1.0000000000000000     -0.3333333333333334      0.6666666666666667
  103    2   73      0.3333333333333333      0.3333333333333333     -0.3333333333333333
  103    3  139      1.3333333333333335     -0.3333333333333334      0.3333333333333334
  103    4   66     -0.0000000000000001      0.3333333333333334      1.3333333333333333
  103    5  108      0.3333333333333333      0.3333333333333333      1.3333333333333335
  103    6   97      1.0000000000000000     -0.3333333333333333      0.3333333333333333
  103    7   67      1.0000000000000000     -0.6666666666666667      0.6666666666666667
  103    8  110      0.3333333333333334      0.6666666666666666     -0.3333333333333334
  104      1.0000000000000000     -0.3333333333333334      0.6666666666666667
  104    1  105      0.8333333333333333     -0.1666666666666667      0.8333333333333335
  104    2   74      0.1666666666666667      0.5000000000000000     -0.1666666666666667
  104    3  140      1.1666666666666667     -0.1666666666666667      0.5000000000000000
  104    4   61      0.8333333333333333     -0.5000000000000000      0.5000000000000000
  104    5  103      1.1666666666666667     -0.5000000000000000      0.5000000000000000
  104    6   98      0.8333333333333333     -0.1666666666666667      0.4999999999999999
  104    7   68      0.8333333333333334     -0.5000000000000001      0.8333333333333334
  104    8  111      0.1666666666666667      0.8333333333333333     -0.1666666666666667
  105      0.8333333333333333     -0.1666666666666667      0.8333333333333335
  105    1  106      0.6666666666666667     -0.0000000000000001      1.0000000000000002
  105    2   75      0.0000000000000000      0.6666666666666666      0.0000000000000000
  105    3  141      1.0000000000000000      0.0000000000000000      0.6666666666666667
  105    4   62      0.6666666666666666     -0.3333333333333334      0.6666666666666666
  105    5  104      1.0000000000000000     -0.3333333333333334      0.6666666666666667
  105    6   99      0.6666666666666666      0.0000000000000000      0.6666666666666667
  105    7   69      0.6666666666666666     -0.3333333333333334      1.0000000000000000
  105    8  112      0.0000000000000000      1.0000000000000000      0.0000000000000000
  106      0.6666666666666667     -0.0000000000000001      1.0000000000000002
  106    1  107      0.5000000000000000      0.1666666666666666      1.1666666666666667
  106    2   76     -0.1666666666666667      0.8333333333333333      0.1666666666666667
  106    3  142      0.8333333333333334      0.1666666666666666      0.8333333333333335
  106    4   63      0.5000000000000000     -0.1666666666666667      0.8333333333333334
  106    5  105      0.8333333333333333     -0.1666666666666667      0.8333333333333335
  106    6  100      0.4999999999999999      0.1666666666666667      0.8333333333333333
  106    7   70      0.5000000000000000     -0.1666666666666667      1.1666666666666667
  106    8  113     -0.1666666666666666      1.1666666666666665      0.1666666666666666
  107      0.5000000000000000      0.1666666666666666      1.1666666666666667
  107    1  108      0.3333333333333333      0.3333333333333333      1.3333333333333335
  107    2   77     -0.3333333333333333      1.0000000000000000      0.3333333333333333
  107    3  143      0.6666666666666667      0.3333333333333333      1.0000000000000000
  107    4   64      0.3333333333333333      0.0000000000000000      0.9999999999999999
  107    5  106      0.6666666666666667     -0.0000000000000001      1.0000000000000002
  107    6  101      0.3333333333333333      0.3333333333333333      1.0000000000000000
  107    7   71      0.3333333333333334     -0.0000000000000001      1.3333333333333333
  107    8  114     -0.3333333333333334      1.3333333333333335      0.3333333333333334
  108      0.3333333333333333      0.3333333333333333      1.3333333333333335
  108    1  103      1.1666666666666667     -0.5000000000000000      0.5000000000000000
  108    2   78     -0.5000000000000000      1.1666666666666667      0.5000000000000000
  108    3  144      0.5000000000000000      0.5000000000000000      1.1666666666666667
  108    4   65      0.1666666666666667      0.1666666666666667      1.1666666666666665
  108    5  107      0.5000000000000000      0.1666666666666666      1.1666666666666667
  108    6  102      0.1666666666666666      0.5000000000000000      1.1666666666666667
  108    7   72      0.1666666666666667      0.1666666666666667      1.5000000000000000
  108    8  109      0.5000000000000000      0.5000000000000000     -0.5000000000000000
  109      0.5000000000000000      0.5000000000000000     -0.5000000000000000
  109    1  110      0.3333333333333334      0.6666666666666666     -0.3333333333333334
  109    2  115      0.6666666666666666      0.3333333333333334     -0.3333333333333334
  109    3  145      0.6666666666666666      0.6666666666666666     -0.6666666666666666
  109    4  108      0.3333333333333333      0.3333333333333333      1.3333333333333335
  109    5  114     -0.3333333333333334      1.3333333333333335      0.3333333333333334
  109    6  139      1.3333333333333335     -0.3333333333333334      0.3333333333333334
  109    7   73      0.3333333333333333      0.3333333333333333     -0.3333333333333333
  109    8  152      0.6666666666666666      0.6666666666666666     -0.3333333333333333
  110      0.3333333333333334      0.6666666666666666     -0.3333333333333334
  110    1  111      0.1666666666666667      0.8333333333333333     -0.1666666666666667
  110    2  116      0.5000000000000000      0.5000000000000000     -0.1666666666666667
  110    3  146      0.5000000000000000      0.8333333333333333     -0.5000000000000000
  110    4  103      1.1666666666666667     -0.5000000000000000      0.5000000000000000
  110    5  109      0.5000000000000000      0.5000000000000000     -0.5000000000000000
  110    6  140      1.1666666666666667     -0.1666666666666667      0.5000000000000000
  110    7   74      0.1666666666666667      0.5000000000000000     -0.1666666666666667
  110    8  153      0.5000000000000000      0.8333333333333333     -0.1666666666666666
  111      0.1666666666666667      0.8333333333333333     -0.1666666666666667
  111    1  112      0.0000000000000000      1.0000000000000000      0.0000000000000000
  111    2  117      0.3333333333333334      0.6666666666666666      0.0000000000000000
  111    3  147      0.3333333333333333      1.0000000000000000     -0.3333333333333333
  111    4  104      1.0000000000000000     -0.3333333333333334      0.6666666666666667
  111    5  110      0.3333333333333334      0.6666666666666666     -0.3333333333333334
  111    6  141      1.0000000000000000      0.0000000000000000      0.6666666666666667
  111    7   75      0.0000000000000000      0.6666666666666666      0.0000000000000000
  111    8  154      0.3333333333333333      1.0000000000000000      0.0000000000000000
  112      0.0000000000000000      1.0000000000000000      0.0000000000000000
  112    1  113     -0.1666666666666666      1.1666666666666665      0.1666666666666666
  112    2  118      0.1666666666666666      0.8333333333333334      0.1666666666666666
  112    3  148      0.1666666666666666      1.1666666666666665     -0.1666666666666666
  112    4  105      0.8333333333333333     -0.1666666666666667      0.8333333333333335
  112    5  111      0.1666666666666667      0.8333333333333333     -0.1666666666666667
  112    6  142      0.8333333333333334      0.1666666666666666      0.8333333333333335
  112    7   76     -0.1666666666666667      0.8333333333333333      0.1666666666666667
  112    8  155      0.1666666666666666      1.1666666666666665      0.1666666666666666
  113     -0.1666666666666666      1.1666666666666665      0.1666666666666666
  113    1  114     -0.3333333333333334      1.3333333333333335      0.3333333333333334
  113    2  119      0.0000000000000000      1.0000000000000000      0.3333333333333333
  113    3  149      0.0000000000000000      1.3333333333333333      0.0000000000000000
  113    4  106      0.6666666666666667     -0.0000000000000001      1.0000000000000002
  113    5  112      0.0000000000000000      1.0000000000000000      0.0000000000000000
  113    6  143      0.6666666666666667      0.3333333333333333      1.0000000000000000
  113    7   77     -0.3333333333333333      1.0000000000000000      0.3333333333333333
  113    8  156     -0.0000000000000001      1.3333333333333335      0.3333333333333334
  114     -0.3333333333333334      1.3333333333333335      0.3333333333333334
  114    1  109      0.5000000000000000      0.5000000000000000     -0.5000000000000000
  114    2  120     -0.1666666666666667      1.1666666666666667      0.5000000000000000
  114    3  150     -0.1666666666666667      1.5000000000000000      0.1666666666666667
  114    4  107      0.5000000000000000      0.1666666666666666      1.1666666666666667
  114    5  113     -0.1666666666666666      1.1666666666666665      0.1666666666666666
  114    6  144      0.5000000000000000      0.5000000000000000      1.1666666666666667
  114    7   78     -0.5000000000000000      1.1666666666666667      0.5000000000000000
  114    8  151      0.8333333333333333      0.5000000000000000     -0.5000000000000000
  115      0.6666666666666666      0.3333333333333334     -0.3333333333333334
  115    1  116      0.5000000000000000      0.5000000000000000     -0.1666666666666667
  115    2  121      0.8333333333333333      0.1666666666666667     -0.1666666666666667
  115    3  151      0.8333333333333333      0.5000000000000000     -0.5000000000000000
  115    4   78     -0.5000000000000000      1.1666666666666667      0.5000000000000000
  115    5  120     -0.1666666666666667      1.1666666666666667      0.5000000000000000
  115    6  109      0.5000000000000000      0.5000000000000000     -0.5000000000000000
  115    7   79      0.5000000000000000      0.1666666666666667     -0.1666666666666667
  115    8  158      0.8333333333333333      0.5000000000000000     -0.1666666666666666
  116      0.5000000000000000      0.5000000000000000     -0.1666666666666667
  116    1  117      0.3333333333333334      0.6666666666666666      0.0000000000000000
  116    2  122      0.6666666666666666      0.3333333333333334      0.0000000000000000
  116    3  152      0.6666666666666666      0.6666666666666666     -0.3333333333333333
  116    4   73      0.3333333333333333      0.3333333333333333     -0.3333333333333333
  116    5  115      0.6666666666666666      0.3333333333333334     -0.3333333333333334
  116    6  110      0.3333333333333334      0.6666666666666666     -0.3333333333333334
  116    7   80      0.3333333333333333      0.3333333333333333      0.0000000000000000
  116    8  159      0.6666666666666666      0.6666666666666666      0.0000000000000000
  117      0.3333333333333334      0.6666666666666666      0.0000000000000000
  117    1  118      0.1666666666666666      0.8333333333333334      0.1666666666666666
  117    2  123      0.5000000000000000      0.5000000000000000      0.1666666666666666
  117    3  153      0.5000000000000000      0.8333333333333333     -0.1666666666666666
  117    4   74      0.1666666666666667      0.5000000000000000     -0.1666666666666667
  117    5  116      0.5000000000000000      0.5000000000000000     -0.1666666666666667
  117    6  111      0.1666666666666667      0.8333333333333333     -0.1666666666666667
  117    7   81      0.1666666666666667      0.5000000000000000      0.1666666666666667
  117    8  160      0.4999999999999999      0.8333333333333333      0.1666666666666666
  118      0.1666666666666666      0.8333333333333334      0.1666666666666666
  118    1  119      0.0000000000000000      1.0000000000000000      0.3333333333333333
  118    2  124      0.3333333333333333      0.6666666666666667      0.3333333333333333
  118    3  154      0.3333333333333333      1.0000000000000000      0.0000000000000000
  118    4   75      0.0000000000000000      0.6666666666666666      0.0000000000000000
  118    5  117      0.3333333333333334      0.6666666666666666      0.0000000000000000
  118    6  112      0.0000000000000000      1.0000000000000000      0.0000000000000000
  118    7   82     -0.0000000000000001      0.6666666666666667      0.3333333333333333
  118    8  161      0.3333333333333333      1.0000000000000000      0.3333333333333334
  119      0.0000000000000000      1.0000000000000000      0.3333333333333333
  119    1  120     -0.1666666666666667      1.1666666666666667      0.5000000000000000
  119    2  125      0.1666666666666667      0.8333333333333333      0.5000000000000000
  119    3  155      0.1666666666666666      1.1666666666666665      0.1666666666666666
  119    4   76     -0.1666666666666667      0.8333333333333333      0.1666666666666667
  119    5  118      0.1666666666666666      0.8333333333333334      0.1666666666666666
  119    6  113     -0.1666666666666666      1.1666666666666665      0.1666666666666666
  119    7   83     -0.1666666666666667      0.8333333333333333      0.4999999999999999
  119    8  162      0.1666666666666666      1.1666666666666665      0.5000000000000001
  120     -0.1666666666666667      1.1666666666666667      0.5000000000000000
  120    1  115      0.6666666666666666      0.3333333333333334     -0.3333333333333334
  120    2  126      0.0000000000000000      1.0000000000000000      0.6666666666666667
  120    3  156     -0.0000000000000001      1.3333333333333335      0.3333333333333334
  120    4   77     -0.3333333333333333      1.0000000000000000      0.3333333333333333
  120    5  119      0.0000000000000000      1.0000000000000000      0.3333333333333333
  120    6  114     -0.3333333333333334      1.3333333333333335      0.3333333333333334
  120    7   84     -0.3333333333333334      1.0000000000000000      0.6666666666666667
  120    8  157      1.0000000000000000      0.3333333333333333     -0.3333333333333333
  121      0.8333333333333333      0.1666666666666667     -0.1666666666666667
  121    1  122      0.6666666666666666      0.3333333333333334      0.0000000000000000
  121    2  127      1.0000000000000000      0.0000000000000000      0.0000000000000000
  121    3  157      1.0000000000000000      0.3333333333333333     -0.3333333333333333
  121    4   84     -0.3333333333333334      1.0000000000000000      0.6666666666666667
  121    5  126      0.0000000000000000      1.0000000000000000      0.6666666666666667
  121    6  115      0.6666666666666666      0.3333333333333334     -0.3333333333333334
  121    7   85      0.6666666666666666      0.0000000000000000      0.0000000000000000
  121    8  164      1.0000000000000000      0.3333333333333333      0.0000000000000000
  122      0.6666666666666666      0.3333333333333334      0.0000000000000000
  122    1  123      0.5000000000000000      0.5000000000000000      0.1666666666666666
  122    2  128      0.8333333333333334      0.1666666666666666      0.1666666666666666
  122    3  158      0.8333333333333333      0.5000000000000000     -0.1666666666666666
  122    4   79      0.5000000000000000      0.1666666666666667     -0.1666666666666667
  122    5  121      0.8333333333333333      0.1666666666666667     -0.1666666666666667
  122    6  116      0.5000000000000000      0.5000000000000000     -0.1666666666666667
  122    7   86      0.5000000000000000      0.1666666666666667      0.1666666666666667
  122    8  165      0.8333333333333333      0.4999999999999999      0.1666666666666666
  123      0.5000000000000000      0.5000000000000000      0.1666666666666666
  123    1  124      0.3333333333333333      0.6666666666666667      0.3333333333333333
  123    2  129      0.6666666666666667      0.3333333333333333      0.3333333333333333
  123    3  159      0.6666666666666666      0.6666666666666666      0.0000000000000000
  123    4   80      0.3333333333333333      0.3333333333333333      0.0000000000000000
  123    5  122      0.6666666666666666      0.3333333333333334      0.0000000000000000
  123    6  117      0.3333333333333334      0.6666666666666666      0.0000000000000000
  123    7   87      0.3333333333333333      0.3333333333333333      0.3333333333333333
  123    8  166      0.6666666666666666      0.6666666666666666      0.3333333333333334
  124      0.3333333333333333      0.6666666666666667      0.3333333333333333
  124    1  125      0.1666666666666667      0.8333333333333333      0.5000000000000000
  124    2  130      0.5000000000000000      0.5000000000000000      0.5000000000000000
  124    3  160      0.4999999999999999      0.8333333333333333      0.1666666666666666
  124    4   81      0.1666666666666667      0.5000000000000000      0.1666666666666667
  124    5  123      0.5000000000000000      0.5000000000000000      0.1666666666666666
  124    6  118      0.1666666666666666      0.8333333333333334      0.1666666666666666
  124    7   88      0.1666666666666666      0.5000000000000000      0.4999999999999999
  124    8  167      0.5000000000000000      0.8333333333333333      0.4999999999999999
  125      0.1666666666666667      0.8333333333333333      0.5000000000000000
  125    1  126      0.0000000000000000      1.0000000000000000      0.6666666666666667
  125    2  131      0.3333333333333334      0.6666666666666666      0.6666666666666665
  125    3  161      0.3333333333333333      1.0000000000000000      0.3333333333333334
  125    4   82     -0.0000000000000001      0.6666666666666667      0.3333333333333333
  125    5  124      0.3333333333333333      0.6666666666666667      0.3333333333333333
  125    6  119      0.0000000000000000      1.0000000000000000      0.3333333333333333
  125    7   89      0.0000000000000000      0.6666666666666666      0.6666666666666667
  125    8  168      0.3333333333333333      1.0000000000000000      0.6666666666666669
  126      0.0000000000000000      1.0000000000000000      0.6666666666666667
  126    1  121      0.8333333333333333      0.1666666666666667     -0.1666666666666667
  126    2  132      0.1666666666666666      0.8333333333333334      0.8333333333333335
  126    3  162      0.1666666666666666      1.1666666666666665      0.5000000000000001
  126    4   83     -0.1666666666666667      0.8333333333333333      0.4999999999999999
  126    5  125      0.1666666666666667      0.8333333333333333      0.5000000000000000
  126    6  120     -0.1666666666666667      1.1666666666666667      0.5000000000000000
  126    7   90     -0.1666666666666667      0.8333333333333333      0.8333333333333335
  126    8  163      1.1666666666666665      0.1666666666666666     -0.1666666666666666
  127      1.0000000000000000      0.0000000000000000      0.0000000000000000
  127    1  128      0.8333333333333334      0.1666666666666666      0.1666666666666666
  127    2  133      1.1666666666666665     -0.1666666666666666      0.1666666666666666
  127    3  163      1.1666666666666665      0.1666666666666666     -0.1666666666666666
  127    4   90     -0.1666666666666667      0.8333333333333333      0.8333333333333335
  127    5  132      0.1666666666666666      0.8333333333333334      0.8333333333333335
  127    6  121      0.8333333333333333      0.1666666666666667     -0.1666666666666667
  127    7   91      0.8333333333333333     -0.1666666666666667      0.1666666666666667
  127    8  170      1.1666666666666665      0.1666666666666666      0.1666666666666666
  128      0.8333333333333334      0.1666666666666666      0.1666666666666666
  128    1  129      0.6666666666666667      0.3333333333333333      0.3333333333333333
  128    2  134      1.0000000000000000      0.0000000000000000      0.3333333333333333
  128    3  164      1.0000000000000000      0.3333333333333333      0.0000000000000000
  128    4   85      0.6666666666666666      0.0000000000000000      0.0000000000000000
  128    5  127      1.0000000000000000      0.0000000000000000      0.0000000000000000
  128    6  122      0.6666666666666666      0.3333333333333334      0.0000000000000000
  128    7   92      0.6666666666666667     -0.0000000000000001      0.3333333333333333
  128    8  171      1.0000000000000000      0.3333333333333333      0.3333333333333334
  129      0.6666666666666667      0.3333333333333333      0.3333333333333333
  129    1  130      0.5000000000000000      0.5000000000000000      0.5000000000000000
  129    2  135      0.8333333333333333      0.1666666666666667      0.5000000000000000
  129    3  165      0.8333333333333333      0.4999999999999999      0.1666666666666666
  129    4   86      0.5000000000000000      0.1666666666666667      0.1666666666666667
  129    5  128      0.8333333333333334      0.1666666666666666      0.1666666666666666
  129    6  123      0.5000000000000000      0.5000000000000000      0.1666666666666666
  129    7   93      0.5000000000000000      0.1666666666666666      0.4999999999999999
  129    8  172      0.8333333333333333      0.5000000000000000      0.4999999999999999
  130      0.5000000000000000      0.5000000000000000      0.5000000000000000
  130    1  131      0.3333333333333334      0.6666666666666666      0.6666666666666665
  130    2  136      0.6666666666666666      0.3333333333333334      0.6666666666666665
  130    3  166      0.6666666666666666      0.6666666666666666      0.3333333333333334
  130    4   87      0.3333333333333333      0.3333333333333333      0.3333333333333333
  130    5  129      0.6666666666666667      0.3333333333333333      0.3333333333333333
  130    6  124      0.3333333333333333      0.6666666666666667      0.3333333333333333
  130    7   94      0.3333333333333333      0.3333333333333333      0.6666666666666667
  130    8  173      0.6666666666666666      0.6666666666666666      0.6666666666666666
  131      0.3333333333333334      0.6666666666666666      0.6666666666666665
  131    1  132      0.1666666666666666      0.8333333333333334      0.8333333333333335
  131    2  137      0.5000000000000000      0.5000000000000000      0.8333333333333333
  131    3  167      0.5000000000000000      0.8333333333333333      0.4999999999999999
  131    4   88      0.1666666666666666      0.5000000000000000      0.4999999999999999
  131    5  130      0.5000000000000000      0.5000000000000000      0.5000000000000000
  131    6  125      0.1666666666666667      0.8333333333333333      0.5000000000000000
  131    7   95      0.1666666666666667      0.4999999999999999      0.8333333333333333
  131    8  174      0.4999999999999999      0.8333333333333334      0.8333333333333334
  132      0.1666666666666666      0.8333333333333334      0.8333333333333335
  132    1  127      1.0000000000000000      0.0000000000000000      0.0000000000000000
  132    2  138      0.3333333333333333      0.6666666666666667      1.0000000000000000
  132    3  168      0.3333333333333333      1.0000000000000000      0.6666666666666669
  132    4   89      0.0000000000000000      0.6666666666666666      0.6666666666666667
  132    5  131      0.3333333333333334      0.6666666666666666      0.6666666666666665
  132    6  126      0.0000000000000000      1.0000000000000000      0.6666666666666667
  132    7   96     -0.0000000000000001      0.6666666666666667      1.0000000000000002
  132    8  169      1.3333333333333333      0.0000000000000000      0.0000000000000000
  133      1.1666666666666665     -0.1666666666666666      0.1666666666666666
  133    1  134      1.0000000000000000      0.0000000000000000      0.3333333333333333
  133    2  139      1.3333333333333335     -0.3333333333333334      0.3333333333333334
  133    3  169      1.3333333333333333      0.0000000000000000      0.0000000000000000
  133    4   96     -0.0000000000000001      0.6666666666666667      1.0000000000000002
  133    5  138      0.3333333333333333      0.6666666666666667      1.0000000000000000
  133    6  127      1.0000000000000000      0.0000000000000000      0.0000000000000000
  133    7   97      1.0000000000000000     -0.3333333333333333      0.3333333333333333
  133    8  176      1.3333333333333335     -0.0000000000000001      0.3333333333333334
  134      1.0000000000000000      0.0000000000000000      0.3333333333333333
  134    1  135      0.8333333333333333      0.1666666666666667      0.5000000000000000
  134    2  140      1.1666666666666667     -0.1666666666666667      0.5000000000000000
  134    3  170      1.1666666666666665      0.1666666666666666      0.1666666666666666
  134    4   91      0.8333333333333333     -0.1666666666666667      0.1666666666666667
  134    5  133      1.1666666666666665     -0.1666666666666666      0.1666666666666666
  134    6  128      0.8333333333333334      0.1666666666666666      0.1666666666666666
  134    7   98      0.8333333333333333     -0.1666666666666667      0.4999999999999999
  134    8  177      1.1666666666666665      0.1666666666666666      0.5000000000000001
  135      0.8333333333333333      0.1666666666666667      0.5000000000000000
  135    1  136      0.6666666666666666      0.3333333333333334      0.6666666666666665
  135    2  141      1.0000000000000000      0.0000000000000000      0.6666666666666667
  135    3  171      1.0000000000000000      0.3333333333333333      0.3333333333333334
  135    4   92      0.6666666666666667     -0.0000000000000001      0.3333333333333333
  135    5  134      1.0000000000000000      0.0000000000000000      0.3333333333333333
  135    6  129      0.6666666666666667      0.3333333333333333      0.3333333333333333
  135    7   99      0.6666666666666666      0.0000000000000000      0.6666666666666667
  135    8  178      1.0000000000000000      0.3333333333333333      0.6666666666666669
  136      0.6666666666666666      0.3333333333333334      0.6666666666666665
  136    1  137      0.5000000000000000      0.5000000000000000      0.8333333333333333
  136    2  142      0.8333333333333334      0.1666666666666666      0.8333333333333335
  136    3  172      0.8333333333333333      0.5000000000000000      0.4999999999999999
  136    4   93      0.5000000000000000      0.1666666666666666      0.4999999999999999
  136    5  135      0.8333333333333333      0.1666666666666667      0.5000000000000000
  136    6  130      0.5000000000000000      0.5000000000000000      0.5000000000000000
  136    7  100      0.4999999999999999      0.1666666666666667      0.8333333333333333
  136    8  179      0.8333333333333334      0.4999999999999999      0.8333333333333334
  137      0.5000000000000000      0.5000000000000000      0.8333333333333333
  137    1  138      0.3333333333333333      0.6666666666666667      1.0000000000000000
  137    2  143      0.6666666666666667      0.3333333333333333      1.0000000000000000
  137    3  173      0.6666666666666666      0.6666666666666666      0.6666666666666666
  137    4   94      0.3333333333333333      0.3333333333333333      0.6666666666666667
  137    5  136      0.6666666666666666      0.3333333333333334      0.6666666666666665
  137    6  131      0.3333333333333334      0.6666666666666666      0.6666666666666665
  137    7  101      0.3333333333333333      0.3333333333333333      1.0000000000000000
  137    8  180      0.6666666666666666      0.6666666666666666      1.0000000000000000
  138      0.3333333333333333      0.6666666666666667      1.0000000000000000
  138    1  133      1.1666666666666665     -0.1666666666666666      0.1666666666666666
  138    2  144      0.5000000000000000      0.5000000000000000      1.1666666666666667
  138    3  174      0.4999999999999999      0.8333333333333334      0.8333333333333334
  138    4   95      0.1666666666666667      0.4999999999999999      0.8333333333333333
  138    5  137      0.5000000000000000      0.5000000000000000      0.8333333333333333
  138    6  132      0.1666666666666666      0.8333333333333334      0.8333333333333335
  138    7  102      0.1666666666666666      0.5000000000000000      1.1666666666666667
  138    8  175      1.5000000000000000     -0.1666666666666667      0.1666666666666667
  139      1.3333333333333335     -0.3333333333333334      0.3333333333333334
  139    1  140      1.1666666666666667     -0.1666666666666667      0.5000000000000000
  139    2  109      0.5000000000000000      0.5000000000000000     -0.5000000000000000
  139    3  175      1.5000000000000000     -0.1666666666666667      0.1666666666666667
  139    4  102      0.1666666666666666      0.5000000000000000      1.1666666666666667
  139    5  144      0.5000000000000000      0.5000000000000000      1.1666666666666667
  139    6  133      1.1666666666666665     -0.1666666666666666      0.1666666666666666
  139    7  103      1.1666666666666667     -0.5000000000000000      0.5000000000000000
  139    8  146      0.5000000000000000      0.8333333333333333     -0.5000000000000000
  140      1.1666666666666667     -0.1666666666666667      0.5000000000000000
  140    1  141      1.0000000000000000      0.0000000000000000      0.6666666666666667
  140    2  110      0.3333333333333334      0.6666666666666666     -0.3333333333333334
  140    3  176      1.3333333333333335     -0.0000000000000001      0.3333333333333334
  140    4   97      1.0000000000000000     -0.3333333333333333      0.3333333333333333
  140    5  139      1.3333333333333335     -0.3333333333333334      0.3333333333333334
  140    6  134      1.0000000000000000      0.0000000000000000      0.3333333333333333
  140    7  104      1.0000000000000000     -0.3333333333333334      0.6666666666666667
  140    8  147      0.3333333333333333      1.0000000000000000     -0.3333333333333333
  141      1.0000000000000000      0.0000000000000000      0.6666666666666667
  141    1  142      0.8333333333333334      0.1666666666666666      0.8333333333333335
  141    2  111      0.1666666666666667      0.8333333333333333     -0.1666666666666667
  141    3  177      1.1666666666666665      0.1666666666666666      0.5000000000000001
  141    4   98      0.8333333333333333     -0.1666666666666667      0.4999999999999999
  141    5  140      1.1666666666666667     -0.1666666666666667      0.5000000000000000
  141    6  135      0.8333333333333333      0.1666666666666667      0.5000000000000000
  141    7  105      0.8333333333333333     -0.1666666666666667      0.8333333333333335
  141    8  148      0.1666666666666666      1.1666666666666665     -0.1666666666666666
  142      0.8333333333333334      0.1666666666666666      0.8333333333333335
  142    1  143      0.6666666666666667      0.3333333333333333      1.0000000000000000
  142    2  112      0.0000000000000000      1.0000000000000000      0.0000000000000000
  142    3  178      1.0000000000000000      0.3333333333333333      0.6666666666666669
  142    4   99      0.6666666666666666      0.0000000000000000      0.6666666666666667
  142    5  141      1.0000000000000000      0.0000000000000000      0.6666666666666667
  142    6  136      0.6666666666666666      0.3333333333333334      0.6666666666666665
  142    7  106      0.6666666666666667     -0.0000000000000001      1.0000000000000002
  142    8  149      0.0000000000000000      1.3333333333333333      0.0000000000000000
  143      0.6666666666666667      0.3333333333333333      1.0000000000000000
  143    1  144      0.5000000000000000      0.5000000000000000      1.1666666666666667
  143    2  113     -0.1666666666666666      1.1666666666666665      0.1666666666666666
  143    3  179      0.8333333333333334      0.4999999999999999      0.8333333333333334
  143    4  100      0.4999999999999999      0.1666666666666667      0.8333333333333333
  143    5  142      0.8333333333333334      0.1666666666666666      0.8333333333333335
  143    6  137      0.5000000000000000      0.5000000000000000      0.8333333333333333
  143    7  107      0.5000000000000000      0.1666666666666666      1.1666666666666667
  143    8  150     -0.1666666666666667      1.5000000000000000      0.1666666666666667
  144      0.5000000000000000      0.5000000000000000      1.1666666666666667
  144    1  139      1.3333333333333335     -0.3333333333333334      0.3333333333333334
  144    2  114     -0.3333333333333334      1.3333333333333335      0.3333333333333334
  144    3  180      0.6666666666666666      0.6666666666666666      1.0000000000000000
  144    4  101      0.3333333333333333      0.3333333333333333      1.0000000000000000
  144    5  143      0.6666666666666667      0.3333333333333333      1.0000000000000000
  144    6  138      0.3333333333333333      0.6666666666666667      1.0000000000000000
  144    7  108      0.3333333333333333      0.3333333333333333      1.3333333333333335
  144    8  145      0.6666666666666666      0.6666666666666666     -0.6666666666666666
  145      0.6666666666666666      0.6666666666666666     -0.6666666666666666
  145    1  146      0.5000000000000000      0.8333333333333333     -0.5000000000000000
  145    2  151      0.8333333333333333      0.5000000000000000     -0.5000000000000000
  145    3  181      0.8333333333333334      0.8333333333333334     -0.8333333333333334
  145    4  144      0.5000000000000000      0.5000000000000000      1.1666666666666667
  145    5  150     -0.1666666666666667      1.5000000000000000      0.1666666666666667
  145    6  175      1.5000000000000000     -0.1666666666666667      0.1666666666666667
  145    7  109      0.5000000000000000      0.5000000000000000     -0.5000000000000000
  145    8  188      0.8333333333333334      0.8333333333333334     -0.5000000000000000
  146      0.5000000000000000      0.8333333333333333     -0.5000000000000000
  146    1  147      0.3333333333333333      1.0000000000000000     -0.3333333333333333
  146    2  152      0.6666666666666666      0.6666666666666666     -0.3333333333333333
  146    3  182      0.6666666666666667      1.0000000000000000     -0.6666666666666667
  146    4  139      1.3333333333333335     -0.3333333333333334      0.3333333333333334
  146    5  145      0.6666666666666666      0.6666666666666666     -0.6666666666666666
  146    6  176      1.3333333333333335     -0.0000000000000001      0.3333333333333334
  146    7  110      0.3333333333333334      0.6666666666666666     -0.3333333333333334
  146    8  189      0.6666666666666667      1.0000000000000000     -0.3333333333333334
  147      0.3333333333333333      1.0000000000000000     -0.3333333333333333
  147    1  148      0.1666666666666666      1.1666666666666665     -0.1666666666666666
  147    2  153      0.5000000000000000      0.8333333333333333     -0.1666666666666666
  147    3  183      0.5000000000000000      1.1666666666666667     -0.5000000000000000
  147    4  140      1.1666666666666667     -0.1666666666666667      0.5000000000000000
  147    5  146      0.5000000000000000      0.8333333333333333     -0.5000000000000000
  147    6  177      1.1666666666666665      0.1666666666666666      0.5000000000000001
  147    7  111      0.1666666666666667      0.8333333333333333     -0.1666666666666667
  147    8  190      0.5000000000000000      1.1666666666666667     -0.1666666666666667
  148      0.1666666666666666      1.1666666666666665     -0.1666666666666666
  148    1  149      0.0000000000000000      1.3333333333333333      0.0000000000000000
  148    2  154      0.3333333333333333      1.0000000000000000      0.0000000000000000
  148    3  184      0.3333333333333334      1.3333333333333335     -0.3333333333333334
  148    4  141      1.0000000000000000      0.0000000000000000      0.6666666666666667
  148    5  147      0.3333333333333333      1.0000000000000000     -0.3333333333333333
  148    6  178      1.0000000000000000      0.3333333333333333      0.6666666666666669
  148    7  112      0.0000000000000000      1.0000000000000000      0.0000000000000000
  148    8  191      0.3333333333333334      1.3333333333333335     -0.0000000000000001
  149      0.0000000000000000      1.3333333333333333      0.0000000000000000
  149    1  150     -0.1666666666666667      1.5000000000000000      0.1666666666666667
  149    2  155      0.1666666666666666      1.1666666666666665      0.1666666666666666
  149    3  185      0.1666666666666667      1.5000000000000000     -0.1666666666666667
  149    4  142      0.8333333333333334      0.1666666666666666      0.8333333333333335
  149    5  148      0.1666666666666666      1.1666666666666665     -0.1666666666666666
  149    6  179      0.8333333333333334      0.4999999999999999      0.8333333333333334
  149    7  113     -0.1666666666666666      1.1666666666666665      0.1666666666666666
  149    8  192      0.1666666666666666      1.5000000000000000      0.1666666666666666
  150     -0.1666666666666667      1.5000000000000000      0.1666666666666667
  150    1  145      0.6666666666666666      0.6666666666666666     -0.6666666666666666
  150    2  156     -0.0000000000000001      1.3333333333333335      0.3333333333333334
  150    3  186      0.0000000000000000      1.6666666666666667      0.0000000000000000
  150    4  143      0.6666666666666667      0.3333333333333333      1.0000000000000000
  150    5  149      0.0000000000000000      1.3333333333333333      0.0000000000000000
  150    6  180      0.6666666666666666      0.6666666666666666      1.0000000000000000
  150    7  114     -0.3333333333333334      1.3333333333333335      0.3333333333333334
  150    8  187      1.0000000000000000      0.6666666666666667     -0.6666666666666667
  151      0.8333333333333333      0.5000000000000000     -0.5000000000000000
  151    1  152      0.6666666666666666      0.6666666666666666     -0.3333333333333333
  151    2  157      1.0000000000000000      0.3333333333333333     -0.3333333333333333
  151    3  187      1.0000000000000000      0.6666666666666667     -0.6666666666666667
  151    4  114     -0.3333333333333334      1.3333333333333335      0.3333333333333334
  151    5  156     -0.0000000000000001      1.3333333333333335      0.3333333333333334
  151    6  145      0.6666666666666666      0.6666666666666666     -0.6666666666666666
  151    7  115      0.6666666666666666      0.3333333333333334     -0.3333333333333334
  151    8  194      1.0000000000000000      0.6666666666666667     -0.3333333333333334
  152      0.6666666666666666      0.6666666666666666     -0.3333333333333333
  152    1  153      0.5000000000000000      0.8333333333333333     -0.1666666666666666
  152    2  158      0.8333333333333333      0.5000000000000000     -0.1666666666666666
  152    3  188      0.8333333333333334      0.8333333333333334     -0.5000000000000000
  152    4  109      0.5000000000000000      0.5000000000000000     -0.5000000000000000
  152    5  151      0.8333333333333333      0.5000000000000000     -0.5000000000000000
  152    6  146      0.5000000000000000      0.8333333333333333     -0.5000000000000000
  152    7  116      0.5000000000000000      0.5000000000000000     -0.1666666666666667
  152    8  195      0.8333333333333334      0.8333333333333334     -0.1666666666666667
  153      0.5000000000000000      0.8333333333333333     -0.1666666666666666
  153    1  154      0.3333333333333333      1.0000000000000000      0.0000000000000000
  153    2  159      0.6666666666666666      0.6666666666666666      0.0000000000000000
  153    3  189      0.6666666666666667      1.0000000000000000     -0.3333333333333334
  153    4  110      0.3333333333333334      0.6666666666666666     -0.3333333333333334
  153    5  152      0.6666666666666666      0.6666666666666666     -0.3333333333333333
  153    6  147      0.3333333333333333      1.0000000000000000     -0.3333333333333333
  153    7  117      0.3333333333333334      0.6666666666666666      0.0000000000000000
  153    8  196      0.6666666666666667      1.0000000000000000     -0.0000000000000001
  154      0.3333333333333333      1.0000000000000000      0.0000000000000000
  154    1  155      0.1666666666666666      1.1666666666666665      0.1666666666666666
  154    2  160      0.4999999999999999      0.8333333333333333      0.1666666666666666
  154    3  190      0.5000000000000000      1.1666666666666667     -0.1666666666666667
  154    4  111      0.1666666666666667      0.8333333333333333     -0.1666666666666667
  154    5  153      0.5000000000000000      0.8333333333333333     -0.1666666666666666
  154    6  148      0.1666666666666666      1.1666666666666665     -0.1666666666666666
  154    7  118      0.1666666666666666      0.8333333333333334      0.1666666666666666
  154    8  197      0.5000000000000000      1.1666666666666667      0.1666666666666666
  155      0.1666666666666666      1.1666666666666665      0.1666666666666666
  155    1  156     -0.0000000000000001      1.3333333333333335      0.3333333333333334
  155    2  161      0.3333333333333333      1.0000000000000000      0.3333333333333334
  155    3  191      0.3333333333333334      1.3333333333333335     -0.0000000000000001
  155    4  112      0.0000000000000000      1.0000000000000000      0.0000000000000000
  155    5  154      0.3333333333333333      1.0000000000000000      0.0000000000000000
  155    6  149      0.0000000000000000      1.3333333333333333      0.0000000000000000
  155    7  119      0.0000000000000000      1.0000000000000000      0.3333333333333333
  155    8  198      0.3333333333333334      1.3333333333333335      0.3333333333333334
  156     -0.0000000000000001      1.3333333333333335      0.3333333333333334
  156    1  151      0.8333333333333333      0.5000000000000000     -0.5000000000000000
  156    2  162      0.1666666666666666      1.1666666666666665      0.5000000000000001
  156    3  192      0.1666666666666666      1.5000000000000000      0.1666666666666666
  156    4  113     -0.1666666666666666      1.1666666666666665      0.1666666666666666
  156    5  155      0.1666666666666666      1.1666666666666665      0.1666666666666666
  156    6  150     -0.1666666666666667      1.5000000000000000      0.1666666666666667
  156    7  120     -0.1666666666666667      1.1666666666666667      0.5000000000000000
  156    8  193      1.1666666666666667      0.5000000000000000     -0.5000000000000000
  157      1.0000000000000000      0.3333333333333333     -0.3333333333333333
  157    1  158      0.8333333333333333      0.5000000000000000     -0.1666666666666666
  157    2  163      1.1666666666666665      0.1666666666666666     -0.1666666666666666
  157    3  193      1.1666666666666667      0.5000000000000000     -0.5000000000000000
  157    4  120     -0.1666666666666667      1.1666666666666667      0.5000000000000000
  157    5  162      0.1666666666666666      1.1666666666666665      0.5000000000000001
  157    6  151      0.8333333333333333      0.5000000000000000     -0.5000000000000000
  157    7  121      0.8333333333333333      0.1666666666666667     -0.1666666666666667
  157    8  200      1.1666666666666667      0.5000000000000000     -0.1666666666666667
  158      0.8333333333333333      0.5000000000000000     -0.1666666666666666
  158    1  159      0.6666666666666666      0.6666666666666666      0.0000000000000000
  158    2  164      1.0000000000000000      0.3333333333333333      0.0000000000000000
  158    3  194      1.0000000000000000      0.6666666666666667     -0.3333333333333334
  158    4  115      0.6666666666666666      0.3333333333333334     -0.3333333333333334
  158    5  157      1.0000000000000000      0.3333333333333333     -0.3333333333333333
  158    6  152      0.6666666666666666      0.6666666666666666     -0.3333333333333333
  158    7  122      0.6666666666666666      0.3333333333333334      0.0000000000000000
  158    8  201      1.0000000000000000      0.6666666666666667     -0.0000000000000001
  159      0.6666666666666666      0.6666666666666666      0.0000000000000000
  159    1  160      0.4999999999999999      0.8333333333333333      0.1666666666666666
  159    2  165      0.8333333333333333      0.4999999999999999      0.1666666666666666
  159    3  195      0.8333333333333334      0.8333333333333334     -0.1666666666666667
  159    4  116      0.5000000000000000      0.5000000000000000     -0.1666666666666667
  159    5  158      0.8333333333333333      0.5000000000000000     -0.1666666666666666
  159    6  153      0.5000000000000000      0.8333333333333333     -0.1666666666666666
  159    7  123      0.5000000000000000      0.5000000000000000      0.1666666666666666
  159    8  202      0.8333333333333334      0.8333333333333334      0.1666666666666666
  160      0.4999999999999999      0.8333333333333333      0.1666666666666666
  160    1  161      0.3333333333333333      1.0000000000000000      0.3333333333333334
  160    2  166      0.6666666666666666      0.6666666666666666      0.3333333333333334
  160    3  196      0.6666666666666667      1.0000000000000000     -0.0000000000000001
  160    4  117      0.3333333333333334      0.6666666666666666      0.0000000000000000
  160    5  159      0.6666666666666666      0.6666666666666666      0.0000000000000000
  160    6  154      0.3333333333333333      1.0000000000000000      0.0000000000000000
  160    7  124      0.3333333333333333      0.6666666666666667      0.3333333333333333
  160    8  203      0.6666666666666667      1.0000000000000000      0.3333333333333331
  161      0.3333333333333333      1.0000000000000000      0.3333333333333334
  161    1  162      0.1666666666666666      1.1666666666666665      0.5000000000000001
  161    2  167      0.5000000000000000      0.8333333333333333      0.4999999999999999
  161    3  197      0.5000000000000000      1.1666666666666667      0.1666666666666666
  161    4  118      0.1666666666666666      0.8333333333333334      0.1666666666666666
  161    5  160      0.4999999999999999      0.8333333333333333      0.1666666666666666
  161    6  155      0.1666666666666666      1.1666666666666665      0.1666666666666666
  161    7  125      0.1666666666666667      0.8333333333333333      0.5000000000000000
  161    8  204      0.5000000000000000      1.1666666666666667      0.5000000000000001
  162      0.1666666666666666      1.1666666666666665      0.5000000000000001
  162    1  157      1.0000000000000000      0.3333333333333333     -0.3333333333333333
  162    2  168      0.3333333333333333      1.0000000000000000      0.6666666666666669
  162    3  198      0.3333333333333334      1.3333333333333335      0.3333333333333334
  162    4  119      0.0000000000000000      1.0000000000000000      0.3333333333333333
  162    5  161      0.3333333333333333      1.0000000000000000      0.3333333333333334
  162    6  156     -0.0000000000000001      1.3333333333333335      0.3333333333333334
  162    7  126      0.0000000000000000      1.0000000000000000      0.6666666666666667
  162    8  199      1.3333333333333335      0.3333333333333334     -0.3333333333333334
  163      1.1666666666666665      0.1666666666666666     -0.1666666666666666
  163    1  164      1.0000000000000000      0.3333333333333333      0.0000000000000000
  163    2  169      1.3333333333333333      0.0000000000000000      0.0000000000000000
  163    3  199      1.3333333333333335      0.3333333333333334     -0.3333333333333334
  163    4  126      0.0000000000000000      1.0000000000000000      0.6666666666666667
  163    5  168      0.3333333333333333      1.0000000000000000      0.6666666666666669
  163    6  157      1.0000000000000000      0.3333333333333333     -0.3333333333333333
  163    7  127      1.0000000000000000      0.0000000000000000      0.0000000000000000
  163    8  206      1.3333333333333335      0.3333333333333334     -0.0000000000000001
  164      1.0000000000000000      0.3333333333333333      0.0000000000000000
  164    1  165      0.8333333333333333      0.4999999999999999      0.1666666666666666
  164    2  170      1.1666666666666665      0.1666666666666666      0.1666666666666666
  164    3  200      1.1666666666666667      0.5000000000000000     -0.1666666666666667
  164    4  121      0.8333333333333333      0.1666666666666667     -0.1666666666666667
  164    5  163      1.1666666666666665      0.1666666666666666     -0.1666666666666666
  164    6  158      0.8333333333333333      0.5000000000000000     -0.1666666666666666
  164    7  128      0.8333333333333334      0.1666666666666666      0.1666666666666666
  164    8  207      1.1666666666666667      0.5000000000000000      0.1666666666666666
  165      0.8333333333333333      0.4999999999999999      0.1666666666666666
  165    1  166      0.6666666666666666      0.6666666666666666      0.3333333333333334
  165    2  171      1.0000000000000000      0.3333333333333333      0.3333333333333334
  165    3  201      1.0000000000000000      0.6666666666666667     -0.0000000000000001
  165    4  122      0.6666666666666666      0.3333333333333334      0.0000000000000000
  165    5  164      1.0000000000000000      0.3333333333333333      0.0000000000000000
  165    6  159      0.6666666666666666      0.6666666666666666      0.0000000000000000
  165    7  129      0.6666666666666667      0.3333333333333333      0.3333333333333333
  165    8  208      1.0000000000000000      0.6666666666666667      0.3333333333333331
  166      0.6666666666666666      0.6666666666666666      0.3333333333333334
  166    1  167      0.5000000000000000      0.8333333333333333      0.4999999999999999
  166    2  172      0.8333333333333333      0.5000000000000000      0.4999999999999999
  166    3  202      0.8333333333333334      0.8333333333333334      0.1666666666666666
  166    4  123      0.5000000000000000      0.5000000000000000      0.1666666666666666
  166    5  165      0.8333333333333333      0.4999999999999999      0.1666666666666666
  166    6  160      0.4999999999999999      0.8333333333333333      0.1666666666666666
  166    7  130      0.5000000000000000      0.5000000000000000      0.5000000000000000
  166    8  209      0.8333333333333334      0.8333333333333334      0.4999999999999999
  167      0.5000000000000000      0.8333333333333333      0.4999999999999999
  167    1  168      0.3333333333333333      1.0000000000000000      0.6666666666666669
  167    2  173      0.6666666666666666      0.6666666666666666      0.6666666666666666
  167    3  203      0.6666666666666667      1.0000000000000000      0.3333333333333331
  167    4  124      0.3333333333333333      0.6666666666666667      0.3333333333333333
  167    5  166      0.6666666666666666      0.6666666666666666      0.3333333333333334
  167    6  161      0.3333333333333333      1.0000000000000000      0.3333333333333334
  167    7  131      0.3333333333333334      0.6666666666666666      0.6666666666666665
  167    8  210      0.6666666666666666      1.0000000000000000      0.6666666666666666
  168      0.3333333333333333      1.0000000000000000      0.6666666666666669
  168    1  163      1.1666666666666665      0.1666666666666666     -0.1666666666666666
  168    2  174      0.4999999999999999      0.8333333333333334      0.8333333333333334
  168    3  204      0.5000000000000000      1.1666666666666667      0.5000000000000001
  168    4  125      0.1666666666666667      0.8333333333333333      0.5000000000000000
  168    5  167      0.5000000000000000      0.8333333333333333      0.4999999999999999
  168    6  162      0.1666666666666666      1.1666666666666665      0.5000000000000001
  168    7  132      0.1666666666666666      0.8333333333333334      0.8333333333333335
  168    8  205      1.5000000000000000      0.1666666666666667     -0.1666666666666667
  169      1.3333333333333333      0.0000000000000000      0.0000000000000000
  169    1  170      1.1666666666666665      0.1666666666666666      0.1666666666666666
  169    2  175      1.5000000000000000     -0.1666666666666667      0.1666666666666667
  169    3  205      1.5000000000000000      0.1666666666666667     -0.1666666666666667
  169    4  132      0.1666666666666666      0.8333333333333334      0.8333333333333335
  169    5  174      0.4999999999999999      0.8333333333333334      0.8333333333333334
  169    6  163      1.1666666666666665      0.1666666666666666     -0.1666666666666666
  169    7  133      1.1666666666666665     -0.1666666666666666      0.1666666666666666
  169    8  212      1.5000000000000000      0.1666666666666666      0.1666666666666666
  170      1.1666666666666665      0.1666666666666666      0.1666666666666666
  170    1  171      1.0000000000000000      0.3333333333333333      0.3333333333333334
  170    2  176      1.3333333333333335     -0.0000000000000001      0.3333333333333334
  170    3  206      1.3333333333333335      0.3333333333333334     -0.0000000000000001
  170    4  127      1.0000000000000000      0.0000000000000000      0.0000000000000000
  170    5  169      1.3333333333333333      0.0000000000000000      0.0000000000000000
  170    6  164      1.0000000000000000      0.3333333333333333      0.0000000000000000
  170    7  134      1.0000000000000000      0.0000000000000000      0.3333333333333333
  170    8  213      1.3333333333333335      0.3333333333333334      0.3333333333333334
  171      1.0000000000000000      0.3333333333333333      0.3333333333333334
  171    1  172      0.8333333333333333      0.5000000000000000      0.4999999999999999
  171    2  177      1.1666666666666665      0.1666666666666666      0.5000000000000001
  171    3  207      1.1666666666666667      0.5000000000000000      0.1666666666666666
  171    4  128      0.8333333333333334      0.1666666666666666      0.1666666666666666
  171    5  170      1.1666666666666665      0.1666666666666666      0.1666666666666666
  171    6  165      0.8333333333333333      0.4999999999999999      0.1666666666666666
  171    7  135      0.8333333333333333      0.1666666666666667      0.5000000000000000
  171    8  214      1.1666666666666667      0.5000000000000000      0.5000000000000001
  172      0.8333333333333333      0.5000000000000000      0.4999999999999999
  172    1  173      0.6666666666666666      0.6666666666666666      0.6666666666666666
  172    2  178      1.0000000000000000      0.3333333333333333      0.6666666666666669
  172    3  208      1.0000000000000000      0.6666666666666667      0.3333333333333331
  172    4  129      0.6666666666666667      0.3333333333333333      0.3333333333333333
  172    5  171      1.0000000000000000      0.3333333333333333      0.3333333333333334
  172    6  166      0.6666666666666666      0.6666666666666666      0.3333333333333334
  172    7  136      0.6666666666666666      0.3333333333333334      0.6666666666666665
  172    8  215      1.0000000000000000      0.6666666666666666      0.6666666666666666
  173      0.6666666666666666      0.6666666666666666      0.6666666666666666
  173    1  174      0.4999999999999999      0.8333333333333334      0.8333333333333334
  173    2  179      0.8333333333333334      0.4999999999999999      0.8333333333333334
  173    3  209      0.8333333333333334      0.8333333333333334      0.4999999999999999
  173    4  130      0.5000000000000000      0.5000000000000000      0.5000000000000000
  173    5  172      0.8333333333333333      0.5000000000000000      0.4999999999999999
  173    6  167      0.5000000000000000      0.8333333333333333      0.4999999999999999
  173    7  137      0.5000000000000000      0.5000000000000000      0.8333333333333333
  173    8  216      0.8333333333333334      0.8333333333333334      0.8333333333333334
  174      0.4999999999999999      0.8333333333333334      0.8333333333333334
  174    1  169      1.3333333333333333      0.0000000000000000      0.0000000000000000
  174    2  180      0.6666666666666666      0.6666666666666666      1.0000000000000000
  174    3  210      0.6666666666666666      1.0000000000000000      0.6666666666666666
  174    4  131      0.3333333333333334      0.6666666666666666      0.6666666666666665
  174    5  173      0.6666666666666666      0.6666666666666666      0.6666666666666666
  174    6  168      0.3333333333333333      1.0000000000000000      0.6666666666666669
  174    7  138      0.3333333333333333      0.6666666666666667      1.0000000000000000
  174    8  211      1.6666666666666667      0.0000000000000000      0.0000000000000000
  175      1.5000000000000000     -0.1666666666666667      0.1666666666666667
  175    1  176      1.3333333333333335     -0.0000000000000001      0.3333333333333334
  175    2  145      0.6666666666666666      0.6666666666666666     -0.6666666666666666
  175    3  211      1.6666666666666667      0.0000000000000000      0.0000000000000000
  175    4  138      0.3333333333333333      0.6666666666666667      1.0000000000000000
  175    5  180      0.6666666666666666      0.6666666666666666      1.0000000000000000
  175    6  169      1.3333333333333333      0.0000000000000000      0.0000000000000000
  175    7  139      1.3333333333333335     -0.3333333333333334      0.3333333333333334
  175    8  182      0.6666666666666667      1.0000000000000000     -0.6666666666666667
  176      1.3333333333333335     -0.0000000000000001      0.3333333333333334
  176    1  177      1.1666666666666665      0.1666666666666666      0.5000000000000001
  176    2  146      0.5000000000000000      0.8333333333333333     -0.5000000000000000
  176    3  212      1.5000000000000000      0.1666666666666666      0.1666666666666666
  176    4  133      1.1666666666666665     -0.1666666666666666      0.1666666666666666
  176    5  175      1.5000000000000000     -0.1666666666666667      0.1666666666666667
  176    6  170      1.1666666666666665      0.1666666666666666      0.1666666666666666
  176    7  140      1.1666666666666667     -0.1666666666666667      0.5000000000000000
  176    8  183      0.5000000000000000      1.1666666666666667     -0.5000000000000000
  177      1.1666666666666665      0.1666666666666666      0.5000000000000001
  177    1  178      1.0000000000000000      0.3333333333333333      0.6666666666666669
  177    2  147      0.3333333333333333      1.0000000000000000     -0.3333333333333333
  177    3  213      1.3333333333333335      0.3333333333333334      0.3333333333333334
  177    4  134      1.0000000000000000      0.0000000000000000      0.3333333333333333
  177    5  176      1.3333333333333335     -0.0000000000000001      0.3333333333333334
  177    6  171      1.0000000000000000      0.3333333333333333      0.3333333333333334
  177    7  141      1.0000000000000000      0.0000000000000000      0.6666666666666667
  177    8  184      0.3333333333333334      1.3333333333333335     -0.3333333333333334
  178      1.0000000000000000      0.3333333333333333      0.6666666666666669
  178    1  179      0.8333333333333334      0.4999999999999999      0.8333333333333334
  178    2  148      0.1666666666666666      1.1666666666666665     -0.1666666666666666
  178    3  214      1.1666666666666667      0.5000000000000000      0.5000000000000001
  178    4  135      0.8333333333333333      0.1666666666666667      0.5000000000000000
  178    5  177      1.1666666666666665      0.1666666666666666      0.5000000000000001
  178    6  172      0.8333333333333333      0.5000000000000000      0.4999999999999999
  178    7  142      0.8333333333333334      0.1666666666666666      0.8333333333333335
  178    8  185      0.1666666666666667      1.5000000000000000     -0.1666666666666667
  179      0.8333333333333334      0.4999999999999999      0.8333333333333334
  179    1  180      0.6666666666666666      0.6666666666666666      1.0000000000000000
  179    2  149      0.0000000000000000      1.3333333333333333      0.0000000000000000
  179    3  215      1.0000000000000000      0.6666666666666666      0.6666666666666666
  179    4  136      0.6666666666666666      0.3333333333333334      0.6666666666666665
  179    5  178      1.0000000000000000      0.3333333333333333      0.6666666666666669
  179    6  173      0.6666666666666666      0.6666666666666666      0.6666666666666666
  179    7  143      0.6666666666666667      0.3333333333333333      1.0000000000000000
  179    8  186      0.0000000000000000      1.6666666666666667      0.0000000000000000
  180      0.6666666666666666      0.6666666666666666      1.0000000000000000
  180    1  175      1.5000000000000000     -0.1666666666666667      0.1666666666666667
  180    2  150     -0.1666666666666667      1.5000000000000000      0.1666666666666667
  180    3  216      0.8333333333333334      0.8333333333333334      0.8333333333333334
  180    4  137      0.5000000000000000      0.5000000000000000      0.8333333333333333
  180    5  179      0.8333333333333334      0.4999999999999999      0.8333333333333334
  180    6  174      0.4999999999999999      0.8333333333333334      0.8333333333333334
  180    7  144      0.5000000000000000      0.5000000000000000      1.1666666666666667
  180    8  181      0.8333333333333334      0.8333333333333334     -0.8333333333333334
  181      0.8333333333333334      0.8333333333333334     -0.8333333333333334
  181    1  182      0.6666666666666667      1.0000000000000000     -0.6666666666666667
  181    2  187      1.0000000000000000      0.6666666666666667     -0.6666666666666667
  181    3    1      0.0000000000000000      0.0000000000000000      0.0000000000000000
  181    4  180      0.6666666666666666      0.6666666666666666      1.0000000000000000
  181    5  186      0.0000000000000000      1.6666666666666667      0.0000000000000000
  181    6  211      1.6666666666666667      0.0000000000000000      0.0000000000000000
  181    7  145      0.6666666666666666      0.6666666666666666     -0.6666666666666666
  181    8    8      0.0000000000000000      0.0000000000000000      0.3333333333333333
  182      0.6666666666666667      1.0000000000000000     -0.6666666666666667
  182    1  183      0.5000000000000000      1.1666666666666667     -0.5000000000000000
  182    2  188      0.8333333333333334      0.8333333333333334     -0.5000000000000000
  182    3    2     -0.1666666666666667      0.1666666666666667      0.1666666666666667
  182    4  175      1.5000000000000000     -0.1666666666666667      0.1666666666666667
  182    5  181      0.8333333333333334      0.8333333333333334     -0.8333333333333334
  182    6  212      1.5000000000000000      0.1666666666666666      0.1666666666666666
  182    7  146      0.5000000000000000      0.8333333333333333     -0.5000000000000000
  182    8    9     -0.1666666666666667      0.1666666666666667      0.5000000000000000
  183      0.5000000000000000      1.1666666666666667     -0.5000000000000000
  183    1  184      0.3333333333333334      1.3333333333333335     -0.3333333333333334
  183    2  189      0.6666666666666667      1.0000000000000000     -0.3333333333333334
  183    3    3     -0.3333333333333333      0.3333333333333333      0.3333333333333333
  183    4  176      1.3333333333333335     -0.0000000000000001      0.3333333333333334
  183    5  182      0.6666666666666667      1.0000000000000000     -0.6666666666666667
  183    6  213      1.3333333333333335      0.3333333333333334      0.3333333333333334
  183    7  147      0.3333333333333333      1.0000000000000000     -0.3333333333333333
  183    8   10     -0.3333333333333334      0.3333333333333334      0.6666666666666666
  184      0.3333333333333334      1.3333333333333335     -0.3333333333333334
  184    1  185      0.1666666666666667      1.5000000000000000     -0.1666666666666667
  184    2  190      0.5000000000000000      1.1666666666666667     -0.1666666666666667
  184    3    4     -0.5000000000000000      0.5000000000000000      0.5000000000000000
  184    4  177      1.1666666666666665      0.1666666666666666      0.5000000000000001
  184    5  183      0.5000000000000000      1.1666666666666667     -0.5000000000000000
  184    6  214      1.1666666666666667      0.5000000000000000      0.5000000000000001
  184    7  148      0.1666666666666666      1.1666666666666665     -0.1666666666666666
  184    8   11     -0.5000000000000000      0.5000000000000000      0.8333333333333333
  185      0.1666666666666667      1.5000000000000000     -0.1666666666666667
  185    1  186      0.0000000000000000      1.6666666666666667      0.0000000000000000
  185    2  191      0.3333333333333334      1.3333333333333335     -0.0000000000000001
  185    3    5     -0.6666666666666666      0.6666666666666666      0.6666666666666666
  185    4  178      1.0000000000000000      0.3333333333333333      0.6666666666666669
  185    5  184      0.3333333333333334      1.3333333333333335     -0.3333333333333334
  185    6  215      1.0000000000000000      0.6666666666666666      0.6666666666666666
  185    7  149      0.0000000000000000      1.3333333333333333      0.0000000000000000
  185    8   12     -0.6666666666666667      0.6666666666666667      1.0000000000000000
  186      0.0000000000000000      1.6666666666666667      0.0000000000000000
  186    1  181      0.8333333333333334      0.8333333333333334     -0.8333333333333334
  186    2  192      0.1666666666666666      1.5000000000000000      0.1666666666666666
  186    3    6     -0.8333333333333334      0.8333333333333334      0.8333333333333334
  186    4  179      0.8333333333333334      0.4999999999999999      0.8333333333333334
  186    5  185      0.1666666666666667      1.5000000000000000     -0.1666666666666667
  186    6  216      0.8333333333333334      0.8333333333333334      0.8333333333333334
  186    7  150     -0.1666666666666667      1.5000000000000000      0.1666666666666667
  186    8    7      0.1666666666666667     -0.1666666666666667      0.1666666666666667
  187      1.0000000000000000      0.6666666666666667     -0.6666666666666667
  187    1  188      0.8333333333333334      0.8333333333333334     -0.5000000000000000
  187    2  193      1.1666666666666667      0.5000000000000000     -0.5000000000000000
  187    3    7      0.1666666666666667     -0.1666666666666667      0.1666666666666667
  187    4  150     -0.1666666666666667      1.5000000000000000      0.1666666666666667
  187    5  192      0.1666666666666666      1.5000000000000000      0.1666666666666666
  187    6  181      0.8333333333333334      0.8333333333333334     -0.8333333333333334
  187    7  151      0.8333333333333333      0.5000000000000000     -0.5000000000000000
  187    8   14      0.1666666666666667     -0.1666666666666667      0.5000000000000000
  188      0.8333333333333334      0.8333333333333334     -0.5000000000000000
  188    1  189      0.6666666666666667      1.0000000000000000     -0.3333333333333334
  188    2  194      1.0000000000000000      0.6666666666666667     -0.3333333333333334
  188    3    8      0.0000000000000000      0.0000000000000000      0.3333333333333333
  188    4  145      0.6666666666666666      0.6666666666666666     -0.6666666666666666
  188    5  187      1.0000000000000000      0.6666666666666667     -0.6666666666666667
  188    6  182      0.6666666666666667      1.0000000000000000     -0.6666666666666667
  188    7  152      0.6666666666666666      0.6666666666666666     -0.3333333333333333
  188    8   15      0.0000000000000000      0.0000000000000000      0.6666666666666666
  189      0.6666666666666667      1.0000000000000000     -0.3333333333333334
  189    1  190      0.5000000000000000      1.1666666666666667     -0.1666666666666667
  189    2  195      0.8333333333333334      0.8333333333333334     -0.1666666666666667
  189    3    9     -0.1666666666666667      0.1666666666666667      0.5000000000000000
  189    4  146      0.5000000000000000      0.8333333333333333     -0.5000000000000000
  189    5  188      0.8333333333333334      0.8333333333333334     -0.5000000000000000
  189    6  183      0.5000000000000000      1.1666666666666667     -0.5000000000000000
  189    7  153      0.5000000000000000      0.8333333333333333     -0.1666666666666666
  189    8   16     -0.1666666666666667      0.1666666666666667      0.8333333333333333
  190      0.5000000000000000      1.1666666666666667     -0.1666666666666667
  190    1  191      0.3333333333333334      1.3333333333333335     -0.0000000000000001
  190    2  196      0.6666666666666667      1.0000000000000000     -0.0000000000000001
  190    3   10     -0.3333333333333334      0.3333333333333334      0.6666666666666666
  190    4  147      0.3333333333333333      1.0000000000000000     -0.3333333333333333
  190    5  189      0.6666666666666667      1.0000000000000000     -0.3333333333333334
  190    6  184      0.3333333333333334      1.3333333333333335     -0.3333333333333334
  190    7  154      0.3333333333333333      1.0000000000000000      0.0000000000000000
  190    8   17     -0.3333333333333333      0.3333333333333333      1.0000000000000000
  191      0.3333333333333334      1.3333333333333335     -0.0000000000000001
  191    1  192      0.1666666666666666      1.5000000000000000      0.1666666666666666
  191    2  197      0.5000000000000000      1.1666666666666667      0.1666666666666666
  191    3   11     -0.5000000000000000      0.5000000000000000      0.8333333333333333
  191    4  148      0.1666666666666666      1.1666666666666665     -0.1666666666666666
  191    5  190      0.5000000000000000      1.1666666666666667     -0.1666666666666667
  191    6  185      0.1666666666666667      1.5000000000000000     -0.1666666666666667
  191    7  155      0.1666666666666666      1.1666666666666665      0.1666666666666666
  191    8   18     -0.5000000000000000      0.5000000000000000      1.1666666666666667
  192      0.1666666666666666      1.5000000000000000      0.1666666666666666
  192    1  187      1.0000000000000000      0.6666666666666667     -0.6666666666666667
  192    2  198      0.3333333333333334      1.3333333333333335      0.3333333333333334
  192    3   12     -0.6666666666666667      0.6666666666666667      1.0000000000000000
  192    4  149      0.0000000000000000      1.3333333333333333      0.0000000000000000
  192    5  191      0.3333333333333334      1.3333333333333335     -0.0000000000000001
  192    6  186      0.0000000000000000      1.6666666666666667      0.0000000000000000
  192    7  156     -0.0000000000000001      1.3333333333333335      0.3333333333333334
  192    8   13      0.3333333333333333     -0.3333333333333333      0.3333333333333333
  193      1.1666666666666667      0.5000000000000000     -0.5000000000000000
  193    1  194      1.0000000000000000      0.6666666666666667     -0.3333333333333334
  193    2  199      1.3333333333333335      0.3333333333333334     -0.3333333333333334
  193    3   13      0.3333333333333333     -0.3333333333333333      0.3333333333333333
  193    4  156     -0.0000000000000001      1.3333333333333335      0.3333333333333334
  193    5  198      0.3333333333333334      1.3333333333333335      0.3333333333333334
  193    6  187      1.0000000000000000      0.6666666666666667     -0.6666666666666667
  193    7  157      1.0000000000000000      0.3333333333333333     -0.3333333333333333
  193    8   20      0.3333333333333334     -0.3333333333333334      0.6666666666666666
  194      1.0000000000000000      0.6666666666666667     -0.3333333333333334
  194    1  195      0.8333333333333334      0.8333333333333334     -0.1666666666666667
  194    2  200      1.1666666666666667      0.5000000000000000     -0.1666666666666667
  194    3   14      0.1666666666666667     -0.1666666666666667      0.5000000000000000
  194    4  151      0.8333333333333333      0.5000000000000000     -0.5000000000000000
  194    5  193      1.1666666666666667      0.5000000000000000     -0.5000000000000000
  194    6  188      0.8333333333333334      0.8333333333333334     -0.5000000000000000
  194    7  158      0.8333333333333333      0.5000000000000000     -0.1666666666666666
  194    8   21      0.1666666666666667     -0.1666666666666667      0.8333333333333333
  195      0.8333333333333334      0.8333333333333334     -0.1666666666666667
  195    1  196      0.6666666666666667      1.0000000000000000     -0.0000000000000001
  195    2  201      1.0000000000000000      0.6666666666666667     -0.0000000000000001
  195    3   15      0.0000000000000000      0.0000000000000000      0.6666666666666666
  195    4  152      0.6666666666666666      0.6666666666666666     -0.3333333333333333
  195    5  194      1.0000000000000000      0.6666666666666667     -0.3333333333333334
  195    6  189      0.6666666666666667      1.0000000000000000     -0.3333333333333334
  195    7  159      0.6666666666666666      0.6666666666666666      0.0000000000000000
  195    8   22      0.0000000000000000      0.0000000000000000      1.0000000000000000
  196      0.6666666666666667      1.0000000000000000     -0.0000000000000001
  196    1  197      0.5000000000000000      1.1666666666666667      0.1666666666666666
  196    2  202      0.8333333333333334      0.8333333333333334      0.1666666666666666
  196    3   16     -0.1666666666666667      0.1666666666666667      0.8333333333333333
  196    4  153      0.5000000000000000      0.8333333333333333     -0.1666666666666666
  196    5  195      0.8333333333333334      0.8333333333333334     -0.1666666666666667
  196    6  190      0.5000000000000000      1.1666666666666667     -0.1666666666666667
  196    7  160      0.4999999999999999      0.8333333333333333      0.1666666666666666
  196    8   23     -0.1666666666666666      0.1666666666666666      1.1666666666666665
  197      0.5000000000000000      1.1666666666666667      0.1666666666666666
  197    1  198      0.3333333333333334      1.3333333333333335      0.3333333333333334
  197    2  203      0.6666666666666667      1.0000000000000000      0.3333333333333331
  197    3   17     -0.3333333333333333      0.3333333333333333      1.0000000000000000
  197    4  154      0.3333333333333333      1.0000000000000000      0.0000000000000000
  197    5  196      0.6666666666666667      1.0000000000000000     -0.0000000000000001
  197    6  191      0.3333333333333334      1.3333333333333335     -0.0000000000000001
  197    7  161      0.3333333333333333      1.0000000000000000      0.3333333333333334
  197    8   24     -0.3333333333333334      0.3333333333333334      1.3333333333333335
  198      0.3333333333333334      1.3333333333333335      0.3333333333333334
  198    1  193      1.1666666666666667      0.5000000000000000     -0.5000000000000000
  198    2  204      0.5000000000000000      1.1666666666666667      0.5000000000000001
  198    3   18     -0.5000000000000000      0.5000000000000000      1.1666666666666667
  198    4  155      0.1666666666666666      1.1666666666666665      0.1666666666666666
  198    5  197      0.5000000000000000      1.1666666666666667      0.1666666666666666
  198    6  192      0.1666666666666666      1.5000000000000000      0.1666666666666666
  198    7  162      0.1666666666666666      1.1666666666666665      0.5000000000000001
  198    8   19      0.5000000000000000     -0.5000000000000000      0.5000000000000000
  199      1.3333333333333335      0.3333333333333334     -0.3333333333333334
  199    1  200      1.1666666666666667      0.5000000000000000     -0.1666666666666667
  199    2  205      1.5000000000000000      0.1666666666666667     -0.1666666666666667
  199    3   19      0.5000000000000000     -0.5000000000000000      0.5000000000000000
  199    4  162      0.1666666666666666      1.1666666666666665      0.5000000000000001
  199    5  204      0.5000000000000000      1.1666666666666667      0.5000000000000001
  199    6  193      1.1666666666666667      0.5000000000000000     -0.5000000000000000
  199    7  163      1.1666666666666665      0.1666666666666666     -0.1666666666666666
  199    8   26      0.5000000000000000     -0.5000000000000000      0.8333333333333333
  200      1.1666666666666667      0.5000000000000000     -0.1666666666666667
  200    1  201      1.0000000000000000      0.6666666666666667     -0.0000000000000001
  200    2  206      1.3333333333333335      0.3333333333333334     -0.0000000000000001
  200    3   20      0.3333333333333334     -0.3333333333333334      0.6666666666666666
  200    4  157      1.0000000000000000      0.3333333333333333     -0.3333333333333333
  200    5  199      1.3333333333333335      0.3333333333333334     -0.3333333333333334
  200    6  194      1.0000000000000000      0.6666666666666667     -0.3333333333333334
  200    7  164      1.0000000000000000      0.3333333333333333      0.0000000000000000
  200    8   27      0.3333333333333333     -0.3333333333333333      1.0000000000000000
  201      1.0000000000000000      0.6666666666666667     -0.0000000000000001
  201    1  202      0.8333333333333334      0.8333333333333334      0.1666666666666666
  201    2  207      1.1666666666666667      0.5000000000000000      0.1666666666666666
  201    3   21      0.1666666666666667     -0.1666666666666667      0.8333333333333333
  201    4  158      0.8333333333333333      0.5000000000000000     -0.1666666666666666
  201    5  200      1.1666666666666667      0.5000000000000000     -0.1666666666666667
  201    6  195      0.8333333333333334      0.8333333333333334     -0.1666666666666667
  201    7  165      0.8333333333333333      0.4999999999999999      0.1666666666666666
  201    8   28      0.1666666666666666     -0.1666666666666666      1.1666666666666665
  202      0.8333333333333334      0.8333333333333334      0.1666666666666666
  202    1  203      0.6666666666666667      1.0000000000000000      0.3333333333333331
  202    2  208      1.0000000000000000      0.6666666666666667      0.3333333333333331
  202    3   22      0.0000000000000000      0.0000000000000000      1.0000000000000000
  202    4  159      0.6666666666666666      0.6666666666666666      0.0000000000000000
  202    5  201      1.0000000000000000      0.6666666666666667     -0.0000000000000001
  202    6  196      0.6666666666666667      1.0000000000000000     -0.0000000000000001
  202    7  166      0.6666666666666666      0.6666666666666666      0.3333333333333334
  202    8   29      0.0000000000000000      0.0000000000000000      1.3333333333333333
  203      0.6666666666666667      1.0000000000000000      0.3333333333333331
  203    1  204      0.5000000000000000      1.1666666666666667      0.5000000000000001
  203    2  209      0.8333333333333334      0.8333333333333334      0.4999999999999999
  203    3   23     -0.1666666666666666      0.1666666666666666      1.1666666666666665
  203    4  160      0.4999999999999999      0.8333333333333333      0.1666666666666666
  203    5  202      0.8333333333333334      0.8333333333333334      0.1666666666666666
  203    6  197      0.5000000000000000      1.1666666666666667      0.1666666666666666
  203    7  167      0.5000000000000000      0.8333333333333333      0.4999999999999999
  203    8   30     -0.1666666666666667      0.1666666666666667      1.5000000000000000
  204      0.5000000000000000      1.1666666666666667      0.5000000000000001
  204    1  199      1.3333333333333335      0.3333333333333334     -0.3333333333333334
  204    2  210      0.6666666666666666      1.0000000000000000      0.6666666666666666
  204    3   24     -0.3333333333333334      0.3333333333333334      1.3333333333333335
  204    4  161      0.3333333333333333      1.0000000000000000      0.3333333333333334
  204    5  203      0.6666666666666667      1.0000000000000000      0.3333333333333331
  204    6  198      0.3333333333333334      1.3333333333333335      0.3333333333333334
  204    7  168      0.3333333333333333      1.0000000000000000      0.6666666666666669
  204    8   25      0.6666666666666666     -0.6666666666666666      0.6666666666666666
  205      1.5000000000000000      0.1666666666666667     -0.1666666666666667
  205    1  206      1.3333333333333335      0.3333333333333334     -0.0000000000000001
  205    2  211      1.6666666666666667      0.0000000000000000      0.0000000000000000
  205    3   25      0.6666666666666666     -0.6666666666666666      0.6666666666666666
  205    4  168      0.3333333333333333      1.0000000000000000      0.6666666666666669
  205    5  210      0.6666666666666666      1.0000000000000000      0.6666666666666666
  205    6  199      1.3333333333333335      0.3333333333333334     -0.3333333333333334
  205    7  169      1.3333333333333333      0.0000000000000000      0.0000000000000000
  205    8   32      0.6666666666666667     -0.6666666666666667      1.0000000000000000
  206      1.3333333333333335      0.3333333333333334     -0.0000000000000001
  206    1  207      1.1666666666666667      0.5000000000000000      0.1666666666666666
  206    2  212      1.5000000000000000      0.1666666666666666      0.1666666666666666
  206    3   26      0.5000000000000000     -0.5000000000000000      0.8333333333333333
  206    4  163      1.1666666666666665      0.1666666666666666     -0.1666666666666666
  206    5  205      1.5000000000000000      0.1666666666666667     -0.1666666666666667
  206    6  200      1.1666666666666667      0.5000000000000000     -0.1666666666666667
  206    7  170      1.1666666666666665      0.1666666666666666      0.1666666666666666
  206    8   33      0.5000000000000000     -0.5000000000000000      1.1666666666666667
  207      1.1666666666666667      0.5000000000000000      0.1666666666666666
  207    1  208      1.0000000000000000      0.6666666666666667      0.3333333333333331
  207    2  213      1.3333333333333335      0.3333333333333334      0.3333333333333334
  207    3   27      0.3333333333333333     -0.3333333333333333      1.0000000000000000
  207    4  164      1.0000000000000000      0.3333333333333333      0.0000000000000000
  207    5  206      1.3333333333333335      0.3333333333333334     -0.0000000000000001
  207    6  201      1.0000000000000000      0.6666666666666667     -0.0000000000000001
  207    7  171      1.0000000000000000      0.3333333333333333      0.3333333333333334
  207    8   34      0.3333333333333334     -0.3333333333333334      1.3333333333333335
  208      1.0000000000000000      0.6666666666666667      0.3333333333333331
  208    1  209      0.8333333333333334      0.8333333333333334      0.4999999999999999
  208    2  214      1.1666666666666667      0.5000000000000000      0.5000000000000001
  208    3   28      0.1666666666666666     -0.1666666666666666      1.1666666666666665
  208    4  165      0.8333333333333333      0.4999999999999999      0.1666666666666666
  208    5  207      1.1666666666666667      0.5000000000000000      0.1666666666666666
  208    6  202      0.8333333333333334      0.8333333333333334      0.1666666666666666
  208    7  172      0.8333333333333333      0.5000000000000000      0.4999999999999999
  208    8   35      0.1666666666666667     -0.1666666666666667      1.5000000000000000
  209      0.8333333333333334      0.8333333333333334      0.4999999999999999
  209    1  210      0.6666666666666666      1.0000000000000000      0.6666666666666666
  209    2  215      1.0000000000000000      0.6666666666666666      0.6666666666666666
  209    3   29      0.0000000000000000      0.0000000000000000      1.3333333333333333
  209    4  166      0.6666666666666666      0.6666666666666666      0.3333333333333334
  209    5  208      1.0000000000000000      0.6666666666666667      0.3333333333333331
  209    6  203      0.6666666666666667      1.0000000000000000      0.3333333333333331
  209    7  173      0.6666666666666666      0.6666666666666666      0.6666666666666666
  209    8   36      0.0000000000000000      0.0000000000000000      1.6666666666666667
  210      0.6666666666666666      1.0000000000000000      0.6666666666666666
  210    1  205      1.5000000000000000      0.1666666666666667     -0.1666666666666667
  210    2  216      0.8333333333333334      0.8333333333333334      0.8333333333333334
  210    3   30     -0.1666666666666667      0.1666666666666667      1.5000000000000000
  210    4  167      0.5000000000000000      0.8333333333333333      0.4999999999999999
  210    5  209      0.8333333333333334      0.8333333333333334      0.4999999999999999
  210    6  204      0.5000000000000000      1.1666666666666667      0.5000000000000001
  210    7  174      0.4999999999999999      0.8333333333333334      0.8333333333333334
  210    8   31      0.8333333333333334     -0.8333333333333334      0.8333333333333334
  211      1.6666666666666667      0.0000000000000000      0.0000000000000000
  211    1  212      1.5000000000000000      0.1666666666666666      0.1666666666666666
  211    2  181      0.8333333333333334      0.8333333333333334     -0.8333333333333334
  211    3   31      0.8333333333333334     -0.8333333333333334      0.8333333333333334
  211    4  174      0.4999999999999999      0.8333333333333334      0.8333333333333334
  211    5  216      0.8333333333333334      0.8333333333333334      0.8333333333333334
  211    6  205      1.5000000000000000      0.1666666666666667     -0.1666666666666667
  211    7  175      1.5000000000000000     -0.1666666666666667      0.1666666666666667
  211    8    2     -0.1666666666666667      0.1666666666666667      0.1666666666666667
  212      1.5000000000000000      0.1666666666666666      0.1666666666666666
  212    1  213      1.3333333333333335      0.3333333333333334      0.3333333333333334
  212    2  182      0.6666666666666667      1.0000000000000000     -0.6666666666666667
  212    3   32      0.6666666666666667     -0.6666666666666667      1.0000000000000000
  212    4  169      1.3333333333333333      0.0000000000000000      0.0000000000000000
  212    5  211      1.6666666666666667      0.0000000000000000      0.0000000000000000
  212    6  206      1.3333333333333335      0.3333333333333334     -0.0000000000000001
  212    7  176      1.3333333333333335     -0.0000000000000001      0.3333333333333334
  212    8    3     -0.3333333333333333      0.3333333333333333      0.3333333333333333
  213      1.3333333333333335      0.3333333333333334      0.3333333333333334
  213    1  214      1.1666666666666667      0.5000000000000000      0.5000000000000001
  213    2  183      0.5000000000000000      1.1666666666666667     -0.5000000000000000
  213    3   33      0.5000000000000000     -0.5000000000000000      1.1666666666666667
  213    4  170      1.1666666666666665      0.1666666666666666      0.1666666666666666
  213    5  212      1.5000000000000000      0.1666666666666666      0.1666666666666666
  213    6  207      1.1666666666666667      0.5000000000000000      0.1666666666666666
  213    7  177      1.1666666666666665      0.1666666666666666      0.5000000000000001
  213    8    4     -0.5000000000000000      0.5000000000000000      0.5000000000000000
  214      1.1666666666666667      0.5000000000000000      0.5000000000000001
  214    1  215      1.0000000000000000      0.6666666666666666      0.6666666666666666
  214    2  184      0.3333333333333334      1.3333333333333335     -0.3333333333333334
  214    3   34      0.3333333333333334     -0.3333333333333334      1.3333333333333335
  214    4  171      1.0000000000000000      0.3333333333333333      0.3333333333333334
  214    5  213      1.3333333333333335      0.3333333333333334      0.3333333333333334
  214    6  208      1.0000000000000000      0.6666666666666667      0.3333333333333331
  214    7  178      1.0000000000000000      0.3333333333333333      0.6666666666666669
  214    8    5     -0.6666666666666666      0.6666666666666666      0.6666666666666666
  215      1.0000000000000000      0.6666666666666666      0.6666666666666666
  215    1  216      0.8333333333333334      0.8333333333333334      0.8333333333333334
  215    2  185      0.1666666666666667      1.5000000000000000     -0.1666666666666667
  215    3   35      0.1666666666666667     -0.1666666666666667      1.5000000000000000
  215    4  172      0.8333333333333333      0.5000000000000000      0.4999999999999999
  215    5  214      1.1666666666666667      0.5000000000000000      0.5000000000000001
  215    6  209      0.8333333333333334      0.8333333333333334      0.4999999999999999
  215    7  179      0.8333333333333334      0.4999999999999999      0.8333333333333334
  215    8    6     -0.8333333333333334      0.8333333333333334      0.8333333333333334
  216      0.8333333333333334      0.8333333333333334      0.8333333333333334
  216    1  211      1.6666666666666667      0.0000000000000000      0.0000000000000000
  216    2  186      0.0000000000000000      1.6666666666666667      0.0000000000000000
  216    3   36      0.0000000000000000      0.0000000000000000      1.6666666666666667
  216    4  173      0.6666666666666666      0.6666666666666666      0.6666666666666666
  216    5  215      1.0000000000000000      0.6666666666666666      0.6666666666666666
  216    6  210      0.6666666666666666      1.0000000000000000      0.6666666666666666
  216    7  180      0.6666666666666666      0.6666666666666666      1.0000000000000000
  216    8    1      0.0000000000000000      0.0000000000000000      0.0000000000000000
