# partial DOS in the spheres (states/eV), summed over m; E (eV) as in tdos.txt
# made by dos_table.py on 2026-09-30 04:48 from /home/takao/ecalj/Samples/DOS/Fe_work
# columns: E, then s p d f g of site 1 spin 1, (site 1 spin 2,) site 2 spin 1, ...
#   E(eV)   s_site1_sp1 p_site1_sp1 d_site1_sp1 f_site1_sp1 g_site1_sp1 s_site1_sp2 p_site1_sp2 d_site1_sp2 f_site1_sp2 g_site1_sp2
  -14.9999     0.00000     0.00000     0.00000     0.00000     0.00000     0.00000     0.00000     0.00000     0.00000     0.00000
  -14.9698     0.00000     0.00000     0.00000     0.00000     0.00000     0.00000     0.00000     0.00000     0.00000     0.00000
  -14.9399     0.00000     0.00000     0.00000     0.00000     0.00000     0.00000     0.00000     0.00000     0.00000     0.00000
  -14.9098     0.00000     0.00000     0.00000     0.00000     0.00000     0.00000     0.00000     0.00000     0.00000     0.00000
  -14.8797     0.00000     0.00000     0.00000     0.00000     0.00000     0.00000     0.00000     0.00000     0.00000     0.00000
  -14.8498     0.00000     0.00000     0.00000     0.00000     0.00000     0.00000     0.00000     0.00000     0.00000     0.00000
  -14.8197     0.00000     0.00000     0.00000     0.00000     0.00000     0.00000     0.00000     0.00000     0.00000     0.00000
  -14.7897     0.00000     0.00000     0.00000     0.00000     0.00000     0.00000     0.00000     0.00000     0.00000     0.00000
  -14.7596     0.00000     0.00000     0.00000     0.00000     0.00000     0.00000     0.00000     0.00000     0.00000     0.00000
  -14.7297     0.00000     0.00000     0.00000     0.00000     0.00000     0.00000     0.00000     0.00000     0.00000     0.00000
  -14.6996     0.00000     0.00000     0.00000     0.00000     0.00000     0.00000     0.00000     0.00000     0.00000     0.00000
  -14.6695     0.00000     0.00000     0.00000     0.00000     0.00000     0.00000     0.00000     0.00000     0.00000     0.00000
  -14.6396     0.00000     0.00000     0.00000     0.00000     0.00000     0.00000     0.00000     0.00000     0.00000     0.00000
  -14.6095     0.00000     0.00000     0.00000     0.00000     0.00000     0.00000     0.00000     0.00000     0.00000     0.00000
  -14.5795     0.00000     0.00000     0.00000     0.00000     0.00000     0.00000     0.00000     0.00000     0.00000     0.00000
  -14.5494     0.00000     0.00000     0.00000     0.00000     0.00000     0.00000     0.00000     0.00000     0.00000     0.00000
  -14.5195     0.00000     0.00000     0.00000     0.00000     0.00000     0.00000     0.00000     0.00000     0.00000     0.00000
  -14.4894     0.00000     0.00000     0.00000     0.00000     0.00000     0.00000     0.00000     0.00000     0.00000     0.00000
  -14.4593     0.00000     0.00000     0.00000     0.00000     0.00000     0.00000     0.00000     0.00000     0.00000     0.00000
  -14.4294     0.00000     0.00000     0.00000     0.00000     0.00000     0.00000     0.00000     0.00000     0.00000     0.00000
  -14.3993     0.00000     0.00000     0.00000     0.00000     0.00000     0.00000     0.00000     0.00000     0.00000     0.00000
  -14.3692     0.00000     0.00000     0.00000     0.00000     0.00000     0.00000     0.00000     0.00000     0.00000     0.00000
  -14.3392     0.00000     0.00000     0.00000     0.00000     0.00000     0.00000     0.00000     0.00000     0.00000     0.00000
  -14.3092     0.00000     0.00000     0.00000     0.00000     0.00000     0.00000     0.00000     0.00000     0.00000     0.00000
  -14.2792     0.00000     0.00000     0.00000     0.00000     0.00000     0.00000     0.00000     0.00000     0.00000     0.00000
  -14.2491     0.00000     0.00000     0.00000     0.00000     0.00000     0.00000     0.00000     0.00000     0.00000     0.00000
  -14.2192     0.00000     0.00000     0.00000     0.00000     0.00000     0.00000     0.00000     0.00000     0.00000     0.00000
  -14.1891     0.00000     0.00000     0.00000     0.00000     0.00000     0.00000     0.00000     0.00000     0.00000     0.00000
  -14.1590     0.00000     0.00000     0.00000     0.00000     0.00000     0.00000     0.00000     0.00000     0.00000     0.00000
  -14.1290     0.00000     0.00000     0.00000     0.00000     0.00000     0.00000     0.00000     0.00000     0.00000     0.00000
  -14.0990     0.00000     0.00000     0.00000     0.00000     0.00000     0.00000     0.00000     0.00000     0.00000     0.00000
  -14.0690     0.00000     0.00000     0.00000     0.00000     0.00000     0.00000     0.00000     0.00000     0.00000     0.00000
  -14.0389     0.00000     0.00000     0.00000     0.00000     0.00000     0.00000     0.00000     0.00000     0.00000     0.00000
  -14.0090     0.00000     0.00000     0.00000     0.00000     0.00000     0.00000     0.00000     0.00000     0.00000     0.00000
  -13.9789     0.00000     0.00000     0.00000     0.00000     0.00000     0.00000     0.00000     0.00000     0.00000     0.00000
  -13.9488     0.00000     0.00000     0.00000     0.00000     0.00000     0.00000     0.00000     0.00000     0.00000     0.00000
  -13.9188     0.00000     0.00000     0.00000     0.00000     0.00000     0.00000     0.00000     0.00000     0.00000     0.00000
  -13.8888     0.00000     0.00000     0.00000     0.00000     0.00000     0.00000     0.00000     0.00000     0.00000     0.00000
  -13.8588     0.00000     0.00000     0.00000     0.00000     0.00000     0.00000     0.00000     0.00000     0.00000     0.00000
  -13.8287     0.00000     0.00000     0.00000     0.00000     0.00000     0.00000     0.00000     0.00000     0.00000     0.00000
  -13.7988     0.00000     0.00000     0.00000     0.00000     0.00000     0.00000     0.00000     0.00000     0.00000     0.00000
  -13.7687     0.00000     0.00000     0.00000     0.00000     0.00000     0.00000     0.00000     0.00000     0.00000     0.00000
  -13.7386     0.00000     0.00000     0.00000     0.00000     0.00000     0.00000     0.00000     0.00000     0.00000     0.00000
  -13.7086     0.00000     0.00000     0.00000     0.00000     0.00000     0.00000     0.00000     0.00000     0.00000     0.00000
  -13.6786     0.00000     0.00000     0.00000     0.00000     0.00000     0.00000     0.00000     0.00000     0.00000     0.00000
  -13.6486     0.00000     0.00000     0.00000     0.00000     0.00000     0.00000     0.00000     0.00000     0.00000     0.00000
  -13.6185     0.00000     0.00000     0.00000     0.00000     0.00000     0.00000     0.00000     0.00000     0.00000     0.00000
  -13.5884     0.00000     0.00000     0.00000     0.00000     0.00000     0.00000     0.00000     0.00000     0.00000     0.00000
  -13.5585     0.00000     0.00000     0.00000     0.00000     0.00000     0.00000     0.00000     0.00000     0.00000     0.00000
  -13.5284     0.00000     0.00000     0.00000     0.00000     0.00000     0.00000     0.00000     0.00000     0.00000     0.00000
  -13.4983     0.00000     0.00000     0.00000     0.00000     0.00000     0.00000     0.00000     0.00000     0.00000     0.00000
  -13.4684     0.00000     0.00000     0.00000     0.00000     0.00000     0.00000     0.00000     0.00000     0.00000     0.00000
  -13.4383     0.00000     0.00000     0.00000     0.00000     0.00000     0.00000     0.00000     0.00000     0.00000     0.00000
  -13.4083     0.00000     0.00000     0.00000     0.00000     0.00000     0.00000     0.00000     0.00000     0.00000     0.00000
  -13.3782     0.00000     0.00000     0.00000     0.00000     0.00000     0.00000     0.00000     0.00000     0.00000     0.00000
  -13.3483     0.00000     0.00000     0.00000     0.00000     0.00000     0.00000     0.00000     0.00000     0.00000     0.00000
  -13.3182     0.00000     0.00000     0.00000     0.00000     0.00000     0.00000     0.00000     0.00000     0.00000     0.00000
  -13.2881     0.00000     0.00000     0.00000     0.00000     0.00000     0.00000     0.00000     0.00000     0.00000     0.00000
  -13.2582     0.00000     0.00000     0.00000     0.00000     0.00000     0.00000     0.00000     0.00000     0.00000     0.00000
  -13.2281     0.00000     0.00000     0.00000     0.00000     0.00000     0.00000     0.00000     0.00000     0.00000     0.00000
  -13.1981     0.00000     0.00000     0.00000     0.00000     0.00000     0.00000     0.00000     0.00000     0.00000     0.00000
  -13.1680     0.00000     0.00000     0.00000     0.00000     0.00000     0.00000     0.00000     0.00000     0.00000     0.00000
  -13.1381     0.00000     0.00000     0.00000     0.00000     0.00000     0.00000     0.00000     0.00000     0.00000     0.00000
  -13.1080     0.00000     0.00000     0.00000     0.00000     0.00000     0.00000     0.00000     0.00000     0.00000     0.00000
  -13.0779     0.00000     0.00000     0.00000     0.00000     0.00000     0.00000     0.00000     0.00000     0.00000     0.00000
  -13.0480     0.00000     0.00000     0.00000     0.00000     0.00000     0.00000     0.00000     0.00000     0.00000     0.00000
  -13.0179     0.00000     0.00000     0.00000     0.00000     0.00000     0.00000     0.00000     0.00000     0.00000     0.00000
  -12.9879     0.00000     0.00000     0.00000     0.00000     0.00000     0.00000     0.00000     0.00000     0.00000     0.00000
  -12.9578     0.00000     0.00000     0.00000     0.00000     0.00000     0.00000     0.00000     0.00000     0.00000     0.00000
  -12.9279     0.00000     0.00000     0.00000     0.00000     0.00000     0.00000     0.00000     0.00000     0.00000     0.00000
  -12.8978     0.00000     0.00000     0.00000     0.00000     0.00000     0.00000     0.00000     0.00000     0.00000     0.00000
  -12.8677     0.00000     0.00000     0.00000     0.00000     0.00000     0.00000     0.00000     0.00000     0.00000     0.00000
  -12.8378     0.00000     0.00000     0.00000     0.00000     0.00000     0.00000     0.00000     0.00000     0.00000     0.00000
  -12.8077     0.00000     0.00000     0.00000     0.00000     0.00000     0.00000     0.00000     0.00000     0.00000     0.00000
  -12.7777     0.00000     0.00000     0.00000     0.00000     0.00000     0.00000     0.00000     0.00000     0.00000     0.00000
  -12.7476     0.00000     0.00000     0.00000     0.00000     0.00000     0.00000     0.00000     0.00000     0.00000     0.00000
  -12.7176     0.00000     0.00000     0.00000     0.00000     0.00000     0.00000     0.00000     0.00000     0.00000     0.00000
  -12.6876     0.00000     0.00000     0.00000     0.00000     0.00000     0.00000     0.00000     0.00000     0.00000     0.00000
  -12.6575     0.00000     0.00000     0.00000     0.00000     0.00000     0.00000     0.00000     0.00000     0.00000     0.00000
  -12.6276     0.00000     0.00000     0.00000     0.00000     0.00000     0.00000     0.00000     0.00000     0.00000     0.00000
  -12.5975     0.00000     0.00000     0.00000     0.00000     0.00000     0.00000     0.00000     0.00000     0.00000     0.00000
  -12.5674     0.00000     0.00000     0.00000     0.00000     0.00000     0.00000     0.00000     0.00000     0.00000     0.00000
  -12.5374     0.00000     0.00000     0.00000     0.00000     0.00000     0.00000     0.00000     0.00000     0.00000     0.00000
  -12.5074     0.00000     0.00000     0.00000     0.00000     0.00000     0.00000     0.00000     0.00000     0.00000     0.00000
  -12.4774     0.00000     0.00000     0.00000     0.00000     0.00000     0.00000     0.00000     0.00000     0.00000     0.00000
  -12.4473     0.00000     0.00000     0.00000     0.00000     0.00000     0.00000     0.00000     0.00000     0.00000     0.00000
  -12.4174     0.00000     0.00000     0.00000     0.00000     0.00000     0.00000     0.00000     0.00000     0.00000     0.00000
  -12.3873     0.00000     0.00000     0.00000     0.00000     0.00000     0.00000     0.00000     0.00000     0.00000     0.00000
  -12.3572     0.00000     0.00000     0.00000     0.00000     0.00000     0.00000     0.00000     0.00000     0.00000     0.00000
  -12.3272     0.00000     0.00000     0.00000     0.00000     0.00000     0.00000     0.00000     0.00000     0.00000     0.00000
  -12.2972     0.00000     0.00000     0.00000     0.00000     0.00000     0.00000     0.00000     0.00000     0.00000     0.00000
  -12.2672     0.00000     0.00000     0.00000     0.00000     0.00000     0.00000     0.00000     0.00000     0.00000     0.00000
  -12.2371     0.00000     0.00000     0.00000     0.00000     0.00000     0.00000     0.00000     0.00000     0.00000     0.00000
  -12.2072     0.00000     0.00000     0.00000     0.00000     0.00000     0.00000     0.00000     0.00000     0.00000     0.00000
  -12.1771     0.00000     0.00000     0.00000     0.00000     0.00000     0.00000     0.00000     0.00000     0.00000     0.00000
  -12.1470     0.00000     0.00000     0.00000     0.00000     0.00000     0.00000     0.00000     0.00000     0.00000     0.00000
  -12.1170     0.00000     0.00000     0.00000     0.00000     0.00000     0.00000     0.00000     0.00000     0.00000     0.00000
  -12.0870     0.00000     0.00000     0.00000     0.00000     0.00000     0.00000     0.00000     0.00000     0.00000     0.00000
  -12.0570     0.00000     0.00000     0.00000     0.00000     0.00000     0.00000     0.00000     0.00000     0.00000     0.00000
  -12.0269     0.00000     0.00000     0.00000     0.00000     0.00000     0.00000     0.00000     0.00000     0.00000     0.00000
  -11.9970     0.00000     0.00000     0.00000     0.00000     0.00000     0.00000     0.00000     0.00000     0.00000     0.00000
  -11.9669     0.00000     0.00000     0.00000     0.00000     0.00000     0.00000     0.00000     0.00000     0.00000     0.00000
  -11.9368     0.00000     0.00000     0.00000     0.00000     0.00000     0.00000     0.00000     0.00000     0.00000     0.00000
  -11.9068     0.00000     0.00000     0.00000     0.00000     0.00000     0.00000     0.00000     0.00000     0.00000     0.00000
  -11.8768     0.00000     0.00000     0.00000     0.00000     0.00000     0.00000     0.00000     0.00000     0.00000     0.00000
  -11.8467     0.00000     0.00000     0.00000     0.00000     0.00000     0.00000     0.00000     0.00000     0.00000     0.00000
  -11.8167     0.00000     0.00000     0.00000     0.00000     0.00000     0.00000     0.00000     0.00000     0.00000     0.00000
  -11.7867     0.00000     0.00000     0.00000     0.00000     0.00000     0.00000     0.00000     0.00000     0.00000     0.00000
  -11.7567     0.00000     0.00000     0.00000     0.00000     0.00000     0.00000     0.00000     0.00000     0.00000     0.00000
  -11.7266     0.00000     0.00000     0.00000     0.00000     0.00000     0.00000     0.00000     0.00000     0.00000     0.00000
  -11.6965     0.00000     0.00000     0.00000     0.00000     0.00000     0.00000     0.00000     0.00000     0.00000     0.00000
  -11.6666     0.00000     0.00000     0.00000     0.00000     0.00000     0.00000     0.00000     0.00000     0.00000     0.00000
  -11.6365     0.00000     0.00000     0.00000     0.00000     0.00000     0.00000     0.00000     0.00000     0.00000     0.00000
  -11.6065     0.00000     0.00000     0.00000     0.00000     0.00000     0.00000     0.00000     0.00000     0.00000     0.00000
  -11.5765     0.00000     0.00000     0.00000     0.00000     0.00000     0.00000     0.00000     0.00000     0.00000     0.00000
  -11.5465     0.00000     0.00000     0.00000     0.00000     0.00000     0.00000     0.00000     0.00000     0.00000     0.00000
  -11.5164     0.00000     0.00000     0.00000     0.00000     0.00000     0.00000     0.00000     0.00000     0.00000     0.00000
  -11.4863     0.00000     0.00000     0.00000     0.00000     0.00000     0.00000     0.00000     0.00000     0.00000     0.00000
  -11.4564     0.00000     0.00000     0.00000     0.00000     0.00000     0.00000     0.00000     0.00000     0.00000     0.00000
  -11.4263     0.00000     0.00000     0.00000     0.00000     0.00000     0.00000     0.00000     0.00000     0.00000     0.00000
  -11.3963     0.00000     0.00000     0.00000     0.00000     0.00000     0.00000     0.00000     0.00000     0.00000     0.00000
  -11.3663     0.00000     0.00000     0.00000     0.00000     0.00000     0.00000     0.00000     0.00000     0.00000     0.00000
  -11.3363     0.00000     0.00000     0.00000     0.00000     0.00000     0.00000     0.00000     0.00000     0.00000     0.00000
  -11.3062     0.00000     0.00000     0.00000     0.00000     0.00000     0.00000     0.00000     0.00000     0.00000     0.00000
  -11.2761     0.00000     0.00000     0.00000     0.00000     0.00000     0.00000     0.00000     0.00000     0.00000     0.00000
  -11.2462     0.00000     0.00000     0.00000     0.00000     0.00000     0.00000     0.00000     0.00000     0.00000     0.00000
  -11.2161     0.00000     0.00000     0.00000     0.00000     0.00000     0.00000     0.00000     0.00000     0.00000     0.00000
  -11.1861     0.00000     0.00000     0.00000     0.00000     0.00000     0.00000     0.00000     0.00000     0.00000     0.00000
  -11.1561     0.00000     0.00000     0.00000     0.00000     0.00000     0.00000     0.00000     0.00000     0.00000     0.00000
  -11.1261     0.00000     0.00000     0.00000     0.00000     0.00000     0.00000     0.00000     0.00000     0.00000     0.00000
  -11.0960     0.00000     0.00000     0.00000     0.00000     0.00000     0.00000     0.00000     0.00000     0.00000     0.00000
  -11.0659     0.00000     0.00000     0.00000     0.00000     0.00000     0.00000     0.00000     0.00000     0.00000     0.00000
  -11.0360     0.00000     0.00000     0.00000     0.00000     0.00000     0.00000     0.00000     0.00000     0.00000     0.00000
  -11.0059     0.00000     0.00000     0.00000     0.00000     0.00000     0.00000     0.00000     0.00000     0.00000     0.00000
  -10.9758     0.00000     0.00000     0.00000     0.00000     0.00000     0.00000     0.00000     0.00000     0.00000     0.00000
  -10.9459     0.00000     0.00000     0.00000     0.00000     0.00000     0.00000     0.00000     0.00000     0.00000     0.00000
  -10.9158     0.00000     0.00000     0.00000     0.00000     0.00000     0.00000     0.00000     0.00000     0.00000     0.00000
  -10.8858     0.00000     0.00000     0.00000     0.00000     0.00000     0.00000     0.00000     0.00000     0.00000     0.00000
  -10.8557     0.00000     0.00000     0.00000     0.00000     0.00000     0.00000     0.00000     0.00000     0.00000     0.00000
  -10.8258     0.00000     0.00000     0.00000     0.00000     0.00000     0.00000     0.00000     0.00000     0.00000     0.00000
  -10.7957     0.00000     0.00000     0.00000     0.00000     0.00000     0.00000     0.00000     0.00000     0.00000     0.00000
  -10.7656     0.00000     0.00000     0.00000     0.00000     0.00000     0.00000     0.00000     0.00000     0.00000     0.00000
  -10.7357     0.00000     0.00000     0.00000     0.00000     0.00000     0.00000     0.00000     0.00000     0.00000     0.00000
  -10.7056     0.00000     0.00000     0.00000     0.00000     0.00000     0.00000     0.00000     0.00000     0.00000     0.00000
  -10.6756     0.00000     0.00000     0.00000     0.00000     0.00000     0.00000     0.00000     0.00000     0.00000     0.00000
  -10.6455     0.00000     0.00000     0.00000     0.00000     0.00000     0.00000     0.00000     0.00000     0.00000     0.00000
  -10.6156     0.00000     0.00000     0.00000     0.00000     0.00000     0.00000     0.00000     0.00000     0.00000     0.00000
  -10.5855     0.00000     0.00000     0.00000     0.00000     0.00000     0.00000     0.00000     0.00000     0.00000     0.00000
  -10.5554     0.00000     0.00000     0.00000     0.00000     0.00000     0.00000     0.00000     0.00000     0.00000     0.00000
  -10.5255     0.00000     0.00000     0.00000     0.00000     0.00000     0.00000     0.00000     0.00000     0.00000     0.00000
  -10.4954     0.00000     0.00000     0.00000     0.00000     0.00000     0.00000     0.00000     0.00000     0.00000     0.00000
  -10.4654     0.00000     0.00000     0.00000     0.00000     0.00000     0.00000     0.00000     0.00000     0.00000     0.00000
  -10.4353     0.00000     0.00000     0.00000     0.00000     0.00000     0.00000     0.00000     0.00000     0.00000     0.00000
  -10.4054     0.00000     0.00000     0.00000     0.00000     0.00000     0.00000     0.00000     0.00000     0.00000     0.00000
  -10.3753     0.00000     0.00000     0.00000     0.00000     0.00000     0.00000     0.00000     0.00000     0.00000     0.00000
  -10.3452     0.00000     0.00000     0.00000     0.00000     0.00000     0.00000     0.00000     0.00000     0.00000     0.00000
  -10.3153     0.00000     0.00000     0.00000     0.00000     0.00000     0.00000     0.00000     0.00000     0.00000     0.00000
  -10.2852     0.00000     0.00000     0.00000     0.00000     0.00000     0.00000     0.00000     0.00000     0.00000     0.00000
  -10.2552     0.00000     0.00000     0.00000     0.00000     0.00000     0.00000     0.00000     0.00000     0.00000     0.00000
  -10.2251     0.00000     0.00000     0.00000     0.00000     0.00000     0.00000     0.00000     0.00000     0.00000     0.00000
  -10.1952     0.00000     0.00000     0.00000     0.00000     0.00000     0.00000     0.00000     0.00000     0.00000     0.00000
  -10.1651     0.00000     0.00000     0.00000     0.00000     0.00000     0.00000     0.00000     0.00000     0.00000     0.00000
  -10.1350     0.00000     0.00000     0.00000     0.00000     0.00000     0.00000     0.00000     0.00000     0.00000     0.00000
  -10.1051     0.00000     0.00000     0.00000     0.00000     0.00000     0.00000     0.00000     0.00000     0.00000     0.00000
  -10.0750     0.00000     0.00000     0.00000     0.00000     0.00000     0.00000     0.00000     0.00000     0.00000     0.00000
  -10.0449     0.00000     0.00000     0.00000     0.00000     0.00000     0.00000     0.00000     0.00000     0.00000     0.00000
  -10.0149     0.00000     0.00000     0.00000     0.00000     0.00000     0.00000     0.00000     0.00000     0.00000     0.00000
   -9.9849     0.00000     0.00000     0.00000     0.00000     0.00000     0.00000     0.00000     0.00000     0.00000     0.00000
   -9.9549     0.00000     0.00000     0.00000     0.00000     0.00000     0.00000     0.00000     0.00000     0.00000     0.00000
   -9.9248     0.00000     0.00000     0.00000     0.00000     0.00000     0.00000     0.00000     0.00000     0.00000     0.00000
   -9.8949     0.00000     0.00000     0.00000     0.00000     0.00000     0.00000     0.00000     0.00000     0.00000     0.00000
   -9.8648     0.00000     0.00000     0.00000     0.00000     0.00000     0.00000     0.00000     0.00000     0.00000     0.00000
   -9.8347     0.00000     0.00000     0.00000     0.00000     0.00000     0.00000     0.00000     0.00000     0.00000     0.00000
   -9.8047     0.00000     0.00000     0.00000     0.00000     0.00000     0.00000     0.00000     0.00000     0.00000     0.00000
   -9.7747     0.00000     0.00000     0.00000     0.00000     0.00000     0.00000     0.00000     0.00000     0.00000     0.00000
   -9.7447     0.00000     0.00000     0.00000     0.00000     0.00000     0.00000     0.00000     0.00000     0.00000     0.00000
   -9.7146     0.00000     0.00000     0.00000     0.00000     0.00000     0.00000     0.00000     0.00000     0.00000     0.00000
   -9.6847     0.00000     0.00000     0.00000     0.00000     0.00000     0.00000     0.00000     0.00000     0.00000     0.00000
   -9.6546     0.00000     0.00000     0.00000     0.00000     0.00000     0.00000     0.00000     0.00000     0.00000     0.00000
   -9.6245     0.00000     0.00000     0.00000     0.00000     0.00000     0.00000     0.00000     0.00000     0.00000     0.00000
   -9.5945     0.00000     0.00000     0.00000     0.00000     0.00000     0.00000     0.00000     0.00000     0.00000     0.00000
   -9.5645     0.00000     0.00000     0.00000     0.00000     0.00000     0.00000     0.00000     0.00000     0.00000     0.00000
   -9.5345     0.00000     0.00000     0.00000     0.00000     0.00000     0.00000     0.00000     0.00000     0.00000     0.00000
   -9.5044     0.00000     0.00000     0.00000     0.00000     0.00000     0.00000     0.00000     0.00000     0.00000     0.00000
   -9.4745     0.00000     0.00000     0.00000     0.00000     0.00000     0.00000     0.00000     0.00000     0.00000     0.00000
   -9.4444     0.00000     0.00000     0.00000     0.00000     0.00000     0.00000     0.00000     0.00000     0.00000     0.00000
   -9.4143     0.00000     0.00000     0.00000     0.00000     0.00000     0.00000     0.00000     0.00000     0.00000     0.00000
   -9.3843     0.00000     0.00000     0.00000     0.00000     0.00000     0.00000     0.00000     0.00000     0.00000     0.00000
   -9.3543     0.00000     0.00000     0.00000     0.00000     0.00000     0.00000     0.00000     0.00000     0.00000     0.00000
   -9.3243     0.00000     0.00000     0.00000     0.00000     0.00000     0.00000     0.00000     0.00000     0.00000     0.00000
   -9.2942     0.00000     0.00000     0.00000     0.00000     0.00000     0.00000     0.00000     0.00000     0.00000     0.00000
   -9.2643     0.00000     0.00000     0.00000     0.00000     0.00000     0.00000     0.00000     0.00000     0.00000     0.00000
   -9.2342     0.00000     0.00000     0.00000     0.00000     0.00000     0.00000     0.00000     0.00000     0.00000     0.00000
   -9.2041     0.00000     0.00000     0.00000     0.00000     0.00000     0.00000     0.00000     0.00000     0.00000     0.00000
   -9.1740     0.00000     0.00000     0.00000     0.00000     0.00000     0.00000     0.00000     0.00000     0.00000     0.00000
   -9.1441     0.00000     0.00000     0.00000     0.00000     0.00000     0.00000     0.00000     0.00000     0.00000     0.00000
   -9.1140     0.00000     0.00000     0.00000     0.00000     0.00000     0.00000     0.00000     0.00000     0.00000     0.00000
   -9.0840     0.00000     0.00000     0.00000     0.00000     0.00000     0.00000     0.00000     0.00000     0.00000     0.00000
   -9.0540     0.00000     0.00000     0.00000     0.00000     0.00000     0.00000     0.00000     0.00000     0.00000     0.00000
   -9.0240     0.00004     0.00000     0.00000     0.00000     0.00000     0.00000     0.00000     0.00000     0.00000     0.00000
   -8.9939     0.00017     0.00000     0.00000     0.00000     0.00000     0.00000     0.00000     0.00000     0.00000     0.00000
   -8.9638     0.00044     0.00001     0.00000     0.00000     0.00000     0.00000     0.00000     0.00000     0.00000     0.00000
   -8.9339     0.00082     0.00002     0.00000     0.00000     0.00000     0.00000     0.00000     0.00000     0.00000     0.00000
   -8.9038     0.00134     0.00003     0.00000     0.00000     0.00000     0.00000     0.00000     0.00000     0.00000     0.00000
   -8.8738     0.00198     0.00005     0.00000     0.00000     0.00000     0.00000     0.00000     0.00000     0.00000     0.00000
   -8.8438     0.00276     0.00006     0.00000     0.00000     0.00000     0.00003     0.00000     0.00000     0.00000     0.00000
   -8.8138     0.00366     0.00009     0.00001     0.00000     0.00000     0.00015     0.00000     0.00000     0.00000     0.00000
   -8.7837     0.00468     0.00011     0.00001     0.00000     0.00000     0.00038     0.00001     0.00000     0.00000     0.00000
   -8.7536     0.00896     0.00023     0.00001     0.00000     0.00000     0.00074     0.00002     0.00000     0.00000     0.00000
   -8.7237     0.00978     0.00029     0.00002     0.00000     0.00000     0.00122     0.00003     0.00000     0.00000     0.00000
   -8.6936     0.00700     0.00026     0.00002     0.00000     0.00000     0.00182     0.00004     0.00000     0.00000     0.00000
   -8.6636     0.00729     0.00030     0.00003     0.00000     0.00000     0.00254     0.00006     0.00000     0.00000     0.00000
   -8.6336     0.00760     0.00033     0.00004     0.00000     0.00000     0.00339     0.00008     0.00000     0.00000     0.00000
   -8.6036     0.00794     0.00037     0.00004     0.00000     0.00000     0.00435     0.00011     0.00001     0.00000     0.00000
   -8.5735     0.00830     0.00041     0.00005     0.00000     0.00000     0.00852     0.00022     0.00001     0.00000     0.00000
   -8.5434     0.00869     0.00045     0.00006     0.00000     0.00000     0.00938     0.00028     0.00001     0.00000     0.00000
   -8.5135     0.00910     0.00049     0.00007     0.00000     0.00000     0.00671     0.00025     0.00002     0.00000     0.00000
   -8.4834     0.00954     0.00053     0.00008     0.00000     0.00000     0.00698     0.00029     0.00002     0.00000     0.00000
   -8.4534     0.00999     0.00058     0.00008     0.00000     0.00000     0.00727     0.00032     0.00002     0.00000     0.00000
   -8.4234     0.01047     0.00062     0.00009     0.00000     0.00000     0.00759     0.00036     0.00003     0.00000     0.00000
   -8.3934     0.01093     0.00067     0.00010     0.00000     0.00000     0.00792     0.00039     0.00003     0.00000     0.00000
   -8.3633     0.01137     0.00072     0.00011     0.00000     0.00000     0.00828     0.00043     0.00004     0.00000     0.00000
   -8.3332     0.01179     0.00077     0.00013     0.00000     0.00000     0.00866     0.00047     0.00004     0.00000     0.00000
   -8.3033     0.01219     0.00082     0.00014     0.00000     0.00000     0.00907     0.00051     0.00005     0.00000     0.00000
   -8.2732     0.01257     0.00087     0.00015     0.00000     0.00000     0.00950     0.00056     0.00005     0.00000     0.00000
   -8.2431     0.01292     0.00093     0.00017     0.00000     0.00000     0.00994     0.00060     0.00006     0.00000     0.00000
   -8.2132     0.01325     0.00098     0.00018     0.00000     0.00000     0.01039     0.00065     0.00007     0.00000     0.00000
   -8.1831     0.01356     0.00104     0.00020     0.00000     0.00000     0.01081     0.00070     0.00007     0.00000     0.00000
   -8.1531     0.01404     0.00113     0.00023     0.00000     0.00000     0.01121     0.00075     0.00008     0.00000     0.00000
   -8.1230     0.01445     0.00123     0.00026     0.00000     0.00000     0.01159     0.00080     0.00009     0.00000     0.00000
   -8.0931     0.01455     0.00130     0.00029     0.00000     0.00000     0.01195     0.00085     0.00010     0.00000     0.00000
   -8.0630     0.01463     0.00135     0.00032     0.00000     0.00000     0.01229     0.00090     0.00010     0.00000     0.00000
   -8.0329     0.01473     0.00141     0.00035     0.00000     0.00000     0.01261     0.00095     0.00011     0.00000     0.00000
   -8.0030     0.01485     0.00147     0.00038     0.00000     0.00000     0.01291     0.00100     0.00012     0.00000     0.00000
   -7.9729     0.01499     0.00153     0.00041     0.00000     0.00000     0.01327     0.00108     0.00014     0.00000     0.00000
   -7.9429     0.01516     0.00159     0.00045     0.00000     0.00000     0.01368     0.00117     0.00016     0.00000     0.00000
   -7.9128     0.01535     0.00165     0.00048     0.00000     0.00000     0.01389     0.00125     0.00018     0.00000     0.00000
   -7.8829     0.01556     0.00172     0.00052     0.00000     0.00000     0.01394     0.00131     0.00020     0.00000     0.00000
   -7.8528     0.01578     0.00178     0.00056     0.00000     0.00000     0.01402     0.00136     0.00021     0.00000     0.00000
   -7.8227     0.01603     0.00185     0.00060     0.00000     0.00000     0.01411     0.00142     0.00023     0.00000     0.00000
   -7.7928     0.01629     0.00192     0.00064     0.00000     0.00000     0.01423     0.00148     0.00025     0.00000     0.00000
   -7.7627     0.01656     0.00200     0.00068     0.00000     0.00000     0.01436     0.00153     0.00027     0.00000     0.00000
   -7.7327     0.01684     0.00208     0.00073     0.00000     0.00000     0.01451     0.00159     0.00029     0.00000     0.00000
   -7.7026     0.01714     0.00216     0.00077     0.00000     0.00000     0.01468     0.00166     0.00031     0.00000     0.00000
   -7.6727     0.01745     0.00224     0.00083     0.00000     0.00000     0.01488     0.00172     0.00033     0.00000     0.00000
   -7.6426     0.01778     0.00232     0.00088     0.00000     0.00000     0.01508     0.00178     0.00035     0.00000     0.00000
   -7.6125     0.01804     0.00241     0.00093     0.00000     0.00000     0.01530     0.00185     0.00037     0.00000     0.00000
   -7.5826     0.01815     0.00250     0.00100     0.00000     0.00000     0.01554     0.00192     0.00040     0.00000     0.00000
   -7.5525     0.01831     0.00258     0.00107     0.00000     0.00000     0.01578     0.00199     0.00042     0.00000     0.00000
   -7.5225     0.01860     0.00267     0.00114     0.00000     0.00000     0.01604     0.00206     0.00045     0.00000     0.00000
   -7.4924     0.01889     0.00276     0.00121     0.00000     0.00000     0.01630     0.00214     0.00048     0.00000     0.00000
   -7.4625     0.01918     0.00285     0.00129     0.00000     0.00000     0.01658     0.00222     0.00051     0.00000     0.00000
   -7.4324     0.01947     0.00294     0.00136     0.00000     0.00000     0.01687     0.00230     0.00054     0.00000     0.00000
   -7.4023     0.01977     0.00304     0.00144     0.00000     0.00000     0.01708     0.00238     0.00057     0.00000     0.00000
   -7.3724     0.02007     0.00313     0.00152     0.00000     0.00000     0.01715     0.00246     0.00061     0.00000     0.00000
   -7.3423     0.02037     0.00323     0.00161     0.00001     0.00000     0.01729     0.00254     0.00064     0.00000     0.00000
   -7.3122     0.02066     0.00333     0.00170     0.00001     0.00000     0.01754     0.00262     0.00068     0.00000     0.00000
   -7.2822     0.02092     0.00343     0.00179     0.00001     0.00000     0.01779     0.00271     0.00072     0.00000     0.00000
   -7.2522     0.02114     0.00352     0.00189     0.00001     0.00000     0.01804     0.00279     0.00076     0.00000     0.00000
   -7.2222     0.02131     0.00362     0.00200     0.00001     0.00000     0.01829     0.00288     0.00080     0.00000     0.00000
   -7.1921     0.02145     0.00371     0.00211     0.00001     0.00000     0.01854     0.00297     0.00084     0.00000     0.00000
   -7.1622     0.02154     0.00381     0.00224     0.00001     0.00000     0.01880     0.00306     0.00088     0.00000     0.00000
   -7.1321     0.02159     0.00390     0.00236     0.00001     0.00000     0.01905     0.00315     0.00093     0.00000     0.00000
   -7.1020     0.02171     0.00402     0.00252     0.00001     0.00000     0.01930     0.00324     0.00098     0.00000     0.00000
   -7.0720     0.02205     0.00418     0.00273     0.00001     0.00000     0.01952     0.00333     0.00102     0.00000     0.00000
   -7.0420     0.02240     0.00433     0.00293     0.00001     0.00000     0.01971     0.00342     0.00108     0.00000     0.00000
   -7.0120     0.02263     0.00444     0.00310     0.00001     0.00000     0.01985     0.00351     0.00113     0.00000     0.00000
   -6.9819     0.02286     0.00455     0.00328     0.00001     0.00000     0.01997     0.00359     0.00119     0.00000     0.00000
   -6.9520     0.02310     0.00466     0.00347     0.00001     0.00000     0.02004     0.00368     0.00125     0.00001     0.00000
   -6.9219     0.02334     0.00478     0.00366     0.00001     0.00000     0.02007     0.00376     0.00131     0.00001     0.00000
   -6.8918     0.02358     0.00490     0.00386     0.00001     0.00000     0.02007     0.00384     0.00138     0.00001     0.00000
   -6.8618     0.02383     0.00502     0.00406     0.00001     0.00000     0.02022     0.00398     0.00147     0.00001     0.00000
   -6.8318     0.02408     0.00514     0.00427     0.00001     0.00000     0.02051     0.00413     0.00158     0.00001     0.00000
   -6.8018     0.02434     0.00526     0.00449     0.00001     0.00000     0.02072     0.00424     0.00166     0.00001     0.00000
   -6.7717     0.02459     0.00538     0.00473     0.00001     0.00000     0.02089     0.00434     0.00175     0.00001     0.00000
   -6.7416     0.02483     0.00551     0.00497     0.00001     0.00000     0.02107     0.00444     0.00183     0.00001     0.00000
   -6.7117     0.02506     0.00564     0.00522     0.00002     0.00000     0.02125     0.00454     0.00192     0.00001     0.00000
   -6.6816     0.02529     0.00578     0.00549     0.00002     0.00000     0.02143     0.00464     0.00201     0.00001     0.00000
   -6.6516     0.02551     0.00591     0.00577     0.00002     0.00000     0.02162     0.00475     0.00210     0.00001     0.00000
   -6.6216     0.02574     0.00606     0.00608     0.00002     0.00000     0.02181     0.00485     0.00219     0.00001     0.00000
   -6.5916     0.02596     0.00620     0.00641     0.00002     0.00000     0.02200     0.00496     0.00229     0.00001     0.00000
   -6.5615     0.02618     0.00635     0.00677     0.00002     0.00000     0.02219     0.00507     0.00239     0.00001     0.00000
   -6.5314     0.02643     0.00650     0.00715     0.00002     0.00000     0.02237     0.00518     0.00250     0.00001     0.00000
   -6.5015     0.02669     0.00666     0.00754     0.00002     0.00000     0.02254     0.00529     0.00260     0.00001     0.00000
   -6.4714     0.02699     0.00682     0.00795     0.00002     0.00000     0.02271     0.00540     0.00272     0.00001     0.00000
   -6.4413     0.02731     0.00698     0.00838     0.00002     0.00000     0.02286     0.00551     0.00283     0.00001     0.00000
   -6.4114     0.02766     0.00714     0.00882     0.00003     0.00000     0.02301     0.00563     0.00296     0.00001     0.00000
   -6.3813     0.02801     0.00731     0.00929     0.00003     0.00000     0.02315     0.00574     0.00308     0.00001     0.00000
   -6.3513     0.02838     0.00748     0.00977     0.00003     0.00000     0.02328     0.00586     0.00322     0.00001     0.00000
   -6.3212     0.02875     0.00766     0.01027     0.00003     0.00000     0.02340     0.00599     0.00336     0.00001     0.00000
   -6.2913     0.02913     0.00784     0.01080     0.00003     0.00000     0.02353     0.00611     0.00351     0.00001     0.00000
   -6.2612     0.02952     0.00802     0.01135     0.00003     0.00000     0.02367     0.00623     0.00366     0.00002     0.00000
   -6.2311     0.02991     0.00821     0.01192     0.00003     0.00000     0.02383     0.00636     0.00382     0.00002     0.00000
   -6.2012     0.03031     0.00839     0.01250     0.00003     0.00000     0.02401     0.00648     0.00399     0.00002     0.00000
   -6.1711     0.03071     0.00859     0.01312     0.00004     0.00000     0.02420     0.00661     0.00416     0.00002     0.00000
   -6.1411     0.03105     0.00879     0.01381     0.00004     0.00000     0.02442     0.00675     0.00434     0.00002     0.00000
   -6.1110     0.03138     0.00900     0.01460     0.00004     0.00000     0.02464     0.00688     0.00452     0.00002     0.00000
   -6.0811     0.03172     0.00922     0.01544     0.00004     0.00000     0.02488     0.00702     0.00471     0.00002     0.00000
   -6.0510     0.03203     0.00943     0.01632     0.00004     0.00000     0.02511     0.00716     0.00490     0.00002     0.00000
   -6.0209     0.03232     0.00964     0.01724     0.00005     0.00000     0.02535     0.00730     0.00510     0.00002     0.00000
   -5.9910     0.03258     0.00984     0.01820     0.00005     0.00000     0.02560     0.00744     0.00530     0.00002     0.00000
   -5.9609     0.03284     0.01005     0.01922     0.00005     0.00000     0.02584     0.00759     0.00551     0.00002     0.00000
   -5.9309     0.03327     0.01031     0.02046     0.00006     0.00000     0.02609     0.00774     0.00573     0.00002     0.00000
   -5.9008     0.03421     0.01071     0.02231     0.00006     0.00000     0.02634     0.00788     0.00595     0.00002     0.00000
   -5.8709     0.03509     0.01107     0.02427     0.00006     0.00001     0.02655     0.00803     0.00619     0.00002     0.00000
   -5.8408     0.03561     0.01133     0.02597     0.00007     0.00001     0.02670     0.00818     0.00646     0.00002     0.00000
   -5.8107     0.03616     0.01161     0.02783     0.00007     0.00001     0.02687     0.00834     0.00675     0.00002     0.00000
   -5.7808     0.03677     0.01195     0.02995     0.00008     0.00001     0.02703     0.00850     0.00705     0.00003     0.00000
   -5.7507     0.03742     0.01230     0.03225     0.00008     0.00001     0.02719     0.00866     0.00735     0.00003     0.00000
   -5.7206     0.03809     0.01265     0.03462     0.00009     0.00001     0.02733     0.00881     0.00765     0.00003     0.00000
   -5.6906     0.03879     0.01300     0.03716     0.00009     0.00001     0.02746     0.00896     0.00797     0.00003     0.00000
   -5.6606     0.03956     0.01337     0.04001     0.00010     0.00001     0.02757     0.00911     0.00829     0.00003     0.00000
   -5.6306     0.04041     0.01376     0.04327     0.00011     0.00001     0.02768     0.00925     0.00862     0.00003     0.00000
   -5.6005     0.04135     0.01418     0.04696     0.00011     0.00001     0.02780     0.00940     0.00896     0.00003     0.00000
   -5.5706     0.04237     0.01461     0.05107     0.00012     0.00001     0.02794     0.00955     0.00932     0.00004     0.00000
   -5.5405     0.04347     0.01507     0.05563     0.00013     0.00002     0.02809     0.00971     0.00970     0.00004     0.00000
   -5.5104     0.04463     0.01555     0.06083     0.00014     0.00002     0.02840     0.00992     0.01018     0.00004     0.00000
   -5.4804     0.04593     0.01605     0.06694     0.00015     0.00002     0.02880     0.01016     0.01075     0.00004     0.00000
   -5.4504     0.04771     0.01663     0.07552     0.00016     0.00002     0.02911     0.01036     0.01126     0.00004     0.00000
   -5.4204     0.05128     0.01741     0.09507     0.00018     0.00003     0.02931     0.01055     0.01180     0.00004     0.00000
   -5.3903     0.05677     0.01839     0.12752     0.00021     0.00005     0.02951     0.01076     0.01238     0.00005     0.00000
   -5.3604     0.06295     0.01946     0.16759     0.00025     0.00006     0.02973     0.01095     0.01296     0.00005     0.00000
   -5.3303     0.06853     0.02041     0.21200     0.00029     0.00009     0.02995     0.01114     0.01355     0.00005     0.00000
   -5.3002     0.07297     0.02124     0.25888     0.00034     0.00011     0.03018     0.01134     0.01416     0.00005     0.00000
   -5.2702     0.07162     0.02163     0.28848     0.00038     0.00013     0.03040     0.01154     0.01478     0.00005     0.00001
   -5.2402     0.06587     0.02158     0.27667     0.00040     0.00013     0.03063     0.01173     0.01543     0.00005     0.00001
   -5.2102     0.06354     0.02182     0.26590     0.00042     0.00012     0.03085     0.01193     0.01610     0.00006     0.00001
   -5.1801     0.06360     0.02234     0.27909     0.00046     0.00013     0.03108     0.01213     0.01679     0.00006     0.00001
   -5.1502     0.06366     0.02289     0.29357     0.00050     0.00014     0.03131     0.01234     0.01749     0.00006     0.00001
   -5.1201     0.06368     0.02349     0.30913     0.00054     0.00014     0.03153     0.01254     0.01822     0.00006     0.00001
   -5.0900     0.06367     0.02413     0.32515     0.00058     0.00015     0.03176     0.01275     0.01897     0.00007     0.00001
   -5.0600     0.06366     0.02488     0.34143     0.00063     0.00016     0.03199     0.01296     0.01977     0.00007     0.00001
   -5.0300     0.06352     0.02575     0.35817     0.00068     0.00017     0.03225     0.01317     0.02063     0.00007     0.00001
   -5.0000     0.06352     0.02698     0.37843     0.00075     0.00018     0.03252     0.01338     0.02156     0.00007     0.00001
   -4.9699     0.06393     0.02871     0.39993     0.00082     0.00019     0.03281     0.01359     0.02254     0.00007     0.00001
   -4.9400     0.06346     0.03011     0.41571     0.00089     0.00019     0.03312     0.01382     0.02357     0.00008     0.00001
   -4.9099     0.06171     0.03088     0.42647     0.00095     0.00020     0.03346     0.01405     0.02465     0.00008     0.00001
   -4.8798     0.05974     0.03156     0.43643     0.00101     0.00020     0.03382     0.01428     0.02579     0.00008     0.00001
   -4.8497     0.05805     0.03225     0.44895     0.00107     0.00021     0.03420     0.01452     0.02698     0.00009     0.00001
   -4.8198     0.05700     0.03314     0.46688     0.00114     0.00022     0.03460     0.01477     0.02823     0.00009     0.00001
   -4.7897     0.05655     0.03441     0.49090     0.00123     0.00023     0.03500     0.01502     0.02953     0.00009     0.00001
   -4.7597     0.05640     0.03600     0.51947     0.00132     0.00024     0.03542     0.01527     0.03090     0.00010     0.00001
   -4.7297     0.05649     0.03781     0.55139     0.00143     0.00026     0.03585     0.01553     0.03232     0.00010     0.00001
   -4.6997     0.05680     0.03993     0.58758     0.00155     0.00027     0.03629     0.01579     0.03381     0.00011     0.00001
   -4.6696     0.05782     0.04312     0.64306     0.00173     0.00030     0.03674     0.01606     0.03536     0.00011     0.00001
   -4.6395     0.06085     0.04911     0.71701     0.00195     0.00033     0.03719     0.01633     0.03696     0.00011     0.00001
   -4.6096     0.06225     0.05329     0.74638     0.00203     0.00035     0.03765     0.01662     0.03871     0.00012     0.00001
   -4.5795     0.05804     0.05066     0.69016     0.00188     0.00032     0.03806     0.01696     0.04080     0.00012     0.00002
   -4.5495     0.04855     0.04151     0.58073     0.00162     0.00026     0.03851     0.01733     0.04322     0.00013     0.00002
   -4.5195     0.03925     0.03232     0.49164     0.00142     0.00022     0.03900     0.01769     0.04582     0.00014     0.00002
   -4.4895     0.03489     0.02889     0.46007     0.00136     0.00021     0.03948     0.01804     0.04868     0.00015     0.00002
   -4.4594     0.03259     0.02781     0.45280     0.00134     0.00020     0.04090     0.01867     0.05423     0.00016     0.00002
   -4.4293     0.03057     0.02679     0.44746     0.00134     0.00020     0.04236     0.01927     0.06085     0.00017     0.00003
   -4.3994     0.02847     0.02562     0.43702     0.00132     0.00019     0.04300     0.01958     0.06602     0.00018     0.00003
   -4.3693     0.02602     0.02422     0.42036     0.00128     0.00018     0.04396     0.01998     0.07187     0.00019     0.00003
   -4.3393     0.02357     0.02282     0.40298     0.00125     0.00017     0.04525     0.02046     0.07886     0.00020     0.00004
   -4.3093     0.02154     0.02154     0.38907     0.00122     0.00016     0.04667     0.02096     0.08684     0.00021     0.00004
   -4.2793     0.01982     0.02026     0.37537     0.00119     0.00015     0.04823     0.02146     0.09572     0.00022     0.00005
   -4.2492     0.01812     0.01900     0.35984     0.00115     0.00014     0.04995     0.02194     0.10556     0.00024     0.00005
   -4.2191     0.01661     0.01805     0.34766     0.00113     0.00014     0.05190     0.02243     0.11708     0.00025     0.00006
   -4.1892     0.01527     0.01736     0.33809     0.00111     0.00013     0.05421     0.02293     0.13110     0.00027     0.00007
   -4.1591     0.01423     0.01710     0.33608     0.00110     0.00012     0.05670     0.02343     0.14696     0.00029     0.00008
   -4.1291     0.01283     0.01682     0.32727     0.00108     0.00012     0.05852     0.02383     0.16107     0.00031     0.00008
   -4.0991     0.01097     0.01629     0.30667     0.00103     0.00011     0.05799     0.02405     0.16523     0.00033     0.00009
   -4.0691     0.00951     0.01606     0.29281     0.00101     0.00010     0.05530     0.02408     0.15844     0.00035     0.00008
   -4.0390     0.00843     0.01603     0.28545     0.00100     0.00010     0.05301     0.02407     0.15253     0.00036     0.00008
   -4.0089     0.00707     0.01577     0.27811     0.00100     0.00010     0.05216     0.02420     0.15311     0.00037     0.00008
   -3.9790     0.00545     0.01508     0.26655     0.00099     0.00009     0.05185     0.02439     0.15607     0.00038     0.00008
   -3.9489     0.00408     0.01420     0.25137     0.00098     0.00009     0.05154     0.02456     0.15901     0.00040     0.00008
   -3.9188     0.00290     0.01332     0.23542     0.00096     0.00008     0.05119     0.02471     0.16182     0.00041     0.00009
   -3.8889     0.00199     0.01292     0.22766     0.00096     0.00008     0.05078     0.02485     0.16438     0.00042     0.00009
   -3.8588     0.00133     0.01207     0.21322     0.00097     0.00008     0.05027     0.02498     0.16659     0.00044     0.00009
   -3.8288     0.00104     0.01125     0.20074     0.00100     0.00008     0.04966     0.02510     0.16842     0.00045     0.00009
   -3.7987     0.00107     0.01260     0.23461     0.00107     0.00009     0.04898     0.02522     0.17002     0.00046     0.00009
   -3.7688     0.00114     0.02135     0.47213     0.00136     0.00021     0.04829     0.02535     0.17180     0.00047     0.00009
   -3.7387     0.00130     0.03392     0.81812     0.00185     0.00041     0.04764     0.02549     0.17396     0.00049     0.00009
   -3.7086     0.00154     0.04432     1.12393     0.00238     0.00062     0.04683     0.02562     0.17574     0.00050     0.00010
   -3.6787     0.00192     0.05560     1.48882     0.00310     0.00091     0.04572     0.02574     0.17673     0.00052     0.00010
   -3.6486     0.00262     0.06491     1.71945     0.00384     0.00110     0.04469     0.02603     0.18011     0.00054     0.00010
   -3.6186     0.00305     0.06256     1.62330     0.00400     0.00104     0.04404     0.02662     0.18950     0.00057     0.00011
   -3.5885     0.00278     0.05123     1.37391     0.00359     0.00089     0.04362     0.02736     0.20484     0.00060     0.00012
   -3.5586     0.00253     0.03793     1.16432     0.00328     0.00079     0.04334     0.02839     0.23567     0.00064     0.00015
   -3.5285     0.00253     0.02865     1.04337     0.00321     0.00073     0.04311     0.02952     0.25641     0.00069     0.00017
   -3.4984     0.00254     0.02556     0.96885     0.00313     0.00068     0.04277     0.03044     0.26110     0.00073     0.00017
   -3.4685     0.00256     0.02305     0.89575     0.00303     0.00063     0.04230     0.03128     0.27338     0.00077     0.00018
   -3.4384     0.00260     0.02165     0.84523     0.00297     0.00059     0.04165     0.03196     0.28657     0.00082     0.00019
   -3.4084     0.00267     0.02117     0.81295     0.00294     0.00056     0.04088     0.03259     0.30032     0.00086     0.00020
   -3.3783     0.00284     0.02152     0.79192     0.00294     0.00054     0.04012     0.03329     0.31502     0.00090     0.00021
   -3.3484     0.00308     0.02267     0.77516     0.00297     0.00052     0.03942     0.03413     0.33083     0.00095     0.00022
   -3.3183     0.00334     0.02403     0.75483     0.00298     0.00049     0.03880     0.03534     0.34934     0.00101     0.00023
   -3.2882     0.00369     0.02535     0.74422     0.00303     0.00047     0.03847     0.03741     0.37398     0.00109     0.00025
   -3.2583     0.00397     0.02704     0.71856     0.00294     0.00044     0.03857     0.04039     0.40379     0.00118     0.00027
   -3.2282     0.00411     0.02762     0.65702     0.00265     0.00040     0.03852     0.04268     0.42459     0.00128     0.00029
   -3.1982     0.00442     0.02816     0.60696     0.00241     0.00037     0.03754     0.04258     0.43153     0.00138     0.00029
   -3.1681     0.00496     0.03061     0.58744     0.00229     0.00036     0.03580     0.04106     0.43715     0.00148     0.00028
   -3.1382     0.00569     0.03415     0.59075     0.00227     0.00036     0.03429     0.04023     0.44804     0.00160     0.00029
   -3.1081     0.00668     0.03877     0.61593     0.00235     0.00038     0.03224     0.03898     0.44524     0.00164     0.00029
   -3.0780     0.00777     0.04381     0.64983     0.00248     0.00040     0.02929     0.03625     0.42164     0.00158     0.00027
   -3.0481     0.00881     0.04877     0.68336     0.00262     0.00042     0.02647     0.03318     0.39394     0.00151     0.00025
   -3.0180     0.00964     0.05387     0.72102     0.00279     0.00045     0.02399     0.03008     0.36561     0.00142     0.00022
   -2.9879     0.01062     0.05960     0.76856     0.00302     0.00048     0.02187     0.02731     0.33826     0.00133     0.00020
   -2.9579     0.01197     0.06589     0.83364     0.00334     0.00052     0.02017     0.02542     0.31941     0.00128     0.00019
   -2.9279     0.01219     0.06573     0.86765     0.00358     0.00056     0.01871     0.02406     0.30792     0.00125     0.00018
   -2.8979     0.01183     0.06123     0.86930     0.00371     0.00057     0.01744     0.02301     0.29957     0.00122     0.00017
   -2.8678     0.01234     0.06138     0.90588     0.00398     0.00059     0.01651     0.02258     0.29654     0.00120     0.00016
   -2.8379     0.01311     0.06398     0.96415     0.00433     0.00063     0.01503     0.02197     0.28922     0.00117     0.00015
   -2.8078     0.01400     0.06695     1.02992     0.00471     0.00068     0.01288     0.02053     0.27037     0.00111     0.00014
   -2.7777     0.01659     0.07437     1.20191     0.00574     0.00079     0.01099     0.01891     0.24852     0.00105     0.00013
   -2.7477     0.01850     0.07925     1.33705     0.00658     0.00087     0.00937     0.01748     0.22910     0.00101     0.00012
   -2.7177     0.01761     0.07610     1.30611     0.00644     0.00087     0.00789     0.01608     0.21118     0.00096     0.00011
   -2.6877     0.01591     0.07064     1.23390     0.00599     0.00086     0.00662     0.01489     0.19626     0.00092     0.00010
   -2.6576     0.01399     0.06431     1.14667     0.00542     0.00085     0.00551     0.01391     0.18394     0.00090     0.00009
   -2.6277     0.01235     0.05841     1.05199     0.00487     0.00081     0.00443     0.01297     0.17182     0.00087     0.00008
   -2.5976     0.01110     0.05325     0.97716     0.00442     0.00079     0.00337     0.01206     0.15969     0.00084     0.00008
   -2.5675     0.01007     0.04875     0.92113     0.00401     0.00079     0.00239     0.01178     0.15401     0.00082     0.00007
   -2.5375     0.00921     0.04487     0.83201     0.00360     0.00073     0.00127     0.01065     0.13800     0.00077     0.00007
   -2.5075     0.00850     0.04152     0.72252     0.00321     0.00062     0.00047     0.00927     0.11984     0.00074     0.00006
   -2.4775     0.00790     0.03859     0.58123     0.00280     0.00045     0.00030     0.00922     0.11782     0.00076     0.00006
   -2.4474     0.00742     0.03607     0.44211     0.00245     0.00026     0.00024     0.00937     0.11749     0.00080     0.00006
   -2.4175     0.00702     0.03404     0.37563     0.00222     0.00019     0.00021     0.01012     0.12309     0.00085     0.00006
   -2.3874     0.00668     0.03243     0.34529     0.00207     0.00018     0.00019     0.01448     0.17330     0.00098     0.00009
   -2.3573     0.00640     0.03106     0.32892     0.00197     0.00017     0.00020     0.02599     0.32230     0.00126     0.00015
   -2.3273     0.00615     0.02981     0.32101     0.00190     0.00018     0.00023     0.04254     0.54715     0.00164     0.00026
   -2.2973     0.00589     0.02865     0.32474     0.00186     0.00020     0.00029     0.05733     0.73480     0.00199     0.00038
   -2.2673     0.00565     0.02751     0.31410     0.00180     0.00020     0.00038     0.05678     0.76576     0.00220     0.00046
   -2.2372     0.00540     0.02638     0.29304     0.00174     0.00017     0.00050     0.05050     0.76016     0.00241     0.00051
   -2.2073     0.00516     0.02529     0.28530     0.00169     0.00017     0.00065     0.05241     0.83120     0.00271     0.00061
   -2.1772     0.00492     0.02426     0.27908     0.00165     0.00017     0.00083     0.05458     0.90882     0.00300     0.00072
   -2.1471     0.00475     0.02343     0.27554     0.00162     0.00017     0.00106     0.05309     0.98914     0.00321     0.00086
   -2.1170     0.00473     0.02305     0.27571     0.00162     0.00017     0.00131     0.04943     0.99297     0.00330     0.00090
   -2.0871     0.00461     0.02242     0.27705     0.00162     0.00018     0.00178     0.05037     0.94805     0.00337     0.00085
   -2.0570     0.00403     0.02064     0.27671     0.00160     0.00018     0.00235     0.05333     0.94111     0.00351     0.00083
   -2.0270     0.00354     0.01911     0.28011     0.00160     0.00019     0.00266     0.05397     0.94042     0.00367     0.00082
   -1.9970     0.00343     0.01877     0.30237     0.00173     0.00020     0.00279     0.05444     0.93850     0.00376     0.00081
   -1.9670     0.00332     0.01855     0.32769     0.00187     0.00022     0.00291     0.05534     0.92882     0.00382     0.00080
   -1.9369     0.00322     0.01823     0.34731     0.00197     0.00024     0.00305     0.05667     0.91144     0.00386     0.00078
   -1.9068     0.00307     0.01785     0.36600     0.00204     0.00025     0.00322     0.05846     0.89492     0.00390     0.00076
   -1.8769     0.00289     0.01732     0.37692     0.00206     0.00027     0.00348     0.06140     0.88830     0.00398     0.00075
   -1.8468     0.00273     0.01671     0.37713     0.00202     0.00027     0.00364     0.06404     0.87941     0.00406     0.00073
   -1.8168     0.00260     0.01612     0.36420     0.00194     0.00026     0.00361     0.06555     0.86240     0.00411     0.00071
   -1.7868     0.00251     0.01572     0.36267     0.00192     0.00025     0.00365     0.06716     0.84463     0.00416     0.00069
   -1.7568     0.00242     0.01543     0.37858     0.00199     0.00026     0.00378     0.06839     0.82258     0.00419     0.00066
   -1.7267     0.00235     0.01515     0.39782     0.00207     0.00028     0.00391     0.06888     0.80073     0.00420     0.00063
   -1.6966     0.00228     0.01488     0.41910     0.00216     0.00029     0.00404     0.06912     0.78180     0.00420     0.00061
   -1.6667     0.00222     0.01463     0.44241     0.00225     0.00031     0.00414     0.06879     0.75973     0.00418     0.00058
   -1.6366     0.00216     0.01438     0.46963     0.00236     0.00033     0.00420     0.06745     0.73256     0.00412     0.00055
   -1.6066     0.00214     0.01426     0.50703     0.00251     0.00036     0.00422     0.06474     0.70358     0.00402     0.00053
   -1.5766     0.00218     0.01427     0.55241     0.00269     0.00039     0.00427     0.06273     0.68449     0.00396     0.00051
   -1.5466     0.00226     0.01431     0.60101     0.00288     0.00043     0.00445     0.06286     0.68519     0.00401     0.00051
   -1.5165     0.00237     0.01439     0.65517     0.00309     0.00047     0.00463     0.06327     0.68751     0.00409     0.00051
   -1.4864     0.00252     0.01451     0.71493     0.00332     0.00052     0.00474     0.06352     0.68732     0.00418     0.00052
   -1.4565     0.00319     0.01520     0.80815     0.00374     0.00059     0.00489     0.06392     0.68599     0.00422     0.00052
   -1.4264     0.00452     0.01686     0.94153     0.00437     0.00068     0.00507     0.06449     0.68292     0.00424     0.00052
   -1.3964     0.00578     0.01684     1.08396     0.00497     0.00080     0.00528     0.06566     0.69058     0.00435     0.00053
   -1.3664     0.00649     0.01563     1.20986     0.00538     0.00091     0.00552     0.06728     0.70610     0.00451     0.00054
   -1.3364     0.00674     0.01524     1.31406     0.00561     0.00101     0.00577     0.06919     0.72650     0.00472     0.00056
   -1.3063     0.00663     0.01516     1.50250     0.00593     0.00121     0.00607     0.07207     0.75896     0.00500     0.00059
   -1.2762     0.00639     0.01519     1.63340     0.00602     0.00135     0.00680     0.07841     0.82600     0.00557     0.00065
   -1.2463     0.00619     0.01461     1.59056     0.00565     0.00129     0.00777     0.08611     0.90331     0.00627     0.00071
   -1.2162     0.00603     0.01379     1.54105     0.00530     0.00123     0.00840     0.09088     0.95413     0.00677     0.00074
   -1.1861     0.00598     0.01316     1.53176     0.00504     0.00122     0.00871     0.09308     0.98449     0.00707     0.00077
   -1.1562     0.00600     0.01265     1.53293     0.00484     0.00120     0.00882     0.09380     1.00134     0.00726     0.00078
   -1.1261     0.00604     0.01220     1.54315     0.00466     0.00118     0.00872     0.09209     1.00383     0.00729     0.00080
   -1.0961     0.00625     0.01208     1.69914     0.00456     0.00134     0.00820     0.08588     0.96766     0.00697     0.00079
   -1.0660     0.00666     0.01181     1.94712     0.00451     0.00157     0.00737     0.07786     0.90179     0.00639     0.00076
   -1.0361     0.00728     0.01126     2.07639     0.00440     0.00163     0.00651     0.07076     0.83910     0.00583     0.00074
   -1.0060     0.00756     0.01065     2.06937     0.00420     0.00152     0.00573     0.06437     0.79626     0.00540     0.00074
   -0.9759     0.00712     0.01000     1.98663     0.00399     0.00131     0.00511     0.05926     0.77180     0.00507     0.00075
   -0.9460     0.00658     0.00963     1.92148     0.00378     0.00111     0.00446     0.05382     0.70919     0.00457     0.00072
   -0.9159     0.00642     0.00960     1.90897     0.00353     0.00094     0.00391     0.04908     0.64597     0.00411     0.00067
   -0.8859     0.00660     0.01000     1.88882     0.00324     0.00080     0.00360     0.04614     0.62471     0.00384     0.00069
   -0.8558     0.00705     0.01098     2.04494     0.00301     0.00072     0.00333     0.04343     0.60464     0.00357     0.00071
   -0.8259     0.00775     0.01292     2.25034     0.00282     0.00070     0.00310     0.04102     0.55982     0.00329     0.00067
   -0.7958     0.00824     0.01476     1.98401     0.00262     0.00064     0.00290     0.03867     0.46906     0.00293     0.00054
   -0.7657     0.00835     0.01515     1.44499     0.00236     0.00054     0.00273     0.03632     0.37906     0.00252     0.00043
   -0.7358     0.00842     0.01510     1.14285     0.00212     0.00046     0.00260     0.03430     0.27434     0.00216     0.00027
   -0.7057     0.00850     0.01568     1.04349     0.00200     0.00042     0.00250     0.03276     0.19637     0.00195     0.00013
   -0.6757     0.00854     0.01639     0.97913     0.00199     0.00040     0.00241     0.03158     0.18762     0.00188     0.00012
   -0.6456     0.00863     0.01693     0.93533     0.00200     0.00038     0.00232     0.03048     0.18416     0.00183     0.00012
   -0.6157     0.00872     0.01738     0.89806     0.00202     0.00037     0.00224     0.02940     0.18241     0.00179     0.00013
   -0.5856     0.00879     0.01776     0.86325     0.00203     0.00036     0.00216     0.02835     0.18233     0.00174     0.00014
   -0.5555     0.00883     0.01805     0.83151     0.00204     0.00035     0.00208     0.02735     0.19293     0.00172     0.00017
   -0.5256     0.00884     0.01828     0.80951     0.00206     0.00034     0.00200     0.02636     0.18880     0.00168     0.00017
   -0.4955     0.00888     0.01850     0.79438     0.00208     0.00033     0.00193     0.02538     0.17271     0.00163     0.00014
   -0.4655     0.00895     0.01875     0.77979     0.00207     0.00032     0.00185     0.02444     0.16932     0.00159     0.00014
   -0.4354     0.00904     0.01902     0.76754     0.00207     0.00032     0.00178     0.02354     0.16614     0.00156     0.00014
   -0.4054     0.00914     0.01936     0.75770     0.00209     0.00031     0.00171     0.02267     0.16318     0.00152     0.00014
   -0.3754     0.00915     0.01966     0.74012     0.00208     0.00031     0.00165     0.02197     0.16082     0.00149     0.00013
   -0.3453     0.00909     0.01993     0.71808     0.00203     0.00030     0.00160     0.02163     0.15990     0.00149     0.00014
   -0.3154     0.00897     0.02028     0.69876     0.00199     0.00029     0.00157     0.02174     0.16061     0.00150     0.00014
   -0.2853     0.00869     0.02002     0.67373     0.00195     0.00029     0.00154     0.02234     0.16407     0.00154     0.00014
   -0.2552     0.00840     0.01941     0.65495     0.00192     0.00028     0.00150     0.02372     0.16540     0.00158     0.00014
   -0.2252     0.00820     0.01920     0.64936     0.00190     0.00029     0.00142     0.02336     0.15985     0.00153     0.00014
   -0.1952     0.00796     0.01903     0.64634     0.00187     0.00029     0.00112     0.01777     0.15145     0.00137     0.00014
   -0.1652     0.00773     0.01873     0.63653     0.00181     0.00030     0.00083     0.01275     0.14837     0.00124     0.00014
   -0.1351     0.00755     0.01846     0.63067     0.00176     0.00030     0.00076     0.01160     0.15291     0.00124     0.00014
   -0.1052     0.00745     0.01839     0.64861     0.00176     0.00032     0.00073     0.01084     0.15974     0.00128     0.00015
   -0.0751     0.00734     0.01795     0.64184     0.00171     0.00032     0.00070     0.01020     0.17232     0.00137     0.00015
   -0.0450     0.00723     0.01734     0.61710     0.00162     0.00031     0.00068     0.00968     0.19361     0.00157     0.00016
   -0.0150     0.00717     0.01706     0.61638     0.00159     0.00032     0.00065     0.00913     0.19965     0.00165     0.00015
    0.0150     0.00711     0.01671     0.60758     0.00154     0.00031     0.00063     0.00850     0.19545     0.00160     0.00015
    0.0450     0.00704     0.01634     0.59472     0.00148     0.00031     0.00061     0.00794     0.19948     0.00162     0.00015
    0.0751     0.00698     0.01610     0.61096     0.00148     0.00033     0.00059     0.00752     0.20804     0.00168     0.00016
    0.1052     0.00693     0.01587     0.63516     0.00147     0.00036     0.00058     0.00718     0.21933     0.00176     0.00016
    0.1351     0.00687     0.01561     0.65022     0.00143     0.00038     0.00057     0.00671     0.22331     0.00178     0.00016
    0.1652     0.00681     0.01539     0.67476     0.00140     0.00042     0.00056     0.00626     0.22682     0.00179     0.00017
    0.1952     0.00677     0.01532     0.72923     0.00135     0.00048     0.00057     0.00597     0.23630     0.00186     0.00017
    0.2252     0.00666     0.01481     0.71570     0.00121     0.00048     0.00058     0.00574     0.24706     0.00194     0.00018
    0.2552     0.00652     0.01376     0.60829     0.00100     0.00040     0.00059     0.00557     0.25887     0.00203     0.00019
    0.2853     0.00646     0.01292     0.51778     0.00085     0.00034     0.00061     0.00545     0.27171     0.00213     0.00020
    0.3154     0.00645     0.01231     0.40200     0.00073     0.00024     0.00063     0.00538     0.28560     0.00224     0.00021
    0.3453     0.00648     0.01178     0.28952     0.00063     0.00013     0.00066     0.00536     0.30052     0.00236     0.00022
    0.3754     0.00652     0.01133     0.23494     0.00057     0.00010     0.00070     0.00540     0.31685     0.00249     0.00023
    0.4054     0.00656     0.01099     0.19587     0.00052     0.00007     0.00076     0.00551     0.33621     0.00265     0.00024
    0.4354     0.00660     0.01080     0.16647     0.00049     0.00006     0.00091     0.00578     0.36419     0.00288     0.00026
    0.4655     0.00662     0.01077     0.14492     0.00047     0.00004     0.00123     0.00625     0.40523     0.00323     0.00029
    0.4955     0.00665     0.01089     0.12993     0.00046     0.00004     0.00165     0.00682     0.45915     0.00366     0.00033
    0.5256     0.00674     0.01118     0.12161     0.00045     0.00003     0.00204     0.00732     0.51799     0.00411     0.00037
    0.5555     0.00686     0.01157     0.11741     0.00045     0.00003     0.00241     0.00762     0.56107     0.00442     0.00040
    0.5856     0.00694     0.01190     0.11367     0.00045     0.00003     0.00275     0.00781     0.59390     0.00466     0.00043
    0.6157     0.00700     0.01222     0.11076     0.00044     0.00003     0.00309     0.00802     0.62973     0.00490     0.00046
    0.6456     0.00707     0.01259     0.10915     0.00044     0.00003     0.00332     0.00809     0.65904     0.00506     0.00049
    0.6757     0.00714     0.01296     0.10801     0.00043     0.00003     0.00319     0.00795     0.66608     0.00499     0.00051
    0.7057     0.00720     0.01332     0.10706     0.00043     0.00003     0.00299     0.00785     0.66910     0.00491     0.00053
    0.7358     0.00726     0.01369     0.10605     0.00043     0.00003     0.00301     0.00790     0.68650     0.00495     0.00055
    0.7657     0.00732     0.01405     0.10473     0.00043     0.00003     0.00303     0.00800     0.70685     0.00501     0.00057
    0.7958     0.00738     0.01442     0.10283     0.00042     0.00003     0.00305     0.00806     0.72779     0.00507     0.00060
    0.8259     0.00744     0.01480     0.10041     0.00041     0.00003     0.00305     0.00805     0.74823     0.00511     0.00063
    0.8558     0.00748     0.01515     0.09871     0.00041     0.00003     0.00303     0.00793     0.76646     0.00510     0.00066
    0.8859     0.00752     0.01548     0.09797     0.00041     0.00003     0.00298     0.00773     0.78176     0.00507     0.00068
    0.9159     0.00756     0.01579     0.09727     0.00041     0.00003     0.00294     0.00759     0.79938     0.00505     0.00071
    0.9460     0.00759     0.01610     0.09654     0.00041     0.00003     0.00292     0.00755     0.82540     0.00507     0.00075
    0.9759     0.00762     0.01640     0.09578     0.00041     0.00003     0.00291     0.00757     0.85785     0.00510     0.00080
    1.0060     0.00764     0.01668     0.09501     0.00041     0.00003     0.00289     0.00761     0.89183     0.00512     0.00085
    1.0361     0.00766     0.01695     0.09421     0.00041     0.00003     0.00282     0.00759     0.92498     0.00511     0.00090
    1.0660     0.00768     0.01723     0.09349     0.00041     0.00003     0.00267     0.00729     0.95383     0.00504     0.00095
    1.0961     0.00771     0.01751     0.09294     0.00041     0.00003     0.00257     0.00701     1.00510     0.00505     0.00103
    1.1261     0.00773     0.01779     0.09252     0.00041     0.00003     0.00256     0.00696     1.06659     0.00511     0.00112
    1.1562     0.00776     0.01807     0.09216     0.00041     0.00003     0.00259     0.00695     1.10838     0.00509     0.00118
    1.1861     0.00780     0.01835     0.09185     0.00042     0.00003     0.00264     0.00695     1.14456     0.00504     0.00123
    1.2162     0.00783     0.01863     0.09160     0.00042     0.00003     0.00272     0.00699     1.18807     0.00500     0.00129
    1.2463     0.00786     0.01890     0.09139     0.00042     0.00003     0.00282     0.00701     1.24591     0.00496     0.00138
    1.2762     0.00790     0.01917     0.09118     0.00042     0.00003     0.00292     0.00683     1.26816     0.00478     0.00141
    1.3063     0.00793     0.01944     0.09096     0.00043     0.00003     0.00299     0.00656     1.24974     0.00451     0.00138
    1.3364     0.00797     0.01971     0.09073     0.00043     0.00003     0.00321     0.00640     1.26819     0.00432     0.00140
    1.3664     0.00800     0.01997     0.09049     0.00043     0.00003     0.00330     0.00622     1.26438     0.00410     0.00136
    1.3964     0.00803     0.02023     0.09023     0.00043     0.00003     0.00288     0.00615     1.16091     0.00383     0.00114
    1.4264     0.00806     0.02049     0.08996     0.00044     0.00003     0.00239     0.00601     1.04597     0.00355     0.00091
    1.4565     0.00809     0.02074     0.08968     0.00044     0.00003     0.00211     0.00554     0.96231     0.00324     0.00077
    1.4864     0.00812     0.02099     0.08939     0.00044     0.00003     0.00191     0.00520     0.90646     0.00303     0.00065
    1.5165     0.00815     0.02124     0.08908     0.00044     0.00003     0.00179     0.00500     0.88982     0.00291     0.00060
    1.5466     0.00818     0.02149     0.08876     0.00045     0.00003     0.00171     0.00482     0.94626     0.00286     0.00067
    1.5766     0.00834     0.02479     0.09368     0.00051     0.00004     0.00168     0.00467     1.08083     0.00291     0.00085
    1.6066     0.00833     0.02494     0.09158     0.00050     0.00004     0.00174     0.00456     1.15233     0.00293     0.00088
    1.6366     0.00818     0.02199     0.08410     0.00044     0.00003     0.00191     0.00454     1.16266     0.00290     0.00080
    1.6667     0.00819     0.02215     0.08353     0.00045     0.00003     0.00217     0.00467     1.19393     0.00290     0.00076
    1.6966     0.00819     0.02230     0.08297     0.00045     0.00003     0.00247     0.00492     1.23728     0.00289     0.00072
    1.7267     0.00820     0.02246     0.08242     0.00045     0.00003     0.00283     0.00520     1.31457     0.00290     0.00072
    1.7568     0.00820     0.02261     0.08186     0.00045     0.00003     0.00338     0.00564     1.43449     0.00297     0.00075
    1.7868     0.00820     0.02277     0.08130     0.00045     0.00003     0.00424     0.00638     1.60884     0.00314     0.00082
    1.8168     0.00820     0.02292     0.08073     0.00045     0.00003     0.00623     0.00812     2.26195     0.00375     0.00110
    1.8468     0.00819     0.02307     0.08017     0.00045     0.00003     0.00869     0.01075     3.29721     0.00442     0.00148
    1.8769     0.00818     0.02322     0.07960     0.00045     0.00003     0.00905     0.01259     3.33885     0.00427     0.00145
    1.9068     0.00818     0.02337     0.07903     0.00045     0.00003     0.00745     0.01290     2.26847     0.00350     0.00108
    1.9369     0.00817     0.02351     0.07846     0.00045     0.00003     0.00608     0.01193     1.47541     0.00275     0.00080
    1.9670     0.00816     0.02366     0.07789     0.00046     0.00003     0.00554     0.01074     1.20502     0.00231     0.00065
    1.9970     0.00814     0.02380     0.07732     0.00046     0.00003     0.00541     0.00969     1.02405     0.00212     0.00056
    2.0270     0.00813     0.02394     0.07674     0.00046     0.00003     0.00544     0.00907     0.93299     0.00201     0.00052
    2.0570     0.00811     0.02408     0.07616     0.00046     0.00003     0.00552     0.00913     0.92061     0.00197     0.00053
    2.0871     0.00809     0.02422     0.07554     0.00046     0.00003     0.00560     0.00922     0.91368     0.00193     0.00054
    2.1170     0.00806     0.02434     0.07482     0.00046     0.00003     0.00567     0.00930     0.90092     0.00185     0.00055
    2.1471     0.00802     0.02447     0.07412     0.00046     0.00003     0.00574     0.00940     0.89031     0.00178     0.00056
    2.1772     0.00801     0.02462     0.07353     0.00046     0.00003     0.00580     0.00954     0.89416     0.00169     0.00060
    2.2073     0.00800     0.02476     0.07296     0.00047     0.00003     0.00577     0.00939     0.84376     0.00150     0.00058
    2.2372     0.00798     0.02491     0.07235     0.00047     0.00003     0.00571     0.00932     0.77014     0.00131     0.00052
    2.2673     0.00797     0.02505     0.07173     0.00047     0.00003     0.00569     0.00920     0.69850     0.00114     0.00047
    2.2973     0.00795     0.02520     0.07108     0.00047     0.00003     0.00571     0.00883     0.60502     0.00094     0.00040
    2.3273     0.00793     0.02535     0.07011     0.00047     0.00003     0.00580     0.00875     0.49866     0.00081     0.00031
    2.3573     0.00788     0.02549     0.06865     0.00047     0.00003     0.00595     0.00897     0.40284     0.00073     0.00021
    2.3874     0.00784     0.02560     0.06743     0.00047     0.00003     0.00612     0.00941     0.35460     0.00069     0.00017
    2.4175     0.00780     0.02568     0.06669     0.00047     0.00003     0.00622     0.00964     0.30989     0.00063     0.00014
    2.4474     0.00777     0.02576     0.06598     0.00047     0.00003     0.00629     0.00980     0.27202     0.00058     0.00012
    2.4775     0.00774     0.02583     0.06531     0.00047     0.00003     0.00639     0.01008     0.24419     0.00055     0.00010
    2.5075     0.00771     0.02589     0.06466     0.00047     0.00003     0.00649     0.01039     0.22264     0.00053     0.00009
    2.5375     0.00768     0.02594     0.06405     0.00047     0.00003     0.00658     0.01073     0.20594     0.00052     0.00008
    2.5675     0.00765     0.02599     0.06347     0.00047     0.00003     0.00668     0.01112     0.19350     0.00051     0.00008
    2.5976     0.00761     0.02603     0.06293     0.00047     0.00003     0.00676     0.01153     0.18574     0.00050     0.00008
    2.6277     0.00759     0.02612     0.06250     0.00047     0.00003     0.00680     0.01195     0.18154     0.00050     0.00007
    2.6576     0.00757     0.02623     0.06215     0.00048     0.00003     0.00669     0.01234     0.17622     0.00050     0.00007
    2.6877     0.00756     0.02630     0.06178     0.00048     0.00003     0.00657     0.01272     0.17136     0.00050     0.00007
    2.7177     0.00754     0.02637     0.06139     0.00048     0.00003     0.00657     0.01311     0.16949     0.00051     0.00007
    2.7477     0.00752     0.02642     0.06101     0.00048     0.00003     0.00658     0.01350     0.16803     0.00051     0.00007
    2.7777     0.00750     0.02647     0.06062     0.00048     0.00003     0.00660     0.01388     0.16647     0.00051     0.00007
    2.8078     0.00748     0.02651     0.06023     0.00048     0.00003     0.00661     0.01424     0.16482     0.00052     0.00007
    2.8379     0.00745     0.02655     0.05983     0.00048     0.00003     0.00661     0.01459     0.16307     0.00052     0.00007
    2.8678     0.00743     0.02657     0.05943     0.00048     0.00003     0.00662     0.01492     0.16122     0.00052     0.00007
    2.8979     0.00741     0.02659     0.05903     0.00048     0.00003     0.00662     0.01524     0.15935     0.00052     0.00007
    2.9279     0.00739     0.02660     0.05861     0.00048     0.00003     0.00663     0.01555     0.15766     0.00052     0.00007
    2.9579     0.00736     0.02661     0.05820     0.00048     0.00003     0.00664     0.01583     0.15612     0.00052     0.00007
    2.9879     0.00733     0.02660     0.05778     0.00048     0.00003     0.00665     0.01615     0.15486     0.00053     0.00007
    3.0180     0.00731     0.02659     0.05736     0.00048     0.00003     0.00667     0.01653     0.15421     0.00053     0.00007
    3.0481     0.00728     0.02658     0.05693     0.00048     0.00003     0.00670     0.01700     0.15425     0.00054     0.00007
    3.0780     0.00725     0.02656     0.05649     0.00048     0.00003     0.00674     0.01755     0.15494     0.00055     0.00007
    3.1081     0.00722     0.02653     0.05605     0.00048     0.00003     0.00676     0.01776     0.15231     0.00055     0.00007
    3.1382     0.00719     0.02649     0.05561     0.00048     0.00003     0.00677     0.01731     0.14415     0.00053     0.00007
    3.1681     0.00715     0.02646     0.05516     0.00048     0.00003     0.00679     0.01705     0.13863     0.00052     0.00007
    3.1982     0.00712     0.02641     0.05470     0.00048     0.00003     0.00681     0.01726     0.13766     0.00052     0.00007
    3.2282     0.00708     0.02637     0.05426     0.00048     0.00003     0.00684     0.01746     0.13668     0.00052     0.00007
    3.2583     0.00705     0.02634     0.05385     0.00048     0.00003     0.00687     0.01767     0.13572     0.00052     0.00006
    3.2882     0.00701     0.02631     0.05345     0.00048     0.00003     0.00689     0.01787     0.13476     0.00052     0.00006
    3.3183     0.00698     0.02630     0.05306     0.00048     0.00003     0.00692     0.01807     0.13380     0.00053     0.00006
    3.3484     0.00694     0.02628     0.05268     0.00048     0.00003     0.00694     0.01827     0.13285     0.00053     0.00006
    3.3783     0.00691     0.02628     0.05231     0.00049     0.00003     0.00694     0.01846     0.13159     0.00053     0.00006
    3.4084     0.00687     0.02629     0.05196     0.00049     0.00003     0.00690     0.01863     0.13002     0.00053     0.00006
    3.4384     0.00683     0.02630     0.05161     0.00049     0.00003     0.00687     0.01880     0.12865     0.00053     0.00006
    3.4685     0.00679     0.02631     0.05127     0.00049     0.00003     0.00686     0.01898     0.12746     0.00053     0.00006
    3.4984     0.00675     0.02633     0.05092     0.00049     0.00003     0.00685     0.01915     0.12625     0.00053     0.00006
    3.5285     0.00671     0.02635     0.05056     0.00049     0.00003     0.00684     0.01932     0.12503     0.00053     0.00006
    3.5586     0.00667     0.02637     0.05022     0.00049     0.00003     0.00682     0.01949     0.12379     0.00053     0.00006
    3.5885     0.00663     0.02640     0.04989     0.00050     0.00003     0.00680     0.01965     0.12252     0.00054     0.00006
    3.6186     0.00659     0.02644     0.04958     0.00050     0.00003     0.00678     0.01981     0.12121     0.00054     0.00006
    3.6486     0.00655     0.02648     0.04927     0.00050     0.00003     0.00676     0.01997     0.11984     0.00054     0.00006
    3.6787     0.00652     0.02652     0.04898     0.00050     0.00003     0.00673     0.02012     0.11843     0.00054     0.00006
    3.7086     0.00649     0.02657     0.04869     0.00051     0.00003     0.00669     0.02027     0.11691     0.00054     0.00006
    3.7387     0.00645     0.02661     0.04841     0.00051     0.00003     0.00664     0.02042     0.11516     0.00054     0.00006
    3.7688     0.00642     0.02665     0.04812     0.00051     0.00003     0.00660     0.02058     0.11353     0.00054     0.00006
    3.7987     0.00638     0.02669     0.04783     0.00051     0.00003     0.00659     0.02076     0.11228     0.00054     0.00006
    3.8288     0.00635     0.02672     0.04754     0.00052     0.00004     0.00658     0.02095     0.11112     0.00054     0.00006
    3.8588     0.00631     0.02675     0.04724     0.00052     0.00004     0.00658     0.02115     0.10992     0.00054     0.00006
    3.8889     0.00627     0.02677     0.04695     0.00052     0.00004     0.00656     0.02133     0.10841     0.00054     0.00006
    3.9188     0.00624     0.02680     0.04665     0.00052     0.00004     0.00654     0.02150     0.10618     0.00054     0.00006
    3.9489     0.00620     0.02681     0.04635     0.00053     0.00004     0.00652     0.02165     0.10401     0.00054     0.00006
    3.9790     0.00616     0.02683     0.04605     0.00053     0.00004     0.00649     0.02177     0.10240     0.00054     0.00006
    4.0089     0.00612     0.02684     0.04575     0.00053     0.00004     0.00647     0.02195     0.10107     0.00054     0.00006
    4.0390     0.00610     0.02692     0.04562     0.00053     0.00004     0.00645     0.02215     0.09998     0.00054     0.00006
    4.0691     0.00611     0.02705     0.04560     0.00054     0.00004     0.00644     0.02228     0.09890     0.00055     0.00006
    4.0991     0.00606     0.02700     0.04516     0.00054     0.00004     0.00642     0.02239     0.09786     0.00055     0.00006
    4.1291     0.00598     0.02681     0.04440     0.00054     0.00004     0.00641     0.02249     0.09687     0.00055     0.00006
    4.1591     0.00590     0.02664     0.04367     0.00054     0.00004     0.00640     0.02258     0.09596     0.00055     0.00006
    4.1892     0.00582     0.02649     0.04299     0.00054     0.00004     0.00639     0.02267     0.09507     0.00055     0.00006
    4.2191     0.00574     0.02634     0.04234     0.00054     0.00004     0.00637     0.02275     0.09420     0.00055     0.00006
    4.2492     0.00569     0.02629     0.04184     0.00054     0.00004     0.00636     0.02282     0.09333     0.00055     0.00006
    4.2793     0.00565     0.02636     0.04146     0.00054     0.00004     0.00634     0.02288     0.09246     0.00055     0.00006
    4.3093     0.00561     0.02642     0.04103     0.00055     0.00004     0.00633     0.02295     0.09159     0.00056     0.00006
    4.3393     0.00555     0.02644     0.04059     0.00055     0.00004     0.00631     0.02300     0.09071     0.00056     0.00006
    4.3693     0.00550     0.02639     0.04014     0.00056     0.00004     0.00629     0.02305     0.08983     0.00056     0.00006
    4.3994     0.00544     0.02628     0.03965     0.00056     0.00004     0.00627     0.02309     0.08895     0.00056     0.00006
    4.4293     0.00537     0.02612     0.03913     0.00056     0.00004     0.00625     0.02313     0.08807     0.00056     0.00006
    4.4594     0.00530     0.02593     0.03860     0.00055     0.00004     0.00623     0.02316     0.08719     0.00056     0.00006
    4.4895     0.00524     0.02574     0.03808     0.00055     0.00004     0.00620     0.02319     0.08630     0.00056     0.00006
    4.5195     0.00517     0.02555     0.03756     0.00055     0.00004     0.00618     0.02321     0.08541     0.00056     0.00006
    4.5495     0.00511     0.02537     0.03705     0.00055     0.00004     0.00615     0.02323     0.08450     0.00056     0.00006
    4.5795     0.00504     0.02520     0.03654     0.00055     0.00004     0.00612     0.02323     0.08359     0.00056     0.00006
    4.6096     0.00498     0.02503     0.03605     0.00055     0.00004     0.00608     0.02324     0.08266     0.00056     0.00006
    4.6395     0.00491     0.02486     0.03555     0.00055     0.00004     0.00605     0.02323     0.08171     0.00056     0.00006
    4.6696     0.00485     0.02471     0.03507     0.00055     0.00004     0.00601     0.02323     0.08079     0.00056     0.00006
    4.6997     0.00481     0.02472     0.03483     0.00055     0.00004     0.00597     0.02325     0.08002     0.00057     0.00006
    4.7297     0.00478     0.02478     0.03468     0.00055     0.00004     0.00594     0.02330     0.07936     0.00057     0.00006
    4.7597     0.00473     0.02471     0.03436     0.00056     0.00004     0.00591     0.02336     0.07870     0.00057     0.00006
    4.7897     0.00469     0.02459     0.03403     0.00055     0.00004     0.00587     0.02341     0.07803     0.00057     0.00006
    4.8198     0.00464     0.02448     0.03371     0.00055     0.00004     0.00583     0.02346     0.07734     0.00057     0.00006
    4.8497     0.00460     0.02436     0.03339     0.00055     0.00004     0.00578     0.02352     0.07664     0.00058     0.00006
    4.8798     0.00455     0.02424     0.03307     0.00055     0.00004     0.00574     0.02357     0.07595     0.00058     0.00006
    4.9099     0.00451     0.02412     0.03275     0.00055     0.00004     0.00570     0.02363     0.07529     0.00058     0.00006
    4.9400     0.00447     0.02400     0.03243     0.00055     0.00004     0.00567     0.02369     0.07466     0.00058     0.00006
    4.9699     0.00442     0.02388     0.03211     0.00055     0.00004     0.00563     0.02376     0.07405     0.00059     0.00005
    5.0000     0.00438     0.02376     0.03180     0.00055     0.00004     0.00561     0.02382     0.07347     0.00059     0.00005
    5.0300     0.00433     0.02363     0.03148     0.00055     0.00004     0.00558     0.02389     0.07289     0.00059     0.00005
    5.0600     0.00429     0.02351     0.03117     0.00055     0.00003     0.00554     0.02395     0.07231     0.00060     0.00005
    5.0900     0.00425     0.02338     0.03085     0.00055     0.00003     0.00551     0.02400     0.07173     0.00060     0.00005
    5.1201     0.00420     0.02325     0.03054     0.00055     0.00003     0.00548     0.02405     0.07114     0.00060     0.00005
    5.1502     0.00416     0.02312     0.03022     0.00055     0.00003     0.00545     0.02410     0.07055     0.00061     0.00005
    5.1801     0.00412     0.02299     0.02991     0.00055     0.00003     0.00542     0.02414     0.06995     0.00061     0.00005
    5.2102     0.00408     0.02286     0.02960     0.00055     0.00003     0.00538     0.02418     0.06935     0.00061     0.00005
    5.2402     0.00403     0.02272     0.02929     0.00055     0.00003     0.00535     0.02421     0.06875     0.00061     0.00005
    5.2702     0.00399     0.02259     0.02898     0.00055     0.00003     0.00531     0.02424     0.06815     0.00062     0.00005
    5.3002     0.00395     0.02245     0.02867     0.00055     0.00003     0.00530     0.02433     0.06770     0.00062     0.00005
    5.3303     0.00390     0.02231     0.02835     0.00054     0.00003     0.00528     0.02439     0.06709     0.00063     0.00005
    5.3604     0.00384     0.02219     0.02800     0.00055     0.00003     0.00523     0.02432     0.06612     0.00063     0.00005
    5.3903     0.00379     0.02208     0.02767     0.00055     0.00003     0.00517     0.02425     0.06514     0.00063     0.00005
    5.4204     0.00374     0.02198     0.02737     0.00055     0.00003     0.00512     0.02418     0.06418     0.00063     0.00005
    5.4504     0.00370     0.02189     0.02709     0.00055     0.00003     0.00506     0.02411     0.06320     0.00063     0.00005
    5.4804     0.00366     0.02182     0.02681     0.00056     0.00003     0.00502     0.02409     0.06235     0.00063     0.00005
    5.5104     0.00363     0.02175     0.02653     0.00056     0.00003     0.00499     0.02414     0.06166     0.00064     0.00005
    5.5405     0.00359     0.02167     0.02625     0.00056     0.00003     0.00496     0.02417     0.06096     0.00064     0.00005
    5.5706     0.00355     0.02159     0.02596     0.00056     0.00003     0.00492     0.02418     0.06023     0.00065     0.00005
    5.6005     0.00351     0.02150     0.02568     0.00057     0.00003     0.00488     0.02417     0.05941     0.00065     0.00005
    5.6306     0.00346     0.02141     0.02540     0.00057     0.00003     0.00483     0.02416     0.05853     0.00065     0.00005
    5.6606     0.00342     0.02132     0.02511     0.00057     0.00003     0.00478     0.02412     0.05767     0.00066     0.00005
    5.6906     0.00338     0.02122     0.02482     0.00058     0.00003     0.00472     0.02404     0.05680     0.00066     0.00005
    5.7206     0.00334     0.02112     0.02454     0.00058     0.00003     0.00466     0.02391     0.05592     0.00066     0.00005
    5.7507     0.00329     0.02102     0.02426     0.00058     0.00003     0.00461     0.02376     0.05504     0.00066     0.00005
    5.7808     0.00325     0.02097     0.02401     0.00058     0.00003     0.00455     0.02361     0.05418     0.00066     0.00005
    5.8107     0.00320     0.02088     0.02370     0.00058     0.00003     0.00450     0.02347     0.05333     0.00066     0.00005
    5.8408     0.00315     0.02070     0.02334     0.00058     0.00003     0.00444     0.02333     0.05251     0.00066     0.00005
    5.8709     0.00310     0.02052     0.02297     0.00059     0.00003     0.00439     0.02320     0.05170     0.00066     0.00005
    5.9008     0.00305     0.02034     0.02261     0.00059     0.00003     0.00433     0.02308     0.05091     0.00066     0.00005
    5.9309     0.00300     0.02018     0.02226     0.00059     0.00003     0.00428     0.02297     0.05010     0.00066     0.00005
    5.9609     0.00297     0.02015     0.02203     0.00059     0.00003     0.00425     0.02302     0.04965     0.00066     0.00005
    5.9910     0.00295     0.02008     0.02177     0.00060     0.00003     0.00422     0.02310     0.04936     0.00066     0.00005
    6.0209     0.00289     0.01982     0.02138     0.00060     0.00003     0.00418     0.02301     0.04884     0.00066     0.00005
    6.0510     0.00283     0.01957     0.02100     0.00060     0.00003     0.00414     0.02291     0.04830     0.00066     0.00005
    6.0811     0.00278     0.01932     0.02063     0.00059     0.00003     0.00410     0.02281     0.04777     0.00066     0.00005
    6.1110     0.00272     0.01908     0.02027     0.00059     0.00003     0.00406     0.02271     0.04723     0.00066     0.00005
    6.1411     0.00267     0.01884     0.01991     0.00059     0.00003     0.00402     0.02260     0.04670     0.00066     0.00005
    6.1711     0.00261     0.01861     0.01956     0.00059     0.00003     0.00398     0.02250     0.04617     0.00066     0.00005
    6.2012     0.00256     0.01838     0.01923     0.00059     0.00003     0.00394     0.02239     0.04564     0.00066     0.00005
    6.2311     0.00250     0.01815     0.01890     0.00058     0.00003     0.00390     0.02228     0.04511     0.00066     0.00005
    6.2612     0.00247     0.01818     0.01891     0.00059     0.00003     0.00386     0.02217     0.04459     0.00066     0.00005
    6.2913     0.00243     0.01815     0.01885     0.00059     0.00003     0.00383     0.02206     0.04407     0.00066     0.00005
    6.3212     0.00237     0.01781     0.01836     0.00059     0.00003     0.00378     0.02195     0.04353     0.00066     0.00005
    6.3513     0.00232     0.01745     0.01787     0.00058     0.00003     0.00372     0.02185     0.04294     0.00066     0.00005
    6.3813     0.00227     0.01708     0.01735     0.00058     0.00003     0.00367     0.02175     0.04237     0.00067     0.00005
    6.4114     0.00222     0.01669     0.01682     0.00057     0.00003     0.00362     0.02166     0.04185     0.00067     0.00005
    6.4413     0.00217     0.01629     0.01627     0.00057     0.00003     0.00358     0.02158     0.04135     0.00067     0.00005
    6.4714     0.00211     0.01587     0.01571     0.00056     0.00002     0.00354     0.02151     0.04085     0.00067     0.00004
    6.5015     0.00206     0.01531     0.01501     0.00055     0.00002     0.00351     0.02145     0.04036     0.00068     0.00004
    6.5314     0.00198     0.01430     0.01395     0.00053     0.00002     0.00347     0.02139     0.03988     0.00068     0.00004
    6.5615     0.00193     0.01347     0.01305     0.00052     0.00002     0.00343     0.02132     0.03939     0.00069     0.00004
    6.5916     0.00189     0.01312     0.01256     0.00051     0.00002     0.00339     0.02125     0.03891     0.00069     0.00004
    6.6216     0.00186     0.01276     0.01206     0.00050     0.00002     0.00335     0.02118     0.03842     0.00069     0.00004
    6.6516     0.00237     0.01530     0.01608     0.00058     0.00002     0.00331     0.02111     0.03794     0.00070     0.00004
    6.6816     0.00220     0.01402     0.01419     0.00055     0.00002     0.00327     0.02102     0.03745     0.00070     0.00004
    6.7117     0.00148     0.00994     0.00789     0.00043     0.00002     0.00323     0.02094     0.03697     0.00070     0.00004
    6.7416     0.00146     0.00975     0.00766     0.00043     0.00002     0.00319     0.02085     0.03648     0.00070     0.00004
    6.7717     0.00143     0.00956     0.00743     0.00042     0.00002     0.00315     0.02076     0.03600     0.00071     0.00004
    6.8018     0.00141     0.00938     0.00720     0.00042     0.00002     0.00311     0.02066     0.03551     0.00071     0.00004
    6.8318     0.00139     0.00920     0.00699     0.00042     0.00002     0.00307     0.02056     0.03503     0.00071     0.00004
    6.8618     0.00136     0.00903     0.00678     0.00041     0.00002     0.00303     0.02046     0.03454     0.00071     0.00004
    6.8918     0.00134     0.00886     0.00658     0.00041     0.00002     0.00299     0.02035     0.03406     0.00072     0.00004
    6.9219     0.00132     0.00871     0.00639     0.00041     0.00002     0.00294     0.02024     0.03357     0.00072     0.00004
    6.9520     0.00130     0.00855     0.00621     0.00040     0.00002     0.00290     0.02013     0.03309     0.00072     0.00004
    6.9819     0.00128     0.00840     0.00603     0.00040     0.00001     0.00288     0.02019     0.03280     0.00073     0.00004
    7.0120     0.00126     0.00826     0.00586     0.00040     0.00001     0.00286     0.02029     0.03253     0.00074     0.00004
    7.0420     0.00124     0.00812     0.00570     0.00039     0.00001     0.00283     0.02015     0.03201     0.00074     0.00004
    7.0720     0.00122     0.00799     0.00555     0.00039     0.00001     0.00277     0.01991     0.03139     0.00074     0.00004
    7.1020     0.00120     0.00786     0.00540     0.00039     0.00001     0.00272     0.01967     0.03078     0.00074     0.00004
    7.1321     0.00118     0.00774     0.00526     0.00039     0.00001     0.00267     0.01943     0.03017     0.00074     0.00004
    7.1622     0.00116     0.00762     0.00513     0.00038     0.00001     0.00261     0.01919     0.02958     0.00073     0.00004
    7.1921     0.00114     0.00751     0.00500     0.00038     0.00001     0.00256     0.01895     0.02899     0.00073     0.00004
    7.2222     0.00113     0.00740     0.00489     0.00038     0.00001     0.00251     0.01872     0.02840     0.00073     0.00004
    7.2522     0.00111     0.00730     0.00478     0.00038     0.00001     0.00246     0.01848     0.02782     0.00073     0.00004
    7.2822     0.00109     0.00721     0.00468     0.00037     0.00001     0.00241     0.01824     0.02725     0.00072     0.00004
    7.3122     0.00108     0.00712     0.00458     0.00037     0.00001     0.00236     0.01805     0.02679     0.00072     0.00004
    7.3423     0.00106     0.00704     0.00450     0.00037     0.00001     0.00232     0.01800     0.02660     0.00073     0.00004
    7.3724     0.00105     0.00698     0.00443     0.00037     0.00001     0.00228     0.01784     0.02620     0.00073     0.00004
    7.4023     0.00105     0.00697     0.00438     0.00037     0.00001     0.00223     0.01748     0.02542     0.00072     0.00004
    7.4324     0.00105     0.00699     0.00435     0.00038     0.00001     0.00218     0.01711     0.02463     0.00071     0.00004
    7.4625     0.00106     0.00705     0.00434     0.00039     0.00001     0.00213     0.01673     0.02381     0.00071     0.00004
    7.4924     0.00107     0.00715     0.00435     0.00040     0.00001     0.00208     0.01633     0.02298     0.00070     0.00004
    7.5225     0.00109     0.00729     0.00438     0.00041     0.00001     0.00203     0.01592     0.02212     0.00069     0.00003
    7.5525     0.00111     0.00748     0.00443     0.00043     0.00001     0.00198     0.01549     0.02125     0.00069     0.00003
    7.5826     0.00114     0.00770     0.00451     0.00045     0.00001     0.00193     0.01505     0.02036     0.00068     0.00003
    7.6125     0.00117     0.00797     0.00461     0.00047     0.00001     0.00186     0.01410     0.01883     0.00066     0.00003
    7.6426     0.00121     0.00829     0.00474     0.00050     0.00001     0.00180     0.01318     0.01738     0.00064     0.00003
    7.6727     0.00125     0.00864     0.00489     0.00052     0.00001     0.00177     0.01281     0.01664     0.00063     0.00003
    7.7026     0.00129     0.00905     0.00507     0.00055     0.00001     0.00173     0.01246     0.01592     0.00062     0.00003
    7.7327     0.00129     0.00907     0.00508     0.00056     0.00001     0.00212     0.01442     0.02032     0.00070     0.00003
    7.7627     0.00120     0.00841     0.00480     0.00052     0.00001     0.00198     0.01333     0.01795     0.00066     0.00003
    7.7928     0.00116     0.00786     0.00460     0.00049     0.00001     0.00141     0.01002     0.01064     0.00055     0.00002
    7.8227     0.00117     0.00773     0.00461     0.00048     0.00001     0.00139     0.00982     0.01028     0.00054     0.00002
    7.8528     0.00119     0.00761     0.00464     0.00048     0.00001     0.00137     0.00963     0.00994     0.00054     0.00002
    7.8829     0.00122     0.00751     0.00467     0.00047     0.00001     0.00134     0.00944     0.00961     0.00053     0.00002
    7.9128     0.00124     0.00742     0.00472     0.00047     0.00001     0.00132     0.00926     0.00929     0.00053     0.00002
    7.9429     0.00127     0.00735     0.00479     0.00046     0.00001     0.00129     0.00909     0.00899     0.00052     0.00002
    7.9729     0.00131     0.00728     0.00486     0.00046     0.00001     0.00127     0.00892     0.00869     0.00052     0.00002
    8.0030     0.00135     0.00723     0.00496     0.00046     0.00001     0.00125     0.00876     0.00840     0.00052     0.00002
    8.0329     0.00139     0.00719     0.00506     0.00045     0.00001     0.00123     0.00860     0.00813     0.00051     0.00002
    8.0630     0.00143     0.00716     0.00518     0.00045     0.00001     0.00121     0.00845     0.00786     0.00051     0.00002
    8.0931     0.00148     0.00715     0.00531     0.00045     0.00001     0.00119     0.00833     0.00762     0.00051     0.00002
    8.1230     0.00154     0.00715     0.00545     0.00045     0.00001     0.00117     0.00822     0.00739     0.00051     0.00002
    8.1531     0.00173     0.00717     0.00577     0.00045     0.00001     0.00115     0.00814     0.00717     0.00051     0.00002
    8.1831     0.00294     0.00729     0.00729     0.00046     0.00001     0.00114     0.00809     0.00697     0.00051     0.00002
    8.2132     0.00554     0.00758     0.01043     0.00049     0.00002     0.00112     0.00805     0.00679     0.00052     0.00002
    8.2431     0.00864     0.00807     0.01421     0.00054     0.00002     0.00111     0.00804     0.00662     0.00053     0.00002
    8.2732     0.01186     0.00875     0.01822     0.00061     0.00003     0.00110     0.00805     0.00647     0.00053     0.00002
    8.3033     0.01530     0.00959     0.02256     0.00069     0.00004     0.00109     0.00809     0.00634     0.00055     0.00002
    8.3332     0.01885     0.01058     0.02710     0.00079     0.00005     0.00108     0.00815     0.00622     0.00056     0.00002
    8.3633     0.02252     0.01182     0.03196     0.00090     0.00006     0.00108     0.00828     0.00614     0.00057     0.00002
    8.3934     0.02635     0.01334     0.03722     0.00103     0.00006     0.00108     0.00849     0.00612     0.00060     0.00002
    8.4234     0.03022     0.01489     0.04251     0.00116     0.00007     0.00110     0.00880     0.00615     0.00063     0.00002
    8.4534     0.03414     0.01645     0.04781     0.00129     0.00008     0.00112     0.00920     0.00623     0.00067     0.00002
    8.4834     0.03818     0.01816     0.05334     0.00143     0.00009     0.00115     0.00966     0.00635     0.00071     0.00002
    8.5135     0.04235     0.02000     0.05909     0.00158     0.00010     0.00104     0.00904     0.00588     0.00067     0.00002
    8.5434     0.04680     0.02242     0.06549     0.00177     0.00011     0.00090     0.00808     0.00526     0.00060     0.00001
    8.5735     0.05183     0.02631     0.07343     0.00202     0.00013     0.00088     0.00786     0.00511     0.00059     0.00001
    8.6036     0.05509     0.02977     0.07917     0.00224     0.00015     0.00087     0.00765     0.00498     0.00058     0.00001
    8.6336     0.05436     0.03158     0.07947     0.00236     0.00015     0.00086     0.00746     0.00486     0.00057     0.00001
    8.6636     0.05331     0.03324     0.07936     0.00248     0.00015     0.00085     0.00728     0.00476     0.00056     0.00001
    8.6936     0.05370     0.03496     0.08089     0.00260     0.00015     0.00084     0.00710     0.00467     0.00055     0.00001
    8.7237     0.05391     0.03658     0.08216     0.00271     0.00015     0.00084     0.00694     0.00460     0.00054     0.00001
    8.7536     0.05342     0.03796     0.08256     0.00281     0.00016     0.00084     0.00679     0.00455     0.00053     0.00001
    8.7837     0.05312     0.03922     0.08310     0.00290     0.00016     0.00085     0.00665     0.00451     0.00052     0.00001
    8.8138     0.05357     0.04052     0.08444     0.00300     0.00016     0.00085     0.00652     0.00449     0.00051     0.00001
    8.8438     0.05393     0.04173     0.08562     0.00310     0.00016     0.00087     0.00640     0.00448     0.00050     0.00001
    8.8738     0.05424     0.04307     0.08690     0.00319     0.00017     0.00088     0.00629     0.00449     0.00049     0.00001
    8.9038     0.05403     0.04436     0.08769     0.00327     0.00017     0.00090     0.00619     0.00452     0.00048     0.00001
    8.9339     0.05160     0.04365     0.08446     0.00321     0.00017     0.00092     0.00610     0.00456     0.00048     0.00001
    8.9638     0.04823     0.04134     0.07876     0.00307     0.00016     0.00094     0.00603     0.00462     0.00047     0.00001
    8.9939     0.04531     0.03843     0.07290     0.00293     0.00016     0.00097     0.00596     0.00469     0.00047     0.00001
    9.0240     0.04305     0.03620     0.06838     0.00282     0.00015     0.00100     0.00590     0.00479     0.00046     0.00001
    9.0540     0.04204     0.03580     0.06685     0.00280     0.00015     0.00103     0.00586     0.00489     0.00046     0.00001
    9.0840     0.04123     0.03578     0.06588     0.00281     0.00015     0.00107     0.00582     0.00501     0.00045     0.00001
    9.1140     0.04008     0.03557     0.06455     0.00280     0.00015     0.00111     0.00580     0.00515     0.00045     0.00001
    9.1441     0.03908     0.03546     0.06345     0.00279     0.00015     0.00115     0.00579     0.00531     0.00045     0.00001
    9.1740     0.03855     0.03561     0.06292     0.00280     0.00015     0.00120     0.00578     0.00548     0.00044     0.00001
    9.2041     0.03801     0.03576     0.06240     0.00281     0.00015     0.00125     0.00579     0.00566     0.00044     0.00001
    9.2342     0.03749     0.03591     0.06188     0.00283     0.00015     0.00130     0.00581     0.00586     0.00044     0.00001
    9.2643     0.03697     0.03607     0.06138     0.00284     0.00015     0.00136     0.00584     0.00608     0.00044     0.00001
    9.2942     0.03645     0.03625     0.06090     0.00286     0.00015     0.00142     0.00588     0.00632     0.00044     0.00001
    9.3243     0.03593     0.03649     0.06047     0.00288     0.00015     0.00148     0.00593     0.00657     0.00044     0.00001
    9.3543     0.03540     0.03678     0.06010     0.00290     0.00015     0.00155     0.00599     0.00683     0.00044     0.00001
    9.3843     0.03487     0.04024     0.06025     0.00323     0.00015     0.00161     0.00606     0.00711     0.00044     0.00001
    9.4143     0.03432     0.04077     0.05996     0.00328     0.00015     0.00169     0.00615     0.00741     0.00044     0.00001
    9.4444     0.03379     0.03820     0.05926     0.00303     0.00015     0.00192     0.00646     0.00824     0.00046     0.00001
    9.4745     0.03326     0.03863     0.05910     0.00305     0.00016     0.00247     0.00704     0.00977     0.00050     0.00001
    9.5044     0.03273     0.03911     0.05900     0.00308     0.00016     0.00451     0.00787     0.01346     0.00058     0.00002
    9.5345     0.03219     0.03965     0.05896     0.00311     0.00016     0.01001     0.00934     0.02223     0.00073     0.00003
    9.5645     0.03160     0.04153     0.06035     0.00322     0.00016     0.01632     0.01133     0.03237     0.00093     0.00005
    9.5945     0.03104     0.03927     0.05710     0.00311     0.00016     0.02137     0.01365     0.04104     0.00114     0.00006
    9.6245     0.03057     0.03539     0.05213     0.00292     0.00015     0.02670     0.01655     0.05056     0.00138     0.00008
    9.6546     0.03012     0.03536     0.05149     0.00293     0.00015     0.03227     0.01994     0.06084     0.00165     0.00010
    9.6847     0.02967     0.03534     0.05085     0.00294     0.00015     0.03752     0.02294     0.07040     0.00190     0.00012
    9.7146     0.02923     0.03533     0.05023     0.00295     0.00015     0.04249     0.02541     0.07909     0.00212     0.00014
    9.7447     0.02879     0.03532     0.04961     0.00296     0.00015     0.04750     0.02787     0.08783     0.00234     0.00016
    9.7747     0.02823     0.03519     0.04884     0.00296     0.00015     0.05258     0.03032     0.09661     0.00257     0.00017
    9.8047     0.02760     0.03492     0.04797     0.00295     0.00015     0.05772     0.03276     0.10544     0.00280     0.00019
    9.8347     0.02762     0.03775     0.04766     0.00333     0.00015     0.06291     0.03521     0.11432     0.00303     0.00021
    9.8648     0.02745     0.03978     0.04732     0.00360     0.00015     0.06817     0.04063     0.12374     0.00358     0.00023
    9.8949     0.02676     0.03880     0.04658     0.00348     0.00015     0.07009     0.04301     0.12787     0.00381     0.00023
    9.9248     0.02632     0.03867     0.04599     0.00347     0.00015     0.06794     0.04184     0.12561     0.00366     0.00023
    9.9549     0.02590     0.03852     0.04541     0.00347     0.00015     0.06575     0.04340     0.12405     0.00377     0.00023
    9.9849     0.02549     0.03835     0.04486     0.00346     0.00015     0.06368     0.04441     0.12219     0.00385     0.00022
   10.0149     0.02511     0.03817     0.04432     0.00345     0.00015     0.06183     0.04429     0.11921     0.00388     0.00022
   10.0449     0.02475     0.03796     0.04380     0.00344     0.00015     0.05885     0.04309     0.11365     0.00381     0.00022
   10.0750     0.02439     0.03774     0.04329     0.00343     0.00015     0.05357     0.04035     0.10345     0.00358     0.00021
   10.1051     0.02404     0.03750     0.04277     0.00341     0.00015     0.04950     0.03777     0.09493     0.00339     0.00020
   10.1350     0.02370     0.03724     0.04227     0.00340     0.00015     0.04779     0.03704     0.09160     0.00335     0.00020
   10.1651     0.02336     0.03696     0.04176     0.00338     0.00015     0.04676     0.03717     0.09015     0.00336     0.00020
   10.1952     0.02302     0.03667     0.04126     0.00336     0.00015     0.04559     0.03725     0.08853     0.00338     0.00020
   10.2251     0.02269     0.03635     0.04077     0.00334     0.00015     0.04422     0.03726     0.08670     0.00337     0.00019
   10.2552     0.02238     0.03602     0.04028     0.00333     0.00015     0.04315     0.03743     0.08540     0.00339     0.00019
   10.2852     0.02210     0.03568     0.03981     0.00331     0.00015     0.04246     0.03784     0.08472     0.00342     0.00019
   10.3153     0.02186     0.03534     0.03936     0.00329     0.00015     0.04231     0.04166     0.08467     0.00392     0.00020
   10.3452     0.02167     0.03501     0.03892     0.00329     0.00015     0.04192     0.04467     0.08445     0.00430     0.00020
   10.3753     0.02152     0.03470     0.03852     0.00328     0.00015     0.04093     0.04406     0.08367     0.00418     0.00020
   10.4054     0.02142     0.03441     0.03814     0.00329     0.00015     0.04013     0.04408     0.08308     0.00415     0.00021
   10.4353     0.02139     0.03416     0.03780     0.00331     0.00015     0.03934     0.04419     0.08253     0.00413     0.00021
   10.4654     0.02135     0.03300     0.03721     0.00325     0.00014     0.03853     0.04708     0.08593     0.00428     0.00022
   10.4954     0.02139     0.03163     0.03660     0.00318     0.00014     0.03769     0.04498     0.08188     0.00414     0.00021
   10.5255     0.02155     0.03135     0.03635     0.00321     0.00014     0.03693     0.03999     0.07361     0.00384     0.00019
   10.5554     0.02179     0.03146     0.03623     0.00328     0.00014     0.03625     0.03989     0.07252     0.00383     0.00019
   10.5855     0.02208     0.03161     0.03615     0.00336     0.00014     0.03559     0.03985     0.07144     0.00384     0.00019
   10.6156     0.02243     0.03183     0.03610     0.00346     0.00014     0.03494     0.03983     0.07036     0.00384     0.00019
   10.6455     0.02289     0.03210     0.03611     0.00357     0.00015     0.03429     0.03981     0.06929     0.00385     0.00019
   10.6756     0.02393     0.03259     0.03639     0.00376     0.00015     0.03356     0.03974     0.06810     0.00385     0.00019
   10.7056     0.02491     0.03314     0.03667     0.00395     0.00015     0.03277     0.03956     0.06681     0.00384     0.00019
   10.7357     0.02533     0.03359     0.03671     0.00408     0.00016     0.03206     0.03934     0.06561     0.00383     0.00019
   10.7656     0.02577     0.03409     0.03677     0.00421     0.00016     0.03144     0.03912     0.06450     0.00382     0.00019
   10.7957     0.02623     0.03464     0.03686     0.00435     0.00016     0.03082     0.03888     0.06341     0.00381     0.00019
   10.8258     0.03047     0.03691     0.03949     0.00501     0.00018     0.03021     0.03864     0.06233     0.00379     0.00019
   10.8557     0.03283     0.03830     0.04074     0.00543     0.00019     0.02962     0.03839     0.06127     0.00378     0.00019
   10.8858     0.03217     0.04817     0.04050     0.00662     0.00020     0.02903     0.03813     0.06022     0.00377     0.00018
   10.9158     0.03472     0.06167     0.04260     0.00847     0.00023     0.02844     0.03785     0.05917     0.00376     0.00018
   10.9459     0.03512     0.05547     0.04244     0.00777     0.00023     0.02786     0.03757     0.05811     0.00374     0.00018
   10.9758     0.03392     0.04514     0.04112     0.00648     0.00021     0.02727     0.03728     0.05706     0.00373     0.00018
   11.0059     0.03396     0.04391     0.04096     0.00637     0.00021     0.02670     0.03698     0.05602     0.00371     0.00018
   11.0360     0.03336     0.04341     0.04052     0.00629     0.00021     0.02615     0.03667     0.05502     0.00369     0.00018
   11.0659     0.03264     0.04292     0.04005     0.00620     0.00021     0.02564     0.03634     0.05406     0.00368     0.00018
   11.0960     0.03266     0.04271     0.03999     0.00620     0.00021     0.02517     0.03602     0.05315     0.00366     0.00017
   11.1261     0.03272     0.04253     0.03996     0.00621     0.00021     0.02467     0.03453     0.05185     0.00354     0.00017
   11.1561     0.03263     0.04234     0.03986     0.00621     0.00021     0.02425     0.03314     0.05064     0.00343     0.00016
   11.1861     0.03237     0.04208     0.03966     0.00619     0.00021     0.02400     0.03314     0.05001     0.00346     0.00016
   11.2161     0.03219     0.04185     0.03950     0.00617     0.00021     0.02383     0.03327     0.04947     0.00351     0.00017
   11.2462     0.03211     0.04167     0.03938     0.00617     0.00021     0.02376     0.03689     0.04929     0.00402     0.00017
   11.2761     0.03202     0.04151     0.03927     0.00618     0.00021     0.02393     0.03920     0.04920     0.00437     0.00018
   11.3062     0.03193     0.04138     0.03915     0.00618     0.00022     0.02421     0.03840     0.04896     0.00434     0.00018
   11.3363     0.03182     0.04128     0.03903     0.00619     0.00022     0.02446     0.03918     0.04881     0.00450     0.00018
   11.3663     0.03171     0.04120     0.03890     0.00621     0.00022     0.02475     0.03984     0.04869     0.00466     0.00019
   11.3963     0.03161     0.04113     0.03879     0.00622     0.00022     0.02508     0.04039     0.04860     0.00480     0.00019
   11.4263     0.03150     0.04109     0.03867     0.00624     0.00022     0.02546     0.04081     0.04853     0.00493     0.00019
   11.4564     0.03139     0.04107     0.03855     0.00626     0.00022     0.02589     0.04111     0.04848     0.00505     0.00020
   11.4863     0.03127     0.04109     0.03843     0.00628     0.00022     0.02625     0.04072     0.04836     0.00508     0.00020
   11.5164     0.03115     0.04116     0.03833     0.00631     0.00023     0.02677     0.03910     0.04817     0.00497     0.00019
   11.5465     0.03104     0.04134     0.03825     0.00635     0.00023     0.02760     0.03794     0.04820     0.00496     0.00019
   11.5765     0.03093     0.04161     0.03821     0.00639     0.00023     0.02823     0.03777     0.04825     0.00504     0.00020
   11.6065     0.03082     0.04199     0.03818     0.00645     0.00023     0.02859     0.03756     0.04818     0.00509     0.00020
   11.6365     0.03071     0.04239     0.03816     0.00651     0.00024     0.02896     0.03739     0.04812     0.00514     0.00020
   11.6666     0.03045     0.04156     0.03778     0.00644     0.00024     0.03349     0.03880     0.05108     0.00580     0.00022
   11.6965     0.03016     0.04057     0.03734     0.00635     0.00023     0.03595     0.03940     0.05240     0.00617     0.00023
   11.7266     0.02994     0.04063     0.03719     0.00637     0.00023     0.03437     0.03855     0.05082     0.00598     0.00022
   11.7567     0.02967     0.04068     0.03703     0.00638     0.00024     0.03492     0.03862     0.05096     0.00609     0.00022
   11.7867     0.02936     0.04072     0.03685     0.00639     0.00024     0.03534     0.03869     0.05103     0.00618     0.00022
   11.8167     0.02901     0.04076     0.03665     0.00639     0.00024     0.03563     0.03876     0.05102     0.00627     0.00023
   11.8467     0.02835     0.04064     0.03627     0.00634     0.00024     0.03540     0.03871     0.05072     0.00628     0.00023
   11.8768     0.02780     0.04054     0.03594     0.00630     0.00024     0.03464     0.03855     0.05013     0.00622     0.00023
   11.9068     0.02762     0.04059     0.03579     0.00633     0.00024     0.03426     0.03855     0.04981     0.00621     0.00023
   11.9368     0.02745     0.04063     0.03563     0.00636     0.00024     0.03432     0.03871     0.04977     0.00627     0.00023
   11.9669     0.02732     0.04071     0.03553     0.00639     0.00024     0.03416     0.03879     0.04960     0.00630     0.00023
   11.9970     0.02722     0.04082     0.03548     0.00642     0.00025     0.03388     0.03881     0.04935     0.00631     0.00023
   12.0269     0.02712     0.04093     0.03542     0.00645     0.00025     0.03373     0.03887     0.04917     0.00634     0.00024
   12.0570     0.02702     0.04104     0.03537     0.00648     0.00025     0.03365     0.03894     0.04903     0.00637     0.00024
   12.0870     0.02692     0.04114     0.03532     0.00651     0.00025     0.03356     0.03902     0.04889     0.00641     0.00024
   12.1170     0.02681     0.04125     0.03526     0.00655     0.00025     0.03346     0.03911     0.04874     0.00644     0.00024
   12.1470     0.02671     0.04136     0.03520     0.00658     0.00026     0.03335     0.03920     0.04859     0.00648     0.00024
   12.1771     0.02660     0.04146     0.03514     0.00661     0.00026     0.03324     0.03929     0.04845     0.00651     0.00024
   12.2072     0.02649     0.04157     0.03508     0.00664     0.00026     0.03312     0.03938     0.04829     0.00654     0.00024
   12.2371     0.02638     0.04167     0.03502     0.00668     0.00026     0.03299     0.03948     0.04814     0.00658     0.00025
   12.2672     0.02627     0.04178     0.03495     0.00671     0.00026     0.03286     0.03959     0.04798     0.00661     0.00025
   12.2972     0.02616     0.04188     0.03489     0.00674     0.00027     0.03271     0.03970     0.04782     0.00664     0.00025
   12.3272     0.02605     0.04198     0.03482     0.00677     0.00027     0.03256     0.03978     0.04765     0.00667     0.00025
   12.3572     0.02594     0.04209     0.03476     0.00681     0.00027     0.03235     0.03941     0.04732     0.00665     0.00025
   12.3873     0.02583     0.04221     0.03470     0.00684     0.00027     0.03213     0.03907     0.04698     0.00663     0.00025
   12.4174     0.02599     0.04437     0.03527     0.00711     0.00029     0.03196     0.03918     0.04681     0.00667     0.00025
   12.4473     0.02588     0.04514     0.03539     0.00721     0.00029     0.03179     0.03929     0.04664     0.00670     0.00025
   12.4774     0.02543     0.04345     0.03477     0.00703     0.00028     0.03160     0.03939     0.04646     0.00672     0.00026
   12.5074     0.02527     0.04310     0.03459     0.00701     0.00029     0.03136     0.03948     0.04625     0.00675     0.00026
   12.5374     0.02518     0.04311     0.03453     0.00703     0.00029     0.03107     0.03956     0.04602     0.00676     0.00026
   12.5674     0.02509     0.04312     0.03447     0.00706     0.00029     0.03073     0.03963     0.04576     0.00677     0.00026
   12.5975     0.02501     0.04313     0.03442     0.00708     0.00029     0.03034     0.03968     0.04547     0.00677     0.00026
   12.6276     0.02493     0.04313     0.03436     0.00711     0.00029     0.02969     0.03961     0.04501     0.00673     0.00026
   12.6575     0.02485     0.04314     0.03430     0.00713     0.00029     0.02905     0.03951     0.04453     0.00668     0.00026
   12.6876     0.02477     0.04314     0.03423     0.00716     0.00030     0.02876     0.03955     0.04427     0.00669     0.00026
   12.7176     0.02470     0.04314     0.03417     0.00718     0.00030     0.02861     0.03965     0.04411     0.00672     0.00027
   12.7476     0.02462     0.04314     0.03411     0.00721     0.00030     0.02846     0.03975     0.04395     0.00676     0.00027
   12.7777     0.02455     0.04314     0.03405     0.00723     0.00030     0.02831     0.03986     0.04379     0.00679     0.00027
   12.8077     0.02448     0.04313     0.03399     0.00726     0.00030     0.02813     0.03994     0.04360     0.00683     0.00027
   12.8378     0.02441     0.04313     0.03392     0.00728     0.00031     0.02793     0.04001     0.04336     0.00686     0.00028
   12.8677     0.02434     0.04312     0.03386     0.00731     0.00031     0.02776     0.04011     0.04320     0.00689     0.00028
   12.8978     0.02427     0.04310     0.03379     0.00733     0.00031     0.02764     0.04023     0.04311     0.00693     0.00028
   12.9279     0.02419     0.04308     0.03371     0.00736     0.00031     0.02751     0.04036     0.04302     0.00697     0.00028
   12.9578     0.02410     0.04305     0.03363     0.00738     0.00031     0.02738     0.04049     0.04293     0.00700     0.00028
   12.9879     0.02401     0.04301     0.03355     0.00740     0.00032     0.02726     0.04069     0.04287     0.00705     0.00029
   13.0179     0.02395     0.04333     0.03355     0.00745     0.00032     0.02718     0.04126     0.04293     0.00714     0.00029
   13.0480     0.02388     0.04374     0.03356     0.00752     0.00032     0.02715     0.04244     0.04322     0.00730     0.00030
   13.0779     0.02377     0.04376     0.03346     0.00755     0.00033     0.02709     0.04357     0.04347     0.00745     0.00031
   13.1080     0.02365     0.04362     0.03332     0.00755     0.00033     0.02673     0.04279     0.04298     0.00737     0.00031
   13.1381     0.02351     0.04347     0.03316     0.00756     0.00033     0.02639     0.04160     0.04239     0.00725     0.00030
   13.1680     0.02336     0.04331     0.03299     0.00756     0.00033     0.02628     0.04158     0.04226     0.00727     0.00030
   13.1981     0.02320     0.04313     0.03280     0.00756     0.00033     0.02617     0.04155     0.04213     0.00729     0.00030
   13.2281     0.02305     0.04295     0.03261     0.00755     0.00033     0.02606     0.04152     0.04201     0.00731     0.00031
   13.2582     0.02294     0.04286     0.03249     0.00757     0.00033     0.02595     0.04150     0.04188     0.00734     0.00031
   13.2881     0.02287     0.04283     0.03243     0.00761     0.00033     0.02585     0.04148     0.04176     0.00736     0.00031
   13.3182     0.02678     0.04537     0.03354     0.00840     0.00038     0.02575     0.04147     0.04166     0.00739     0.00031
   13.3483     0.02733     0.04587     0.03365     0.00857     0.00040     0.02566     0.04148     0.04157     0.00741     0.00031
   13.3782     0.02387     0.04378     0.03258     0.00797     0.00036     0.02558     0.04148     0.04148     0.00744     0.00032
   13.4083     0.02372     0.04372     0.03248     0.00799     0.00036     0.02550     0.04149     0.04139     0.00747     0.00032
   13.4383     0.02358     0.04369     0.03238     0.00802     0.00036     0.02541     0.04149     0.04130     0.00750     0.00032
   13.4684     0.02344     0.04370     0.03229     0.00805     0.00036     0.02534     0.04150     0.04121     0.00753     0.00032
   13.4983     0.02330     0.04372     0.03220     0.00808     0.00037     0.02526     0.04151     0.04112     0.00756     0.00032
   13.5284     0.02318     0.04376     0.03215     0.00812     0.00037     0.02519     0.04152     0.04103     0.00759     0.00033
   13.5585     0.02306     0.04381     0.03210     0.00816     0.00037     0.02513     0.04171     0.04100     0.00764     0.00033
   13.5884     0.02295     0.04386     0.03206     0.00820     0.00037     0.02508     0.04204     0.04102     0.00771     0.00033
   13.6185     0.02285     0.04392     0.03202     0.00824     0.00038     0.02502     0.04218     0.04097     0.00775     0.00034
   13.6486     0.02274     0.04397     0.03198     0.00828     0.00038     0.02493     0.04216     0.04085     0.00778     0.00034
   13.6786     0.02264     0.04403     0.03194     0.00832     0.00038     0.02484     0.04213     0.04074     0.00781     0.00034
   13.7086     0.02254     0.04408     0.03191     0.00836     0.00038     0.02475     0.04209     0.04061     0.00784     0.00034
   13.7386     0.02244     0.04414     0.03187     0.00841     0.00038     0.02465     0.04205     0.04048     0.00786     0.00034
   13.7687     0.02234     0.04419     0.03183     0.00845     0.00039     0.02454     0.04200     0.04033     0.00788     0.00035
   13.7988     0.02225     0.04425     0.03180     0.00849     0.00039     0.02443     0.04193     0.04017     0.00790     0.00035
   13.8287     0.02217     0.04431     0.03177     0.00853     0.00039     0.02430     0.04185     0.03999     0.00792     0.00035
   13.8588     0.02209     0.04438     0.03176     0.00858     0.00039     0.02417     0.04176     0.03980     0.00793     0.00035
   13.8888     0.02201     0.04445     0.03174     0.00862     0.00040     0.02403     0.04166     0.03960     0.00794     0.00035
   13.9188     0.02193     0.04452     0.03172     0.00867     0.00040     0.02388     0.04156     0.03939     0.00795     0.00035
   13.9488     0.02185     0.04458     0.03170     0.00871     0.00040     0.02373     0.04145     0.03917     0.00796     0.00035
   13.9789     0.02176     0.04462     0.03166     0.00875     0.00040     0.02356     0.04135     0.03896     0.00797     0.00035
   14.0090     0.02160     0.04447     0.03145     0.00876     0.00040     0.02725     0.04379     0.04018     0.00877     0.00041
   14.0389     0.02144     0.04431     0.03123     0.00878     0.00040     0.02779     0.04437     0.04033     0.00896     0.00042
   14.0690     0.02133     0.04430     0.03115     0.00880     0.00041     0.02448     0.04247     0.03912     0.00837     0.00038
   14.0990     0.02121     0.04427     0.03107     0.00883     0.00041     0.02433     0.04250     0.03901     0.00840     0.00038
   14.1290     0.02108     0.04425     0.03099     0.00886     0.00041     0.02419     0.04254     0.03892     0.00844     0.00039
   14.1590     0.02096     0.04421     0.03090     0.00889     0.00041     0.02404     0.04259     0.03883     0.00848     0.00039
   14.1891     0.02082     0.04417     0.03081     0.00891     0.00041     0.02390     0.04265     0.03874     0.00852     0.00039
   14.2192     0.02068     0.04411     0.03071     0.00893     0.00041     0.02376     0.04271     0.03865     0.00856     0.00039
   14.2491     0.02040     0.04398     0.03059     0.00893     0.00041     0.02362     0.04276     0.03856     0.00860     0.00040
   14.2792     0.02011     0.04384     0.03046     0.00893     0.00041     0.02349     0.04281     0.03846     0.00865     0.00040
   14.3092     0.01999     0.04388     0.03039     0.00896     0.00041     0.02335     0.04285     0.03835     0.00869     0.00040
   14.3392     0.02001     0.04450     0.03053     0.00909     0.00042     0.02321     0.04289     0.03824     0.00873     0.00040
   14.3692     0.01999     0.04497     0.03062     0.00919     0.00043     0.02307     0.04293     0.03814     0.00878     0.00041
   14.3993     0.01985     0.04479     0.03044     0.00919     0.00043     0.02295     0.04298     0.03806     0.00883     0.00041
   14.4294     0.01972     0.04460     0.03027     0.00920     0.00043     0.02284     0.04306     0.03801     0.00888     0.00041
   14.4593     0.01958     0.04442     0.03009     0.00921     0.00043     0.02274     0.04314     0.03795     0.00893     0.00042
   14.4894     0.01945     0.04425     0.02992     0.00922     0.00043     0.02263     0.04321     0.03790     0.00898     0.00042
   14.5195     0.01932     0.04414     0.02978     0.00923     0.00043     0.02253     0.04329     0.03785     0.00904     0.00042
   14.5494     0.01921     0.04411     0.02968     0.00926     0.00043     0.02243     0.04337     0.03780     0.00909     0.00042
   14.5795     0.01910     0.04417     0.02963     0.00929     0.00044     0.02234     0.04345     0.03775     0.00915     0.00043
   14.6095     0.01901     0.04432     0.02963     0.00933     0.00044     0.02224     0.04352     0.03771     0.00920     0.00043
   14.6396     0.01891     0.04446     0.02962     0.00937     0.00044     0.02212     0.04354     0.03759     0.00925     0.00043
   14.6695     0.01870     0.04363     0.02909     0.00932     0.00044     0.02195     0.04339     0.03730     0.00927     0.00043
   14.6996     0.01849     0.04272     0.02853     0.00927     0.00043     0.02177     0.04325     0.03705     0.00928     0.00043
   14.7297     0.01838     0.04265     0.02843     0.00930     0.00044     0.02165     0.04325     0.03694     0.00932     0.00043
   14.7596     0.01827     0.04258     0.02833     0.00932     0.00044     0.02152     0.04324     0.03684     0.00936     0.00044
   14.7897     0.01816     0.04252     0.02823     0.00935     0.00044     0.02140     0.04323     0.03674     0.00939     0.00044
   14.8197     0.01805     0.04245     0.02812     0.00938     0.00044     0.02127     0.04321     0.03663     0.00943     0.00044
   14.8498     0.01794     0.04239     0.02802     0.00941     0.00044     0.02113     0.04319     0.03653     0.00946     0.00044
   14.8797     0.01783     0.04233     0.02792     0.00944     0.00044     0.02099     0.04316     0.03641     0.00949     0.00044
   14.9098     0.01772     0.04228     0.02782     0.00947     0.00045     0.02082     0.04312     0.03629     0.00952     0.00044
   14.9399     0.01762     0.04222     0.02772     0.00950     0.00045     0.02051     0.04299     0.03613     0.00952     0.00044
   14.9698     0.01751     0.04216     0.02761     0.00953     0.00045     0.02025     0.04288     0.03598     0.00953     0.00044
   14.9999     0.01751     0.04216     0.02761     0.00953     0.00045     0.02025     0.04288     0.03598     0.00953     0.00044
