        0.00000       -0.91020   2   1
        0.00000       -0.85076   2   2
        0.00000       -0.78375   2   3
        0.00000       -0.68819   2   4
        0.00000       -0.68436   2   5
        0.00000       -0.68436   2   6
        0.00000       -0.65368   2   7
        0.00000       -0.65368   2   8
        0.00000       -0.62235   2   9
        0.00000       -0.61528   2  10
        0.00000       -0.61528   2  11
        0.00000       -0.56163   2  12
        0.00000       -0.55666   2  13
        0.00000       -0.43487   2  14
        0.00000       -0.40172   2  15
        0.00000       -0.38711   2  16
        0.00000       -0.38711   2  17
        0.00000       -0.37000   2  18
        0.00000       -0.37000   2  19
        0.00000       -0.36096   2  20
        0.00000       -0.35474   2  21
        0.00000       -0.31632   2  22
        0.00000       -0.30184   2  23
        0.00000       -0.27470   2  24
        0.00000       -0.27470   2  25
        0.00000       -0.27393   2  26
        0.00000       -0.23168   2  27
        0.00000       -0.23073   2  28
        0.00000       -0.19544   2  29
        0.00000       -0.11397   2  30
        0.00000       -0.09146   2  31
        0.00000       -0.02418   2  32
        0.00000       -0.00192   2  33
        0.00000        0.07990   2  34
        0.00000        0.12915   2  35
        0.00000        0.21453   2  36
        0.00000        0.26684   2  37
        0.00000        0.35600   2  38
        0.00000        0.35600   2  39
        0.00000        0.42375   2  40
        0.00000        0.46835   2  41
        0.00000        0.61551   2  42
        0.00000        0.64557   2  43
        0.00000        0.64557   2  44
        0.00000        0.75215   2  45
        0.00000        0.75215   2  46
        0.00000        0.82423   2  47
        0.00000        0.82423   2  48
        0.00000        0.87432   2  49
        0.00000        1.00590   2  50
        0.00000        1.01143   2  51
        0.00000        1.01143   2  52
        0.00000        1.32173   2  53
        0.00000        1.41219   2  54
        0.00000        1.41219   2  55
        0.04167       -0.90846   2   1
        0.04167       -0.84965   2   2
        0.04167       -0.78401   2   3
        0.04167       -0.69386   2   4
        0.04167       -0.68706   2   5
        0.04167       -0.68405   2   6
        0.04167       -0.65357   2   7
        0.04167       -0.65205   2   8
        0.04167       -0.62757   2   9
        0.04167       -0.61547   2  10
        0.04167       -0.61453   2  11
        0.04167       -0.56105   2  12
        0.04167       -0.55533   2  13
        0.04167       -0.43580   2  14
        0.04167       -0.40471   2  15
        0.04167       -0.38853   2  16
        0.04167       -0.38534   2  17
        0.04167       -0.37582   2  18
        0.04167       -0.36783   2  19
        0.04167       -0.35521   2  20
        0.04167       -0.35146   2  21
        0.04167       -0.31721   2  22
        0.04167       -0.30090   2  23
        0.04167       -0.27874   2  24
        0.04167       -0.27252   2  25
        0.04167       -0.27004   2  26
        0.04167       -0.23151   2  27
        0.04167       -0.23027   2  28
        0.04167       -0.19319   2  29
        0.04167       -0.11168   2  30
        0.04167       -0.08939   2  31
        0.04167       -0.02219   2  32
        0.04167        0.00045   2  33
        0.04167        0.08283   2  34
        0.04167        0.13087   2  35
        0.04167        0.21706   2  36
        0.04167        0.26800   2  37
        0.04167        0.33948   2  38
        0.04167        0.36034   2  39
        0.04167        0.42387   2  40
        0.04167        0.46984   2  41
        0.04167        0.60091   2  42
        0.04167        0.64194   2  43
        0.04167        0.64688   2  44
        0.04167        0.74107   2  45
        0.04167        0.74922   2  46
        0.04167        0.80829   2  47
        0.04167        0.81768   2  48
        0.04167        0.87743   2  49
        0.04167        0.98258   2  50
        0.04167        0.99788   2  51
        0.04167        1.02260   2  52
        0.04167        1.32372   2  53
        0.04167        1.39642   2  54
        0.04167        1.40788   2  55
        0.08333       -0.90339   2   1
        0.08333       -0.84648   2   2
        0.08333       -0.78514   2   3
        0.08333       -0.70742   2   4
        0.08333       -0.69587   2   5
        0.08333       -0.68313   2   6
        0.08333       -0.65325   2   7
        0.08333       -0.64909   2   8
        0.08333       -0.64085   2   9
        0.08333       -0.61604   2  10
        0.08333       -0.61243   2  11
        0.08333       -0.55965   2  12
        0.08333       -0.55128   2  13
        0.08333       -0.43793   2  14
        0.08333       -0.41177   2  15
        0.08333       -0.39268   2  16
        0.08333       -0.38468   2  17
        0.08333       -0.38058   2  18
        0.08333       -0.36327   2  19
        0.08333       -0.34681   2  20
        0.08333       -0.34256   2  21
        0.08333       -0.31905   2  22
        0.08333       -0.29839   2  23
        0.08333       -0.28362   2  24
        0.08333       -0.26689   2  25
        0.08333       -0.26613   2  26
        0.08333       -0.23360   2  27
        0.08333       -0.22553   2  28
        0.08333       -0.18656   2  29
        0.08333       -0.10534   2  30
        0.08333       -0.08325   2  31
        0.08333       -0.01695   2  32
        0.08333        0.00741   2  33
        0.08333        0.09126   2  34
        0.08333        0.13587   2  35
        0.08333        0.22444   2  36
        0.08333        0.27074   2  37
        0.08333        0.29732   2  38
        0.08333        0.37312   2  39
        0.08333        0.42389   2  40
        0.08333        0.47337   2  41
        0.08333        0.55978   2  42
        0.08333        0.63392   2  43
        0.08333        0.65062   2  44
        0.08333        0.70750   2  45
        0.08333        0.74082   2  46
        0.08333        0.76937   2  47
        0.08333        0.79967   2  48
        0.08333        0.87382   2  49
        0.08333        0.93156   2  50
        0.08333        0.96123   2  51
        0.08333        1.03560   2  52
        0.08333        1.32407   2  53
        0.08333        1.35465   2  54
        0.08333        1.39398   2  55
        0.12500       -0.89540   2   1
        0.12500       -0.84191   2   2
        0.12500       -0.78798   2   3
        0.12500       -0.72541   2   4
        0.12500       -0.70936   2   5
        0.12500       -0.68162   2   6
        0.12500       -0.66110   2   7
        0.12500       -0.65273   2   8
        0.12500       -0.64361   2   9
        0.12500       -0.61698   2  10
        0.12500       -0.60894   2  11
        0.12500       -0.55795   2  12
        0.12500       -0.54466   2  13
        0.12500       -0.43994   2  14
        0.12500       -0.42044   2  15
        0.12500       -0.39906   2  16
        0.12500       -0.39323   2  17
        0.12500       -0.37438   2  18
        0.12500       -0.35886   2  19
        0.12500       -0.33932   2  20
        0.12500       -0.32899   2  21
        0.12500       -0.32053   2  22
        0.12500       -0.29546   2  23
        0.12500       -0.28850   2  24
        0.12500       -0.26347   2  25
        0.12500       -0.25954   2  26
        0.12500       -0.23634   2  27
        0.12500       -0.21650   2  28
        0.12500       -0.17567   2  29
        0.12500       -0.09553   2  30
        0.12500       -0.07314   2  31
        0.12500       -0.00920   2  32
        0.12500        0.01845   2  33
        0.12500        0.10434   2  34
        0.12500        0.14310   2  35
        0.12500        0.22741   2  36
        0.12500        0.24662   2  37
        0.12500        0.27973   2  38
        0.12500        0.39382   2  39
        0.12500        0.42031   2  40
        0.12500        0.46620   2  41
        0.12500        0.51353   2  42
        0.12500        0.62018   2  43
        0.12500        0.65319   2  44
        0.12500        0.65601   2  45
        0.12500        0.71168   2  46
        0.12500        0.72824   2  47
        0.12500        0.77463   2  48
        0.12500        0.84927   2  49
        0.12500        0.86136   2  50
        0.12500        0.91377   2  51
        0.12500        1.04351   2  52
        0.12500        1.29935   2  53
        0.12500        1.31638   2  54
        0.12500        1.36879   2  55
        0.16667       -0.88531   2   1
        0.16667       -0.83790   2   2
        0.16667       -0.79286   2   3
        0.16667       -0.74461   2   4
        0.16667       -0.72660   2   5
        0.16667       -0.67957   2   6
        0.16667       -0.67863   2   7
        0.16667       -0.65203   2   8
        0.16667       -0.64081   2   9
        0.16667       -0.61830   2  10
        0.16667       -0.60391   2  11
        0.16667       -0.55639   2  12
        0.16667       -0.53607   2  13
        0.16667       -0.44051   2  14
        0.16667       -0.42952   2  15
        0.16667       -0.40694   2  16
        0.16667       -0.40086   2  17
        0.16667       -0.36799   2  18
        0.16667       -0.35594   2  19
        0.16667       -0.33260   2  20
        0.16667       -0.32105   2  21
        0.16667       -0.31189   2  22
        0.16667       -0.29511   2  23
        0.16667       -0.29054   2  24
        0.16667       -0.26231   2  25
        0.16667       -0.25188   2  26
        0.16667       -0.23895   2  27
        0.16667       -0.20317   2  28
        0.16667       -0.16048   2  29
        0.16667       -0.08225   2  30
        0.16667       -0.05915   2  31
        0.16667        0.00111   2  32
        0.16667        0.03250   2  33
        0.16667        0.12080   2  34
        0.16667        0.14418   2  35
        0.16667        0.17920   2  36
        0.16667        0.25758   2  37
        0.16667        0.28687   2  38
        0.16667        0.38506   2  39
        0.16667        0.42177   2  40
        0.16667        0.43753   2  41
        0.16667        0.50187   2  42
        0.16667        0.56034   2  43
        0.16667        0.62263   2  44
        0.16667        0.63590   2  45
        0.16667        0.66120   2  46
        0.16667        0.71330   2  47
        0.16667        0.74817   2  48
        0.16667        0.76642   2  49
        0.16667        0.81963   2  50
        0.16667        0.87175   2  51
        0.16667        1.03596   2  52
        0.16667        1.24290   2  53
        0.16667        1.29786   2  54
        0.16667        1.33166   2  55
        0.20833       -0.87479   2   1
        0.20833       -0.83922   2   2
        0.20833       -0.79788   2   3
        0.20833       -0.75993   2   4
        0.20833       -0.74801   2   5
        0.20833       -0.68949   2   6
        0.20833       -0.67706   2   7
        0.20833       -0.65120   2   8
        0.20833       -0.63981   2   9
        0.20833       -0.62000   2  10
        0.20833       -0.59742   2  11
        0.20833       -0.55536   2  12
        0.20833       -0.52605   2  13
        0.20833       -0.43848   2  14
        0.20833       -0.43840   2  15
        0.20833       -0.41557   2  16
        0.20833       -0.40707   2  17
        0.20833       -0.36306   2  18
        0.20833       -0.35506   2  19
        0.20833       -0.32661   2  20
        0.20833       -0.32062   2  21
        0.20833       -0.29689   2  22
        0.20833       -0.29214   2  23
        0.20833       -0.28991   2  24
        0.20833       -0.26178   2  25
        0.20833       -0.24461   2  26
        0.20833       -0.24068   2  27
        0.20833       -0.18706   2  28
        0.20833       -0.14097   2  29
        0.20833       -0.06727   2  30
        0.20833       -0.04157   2  31
        0.20833        0.01231   2  32
        0.20833        0.04767   2  33
        0.20833        0.09801   2  34
        0.20833        0.13998   2  35
        0.20833        0.17380   2  36
        0.20833        0.27159   2  37
        0.20833        0.29220   2  38
        0.20833        0.32394   2  39
        0.20833        0.42461   2  40
        0.20833        0.43414   2  41
        0.20833        0.45602   2  42
        0.20833        0.52343   2  43
        0.20833        0.54985   2  44
        0.20833        0.61193   2  45
        0.20833        0.66292   2  46
        0.20833        0.67806   2  47
        0.20833        0.69748   2  48
        0.20833        0.72489   2  49
        0.20833        0.77528   2  50
        0.20833        0.84574   2  51
        0.20833        1.00377   2  52
        0.20833        1.19019   2  53
        0.20833        1.26545   2  54
        0.20833        1.28335   2  55
        0.25000       -0.86725   2   1
        0.25000       -0.84965   2   2
        0.25000       -0.80214   2   3
        0.25000       -0.77417   2   4
        0.25000       -0.76089   2   5
        0.25000       -0.69267   2   6
        0.25000       -0.67417   2   7
        0.25000       -0.65026   2   8
        0.25000       -0.64121   2   9
        0.25000       -0.62208   2  10
        0.25000       -0.59018   2  11
        0.25000       -0.55529   2  12
        0.25000       -0.51511   2  13
        0.25000       -0.44670   2  14
        0.25000       -0.43304   2  15
        0.25000       -0.42434   2  16
        0.25000       -0.41159   2  17
        0.25000       -0.36079   2  18
        0.25000       -0.35624   2  19
        0.25000       -0.32093   2  20
        0.25000       -0.31945   2  21
        0.25000       -0.29618   2  22
        0.25000       -0.29021   2  23
        0.25000       -0.27151   2  24
        0.25000       -0.26090   2  25
        0.25000       -0.24121   2  26
        0.25000       -0.23804   2  27
        0.25000       -0.16996   2  28
        0.25000       -0.11730   2  29
        0.25000       -0.05618   2  30
        0.25000       -0.02094   2  31
        0.25000        0.01477   2  32
        0.25000        0.04658   2  33
        0.25000        0.06742   2  34
        0.25000        0.15688   2  35
        0.25000        0.18281   2  36
        0.25000        0.24566   2  37
        0.25000        0.28413   2  38
        0.25000        0.31699   2  39
        0.25000        0.33802   2  40
        0.25000        0.40656   2  41
        0.25000        0.46780   2  42
        0.25000        0.49528   2  43
        0.25000        0.52174   2  44
        0.25000        0.59431   2  45
        0.25000        0.60509   2  46
        0.25000        0.65830   2  47
        0.25000        0.68149   2  48
        0.25000        0.70641   2  49
        0.25000        0.73556   2  50
        0.25000        0.83795   2  51
        0.25000        0.95147   2  52
        0.25000        1.13856   2  53
        0.25000        1.21677   2  54
        0.25000        1.22607   2  55
        0.29167       -0.86776   2   1
        0.29167       -0.86548   2   2
        0.29167       -0.80372   2   3
        0.29167       -0.79774   2   4
        0.29167       -0.74962   2   5
        0.29167       -0.69093   2   6
        0.29167       -0.67104   2   7
        0.29167       -0.64922   2   8
        0.29167       -0.64492   2   9
        0.29167       -0.62451   2  10
        0.29167       -0.58320   2  11
        0.29167       -0.55683   2  12
        0.29167       -0.50405   2  13
        0.29167       -0.45413   2  14
        0.29167       -0.43258   2  15
        0.29167       -0.42409   2  16
        0.29167       -0.41442   2  17
        0.29167       -0.36049   2  18
        0.29167       -0.35898   2  19
        0.29167       -0.31783   2  20
        0.29167       -0.31514   2  21
        0.29167       -0.29692   2  22
        0.29167       -0.28822   2  23
        0.29167       -0.25971   2  24
        0.29167       -0.24880   2  25
        0.29167       -0.24060   2  26
        0.29167       -0.23252   2  27
        0.29167       -0.15387   2  28
        0.29167       -0.08952   2  29
        0.29167       -0.05695   2  30
        0.29167       -0.01574   2  31
        0.29167        0.00195   2  32
        0.29167        0.04923   2  33
        0.29167        0.07636   2  34
        0.29167        0.16391   2  35
        0.29167        0.18748   2  36
        0.29167        0.21748   2  37
        0.29167        0.25677   2  38
        0.29167        0.29157   2  39
        0.29167        0.33440   2  40
        0.29167        0.38658   2  41
        0.29167        0.41050   2  42
        0.29167        0.51157   2  43
        0.29167        0.53778   2  44
        0.29167        0.55182   2  45
        0.29167        0.56578   2  46
        0.29167        0.64887   2  47
        0.29167        0.66587   2  48
        0.29167        0.69154   2  49
        0.29167        0.71186   2  50
        0.29167        0.84521   2  51
        0.29167        0.89782   2  52
        0.29167        1.08410   2  53
        0.29167        1.15667   2  54
        0.29167        1.16370   2  55
        0.33333       -0.88261   2   1
        0.33333       -0.87581   2   2
        0.33333       -0.82307   2   3
        0.33333       -0.79425   2   4
        0.33333       -0.73058   2   5
        0.33333       -0.68667   2   6
        0.33333       -0.66783   2   7
        0.33333       -0.65054   2   8
        0.33333       -0.64806   2   9
        0.33333       -0.62724   2  10
        0.33333       -0.57733   2  11
        0.33333       -0.56061   2  12
        0.33333       -0.49351   2  13
        0.33333       -0.46045   2  14
        0.33333       -0.43979   2  15
        0.33333       -0.41771   2  16
        0.33333       -0.41150   2  17
        0.33333       -0.36250   2  18
        0.33333       -0.35898   2  19
        0.33333       -0.31604   2  20
        0.33333       -0.30948   2  21
        0.33333       -0.30041   2  22
        0.33333       -0.28305   2  23
        0.33333       -0.25847   2  24
        0.33333       -0.23926   2  25
        0.33333       -0.22819   2  26
        0.33333       -0.22190   2  27
        0.33333       -0.14646   2  28
        0.33333       -0.07749   2  29
        0.33333       -0.05654   2  30
        0.33333       -0.02593   2  31
        0.33333        0.01555   2  32
        0.33333        0.06143   2  33
        0.33333        0.08924   2  34
        0.33333        0.15567   2  35
        0.33333        0.18721   2  36
        0.33333        0.21783   2  37
        0.33333        0.23077   2  38
        0.33333        0.28412   2  39
        0.33333        0.34496   2  40
        0.33333        0.35951   2  41
        0.33333        0.38361   2  42
        0.33333        0.48703   2  43
        0.33333        0.51788   2  44
        0.33333        0.53206   2  45
        0.33333        0.57853   2  46
        0.33333        0.64076   2  47
        0.33333        0.65179   2  48
        0.33333        0.68114   2  49
        0.33333        0.70469   2  50
        0.33333        0.85657   2  51
        0.33333        0.86145   2  52
        0.33333        1.03118   2  53
        0.33333        1.09492   2  54
        0.33333        1.10066   2  55
        0.37500       -0.89774   2   1
        0.37500       -0.88634   2   2
        0.37500       -0.84316   2   3
        0.37500       -0.78234   2   4
        0.37500       -0.70954   2   5
        0.37500       -0.68081   2   6
        0.37500       -0.66478   2   7
        0.37500       -0.65710   2   8
        0.37500       -0.64674   2   9
        0.37500       -0.63018   2  10
        0.37500       -0.57344   2  11
        0.37500       -0.56653   2  12
        0.37500       -0.48369   2  13
        0.37500       -0.46552   2  14
        0.37500       -0.44570   2  15
        0.37500       -0.41977   2  16
        0.37500       -0.40212   2  17
        0.37500       -0.36606   2  18
        0.37500       -0.35163   2  19
        0.37500       -0.31434   2  20
        0.37500       -0.30668   2  21
        0.37500       -0.30197   2  22
        0.37500       -0.27714   2  23
        0.37500       -0.25768   2  24
        0.37500       -0.23766   2  25
        0.37500       -0.22493   2  26
        0.37500       -0.19110   2  27
        0.37500       -0.16327   2  28
        0.37500       -0.08245   2  29
        0.37500       -0.03498   2  30
        0.37500       -0.02050   2  31
        0.37500        0.01096   2  32
        0.37500        0.08242   2  33
        0.37500        0.11542   2  34
        0.37500        0.13378   2  35
        0.37500        0.18520   2  36
        0.37500        0.22391   2  37
        0.37500        0.22412   2  38
        0.37500        0.27977   2  39
        0.37500        0.32894   2  40
        0.37500        0.35420   2  41
        0.37500        0.37172   2  42
        0.37500        0.44682   2  43
        0.37500        0.49959   2  44
        0.37500        0.50487   2  45
        0.37500        0.60021   2  46
        0.37500        0.63848   2  47
        0.37500        0.64322   2  48
        0.37500        0.68814   2  49
        0.37500        0.70850   2  50
        0.37500        0.82811   2  51
        0.37500        0.88004   2  52
        0.37500        0.98840   2  53
        0.37500        1.03964   2  54
        0.37500        1.04110   2  55
        0.41667       -0.90953   2   1
        0.41667       -0.89514   2   2
        0.41667       -0.85869   2   3
        0.41667       -0.76987   2   4
        0.41667       -0.69443   2   5
        0.41667       -0.67169   2   6
        0.41667       -0.66220   2   7
        0.41667       -0.66163   2   8
        0.41667       -0.64519   2   9
        0.41667       -0.63322   2  10
        0.41667       -0.57688   2  11
        0.41667       -0.56909   2  12
        0.41667       -0.47497   2  13
        0.41667       -0.46923   2  14
        0.41667       -0.45011   2  15
        0.41667       -0.42316   2  16
        0.41667       -0.39740   2  17
        0.41667       -0.36905   2  18
        0.41667       -0.33673   2  19
        0.41667       -0.31295   2  20
        0.41667       -0.30855   2  21
        0.41667       -0.29928   2  22
        0.41667       -0.27215   2  23
        0.41667       -0.25637   2  24
        0.41667       -0.23621   2  25
        0.41667       -0.22265   2  26
        0.41667       -0.19248   2  27
        0.41667       -0.15845   2  28
        0.41667       -0.07839   2  29
        0.41667       -0.04845   2  30
        0.41667       -0.00388   2  31
        0.41667        0.02464   2  32
        0.41667        0.08477   2  33
        0.41667        0.11939   2  34
        0.41667        0.15462   2  35
        0.41667        0.18255   2  36
        0.41667        0.22040   2  37
        0.41667        0.22277   2  38
        0.41667        0.26998   2  39
        0.41667        0.31032   2  40
        0.41667        0.35867   2  41
        0.41667        0.36499   2  42
        0.41667        0.40367   2  43
        0.41667        0.48350   2  44
        0.41667        0.49123   2  45
        0.41667        0.60002   2  46
        0.41667        0.63051   2  47
        0.41667        0.64105   2  48
        0.41667        0.71957   2  49
        0.41667        0.72748   2  50
        0.41667        0.80594   2  51
        0.41667        0.89535   2  52
        0.41667        0.96129   2  53
        0.41667        0.98128   2  54
        0.41667        1.00099   2  55
        0.45833       -0.91697   2   1
        0.45833       -0.90064   2   2
        0.45833       -0.86860   2   3
        0.45833       -0.75995   2   4
        0.45833       -0.69097   2   5
        0.45833       -0.66852   2   6
        0.45833       -0.66047   2   7
        0.45833       -0.65194   2   8
        0.45833       -0.64343   2   9
        0.45833       -0.63604   2  10
        0.45833       -0.58667   2  11
        0.45833       -0.56795   2  12
        0.45833       -0.47150   2  13
        0.45833       -0.46837   2  14
        0.45833       -0.45283   2  15
        0.45833       -0.42688   2  16
        0.45833       -0.39609   2  17
        0.45833       -0.37102   2  18
        0.45833       -0.31930   2  19
        0.45833       -0.31204   2  20
        0.45833       -0.30944   2  21
        0.45833       -0.29815   2  22
        0.45833       -0.27147   2  23
        0.45833       -0.25087   2  24
        0.45833       -0.23522   2  25
        0.45833       -0.22135   2  26
        0.45833       -0.21830   2  27
        0.45833       -0.12185   2  28
        0.45833       -0.08977   2  29
        0.45833       -0.04680   2  30
        0.45833       -0.01827   2  31
        0.45833        0.04584   2  32
        0.45833        0.07360   2  33
        0.45833        0.13897   2  34
        0.45833        0.17686   2  35
        0.45833        0.19613   2  36
        0.45833        0.20865   2  37
        0.45833        0.21462   2  38
        0.45833        0.26252   2  39
        0.45833        0.30003   2  40
        0.45833        0.32675   2  41
        0.45833        0.36478   2  42
        0.45833        0.39283   2  43
        0.45833        0.46698   2  44
        0.45833        0.48869   2  45
        0.45833        0.59653   2  46
        0.45833        0.62510   2  47
        0.45833        0.63732   2  48
        0.45833        0.73531   2  49
        0.45833        0.77849   2  50
        0.45833        0.78525   2  51
        0.45833        0.89966   2  52
        0.45833        0.93116   2  53
        0.45833        0.94884   2  54
        0.45833        0.97667   2  55
        0.50000       -0.91951   2   1
        0.50000       -0.90247   2   2
        0.50000       -0.87205   2   3
        0.50000       -0.75598   2   4
        0.50000       -0.69144   2   5
        0.50000       -0.66878   2   6
        0.50000       -0.65985   2   7
        0.50000       -0.64371   2   8
        0.50000       -0.64233   2   9
        0.50000       -0.63753   2  10
        0.50000       -0.59242   2  11
        0.50000       -0.56750   2  12
        0.50000       -0.47226   2  13
        0.50000       -0.46573   2  14
        0.50000       -0.45374   2  15
        0.50000       -0.42867   2  16
        0.50000       -0.39590   2  17
        0.50000       -0.37171   2  18
        0.50000       -0.31207   2  19
        0.50000       -0.31173   2  20
        0.50000       -0.30624   2  21
        0.50000       -0.29983   2  22
        0.50000       -0.27301   2  23
        0.50000       -0.24239   2  24
        0.50000       -0.23488   2  25
        0.50000       -0.23367   2  26
        0.50000       -0.22093   2  27
        0.50000       -0.09758   2  28
        0.50000       -0.09279   2  29
        0.50000       -0.05528   2  30
        0.50000       -0.02739   2  31
        0.50000        0.03416   2  32
        0.50000        0.10240   2  33
        0.50000        0.14092   2  34
        0.50000        0.16450   2  35
        0.50000        0.20774   2  36
        0.50000        0.21005   2  37
        0.50000        0.21888   2  38
        0.50000        0.27838   2  39
        0.50000        0.28036   2  40
        0.50000        0.29657   2  41
        0.50000        0.36381   2  42
        0.50000        0.39878   2  43
        0.50000        0.45956   2  44
        0.50000        0.48825   2  45
        0.50000        0.59508   2  46
        0.50000        0.62324   2  47
        0.50000        0.63576   2  48
        0.50000        0.74733   2  49
        0.50000        0.77170   2  50
        0.50000        0.81222   2  51
        0.50000        0.88046   2  52
        0.50000        0.91906   2  53
        0.50000        0.94568   2  54
        0.50000        0.96855   2  55
        0.50000       -0.91951   2   1
        0.50000       -0.90247   2   2
        0.50000       -0.87205   2   3
        0.50000       -0.75598   2   4
        0.50000       -0.69144   2   5
        0.50000       -0.66878   2   6
        0.50000       -0.65985   2   7
        0.50000       -0.64371   2   8
        0.50000       -0.64233   2   9
        0.50000       -0.63753   2  10
        0.50000       -0.59242   2  11
        0.50000       -0.56750   2  12
        0.50000       -0.47226   2  13
        0.50000       -0.46573   2  14
        0.50000       -0.45374   2  15
        0.50000       -0.42867   2  16
        0.50000       -0.39590   2  17
        0.50000       -0.37171   2  18
        0.50000       -0.31207   2  19
        0.50000       -0.31173   2  20
        0.50000       -0.30624   2  21
        0.50000       -0.29983   2  22
        0.50000       -0.27301   2  23
        0.50000       -0.24239   2  24
        0.50000       -0.23488   2  25
        0.50000       -0.23367   2  26
        0.50000       -0.22093   2  27
        0.50000       -0.09758   2  28
        0.50000       -0.09279   2  29
        0.50000       -0.05528   2  30
        0.50000       -0.02739   2  31
        0.50000        0.03416   2  32
        0.50000        0.10240   2  33
        0.50000        0.14092   2  34
        0.50000        0.16450   2  35
        0.50000        0.20774   2  36
        0.50000        0.21005   2  37
        0.50000        0.21888   2  38
        0.50000        0.27838   2  39
        0.50000        0.28036   2  40
        0.50000        0.29657   2  41
        0.50000        0.36381   2  42
        0.50000        0.39878   2  43
        0.50000        0.45956   2  44
        0.50000        0.48825   2  45
        0.50000        0.59508   2  46
        0.50000        0.62324   2  47
        0.50000        0.63576   2  48
        0.50000        0.74733   2  49
        0.50000        0.77170   2  50
        0.50000        0.81222   2  51
        0.50000        0.88046   2  52
        0.50000        0.91906   2  53
        0.50000        0.94568   2  54
        0.50000        0.96855   2  55
        0.54167       -0.91829   2   1
        0.54167       -0.90147   2   2
        0.54167       -0.87139   2   3
        0.54167       -0.75545   2   4
        0.54167       -0.69129   2   5
        0.54167       -0.67116   2   6
        0.54167       -0.66103   2   7
        0.54167       -0.64549   2   8
        0.54167       -0.64187   2   9
        0.54167       -0.64047   2  10
        0.54167       -0.59114   2  11
        0.54167       -0.56572   2  12
        0.54167       -0.47388   2  13
        0.54167       -0.46777   2  14
        0.54167       -0.45432   2  15
        0.54167       -0.42710   2  16
        0.54167       -0.39518   2  17
        0.54167       -0.36963   2  18
        0.54167       -0.31621   2  19
        0.54167       -0.31591   2  20
        0.54167       -0.30808   2  21
        0.54167       -0.29638   2  22
        0.54167       -0.27341   2  23
        0.54167       -0.25005   2  24
        0.54167       -0.23414   2  25
        0.54167       -0.22699   2  26
        0.54167       -0.21211   2  27
        0.54167       -0.09507   2  28
        0.54167       -0.09004   2  29
        0.54167       -0.05116   2  30
        0.54167       -0.02402   2  31
        0.54167        0.03752   2  32
        0.54167        0.10494   2  33
        0.54167        0.14281   2  34
        0.54167        0.16687   2  35
        0.54167        0.20981   2  36
        0.54167        0.21030   2  37
        0.54167        0.22102   2  38
        0.54167        0.28094   2  39
        0.54167        0.28277   2  40
        0.54167        0.30175   2  41
        0.54167        0.36522   2  42
        0.54167        0.39996   2  43
        0.54167        0.45914   2  44
        0.54167        0.49446   2  45
        0.54167        0.58694   2  46
        0.54167        0.61943   2  47
        0.54167        0.63100   2  48
        0.54167        0.73593   2  49
        0.54167        0.77139   2  50
        0.54167        0.77805   2  51
        0.54167        0.87608   2  52
        0.54167        0.90004   2  53
        0.54167        0.96278   2  54
        0.54167        0.97592   2  55
        0.58333       -0.91468   2   1
        0.58333       -0.89854   2   2
        0.58333       -0.86948   2   3
        0.58333       -0.75400   2   4
        0.58333       -0.69090   2   5
        0.58333       -0.67919   2   6
        0.58333       -0.66430   2   7
        0.58333       -0.65439   2   8
        0.58333       -0.64768   2   9
        0.58333       -0.63648   2  10
        0.58333       -0.58748   2  11
        0.58333       -0.56056   2  12
        0.58333       -0.47794   2  13
        0.58333       -0.47297   2  14
        0.58333       -0.45650   2  15
        0.58333       -0.42302   2  16
        0.58333       -0.39269   2  17
        0.58333       -0.36422   2  18
        0.58333       -0.33176   2  19
        0.58333       -0.32430   2  20
        0.58333       -0.30608   2  21
        0.58333       -0.29142   2  22
        0.58333       -0.27528   2  23
        0.58333       -0.25796   2  24
        0.58333       -0.23358   2  25
        0.58333       -0.21727   2  26
        0.58333       -0.19121   2  27
        0.58333       -0.08774   2  28
        0.58333       -0.08187   2  29
        0.58333       -0.03817   2  30
        0.58333       -0.01393   2  31
        0.58333        0.04661   2  32
        0.58333        0.11253   2  33
        0.58333        0.14810   2  34
        0.58333        0.17395   2  35
        0.58333        0.21035   2  36
        0.58333        0.21570   2  37
        0.58333        0.22739   2  38
        0.58333        0.28849   2  39
        0.58333        0.28992   2  40
        0.58333        0.31643   2  41
        0.58333        0.36870   2  42
        0.58333        0.40346   2  43
        0.58333        0.45707   2  44
        0.58333        0.51104   2  45
        0.58333        0.56203   2  46
        0.58333        0.60784   2  47
        0.58333        0.61802   2  48
        0.58333        0.70410   2  49
        0.58333        0.70499   2  50
        0.58333        0.77725   2  51
        0.58333        0.85978   2  52
        0.58333        0.86039   2  53
        0.58333        0.94703   2  54
        0.58333        1.01794   2  55
        0.62500       -0.90881   2   1
        0.62500       -0.89389   2   2
        0.62500       -0.86657   2   3
        0.62500       -0.75206   2   4
        0.62500       -0.69228   2   5
        0.62500       -0.69045   2   6
        0.62500       -0.67307   2   7
        0.62500       -0.66763   2   8
        0.62500       -0.65344   2   9
        0.62500       -0.62778   2  10
        0.62500       -0.58210   2  11
        0.62500       -0.55237   2  12
        0.62500       -0.48283   2  13
        0.62500       -0.47987   2  14
        0.62500       -0.46036   2  15
        0.62500       -0.41749   2  16
        0.62500       -0.38832   2  17
        0.62500       -0.35767   2  18
        0.62500       -0.35037   2  19
        0.62500       -0.33288   2  20
        0.62500       -0.30207   2  21
        0.62500       -0.28880   2  22
        0.62500       -0.27905   2  23
        0.62500       -0.26137   2  24
        0.62500       -0.23178   2  25
        0.62500       -0.20860   2  26
        0.62500       -0.16525   2  27
        0.62500       -0.07622   2  28
        0.62500       -0.06882   2  29
        0.62500       -0.01877   2  30
        0.62500        0.00260   2  31
        0.62500        0.06024   2  32
        0.62500        0.12533   2  33
        0.62500        0.15619   2  34
        0.62500        0.18618   2  35
        0.62500        0.20880   2  36
        0.62500        0.22461   2  37
        0.62500        0.23805   2  38
        0.62500        0.30088   2  39
        0.62500        0.30174   2  40
        0.62500        0.33793   2  41
        0.62500        0.37232   2  42
        0.62500        0.40970   2  43
        0.62500        0.45095   2  44
        0.62500        0.52290   2  45
        0.62500        0.53222   2  46
        0.62500        0.58956   2  47
        0.62500        0.60013   2  48
        0.62500        0.63069   2  49
        0.62500        0.65754   2  50
        0.62500        0.76355   2  51
        0.62500        0.82603   2  52
        0.62500        0.83147   2  53
        0.62500        0.92284   2  54
        0.62500        1.04385   2  55
        0.66667       -0.90092   2   1
        0.66667       -0.88792   2   2
        0.66667       -0.86305   2   3
        0.66667       -0.75057   2   4
        0.66667       -0.70825   2   5
        0.66667       -0.69062   2   6
        0.66667       -0.68771   2   7
        0.66667       -0.68290   2   8
        0.66667       -0.65528   2   9
        0.66667       -0.61621   2  10
        0.66667       -0.57607   2  11
        0.66667       -0.54164   2  12
        0.66667       -0.48746   2  13
        0.66667       -0.48700   2  14
        0.66667       -0.46524   2  15
        0.66667       -0.41103   2  16
        0.66667       -0.38372   2  17
        0.66667       -0.36919   2  18
        0.66667       -0.34737   2  19
        0.66667       -0.34092   2  20
        0.66667       -0.29731   2  21
        0.66667       -0.29201   2  22
        0.66667       -0.28000   2  23
        0.66667       -0.26148   2  24
        0.66667       -0.22907   2  25
        0.66667       -0.20120   2  26
        0.66667       -0.13777   2  27
        0.66667       -0.06133   2  28
        0.66667       -0.05225   2  29
        0.66667        0.00289   2  30
        0.66667        0.02529   2  31
        0.66667        0.07711   2  32
        0.66667        0.14408   2  33
        0.66667        0.16691   2  34
        0.66667        0.20460   2  35
        0.66667        0.20476   2  36
        0.66667        0.23535   2  37
        0.66667        0.25337   2  38
        0.66667        0.31795   2  39
        0.66667        0.31834   2  40
        0.66667        0.36228   2  41
        0.66667        0.37376   2  42
        0.66667        0.41970   2  43
        0.66667        0.43730   2  44
        0.66667        0.48029   2  45
        0.66667        0.53643   2  46
        0.66667        0.56684   2  47
        0.66667        0.57467   2  48
        0.66667        0.58094   2  49
        0.66667        0.61149   2  50
        0.66667        0.71045   2  51
        0.66667        0.79308   2  52
        0.66667        0.83167   2  53
        0.66667        0.88891   2  54
        0.66667        1.04412   2  55
        0.70833       -0.89144   2   1
        0.70833       -0.88123   2   2
        0.70833       -0.85943   2   3
        0.70833       -0.75162   2   4
        0.70833       -0.72490   2   5
        0.70833       -0.70257   2   6
        0.70833       -0.70065   2   7
        0.70833       -0.68915   2   8
        0.70833       -0.65584   2   9
        0.70833       -0.60253   2  10
        0.70833       -0.57079   2  11
        0.70833       -0.52906   2  12
        0.70833       -0.49484   2  13
        0.70833       -0.48937   2  14
        0.70833       -0.47024   2  15
        0.70833       -0.40329   2  16
        0.70833       -0.39221   2  17
        0.70833       -0.37144   2  18
        0.70833       -0.34762   2  19
        0.70833       -0.33799   2  20
        0.70833       -0.29778   2  21
        0.70833       -0.29258   2  22
        0.70833       -0.27861   2  23
        0.70833       -0.26059   2  24
        0.70833       -0.22566   2  25
        0.70833       -0.19542   2  26
        0.70833       -0.10890   2  27
        0.70833       -0.04387   2  28
        0.70833       -0.03398   2  29
        0.70833        0.02650   2  30
        0.70833        0.05368   2  31
        0.70833        0.09387   2  32
        0.70833        0.16907   2  33
        0.70833        0.18076   2  34
        0.70833        0.19775   2  35
        0.70833        0.23055   2  36
        0.70833        0.24656   2  37
        0.70833        0.27348   2  38
        0.70833        0.33874   2  39
        0.70833        0.33966   2  40
        0.70833        0.37288   2  41
        0.70833        0.38375   2  42
        0.70833        0.41471   2  43
        0.70833        0.43174   2  44
        0.70833        0.44968   2  45
        0.70833        0.48132   2  46
        0.70833        0.52605   2  47
        0.70833        0.56013   2  48
        0.70833        0.58019   2  49
        0.70833        0.59275   2  50
        0.70833        0.65280   2  51
        0.70833        0.75116   2  52
        0.70833        0.84586   2  53
        0.70833        0.85203   2  54
        0.70833        1.01550   2  55
        0.75000       -0.88113   2   1
        0.75000       -0.87478   2   2
        0.75000       -0.85609   2   3
        0.75000       -0.75842   2   4
        0.75000       -0.74015   2   5
        0.75000       -0.71513   2   6
        0.75000       -0.71241   2   7
        0.75000       -0.69012   2   8
        0.75000       -0.65623   2   9
        0.75000       -0.58789   2  10
        0.75000       -0.56738   2  11
        0.75000       -0.51566   2  12
        0.75000       -0.50106   2  13
        0.75000       -0.48958   2  14
        0.75000       -0.47461   2  15
        0.75000       -0.40932   2  16
        0.75000       -0.39348   2  17
        0.75000       -0.36440   2  18
        0.75000       -0.35215   2  19
        0.75000       -0.32779   2  20
        0.75000       -0.30250   2  21
        0.75000       -0.28848   2  22
        0.75000       -0.27723   2  23
        0.75000       -0.25992   2  24
        0.75000       -0.22187   2  25
        0.75000       -0.19153   2  26
        0.75000       -0.07866   2  27
        0.75000       -0.02450   2  28
        0.75000       -0.01611   2  29
        0.75000        0.05252   2  30
        0.75000        0.08686   2  31
        0.75000        0.10718   2  32
        0.75000        0.19044   2  33
        0.75000        0.19821   2  34
        0.75000        0.19942   2  35
        0.75000        0.25092   2  36
        0.75000        0.26950   2  37
        0.75000        0.29861   2  38
        0.75000        0.35532   2  39
        0.75000        0.36487   2  40
        0.75000        0.37622   2  41
        0.75000        0.37882   2  42
        0.75000        0.40511   2  43
        0.75000        0.40950   2  44
        0.75000        0.43554   2  45
        0.75000        0.46611   2  46
        0.75000        0.47580   2  47
        0.75000        0.53574   2  48
        0.75000        0.58563   2  49
        0.75000        0.58597   2  50
        0.75000        0.62495   2  51
        0.75000        0.71065   2  52
        0.75000        0.80115   2  53
        0.75000        0.87588   2  54
        0.75000        0.96208   2  55
        0.79167       -0.87187   2   1
        0.79167       -0.86983   2   2
        0.79167       -0.85240   2   3
        0.79167       -0.77101   2   4
        0.79167       -0.75184   2   5
        0.79167       -0.72678   2   6
        0.79167       -0.71611   2   7
        0.79167       -0.69181   2   8
        0.79167       -0.65675   2   9
        0.79167       -0.57410   2  10
        0.79167       -0.56636   2  11
        0.79167       -0.50481   2  12
        0.79167       -0.50265   2  13
        0.79167       -0.48816   2  14
        0.79167       -0.47810   2  15
        0.79167       -0.42540   2  16
        0.79167       -0.38087   2  17
        0.79167       -0.35674   2  18
        0.79167       -0.35343   2  19
        0.79167       -0.31684   2  20
        0.79167       -0.30571   2  21
        0.79167       -0.28529   2  22
        0.79167       -0.27615   2  23
        0.79167       -0.26013   2  24
        0.79167       -0.21833   2  25
        0.79167       -0.18997   2  26
        0.79167       -0.04874   2  27
        0.79167       -0.00344   2  28
        0.79167       -0.00210   2  29
        0.79167        0.08108   2  30
        0.79167        0.11478   2  31
        0.79167        0.12218   2  32
        0.79167        0.19006   2  33
        0.79167        0.22523   2  34
        0.79167        0.22570   2  35
        0.79167        0.26099   2  36
        0.79167        0.31075   2  37
        0.79167        0.33045   2  38
        0.79167        0.33941   2  39
        0.79167        0.34468   2  40
        0.79167        0.36264   2  41
        0.79167        0.39862   2  42
        0.79167        0.40761   2  43
        0.79167        0.41287   2  44
        0.79167        0.42639   2  45
        0.79167        0.45349   2  46
        0.79167        0.47964   2  47
        0.79167        0.49941   2  48
        0.79167        0.57676   2  49
        0.79167        0.59921   2  50
        0.79167        0.62600   2  51
        0.79167        0.67669   2  52
        0.79167        0.76560   2  53
        0.79167        0.88719   2  54
        0.79167        0.90924   2  55
        0.83333       -0.86755   2   1
        0.83333       -0.86734   2   2
        0.83333       -0.84569   2   3
        0.83333       -0.78535   2   4
        0.83333       -0.75799   2   5
        0.83333       -0.73459   2   6
        0.83333       -0.71736   2   7
        0.83333       -0.69455   2   8
        0.83333       -0.65735   2   9
        0.83333       -0.56726   2  10
        0.83333       -0.56355   2  11
        0.83333       -0.50451   2  12
        0.83333       -0.49130   2  13
        0.83333       -0.48634   2  14
        0.83333       -0.48068   2  15
        0.83333       -0.43892   2  16
        0.83333       -0.36610   2  17
        0.83333       -0.34983   2  18
        0.83333       -0.34950   2  19
        0.83333       -0.30729   2  20
        0.83333       -0.30520   2  21
        0.83333       -0.28303   2  22
        0.83333       -0.27536   2  23
        0.83333       -0.26152   2  24
        0.83333       -0.21589   2  25
        0.83333       -0.19141   2  26
        0.83333       -0.02143   2  27
        0.83333        0.00469   2  28
        0.83333        0.01973   2  29
        0.83333        0.11379   2  30
        0.83333        0.11401   2  31
        0.83333        0.15641   2  32
        0.83333        0.20630   2  33
        0.83333        0.23467   2  34
        0.83333        0.26244   2  35
        0.83333        0.28580   2  36
        0.83333        0.29408   2  37
        0.83333        0.31192   2  38
        0.83333        0.35164   2  39
        0.83333        0.36388   2  40
        0.83333        0.37431   2  41
        0.83333        0.39115   2  42
        0.83333        0.41197   2  43
        0.83333        0.43486   2  44
        0.83333        0.44264   2  45
        0.83333        0.45635   2  46
        0.83333        0.46254   2  47
        0.83333        0.53236   2  48
        0.83333        0.56034   2  49
        0.83333        0.62169   2  50
        0.83333        0.62889   2  51
        0.83333        0.65455   2  52
        0.83333        0.74385   2  53
        0.83333        0.83184   2  54
        0.83333        0.92536   2  55
        0.87500       -0.86813   2   1
        0.87500       -0.86788   2   2
        0.87500       -0.83596   2   3
        0.87500       -0.79841   2   4
        0.87500       -0.75808   2   5
        0.87500       -0.73875   2   6
        0.87500       -0.71915   2   7
        0.87500       -0.69816   2   8
        0.87500       -0.65782   2   9
        0.87500       -0.56898   2  10
        0.87500       -0.55783   2  11
        0.87500       -0.49969   2  12
        0.87500       -0.48505   2  13
        0.87500       -0.48261   2  14
        0.87500       -0.48194   2  15
        0.87500       -0.45059   2  16
        0.87500       -0.35352   2  17
        0.87500       -0.34322   2  18
        0.87500       -0.33859   2  19
        0.87500       -0.30652   2  20
        0.87500       -0.29314   2  21
        0.87500       -0.28147   2  22
        0.87500       -0.27485   2  23
        0.87500       -0.26409   2  24
        0.87500       -0.21525   2  25
        0.87500       -0.19642   2  26
        0.87500       -0.00342   2  27
        0.87500        0.00892   2  28
        0.87500        0.04534   2  29
        0.87500        0.10935   2  30
        0.87500        0.14967   2  31
        0.87500        0.18780   2  32
        0.87500        0.23324   2  33
        0.87500        0.23475   2  34
        0.87500        0.24786   2  35
        0.87500        0.28438   2  36
        0.87500        0.30586   2  37
        0.87500        0.32869   2  38
        0.87500        0.36260   2  39
        0.87500        0.37507   2  40
        0.87500        0.38410   2  41
        0.87500        0.40817   2  42
        0.87500        0.41723   2  43
        0.87500        0.42892   2  44
        0.87500        0.46427   2  45
        0.87500        0.49220   2  46
        0.87500        0.50512   2  47
        0.87500        0.54914   2  48
        0.87500        0.57122   2  49
        0.87500        0.62698   2  50
        0.87500        0.64021   2  51
        0.87500        0.64802   2  52
        0.87500        0.73329   2  53
        0.87500        0.78431   2  54
        0.87500        0.94383   2  55
        0.91667       -0.87037   2   1
        0.91667       -0.87034   2   2
        0.91667       -0.82646   2   3
        0.91667       -0.80859   2   4
        0.91667       -0.75338   2   5
        0.91667       -0.74030   2   6
        0.91667       -0.72283   2   7
        0.91667       -0.70208   2   8
        0.91667       -0.65803   2   9
        0.91667       -0.57066   2  10
        0.91667       -0.55593   2  11
        0.91667       -0.49261   2  12
        0.91667       -0.48437   2  13
        0.91667       -0.48147   2  14
        0.91667       -0.47697   2  15
        0.91667       -0.46089   2  16
        0.91667       -0.34430   2  17
        0.91667       -0.33835   2  18
        0.91667       -0.32533   2  19
        0.91667       -0.30031   2  20
        0.91667       -0.28293   2  21
        0.91667       -0.27886   2  22
        0.91667       -0.27478   2  23
        0.91667       -0.26733   2  24
        0.91667       -0.21673   2  25
        0.91667       -0.20500   2  26
        0.91667       -0.00421   2  27
        0.91667        0.01951   2  28
        0.91667        0.07317   2  29
        0.91667        0.11111   2  30
        0.91667        0.16569   2  31
        0.91667        0.20029   2  32
        0.91667        0.22741   2  33
        0.91667        0.24239   2  34
        0.91667        0.25529   2  35
        0.91667        0.27967   2  36
        0.91667        0.33936   2  37
        0.91667        0.34417   2  38
        0.91667        0.36400   2  39
        0.91667        0.36437   2  40
        0.91667        0.41234   2  41
        0.91667        0.41568   2  42
        0.91667        0.43611   2  43
        0.91667        0.45311   2  44
        0.91667        0.48370   2  45
        0.91667        0.53619   2  46
        0.91667        0.54837   2  47
        0.91667        0.55771   2  48
        0.91667        0.59479   2  49
        0.91667        0.62561   2  50
        0.91667        0.62801   2  51
        0.91667        0.67391   2  52
        0.91667        0.72961   2  53
        0.91667        0.75198   2  54
        0.91667        0.95809   2  55
        0.95833       -0.87256   2   1
        0.95833       -0.87255   2   2
        0.95833       -0.81963   2   3
        0.95833       -0.81497   2   4
        0.95833       -0.74613   2   5
        0.95833       -0.74055   2   6
        0.95833       -0.72851   2   7
        0.95833       -0.70527   2   8
        0.95833       -0.65805   2   9
        0.95833       -0.57186   2  10
        0.95833       -0.55570   2  11
        0.95833       -0.48655   2  12
        0.95833       -0.48413   2  13
        0.95833       -0.47963   2  14
        0.95833       -0.47395   2  15
        0.95833       -0.46899   2  16
        0.95833       -0.33714   2  17
        0.95833       -0.33528   2  18
        0.95833       -0.31961   2  19
        0.95833       -0.28719   2  20
        0.95833       -0.28115   2  21
        0.95833       -0.27536   2  22
        0.95833       -0.27033   2  23
        0.95833       -0.26979   2  24
        0.95833       -0.21969   2  25
        0.95833       -0.21553   2  26
        0.95833       -0.00792   2  27
        0.95833        0.02346   2  28
        0.95833        0.10261   2  29
        0.95833        0.11932   2  30
        0.95833        0.16177   2  31
        0.95833        0.17522   2  32
        0.95833        0.22287   2  33
        0.95833        0.23142   2  34
        0.95833        0.29342   2  35
        0.95833        0.30767   2  36
        0.95833        0.34309   2  37
        0.95833        0.34515   2  38
        0.95833        0.36959   2  39
        0.95833        0.38230   2  40
        0.95833        0.41492   2  41
        0.95833        0.42689   2  42
        0.95833        0.45348   2  43
        0.95833        0.46153   2  44
        0.95833        0.51874   2  45
        0.95833        0.55699   2  46
        0.95833        0.57542   2  47
        0.95833        0.58339   2  48
        0.95833        0.59777   2  49
        0.95833        0.60929   2  50
        0.95833        0.63429   2  51
        0.95833        0.69624   2  52
        0.95833        0.72907   2  53
        0.95833        0.73456   2  54
        0.95833        0.96705   2  55
        1.00000       -0.87342   2   1
        1.00000       -0.87342   2   2
        1.00000       -0.81714   2   3
        1.00000       -0.81714   2   4
        1.00000       -0.74050   2   5
        1.00000       -0.74050   2   6
        1.00000       -0.73347   2   7
        1.00000       -0.70653   2   8
        1.00000       -0.65803   2   9
        1.00000       -0.57232   2  10
        1.00000       -0.55576   2  11
        1.00000       -0.48410   2  12
        1.00000       -0.48410   2  13
        1.00000       -0.47779   2  14
        1.00000       -0.47302   2  15
        1.00000       -0.47302   2  16
        1.00000       -0.33424   2  17
        1.00000       -0.33424   2  18
        1.00000       -0.31847   2  19
        1.00000       -0.28096   2  20
        1.00000       -0.28011   2  21
        1.00000       -0.27543   2  22
        1.00000       -0.27036   2  23
        1.00000       -0.26621   2  24
        1.00000       -0.22144   2  25
        1.00000       -0.22144   2  26
        1.00000       -0.00948   2  27
        1.00000        0.02377   2  28
        1.00000        0.12401   2  29
        1.00000        0.12401   2  30
        1.00000        0.15126   2  31
        1.00000        0.16217   2  32
        1.00000        0.21970   2  33
        1.00000        0.22639   2  34
        1.00000        0.29902   2  35
        1.00000        0.33974   2  36
        1.00000        0.33974   2  37
        1.00000        0.34094   2  38
        1.00000        0.37466   2  39
        1.00000        0.40231   2  40
        1.00000        0.41174   2  41
        1.00000        0.41174   2  42
        1.00000        0.46451   2  43
        1.00000        0.46887   2  44
        1.00000        0.53187   2  45
        1.00000        0.56483   2  46
        1.00000        0.58332   2  47
        1.00000        0.59610   2  48
        1.00000        0.59900   2  49
        1.00000        0.59900   2  50
        1.00000        0.63519   2  51
        1.00000        0.70590   2  52
        1.00000        0.72915   2  53
        1.00000        0.72915   2  54
        1.00000        0.97011   2  55
        1.00000       -0.87342   2   1
        1.00000       -0.87342   2   2
        1.00000       -0.81714   2   3
        1.00000       -0.81714   2   4
        1.00000       -0.74050   2   5
        1.00000       -0.74050   2   6
        1.00000       -0.73347   2   7
        1.00000       -0.70653   2   8
        1.00000       -0.65803   2   9
        1.00000       -0.57232   2  10
        1.00000       -0.55576   2  11
        1.00000       -0.48410   2  12
        1.00000       -0.48410   2  13
        1.00000       -0.47779   2  14
        1.00000       -0.47302   2  15
        1.00000       -0.47302   2  16
        1.00000       -0.33424   2  17
        1.00000       -0.33424   2  18
        1.00000       -0.31847   2  19
        1.00000       -0.28096   2  20
        1.00000       -0.28011   2  21
        1.00000       -0.27543   2  22
        1.00000       -0.27036   2  23
        1.00000       -0.26621   2  24
        1.00000       -0.22144   2  25
        1.00000       -0.22144   2  26
        1.00000       -0.00948   2  27
        1.00000        0.02377   2  28
        1.00000        0.12401   2  29
        1.00000        0.12401   2  30
        1.00000        0.15126   2  31
        1.00000        0.16217   2  32
        1.00000        0.21970   2  33
        1.00000        0.22639   2  34
        1.00000        0.29902   2  35
        1.00000        0.33974   2  36
        1.00000        0.33974   2  37
        1.00000        0.34094   2  38
        1.00000        0.37466   2  39
        1.00000        0.40231   2  40
        1.00000        0.41174   2  41
        1.00000        0.41174   2  42
        1.00000        0.46451   2  43
        1.00000        0.46887   2  44
        1.00000        0.53187   2  45
        1.00000        0.56483   2  46
        1.00000        0.58332   2  47
        1.00000        0.59610   2  48
        1.00000        0.59900   2  49
        1.00000        0.59900   2  50
        1.00000        0.63519   2  51
        1.00000        0.70590   2  52
        1.00000        0.72915   2  53
        1.00000        0.72915   2  54
        1.00000        0.97011   2  55
        1.03928       -0.87286   2   1
        1.03928       -0.87237   2   2
        1.03928       -0.81838   2   3
        1.03928       -0.81621   2   4
        1.03928       -0.74641   2   5
        1.03928       -0.73972   2   6
        1.03928       -0.72905   2   7
        1.03928       -0.70540   2   8
        1.03928       -0.65804   2   9
        1.03928       -0.57199   2  10
        1.03928       -0.55564   2  11
        1.03928       -0.48592   2  12
        1.03928       -0.48451   2  13
        1.03928       -0.47964   2  14
        1.03928       -0.47287   2  15
        1.03928       -0.47020   2  16
        1.03928       -0.33653   2  17
        1.03928       -0.33551   2  18
        1.03928       -0.31937   2  19
        1.03928       -0.28718   2  20
        1.03928       -0.28112   2  21
        1.03928       -0.27527   2  22
        1.03928       -0.27022   2  23
        1.03928       -0.26811   2  24
        1.03928       -0.22702   2  25
        1.03928       -0.20966   2  26
        1.03928       -0.00832   2  27
        1.03928        0.02316   2  28
        1.03928        0.10118   2  29
        1.03928        0.12595   2  30
        1.03928        0.16068   2  31
        1.03928        0.17142   2  32
        1.03928        0.22156   2  33
        1.03928        0.23161   2  34
        1.03928        0.29216   2  35
        1.03928        0.31068   2  36
        1.03928        0.33897   2  37
        1.03928        0.35171   2  38
        1.03928        0.36557   2  39
        1.03928        0.38943   2  40
        1.03928        0.41168   2  41
        1.03928        0.42865   2  42
        1.03928        0.44635   2  43
        1.03928        0.46897   2  44
        1.03928        0.51923   2  45
        1.03928        0.55591   2  46
        1.03928        0.57570   2  47
        1.03928        0.58771   2  48
        1.03928        0.59883   2  49
        1.03928        0.60733   2  50
        1.03928        0.63487   2  51
        1.03928        0.69732   2  52
        1.03928        0.72904   2  53
        1.03928        0.73398   2  54
        1.03928        0.96743   2  55
        1.07857       -0.87120   2   1
        1.07857       -0.86921   2   2
        1.07857       -0.82171   2   3
        1.07857       -0.81337   2   4
        1.07857       -0.75572   2   5
        1.07857       -0.73742   2   6
        1.07857       -0.72419   2   7
        1.07857       -0.70243   2   8
        1.07857       -0.65789   2   9
        1.07857       -0.57217   2  10
        1.07857       -0.55474   2  11
        1.07857       -0.49044   2  12
        1.07857       -0.48582   2  13
        1.07857       -0.48203   2  14
        1.07857       -0.47244   2  15
        1.07857       -0.46549   2  16
        1.07857       -0.34272   2  17
        1.07857       -0.33900   2  18
        1.07857       -0.32231   2  19
        1.07857       -0.30389   2  20
        1.07857       -0.28188   2  21
        1.07857       -0.27330   2  22
        1.07857       -0.27045   2  23
        1.07857       -0.26888   2  24
        1.07857       -0.24027   2  25
        1.07857       -0.18531   2  26
        1.07857       -0.00829   2  27
        1.07857        0.01417   2  28
        1.07857        0.07618   2  29
        1.07857        0.13213   2  30
        1.07857        0.16446   2  31
        1.07857        0.18315   2  32
        1.07857        0.21427   2  33
        1.07857        0.23874   2  34
        1.07857        0.25749   2  35
        1.07857        0.29474   2  36
        1.07857        0.32924   2  37
        1.07857        0.33645   2  38
        1.07857        0.37187   2  39
        1.07857        0.38030   2  40
        1.07857        0.40636   2  41
        1.07857        0.41137   2  42
        1.07857        0.43432   2  43
        1.07857        0.46680   2  44
        1.07857        0.48364   2  45
        1.07857        0.52473   2  46
        1.07857        0.55476   2  47
        1.07857        0.58339   2  48
        1.07857        0.59828   2  49
        1.07857        0.62160   2  50
        1.07857        0.63079   2  51
        1.07857        0.67795   2  52
        1.07857        0.72920   2  53
        1.07857        0.74943   2  54
        1.07857        0.95995   2  55
        1.11785       -0.86830   2   1
        1.11785       -0.86396   2   2
        1.11785       -0.82620   2   3
        1.11785       -0.80866   2   4
        1.11785       -0.76568   2   5
        1.11785       -0.73365   2   6
        1.11785       -0.72194   2   7
        1.11785       -0.69824   2   8
        1.11785       -0.65713   2   9
        1.11785       -0.57613   2  10
        1.11785       -0.55143   2  11
        1.11785       -0.49564   2  12
        1.11785       -0.48807   2  13
        1.11785       -0.48383   2  14
        1.11785       -0.47175   2  15
        1.11785       -0.46125   2  16
        1.11785       -0.35094   2  17
        1.11785       -0.34418   2  18
        1.11785       -0.32803   2  19
        1.11785       -0.32110   2  20
        1.11785       -0.28476   2  21
        1.11785       -0.27254   2  22
        1.11785       -0.27082   2  23
        1.11785       -0.26848   2  24
        1.11785       -0.25236   2  25
        1.11785       -0.15613   2  26
        1.11785       -0.02141   2  27
        1.11785       -0.00965   2  28
        1.11785        0.06877   2  29
        1.11785        0.14259   2  30
        1.11785        0.15697   2  31
        1.11785        0.17478   2  32
        1.11785        0.18437   2  33
        1.11785        0.21798   2  34
        1.11785        0.26687   2  35
        1.11785        0.28330   2  36
        1.11785        0.30101   2  37
        1.11785        0.33218   2  38
        1.11785        0.33640   2  39
        1.11785        0.37397   2  40
        1.11785        0.39757   2  41
        1.11785        0.41062   2  42
        1.11785        0.41588   2  43
        1.11785        0.44192   2  44
        1.11785        0.47623   2  45
        1.11785        0.49552   2  46
        1.11785        0.53395   2  47
        1.11785        0.58108   2  48
        1.11785        0.59711   2  49
        1.11785        0.61620   2  50
        1.11785        0.63964   2  51
        1.11785        0.66007   2  52
        1.11785        0.73117   2  53
        1.11785        0.77764   2  54
        1.11785        0.94923   2  55
        1.15713       -0.86399   2   1
        1.15713       -0.85673   2   2
        1.15713       -0.83072   2   3
        1.15713       -0.80216   2   4
        1.15713       -0.77555   2   5
        1.15713       -0.72839   2   6
        1.15713       -0.72328   2   7
        1.15713       -0.69323   2   8
        1.15713       -0.65542   2   9
        1.15713       -0.58659   2  10
        1.15713       -0.54505   2  11
        1.15713       -0.49947   2  12
        1.15713       -0.49127   2  13
        1.15713       -0.48497   2  14
        1.15713       -0.47079   2  15
        1.15713       -0.45920   2  16
        1.15713       -0.35872   2  17
        1.15713       -0.35108   2  18
        1.15713       -0.33718   2  19
        1.15713       -0.33546   2  20
        1.15713       -0.29218   2  21
        1.15713       -0.27474   2  22
        1.15713       -0.26960   2  23
        1.15713       -0.26661   2  24
        1.15713       -0.25714   2  25
        1.15713       -0.12401   2  26
        1.15713       -0.05352   2  27
        1.15713       -0.03922   2  28
        1.15713        0.06736   2  29
        1.15713        0.13317   2  30
        1.15713        0.15669   2  31
        1.15713        0.15895   2  32
        1.15713        0.17057   2  33
        1.15713        0.20364   2  34
        1.15713        0.21788   2  35
        1.15713        0.26989   2  36
        1.15713        0.29086   2  37
        1.15713        0.32396   2  38
        1.15713        0.32617   2  39
        1.15713        0.35606   2  40
        1.15713        0.38046   2  41
        1.15713        0.40905   2  42
        1.15713        0.41132   2  43
        1.15713        0.42743   2  44
        1.15713        0.47729   2  45
        1.15713        0.48632   2  46
        1.15713        0.53717   2  47
        1.15713        0.56993   2  48
        1.15713        0.59432   2  49
        1.15713        0.61225   2  50
        1.15713        0.63428   2  51
        1.15713        0.67046   2  52
        1.15713        0.73640   2  53
        1.15713        0.81705   2  54
        1.15713        0.93730   2  55
        1.19642       -0.85828   2   1
        1.19642       -0.84754   2   2
        1.19642       -0.83429   2   3
        1.19642       -0.79398   2   4
        1.19642       -0.78472   2   5
        1.19642       -0.72801   2   6
        1.19642       -0.72180   2   7
        1.19642       -0.68806   2   8
        1.19642       -0.65280   2   9
        1.19642       -0.60382   2  10
        1.19642       -0.53646   2  11
        1.19642       -0.50088   2  12
        1.19642       -0.49553   2  13
        1.19642       -0.48675   2  14
        1.19642       -0.46958   2  15
        1.19642       -0.45959   2  16
        1.19642       -0.36433   2  17
        1.19642       -0.36003   2  18
        1.19642       -0.34838   2  19
        1.19642       -0.34532   2  20
        1.19642       -0.30062   2  21
        1.19642       -0.27488   2  22
        1.19642       -0.26935   2  23
        1.19642       -0.26441   2  24
        1.19642       -0.25812   2  25
        1.19642       -0.09022   2  26
        1.19642       -0.08770   2  27
        1.19642       -0.07460   2  28
        1.19642        0.05603   2  29
        1.19642        0.11064   2  30
        1.19642        0.14064   2  31
        1.19642        0.15105   2  32
        1.19642        0.17434   2  33
        1.19642        0.18254   2  34
        1.19642        0.21546   2  35
        1.19642        0.22662   2  36
        1.19642        0.27986   2  37
        1.19642        0.28470   2  38
        1.19642        0.31772   2  39
        1.19642        0.33212   2  40
        1.19642        0.38554   2  41
        1.19642        0.40575   2  42
        1.19642        0.43129   2  43
        1.19642        0.44252   2  44
        1.19642        0.45829   2  45
        1.19642        0.48429   2  46
        1.19642        0.55215   2  47
        1.19642        0.56223   2  48
        1.19642        0.58819   2  49
        1.19642        0.61782   2  50
        1.19642        0.62696   2  51
        1.19642        0.70422   2  52
        1.19642        0.74540   2  53
        1.19642        0.86364   2  54
        1.19642        0.92831   2  55
        1.23570       -0.85157   2   1
        1.23570       -0.83653   2   2
        1.23570       -0.83606   2   3
        1.23570       -0.79262   2   4
        1.23570       -0.78420   2   5
        1.23570       -0.73501   2   6
        1.23570       -0.71404   2   7
        1.23570       -0.68370   2   8
        1.23570       -0.64952   2   9
        1.23570       -0.62602   2  10
        1.23570       -0.52672   2  11
        1.23570       -0.50092   2  12
        1.23570       -0.50087   2  13
        1.23570       -0.49141   2  14
        1.23570       -0.46812   2  15
        1.23570       -0.45978   2  16
        1.23570       -0.36946   2  17
        1.23570       -0.36934   2  18
        1.23570       -0.35625   2  19
        1.23570       -0.35167   2  20
        1.23570       -0.30735   2  21
        1.23570       -0.27384   2  22
        1.23570       -0.26960   2  23
        1.23570       -0.26288   2  24
        1.23570       -0.25812   2  25
        1.23570       -0.12015   2  26
        1.23570       -0.10954   2  27
        1.23570       -0.05520   2  28
        1.23570        0.02927   2  29
        1.23570        0.07682   2  30
        1.23570        0.10978   2  31
        1.23570        0.15190   2  32
        1.23570        0.17257   2  33
        1.23570        0.19224   2  34
        1.23570        0.19530   2  35
        1.23570        0.22059   2  36
        1.23570        0.24186   2  37
        1.23570        0.25799   2  38
        1.23570        0.30691   2  39
        1.23570        0.33538   2  40
        1.23570        0.35466   2  41
        1.23570        0.40023   2  42
        1.23570        0.41006   2  43
        1.23570        0.45880   2  44
        1.23570        0.48724   2  45
        1.23570        0.52003   2  46
        1.23570        0.53658   2  47
        1.23570        0.56667   2  48
        1.23570        0.57784   2  49
        1.23570        0.62451   2  50
        1.23570        0.62957   2  51
        1.23570        0.75768   2  52
        1.23570        0.75887   2  53
        1.23570        0.89621   2  54
        1.23570        0.94692   2  55
        1.27499       -0.84545   2   1
        1.27499       -0.83492   2   2
        1.27499       -0.82389   2   3
        1.27499       -0.79850   2   4
        1.27499       -0.77300   2   5
        1.27499       -0.74276   2   6
        1.27499       -0.70513   2   7
        1.27499       -0.68199   2   8
        1.27499       -0.64963   2   9
        1.27499       -0.64573   2  10
        1.27499       -0.51769   2  11
        1.27499       -0.50727   2  12
        1.27499       -0.50473   2  13
        1.27499       -0.49559   2  14
        1.27499       -0.46642   2  15
        1.27499       -0.45736   2  16
        1.27499       -0.37702   2  17
        1.27499       -0.37598   2  18
        1.27499       -0.35672   2  19
        1.27499       -0.35628   2  20
        1.27499       -0.31260   2  21
        1.27499       -0.27206   2  22
        1.27499       -0.27031   2  23
        1.27499       -0.26223   2  24
        1.27499       -0.25773   2  25
        1.27499       -0.15017   2  26
        1.27499       -0.14388   2  27
        1.27499       -0.01864   2  28
        1.27499       -0.00445   2  29
        1.27499        0.03651   2  30
        1.27499        0.08413   2  31
        1.27499        0.13504   2  32
        1.27499        0.15324   2  33
        1.27499        0.17806   2  34
        1.27499        0.20721   2  35
        1.27499        0.21834   2  36
        1.27499        0.23183   2  37
        1.27499        0.24958   2  38
        1.27499        0.29703   2  39
        1.27499        0.32272   2  40
        1.27499        0.34789   2  41
        1.27499        0.37585   2  42
        1.27499        0.39513   2  43
        1.27499        0.47107   2  44
        1.27499        0.49758   2  45
        1.27499        0.52189   2  46
        1.27499        0.55983   2  47
        1.27499        0.56538   2  48
        1.27499        0.60125   2  49
        1.27499        0.62819   2  50
        1.27499        0.63790   2  51
        1.27499        0.77857   2  52
        1.27499        0.81257   2  53
        1.27499        0.90859   2  54
        1.27499        1.01026   2  55
        1.31427       -0.84202   2   1
        1.31427       -0.83137   2   2
        1.31427       -0.80978   2   3
        1.31427       -0.80053   2   4
        1.31427       -0.76057   2   5
        1.31427       -0.74950   2   6
        1.31427       -0.69527   2   7
        1.31427       -0.68973   2   8
        1.31427       -0.66559   2   9
        1.31427       -0.64170   2  10
        1.31427       -0.52275   2  11
        1.31427       -0.51420   2  12
        1.31427       -0.50257   2  13
        1.31427       -0.49684   2  14
        1.31427       -0.46444   2  15
        1.31427       -0.45217   2  16
        1.31427       -0.38246   2  17
        1.31427       -0.37968   2  18
        1.31427       -0.35994   2  19
        1.31427       -0.35385   2  20
        1.31427       -0.31653   2  21
        1.31427       -0.27150   2  22
        1.31427       -0.26970   2  23
        1.31427       -0.26245   2  24
        1.31427       -0.25697   2  25
        1.31427       -0.17790   2  26
        1.31427       -0.17473   2  27
        1.31427       -0.03895   2  28
        1.31427       -0.00220   2  29
        1.31427        0.01935   2  30
        1.31427        0.05786   2  31
        1.31427        0.09852   2  32
        1.31427        0.13346   2  33
        1.31427        0.16093   2  34
        1.31427        0.19169   2  35
        1.31427        0.23862   2  36
        1.31427        0.24298   2  37
        1.31427        0.25870   2  38
        1.31427        0.29526   2  39
        1.31427        0.29672   2  40
        1.31427        0.34120   2  41
        1.31427        0.36773   2  42
        1.31427        0.39747   2  43
        1.31427        0.48032   2  44
        1.31427        0.50294   2  45
        1.31427        0.51372   2  46
        1.31427        0.55724   2  47
        1.31427        0.55802   2  48
        1.31427        0.62571   2  49
        1.31427        0.63767   2  50
        1.31427        0.69495   2  51
        1.31427        0.80649   2  52
        1.31427        0.83830   2  53
        1.31427        0.95426   2  54
        1.31427        1.08117   2  55
        1.35355       -0.84109   2   1
        1.35355       -0.82993   2   2
        1.35355       -0.79628   2   3
        1.35355       -0.79442   2   4
        1.35355       -0.75315   2   5
        1.35355       -0.74714   2   6
        1.35355       -0.70957   2   7
        1.35355       -0.68489   2   8
        1.35355       -0.66923   2   9
        1.35355       -0.63751   2  10
        1.35355       -0.53828   2  11
        1.35355       -0.52141   2  12
        1.35355       -0.50047   2  13
        1.35355       -0.49219   2  14
        1.35355       -0.46210   2  15
        1.35355       -0.44463   2  16
        1.35355       -0.38568   2  17
        1.35355       -0.37907   2  18
        1.35355       -0.36303   2  19
        1.35355       -0.35059   2  20
        1.35355       -0.31899   2  21
        1.35355       -0.27327   2  22
        1.35355       -0.26701   2  23
        1.35355       -0.26340   2  24
        1.35355       -0.25583   2  25
        1.35355       -0.20266   2  26
        1.35355       -0.20119   2  27
        1.35355       -0.07207   2  28
        1.35355       -0.03798   2  29
        1.35355        0.03056   2  30
        1.35355        0.05841   2  31
        1.35355        0.06351   2  32
        1.35355        0.10469   2  33
        1.35355        0.14236   2  34
        1.35355        0.18562   2  35
        1.35355        0.23200   2  36
        1.35355        0.26177   2  37
        1.35355        0.27239   2  38
        1.35355        0.28929   2  39
        1.35355        0.31970   2  40
        1.35355        0.32742   2  41
        1.35355        0.37522   2  42
        1.35355        0.41567   2  43
        1.35355        0.47194   2  44
        1.35355        0.50510   2  45
        1.35355        0.52336   2  46
        1.35355        0.56451   2  47
        1.35355        0.56932   2  48
        1.35355        0.62184   2  49
        1.35355        0.64173   2  50
        1.35355        0.77488   2  51
        1.35355        0.84531   2  52
        1.35355        0.85200   2  53
        1.35355        1.02744   2  54
        1.35355        1.13903   2  55
        1.39284       -0.84476   2   1
        1.39284       -0.82937   2   2
        1.39284       -0.78817   2   3
        1.39284       -0.77822   2   4
        1.39284       -0.75158   2   5
        1.39284       -0.73306   2   6
        1.39284       -0.72916   2   7
        1.39284       -0.67409   2   8
        1.39284       -0.67015   2   9
        1.39284       -0.63361   2  10
        1.39284       -0.55460   2  11
        1.39284       -0.52866   2  12
        1.39284       -0.50677   2  13
        1.39284       -0.48122   2  14
        1.39284       -0.45941   2  15
        1.39284       -0.43545   2  16
        1.39284       -0.38698   2  17
        1.39284       -0.37574   2  18
        1.39284       -0.36578   2  19
        1.39284       -0.34785   2  20
        1.39284       -0.31980   2  21
        1.39284       -0.27573   2  22
        1.39284       -0.26487   2  23
        1.39284       -0.26439   2  24
        1.39284       -0.25425   2  25
        1.39284       -0.22878   2  26
        1.39284       -0.22271   2  27
        1.39284       -0.10332   2  28
        1.39284       -0.07036   2  29
        1.39284        0.00372   2  30
        1.39284        0.03133   2  31
        1.39284        0.07760   2  32
        1.39284        0.09873   2  33
        1.39284        0.11930   2  34
        1.39284        0.18206   2  35
        1.39284        0.21517   2  36
        1.39284        0.25251   2  37
        1.39284        0.30404   2  38
        1.39284        0.31173   2  39
        1.39284        0.31971   2  40
        1.39284        0.37468   2  41
        1.39284        0.37978   2  42
        1.39284        0.45607   2  43
        1.39284        0.46124   2  44
        1.39284        0.50771   2  45
        1.39284        0.54482   2  46
        1.39284        0.59404   2  47
        1.39284        0.59761   2  48
        1.39284        0.61549   2  49
        1.39284        0.64443   2  50
        1.39284        0.81907   2  51
        1.39284        0.90010   2  52
        1.39284        0.90397   2  53
        1.39284        1.10773   2  54
        1.39284        1.17355   2  55
        1.43212       -0.85336   2   1
        1.43212       -0.82807   2   2
        1.43212       -0.78253   2   3
        1.43212       -0.76159   2   4
        1.43212       -0.74607   2   5
        1.43212       -0.73906   2   6
        1.43212       -0.71870   2   7
        1.43212       -0.67069   2   8
        1.43212       -0.66304   2   9
        1.43212       -0.63049   2  10
        1.43212       -0.56995   2  11
        1.43212       -0.53570   2  12
        1.43212       -0.51494   2  13
        1.43212       -0.46981   2  14
        1.43212       -0.45635   2  15
        1.43212       -0.42538   2  16
        1.43212       -0.38665   2  17
        1.43212       -0.37248   2  18
        1.43212       -0.36845   2  19
        1.43212       -0.34534   2  20
        1.43212       -0.31902   2  21
        1.43212       -0.27888   2  22
        1.43212       -0.26667   2  23
        1.43212       -0.26271   2  24
        1.43212       -0.25483   2  25
        1.43212       -0.25177   2  26
        1.43212       -0.24011   2  27
        1.43212       -0.13244   2  28
        1.43212       -0.09915   2  29
        1.43212       -0.02272   2  30
        1.43212        0.00261   2  31
        1.43212        0.05365   2  32
        1.43212        0.09465   2  33
        1.43212        0.14037   2  34
        1.43212        0.17752   2  35
        1.43212        0.19072   2  36
        1.43212        0.25368   2  37
        1.43212        0.30683   2  38
        1.43212        0.31296   2  39
        1.43212        0.36171   2  40
        1.43212        0.38871   2  41
        1.43212        0.45258   2  42
        1.43212        0.45516   2  43
        1.43212        0.51875   2  44
        1.43212        0.51941   2  45
        1.43212        0.56979   2  46
        1.43212        0.60576   2  47
        1.43212        0.62828   2  48
        1.43212        0.65137   2  49
        1.43212        0.65698   2  50
        1.43212        0.83520   2  51
        1.43212        0.97491   2  52
        1.43212        0.98879   2  53
        1.43212        1.18049   2  54
        1.43212        1.18857   2  55
        1.47140       -0.86441   2   1
        1.47140       -0.82828   2   2
        1.47140       -0.78285   2   3
        1.47140       -0.74603   2   4
        1.47140       -0.74496   2   5
        1.47140       -0.72688   2   6
        1.47140       -0.70450   2   7
        1.47140       -0.67054   2   8
        1.47140       -0.65234   2   9
        1.47140       -0.62870   2  10
        1.47140       -0.58349   2  11
        1.47140       -0.54219   2  12
        1.47140       -0.52381   2  13
        1.47140       -0.45804   2  14
        1.47140       -0.45288   2  15
        1.47140       -0.41511   2  16
        1.47140       -0.38508   2  17
        1.47140       -0.37125   2  18
        1.47140       -0.37119   2  19
        1.47140       -0.34263   2  20
        1.47140       -0.31765   2  21
        1.47140       -0.28262   2  22
        1.47140       -0.27619   2  23
        1.47140       -0.26857   2  24
        1.47140       -0.26195   2  25
        1.47140       -0.25344   2  26
        1.47140       -0.24871   2  27
        1.47140       -0.15830   2  28
        1.47140       -0.12413   2  29
        1.47140       -0.04501   2  30
        1.47140       -0.02252   2  31
        1.47140        0.03342   2  32
        1.47140        0.07097   2  33
        1.47140        0.16322   2  34
        1.47140        0.17226   2  35
        1.47140        0.18271   2  36
        1.47140        0.26064   2  37
        1.47140        0.29345   2  38
        1.47140        0.30626   2  39
        1.47140        0.40712   2  40
        1.47140        0.41812   2  41
        1.47140        0.45318   2  42
        1.47140        0.53267   2  43
        1.47140        0.53424   2  44
        1.47140        0.59182   2  45
        1.47140        0.59915   2  46
        1.47140        0.60472   2  47
        1.47140        0.64857   2  48
        1.47140        0.67997   2  49
        1.47140        0.73158   2  50
        1.47140        0.85022   2  51
        1.47140        1.06448   2  52
        1.47140        1.07081   2  53
        1.47140        1.18608   2  54
        1.47140        1.24571   2  55
        1.51069       -0.87615   2   1
        1.51069       -0.83143   2   2
        1.51069       -0.78520   2   3
        1.51069       -0.73914   2   4
        1.51069       -0.72900   2   5
        1.51069       -0.71089   2   6
        1.51069       -0.69097   2   7
        1.51069       -0.66844   2   8
        1.51069       -0.64239   2   9
        1.51069       -0.62893   2  10
        1.51069       -0.59456   2  11
        1.51069       -0.54790   2  12
        1.51069       -0.53251   2  13
        1.51069       -0.44909   2  14
        1.51069       -0.44604   2  15
        1.51069       -0.40566   2  16
        1.51069       -0.38269   2  17
        1.51069       -0.37406   2  18
        1.51069       -0.37198   2  19
        1.51069       -0.34008   2  20
        1.51069       -0.31744   2  21
        1.51069       -0.29547   2  22
        1.51069       -0.28672   2  23
        1.51069       -0.27037   2  24
        1.51069       -0.26702   2  25
        1.51069       -0.25835   2  26
        1.51069       -0.24490   2  27
        1.51069       -0.18132   2  28
        1.51069       -0.14559   2  29
        1.51069       -0.06485   2  30
        1.51069       -0.04386   2  31
        1.51069        0.01633   2  32
        1.51069        0.04972   2  33
        1.51069        0.14001   2  34
        1.51069        0.16222   2  35
        1.51069        0.22478   2  36
        1.51069        0.26248   2  37
        1.51069        0.28238   2  38
        1.51069        0.30126   2  39
        1.51069        0.42188   2  40
        1.51069        0.46027   2  41
        1.51069        0.47646   2  42
        1.51069        0.53840   2  43
        1.51069        0.60559   2  44
        1.51069        0.61015   2  45
        1.51069        0.63851   2  46
        1.51069        0.66128   2  47
        1.51069        0.66596   2  48
        1.51069        0.72617   2  49
        1.51069        0.80760   2  50
        1.51069        0.86671   2  51
        1.51069        1.10452   2  52
        1.51069        1.15579   2  53
        1.51069        1.21727   2  54
        1.51069        1.28892   2  55
        1.54997       -0.88728   2   1
        1.54997       -0.83673   2   2
        1.54997       -0.78592   2   3
        1.54997       -0.72823   2   4
        1.54997       -0.71444   2   5
        1.54997       -0.69748   2   6
        1.54997       -0.67872   2   7
        1.54997       -0.66202   2   8
        1.54997       -0.63335   2   9
        1.54997       -0.63176   2  10
        1.54997       -0.60272   2  11
        1.54997       -0.55270   2  12
        1.54997       -0.54040   2  13
        1.54997       -0.44521   2  14
        1.54997       -0.43410   2  15
        1.54997       -0.39801   2  16
        1.54997       -0.38033   2  17
        1.54997       -0.37654   2  18
        1.54997       -0.37351   2  19
        1.54997       -0.33861   2  20
        1.54997       -0.31912   2  21
        1.54997       -0.31447   2  22
        1.54997       -0.29095   2  23
        1.54997       -0.27220   2  24
        1.54997       -0.27191   2  25
        1.54997       -0.25968   2  26
        1.54997       -0.24086   2  27
        1.54997       -0.20114   2  28
        1.54997       -0.16351   2  29
        1.54997       -0.08271   2  30
        1.54997       -0.06118   2  31
        1.54997        0.00189   2  32
        1.54997        0.03163   2  33
        1.54997        0.11954   2  34
        1.54997        0.15187   2  35
        1.54997        0.24907   2  36
        1.54997        0.26498   2  37
        1.54997        0.28011   2  38
        1.54997        0.30780   2  39
        1.54997        0.42575   2  40
        1.54997        0.47312   2  41
        1.54997        0.53235   2  42
        1.54997        0.54277   2  43
        1.54997        0.62783   2  44
        1.54997        0.66153   2  45
        1.54997        0.66962   2  46
        1.54997        0.69804   2  47
        1.54997        0.71990   2  48
        1.54997        0.78116   2  49
        1.54997        0.87644   2  50
        1.54997        0.88236   2  51
        1.54997        1.08507   2  52
        1.54997        1.23943   2  53
        1.54997        1.28251   2  54
        1.54997        1.31369   2  55
        1.58926       -0.89682   2   1
        1.58926       -0.84230   2   2
        1.58926       -0.78537   2   3
        1.58926       -0.71570   2   4
        1.58926       -0.70201   2   5
        1.58926       -0.68977   2   6
        1.58926       -0.66833   2   7
        1.58926       -0.65055   2   8
        1.58926       -0.63693   2   9
        1.58926       -0.62575   2  10
        1.58926       -0.60812   2  11
        1.58926       -0.55656   2  12
        1.58926       -0.54708   2  13
        1.58926       -0.44140   2  14
        1.58926       -0.42262   2  15
        1.58926       -0.39253   2  16
        1.58926       -0.38151   2  17
        1.58926       -0.37536   2  18
        1.58926       -0.37481   2  19
        1.58926       -0.34029   2  20
        1.58926       -0.33080   2  21
        1.58926       -0.32039   2  22
        1.58926       -0.29505   2  23
        1.58926       -0.27571   2  24
        1.58926       -0.27314   2  25
        1.58926       -0.26156   2  26
        1.58926       -0.23699   2  27
        1.58926       -0.21623   2  28
        1.58926       -0.17750   2  29
        1.58926       -0.09637   2  30
        1.58926       -0.07460   2  31
        1.58926       -0.00927   2  32
        1.58926        0.01707   2  33
        1.58926        0.10274   2  34
        1.58926        0.14249   2  35
        1.58926        0.23457   2  36
        1.58926        0.27536   2  37
        1.58926        0.30106   2  38
        1.58926        0.32326   2  39
        1.58926        0.42555   2  40
        1.58926        0.47657   2  41
        1.58926        0.55860   2  42
        1.58926        0.58067   2  43
        1.58926        0.64262   2  44
        1.58926        0.69822   2  45
        1.58926        0.70255   2  46
        1.58926        0.73892   2  47
        1.58926        0.76535   2  48
        1.58926        0.84175   2  49
        1.58926        0.89769   2  50
        1.58926        0.93360   2  51
        1.58926        1.05775   2  52
        1.58926        1.31122   2  53
        1.58926        1.32441   2  54
        1.58926        1.34067   2  55
        1.62854       -0.90409   2   1
        1.62854       -0.84686   2   2
        1.62854       -0.78455   2   3
        1.62854       -0.70330   2   4
        1.62854       -0.69244   2   5
        1.62854       -0.68613   2   6
        1.62854       -0.66037   2   7
        1.62854       -0.64469   2   8
        1.62854       -0.63640   2   9
        1.62854       -0.62012   2  10
        1.62854       -0.61158   2  11
        1.62854       -0.55939   2  12
        1.62854       -0.55221   2  13
        1.62854       -0.43807   2  14
        1.62854       -0.41224   2  15
        1.62854       -0.38924   2  16
        1.62854       -0.38418   2  17
        1.62854       -0.37498   2  18
        1.62854       -0.37270   2  19
        1.62854       -0.34644   2  20
        1.62854       -0.34351   2  21
        1.62854       -0.31917   2  22
        1.62854       -0.29858   2  23
        1.62854       -0.27769   2  24
        1.62854       -0.27401   2  25
        1.62854       -0.26495   2  26
        1.62854       -0.23372   2  27
        1.62854       -0.22568   2  28
        1.62854       -0.18746   2  29
        1.62854       -0.10593   2  30
        1.62854       -0.08404   2  31
        1.62854       -0.01725   2  32
        1.62854        0.00652   2  33
        1.62854        0.09023   2  34
        1.62854        0.13522   2  35
        1.62854        0.22349   2  36
        1.62854        0.27085   2  37
        1.62854        0.33022   2  38
        1.62854        0.33933   2  39
        1.62854        0.42453   2  40
        1.62854        0.47319   2  41
        1.62854        0.58219   2  42
        1.62854        0.61671   2  43
        1.62854        0.64920   2  44
        1.62854        0.72540   2  45
        1.62854        0.73058   2  46
        1.62854        0.77896   2  47
        1.62854        0.79759   2  48
        1.62854        0.87616   2  49
        1.62854        0.93477   2  50
        1.62854        0.97612   2  51
        1.62854        1.03591   2  52
        1.62854        1.32644   2  53
        1.62854        1.36639   2  54
        1.62854        1.38212   2  55
        1.66782       -0.90865   2   1
        1.66782       -0.84977   2   2
        1.66782       -0.78395   2   3
        1.66782       -0.69296   2   4
        1.66782       -0.68641   2   5
        1.66782       -0.68453   2   6
        1.66782       -0.65538   2   7
        1.66782       -0.65067   2   8
        1.66782       -0.62657   2   9
        1.66782       -0.61656   2  10
        1.66782       -0.61397   2  11
        1.66782       -0.56108   2  12
        1.66782       -0.55551   2  13
        1.66782       -0.43573   2  14
        1.66782       -0.40455   2  15
        1.66782       -0.38762   2  16
        1.66782       -0.38628   2  17
        1.66782       -0.37295   2  18
        1.66782       -0.37072   2  19
        1.66782       -0.35528   2  20
        1.66782       -0.35176   2  21
        1.66782       -0.31716   2  22
        1.66782       -0.30099   2  23
        1.66782       -0.27725   2  24
        1.66782       -0.27453   2  25
        1.66782       -0.26970   2  26
        1.66782       -0.23155   2  27
        1.66782       -0.23030   2  28
        1.66782       -0.19344   2  29
        1.66782       -0.11191   2  30
        1.66782       -0.08961   2  31
        1.66782       -0.02236   2  32
        1.66782        0.00019   2  33
        1.66782        0.08251   2  34
        1.66782        0.13068   2  35
        1.66782        0.21678   2  36
        1.66782        0.26788   2  37
        1.66782        0.34935   2  38
        1.66782        0.35144   2  39
        1.66782        0.42390   2  40
        1.66782        0.46967   2  41
        1.66782        0.60463   2  42
        1.66782        0.63840   2  43
        1.66782        0.64839   2  44
        1.66782        0.74505   2  45
        1.66782        0.74687   2  46
        1.66782        0.81076   2  47
        1.66782        0.81739   2  48
        1.66782        0.87759   2  49
        1.66782        0.98276   2  50
        1.66782        1.00244   2  51
        1.66782        1.02107   2  52
        1.66782        1.32374   2  53
        1.66782        1.40064   2  54
        1.66782        1.40526   2  55
        1.70711       -0.91020   2   1
        1.70711       -0.85076   2   2
        1.70711       -0.78375   2   3
        1.70711       -0.68819   2   4
        1.70711       -0.68436   2   5
        1.70711       -0.68436   2   6
        1.70711       -0.65368   2   7
        1.70711       -0.65368   2   8
        1.70711       -0.62235   2   9
        1.70711       -0.61528   2  10
        1.70711       -0.61528   2  11
        1.70711       -0.56163   2  12
        1.70711       -0.55666   2  13
        1.70711       -0.43487   2  14
        1.70711       -0.40172   2  15
        1.70711       -0.38711   2  16
        1.70711       -0.38711   2  17
        1.70711       -0.37000   2  18
        1.70711       -0.37000   2  19
        1.70711       -0.36096   2  20
        1.70711       -0.35474   2  21
        1.70711       -0.31632   2  22
        1.70711       -0.30184   2  23
        1.70711       -0.27470   2  24
        1.70711       -0.27470   2  25
        1.70711       -0.27393   2  26
        1.70711       -0.23168   2  27
        1.70711       -0.23073   2  28
        1.70711       -0.19544   2  29
        1.70711       -0.11397   2  30
        1.70711       -0.09146   2  31
        1.70711       -0.02418   2  32
        1.70711       -0.00192   2  33
        1.70711        0.07990   2  34
        1.70711        0.12915   2  35
        1.70711        0.21453   2  36
        1.70711        0.26684   2  37
        1.70711        0.35600   2  38
        1.70711        0.35600   2  39
        1.70711        0.42375   2  40
        1.70711        0.46835   2  41
        1.70711        0.61551   2  42
        1.70711        0.64557   2  43
        1.70711        0.64557   2  44
        1.70711        0.75215   2  45
        1.70711        0.75215   2  46
        1.70711        0.82423   2  47
        1.70711        0.82423   2  48
        1.70711        0.87432   2  49
        1.70711        1.00590   2  50
        1.70711        1.01143   2  51
        1.70711        1.01143   2  52
        1.70711        1.32173   2  53
        1.70711        1.41219   2  54
        1.70711        1.41219   2  55
        1.70711       -0.91020   2   1
        1.70711       -0.85076   2   2
        1.70711       -0.78375   2   3
        1.70711       -0.68819   2   4
        1.70711       -0.68436   2   5
        1.70711       -0.68436   2   6
        1.70711       -0.65368   2   7
        1.70711       -0.65368   2   8
        1.70711       -0.62235   2   9
        1.70711       -0.61528   2  10
        1.70711       -0.61528   2  11
        1.70711       -0.56163   2  12
        1.70711       -0.55666   2  13
        1.70711       -0.43487   2  14
        1.70711       -0.40172   2  15
        1.70711       -0.38711   2  16
        1.70711       -0.38711   2  17
        1.70711       -0.37000   2  18
        1.70711       -0.37000   2  19
        1.70711       -0.36096   2  20
        1.70711       -0.35474   2  21
        1.70711       -0.31632   2  22
        1.70711       -0.30184   2  23
        1.70711       -0.27470   2  24
        1.70711       -0.27470   2  25
        1.70711       -0.27393   2  26
        1.70711       -0.23168   2  27
        1.70711       -0.23073   2  28
        1.70711       -0.19544   2  29
        1.70711       -0.11397   2  30
        1.70711       -0.09146   2  31
        1.70711       -0.02418   2  32
        1.70711       -0.00192   2  33
        1.70711        0.07990   2  34
        1.70711        0.12915   2  35
        1.70711        0.21453   2  36
        1.70711        0.26684   2  37
        1.70711        0.35600   2  38
        1.70711        0.35600   2  39
        1.70711        0.42375   2  40
        1.70711        0.46835   2  41
        1.70711        0.61551   2  42
        1.70711        0.64557   2  43
        1.70711        0.64557   2  44
        1.70711        0.75215   2  45
        1.70711        0.75215   2  46
        1.70711        0.82423   2  47
        1.70711        0.82423   2  48
        1.70711        0.87432   2  49
        1.70711        1.00590   2  50
        1.70711        1.01143   2  51
        1.70711        1.01143   2  52
        1.70711        1.32173   2  53
        1.70711        1.41219   2  54
        1.70711        1.41219   2  55
        1.73653       -0.91020   2   1
        1.73653       -0.85077   2   2
        1.73653       -0.78374   2   3
        1.73653       -0.68822   2   4
        1.73653       -0.68436   2   5
        1.73653       -0.68436   2   6
        1.73653       -0.65368   2   7
        1.73653       -0.65368   2   8
        1.73653       -0.62233   2   9
        1.73653       -0.61528   2  10
        1.73653       -0.61528   2  11
        1.73653       -0.56163   2  12
        1.73653       -0.55667   2  13
        1.73653       -0.43487   2  14
        1.73653       -0.40172   2  15
        1.73653       -0.38711   2  16
        1.73653       -0.38711   2  17
        1.73653       -0.37000   2  18
        1.73653       -0.37000   2  19
        1.73653       -0.36095   2  20
        1.73653       -0.35476   2  21
        1.73653       -0.31632   2  22
        1.73653       -0.30184   2  23
        1.73653       -0.27470   2  24
        1.73653       -0.27470   2  25
        1.73653       -0.27389   2  26
        1.73653       -0.23219   2  27
        1.73653       -0.23073   2  28
        1.73653       -0.19461   2  29
        1.73653       -0.11714   2  30
        1.73653       -0.08425   2  31
        1.73653       -0.03922   2  32
        1.73653        0.01355   2  33
        1.73653        0.07150   2  34
        1.73653        0.13599   2  35
        1.73653        0.20337   2  36
        1.73653        0.28050   2  37
        1.73653        0.35600   2  38
        1.73653        0.35600   2  39
        1.73653        0.40197   2  40
        1.73653        0.49145   2  41
        1.73653        0.60837   2  42
        1.73653        0.64557   2  43
        1.73653        0.64557   2  44
        1.73653        0.75215   2  45
        1.73653        0.75215   2  46
        1.73653        0.82423   2  47
        1.73653        0.82423   2  48
        1.73653        0.87451   2  49
        1.73653        1.00591   2  50
        1.73653        1.01143   2  51
        1.73653        1.01143   2  52
        1.73653        1.32175   2  53
        1.73653        1.41219   2  54
        1.73653        1.41219   2  55
        1.76595       -0.91020   2   1
        1.76595       -0.85077   2   2
        1.76595       -0.78373   2   3
        1.76595       -0.68824   2   4
        1.76595       -0.68436   2   5
        1.76595       -0.68436   2   6
        1.76595       -0.65368   2   7
        1.76595       -0.65368   2   8
        1.76595       -0.62231   2   9
        1.76595       -0.61528   2  10
        1.76595       -0.61528   2  11
        1.76595       -0.56163   2  12
        1.76595       -0.55667   2  13
        1.76595       -0.43487   2  14
        1.76595       -0.40172   2  15
        1.76595       -0.38711   2  16
        1.76595       -0.38711   2  17
        1.76595       -0.37000   2  18
        1.76595       -0.37000   2  19
        1.76595       -0.36093   2  20
        1.76595       -0.35478   2  21
        1.76595       -0.31632   2  22
        1.76595       -0.30184   2  23
        1.76595       -0.27470   2  24
        1.76595       -0.27470   2  25
        1.76595       -0.27385   2  26
        1.76595       -0.23268   2  27
        1.76595       -0.23073   2  28
        1.76595       -0.19380   2  29
        1.76595       -0.11954   2  30
        1.76595       -0.07489   2  31
        1.76595       -0.05245   2  32
        1.76595        0.02666   2  33
        1.76595        0.06149   2  34
        1.76595        0.14303   2  35
        1.76595        0.19348   2  36
        1.76595        0.29343   2  37
        1.76595        0.35600   2  38
        1.76595        0.35600   2  39
        1.76595        0.38524   2  40
        1.76595        0.50964   2  41
        1.76595        0.59962   2  42
        1.76595        0.64557   2  43
        1.76595        0.64557   2  44
        1.76595        0.75215   2  45
        1.76595        0.75215   2  46
        1.76595        0.82423   2  47
        1.76595        0.82423   2  48
        1.76595        0.87470   2  49
        1.76595        1.00592   2  50
        1.76595        1.01143   2  51
        1.76595        1.01143   2  52
        1.76595        1.32177   2  53
        1.76595        1.41219   2  54
        1.76595        1.41219   2  55
        1.76595       -0.91020   2   1
        1.76595       -0.85077   2   2
        1.76595       -0.78373   2   3
        1.76595       -0.68824   2   4
        1.76595       -0.68436   2   5
        1.76595       -0.68436   2   6
        1.76595       -0.65368   2   7
        1.76595       -0.65368   2   8
        1.76595       -0.62231   2   9
        1.76595       -0.61528   2  10
        1.76595       -0.61528   2  11
        1.76595       -0.56163   2  12
        1.76595       -0.55667   2  13
        1.76595       -0.43487   2  14
        1.76595       -0.40172   2  15
        1.76595       -0.38711   2  16
        1.76595       -0.38711   2  17
        1.76595       -0.37000   2  18
        1.76595       -0.37000   2  19
        1.76595       -0.36093   2  20
        1.76595       -0.35478   2  21
        1.76595       -0.31632   2  22
        1.76595       -0.30184   2  23
        1.76595       -0.27470   2  24
        1.76595       -0.27470   2  25
        1.76595       -0.27385   2  26
        1.76595       -0.23268   2  27
        1.76595       -0.23073   2  28
        1.76595       -0.19380   2  29
        1.76595       -0.11954   2  30
        1.76595       -0.07489   2  31
        1.76595       -0.05245   2  32
        1.76595        0.02666   2  33
        1.76595        0.06149   2  34
        1.76595        0.14303   2  35
        1.76595        0.19348   2  36
        1.76595        0.29343   2  37
        1.76595        0.35600   2  38
        1.76595        0.35600   2  39
        1.76595        0.38524   2  40
        1.76595        0.50964   2  41
        1.76595        0.59962   2  42
        1.76595        0.64557   2  43
        1.76595        0.64557   2  44
        1.76595        0.75215   2  45
        1.76595        0.75215   2  46
        1.76595        0.82423   2  47
        1.76595        0.82423   2  48
        1.76595        0.87470   2  49
        1.76595        1.00592   2  50
        1.76595        1.01143   2  51
        1.76595        1.01143   2  52
        1.76595        1.32177   2  53
        1.76595        1.41219   2  54
        1.76595        1.41219   2  55
        1.80761       -0.90846   2   1
        1.80761       -0.84966   2   2
        1.80761       -0.78399   2   3
        1.80761       -0.69390   2   4
        1.80761       -0.68706   2   5
        1.80761       -0.68405   2   6
        1.80761       -0.65357   2   7
        1.80761       -0.65206   2   8
        1.80761       -0.62754   2   9
        1.80761       -0.61547   2  10
        1.80761       -0.61452   2  11
        1.80761       -0.56105   2  12
        1.80761       -0.55535   2  13
        1.80761       -0.43580   2  14
        1.80761       -0.40471   2  15
        1.80761       -0.38853   2  16
        1.80761       -0.38534   2  17
        1.80761       -0.37582   2  18
        1.80761       -0.36783   2  19
        1.80761       -0.35518   2  20
        1.80761       -0.35149   2  21
        1.80761       -0.31721   2  22
        1.80761       -0.30090   2  23
        1.80761       -0.27873   2  24
        1.80761       -0.27252   2  25
        1.80761       -0.26997   2  26
        1.80761       -0.23151   2  27
        1.80761       -0.23126   2  28
        1.80761       -0.19157   2  29
        1.80761       -0.11733   2  30
        1.80761       -0.07259   2  31
        1.80761       -0.05059   2  32
        1.80761        0.02924   2  33
        1.80761        0.06371   2  34
        1.80761        0.14584   2  35
        1.80761        0.19473   2  36
        1.80761        0.29569   2  37
        1.80761        0.33940   2  38
        1.80761        0.36034   2  39
        1.80761        0.38522   2  40
        1.80761        0.51204   2  41
        1.80761        0.58691   2  42
        1.80761        0.63887   2  43
        1.80761        0.64688   2  44
        1.80761        0.74107   2  45
        1.80761        0.74922   2  46
        1.80761        0.80840   2  47
        1.80761        0.81768   2  48
        1.80761        0.87775   2  49
        1.80761        0.98259   2  50
        1.80761        0.99788   2  51
        1.80761        1.02259   2  52
        1.80761        1.32375   2  53
        1.80761        1.39642   2  54
        1.80761        1.40788   2  55
        1.84928       -0.90339   2   1
        1.84928       -0.84649   2   2
        1.84928       -0.78512   2   3
        1.84928       -0.70744   2   4
        1.84928       -0.69587   2   5
        1.84928       -0.68313   2   6
        1.84928       -0.65325   2   7
        1.84928       -0.64911   2   8
        1.84928       -0.64083   2   9
        1.84928       -0.61604   2  10
        1.84928       -0.61241   2  11
        1.84928       -0.55965   2  12
        1.84928       -0.55128   2  13
        1.84928       -0.43793   2  14
        1.84928       -0.41177   2  15
        1.84928       -0.39268   2  16
        1.84928       -0.38469   2  17
        1.84928       -0.38058   2  18
        1.84928       -0.36327   2  19
        1.84928       -0.34681   2  20
        1.84928       -0.34256   2  21
        1.84928       -0.31905   2  22
        1.84928       -0.29839   2  23
        1.84928       -0.28361   2  24
        1.84928       -0.26689   2  25
        1.84928       -0.26606   2  26
        1.84928       -0.23360   2  27
        1.84928       -0.22646   2  28
        1.84928       -0.18500   2  29
        1.84928       -0.11108   2  30
        1.84928       -0.06578   2  31
        1.84928       -0.04555   2  32
        1.84928        0.03644   2  33
        1.84928        0.07019   2  34
        1.84928        0.15433   2  35
        1.84928        0.19796   2  36
        1.84928        0.29428   2  37
        1.84928        0.30477   2  38
        1.84928        0.37312   2  39
        1.84928        0.38480   2  40
        1.84928        0.51965   2  41
        1.84928        0.54647   2  42
        1.84928        0.62501   2  43
        1.84928        0.65062   2  44
        1.84928        0.70750   2  45
        1.84928        0.74082   2  46
        1.84928        0.76964   2  47
        1.84928        0.79967   2  48
        1.84928        0.87415   2  49
        1.84928        0.93157   2  50
        1.84928        0.96123   2  51
        1.84928        1.03557   2  52
        1.84928        1.32410   2  53
        1.84928        1.35465   2  54
        1.84928        1.39398   2  55
        1.89095       -0.89540   2   1
        1.89095       -0.84192   2   2
        1.89095       -0.78796   2   3
        1.89095       -0.72543   2   4
        1.89095       -0.70936   2   5
        1.89095       -0.68162   2   6
        1.89095       -0.66108   2   7
        1.89095       -0.65273   2   8
        1.89095       -0.64363   2   9
        1.89095       -0.61698   2  10
        1.89095       -0.60893   2  11
        1.89095       -0.55795   2  12
        1.89095       -0.54467   2  13
        1.89095       -0.43994   2  14
        1.89095       -0.42044   2  15
        1.89095       -0.39906   2  16
        1.89095       -0.39323   2  17
        1.89095       -0.37438   2  18
        1.89095       -0.35886   2  19
        1.89095       -0.33931   2  20
        1.89095       -0.32899   2  21
        1.89095       -0.32053   2  22
        1.89095       -0.29546   2  23
        1.89095       -0.28849   2  24
        1.89095       -0.26343   2  25
        1.89095       -0.25954   2  26
        1.89095       -0.23634   2  27
        1.89095       -0.21728   2  28
        1.89095       -0.17427   2  29
        1.89095       -0.10120   2  30
        1.89095       -0.05480   2  31
        1.89095       -0.03778   2  32
        1.89095        0.04730   2  33
        1.89095        0.08010   2  34
        1.89095        0.16845   2  35
        1.89095        0.19973   2  36
        1.89095        0.24101   2  37
        1.89095        0.31517   2  38
        1.89095        0.38291   2  39
        1.89095        0.39382   2  40
        1.89095        0.48278   2  41
        1.89095        0.53209   2  42
        1.89095        0.60581   2  43
        1.89095        0.65219   2  44
        1.89095        0.65601   2  45
        1.89095        0.71227   2  46
        1.89095        0.72824   2  47
        1.89095        0.77463   2  48
        1.89095        0.84951   2  49
        1.89095        0.86163   2  50
        1.89095        0.91377   2  51
        1.89095        1.04345   2  52
        1.89095        1.29936   2  53
        1.89095        1.31642   2  54
        1.89095        1.36879   2  55
        1.93261       -0.88531   2   1
        1.93261       -0.83790   2   2
        1.93261       -0.79285   2   3
        1.93261       -0.74462   2   4
        1.93261       -0.72660   2   5
        1.93261       -0.67957   2   6
        1.93261       -0.67861   2   7
        1.93261       -0.65203   2   8
        1.93261       -0.64083   2   9
        1.93261       -0.61830   2  10
        1.93261       -0.60391   2  11
        1.93261       -0.55639   2  12
        1.93261       -0.53608   2  13
        1.93261       -0.44051   2  14
        1.93261       -0.42952   2  15
        1.93261       -0.40694   2  16
        1.93261       -0.40086   2  17
        1.93261       -0.36799   2  18
        1.93261       -0.35594   2  19
        1.93261       -0.33260   2  20
        1.93261       -0.32105   2  21
        1.93261       -0.31190   2  22
        1.93261       -0.29511   2  23
        1.93261       -0.29053   2  24
        1.93261       -0.26230   2  25
        1.93261       -0.25188   2  26
        1.93261       -0.23895   2  27
        1.93261       -0.20366   2  28
        1.93261       -0.15943   2  29
        1.93261       -0.08766   2  30
        1.93261       -0.04016   2  31
        1.93261       -0.02688   2  32
        1.93261        0.06085   2  33
        1.93261        0.09126   2  34
        1.93261        0.16477   2  35
        1.93261        0.18819   2  36
        1.93261        0.22028   2  37
        1.93261        0.32649   2  38
        1.93261        0.37280   2  39
        1.93261        0.41603   2  40
        1.93261        0.42177   2  41
        1.93261        0.53729   2  42
        1.93261        0.55497   2  43
        1.93261        0.60706   2  44
        1.93261        0.63768   2  45
        1.93261        0.66120   2  46
        1.93261        0.71330   2  47
        1.93261        0.74817   2  48
        1.93261        0.76638   2  49
        1.93261        0.82059   2  50
        1.93261        0.87175   2  51
        1.93261        1.03587   2  52
        1.93261        1.24291   2  53
        1.93261        1.29789   2  54
        1.93261        1.33166   2  55
        1.97428       -0.87479   2   1
        1.97428       -0.83922   2   2
        1.97428       -0.79788   2   3
        1.97428       -0.75994   2   4
        1.97428       -0.74801   2   5
        1.97428       -0.68949   2   6
        1.97428       -0.67706   2   7
        1.97428       -0.65120   2   8
        1.97428       -0.63981   2   9
        1.97428       -0.62000   2  10
        1.97428       -0.59742   2  11
        1.97428       -0.55536   2  12
        1.97428       -0.52605   2  13
        1.97428       -0.43848   2  14
        1.97428       -0.43840   2  15
        1.97428       -0.41557   2  16
        1.97428       -0.40707   2  17
        1.97428       -0.36306   2  18
        1.97428       -0.35506   2  19
        1.97428       -0.32661   2  20
        1.97428       -0.32062   2  21
        1.97428       -0.29689   2  22
        1.97428       -0.29214   2  23
        1.97428       -0.28990   2  24
        1.97428       -0.26179   2  25
        1.97428       -0.24461   2  26
        1.97428       -0.24068   2  27
        1.97428       -0.18719   2  28
        1.97428       -0.14036   2  29
        1.97428       -0.07203   2  30
        1.97428       -0.02269   2  31
        1.97428       -0.01378   2  32
        1.97428        0.07525   2  33
        1.97428        0.08678   2  34
        1.97428        0.12136   2  35
        1.97428        0.21223   2  36
        1.97428        0.22599   2  37
        1.97428        0.30194   2  38
        1.97428        0.35713   2  39
        1.97428        0.38470   2  40
        1.97428        0.44490   2  41
        1.97428        0.45602   2  42
        1.97428        0.53324   2  43
        1.97428        0.56386   2  44
        1.97428        0.59402   2  45
        1.97428        0.66292   2  46
        1.97428        0.67815   2  47
        1.97428        0.69748   2  48
        1.97428        0.72489   2  49
        1.97428        0.77667   2  50
        1.97428        0.84574   2  51
        1.97428        1.00371   2  52
        1.97428        1.19021   2  53
        1.97428        1.26546   2  54
        1.97428        1.28335   2  55
        2.01595       -0.86725   2   1
        2.01595       -0.84964   2   2
        2.01595       -0.80215   2   3
        2.01595       -0.77417   2   4
        2.01595       -0.76088   2   5
        2.01595       -0.69267   2   6
        2.01595       -0.67417   2   7
        2.01595       -0.65026   2   8
        2.01595       -0.64120   2   9
        2.01595       -0.62208   2  10
        2.01595       -0.59018   2  11
        2.01595       -0.55529   2  12
        2.01595       -0.51511   2  13
        2.01595       -0.44670   2  14
        2.01595       -0.43304   2  15
        2.01595       -0.42434   2  16
        2.01595       -0.41159   2  17
        2.01595       -0.36078   2  18
        2.01595       -0.35624   2  19
        2.01595       -0.32094   2  20
        2.01595       -0.31945   2  21
        2.01595       -0.29618   2  22
        2.01595       -0.29021   2  23
        2.01595       -0.27150   2  24
        2.01595       -0.26092   2  25
        2.01595       -0.24121   2  26
        2.01595       -0.23804   2  27
        2.01595       -0.16985   2  28
        2.01595       -0.11699   2  29
        2.01595       -0.05932   2  30
        2.01595       -0.00469   2  31
        2.01595       -0.00201   2  32
        2.01595        0.04017   2  33
        2.01595        0.08835   2  34
        2.01595        0.12708   2  35
        2.01595        0.22504   2  36
        2.01595        0.23935   2  37
        2.01595        0.25131   2  38
        2.01595        0.32798   2  39
        2.01595        0.35235   2  40
        2.01595        0.39256   2  41
        2.01595        0.46693   2  42
        2.01595        0.49528   2  43
        2.01595        0.53586   2  44
        2.01595        0.58324   2  45
        2.01595        0.60599   2  46
        2.01595        0.65830   2  47
        2.01595        0.68149   2  48
        2.01595        0.70641   2  49
        2.01595        0.73678   2  50
        2.01595        0.83795   2  51
        2.01595        0.95146   2  52
        2.01595        1.13859   2  53
        2.01595        1.21678   2  54
        2.01595        1.22607   2  55
        2.05761       -0.86776   2   1
        2.05761       -0.86548   2   2
        2.05761       -0.80373   2   3
        2.05761       -0.79774   2   4
        2.05761       -0.74960   2   5
        2.05761       -0.69094   2   6
        2.05761       -0.67104   2   7
        2.05761       -0.64922   2   8
        2.05761       -0.64492   2   9
        2.05761       -0.62451   2  10
        2.05761       -0.58320   2  11
        2.05761       -0.55683   2  12
        2.05761       -0.50405   2  13
        2.05761       -0.45413   2  14
        2.05761       -0.43258   2  15
        2.05761       -0.42409   2  16
        2.05761       -0.41443   2  17
        2.05761       -0.36049   2  18
        2.05761       -0.35898   2  19
        2.05761       -0.31783   2  20
        2.05761       -0.31514   2  21
        2.05761       -0.29692   2  22
        2.05761       -0.28823   2  23
        2.05761       -0.25973   2  24
        2.05761       -0.24879   2  25
        2.05761       -0.24060   2  26
        2.05761       -0.23252   2  27
        2.05761       -0.15374   2  28
        2.05761       -0.08938   2  29
        2.05761       -0.05762   2  30
        2.05761       -0.01865   2  31
        2.05761        0.01448   2  32
        2.05761        0.03027   2  33
        2.05761        0.09444   2  34
        2.05761        0.14146   2  35
        2.05761        0.19840   2  36
        2.05761        0.23137   2  37
        2.05761        0.25666   2  38
        2.05761        0.27635   2  39
        2.05761        0.34101   2  40
        2.05761        0.37610   2  41
        2.05761        0.42131   2  42
        2.05761        0.50957   2  43
        2.05761        0.53778   2  44
        2.05761        0.55208   2  45
        2.05761        0.56491   2  46
        2.05761        0.64887   2  47
        2.05761        0.66587   2  48
        2.05761        0.69154   2  49
        2.05761        0.71229   2  50
        2.05761        0.84521   2  51
        2.05761        0.89786   2  52
        2.05761        1.08412   2  53
        2.05761        1.15669   2  54
        2.05761        1.16370   2  55
        2.09928       -0.88261   2   1
        2.09928       -0.87581   2   2
        2.09928       -0.82307   2   3
        2.09928       -0.79426   2   4
        2.09928       -0.73057   2   5
        2.09928       -0.68668   2   6
        2.09928       -0.66783   2   7
        2.09928       -0.65054   2   8
        2.09928       -0.64806   2   9
        2.09928       -0.62724   2  10
        2.09928       -0.57733   2  11
        2.09928       -0.56061   2  12
        2.09928       -0.49351   2  13
        2.09928       -0.46045   2  14
        2.09928       -0.43979   2  15
        2.09928       -0.41771   2  16
        2.09928       -0.41150   2  17
        2.09928       -0.36250   2  18
        2.09928       -0.35898   2  19
        2.09928       -0.31604   2  20
        2.09928       -0.30949   2  21
        2.09928       -0.30041   2  22
        2.09928       -0.28305   2  23
        2.09928       -0.25848   2  24
        2.09928       -0.23926   2  25
        2.09928       -0.22819   2  26
        2.09928       -0.22188   2  27
        2.09928       -0.14645   2  28
        2.09928       -0.07751   2  29
        2.09928       -0.05637   2  30
        2.09928       -0.02696   2  31
        2.09928        0.01969   2  32
        2.09928        0.05258   2  33
        2.09928        0.09762   2  34
        2.09928        0.15370   2  35
        2.09928        0.18062   2  36
        2.09928        0.21608   2  37
        2.09928        0.24243   2  38
        2.09928        0.28434   2  39
        2.09928        0.33878   2  40
        2.09928        0.35185   2  41
        2.09928        0.39551   2  42
        2.09928        0.48256   2  43
        2.09928        0.51886   2  44
        2.09928        0.53316   2  45
        2.09928        0.57853   2  46
        2.09928        0.64076   2  47
        2.09928        0.65179   2  48
        2.09928        0.68114   2  49
        2.09928        0.70472   2  50
        2.09928        0.85661   2  51
        2.09928        0.86145   2  52
        2.09928        1.03121   2  53
        2.09928        1.09494   2  54
        2.09928        1.10066   2  55
        2.14095       -0.89774   2   1
        2.14095       -0.88634   2   2
        2.14095       -0.84316   2   3
        2.14095       -0.78234   2   4
        2.14095       -0.70954   2   5
        2.14095       -0.68081   2   6
        2.14095       -0.66478   2   7
        2.14095       -0.65710   2   8
        2.14095       -0.64674   2   9
        2.14095       -0.63018   2  10
        2.14095       -0.57344   2  11
        2.14095       -0.56653   2  12
        2.14095       -0.48369   2  13
        2.14095       -0.46552   2  14
        2.14095       -0.44570   2  15
        2.14095       -0.41977   2  16
        2.14095       -0.40212   2  17
        2.14095       -0.36606   2  18
        2.14095       -0.35163   2  19
        2.14095       -0.31434   2  20
        2.14095       -0.30668   2  21
        2.14095       -0.30197   2  22
        2.14095       -0.27714   2  23
        2.14095       -0.25768   2  24
        2.14095       -0.23766   2  25
        2.14095       -0.22493   2  26
        2.14095       -0.19109   2  27
        2.14095       -0.16326   2  28
        2.14095       -0.08248   2  29
        2.14095       -0.03492   2  30
        2.14095       -0.02072   2  31
        2.14095        0.01138   2  32
        2.14095        0.08268   2  33
        2.14095        0.11213   2  34
        2.14095        0.13673   2  35
        2.14095        0.19153   2  36
        2.14095        0.20514   2  37
        2.14095        0.23550   2  38
        2.14095        0.28241   2  39
        2.14095        0.32770   2  40
        2.14095        0.35298   2  41
        2.14095        0.37265   2  42
        2.14095        0.44618   2  43
        2.14095        0.49995   2  44
        2.14095        0.50497   2  45
        2.14095        0.60021   2  46
        2.14095        0.63848   2  47
        2.14095        0.64322   2  48
        2.14095        0.68814   2  49
        2.14095        0.70847   2  50
        2.14095        0.82813   2  51
        2.14095        0.88004   2  52
        2.14095        0.98842   2  53
        2.14095        1.03964   2  54
        2.14095        1.04111   2  55
        2.18261       -0.90953   2   1
        2.18261       -0.89514   2   2
        2.18261       -0.85869   2   3
        2.18261       -0.76987   2   4
        2.18261       -0.69443   2   5
        2.18261       -0.67169   2   6
        2.18261       -0.66220   2   7
        2.18261       -0.66162   2   8
        2.18261       -0.64519   2   9
        2.18261       -0.63322   2  10
        2.18261       -0.57688   2  11
        2.18261       -0.56909   2  12
        2.18261       -0.47497   2  13
        2.18261       -0.46923   2  14
        2.18261       -0.45011   2  15
        2.18261       -0.42316   2  16
        2.18261       -0.39741   2  17
        2.18261       -0.36905   2  18
        2.18261       -0.33673   2  19
        2.18261       -0.31295   2  20
        2.18261       -0.30855   2  21
        2.18261       -0.29928   2  22
        2.18261       -0.27216   2  23
        2.18261       -0.25637   2  24
        2.18261       -0.23621   2  25
        2.18261       -0.22265   2  26
        2.18261       -0.19247   2  27
        2.18261       -0.15847   2  28
        2.18261       -0.07838   2  29
        2.18261       -0.04841   2  30
        2.18261       -0.00388   2  31
        2.18261        0.02448   2  32
        2.18261        0.08533   2  33
        2.18261        0.12179   2  34
        2.18261        0.14582   2  35
        2.18261        0.19509   2  36
        2.18261        0.21170   2  37
        2.18261        0.22444   2  38
        2.18261        0.26982   2  39
        2.18261        0.31127   2  40
        2.18261        0.35776   2  41
        2.18261        0.36612   2  42
        2.18261        0.40298   2  43
        2.18261        0.48352   2  44
        2.18261        0.49136   2  45
        2.18261        0.60002   2  46
        2.18261        0.63051   2  47
        2.18261        0.64105   2  48
        2.18261        0.71957   2  49
        2.18261        0.72748   2  50
        2.18261        0.80595   2  51
        2.18261        0.89535   2  52
        2.18261        0.96129   2  53
        2.18261        0.98128   2  54
        2.18261        1.00099   2  55
        2.22428       -0.91697   2   1
        2.22428       -0.90064   2   2
        2.22428       -0.86860   2   3
        2.22428       -0.75995   2   4
        2.22428       -0.69097   2   5
        2.22428       -0.66852   2   6
        2.22428       -0.66047   2   7
        2.22428       -0.65194   2   8
        2.22428       -0.64343   2   9
        2.22428       -0.63604   2  10
        2.22428       -0.58667   2  11
        2.22428       -0.56795   2  12
        2.22428       -0.47150   2  13
        2.22428       -0.46837   2  14
        2.22428       -0.45283   2  15
        2.22428       -0.42688   2  16
        2.22428       -0.39609   2  17
        2.22428       -0.37102   2  18
        2.22428       -0.31930   2  19
        2.22428       -0.31204   2  20
        2.22428       -0.30944   2  21
        2.22428       -0.29815   2  22
        2.22428       -0.27148   2  23
        2.22428       -0.25087   2  24
        2.22428       -0.23522   2  25
        2.22428       -0.22135   2  26
        2.22428       -0.21830   2  27
        2.22428       -0.12190   2  28
        2.22428       -0.08973   2  29
        2.22428       -0.04668   2  30
        2.22428       -0.01840   2  31
        2.22428        0.04578   2  32
        2.22428        0.07348   2  33
        2.22428        0.14205   2  34
        2.22428        0.17252   2  35
        2.22428        0.19080   2  36
        2.22428        0.21340   2  37
        2.22428        0.21881   2  38
        2.22428        0.26034   2  39
        2.22428        0.30010   2  40
        2.22428        0.32650   2  41
        2.22428        0.36461   2  42
        2.22428        0.39335   2  43
        2.22428        0.46691   2  44
        2.22428        0.48864   2  45
        2.22428        0.59653   2  46
        2.22428        0.62510   2  47
        2.22428        0.63732   2  48
        2.22428        0.73532   2  49
        2.22428        0.77849   2  50
        2.22428        0.78525   2  51
        2.22428        0.89966   2  52
        2.22428        0.93116   2  53
        2.22428        0.94884   2  54
        2.22428        0.97667   2  55
        2.26595       -0.91951   2   1
        2.26595       -0.90247   2   2
        2.26595       -0.87205   2   3
        2.26595       -0.75598   2   4
        2.26595       -0.69144   2   5
        2.26595       -0.66878   2   6
        2.26595       -0.65985   2   7
        2.26595       -0.64371   2   8
        2.26595       -0.64233   2   9
        2.26595       -0.63753   2  10
        2.26595       -0.59242   2  11
        2.26595       -0.56750   2  12
        2.26595       -0.47226   2  13
        2.26595       -0.46573   2  14
        2.26595       -0.45374   2  15
        2.26595       -0.42867   2  16
        2.26595       -0.39590   2  17
        2.26595       -0.37171   2  18
        2.26595       -0.31207   2  19
        2.26595       -0.31173   2  20
        2.26595       -0.30624   2  21
        2.26595       -0.29983   2  22
        2.26595       -0.27301   2  23
        2.26595       -0.24239   2  24
        2.26595       -0.23488   2  25
        2.26595       -0.23367   2  26
        2.26595       -0.22093   2  27
        2.26595       -0.09775   2  28
        2.26595       -0.09281   2  29
        2.26595       -0.05465   2  30
        2.26595       -0.02792   2  31
        2.26595        0.03415   2  32
        2.26595        0.10216   2  33
        2.26595        0.14100   2  34
        2.26595        0.16695   2  35
        2.26595        0.20456   2  36
        2.26595        0.21047   2  37
        2.26595        0.21833   2  38
        2.26595        0.27925   2  39
        2.26595        0.28037   2  40
        2.26595        0.29662   2  41
        2.26595        0.36484   2  42
        2.26595        0.39790   2  43
        2.26595        0.45956   2  44
        2.26595        0.48827   2  45
        2.26595        0.59508   2  46
        2.26595        0.62324   2  47
        2.26595        0.63576   2  48
        2.26595        0.74733   2  49
        2.26595        0.77169   2  50
        2.26595        0.81222   2  51
        2.26595        0.88046   2  52
        2.26595        0.91906   2  53
        2.26595        0.94568   2  54
        2.26595        0.96855   2  55
        2.26595       -0.91951   2   1
        2.26595       -0.90247   2   2
        2.26595       -0.87205   2   3
        2.26595       -0.75598   2   4
        2.26595       -0.69144   2   5
        2.26595       -0.66878   2   6
        2.26595       -0.65985   2   7
        2.26595       -0.64371   2   8
        2.26595       -0.64233   2   9
        2.26595       -0.63753   2  10
        2.26595       -0.59242   2  11
        2.26595       -0.56750   2  12
        2.26595       -0.47226   2  13
        2.26595       -0.46573   2  14
        2.26595       -0.45374   2  15
        2.26595       -0.42867   2  16
        2.26595       -0.39590   2  17
        2.26595       -0.37171   2  18
        2.26595       -0.31207   2  19
        2.26595       -0.31173   2  20
        2.26595       -0.30624   2  21
        2.26595       -0.29983   2  22
        2.26595       -0.27301   2  23
        2.26595       -0.24239   2  24
        2.26595       -0.23488   2  25
        2.26595       -0.23367   2  26
        2.26595       -0.22093   2  27
        2.26595       -0.09775   2  28
        2.26595       -0.09281   2  29
        2.26595       -0.05465   2  30
        2.26595       -0.02792   2  31
        2.26595        0.03415   2  32
        2.26595        0.10216   2  33
        2.26595        0.14100   2  34
        2.26595        0.16695   2  35
        2.26595        0.20456   2  36
        2.26595        0.21047   2  37
        2.26595        0.21833   2  38
        2.26595        0.27925   2  39
        2.26595        0.28037   2  40
        2.26595        0.29662   2  41
        2.26595        0.36484   2  42
        2.26595        0.39790   2  43
        2.26595        0.45956   2  44
        2.26595        0.48827   2  45
        2.26595        0.59508   2  46
        2.26595        0.62324   2  47
        2.26595        0.63576   2  48
        2.26595        0.74733   2  49
        2.26595        0.77169   2  50
        2.26595        0.81222   2  51
        2.26595        0.88046   2  52
        2.26595        0.91906   2  53
        2.26595        0.94568   2  54
        2.26595        0.96855   2  55
        2.30761       -0.91829   2   1
        2.30761       -0.90147   2   2
        2.30761       -0.87139   2   3
        2.30761       -0.75545   2   4
        2.30761       -0.69129   2   5
        2.30761       -0.67116   2   6
        2.30761       -0.66103   2   7
        2.30761       -0.64549   2   8
        2.30761       -0.64187   2   9
        2.30761       -0.64047   2  10
        2.30761       -0.59114   2  11
        2.30761       -0.56572   2  12
        2.30761       -0.47388   2  13
        2.30761       -0.46777   2  14
        2.30761       -0.45432   2  15
        2.30761       -0.42710   2  16
        2.30761       -0.39518   2  17
        2.30761       -0.36963   2  18
        2.30761       -0.31621   2  19
        2.30761       -0.31591   2  20
        2.30761       -0.30808   2  21
        2.30761       -0.29638   2  22
        2.30761       -0.27341   2  23
        2.30761       -0.25005   2  24
        2.30761       -0.23414   2  25
        2.30761       -0.22699   2  26
        2.30761       -0.21211   2  27
        2.30761       -0.09523   2  28
        2.30761       -0.09006   2  29
        2.30761       -0.05053   2  30
        2.30761       -0.02454   2  31
        2.30761        0.03751   2  32
        2.30761        0.10468   2  33
        2.30761        0.14288   2  34
        2.30761        0.16936   2  35
        2.30761        0.20667   2  36
        2.30761        0.21074   2  37
        2.30761        0.22048   2  38
        2.30761        0.28166   2  39
        2.30761        0.28277   2  40
        2.30761        0.30182   2  41
        2.30761        0.36634   2  42
        2.30761        0.39908   2  43
        2.30761        0.45914   2  44
        2.30761        0.49447   2  45
        2.30761        0.58694   2  46
        2.30761        0.61943   2  47
        2.30761        0.63100   2  48
        2.30761        0.73593   2  49
        2.30761        0.77139   2  50
        2.30761        0.77805   2  51
        2.30761        0.87608   2  52
        2.30761        0.90004   2  53
        2.30761        0.96278   2  54
        2.30761        0.97593   2  55
        2.34928       -0.91468   2   1
        2.34928       -0.89854   2   2
        2.34928       -0.86948   2   3
        2.34928       -0.75400   2   4
        2.34928       -0.69090   2   5
        2.34928       -0.67919   2   6
        2.34928       -0.66430   2   7
        2.34928       -0.65439   2   8
        2.34928       -0.64768   2   9
        2.34928       -0.63648   2  10
        2.34928       -0.58748   2  11
        2.34928       -0.56056   2  12
        2.34928       -0.47794   2  13
        2.34928       -0.47297   2  14
        2.34928       -0.45650   2  15
        2.34928       -0.42302   2  16
        2.34928       -0.39269   2  17
        2.34928       -0.36422   2  18
        2.34928       -0.33176   2  19
        2.34928       -0.32430   2  20
        2.34928       -0.30609   2  21
        2.34928       -0.29142   2  22
        2.34928       -0.27528   2  23
        2.34928       -0.25796   2  24
        2.34928       -0.23358   2  25
        2.34928       -0.21727   2  26
        2.34928       -0.19121   2  27
        2.34928       -0.08787   2  28
        2.34928       -0.08189   2  29
        2.34928       -0.03760   2  30
        2.34928       -0.01444   2  31
        2.34928        0.04659   2  32
        2.34928        0.11222   2  33
        2.34928        0.14813   2  34
        2.34928        0.17660   2  35
        2.34928        0.21075   2  36
        2.34928        0.21268   2  37
        2.34928        0.22694   2  38
        2.34928        0.28873   2  39
        2.34928        0.28988   2  40
        2.34928        0.31651   2  41
        2.34928        0.37006   2  42
        2.34928        0.40260   2  43
        2.34928        0.45708   2  44
        2.34928        0.51103   2  45
        2.34928        0.56203   2  46
        2.34928        0.60785   2  47
        2.34928        0.61802   2  48
        2.34928        0.70410   2  49
        2.34928        0.70499   2  50
        2.34928        0.77724   2  51
        2.34928        0.85978   2  52
        2.34928        0.86039   2  53
        2.34928        0.94703   2  54
        2.34928        1.01795   2  55
        2.39095       -0.90881   2   1
        2.39095       -0.89389   2   2
        2.39095       -0.86657   2   3
        2.39095       -0.75206   2   4
        2.39095       -0.69228   2   5
        2.39095       -0.69045   2   6
        2.39095       -0.67307   2   7
        2.39095       -0.66763   2   8
        2.39095       -0.65344   2   9
        2.39095       -0.62778   2  10
        2.39095       -0.58210   2  11
        2.39095       -0.55237   2  12
        2.39095       -0.48283   2  13
        2.39095       -0.47987   2  14
        2.39095       -0.46036   2  15
        2.39095       -0.41749   2  16
        2.39095       -0.38832   2  17
        2.39095       -0.35767   2  18
        2.39095       -0.35037   2  19
        2.39095       -0.33288   2  20
        2.39095       -0.30207   2  21
        2.39095       -0.28880   2  22
        2.39095       -0.27905   2  23
        2.39095       -0.26138   2  24
        2.39095       -0.23178   2  25
        2.39095       -0.20859   2  26
        2.39095       -0.16524   2  27
        2.39095       -0.07630   2  28
        2.39095       -0.06883   2  29
        2.39095       -0.01833   2  30
        2.39095        0.00218   2  31
        2.39095        0.06023   2  32
        2.39095        0.12492   2  33
        2.39095        0.15617   2  34
        2.39095        0.18910   2  35
        2.39095        0.20912   2  36
        2.39095        0.22186   2  37
        2.39095        0.23776   2  38
        2.39095        0.30029   2  39
        2.39095        0.30167   2  40
        2.39095        0.33802   2  41
        2.39095        0.37393   2  42
        2.39095        0.40899   2  43
        2.39095        0.45096   2  44
        2.39095        0.52290   2  45
        2.39095        0.53222   2  46
        2.39095        0.58957   2  47
        2.39095        0.60013   2  48
        2.39095        0.63069   2  49
        2.39095        0.65754   2  50
        2.39095        0.76354   2  51
        2.39095        0.82601   2  52
        2.39095        0.83147   2  53
        2.39095        0.92284   2  54
        2.39095        1.04385   2  55
        2.43261       -0.90092   2   1
        2.43261       -0.88792   2   2
        2.43261       -0.86305   2   3
        2.43261       -0.75057   2   4
        2.43261       -0.70825   2   5
        2.43261       -0.69062   2   6
        2.43261       -0.68771   2   7
        2.43261       -0.68290   2   8
        2.43261       -0.65529   2   9
        2.43261       -0.61621   2  10
        2.43261       -0.57607   2  11
        2.43261       -0.54164   2  12
        2.43261       -0.48746   2  13
        2.43261       -0.48700   2  14
        2.43261       -0.46524   2  15
        2.43261       -0.41103   2  16
        2.43261       -0.38372   2  17
        2.43261       -0.36919   2  18
        2.43261       -0.34737   2  19
        2.43261       -0.34092   2  20
        2.43261       -0.29731   2  21
        2.43261       -0.29201   2  22
        2.43261       -0.28000   2  23
        2.43261       -0.26148   2  24
        2.43261       -0.22907   2  25
        2.43261       -0.20120   2  26
        2.43261       -0.13777   2  27
        2.43261       -0.06137   2  28
        2.43261       -0.05227   2  29
        2.43261        0.00313   2  30
        2.43261        0.02504   2  31
        2.43261        0.07710   2  32
        2.43261        0.14353   2  33
        2.43261        0.16681   2  34
        2.43261        0.20484   2  35
        2.43261        0.20792   2  36
        2.43261        0.23317   2  37
        2.43261        0.25327   2  38
        2.43261        0.31612   2  39
        2.43261        0.31823   2  40
        2.43261        0.36236   2  41
        2.43261        0.37546   2  42
        2.43261        0.41946   2  43
        2.43261        0.43730   2  44
        2.43261        0.48028   2  45
        2.43261        0.53643   2  46
        2.43261        0.56684   2  47
        2.43261        0.57466   2  48
        2.43261        0.58094   2  49
        2.43261        0.61150   2  50
        2.43261        0.71045   2  51
        2.43261        0.79308   2  52
        2.43261        0.83165   2  53
        2.43261        0.88891   2  54
        2.43261        1.04412   2  55
        2.47428       -0.89144   2   1
        2.47428       -0.88123   2   2
        2.47428       -0.85943   2   3
        2.47428       -0.75162   2   4
        2.47428       -0.72490   2   5
        2.47428       -0.70257   2   6
        2.47428       -0.70065   2   7
        2.47428       -0.68915   2   8
        2.47428       -0.65584   2   9
        2.47428       -0.60253   2  10
        2.47428       -0.57079   2  11
        2.47428       -0.52906   2  12
        2.47428       -0.49484   2  13
        2.47428       -0.48937   2  14
        2.47428       -0.47024   2  15
        2.47428       -0.40329   2  16
        2.47428       -0.39221   2  17
        2.47428       -0.37144   2  18
        2.47428       -0.34762   2  19
        2.47428       -0.33799   2  20
        2.47428       -0.29778   2  21
        2.47428       -0.29258   2  22
        2.47428       -0.27861   2  23
        2.47428       -0.26059   2  24
        2.47428       -0.22566   2  25
        2.47428       -0.19542   2  26
        2.47428       -0.10889   2  27
        2.47428       -0.04388   2  28
        2.47428       -0.03400   2  29
        2.47428        0.02657   2  30
        2.47428        0.05359   2  31
        2.47428        0.09387   2  32
        2.47428        0.16843   2  33
        2.47428        0.18061   2  34
        2.47428        0.19792   2  35
        2.47428        0.23273   2  36
        2.47428        0.24635   2  37
        2.47428        0.27353   2  38
        2.47428        0.33520   2  39
        2.47428        0.33955   2  40
        2.47428        0.37477   2  41
        2.47428        0.38380   2  42
        2.47428        0.41469   2  43
        2.47428        0.43206   2  44
        2.47428        0.44969   2  45
        2.47428        0.48135   2  46
        2.47428        0.52605   2  47
        2.47428        0.56013   2  48
        2.47428        0.58019   2  49
        2.47428        0.59276   2  50
        2.47428        0.65281   2  51
        2.47428        0.75115   2  52
        2.47428        0.84586   2  53
        2.47428        0.85200   2  54
        2.47428        1.01550   2  55
        2.51595       -0.88113   2   1
        2.51595       -0.87478   2   2
        2.51595       -0.85609   2   3
        2.51595       -0.75842   2   4
        2.51595       -0.74015   2   5
        2.51595       -0.71513   2   6
        2.51595       -0.71241   2   7
        2.51595       -0.69012   2   8
        2.51595       -0.65623   2   9
        2.51595       -0.58789   2  10
        2.51595       -0.56738   2  11
        2.51595       -0.51566   2  12
        2.51595       -0.50106   2  13
        2.51595       -0.48958   2  14
        2.51595       -0.47461   2  15
        2.51595       -0.40932   2  16
        2.51595       -0.39348   2  17
        2.51595       -0.36440   2  18
        2.51595       -0.35215   2  19
        2.51595       -0.32779   2  20
        2.51595       -0.30250   2  21
        2.51595       -0.28848   2  22
        2.51595       -0.27723   2  23
        2.51595       -0.25992   2  24
        2.51595       -0.22187   2  25
        2.51595       -0.19153   2  26
        2.51595       -0.07865   2  27
        2.51595       -0.02450   2  28
        2.51595       -0.01612   2  29
        2.51595        0.05252   2  30
        2.51595        0.08685   2  31
        2.51595        0.10718   2  32
        2.51595        0.19065   2  33
        2.51595        0.19779   2  34
        2.51595        0.19918   2  35
        2.51595        0.24841   2  36
        2.51595        0.27483   2  37
        2.51595        0.29872   2  38
        2.51595        0.35117   2  39
        2.51595        0.36531   2  40
        2.51595        0.37557   2  41
        2.51595        0.37978   2  42
        2.51595        0.40520   2  43
        2.51595        0.40954   2  44
        2.51595        0.43565   2  45
        2.51595        0.46683   2  46
        2.51595        0.47579   2  47
        2.51595        0.53574   2  48
        2.51595        0.58559   2  49
        2.51595        0.58598   2  50
        2.51595        0.62498   2  51
        2.51595        0.71064   2  52
        2.51595        0.80115   2  53
        2.51595        0.87587   2  54
        2.51595        0.96207   2  55
        2.55761       -0.87187   2   1
        2.55761       -0.86983   2   2
        2.55761       -0.85240   2   3
        2.55761       -0.77101   2   4
        2.55761       -0.75184   2   5
        2.55761       -0.72678   2   6
        2.55761       -0.71611   2   7
        2.55761       -0.69181   2   8
        2.55761       -0.65675   2   9
        2.55761       -0.57410   2  10
        2.55761       -0.56636   2  11
        2.55761       -0.50481   2  12
        2.55761       -0.50265   2  13
        2.55761       -0.48816   2  14
        2.55761       -0.47810   2  15
        2.55761       -0.42540   2  16
        2.55761       -0.38087   2  17
        2.55761       -0.35674   2  18
        2.55761       -0.35343   2  19
        2.55761       -0.31684   2  20
        2.55761       -0.30571   2  21
        2.55761       -0.28529   2  22
        2.55761       -0.27615   2  23
        2.55761       -0.26013   2  24
        2.55761       -0.21833   2  25
        2.55761       -0.18997   2  26
        2.55761       -0.04871   2  27
        2.55761       -0.00345   2  28
        2.55761       -0.00213   2  29
        2.55761        0.08109   2  30
        2.55761        0.11479   2  31
        2.55761        0.12219   2  32
        2.55761        0.19022   2  33
        2.55761        0.22550   2  34
        2.55761        0.22565   2  35
        2.55761        0.25816   2  36
        2.55761        0.31651   2  37
        2.55761        0.33042   2  38
        2.55761        0.33846   2  39
        2.55761        0.34507   2  40
        2.55761        0.36161   2  41
        2.55761        0.39843   2  42
        2.55761        0.40669   2  43
        2.55761        0.41029   2  44
        2.55761        0.42727   2  45
        2.55761        0.45343   2  46
        2.55761        0.47997   2  47
        2.55761        0.50029   2  48
        2.55761        0.57676   2  49
        2.55761        0.59916   2  50
        2.55761        0.62603   2  51
        2.55761        0.67669   2  52
        2.55761        0.76560   2  53
        2.55761        0.88719   2  54
        2.55761        0.90922   2  55
        2.59928       -0.86755   2   1
        2.59928       -0.86734   2   2
        2.59928       -0.84569   2   3
        2.59928       -0.78535   2   4
        2.59928       -0.75799   2   5
        2.59928       -0.73459   2   6
        2.59928       -0.71736   2   7
        2.59928       -0.69455   2   8
        2.59928       -0.65735   2   9
        2.59928       -0.56726   2  10
        2.59928       -0.56355   2  11
        2.59928       -0.50451   2  12
        2.59928       -0.49130   2  13
        2.59928       -0.48634   2  14
        2.59928       -0.48068   2  15
        2.59928       -0.43892   2  16
        2.59928       -0.36610   2  17
        2.59928       -0.34983   2  18
        2.59928       -0.34950   2  19
        2.59928       -0.30729   2  20
        2.59928       -0.30520   2  21
        2.59928       -0.28303   2  22
        2.59928       -0.27536   2  23
        2.59928       -0.26152   2  24
        2.59928       -0.21589   2  25
        2.59928       -0.19141   2  26
        2.59928       -0.02139   2  27
        2.59928        0.00463   2  28
        2.59928        0.01972   2  29
        2.59928        0.11382   2  30
        2.59928        0.11403   2  31
        2.59928        0.15642   2  32
        2.59928        0.20640   2  33
        2.59928        0.23492   2  34
        2.59928        0.26227   2  35
        2.59928        0.28618   2  36
        2.59928        0.29146   2  37
        2.59928        0.31191   2  38
        2.59928        0.35415   2  39
        2.59928        0.36560   2  40
        2.59928        0.37459   2  41
        2.59928        0.39143   2  42
        2.59928        0.41110   2  43
        2.59928        0.43502   2  44
        2.59928        0.44291   2  45
        2.59928        0.45252   2  46
        2.59928        0.46272   2  47
        2.59928        0.53383   2  48
        2.59928        0.56030   2  49
        2.59928        0.62166   2  50
        2.59928        0.62889   2  51
        2.59928        0.65454   2  52
        2.59928        0.74385   2  53
        2.59928        0.83184   2  54
        2.59928        0.92535   2  55
        2.64095       -0.86813   2   1
        2.64095       -0.86788   2   2
        2.64095       -0.83596   2   3
        2.64095       -0.79841   2   4
        2.64095       -0.75808   2   5
        2.64095       -0.73875   2   6
        2.64095       -0.71915   2   7
        2.64095       -0.69816   2   8
        2.64095       -0.65782   2   9
        2.64095       -0.56898   2  10
        2.64095       -0.55783   2  11
        2.64095       -0.49969   2  12
        2.64095       -0.48505   2  13
        2.64095       -0.48261   2  14
        2.64095       -0.48194   2  15
        2.64095       -0.45059   2  16
        2.64095       -0.35352   2  17
        2.64095       -0.34322   2  18
        2.64095       -0.33859   2  19
        2.64095       -0.30652   2  20
        2.64095       -0.29314   2  21
        2.64095       -0.28147   2  22
        2.64095       -0.27485   2  23
        2.64095       -0.26409   2  24
        2.64095       -0.21525   2  25
        2.64095       -0.19642   2  26
        2.64095       -0.00334   2  27
        2.64095        0.00881   2  28
        2.64095        0.04534   2  29
        2.64095        0.10940   2  30
        2.64095        0.14966   2  31
        2.64095        0.18787   2  32
        2.64095        0.23328   2  33
        2.64095        0.23471   2  34
        2.64095        0.24794   2  35
        2.64095        0.28440   2  36
        2.64095        0.30571   2  37
        2.64095        0.32775   2  38
        2.64095        0.36131   2  39
        2.64095        0.37507   2  40
        2.64095        0.38582   2  41
        2.64095        0.40808   2  42
        2.64095        0.41981   2  43
        2.64095        0.42916   2  44
        2.64095        0.46339   2  45
        2.64095        0.49343   2  46
        2.64095        0.50140   2  47
        2.64095        0.54874   2  48
        2.64095        0.57292   2  49
        2.64095        0.62689   2  50
        2.64095        0.64020   2  51
        2.64095        0.64800   2  52
        2.64095        0.73329   2  53
        2.64095        0.78429   2  54
        2.64095        0.94382   2  55
        2.68261       -0.87037   2   1
        2.68261       -0.87034   2   2
        2.68261       -0.82646   2   3
        2.68261       -0.80859   2   4
        2.68261       -0.75338   2   5
        2.68261       -0.74030   2   6
        2.68261       -0.72283   2   7
        2.68261       -0.70208   2   8
        2.68261       -0.65803   2   9
        2.68261       -0.57066   2  10
        2.68261       -0.55593   2  11
        2.68261       -0.49261   2  12
        2.68261       -0.48437   2  13
        2.68261       -0.48147   2  14
        2.68261       -0.47697   2  15
        2.68261       -0.46089   2  16
        2.68261       -0.34430   2  17
        2.68261       -0.33835   2  18
        2.68261       -0.32533   2  19
        2.68261       -0.30031   2  20
        2.68261       -0.28293   2  21
        2.68261       -0.27886   2  22
        2.68261       -0.27478   2  23
        2.68261       -0.26733   2  24
        2.68261       -0.21673   2  25
        2.68261       -0.20500   2  26
        2.68261       -0.00420   2  27
        2.68261        0.01949   2  28
        2.68261        0.07316   2  29
        2.68261        0.11112   2  30
        2.68261        0.16570   2  31
        2.68261        0.20026   2  32
        2.68261        0.22741   2  33
        2.68261        0.24238   2  34
        2.68261        0.25534   2  35
        2.68261        0.27968   2  36
        2.68261        0.33925   2  37
        2.68261        0.34413   2  38
        2.68261        0.36374   2  39
        2.68261        0.36463   2  40
        2.68261        0.41003   2  41
        2.68261        0.41539   2  42
        2.68261        0.43984   2  43
        2.68261        0.45368   2  44
        2.68261        0.48160   2  45
        2.68261        0.54218   2  46
        2.68261        0.54568   2  47
        2.68261        0.55336   2  48
        2.68261        0.59669   2  49
        2.68261        0.62562   2  50
        2.68261        0.62769   2  51
        2.68261        0.67389   2  52
        2.68261        0.72961   2  53
        2.68261        0.75196   2  54
        2.68261        0.95808   2  55
        2.72428       -0.87256   2   1
        2.72428       -0.87255   2   2
        2.72428       -0.81963   2   3
        2.72428       -0.81497   2   4
        2.72428       -0.74613   2   5
        2.72428       -0.74055   2   6
        2.72428       -0.72851   2   7
        2.72428       -0.70527   2   8
        2.72428       -0.65805   2   9
        2.72428       -0.57186   2  10
        2.72428       -0.55570   2  11
        2.72428       -0.48655   2  12
        2.72428       -0.48413   2  13
        2.72428       -0.47963   2  14
        2.72428       -0.47395   2  15
        2.72428       -0.46899   2  16
        2.72428       -0.33714   2  17
        2.72428       -0.33528   2  18
        2.72428       -0.31961   2  19
        2.72428       -0.28719   2  20
        2.72428       -0.28115   2  21
        2.72428       -0.27536   2  22
        2.72428       -0.27033   2  23
        2.72428       -0.26979   2  24
        2.72428       -0.21969   2  25
        2.72428       -0.21553   2  26
        2.72428       -0.00792   2  27
        2.72428        0.02347   2  28
        2.72428        0.10260   2  29
        2.72428        0.11931   2  30
        2.72428        0.16183   2  31
        2.72428        0.17513   2  32
        2.72428        0.22294   2  33
        2.72428        0.23141   2  34
        2.72428        0.29331   2  35
        2.72428        0.30765   2  36
        2.72428        0.34296   2  37
        2.72428        0.34514   2  38
        2.72428        0.37034   2  39
        2.72428        0.38239   2  40
        2.72428        0.41486   2  41
        2.72428        0.42603   2  42
        2.72428        0.45398   2  43
        2.72428        0.46131   2  44
        2.72428        0.51518   2  45
        2.72428        0.56544   2  46
        2.72428        0.57543   2  47
        2.72428        0.57826   2  48
        2.72428        0.59888   2  49
        2.72428        0.60931   2  50
        2.72428        0.63333   2  51
        2.72428        0.69635   2  52
        2.72428        0.72906   2  53
        2.72428        0.73455   2  54
        2.72428        0.96704   2  55
        2.76595       -0.87342   2   1
        2.76595       -0.87342   2   2
        2.76595       -0.81714   2   3
        2.76595       -0.81714   2   4
        2.76595       -0.74050   2   5
        2.76595       -0.74050   2   6
        2.76595       -0.73347   2   7
        2.76595       -0.70653   2   8
        2.76595       -0.65803   2   9
        2.76595       -0.57232   2  10
        2.76595       -0.55576   2  11
        2.76595       -0.48410   2  12
        2.76595       -0.48410   2  13
        2.76595       -0.47779   2  14
        2.76595       -0.47302   2  15
        2.76595       -0.47302   2  16
        2.76595       -0.33424   2  17
        2.76595       -0.33424   2  18
        2.76595       -0.31847   2  19
        2.76595       -0.28096   2  20
        2.76595       -0.28011   2  21
        2.76595       -0.27543   2  22
        2.76595       -0.27036   2  23
        2.76595       -0.26621   2  24
        2.76595       -0.22144   2  25
        2.76595       -0.22144   2  26
        2.76595       -0.00948   2  27
        2.76595        0.02377   2  28
        2.76595        0.12401   2  29
        2.76595        0.12401   2  30
        2.76595        0.15127   2  31
        2.76595        0.16210   2  32
        2.76595        0.21981   2  33
        2.76595        0.22638   2  34
        2.76595        0.29880   2  35
        2.76595        0.33974   2  36
        2.76595        0.33974   2  37
        2.76595        0.34085   2  38
        2.76595        0.37554   2  39
        2.76595        0.40258   2  40
        2.76595        0.41174   2  41
        2.76595        0.41174   2  42
        2.76595        0.46324   2  43
        2.76595        0.46851   2  44
        2.76595        0.52738   2  45
        2.76595        0.57304   2  46
        2.76595        0.58603   2  47
        2.76595        0.59207   2  48
        2.76595        0.59900   2  49
        2.76595        0.59900   2  50
        2.76595        0.63328   2  51
        2.76595        0.70613   2  52
        2.76595        0.72915   2  53
        2.76595        0.72915   2  54
        2.76595        0.97009   2  55
        2.76595       -0.87342   2   1
        2.76595       -0.87342   2   2
        2.76595       -0.81714   2   3
        2.76595       -0.81714   2   4
        2.76595       -0.74050   2   5
        2.76595       -0.74050   2   6
        2.76595       -0.73347   2   7
        2.76595       -0.70653   2   8
        2.76595       -0.65803   2   9
        2.76595       -0.57232   2  10
        2.76595       -0.55576   2  11
        2.76595       -0.48410   2  12
        2.76595       -0.48410   2  13
        2.76595       -0.47779   2  14
        2.76595       -0.47302   2  15
        2.76595       -0.47302   2  16
        2.76595       -0.33424   2  17
        2.76595       -0.33424   2  18
        2.76595       -0.31847   2  19
        2.76595       -0.28096   2  20
        2.76595       -0.28011   2  21
        2.76595       -0.27543   2  22
        2.76595       -0.27036   2  23
        2.76595       -0.26621   2  24
        2.76595       -0.22144   2  25
        2.76595       -0.22144   2  26
        2.76595       -0.00948   2  27
        2.76595        0.02377   2  28
        2.76595        0.12401   2  29
        2.76595        0.12401   2  30
        2.76595        0.15127   2  31
        2.76595        0.16210   2  32
        2.76595        0.21981   2  33
        2.76595        0.22638   2  34
        2.76595        0.29880   2  35
        2.76595        0.33974   2  36
        2.76595        0.33974   2  37
        2.76595        0.34085   2  38
        2.76595        0.37554   2  39
        2.76595        0.40258   2  40
        2.76595        0.41174   2  41
        2.76595        0.41174   2  42
        2.76595        0.46324   2  43
        2.76595        0.46851   2  44
        2.76595        0.52738   2  45
        2.76595        0.57304   2  46
        2.76595        0.58603   2  47
        2.76595        0.59207   2  48
        2.76595        0.59900   2  49
        2.76595        0.59900   2  50
        2.76595        0.63328   2  51
        2.76595        0.70613   2  52
        2.76595        0.72915   2  53
        2.76595        0.72915   2  54
        2.76595        0.97009   2  55
        2.80523       -0.87286   2   1
        2.80523       -0.87237   2   2
        2.80523       -0.81838   2   3
        2.80523       -0.81621   2   4
        2.80523       -0.74641   2   5
        2.80523       -0.73972   2   6
        2.80523       -0.72905   2   7
        2.80523       -0.70540   2   8
        2.80523       -0.65804   2   9
        2.80523       -0.57199   2  10
        2.80523       -0.55564   2  11
        2.80523       -0.48592   2  12
        2.80523       -0.48451   2  13
        2.80523       -0.47964   2  14
        2.80523       -0.47287   2  15
        2.80523       -0.47020   2  16
        2.80523       -0.33653   2  17
        2.80523       -0.33551   2  18
        2.80523       -0.31937   2  19
        2.80523       -0.28718   2  20
        2.80523       -0.28112   2  21
        2.80523       -0.27527   2  22
        2.80523       -0.27022   2  23
        2.80523       -0.26811   2  24
        2.80523       -0.22702   2  25
        2.80523       -0.20966   2  26
        2.80523       -0.00832   2  27
        2.80523        0.02316   2  28
        2.80523        0.10117   2  29
        2.80523        0.12595   2  30
        2.80523        0.16075   2  31
        2.80523        0.17132   2  32
        2.80523        0.22164   2  33
        2.80523        0.23160   2  34
        2.80523        0.29200   2  35
        2.80523        0.31067   2  36
        2.80523        0.33897   2  37
        2.80523        0.35166   2  38
        2.80523        0.36622   2  39
        2.80523        0.38959   2  40
        2.80523        0.41168   2  41
        2.80523        0.42795   2  42
        2.80523        0.44622   2  43
        2.80523        0.46893   2  44
        2.80523        0.51527   2  45
        2.80523        0.56556   2  46
        2.80523        0.57330   2  47
        2.80523        0.58501   2  48
        2.80523        0.59883   2  49
        2.80523        0.60788   2  50
        2.80523        0.63384   2  51
        2.80523        0.69745   2  52
        2.80523        0.72904   2  53
        2.80523        0.73397   2  54
        2.80523        0.96741   2  55
        2.84451       -0.87120   2   1
        2.84451       -0.86921   2   2
        2.84451       -0.82171   2   3
        2.84451       -0.81337   2   4
        2.84451       -0.75572   2   5
        2.84451       -0.73742   2   6
        2.84451       -0.72419   2   7
        2.84451       -0.70243   2   8
        2.84451       -0.65789   2   9
        2.84451       -0.57217   2  10
        2.84451       -0.55474   2  11
        2.84451       -0.49044   2  12
        2.84451       -0.48582   2  13
        2.84451       -0.48203   2  14
        2.84451       -0.47244   2  15
        2.84451       -0.46549   2  16
        2.84451       -0.34272   2  17
        2.84451       -0.33900   2  18
        2.84451       -0.32231   2  19
        2.84451       -0.30389   2  20
        2.84451       -0.28188   2  21
        2.84451       -0.27330   2  22
        2.84451       -0.27045   2  23
        2.84451       -0.26888   2  24
        2.84451       -0.24027   2  25
        2.84451       -0.18531   2  26
        2.84451       -0.00825   2  27
        2.84451        0.01410   2  28
        2.84451        0.07622   2  29
        2.84451        0.13213   2  30
        2.84451        0.16448   2  31
        2.84451        0.18310   2  32
        2.84451        0.21430   2  33
        2.84451        0.23866   2  34
        2.84451        0.25750   2  35
        2.84451        0.29478   2  36
        2.84451        0.32982   2  37
        2.84451        0.33645   2  38
        2.84451        0.37165   2  39
        2.84451        0.37883   2  40
        2.84451        0.40780   2  41
        2.84451        0.41137   2  42
        2.84451        0.43419   2  43
        2.84451        0.46730   2  44
        2.84451        0.47805   2  45
        2.84451        0.53694   2  46
        2.84451        0.54829   2  47
        2.84451        0.58271   2  48
        2.84451        0.59828   2  49
        2.84451        0.62214   2  50
        2.84451        0.62979   2  51
        2.84451        0.67822   2  52
        2.84451        0.72920   2  53
        2.84451        0.74942   2  54
        2.84451        0.95994   2  55
        2.88380       -0.86830   2   1
        2.88380       -0.86396   2   2
        2.88380       -0.82620   2   3
        2.88380       -0.80866   2   4
        2.88380       -0.76568   2   5
        2.88380       -0.73365   2   6
        2.88380       -0.72194   2   7
        2.88380       -0.69824   2   8
        2.88380       -0.65713   2   9
        2.88380       -0.57613   2  10
        2.88380       -0.55143   2  11
        2.88380       -0.49564   2  12
        2.88380       -0.48807   2  13
        2.88380       -0.48383   2  14
        2.88380       -0.47175   2  15
        2.88380       -0.46125   2  16
        2.88380       -0.35094   2  17
        2.88380       -0.34418   2  18
        2.88380       -0.32803   2  19
        2.88380       -0.32110   2  20
        2.88380       -0.28476   2  21
        2.88380       -0.27254   2  22
        2.88380       -0.27082   2  23
        2.88380       -0.26848   2  24
        2.88380       -0.25236   2  25
        2.88380       -0.15613   2  26
        2.88380       -0.02133   2  27
        2.88380       -0.00975   2  28
        2.88380        0.06878   2  29
        2.88380        0.14259   2  30
        2.88380        0.15704   2  31
        2.88380        0.17480   2  32
        2.88380        0.18431   2  33
        2.88380        0.21779   2  34
        2.88380        0.26724   2  35
        2.88380        0.28298   2  36
        2.88380        0.30185   2  37
        2.88380        0.33218   2  38
        2.88380        0.33380   2  39
        2.88380        0.38254   2  40
        2.88380        0.39516   2  41
        2.88380        0.40452   2  42
        2.88380        0.41062   2  43
        2.88380        0.45147   2  44
        2.88380        0.46966   2  45
        2.88380        0.50463   2  46
        2.88380        0.52911   2  47
        2.88380        0.58151   2  48
        2.88380        0.59711   2  49
        2.88380        0.61517   2  50
        2.88380        0.63977   2  51
        2.88380        0.66039   2  52
        2.88380        0.73117   2  53
        2.88380        0.77764   2  54
        2.88380        0.94922   2  55
        2.92308       -0.86399   2   1
        2.92308       -0.85673   2   2
        2.92308       -0.83072   2   3
        2.92308       -0.80216   2   4
        2.92308       -0.77555   2   5
        2.92308       -0.72839   2   6
        2.92308       -0.72328   2   7
        2.92308       -0.69323   2   8
        2.92308       -0.65542   2   9
        2.92308       -0.58659   2  10
        2.92308       -0.54505   2  11
        2.92308       -0.49947   2  12
        2.92308       -0.49127   2  13
        2.92308       -0.48497   2  14
        2.92308       -0.47079   2  15
        2.92308       -0.45920   2  16
        2.92308       -0.35872   2  17
        2.92308       -0.35108   2  18
        2.92308       -0.33718   2  19
        2.92308       -0.33546   2  20
        2.92308       -0.29218   2  21
        2.92308       -0.27474   2  22
        2.92308       -0.26960   2  23
        2.92308       -0.26661   2  24
        2.92308       -0.25714   2  25
        2.92308       -0.12401   2  26
        2.92308       -0.05353   2  27
        2.92308       -0.03921   2  28
        2.92308        0.06732   2  29
        2.92308        0.13345   2  30
        2.92308        0.15669   2  31
        2.92308        0.15877   2  32
        2.92308        0.17007   2  33
        2.92308        0.20310   2  34
        2.92308        0.21907   2  35
        2.92308        0.27448   2  36
        2.92308        0.28525   2  37
        2.92308        0.32123   2  38
        2.92308        0.32617   2  39
        2.92308        0.36005   2  40
        2.92308        0.37779   2  41
        2.92308        0.40905   2  42
        2.92308        0.41222   2  43
        2.92308        0.44228   2  44
        2.92308        0.45422   2  45
        2.92308        0.49674   2  46
        2.92308        0.53564   2  47
        2.92308        0.57052   2  48
        2.92308        0.59432   2  49
        2.92308        0.61265   2  50
        2.92308        0.63393   2  51
        2.92308        0.67049   2  52
        2.92308        0.73640   2  53
        2.92308        0.81706   2  54
        2.92308        0.93729   2  55
        2.96237       -0.85828   2   1
        2.96237       -0.84754   2   2
        2.96237       -0.83429   2   3
        2.96237       -0.79398   2   4
        2.96237       -0.78472   2   5
        2.96237       -0.72802   2   6
        2.96237       -0.72180   2   7
        2.96237       -0.68806   2   8
        2.96237       -0.65280   2   9
        2.96237       -0.60382   2  10
        2.96237       -0.53646   2  11
        2.96237       -0.50088   2  12
        2.96237       -0.49553   2  13
        2.96237       -0.48675   2  14
        2.96237       -0.46958   2  15
        2.96237       -0.45959   2  16
        2.96237       -0.36433   2  17
        2.96237       -0.36003   2  18
        2.96237       -0.34838   2  19
        2.96237       -0.34532   2  20
        2.96237       -0.30062   2  21
        2.96237       -0.27488   2  22
        2.96237       -0.26935   2  23
        2.96237       -0.26441   2  24
        2.96237       -0.25812   2  25
        2.96237       -0.09022   2  26
        2.96237       -0.08776   2  27
        2.96237       -0.07452   2  28
        2.96237        0.05591   2  29
        2.96237        0.11128   2  30
        2.96237        0.13920   2  31
        2.96237        0.15105   2  32
        2.96237        0.17434   2  33
        2.96237        0.18382   2  34
        2.96237        0.21548   2  35
        2.96237        0.23711   2  36
        2.96237        0.24823   2  37
        2.96237        0.30919   2  38
        2.96237        0.31772   2  39
        2.96237        0.33689   2  40
        2.96237        0.37602   2  41
        2.96237        0.40575   2  42
        2.96237        0.43168   2  43
        2.96237        0.44256   2  44
        2.96237        0.45369   2  45
        2.96237        0.49017   2  46
        2.96237        0.55152   2  47
        2.96237        0.56217   2  48
        2.96237        0.58819   2  49
        2.96237        0.61861   2  50
        2.96237        0.62613   2  51
        2.96237        0.70425   2  52
        2.96237        0.74540   2  53
        2.96237        0.86365   2  54
        2.96237        0.92830   2  55
        3.00165       -0.85157   2   1
        3.00165       -0.83653   2   2
        3.00165       -0.83606   2   3
        3.00165       -0.79262   2   4
        3.00165       -0.78420   2   5
        3.00165       -0.73501   2   6
        3.00165       -0.71404   2   7
        3.00165       -0.68370   2   8
        3.00165       -0.64952   2   9
        3.00165       -0.62602   2  10
        3.00165       -0.52672   2  11
        3.00165       -0.50092   2  12
        3.00165       -0.50087   2  13
        3.00165       -0.49141   2  14
        3.00165       -0.46812   2  15
        3.00165       -0.45978   2  16
        3.00165       -0.36946   2  17
        3.00165       -0.36934   2  18
        3.00165       -0.35625   2  19
        3.00165       -0.35167   2  20
        3.00165       -0.30735   2  21
        3.00165       -0.27384   2  22
        3.00165       -0.26960   2  23
        3.00165       -0.26288   2  24
        3.00165       -0.25812   2  25
        3.00165       -0.12021   2  26
        3.00165       -0.10947   2  27
        3.00165       -0.05520   2  28
        3.00165        0.02909   2  29
        3.00165        0.07737   2  30
        3.00165        0.10893   2  31
        3.00165        0.15122   2  32
        3.00165        0.17985   2  33
        3.00165        0.19123   2  34
        3.00165        0.19530   2  35
        3.00165        0.21301   2  36
        3.00165        0.22640   2  37
        3.00165        0.29742   2  38
        3.00165        0.30691   2  39
        3.00165        0.31826   2  40
        3.00165        0.34021   2  41
        3.00165        0.40023   2  42
        3.00165        0.41962   2  43
        3.00165        0.46719   2  44
        3.00165        0.47995   2  45
        3.00165        0.51961   2  46
        3.00165        0.53562   2  47
        3.00165        0.56763   2  48
        3.00165        0.57784   2  49
        3.00165        0.62481   2  50
        3.00165        0.62907   2  51
        3.00165        0.75767   2  52
        3.00165        0.75887   2  53
        3.00165        0.89623   2  54
        3.00165        0.94691   2  55
        3.04093       -0.84545   2   1
        3.04093       -0.83492   2   2
        3.04093       -0.82389   2   3
        3.04093       -0.79850   2   4
        3.04093       -0.77300   2   5
        3.04093       -0.74276   2   6
        3.04093       -0.70513   2   7
        3.04093       -0.68199   2   8
        3.04093       -0.64963   2   9
        3.04093       -0.64573   2  10
        3.04093       -0.51769   2  11
        3.04093       -0.50727   2  12
        3.04093       -0.50473   2  13
        3.04093       -0.49559   2  14
        3.04093       -0.46642   2  15
        3.04093       -0.45736   2  16
        3.04093       -0.37702   2  17
        3.04093       -0.37598   2  18
        3.04093       -0.35672   2  19
        3.04093       -0.35628   2  20
        3.04093       -0.31260   2  21
        3.04093       -0.27206   2  22
        3.04093       -0.27031   2  23
        3.04093       -0.26223   2  24
        3.04093       -0.25773   2  25
        3.04093       -0.15027   2  26
        3.04093       -0.14377   2  27
        3.04093       -0.01864   2  28
        3.04093       -0.00455   2  29
        3.04093        0.03686   2  30
        3.04093        0.08314   2  31
        3.04093        0.14086   2  32
        3.04093        0.15162   2  33
        3.04093        0.16939   2  34
        3.04093        0.20622   2  35
        3.04093        0.21834   2  36
        3.04093        0.23591   2  37
        3.04093        0.27545   2  38
        3.04093        0.28488   2  39
        3.04093        0.29703   2  40
        3.04093        0.34559   2  41
        3.04093        0.39513   2  42
        3.04093        0.39999   2  43
        3.04093        0.47191   2  44
        3.04093        0.48235   2  45
        3.04093        0.52696   2  46
        3.04093        0.56207   2  47
        3.04093        0.56538   2  48
        3.04093        0.60129   2  49
        3.04093        0.62805   2  50
        3.04093        0.63733   2  51
        3.04093        0.77857   2  52
        3.04093        0.81255   2  53
        3.04093        0.90862   2  54
        3.04093        1.01026   2  55
        3.08022       -0.84202   2   1
        3.08022       -0.83137   2   2
        3.08022       -0.80978   2   3
        3.08022       -0.80053   2   4
        3.08022       -0.76057   2   5
        3.08022       -0.74950   2   6
        3.08022       -0.69527   2   7
        3.08022       -0.68972   2   8
        3.08022       -0.66560   2   9
        3.08022       -0.64170   2  10
        3.08022       -0.52275   2  11
        3.08022       -0.51420   2  12
        3.08022       -0.50257   2  13
        3.08022       -0.49684   2  14
        3.08022       -0.46444   2  15
        3.08022       -0.45217   2  16
        3.08022       -0.38246   2  17
        3.08022       -0.37968   2  18
        3.08022       -0.35994   2  19
        3.08022       -0.35385   2  20
        3.08022       -0.31653   2  21
        3.08022       -0.27150   2  22
        3.08022       -0.26971   2  23
        3.08022       -0.26245   2  24
        3.08022       -0.25697   2  25
        3.08022       -0.17815   2  26
        3.08022       -0.17447   2  27
        3.08022       -0.03894   2  28
        3.08022       -0.00198   2  29
        3.08022        0.01935   2  30
        3.08022        0.05600   2  31
        3.08022        0.10903   2  32
        3.08022        0.11882   2  33
        3.08022        0.16600   2  34
        3.08022        0.19506   2  35
        3.08022        0.24168   2  36
        3.08022        0.24298   2  37
        3.08022        0.26092   2  38
        3.08022        0.27580   2  39
        3.08022        0.29672   2  40
        3.08022        0.34536   2  41
        3.08022        0.38758   2  42
        3.08022        0.39747   2  43
        3.08022        0.45537   2  44
        3.08022        0.50123   2  45
        3.08022        0.53008   2  46
        3.08022        0.55685   2  47
        3.08022        0.55724   2  48
        3.08022        0.62582   2  49
        3.08022        0.63653   2  50
        3.08022        0.69493   2  51
        3.08022        0.80649   2  52
        3.08022        0.83834   2  53
        3.08022        0.95428   2  54
        3.08022        1.08118   2  55
        3.11950       -0.84109   2   1
        3.11950       -0.82993   2   2
        3.11950       -0.79628   2   3
        3.11950       -0.79442   2   4
        3.11950       -0.75316   2   5
        3.11950       -0.74714   2   6
        3.11950       -0.70956   2   7
        3.11950       -0.68489   2   8
        3.11950       -0.66924   2   9
        3.11950       -0.63751   2  10
        3.11950       -0.53828   2  11
        3.11950       -0.52141   2  12
        3.11950       -0.50047   2  13
        3.11950       -0.49219   2  14
        3.11950       -0.46210   2  15
        3.11950       -0.44463   2  16
        3.11950       -0.38568   2  17
        3.11950       -0.37907   2  18
        3.11950       -0.36303   2  19
        3.11950       -0.35059   2  20
        3.11950       -0.31899   2  21
        3.11950       -0.27327   2  22
        3.11950       -0.26702   2  23
        3.11950       -0.26340   2  24
        3.11950       -0.25583   2  25
        3.11950       -0.20307   2  26
        3.11950       -0.20078   2  27
        3.11950       -0.07199   2  28
        3.11950       -0.03780   2  29
        3.11950        0.02737   2  30
        3.11950        0.05841   2  31
        3.11950        0.07752   2  32
        3.11950        0.08649   2  33
        3.11950        0.16033   2  34
        3.11950        0.17498   2  35
        3.11950        0.22746   2  36
        3.11950        0.27039   2  37
        3.11950        0.27239   2  38
        3.11950        0.27910   2  39
        3.11950        0.31970   2  40
        3.11950        0.33280   2  41
        3.11950        0.38975   2  42
        3.11950        0.41567   2  43
        3.11950        0.43899   2  44
        3.11950        0.52247   2  45
        3.11950        0.53275   2  46
        3.11950        0.56222   2  47
        3.11950        0.56451   2  48
        3.11950        0.62283   2  49
        3.11950        0.63997   2  50
        3.11950        0.77489   2  51
        3.11950        0.84531   2  52
        3.11950        0.85208   2  53
        3.11950        1.02744   2  54
        3.11950        1.13903   2  55
        3.15878       -0.84476   2   1
        3.15878       -0.82937   2   2
        3.15878       -0.78818   2   3
        3.15878       -0.77822   2   4
        3.15878       -0.75159   2   5
        3.15878       -0.73306   2   6
        3.15878       -0.72915   2   7
        3.15878       -0.67409   2   8
        3.15878       -0.67016   2   9
        3.15878       -0.63361   2  10
        3.15878       -0.55460   2  11
        3.15878       -0.52866   2  12
        3.15878       -0.50677   2  13
        3.15878       -0.48122   2  14
        3.15878       -0.45941   2  15
        3.15878       -0.43545   2  16
        3.15878       -0.38698   2  17
        3.15878       -0.37574   2  18
        3.15878       -0.36578   2  19
        3.15878       -0.34785   2  20
        3.15878       -0.31980   2  21
        3.15878       -0.27573   2  22
        3.15878       -0.26487   2  23
        3.15878       -0.26440   2  24
        3.15878       -0.25425   2  25
        3.15878       -0.22886   2  26
        3.15878       -0.22262   2  27
        3.15878       -0.10323   2  28
        3.15878       -0.07016   2  29
        3.15878       -0.00063   2  30
        3.15878        0.04912   2  31
        3.15878        0.05575   2  32
        3.15878        0.09873   2  33
        3.15878        0.14555   2  34
        3.15878        0.15478   2  35
        3.15878        0.22191   2  36
        3.15878        0.26813   2  37
        3.15878        0.27967   2  38
        3.15878        0.31173   2  39
        3.15878        0.33126   2  40
        3.15878        0.37468   2  41
        3.15878        0.39366   2  42
        3.15878        0.43033   2  43
        3.15878        0.45607   2  44
        3.15878        0.53257   2  45
        3.15878        0.54434   2  46
        3.15878        0.58374   2  47
        3.15878        0.59761   2  48
        3.15878        0.62085   2  49
        3.15878        0.64154   2  50
        3.15878        0.81921   2  51
        3.15878        0.90010   2  52
        3.15878        0.90402   2  53
        3.15878        1.10772   2  54
        3.15878        1.17355   2  55
        3.19807       -0.85336   2   1
        3.19807       -0.82807   2   2
        3.19807       -0.78255   2   3
        3.19807       -0.76159   2   4
        3.19807       -0.74607   2   5
        3.19807       -0.73905   2   6
        3.19807       -0.71870   2   7
        3.19807       -0.67070   2   8
        3.19807       -0.66304   2   9
        3.19807       -0.63049   2  10
        3.19807       -0.56995   2  11
        3.19807       -0.53570   2  12
        3.19807       -0.51494   2  13
        3.19807       -0.46981   2  14
        3.19807       -0.45635   2  15
        3.19807       -0.42538   2  16
        3.19807       -0.38665   2  17
        3.19807       -0.37248   2  18
        3.19807       -0.36845   2  19
        3.19807       -0.34534   2  20
        3.19807       -0.31902   2  21
        3.19807       -0.27888   2  22
        3.19807       -0.26667   2  23
        3.19807       -0.26274   2  24
        3.19807       -0.25481   2  25
        3.19807       -0.25178   2  26
        3.19807       -0.24011   2  27
        3.19807       -0.13244   2  28
        3.19807       -0.09877   2  29
        3.19807       -0.02763   2  30
        3.19807        0.02307   2  31
        3.19807        0.02816   2  32
        3.19807        0.12102   2  33
        3.19807        0.14024   2  34
        3.19807        0.14037   2  35
        3.19807        0.22069   2  36
        3.19807        0.25924   2  37
        3.19807        0.26912   2  38
        3.19807        0.34349   2  39
        3.19807        0.36171   2  40
        3.19807        0.39255   2  41
        3.19807        0.42967   2  42
        3.19807        0.45258   2  43
        3.19807        0.51875   2  44
        3.19807        0.54368   2  45
        3.19807        0.56455   2  46
        3.19807        0.59829   2  47
        3.19807        0.63546   2  48
        3.19807        0.64624   2  49
        3.19807        0.65698   2  50
        3.19807        0.83559   2  51
        3.19807        0.97491   2  52
        3.19807        0.98881   2  53
        3.19807        1.18052   2  54
        3.19807        1.18857   2  55
        3.23735       -0.86442   2   1
        3.23735       -0.82827   2   2
        3.23735       -0.78286   2   3
        3.23735       -0.74602   2   4
        3.23735       -0.74496   2   5
        3.23735       -0.72688   2   6
        3.23735       -0.70450   2   7
        3.23735       -0.67055   2   8
        3.23735       -0.65234   2   9
        3.23735       -0.62869   2  10
        3.23735       -0.58349   2  11
        3.23735       -0.54219   2  12
        3.23735       -0.52382   2  13
        3.23735       -0.45804   2  14
        3.23735       -0.45288   2  15
        3.23735       -0.41511   2  16
        3.23735       -0.38508   2  17
        3.23735       -0.37125   2  18
        3.23735       -0.37119   2  19
        3.23735       -0.34263   2  20
        3.23735       -0.31765   2  21
        3.23735       -0.28262   2  22
        3.23735       -0.27613   2  23
        3.23735       -0.26857   2  24
        3.23735       -0.26206   2  25
        3.23735       -0.25345   2  26
        3.23735       -0.24872   2  27
        3.23735       -0.15839   2  28
        3.23735       -0.12342   2  29
        3.23735       -0.05059   2  30
        3.23735       -0.00164   2  31
        3.23735        0.00605   2  32
        3.23735        0.09827   2  33
        3.23735        0.12387   2  34
        3.23735        0.18271   2  35
        3.23735        0.21804   2  36
        3.23735        0.23416   2  37
        3.23735        0.27399   2  38
        3.23735        0.34883   2  39
        3.23735        0.38669   2  40
        3.23735        0.41812   2  41
        3.23735        0.44259   2  42
        3.23735        0.53424   2  43
        3.23735        0.56403   2  44
        3.23735        0.57704   2  45
        3.23735        0.59182   2  46
        3.23735        0.60820   2  47
        3.23735        0.64930   2  48
        3.23735        0.67838   2  49
        3.23735        0.73158   2  50
        3.23735        0.85085   2  51
        3.23735        1.06448   2  52
        3.23735        1.07078   2  53
        3.23735        1.18613   2  54
        3.23735        1.24580   2  55
        3.27664       -0.87615   2   1
        3.27664       -0.83143   2   2
        3.27664       -0.78520   2   3
        3.27664       -0.73914   2   4
        3.27664       -0.72900   2   5
        3.27664       -0.71089   2   6
        3.27664       -0.69097   2   7
        3.27664       -0.66844   2   8
        3.27664       -0.64239   2   9
        3.27664       -0.62893   2  10
        3.27664       -0.59456   2  11
        3.27664       -0.54790   2  12
        3.27664       -0.53251   2  13
        3.27664       -0.44909   2  14
        3.27664       -0.44604   2  15
        3.27664       -0.40566   2  16
        3.27664       -0.38269   2  17
        3.27664       -0.37406   2  18
        3.27664       -0.37198   2  19
        3.27664       -0.34008   2  20
        3.27664       -0.31745   2  21
        3.27664       -0.29544   2  22
        3.27664       -0.28672   2  23
        3.27664       -0.27037   2  24
        3.27664       -0.26708   2  25
        3.27664       -0.25837   2  26
        3.27664       -0.24491   2  27
        3.27664       -0.18165   2  28
        3.27664       -0.14453   2  29
        3.27664       -0.07086   2  30
        3.27664       -0.02368   2  31
        3.27664       -0.01188   2  32
        3.27664        0.07827   2  33
        3.27664        0.10719   2  34
        3.27664        0.20543   2  35
        3.27664        0.21543   2  36
        3.27664        0.22478   2  37
        3.27664        0.28599   2  38
        3.27664        0.34046   2  39
        3.27664        0.38406   2  40
        3.27664        0.46943   2  41
        3.27664        0.47646   2  42
        3.27664        0.56465   2  43
        3.27664        0.59053   2  44
        3.27664        0.60559   2  45
        3.27664        0.63837   2  46
        3.27664        0.66128   2  47
        3.27664        0.66703   2  48
        3.27664        0.72567   2  49
        3.27664        0.80760   2  50
        3.27664        0.86729   2  51
        3.27664        1.10445   2  52
        3.27664        1.15579   2  53
        3.27664        1.21730   2  54
        3.27664        1.28898   2  55
        3.31592       -0.88728   2   1
        3.31592       -0.83674   2   2
        3.31592       -0.78590   2   3
        3.31592       -0.72824   2   4
        3.31592       -0.71444   2   5
        3.31592       -0.69748   2   6
        3.31592       -0.67872   2   7
        3.31592       -0.66201   2   8
        3.31592       -0.63335   2   9
        3.31592       -0.63177   2  10
        3.31592       -0.60271   2  11
        3.31592       -0.55270   2  12
        3.31592       -0.54041   2  13
        3.31592       -0.44521   2  14
        3.31592       -0.43410   2  15
        3.31592       -0.39801   2  16
        3.31592       -0.38033   2  17
        3.31592       -0.37654   2  18
        3.31592       -0.37351   2  19
        3.31592       -0.33861   2  20
        3.31592       -0.31914   2  21
        3.31592       -0.31444   2  22
        3.31592       -0.29095   2  23
        3.31592       -0.27220   2  24
        3.31592       -0.27191   2  25
        3.31592       -0.25969   2  26
        3.31592       -0.24087   2  27
        3.31592       -0.20178   2  28
        3.31592       -0.16216   2  29
        3.31592       -0.08870   2  30
        3.31592       -0.04188   2  31
        3.31592       -0.02684   2  32
        3.31592        0.06078   2  33
        3.31592        0.09191   2  34
        3.31592        0.18360   2  35
        3.31592        0.20846   2  36
        3.31592        0.26498   2  37
        3.31592        0.30191   2  38
        3.31592        0.32694   2  39
        3.31592        0.38490   2  40
        3.31592        0.50190   2  41
        3.31592        0.53235   2  42
        3.31592        0.54677   2  43
        3.31592        0.61644   2  44
        3.31592        0.66153   2  45
        3.31592        0.66910   2  46
        3.31592        0.69929   2  47
        3.31592        0.71990   2  48
        3.31592        0.78105   2  49
        3.31592        0.87644   2  50
        3.31592        0.88271   2  51
        3.31592        1.08500   2  52
        3.31592        1.23943   2  53
        3.31592        1.28253   2  54
        3.31592        1.31372   2  55
        3.35520       -0.89682   2   1
        3.35520       -0.84231   2   2
        3.35520       -0.78535   2   3
        3.35520       -0.71573   2   4
        3.35520       -0.70201   2   5
        3.35520       -0.68977   2   6
        3.35520       -0.66833   2   7
        3.35520       -0.65053   2   8
        3.35520       -0.63695   2   9
        3.35520       -0.62575   2  10
        3.35520       -0.60811   2  11
        3.35520       -0.55656   2  12
        3.35520       -0.54708   2  13
        3.35520       -0.44140   2  14
        3.35520       -0.42262   2  15
        3.35520       -0.39253   2  16
        3.35520       -0.38151   2  17
        3.35520       -0.37536   2  18
        3.35520       -0.37481   2  19
        3.35520       -0.34029   2  20
        3.35520       -0.33080   2  21
        3.35520       -0.32039   2  22
        3.35520       -0.29505   2  23
        3.35520       -0.27569   2  24
        3.35520       -0.27314   2  25
        3.35520       -0.26153   2  26
        3.35520       -0.23701   2  27
        3.35520       -0.21706   2  28
        3.35520       -0.17599   2  29
        3.35520       -0.10228   2  30
        3.35520       -0.05631   2  31
        3.35520       -0.03808   2  32
        3.35520        0.04640   2  33
        3.35520        0.07901   2  34
        3.35520        0.16585   2  35
        3.35520        0.20255   2  36
        3.35520        0.30106   2  37
        3.35520        0.30984   2  38
        3.35520        0.32383   2  39
        3.35520        0.38536   2  40
        3.35520        0.52791   2  41
        3.35520        0.53788   2  42
        3.35520        0.58067   2  43
        3.35520        0.63546   2  44
        3.35520        0.69816   2  45
        3.35520        0.70255   2  46
        3.35520        0.73955   2  47
        3.35520        0.76535   2  48
        3.35520        0.84182   2  49
        3.35520        0.89788   2  50
        3.35520        0.93360   2  51
        3.35520        1.05770   2  52
        3.35520        1.31122   2  53
        3.35520        1.32444   2  54
        3.35520        1.34067   2  55
        3.39449       -0.90409   2   1
        3.39449       -0.84687   2   2
        3.39449       -0.78453   2   3
        3.39449       -0.70333   2   4
        3.39449       -0.69244   2   5
        3.39449       -0.68613   2   6
        3.39449       -0.66037   2   7
        3.39449       -0.64470   2   8
        3.39449       -0.63639   2   9
        3.39449       -0.62012   2  10
        3.39449       -0.61156   2  11
        3.39449       -0.55939   2  12
        3.39449       -0.55222   2  13
        3.39449       -0.43807   2  14
        3.39449       -0.41224   2  15
        3.39449       -0.38924   2  16
        3.39449       -0.38418   2  17
        3.39449       -0.37498   2  18
        3.39449       -0.37270   2  19
        3.39449       -0.34644   2  20
        3.39449       -0.34351   2  21
        3.39449       -0.31917   2  22
        3.39449       -0.29858   2  23
        3.39449       -0.27766   2  24
        3.39449       -0.27401   2  25
        3.39449       -0.26490   2  26
        3.39449       -0.23375   2  27
        3.39449       -0.22659   2  28
        3.39449       -0.18588   2  29
        3.39449       -0.11173   2  30
        3.39449       -0.06667   2  31
        3.39449       -0.04589   2  32
        3.39449        0.03570   2  33
        3.39449        0.06936   2  34
        3.39449        0.15310   2  35
        3.39449        0.19778   2  36
        3.39449        0.30137   2  37
        3.39449        0.33022   2  38
        3.39449        0.33903   2  39
        3.39449        0.38530   2  40
        3.39449        0.51838   2  41
        3.39449        0.56613   2  42
        3.39449        0.61671   2  43
        3.39449        0.64468   2  44
        3.39449        0.72541   2  45
        3.39449        0.73058   2  46
        3.39449        0.77925   2  47
        3.39449        0.79759   2  48
        3.39449        0.87641   2  49
        3.39449        0.93482   2  50
        3.39449        0.97612   2  51
        3.39449        1.03588   2  52
        3.39449        1.32647   2  53
        3.39449        1.36639   2  54
        3.39449        1.38212   2  55
        3.43377       -0.90865   2   1
        3.43377       -0.84978   2   2
        3.43377       -0.78393   2   3
        3.43377       -0.69300   2   4
        3.43377       -0.68641   2   5
        3.43377       -0.68454   2   6
        3.43377       -0.65538   2   7
        3.43377       -0.65068   2   8
        3.43377       -0.62654   2   9
        3.43377       -0.61656   2  10
        3.43377       -0.61396   2  11
        3.43377       -0.56108   2  12
        3.43377       -0.55552   2  13
        3.43377       -0.43573   2  14
        3.43377       -0.40455   2  15
        3.43377       -0.38762   2  16
        3.43377       -0.38628   2  17
        3.43377       -0.37295   2  18
        3.43377       -0.37072   2  19
        3.43377       -0.35525   2  20
        3.43377       -0.35179   2  21
        3.43377       -0.31716   2  22
        3.43377       -0.30099   2  23
        3.43377       -0.27722   2  24
        3.43377       -0.27453   2  25
        3.43377       -0.26964   2  26
        3.43377       -0.23178   2  27
        3.43377       -0.23106   2  28
        3.43377       -0.19181   2  29
        3.43377       -0.11755   2  30
        3.43377       -0.07284   2  31
        3.43377       -0.05076   2  32
        3.43377        0.02898   2  33
        3.43377        0.06347   2  34
        3.43377        0.14553   2  35
        3.43377        0.19461   2  36
        3.43377        0.29543   2  37
        3.43377        0.34935   2  38
        3.43377        0.35132   2  39
        3.43377        0.38527   2  40
        3.43377        0.51176   2  41
        3.43377        0.58973   2  42
        3.43377        0.63840   2  43
        3.43377        0.64639   2  44
        3.43377        0.74506   2  45
        3.43377        0.74687   2  46
        3.43377        0.81086   2  47
        3.43377        0.81739   2  48
        3.43377        0.87791   2  49
        3.43377        0.98278   2  50
        3.43377        1.00244   2  51
        3.43377        1.02106   2  52
        3.43377        1.32377   2  53
        3.43377        1.40064   2  54
        3.43377        1.40526   2  55
        3.47305       -0.91020   2   1
        3.47305       -0.85077   2   2
        3.47305       -0.78373   2   3
        3.47305       -0.68824   2   4
        3.47305       -0.68436   2   5
        3.47305       -0.68436   2   6
        3.47305       -0.65368   2   7
        3.47305       -0.65368   2   8
        3.47305       -0.62231   2   9
        3.47305       -0.61528   2  10
        3.47305       -0.61528   2  11
        3.47305       -0.56163   2  12
        3.47305       -0.55667   2  13
        3.47305       -0.43487   2  14
        3.47305       -0.40172   2  15
        3.47305       -0.38711   2  16
        3.47305       -0.38711   2  17
        3.47305       -0.37000   2  18
        3.47305       -0.37000   2  19
        3.47305       -0.36093   2  20
        3.47305       -0.35478   2  21
        3.47305       -0.31632   2  22
        3.47305       -0.30184   2  23
        3.47305       -0.27470   2  24
        3.47305       -0.27470   2  25
        3.47305       -0.27385   2  26
        3.47305       -0.23268   2  27
        3.47305       -0.23073   2  28
        3.47305       -0.19380   2  29
        3.47305       -0.11954   2  30
        3.47305       -0.07489   2  31
        3.47305       -0.05245   2  32
        3.47305        0.02666   2  33
        3.47305        0.06149   2  34
        3.47305        0.14303   2  35
        3.47305        0.19348   2  36
        3.47305        0.29343   2  37
        3.47305        0.35600   2  38
        3.47305        0.35600   2  39
        3.47305        0.38524   2  40
        3.47305        0.50964   2  41
        3.47305        0.59962   2  42
        3.47305        0.64557   2  43
        3.47305        0.64557   2  44
        3.47305        0.75215   2  45
        3.47305        0.75215   2  46
        3.47305        0.82423   2  47
        3.47305        0.82423   2  48
        3.47305        0.87470   2  49
        3.47305        1.00592   2  50
        3.47305        1.01143   2  51
        3.47305        1.01143   2  52
        3.47305        1.32177   2  53
        3.47305        1.41219   2  54
        3.47305        1.41219   2  55
        3.47305       -0.91951   2   1
        3.47305       -0.90247   2   2
        3.47305       -0.87205   2   3
        3.47305       -0.75598   2   4
        3.47305       -0.69144   2   5
        3.47305       -0.66878   2   6
        3.47305       -0.65985   2   7
        3.47305       -0.64371   2   8
        3.47305       -0.64233   2   9
        3.47305       -0.63753   2  10
        3.47305       -0.59242   2  11
        3.47305       -0.56750   2  12
        3.47305       -0.47226   2  13
        3.47305       -0.46573   2  14
        3.47305       -0.45374   2  15
        3.47305       -0.42867   2  16
        3.47305       -0.39590   2  17
        3.47305       -0.37171   2  18
        3.47305       -0.31207   2  19
        3.47305       -0.31173   2  20
        3.47305       -0.30624   2  21
        3.47305       -0.29983   2  22
        3.47305       -0.27301   2  23
        3.47305       -0.24239   2  24
        3.47305       -0.23488   2  25
        3.47305       -0.23367   2  26
        3.47305       -0.22093   2  27
        3.47305       -0.09758   2  28
        3.47305       -0.09279   2  29
        3.47305       -0.05528   2  30
        3.47305       -0.02739   2  31
        3.47305        0.03416   2  32
        3.47305        0.10240   2  33
        3.47305        0.14092   2  34
        3.47305        0.16450   2  35
        3.47305        0.20774   2  36
        3.47305        0.21005   2  37
        3.47305        0.21888   2  38
        3.47305        0.27838   2  39
        3.47305        0.28036   2  40
        3.47305        0.29657   2  41
        3.47305        0.36381   2  42
        3.47305        0.39878   2  43
        3.47305        0.45956   2  44
        3.47305        0.48825   2  45
        3.47305        0.59508   2  46
        3.47305        0.62324   2  47
        3.47305        0.63576   2  48
        3.47305        0.74733   2  49
        3.47305        0.77170   2  50
        3.47305        0.81222   2  51
        3.47305        0.88046   2  52
        3.47305        0.91906   2  53
        3.47305        0.94568   2  54
        3.47305        0.96855   2  55
        3.50247       -0.91951   2   1
        3.50247       -0.90247   2   2
        3.50247       -0.87205   2   3
        3.50247       -0.75598   2   4
        3.50247       -0.69144   2   5
        3.50247       -0.66878   2   6
        3.50247       -0.65985   2   7
        3.50247       -0.64371   2   8
        3.50247       -0.64233   2   9
        3.50247       -0.63753   2  10
        3.50247       -0.59242   2  11
        3.50247       -0.56750   2  12
        3.50247       -0.47226   2  13
        3.50247       -0.46573   2  14
        3.50247       -0.45374   2  15
        3.50247       -0.42867   2  16
        3.50247       -0.39590   2  17
        3.50247       -0.37171   2  18
        3.50247       -0.31207   2  19
        3.50247       -0.31173   2  20
        3.50247       -0.30624   2  21
        3.50247       -0.29983   2  22
        3.50247       -0.27301   2  23
        3.50247       -0.24239   2  24
        3.50247       -0.23488   2  25
        3.50247       -0.23367   2  26
        3.50247       -0.22093   2  27
        3.50247       -0.09767   2  28
        3.50247       -0.09280   2  29
        3.50247       -0.05497   2  30
        3.50247       -0.02765   2  31
        3.50247        0.03416   2  32
        3.50247        0.10228   2  33
        3.50247        0.14096   2  34
        3.50247        0.16569   2  35
        3.50247        0.20619   2  36
        3.50247        0.21025   2  37
        3.50247        0.21861   2  38
        3.50247        0.27882   2  39
        3.50247        0.28037   2  40
        3.50247        0.29660   2  41
        3.50247        0.36432   2  42
        3.50247        0.39835   2  43
        3.50247        0.45956   2  44
        3.50247        0.48826   2  45
        3.50247        0.59508   2  46
        3.50247        0.62324   2  47
        3.50247        0.63576   2  48
        3.50247        0.74733   2  49
        3.50247        0.77169   2  50
        3.50247        0.81222   2  51
        3.50247        0.88046   2  52
        3.50247        0.91906   2  53
        3.50247        0.94568   2  54
        3.50247        0.96855   2  55
        3.53189       -0.91951   2   1
        3.53189       -0.90247   2   2
        3.53189       -0.87205   2   3
        3.53189       -0.75598   2   4
        3.53189       -0.69144   2   5
        3.53189       -0.66878   2   6
        3.53189       -0.65985   2   7
        3.53189       -0.64371   2   8
        3.53189       -0.64233   2   9
        3.53189       -0.63753   2  10
        3.53189       -0.59242   2  11
        3.53189       -0.56750   2  12
        3.53189       -0.47226   2  13
        3.53189       -0.46573   2  14
        3.53189       -0.45374   2  15
        3.53189       -0.42867   2  16
        3.53189       -0.39590   2  17
        3.53189       -0.37171   2  18
        3.53189       -0.31207   2  19
        3.53189       -0.31173   2  20
        3.53189       -0.30624   2  21
        3.53189       -0.29983   2  22
        3.53189       -0.27301   2  23
        3.53189       -0.24239   2  24
        3.53189       -0.23488   2  25
        3.53189       -0.23367   2  26
        3.53189       -0.22093   2  27
        3.53189       -0.09775   2  28
        3.53189       -0.09281   2  29
        3.53189       -0.05465   2  30
        3.53189       -0.02792   2  31
        3.53189        0.03415   2  32
        3.53189        0.10216   2  33
        3.53189        0.14100   2  34
        3.53189        0.16695   2  35
        3.53189        0.20456   2  36
        3.53189        0.21047   2  37
        3.53189        0.21833   2  38
        3.53189        0.27925   2  39
        3.53189        0.28037   2  40
        3.53189        0.29662   2  41
        3.53189        0.36484   2  42
        3.53189        0.39790   2  43
        3.53189        0.45956   2  44
        3.53189        0.48827   2  45
        3.53189        0.59508   2  46
        3.53189        0.62324   2  47
        3.53189        0.63576   2  48
        3.53189        0.74733   2  49
        3.53189        0.77169   2  50
        3.53189        0.81222   2  51
        3.53189        0.88046   2  52
        3.53189        0.91906   2  53
        3.53189        0.94568   2  54
        3.53189        0.96855   2  55
        3.53189       -0.87342   2   1
        3.53189       -0.87342   2   2
        3.53189       -0.81714   2   3
        3.53189       -0.81714   2   4
        3.53189       -0.74050   2   5
        3.53189       -0.74050   2   6
        3.53189       -0.73347   2   7
        3.53189       -0.70653   2   8
        3.53189       -0.65803   2   9
        3.53189       -0.57232   2  10
        3.53189       -0.55576   2  11
        3.53189       -0.48410   2  12
        3.53189       -0.48410   2  13
        3.53189       -0.47779   2  14
        3.53189       -0.47302   2  15
        3.53189       -0.47302   2  16
        3.53189       -0.33424   2  17
        3.53189       -0.33424   2  18
        3.53189       -0.31847   2  19
        3.53189       -0.28096   2  20
        3.53189       -0.28011   2  21
        3.53189       -0.27543   2  22
        3.53189       -0.27036   2  23
        3.53189       -0.26621   2  24
        3.53189       -0.22144   2  25
        3.53189       -0.22144   2  26
        3.53189       -0.00948   2  27
        3.53189        0.02377   2  28
        3.53189        0.12401   2  29
        3.53189        0.12401   2  30
        3.53189        0.15126   2  31
        3.53189        0.16217   2  32
        3.53189        0.21970   2  33
        3.53189        0.22639   2  34
        3.53189        0.29902   2  35
        3.53189        0.33974   2  36
        3.53189        0.33974   2  37
        3.53189        0.34094   2  38
        3.53189        0.37466   2  39
        3.53189        0.40231   2  40
        3.53189        0.41174   2  41
        3.53189        0.41174   2  42
        3.53189        0.46451   2  43
        3.53189        0.46887   2  44
        3.53189        0.53187   2  45
        3.53189        0.56483   2  46
        3.53189        0.58332   2  47
        3.53189        0.59610   2  48
        3.53189        0.59900   2  49
        3.53189        0.59900   2  50
        3.53189        0.63519   2  51
        3.53189        0.70590   2  52
        3.53189        0.72915   2  53
        3.53189        0.72915   2  54
        3.53189        0.97011   2  55
        3.56131       -0.87342   2   1
        3.56131       -0.87342   2   2
        3.56131       -0.81714   2   3
        3.56131       -0.81714   2   4
        3.56131       -0.74050   2   5
        3.56131       -0.74050   2   6
        3.56131       -0.73347   2   7
        3.56131       -0.70653   2   8
        3.56131       -0.65803   2   9
        3.56131       -0.57232   2  10
        3.56131       -0.55576   2  11
        3.56131       -0.48410   2  12
        3.56131       -0.48410   2  13
        3.56131       -0.47779   2  14
        3.56131       -0.47302   2  15
        3.56131       -0.47302   2  16
        3.56131       -0.33424   2  17
        3.56131       -0.33424   2  18
        3.56131       -0.31847   2  19
        3.56131       -0.28096   2  20
        3.56131       -0.28011   2  21
        3.56131       -0.27543   2  22
        3.56131       -0.27036   2  23
        3.56131       -0.26621   2  24
        3.56131       -0.22144   2  25
        3.56131       -0.22144   2  26
        3.56131       -0.00948   2  27
        3.56131        0.02377   2  28
        3.56131        0.12401   2  29
        3.56131        0.12401   2  30
        3.56131        0.15127   2  31
        3.56131        0.16213   2  32
        3.56131        0.21975   2  33
        3.56131        0.22639   2  34
        3.56131        0.29891   2  35
        3.56131        0.33974   2  36
        3.56131        0.33974   2  37
        3.56131        0.34089   2  38
        3.56131        0.37510   2  39
        3.56131        0.40245   2  40
        3.56131        0.41174   2  41
        3.56131        0.41174   2  42
        3.56131        0.46387   2  43
        3.56131        0.46869   2  44
        3.56131        0.52946   2  45
        3.56131        0.56884   2  46
        3.56131        0.58466   2  47
        3.56131        0.59434   2  48
        3.56131        0.59900   2  49
        3.56131        0.59900   2  50
        3.56131        0.63426   2  51
        3.56131        0.70601   2  52
        3.56131        0.72915   2  53
        3.56131        0.72915   2  54
        3.56131        0.97010   2  55
        3.59073       -0.87342   2   1
        3.59073       -0.87342   2   2
        3.59073       -0.81714   2   3
        3.59073       -0.81714   2   4
        3.59073       -0.74050   2   5
        3.59073       -0.74050   2   6
        3.59073       -0.73347   2   7
        3.59073       -0.70653   2   8
        3.59073       -0.65803   2   9
        3.59073       -0.57232   2  10
        3.59073       -0.55576   2  11
        3.59073       -0.48410   2  12
        3.59073       -0.48410   2  13
        3.59073       -0.47779   2  14
        3.59073       -0.47302   2  15
        3.59073       -0.47302   2  16
        3.59073       -0.33424   2  17
        3.59073       -0.33424   2  18
        3.59073       -0.31847   2  19
        3.59073       -0.28096   2  20
        3.59073       -0.28011   2  21
        3.59073       -0.27543   2  22
        3.59073       -0.27036   2  23
        3.59073       -0.26621   2  24
        3.59073       -0.22144   2  25
        3.59073       -0.22144   2  26
        3.59073       -0.00948   2  27
        3.59073        0.02377   2  28
        3.59073        0.12401   2  29
        3.59073        0.12401   2  30
        3.59073        0.15127   2  31
        3.59073        0.16210   2  32
        3.59073        0.21981   2  33
        3.59073        0.22638   2  34
        3.59073        0.29880   2  35
        3.59073        0.33974   2  36
        3.59073        0.33974   2  37
        3.59073        0.34085   2  38
        3.59073        0.37554   2  39
        3.59073        0.40258   2  40
        3.59073        0.41174   2  41
        3.59073        0.41174   2  42
        3.59073        0.46324   2  43
        3.59073        0.46851   2  44
        3.59073        0.52738   2  45
        3.59073        0.57304   2  46
        3.59073        0.58603   2  47
        3.59073        0.59207   2  48
        3.59073        0.59900   2  49
        3.59073        0.59900   2  50
        3.59073        0.63328   2  51
        3.59073        0.70613   2  52
        3.59073        0.72915   2  53
        3.59073        0.72915   2  54
        3.59073        0.97009   2  55
