        0.00000       -0.82928   1   1
        0.00000       -0.82928   1   2
        0.00000        0.11952   1   3
        0.00000        0.11952   1   4
        0.00000        0.14419   1   5
        0.00000        0.14419   1   6
        0.00000        0.14419   1   7
        0.00000        0.14419   1   8
        0.00000        0.27102   1   9
        0.00000        0.27102   1  10
        0.00000        0.46997   1  11
        0.00000        0.46997   1  12
        0.00000        0.48302   1  13
        0.00000        0.48302   1  14
        0.00000        0.48302   1  15
        0.00000        0.48302   1  16
        0.00000        0.95345   1  17
        0.00000        0.95345   1  18
        0.00000        0.95345   1  19
        0.00000        0.95345   1  20
        0.00000        1.23158   1  21
        0.00000        1.23158   1  22
        0.00000        1.23356   1  23
        0.00000        1.23356   1  24
        0.00000        1.23356   1  25
        0.00000        1.23356   1  26
        0.00000        2.13963   1  27
        0.00000        2.13963   1  28
        0.00000        2.17056   1  29
        0.00000        2.17056   1  30
        0.00000        2.17056   1  31
        0.00000        2.17056   1  32
        0.00000        2.30086   1  33
        0.00000        2.30086   1  34
        0.00000        2.30086   1  35
        0.00000        2.30086   1  36
        0.04762       -0.82851   1   1
        0.04762       -0.82851   1   2
        0.04762        0.11661   1   3
        0.04762        0.11666   1   4
        0.04762        0.13829   1   5
        0.04762        0.13833   1   6
        0.04762        0.14141   1   7
        0.04762        0.14146   1   8
        0.04762        0.27834   1   9
        0.04762        0.27835   1  10
        0.04762        0.47144   1  11
        0.04762        0.47144   1  12
        0.04762        0.48323   1  13
        0.04762        0.48324   1  14
        0.04762        0.48534   1  15
        0.04762        0.48536   1  16
        0.04762        0.94685   1  17
        0.04762        0.94685   1  18
        0.04762        0.95420   1  19
        0.04762        0.95421   1  20
        0.04762        1.24032   1  21
        0.04762        1.24046   1  22
        0.04762        1.24176   1  23
        0.04762        1.24195   1  24
        0.04762        1.24370   1  25
        0.04762        1.24380   1  26
        0.04762        2.13675   1  27
        0.04762        2.13719   1  28
        0.04762        2.16501   1  29
        0.04762        2.16557   1  30
        0.04762        2.17426   1  31
        0.04762        2.17457   1  32
        0.04762        2.29643   1  33
        0.04762        2.29643   1  34
        0.04762        2.32021   1  35
        0.04762        2.32023   1  36
        0.09524       -0.82622   1   1
        0.09524       -0.82622   1   2
        0.09524        0.10348   1   3
        0.09524        0.10358   1   4
        0.09524        0.12663   1   5
        0.09524        0.12674   1   6
        0.09524        0.13371   1   7
        0.09524        0.13382   1   8
        0.09524        0.29794   1   9
        0.09524        0.29797   1  10
        0.09524        0.47078   1  11
        0.09524        0.47079   1  12
        0.09524        0.48862   1  13
        0.09524        0.48865   1  14
        0.09524        0.49271   1  15
        0.09524        0.49275   1  16
        0.09524        0.92895   1  17
        0.09524        0.92896   1  18
        0.09524        0.95647   1  19
        0.09524        0.95649   1  20
        0.09524        1.26481   1  21
        0.09524        1.26504   1  22
        0.09524        1.26654   1  23
        0.09524        1.26680   1  24
        0.09524        1.27010   1  25
        0.09524        1.27028   1  26
        0.09524        2.11598   1  27
        0.09524        2.11643   1  28
        0.09524        2.17287   1  29
        0.09524        2.17368   1  30
        0.09524        2.18571   1  31
        0.09524        2.18648   1  32
        0.09524        2.28100   1  33
        0.09524        2.28101   1  34
        0.09524        2.36271   1  35
        0.09524        2.36279   1  36
        0.14286       -0.82243   1   1
        0.14286       -0.82243   1   2
        0.14286        0.07746   1   3
        0.14286        0.07759   1   4
        0.14286        0.11439   1   5
        0.14286        0.11454   1   6
        0.14286        0.12300   1   7
        0.14286        0.12313   1   8
        0.14286        0.32555   1   9
        0.14286        0.32560   1  10
        0.14286        0.46457   1  11
        0.14286        0.46460   1  12
        0.14286        0.50189   1  13
        0.14286        0.50192   1  14
        0.14286        0.50589   1  15
        0.14286        0.50597   1  16
        0.14286        0.90392   1  17
        0.14286        0.90393   1  18
        0.14286        0.96029   1  19
        0.14286        0.96032   1  20
        0.14286        1.30181   1  21
        0.14286        1.30210   1  22
        0.14286        1.30287   1  23
        0.14286        1.30316   1  24
        0.14286        1.30616   1  25
        0.14286        1.30635   1  26
        0.14286        2.08577   1  27
        0.14286        2.08623   1  28
        0.14286        2.19203   1  29
        0.14286        2.19294   1  30
        0.14286        2.20540   1  31
        0.14286        2.20622   1  32
        0.14286        2.24939   1  33
        0.14286        2.24942   1  34
        0.14286        2.41052   1  35
        0.14286        2.41064   1  36
        0.19048       -0.81720   1   1
        0.19048       -0.81720   1   2
        0.19048        0.04449   1   3
        0.19048        0.04460   1   4
        0.19048        0.09982   1   5
        0.19048        0.09992   1   6
        0.19048        0.11022   1   7
        0.19048        0.11030   1   8
        0.19048        0.35693   1   9
        0.19048        0.35698   1  10
        0.19048        0.45528   1  11
        0.19048        0.45531   1  12
        0.19048        0.52053   1  13
        0.19048        0.52055   1  14
        0.19048        0.52467   1  15
        0.19048        0.52473   1  16
        0.19048        0.87598   1  17
        0.19048        0.87599   1  18
        0.19048        0.96570   1  19
        0.19048        0.96573   1  20
        0.19048        1.34207   1  21
        0.19048        1.34214   1  22
        0.19048        1.34436   1  23
        0.19048        1.34450   1  24
        0.19048        1.35028   1  25
        0.19048        1.35037   1  26
        0.19048        2.05257   1  27
        0.19048        2.05291   1  28
        0.19048        2.19659   1  29
        0.19048        2.19661   1  30
        0.19048        2.21425   1  31
        0.19048        2.21476   1  32
        0.19048        2.23018   1  33
        0.19048        2.23056   1  34
        0.19048        2.45566   1  35
        0.19048        2.45575   1  36
        0.23810       -0.81060   1   1
        0.23810       -0.81060   1   2
        0.23810        0.00929   1   3
        0.23810        0.00931   1   4
        0.23810        0.08380   1   5
        0.23810        0.08382   1   6
        0.23810        0.09522   1   7
        0.23810        0.09523   1   8
        0.23810        0.38655   1   9
        0.23810        0.38657   1  10
        0.23810        0.44557   1  11
        0.23810        0.44559   1  12
        0.23810        0.54352   1  13
        0.23810        0.54353   1  14
        0.23810        0.54753   1  15
        0.23810        0.54755   1  16
        0.23810        0.84870   1  17
        0.23810        0.84870   1  18
        0.23810        0.97268   1  19
        0.23810        0.97268   1  20
        0.23810        1.37829   1  21
        0.23810        1.37831   1  22
        0.23810        1.37876   1  23
        0.23810        1.37879   1  24
        0.23810        1.40551   1  25
        0.23810        1.40553   1  26
        0.23810        2.01679   1  27
        0.23810        2.01686   1  28
        0.23810        2.12172   1  29
        0.23810        2.12172   1  30
        0.23810        2.23556   1  31
        0.23810        2.23565   1  32
        0.23810        2.25324   1  33
        0.23810        2.25329   1  34
        0.23810        2.49614   1  35
        0.23810        2.49616   1  36
        0.28571       -0.80271   1   1
        0.28571       -0.80270   1   2
        0.28571       -0.02564   1   3
        0.28571       -0.02557   1   4
        0.28571        0.06748   1   5
        0.28571        0.06753   1   6
        0.28571        0.07866   1   7
        0.28571        0.07871   1   8
        0.28571        0.40296   1   9
        0.28571        0.40306   1  10
        0.28571        0.44365   1  11
        0.28571        0.44375   1  12
        0.28571        0.56962   1  13
        0.28571        0.56964   1  14
        0.28571        0.57297   1  15
        0.28571        0.57301   1  16
        0.28571        0.82509   1  17
        0.28571        0.82510   1  18
        0.28571        0.98104   1  19
        0.28571        0.98106   1  20
        0.28571        1.40531   1  21
        0.28571        1.40538   1  22
        0.28571        1.40665   1  23
        0.28571        1.40669   1  24
        0.28571        1.46387   1  25
        0.28571        1.46392   1  26
        0.28571        1.97852   1  27
        0.28571        1.97873   1  28
        0.28571        2.03073   1  29
        0.28571        2.03075   1  30
        0.28571        2.25086   1  31
        0.28571        2.25108   1  32
        0.28571        2.26874   1  33
        0.28571        2.26885   1  34
        0.28571        2.53307   1  35
        0.28571        2.53312   1  36
        0.33333       -0.79359   1   1
        0.33333       -0.79358   1   2
        0.33333       -0.05922   1   3
        0.33333       -0.05912   1   4
        0.33333        0.05139   1   5
        0.33333        0.05145   1   6
        0.33333        0.06168   1   7
        0.33333        0.06176   1   8
        0.33333        0.39758   1   9
        0.33333        0.39774   1  10
        0.33333        0.45564   1  11
        0.33333        0.45582   1  12
        0.33333        0.59754   1  13
        0.33333        0.59759   1  14
        0.33333        0.59998   1  15
        0.33333        0.60004   1  16
        0.33333        0.80778   1  17
        0.33333        0.80781   1  18
        0.33333        0.99057   1  19
        0.33333        0.99060   1  20
        0.33333        1.42272   1  21
        0.33333        1.42286   1  22
        0.33333        1.42521   1  23
        0.33333        1.42528   1  24
        0.33333        1.52167   1  25
        0.33333        1.52176   1  26
        0.33333        1.93554   1  27
        0.33333        1.93558   1  28
        0.33333        1.93885   1  29
        0.33333        1.93919   1  30
        0.33333        2.25596   1  31
        0.33333        2.25634   1  32
        0.33333        2.27323   1  33
        0.33333        2.27345   1  34
        0.33333        2.56773   1  35
        0.33333        2.56781   1  36
        0.38095       -0.78334   1   1
        0.38095       -0.78333   1   2
        0.38095       -0.09140   1   3
        0.38095       -0.09132   1   4
        0.38095        0.03559   1   5
        0.38095        0.03564   1   6
        0.38095        0.04501   1   7
        0.38095        0.04510   1   8
        0.38095        0.38426   1   9
        0.38095        0.38439   1  10
        0.38095        0.46626   1  11
        0.38095        0.46643   1  12
        0.38095        0.62633   1  13
        0.38095        0.62641   1  14
        0.38095        0.62798   1  15
        0.38095        0.62805   1  16
        0.38095        0.79906   1  17
        0.38095        0.79912   1  18
        0.38095        1.00110   1  19
        0.38095        1.00112   1  20
        0.38095        1.43151   1  21
        0.38095        1.43166   1  22
        0.38095        1.43438   1  23
        0.38095        1.43444   1  24
        0.38095        1.57733   1  25
        0.38095        1.57743   1  26
        0.38095        1.84920   1  27
        0.38095        1.84925   1  28
        0.38095        1.89879   1  29
        0.38095        1.89911   1  30
        0.38095        2.24936   1  31
        0.38095        2.24974   1  32
        0.38095        2.26539   1  33
        0.38095        2.26567   1  34
        0.38095        2.59885   1  35
        0.38095        2.59892   1  36
        0.42857       -0.77200   1   1
        0.42857       -0.77200   1   2
        0.42857       -0.12252   1   3
        0.42857       -0.12247   1   4
        0.42857        0.02011   1   5
        0.42857        0.02018   1   6
        0.42857        0.02892   1   7
        0.42857        0.02900   1   8
        0.42857        0.36974   1   9
        0.42857        0.36981   1  10
        0.42857        0.46860   1  11
        0.42857        0.46871   1  12
        0.42857        0.65545   1  13
        0.42857        0.65551   1  14
        0.42857        0.65682   1  15
        0.42857        0.65690   1  16
        0.42857        0.80038   1  17
        0.42857        0.80045   1  18
        0.42857        1.01269   1  19
        0.42857        1.01271   1  20
        0.42857        1.43338   1  21
        0.42857        1.43349   1  22
        0.42857        1.43602   1  23
        0.42857        1.43605   1  24
        0.42857        1.63098   1  25
        0.42857        1.63108   1  26
        0.42857        1.77908   1  27
        0.42857        1.77911   1  28
        0.42857        1.86029   1  29
        0.42857        1.86046   1  30
        0.42857        2.23234   1  31
        0.42857        2.23258   1  32
        0.42857        2.24633   1  33
        0.42857        2.24657   1  34
        0.42857        2.62264   1  35
        0.42857        2.62268   1  36
        0.47619       -0.75968   1   1
        0.47619       -0.75967   1   2
        0.47619       -0.15285   1   3
        0.47619       -0.15283   1   4
        0.47619        0.00518   1   5
        0.47619        0.00522   1   6
        0.47619        0.01344   1   7
        0.47619        0.01349   1   8
        0.47619        0.35566   1   9
        0.47619        0.35568   1  10
        0.47619        0.46240   1  11
        0.47619        0.46243   1  12
        0.47619        0.68477   1  13
        0.47619        0.68478   1  14
        0.47619        0.68648   1  15
        0.47619        0.68651   1  16
        0.47619        0.81173   1  17
        0.47619        0.81176   1  18
        0.47619        1.02569   1  19
        0.47619        1.02569   1  20
        0.47619        1.43024   1  21
        0.47619        1.43027   1  22
        0.47619        1.43251   1  23
        0.47619        1.43252   1  24
        0.47619        1.67887   1  25
        0.47619        1.67895   1  26
        0.47619        1.72464   1  27
        0.47619        1.72465   1  28
        0.47619        1.82942   1  29
        0.47619        1.82945   1  30
        0.47619        2.20759   1  31
        0.47619        2.20766   1  32
        0.47619        2.21942   1  33
        0.47619        2.21951   1  34
        0.47619        2.63493   1  35
        0.47619        2.63495   1  36
        0.52381       -0.74644   1   1
        0.52381       -0.74643   1   2
        0.52381       -0.18252   1   3
        0.52381       -0.18250   1   4
        0.52381       -0.00892   1   5
        0.52381       -0.00887   1   6
        0.52381       -0.00133   1   7
        0.52381       -0.00128   1   8
        0.52381        0.34257   1   9
        0.52381        0.34259   1  10
        0.52381        0.44963   1  11
        0.52381        0.44966   1  12
        0.52381        0.71448   1  13
        0.52381        0.71450   1  14
        0.52381        0.71667   1  15
        0.52381        0.71670   1  16
        0.52381        0.83152   1  17
        0.52381        0.83157   1  18
        0.52381        1.04044   1  19
        0.52381        1.04045   1  20
        0.52381        1.42324   1  21
        0.52381        1.42326   1  22
        0.52381        1.42580   1  23
        0.52381        1.42583   1  24
        0.52381        1.67988   1  25
        0.52381        1.67990   1  26
        0.52381        1.69919   1  27
        0.52381        1.69933   1  28
        0.52381        1.82803   1  29
        0.52381        1.82811   1  30
        0.52381        2.17849   1  31
        0.52381        2.17855   1  32
        0.52381        2.18893   1  33
        0.52381        2.18902   1  34
        0.52381        2.63398   1  35
        0.52381        2.63400   1  36
        0.57143       -0.73239   1   1
        0.57143       -0.73236   1   2
        0.57143       -0.21156   1   3
        0.57143       -0.21148   1   4
        0.57143       -0.02198   1   5
        0.57143       -0.02183   1   6
        0.57143       -0.01509   1   7
        0.57143       -0.01495   1   8
        0.57143        0.33074   1   9
        0.57143        0.33080   1  10
        0.57143        0.43299   1  11
        0.57143        0.43306   1  12
        0.57143        0.74470   1  13
        0.57143        0.74477   1  14
        0.57143        0.74729   1  15
        0.57143        0.74737   1  16
        0.57143        0.85745   1  17
        0.57143        0.85758   1  18
        0.57143        1.05700   1  19
        0.57143        1.05703   1  20
        0.57143        1.41307   1  21
        0.57143        1.41311   1  22
        0.57143        1.41640   1  23
        0.57143        1.41651   1  24
        0.57143        1.63838   1  25
        0.57143        1.63842   1  26
        0.57143        1.67681   1  27
        0.57143        1.67725   1  28
        0.57143        1.86797   1  29
        0.57143        1.86818   1  30
        0.57143        2.14925   1  31
        0.57143        2.14938   1  32
        0.57143        2.15889   1  33
        0.57143        2.15910   1  34
        0.57143        2.62200   1  35
        0.57143        2.62207   1  36
        0.61905       -0.71766   1   1
        0.61905       -0.71762   1   2
        0.61905       -0.23983   1   3
        0.61905       -0.23973   1   4
        0.61905       -0.03389   1   5
        0.61905       -0.03370   1   6
        0.61905       -0.02741   1   7
        0.61905       -0.02723   1   8
        0.61905        0.32039   1   9
        0.61905        0.32050   1  10
        0.61905        0.41492   1  11
        0.61905        0.41500   1  12
        0.61905        0.77546   1  13
        0.61905        0.77557   1  14
        0.61905        0.77848   1  15
        0.61905        0.77859   1  16
        0.61905        0.88743   1  17
        0.61905        0.88760   1  18
        0.61905        1.07492   1  19
        0.61905        1.07496   1  20
        0.61905        1.39995   1  21
        0.61905        1.39999   1  22
        0.61905        1.40385   1  23
        0.61905        1.40399   1  24
        0.61905        1.59612   1  25
        0.61905        1.59617   1  26
        0.61905        1.63669   1  27
        0.61905        1.63727   1  28
        0.61905        1.92023   1  29
        0.61905        1.92046   1  30
        0.61905        2.12397   1  31
        0.61905        2.12410   1  32
        0.61905        2.13277   1  33
        0.61905        2.13297   1  34
        0.61905        2.60405   1  35
        0.61905        2.60416   1  36
        0.66667       -0.70244   1   1
        0.66667       -0.70240   1   2
        0.66667       -0.26714   1   3
        0.66667       -0.26706   1   4
        0.66667       -0.04464   1   5
        0.66667       -0.04451   1   6
        0.66667       -0.03819   1   7
        0.66667       -0.03805   1   8
        0.66667        0.31172   1   9
        0.66667        0.31184   1  10
        0.66667        0.39704   1  11
        0.66667        0.39710   1  12
        0.66667        0.80676   1  13
        0.66667        0.80687   1  14
        0.66667        0.81034   1  15
        0.66667        0.81043   1  16
        0.66667        0.92004   1  17
        0.66667        0.92018   1  18
        0.66667        1.09352   1  19
        0.66667        1.09355   1  20
        0.66667        1.38384   1  21
        0.66667        1.38388   1  22
        0.66667        1.38777   1  23
        0.66667        1.38787   1  24
        0.66667        1.55228   1  25
        0.66667        1.55232   1  26
        0.66667        1.59152   1  27
        0.66667        1.59203   1  28
        0.66667        1.96991   1  29
        0.66667        1.97008   1  30
        0.66667        2.10538   1  31
        0.66667        2.10546   1  32
        0.66667        2.11317   1  33
        0.66667        2.11328   1  34
        0.66667        2.58443   1  35
        0.66667        2.58453   1  36
        0.71429       -0.68703   1   1
        0.71429       -0.68701   1   2
        0.71429       -0.29314   1   3
        0.71429       -0.29311   1   4
        0.71429       -0.05417   1   5
        0.71429       -0.05412   1   6
        0.71429       -0.04764   1   7
        0.71429       -0.04758   1   8
        0.71429        0.30486   1   9
        0.71429        0.30492   1  10
        0.71429        0.38022   1  11
        0.71429        0.38025   1  12
        0.71429        0.83853   1  13
        0.71429        0.83858   1  14
        0.71429        0.84264   1  15
        0.71429        0.84268   1  16
        0.71429        0.95446   1  17
        0.71429        0.95453   1  18
        0.71429        1.11231   1  19
        0.71429        1.11232   1  20
        0.71429        1.36488   1  21
        0.71429        1.36490   1  22
        0.71429        1.36853   1  23
        0.71429        1.36857   1  24
        0.71429        1.50828   1  25
        0.71429        1.50830   1  26
        0.71429        1.54448   1  27
        0.71429        1.54473   1  28
        0.71429        2.01538   1  29
        0.71429        2.01545   1  30
        0.71429        2.09451   1  31
        0.71429        2.09453   1  32
        0.71429        2.10109   1  33
        0.71429        2.10112   1  34
        0.71429        2.56373   1  35
        0.71429        2.56379   1  36
        0.76190       -0.67187   1   1
        0.76190       -0.67186   1   2
        0.76190       -0.31731   1   3
        0.76190       -0.31730   1   4
        0.76190       -0.06219   1   5
        0.76190       -0.06218   1   6
        0.76190       -0.05611   1   7
        0.76190       -0.05610   1   8
        0.76190        0.29975   1   9
        0.76190        0.29977   1  10
        0.76190        0.36477   1  11
        0.76190        0.36478   1  12
        0.76190        0.87030   1  13
        0.76190        0.87031   1  14
        0.76190        0.87451   1  15
        0.76190        0.87452   1  16
        0.76190        0.98983   1  17
        0.76190        0.98985   1  18
        0.76190        1.13138   1  19
        0.76190        1.13138   1  20
        0.76190        1.34376   1  21
        0.76190        1.34377   1  22
        0.76190        1.34720   1  23
        0.76190        1.34720   1  24
        0.76190        1.46648   1  25
        0.76190        1.46649   1  26
        0.76190        1.49634   1  27
        0.76190        1.49642   1  28
        0.76190        2.06002   1  29
        0.76190        2.06003   1  30
        0.76190        2.09045   1  31
        0.76190        2.09046   1  32
        0.76190        2.09551   1  33
        0.76190        2.09552   1  34
        0.76190        2.53930   1  35
        0.76190        2.53932   1  36
        0.80952       -0.65755   1   1
        0.80952       -0.65752   1   2
        0.80952       -0.33891   1   3
        0.80952       -0.33888   1   4
        0.80952       -0.06829   1   5
        0.80952       -0.06827   1   6
        0.80952       -0.06379   1   7
        0.80952       -0.06376   1   8
        0.80952        0.29628   1   9
        0.80952        0.29637   1  10
        0.80952        0.35078   1  11
        0.80952        0.35081   1  12
        0.80952        0.90101   1  13
        0.80952        0.90108   1  14
        0.80952        0.90447   1  15
        0.80952        0.90453   1  16
        0.80952        1.02462   1  17
        0.80952        1.02473   1  18
        0.80952        1.15128   1  19
        0.80952        1.15130   1  20
        0.80952        1.32199   1  21
        0.80952        1.32204   1  22
        0.80952        1.32501   1  23
        0.80952        1.32503   1  24
        0.80952        1.42894   1  25
        0.80952        1.42897   1  26
        0.80952        1.44785   1  27
        0.80952        1.44815   1  28
        0.80952        2.09011   1  29
        0.80952        2.09017   1  30
        0.80952        2.09457   1  31
        0.80952        2.09467   1  32
        0.80952        2.10750   1  33
        0.80952        2.10758   1  34
        0.80952        2.50832   1  35
        0.80952        2.50842   1  36
        0.85714       -0.64480   1   1
        0.85714       -0.64477   1   2
        0.85714       -0.35706   1   3
        0.85714       -0.35704   1   4
        0.85714       -0.07227   1   5
        0.85714       -0.07224   1   6
        0.85714       -0.07048   1   7
        0.85714       -0.07046   1   8
        0.85714        0.29441   1   9
        0.85714        0.29453   1  10
        0.85714        0.33845   1  11
        0.85714        0.33849   1  12
        0.85714        0.92890   1  13
        0.85714        0.92903   1  14
        0.85714        0.93079   1  15
        0.85714        0.93087   1  16
        0.85714        1.05655   1  17
        0.85714        1.05672   1  18
        0.85714        1.17230   1  19
        0.85714        1.17233   1  20
        0.85714        1.30147   1  21
        0.85714        1.30155   1  22
        0.85714        1.30363   1  23
        0.85714        1.30365   1  24
        0.85714        1.39683   1  25
        0.85714        1.39686   1  26
        0.85714        1.40156   1  27
        0.85714        1.40189   1  28
        0.85714        2.09046   1  29
        0.85714        2.09058   1  30
        0.85714        2.09629   1  31
        0.85714        2.09646   1  32
        0.85714        2.15822   1  33
        0.85714        2.15830   1  34
        0.85714        2.47091   1  35
        0.85714        2.47103   1  36
        0.90476       -0.63457   1   1
        0.90476       -0.63455   1   2
        0.90476       -0.37089   1   3
        0.90476       -0.37089   1   4
        0.90476       -0.07584   1   5
        0.90476       -0.07581   1   6
        0.90476       -0.07438   1   7
        0.90476       -0.07433   1   8
        0.90476        0.29401   1   9
        0.90476        0.29410   1  10
        0.90476        0.32823   1  11
        0.90476        0.32826   1  12
        0.90476        0.95121   1  13
        0.90476        0.95136   1  14
        0.90476        0.95197   1  15
        0.90476        0.95204   1  16
        0.90476        1.08290   1  17
        0.90476        1.08305   1  18
        0.90476        1.19328   1  19
        0.90476        1.19330   1  20
        0.90476        1.28398   1  21
        0.90476        1.28404   1  22
        0.90476        1.28552   1  23
        0.90476        1.28553   1  24
        0.90476        1.36161   1  25
        0.90476        1.36182   1  26
        0.90476        1.37068   1  27
        0.90476        1.37071   1  28
        0.90476        2.09115   1  29
        0.90476        2.09129   1  30
        0.90476        2.09759   1  31
        0.90476        2.09774   1  32
        0.90476        2.20882   1  33
        0.90476        2.20888   1  34
        0.90476        2.43044   1  35
        0.90476        2.43054   1  36
        0.95238       -0.62787   1   1
        0.95238       -0.62787   1   2
        0.95238       -0.37962   1   3
        0.95238       -0.37962   1   4
        0.95238       -0.07941   1   5
        0.95238       -0.07939   1   6
        0.95238       -0.07517   1   7
        0.95238       -0.07514   1   8
        0.95238        0.29461   1   9
        0.95238        0.29464   1  10
        0.95238        0.32099   1  11
        0.95238        0.32101   1  12
        0.95238        0.96506   1  13
        0.95238        0.96509   1  14
        0.95238        0.96659   1  15
        0.95238        0.96662   1  16
        0.95238        1.10083   1  17
        0.95238        1.10088   1  18
        0.95238        1.21052   1  19
        0.95238        1.21053   1  20
        0.95238        1.27198   1  21
        0.95238        1.27200   1  22
        0.95238        1.27315   1  23
        0.95238        1.27316   1  24
        0.95238        1.33367   1  25
        0.95238        1.33373   1  26
        0.95238        1.35197   1  27
        0.95238        1.35198   1  28
        0.95238        2.09259   1  29
        0.95238        2.09267   1  30
        0.95238        2.09718   1  31
        0.95238        2.09726   1  32
        0.95238        2.25241   1  33
        0.95238        2.25243   1  34
        0.95238        2.39329   1  35
        0.95238        2.39334   1  36
        1.00000       -0.62553   1   1
        1.00000       -0.62553   1   2
        1.00000       -0.38262   1   3
        1.00000       -0.38262   1   4
        1.00000       -0.08092   1   5
        1.00000       -0.08092   1   6
        1.00000       -0.07511   1   7
        1.00000       -0.07511   1   8
        1.00000        0.29510   1   9
        1.00000        0.29510   1  10
        1.00000        0.31824   1  11
        1.00000        0.31824   1  12
        1.00000        0.96981   1  13
        1.00000        0.96981   1  14
        1.00000        0.97168   1  15
        1.00000        0.97168   1  16
        1.00000        1.10740   1  17
        1.00000        1.10740   1  18
        1.00000        1.21763   1  19
        1.00000        1.21763   1  20
        1.00000        1.26805   1  21
        1.00000        1.26805   1  22
        1.00000        1.26837   1  23
        1.00000        1.26837   1  24
        1.00000        1.32346   1  25
        1.00000        1.32346   1  26
        1.00000        1.34472   1  27
        1.00000        1.34472   1  28
        1.00000        2.09389   1  29
        1.00000        2.09389   1  30
        1.00000        2.09620   1  31
        1.00000        2.09620   1  32
        1.00000        2.27314   1  33
        1.00000        2.27314   1  34
        1.00000        2.37480   1  35
        1.00000        2.37480   1  36
        1.00000       -0.62553   1   1
        1.00000       -0.62553   1   2
        1.00000       -0.38262   1   3
        1.00000       -0.38262   1   4
        1.00000       -0.08092   1   5
        1.00000       -0.08092   1   6
        1.00000       -0.07511   1   7
        1.00000       -0.07511   1   8
        1.00000        0.29510   1   9
        1.00000        0.29510   1  10
        1.00000        0.31824   1  11
        1.00000        0.31824   1  12
        1.00000        0.96981   1  13
        1.00000        0.96981   1  14
        1.00000        0.97168   1  15
        1.00000        0.97168   1  16
        1.00000        1.10740   1  17
        1.00000        1.10740   1  18
        1.00000        1.21763   1  19
        1.00000        1.21763   1  20
        1.00000        1.26805   1  21
        1.00000        1.26805   1  22
        1.00000        1.26837   1  23
        1.00000        1.26837   1  24
        1.00000        1.32346   1  25
        1.00000        1.32346   1  26
        1.00000        1.34472   1  27
        1.00000        1.34472   1  28
        1.00000        2.09389   1  29
        1.00000        2.09389   1  30
        1.00000        2.09620   1  31
        1.00000        2.09620   1  32
        1.00000        2.27314   1  33
        1.00000        2.27314   1  34
        1.00000        2.37480   1  35
        1.00000        2.37480   1  36
        1.05893       -0.62542   1   1
        1.05893       -0.62533   1   2
        1.05893       -0.38249   1   3
        1.05893       -0.38185   1   4
        1.05893       -0.08677   1   5
        1.05893       -0.08477   1   6
        1.05893       -0.07552   1   7
        1.05893       -0.07459   1   8
        1.05893        0.29917   1   9
        1.05893        0.30001   1  10
        1.05893        0.32371   1  11
        1.05893        0.32529   1  12
        1.05893        0.95890   1  13
        1.05893        0.96261   1  14
        1.05893        0.96358   1  15
        1.05893        0.96462   1  16
        1.05893        1.09335   1  17
        1.05893        1.10029   1  18
        1.05893        1.20372   1  19
        1.05893        1.20482   1  20
        1.05893        1.25973   1  21
        1.05893        1.26386   1  22
        1.05893        1.27279   1  23
        1.05893        1.27472   1  24
        1.05893        1.34981   1  25
        1.05893        1.35003   1  26
        1.05893        1.36103   1  27
        1.05893        1.36223   1  28
        1.05893        2.08791   1  29
        1.05893        2.08861   1  30
        1.05893        2.09765   1  31
        1.05893        2.09791   1  32
        1.05893        2.26479   1  33
        1.05893        2.26488   1  34
        1.05893        2.36396   1  35
        1.05893        2.36406   1  36
        1.11785       -0.62506   1   1
        1.11785       -0.62488   1   2
        1.11785       -0.38146   1   3
        1.11785       -0.38002   1   4
        1.11785       -0.10086   1   5
        1.11785       -0.09786   1   6
        1.11785       -0.07391   1   7
        1.11785       -0.07291   1   8
        1.11785        0.30618   1   9
        1.11785        0.30718   1  10
        1.11785        0.34648   1  11
        1.11785        0.34885   1  12
        1.11785        0.93553   1  13
        1.11785        0.94016   1  14
        1.11785        0.94331   1  15
        1.11785        0.94377   1  16
        1.11785        1.06077   1  17
        1.11785        1.07064   1  18
        1.11785        1.17076   1  19
        1.11785        1.17153   1  20
        1.11785        1.26588   1  21
        1.11785        1.26990   1  22
        1.11785        1.29492   1  23
        1.11785        1.29674   1  24
        1.11785        1.39520   1  25
        1.11785        1.39532   1  26
        1.11785        1.39959   1  27
        1.11785        1.39986   1  28
        1.11785        2.06711   1  29
        1.11785        2.06803   1  30
        1.11785        2.10374   1  31
        1.11785        2.10397   1  32
        1.11785        2.23574   1  33
        1.11785        2.23601   1  34
        1.11785        2.33809   1  35
        1.11785        2.33832   1  36
        1.17678       -0.62467   1   1
        1.17678       -0.62444   1   2
        1.17678       -0.37947   1   3
        1.17678       -0.37735   1   4
        1.17678       -0.12004   1   5
        1.17678       -0.11684   1   6
        1.17678       -0.06944   1   7
        1.17678       -0.06873   1   8
        1.17678        0.31289   1   9
        1.17678        0.31350   1  10
        1.17678        0.38553   1  11
        1.17678        0.38791   1  12
        1.17678        0.90560   1  13
        1.17678        0.90969   1  14
        1.17678        0.91432   1  15
        1.17678        0.91458   1  16
        1.17678        1.01760   1  17
        1.17678        1.02689   1  18
        1.17678        1.13020   1  19
        1.17678        1.13058   1  20
        1.17678        1.28921   1  21
        1.17678        1.29152   1  22
        1.17678        1.32875   1  23
        1.17678        1.33019   1  24
        1.17678        1.43331   1  25
        1.17678        1.43421   1  26
        1.17678        1.45072   1  27
        1.17678        1.45201   1  28
        1.17678        2.03005   1  29
        1.17678        2.03093   1  30
        1.17678        2.11189   1  31
        1.17678        2.11211   1  32
        1.17678        2.18124   1  33
        1.17678        2.18159   1  34
        1.17678        2.31010   1  35
        1.17678        2.31041   1  36
        1.23570       -0.62472   1   1
        1.23570       -0.62447   1   2
        1.23570       -0.37667   1   3
        1.23570       -0.37403   1   4
        1.23570       -0.14003   1   5
        1.23570       -0.13678   1   6
        1.23570       -0.06282   1   7
        1.23570       -0.06238   1   8
        1.23570        0.32055   1   9
        1.23570        0.32086   1  10
        1.23570        0.43476   1  11
        1.23570        0.43725   1  12
        1.23570        0.87310   1  13
        1.23570        0.87607   1  14
        1.23570        0.88096   1  15
        1.23570        0.88174   1  16
        1.23570        0.97054   1  17
        1.23570        0.97871   1  18
        1.23570        1.08668   1  19
        1.23570        1.08685   1  20
        1.23570        1.32059   1  21
        1.23570        1.32166   1  22
        1.23570        1.36771   1  23
        1.23570        1.36891   1  24
        1.23570        1.47144   1  25
        1.23570        1.47238   1  26
        1.23570        1.50055   1  27
        1.23570        1.50215   1  28
        1.23570        1.97863   1  29
        1.23570        1.97939   1  30
        1.23570        2.11058   1  31
        1.23570        2.11086   1  32
        1.23570        2.12042   1  33
        1.23570        2.12064   1  34
        1.23570        2.28407   1  35
        1.23570        2.28432   1  36
        1.29463       -0.62584   1   1
        1.29463       -0.62559   1   2
        1.29463       -0.37334   1   3
        1.29463       -0.37021   1   4
        1.29463       -0.15773   1   5
        1.29463       -0.15420   1   6
        1.29463       -0.05439   1   7
        1.29463       -0.05415   1   8
        1.29463        0.32972   1   9
        1.29463        0.32983   1  10
        1.29463        0.49018   1  11
        1.29463        0.49315   1  12
        1.29463        0.84041   1  13
        1.29463        0.84191   1  14
        1.29463        0.84683   1  15
        1.29463        0.84857   1  16
        1.29463        0.92304   1  17
        1.29463        0.93067   1  18
        1.29463        1.04209   1  19
        1.29463        1.04216   1  20
        1.29463        1.35444   1  21
        1.29463        1.35485   1  22
        1.29463        1.40820   1  23
        1.29463        1.40928   1  24
        1.29463        1.51068   1  25
        1.29463        1.51167   1  26
        1.29463        1.54598   1  27
        1.29463        1.54777   1  28
        1.29463        1.91897   1  29
        1.29463        1.91975   1  30
        1.29463        2.04008   1  31
        1.29463        2.04021   1  32
        1.29463        2.12926   1  33
        1.29463        2.12942   1  34
        1.29463        2.25807   1  35
        1.29463        2.25817   1  36
        1.35355       -0.62871   1   1
        1.35355       -0.62843   1   2
        1.35355       -0.36944   1   3
        1.35355       -0.36573   1   4
        1.35355       -0.17106   1   5
        1.35355       -0.16693   1   6
        1.35355       -0.04439   1   7
        1.35355       -0.04428   1   8
        1.35355        0.34037   1   9
        1.35355        0.34047   1  10
        1.35355        0.54862   1  11
        1.35355        0.55266   1  12
        1.35355        0.80783   1  13
        1.35355        0.80797   1  14
        1.35355        0.81586   1  15
        1.35355        0.81822   1  16
        1.35355        0.87693   1  17
        1.35355        0.88454   1  18
        1.35355        0.99825   1  19
        1.35355        0.99827   1  20
        1.35355        1.38656   1  21
        1.35355        1.38665   1  22
        1.35355        1.44877   1  23
        1.35355        1.44983   1  24
        1.35355        1.55329   1  25
        1.35355        1.55438   1  26
        1.35355        1.58405   1  27
        1.35355        1.58609   1  28
        1.35355        1.85867   1  29
        1.35355        1.85965   1  30
        1.35355        1.98056   1  31
        1.35355        1.98057   1  32
        1.35355        2.14026   1  33
        1.35355        2.14042   1  34
        1.35355        2.23091   1  35
        1.35355        2.23105   1  36
        1.35355       -0.62871   1   1
        1.35355       -0.62843   1   2
        1.35355       -0.36944   1   3
        1.35355       -0.36573   1   4
        1.35355       -0.17106   1   5
        1.35355       -0.16693   1   6
        1.35355       -0.04439   1   7
        1.35355       -0.04428   1   8
        1.35355        0.34037   1   9
        1.35355        0.34047   1  10
        1.35355        0.54862   1  11
        1.35355        0.55266   1  12
        1.35355        0.80783   1  13
        1.35355        0.80797   1  14
        1.35355        0.81586   1  15
        1.35355        0.81822   1  16
        1.35355        0.87693   1  17
        1.35355        0.88454   1  18
        1.35355        0.99825   1  19
        1.35355        0.99827   1  20
        1.35355        1.38656   1  21
        1.35355        1.38665   1  22
        1.35355        1.44877   1  23
        1.35355        1.44983   1  24
        1.35355        1.55329   1  25
        1.35355        1.55438   1  26
        1.35355        1.58405   1  27
        1.35355        1.58609   1  28
        1.35355        1.85867   1  29
        1.35355        1.85965   1  30
        1.35355        1.98056   1  31
        1.35355        1.98057   1  32
        1.35355        2.14026   1  33
        1.35355        2.14042   1  34
        1.35355        2.23091   1  35
        1.35355        2.23105   1  36
        1.40177       -0.63271   1   1
        1.40177       -0.63245   1   2
        1.40177       -0.36531   1   3
        1.40177       -0.36126   1   4
        1.40177       -0.17765   1   5
        1.40177       -0.17312   1   6
        1.40177       -0.03517   1   7
        1.40177       -0.03507   1   8
        1.40177        0.35002   1   9
        1.40177        0.35027   1  10
        1.40177        0.59571   1  11
        1.40177        0.60127   1  12
        1.40177        0.78048   1  13
        1.40177        0.78075   1  14
        1.40177        0.79666   1  15
        1.40177        0.79777   1  16
        1.40177        0.84137   1  17
        1.40177        0.84869   1  18
        1.40177        0.96440   1  19
        1.40177        0.96443   1  20
        1.40177        1.40847   1  21
        1.40177        1.40863   1  22
        1.40177        1.48200   1  23
        1.40177        1.48311   1  24
        1.40177        1.59119   1  25
        1.40177        1.59238   1  26
        1.40177        1.60455   1  27
        1.40177        1.60677   1  28
        1.40177        1.81456   1  29
        1.40177        1.81556   1  30
        1.40177        1.94405   1  31
        1.40177        1.94416   1  32
        1.40177        2.15278   1  33
        1.40177        2.15298   1  34
        1.40177        2.20771   1  35
        1.40177        2.20805   1  36
        1.44998       -0.63845   1   1
        1.44998       -0.63822   1   2
        1.44998       -0.35977   1   3
        1.44998       -0.35543   1   4
        1.44998       -0.18003   1   5
        1.44998       -0.17517   1   6
        1.44998       -0.02508   1   7
        1.44998       -0.02490   1   8
        1.44998        0.36039   1   9
        1.44998        0.36082   1  10
        1.44998        0.63654   1  11
        1.44998        0.64496   1  12
        1.44998        0.75352   1  13
        1.44998        0.75395   1  14
        1.44998        0.78471   1  15
        1.44998        0.78761   1  16
        1.44998        0.80929   1  17
        1.44998        0.81526   1  18
        1.44998        0.93337   1  19
        1.44998        0.93343   1  20
        1.44998        1.42398   1  21
        1.44998        1.42440   1  22
        1.44998        1.51558   1  23
        1.44998        1.51674   1  24
        1.44998        1.60524   1  25
        1.44998        1.60739   1  26
        1.44998        1.63083   1  27
        1.44998        1.63194   1  28
        1.44998        1.78490   1  29
        1.44998        1.78566   1  30
        1.44998        1.92027   1  31
        1.44998        1.92059   1  32
        1.44998        2.16964   1  33
        1.44998        2.16992   1  34
        1.44998        2.18398   1  35
        1.44998        2.18454   1  36
        1.49819       -0.64600   1   1
        1.49819       -0.64583   1   2
        1.49819       -0.35222   1   3
        1.49819       -0.34775   1   4
        1.49819       -0.17817   1   5
        1.49819       -0.17314   1   6
        1.49819       -0.01415   1   7
        1.49819       -0.01390   1   8
        1.49819        0.37123   1   9
        1.49819        0.37186   1  10
        1.49819        0.66070   1  11
        1.49819        0.67254   1  12
        1.49819        0.72730   1  13
        1.49819        0.72780   1  14
        1.49819        0.77073   1  15
        1.49819        0.78229   1  16
        1.49819        0.80078   1  17
        1.49819        0.80142   1  18
        1.49819        0.90565   1  19
        1.49819        0.90573   1  20
        1.49819        1.42984   1  21
        1.49819        1.43062   1  22
        1.49819        1.54963   1  23
        1.49819        1.55090   1  24
        1.49819        1.58031   1  25
        1.49819        1.58234   1  26
        1.49819        1.66888   1  27
        1.49819        1.67005   1  28
        1.49819        1.77992   1  29
        1.49819        1.78018   1  30
        1.49819        1.90985   1  31
        1.49819        1.91039   1  32
        1.49819        2.16031   1  33
        1.49819        2.16105   1  34
        1.49819        2.19121   1  35
        1.49819        2.19155   1  36
        1.54640       -0.65531   1   1
        1.54640       -0.65522   1   2
        1.54640       -0.34232   1   3
        1.54640       -0.33790   1   4
        1.54640       -0.17235   1   5
        1.54640       -0.16729   1   6
        1.54640       -0.00248   1   7
        1.54640       -0.00221   1   8
        1.54640        0.38221   1   9
        1.54640        0.38307   1  10
        1.54640        0.66376   1  11
        1.54640        0.67653   1  12
        1.54640        0.70201   1  13
        1.54640        0.70254   1  14
        1.54640        0.74360   1  15
        1.54640        0.75398   1  16
        1.54640        0.83683   1  17
        1.54640        0.83952   1  18
        1.54640        0.88128   1  19
        1.54640        0.88138   1  20
        1.54640        1.41953   1  21
        1.54640        1.42058   1  22
        1.54640        1.54547   1  23
        1.54640        1.54776   1  24
        1.54640        1.58442   1  25
        1.54640        1.58536   1  26
        1.54640        1.70226   1  27
        1.54640        1.70344   1  28
        1.54640        1.79458   1  29
        1.54640        1.79507   1  30
        1.54640        1.91347   1  31
        1.54640        1.91417   1  32
        1.54640        2.13802   1  33
        1.54640        2.13897   1  34
        1.54640        2.21659   1  35
        1.54640        2.21698   1  36
        1.59461       -0.66619   1   1
        1.59461       -0.66615   1   2
        1.59461       -0.33004   1   3
        1.59461       -0.32584   1   4
        1.59461       -0.16301   1   5
        1.59461       -0.15805   1   6
        1.59461        0.00973   1   7
        1.59461        0.00995   1   8
        1.59461        0.39286   1   9
        1.59461        0.39399   1  10
        1.59461        0.65596   1  11
        1.59461        0.66825   1  12
        1.59461        0.67786   1  13
        1.59461        0.67842   1  14
        1.59461        0.71711   1  15
        1.59461        0.72733   1  16
        1.59461        0.85999   1  17
        1.59461        0.86008   1  18
        1.59461        0.89394   1  19
        1.59461        0.89621   1  20
        1.59461        1.38703   1  21
        1.59461        1.38784   1  22
        1.59461        1.52353   1  23
        1.59461        1.52530   1  24
        1.59461        1.61830   1  25
        1.59461        1.61928   1  26
        1.59461        1.72813   1  27
        1.59461        1.72931   1  28
        1.59461        1.82074   1  29
        1.59461        1.82180   1  30
        1.59461        1.93161   1  31
        1.59461        1.93234   1  32
        1.59461        2.11853   1  33
        1.59461        2.11969   1  34
        1.59461        2.24481   1  35
        1.59461        2.24520   1  36
        1.64282       -0.67836   1   1
        1.64282       -0.67829   1   2
        1.64282       -0.31556   1   3
        1.64282       -0.31168   1   4
        1.64282       -0.15068   1   5
        1.64282       -0.14590   1   6
        1.64282        0.02222   1   7
        1.64282        0.02236   1   8
        1.64282        0.40255   1   9
        1.64282        0.40400   1  10
        1.64282        0.64576   1  11
        1.64282        0.65498   1  12
        1.64282        0.65582   1  13
        1.64282        0.65779   1  14
        1.64282        0.69270   1  15
        1.64282        0.70291   1  16
        1.64282        0.84160   1  17
        1.64282        0.84169   1  18
        1.64282        0.96132   1  19
        1.64282        0.96296   1  20
        1.64282        1.33980   1  21
        1.64282        1.34017   1  22
        1.64282        1.51491   1  23
        1.64282        1.51609   1  24
        1.64282        1.65050   1  25
        1.64282        1.65149   1  26
        1.64282        1.74529   1  27
        1.64282        1.74648   1  28
        1.64282        1.85523   1  29
        1.64282        1.85689   1  30
        1.64282        1.96321   1  31
        1.64282        1.96384   1  32
        1.64282        2.10343   1  33
        1.64282        2.10491   1  34
        1.64282        2.27505   1  35
        1.64282        2.27543   1  36
        1.69104       -0.69141   1   1
        1.69104       -0.69131   1   2
        1.69104       -0.29900   1   3
        1.69104       -0.29549   1   4
        1.69104       -0.13585   1   5
        1.69104       -0.13130   1   6
        1.69104        0.03473   1   7
        1.69104        0.03478   1   8
        1.69104        0.41052   1   9
        1.69104        0.41235   1  10
        1.69104        0.63238   1  11
        1.69104        0.63352   1  12
        1.69104        0.63879   1  13
        1.69104        0.64795   1  14
        1.69104        0.67136   1  15
        1.69104        0.68133   1  16
        1.69104        0.82603   1  17
        1.69104        0.82610   1  18
        1.69104        1.03381   1  19
        1.69104        1.03491   1  20
        1.69104        1.28840   1  21
        1.69104        1.28848   1  22
        1.69104        1.51159   1  23
        1.69104        1.51236   1  24
        1.69104        1.67910   1  25
        1.69104        1.68012   1  26
        1.69104        1.75496   1  27
        1.69104        1.75618   1  28
        1.69104        1.89594   1  29
        1.69104        1.89812   1  30
        1.69104        2.00422   1  31
        1.69104        2.00436   1  32
        1.69104        2.09519   1  33
        1.69104        2.09740   1  34
        1.69104        2.30711   1  35
        1.69104        2.30745   1  36
        1.73925       -0.70499   1   1
        1.73925       -0.70486   1   2
        1.73925       -0.28023   1   3
        1.73925       -0.27708   1   4
        1.73925       -0.11889   1   5
        1.73925       -0.11464   1   6
        1.73925        0.04701   1   7
        1.73925        0.04708   1   8
        1.73925        0.41607   1   9
        1.73925        0.41829   1  10
        1.73925        0.61320   1  11
        1.73925        0.61349   1  12
        1.73925        0.62880   1  13
        1.73925        0.63560   1  14
        1.73925        0.65714   1  15
        1.73925        0.66448   1  16
        1.73925        0.81355   1  17
        1.73925        0.81361   1  18
        1.73925        1.10664   1  19
        1.73925        1.10734   1  20
        1.73925        1.23632   1  21
        1.73925        1.23638   1  22
        1.73925        1.50953   1  23
        1.73925        1.51003   1  24
        1.73925        1.70027   1  25
        1.73925        1.70131   1  26
        1.73925        1.76227   1  27
        1.73925        1.76344   1  28
        1.73925        1.93983   1  29
        1.73925        1.94228   1  30
        1.73925        2.04041   1  31
        1.73925        2.04164   1  32
        1.73925        2.10290   1  33
        1.73925        2.10652   1  34
        1.73925        2.34120   1  35
        1.73925        2.34152   1  36
        1.78746       -0.71878   1   1
        1.78746       -0.71864   1   2
        1.78746       -0.25894   1   3
        1.78746       -0.25612   1   4
        1.78746       -0.10005   1   5
        1.78746       -0.09617   1   6
        1.78746        0.05896   1   7
        1.78746        0.05909   1   8
        1.78746        0.41873   1   9
        1.78746        0.42129   1  10
        1.78746        0.59477   1  11
        1.78746        0.59492   1  12
        1.78746        0.61587   1  13
        1.78746        0.61793   1  14
        1.78746        0.65204   1  15
        1.78746        0.65501   1  16
        1.78746        0.80466   1  17
        1.78746        0.80472   1  18
        1.78746        1.17397   1  19
        1.78746        1.17442   1  20
        1.78746        1.18471   1  21
        1.78746        1.18488   1  22
        1.78746        1.50712   1  23
        1.78746        1.50745   1  24
        1.78746        1.70769   1  25
        1.78746        1.70843   1  26
        1.78746        1.77644   1  27
        1.78746        1.77720   1  28
        1.78746        1.98331   1  29
        1.78746        1.98572   1  30
        1.78746        2.05397   1  31
        1.78746        2.05528   1  32
        1.78746        2.14076   1  33
        1.78746        2.14434   1  34
        1.78746        2.37732   1  35
        1.78746        2.37765   1  36
        1.83567       -0.73251   1   1
        1.83567       -0.73235   1   2
        1.83567       -0.23489   1   3
        1.83567       -0.23236   1   4
        1.83567       -0.07955   1   5
        1.83567       -0.07607   1   6
        1.83567        0.07049   1   7
        1.83567        0.07064   1   8
        1.83567        0.41833   1   9
        1.83567        0.42117   1  10
        1.83567        0.57761   1  11
        1.83567        0.57776   1  12
        1.83567        0.59892   1  13
        1.83567        0.59954   1  14
        1.83567        0.65055   1  15
        1.83567        0.65127   1  16
        1.83567        0.79992   1  17
        1.83567        0.79999   1  18
        1.83567        1.13144   1  19
        1.83567        1.13158   1  20
        1.83567        1.23470   1  21
        1.83567        1.23492   1  22
        1.83567        1.50341   1  23
        1.83567        1.50364   1  24
        1.83567        1.70140   1  25
        1.83567        1.70179   1  26
        1.83567        1.80016   1  27
        1.83567        1.80051   1  28
        1.83567        2.02321   1  29
        1.83567        2.02532   1  30
        1.83567        2.05675   1  31
        1.83567        2.05774   1  32
        1.83567        2.19065   1  33
        1.83567        2.19354   1  34
        1.83567        2.41459   1  35
        1.83567        2.41494   1  36
        1.88388       -0.74593   1   1
        1.88388       -0.74577   1   2
        1.88388       -0.20814   1   3
        1.88388       -0.20586   1   4
        1.88388       -0.05764   1   5
        1.88388       -0.05450   1   6
        1.88388        0.08147   1   7
        1.88388        0.08163   1   8
        1.88388        0.41510   1   9
        1.88388        0.41811   1  10
        1.88388        0.56168   1  11
        1.88388        0.56197   1  12
        1.88388        0.58063   1  13
        1.88388        0.58226   1  14
        1.88388        0.64893   1  15
        1.88388        0.64910   1  16
        1.88388        0.79971   1  17
        1.88388        0.79981   1  18
        1.88388        1.08177   1  19
        1.88388        1.08194   1  20
        1.88388        1.28375   1  21
        1.88388        1.28390   1  22
        1.88388        1.49746   1  23
        1.88388        1.49763   1  24
        1.88388        1.68717   1  25
        1.88388        1.68738   1  26
        1.88388        1.82969   1  27
        1.88388        1.82989   1  28
        1.88388        2.05399   1  29
        1.88388        2.05442   1  30
        1.88388        2.06331   1  31
        1.88388        2.06549   1  32
        1.88388        2.23792   1  33
        1.88388        2.24025   1  34
        1.88388        2.45085   1  35
        1.88388        2.45120   1  36
        1.93210       -0.75883   1   1
        1.93210       -0.75868   1   2
        1.93210       -0.17918   1   3
        1.93210       -0.17709   1   4
        1.93210       -0.03462   1   5
        1.93210       -0.03168   1   6
        1.93210        0.09177   1   7
        1.93210        0.09190   1   8
        1.93210        0.40952   1   9
        1.93210        0.41267   1  10
        1.93210        0.54696   1  11
        1.93210        0.54746   1  12
        1.93210        0.56353   1  13
        1.93210        0.56550   1  14
        1.93210        0.64510   1  15
        1.93210        0.64564   1  16
        1.93210        0.80411   1  17
        1.93210        0.80422   1  18
        1.93210        1.03788   1  19
        1.93210        1.03807   1  20
        1.93210        1.32239   1  21
        1.93210        1.32249   1  22
        1.93210        1.48817   1  23
        1.93210        1.48831   1  24
        1.93210        1.66757   1  25
        1.93210        1.66770   1  26
        1.93210        1.86301   1  27
        1.93210        1.86320   1  28
        1.93210        2.06207   1  29
        1.93210        2.06218   1  30
        1.93210        2.09184   1  31
        1.93210        2.09393   1  32
        1.93210        2.27759   1  33
        1.93210        2.27952   1  34
        1.93210        2.48290   1  35
        1.93210        2.48322   1  36
        1.98031       -0.77103   1   1
        1.98031       -0.77090   1   2
        1.98031       -0.14868   1   3
        1.98031       -0.14671   1   4
        1.98031       -0.01090   1   5
        1.98031       -0.00796   1   6
        1.98031        0.10120   1   7
        1.98031        0.10129   1   8
        1.98031        0.40224   1   9
        1.98031        0.40556   1  10
        1.98031        0.53348   1  11
        1.98031        0.53421   1  12
        1.98031        0.54778   1  13
        1.98031        0.54984   1  14
        1.98031        0.63794   1  15
        1.98031        0.63870   1  16
        1.98031        0.81279   1  17
        1.98031        0.81290   1  18
        1.98031        1.00247   1  19
        1.98031        1.00265   1  20
        1.98031        1.35133   1  21
        1.98031        1.35139   1  22
        1.98031        1.47439   1  23
        1.98031        1.47449   1  24
        1.98031        1.64216   1  25
        1.98031        1.64224   1  26
        1.98031        1.89892   1  27
        1.98031        1.89914   1  28
        1.98031        2.07284   1  29
        1.98031        2.07293   1  30
        1.98031        2.12225   1  31
        1.98031        2.12393   1  32
        1.98031        2.30646   1  33
        1.98031        2.30806   1  34
        1.98031        2.50706   1  35
        1.98031        2.50732   1  36
        2.02852       -0.78238   1   1
        2.02852       -0.78229   1   2
        2.02852       -0.11712   1   3
        2.02852       -0.11518   1   4
        2.02852        0.01305   1   5
        2.02852        0.01623   1   6
        2.02852        0.10961   1   7
        2.02852        0.10965   1   8
        2.02852        0.39376   1   9
        2.02852        0.39732   1  10
        2.02852        0.52131   1  11
        2.02852        0.52226   1  12
        2.02852        0.53341   1  13
        2.02852        0.53559   1  14
        2.02852        0.62605   1  15
        2.02852        0.62706   1  16
        2.02852        0.82518   1  17
        2.02852        0.82530   1  18
        2.02852        0.97645   1  19
        2.02852        0.97662   1  20
        2.02852        1.37073   1  21
        2.02852        1.37075   1  22
        2.02852        1.45504   1  23
        2.02852        1.45509   1  24
        2.02852        1.60917   1  25
        2.02852        1.60921   1  26
        2.02852        1.93593   1  27
        2.02852        1.93616   1  28
        2.02852        2.08981   1  29
        2.02852        2.08991   1  30
        2.02852        2.15546   1  31
        2.02852        2.15654   1  32
        2.02852        2.32165   1  33
        2.02852        2.32272   1  34
        2.02852        2.51987   1  35
        2.02852        2.52012   1  36
        2.07673       -0.79276   1   1
        2.07673       -0.79269   1   2
        2.07673       -0.08444   1   3
        2.07673       -0.08245   1   4
        2.07673        0.03662   1   5
        2.07673        0.04031   1   6
        2.07673        0.11687   1   7
        2.07673        0.11694   1   8
        2.07673        0.38412   1   9
        2.07673        0.38793   1  10
        2.07673        0.51032   1  11
        2.07673        0.51159   1  12
        2.07673        0.52060   1  13
        2.07673        0.52295   1  14
        2.07673        0.60832   1  15
        2.07673        0.60977   1  16
        2.07673        0.84059   1  17
        2.07673        0.84071   1  18
        2.07673        0.95910   1  19
        2.07673        0.95925   1  20
        2.07673        1.37956   1  21
        2.07673        1.37968   1  22
        2.07673        1.42936   1  23
        2.07673        1.42956   1  24
        2.07673        1.56687   1  25
        2.07673        1.56690   1  26
        2.07673        1.97223   1  27
        2.07673        1.97245   1  28
        2.07673        2.11089   1  29
        2.07673        2.11093   1  30
        2.07673        2.19332   1  31
        2.07673        2.19344   1  32
        2.07673        2.32122   1  33
        2.07673        2.32130   1  34
        2.07673        2.51885   1  35
        2.07673        2.51916   1  36
        2.12494       -0.80204   1   1
        2.12494       -0.80200   1   2
        2.12494       -0.05003   1   3
        2.12494       -0.04797   1   4
        2.12494        0.05922   1   5
        2.12494        0.06340   1   6
        2.12494        0.12300   1   7
        2.12494        0.12317   1   8
        2.12494        0.37282   1   9
        2.12494        0.37662   1  10
        2.12494        0.50023   1  11
        2.12494        0.50209   1  12
        2.12494        0.50987   1  13
        2.12494        0.51202   1  14
        2.12494        0.58460   1  15
        2.12494        0.58657   1  16
        2.12494        0.85832   1  17
        2.12494        0.85846   1  18
        2.12494        0.94893   1  19
        2.12494        0.94908   1  20
        2.12494        1.37609   1  21
        2.12494        1.37644   1  22
        2.12494        1.39789   1  23
        2.12494        1.39830   1  24
        2.12494        1.51482   1  25
        2.12494        1.51490   1  26
        2.12494        2.00634   1  27
        2.12494        2.00655   1  28
        2.12494        2.13129   1  29
        2.12494        2.13187   1  30
        2.12494        2.23198   1  31
        2.12494        2.23339   1  32
        2.12494        2.30395   1  33
        2.12494        2.30587   1  34
        2.12494        2.50320   1  35
        2.12494        2.50360   1  36
        2.17315       -0.81012   1   1
        2.17315       -0.81010   1   2
        2.17315       -0.01322   1   3
        2.17315       -0.01116   1   4
        2.17315        0.08014   1   5
        2.17315        0.08441   1   6
        2.17315        0.12821   1   7
        2.17315        0.12850   1   8
        2.17315        0.35879   1   9
        2.17315        0.36207   1  10
        2.17315        0.49115   1  11
        2.17315        0.49366   1  12
        2.17315        0.50135   1  13
        2.17315        0.50284   1  14
        2.17315        0.55682   1  15
        2.17315        0.55916   1  16
        2.17315        0.87770   1  17
        2.17315        0.87784   1  18
        2.17315        0.94437   1  19
        2.17315        0.94451   1  20
        2.17315        1.35621   1  21
        2.17315        1.35646   1  22
        2.17315        1.36592   1  23
        2.17315        1.36618   1  24
        2.17315        1.45481   1  25
        2.17315        1.45491   1  26
        2.17315        2.03773   1  27
        2.17315        2.03799   1  28
        2.17315        2.14713   1  29
        2.17315        2.14854   1  30
        2.17315        2.26015   1  31
        2.17315        2.26772   1  32
        2.17315        2.27582   1  33
        2.17315        2.28472   1  34
        2.17315        2.47424   1  35
        2.17315        2.47471   1  36
        2.22137       -0.81689   1   1
        2.22137       -0.81688   1   2
        2.22137        0.02566   1   3
        2.22137        0.02756   1   4
        2.22137        0.09849   1   5
        2.22137        0.10225   1   6
        2.22137        0.13277   1   7
        2.22137        0.13309   1   8
        2.22137        0.34091   1   9
        2.22137        0.34317   1  10
        2.22137        0.48373   1  11
        2.22137        0.48634   1  12
        2.22137        0.49458   1  13
        2.22137        0.49538   1  14
        2.22137        0.52930   1  15
        2.22137        0.53165   1  16
        2.22137        0.89790   1  17
        2.22137        0.89804   1  18
        2.22137        0.94393   1  19
        2.22137        0.94407   1  20
        2.22137        1.32039   1  21
        2.22137        1.32055   1  22
        2.22137        1.33700   1  23
        2.22137        1.33716   1  24
        2.22137        1.39120   1  25
        2.22137        1.39128   1  26
        2.22137        2.06698   1  27
        2.22137        2.06731   1  28
        2.22137        2.15666   1  29
        2.22137        2.15874   1  30
        2.22137        2.23927   1  31
        2.22137        2.23964   1  32
        2.22137        2.29431   1  33
        2.22137        2.29618   1  34
        2.22137        2.43548   1  35
        2.22137        2.43596   1  36
        2.26958       -0.82226   1   1
        2.26958       -0.82225   1   2
        2.26958        0.06411   1   3
        2.26958        0.06565   1   4
        2.26958        0.11348   1   5
        2.26958        0.11620   1   6
        2.26958        0.13691   1   7
        2.26958        0.13711   1   8
        2.26958        0.31926   1   9
        2.26958        0.32042   1  10
        2.26958        0.47826   1  11
        2.26958        0.48024   1  12
        2.26958        0.48925   1  13
        2.26958        0.48958   1  14
        2.26958        0.50697   1  15
        2.26958        0.50880   1  16
        2.26958        0.91780   1  17
        2.26958        0.91793   1  18
        2.26958        0.94613   1  19
        2.26958        0.94626   1  20
        2.26958        1.28517   1  21
        2.26958        1.28526   1  22
        2.26958        1.30288   1  23
        2.26958        1.30303   1  24
        2.26958        1.33033   1  25
        2.26958        1.33039   1  26
        2.26958        2.09494   1  27
        2.26958        2.09534   1  28
        2.26958        2.16044   1  29
        2.26958        2.16248   1  30
        2.26958        2.20759   1  31
        2.26958        2.20938   1  32
        2.26958        2.30563   1  33
        2.26958        2.30632   1  34
        2.26958        2.39192   1  35
        2.26958        2.39234   1  36
        2.31779       -0.82614   1   1
        2.31779       -0.82614   1   2
        2.31779        0.09669   1   3
        2.31779        0.09764   1   4
        2.31779        0.12541   1   5
        2.31779        0.12686   1   6
        2.31779        0.14063   1   7
        2.31779        0.14072   1   8
        2.31779        0.29662   1   9
        2.31779        0.29703   1  10
        2.31779        0.47428   1  11
        2.31779        0.47521   1  12
        2.31779        0.48548   1  13
        2.31779        0.48560   1  14
        2.31779        0.49250   1  15
        2.31779        0.49338   1  16
        2.31779        0.93560   1  17
        2.31779        0.93570   1  18
        2.31779        0.94945   1  19
        2.31779        0.94954   1  20
        2.31779        1.25677   1  21
        2.31779        1.25683   1  22
        2.31779        1.26867   1  23
        2.31779        1.26878   1  24
        2.31779        1.27937   1  25
        2.31779        1.27944   1  26
        2.31779        2.12061   1  27
        2.31779        2.12113   1  28
        2.31779        2.16102   1  29
        2.31779        2.16203   1  30
        2.31779        2.18509   1  31
        2.31779        2.18648   1  32
        2.31779        2.30644   1  33
        2.31779        2.30676   1  34
        2.31779        2.34939   1  35
        2.31779        2.34970   1  36
        2.36600       -0.82849   1   1
        2.36600       -0.82849   1   2
        2.36600        0.11516   1   3
        2.36600        0.11533   1   4
        2.36600        0.13734   1   5
        2.36600        0.13763   1   6
        2.36600        0.14340   1   7
        2.36600        0.14348   1   8
        2.36600        0.27836   1   9
        2.36600        0.27842   1  10
        2.36600        0.47125   1  11
        2.36600        0.47140   1  12
        2.36600        0.48347   1  13
        2.36600        0.48351   1  14
        2.36600        0.48526   1  15
        2.36600        0.48541   1  16
        2.36600        0.94857   1  17
        2.36600        0.94862   1  18
        2.36600        0.95231   1  19
        2.36600        0.95236   1  20
        2.36600        1.23852   1  21
        2.36600        1.23858   1  22
        2.36600        1.24284   1  23
        2.36600        1.24291   1  24
        2.36600        1.24527   1  25
        2.36600        1.24533   1  26
        2.36600        2.13668   1  27
        2.36600        2.13713   1  28
        2.36600        2.16469   1  29
        2.36600        2.16503   1  30
        2.36600        2.17377   1  31
        2.36600        2.17417   1  32
        2.36600        2.30284   1  33
        2.36600        2.30298   1  34
        2.36600        2.31517   1  35
        2.36600        2.31533   1  36
        2.41421       -0.82928   1   1
        2.41421       -0.82928   1   2
        2.41421        0.11952   1   3
        2.41421        0.11952   1   4
        2.41421        0.14419   1   5
        2.41421        0.14419   1   6
        2.41421        0.14419   1   7
        2.41421        0.14419   1   8
        2.41421        0.27102   1   9
        2.41421        0.27102   1  10
        2.41421        0.46997   1  11
        2.41421        0.46997   1  12
        2.41421        0.48302   1  13
        2.41421        0.48302   1  14
        2.41421        0.48302   1  15
        2.41421        0.48302   1  16
        2.41421        0.95345   1  17
        2.41421        0.95345   1  18
        2.41421        0.95345   1  19
        2.41421        0.95345   1  20
        2.41421        1.23158   1  21
        2.41421        1.23158   1  22
        2.41421        1.23356   1  23
        2.41421        1.23356   1  24
        2.41421        1.23356   1  25
        2.41421        1.23356   1  26
        2.41421        2.13963   1  27
        2.41421        2.13963   1  28
        2.41421        2.17056   1  29
        2.41421        2.17056   1  30
        2.41421        2.17056   1  31
        2.41421        2.17056   1  32
        2.41421        2.30086   1  33
        2.41421        2.30086   1  34
        2.41421        2.30086   1  35
        2.41421        2.30086   1  36
        2.41421       -0.82928   1   1
        2.41421       -0.82928   1   2
        2.41421        0.11952   1   3
        2.41421        0.11952   1   4
        2.41421        0.14419   1   5
        2.41421        0.14419   1   6
        2.41421        0.14419   1   7
        2.41421        0.14419   1   8
        2.41421        0.27102   1   9
        2.41421        0.27102   1  10
        2.41421        0.46997   1  11
        2.41421        0.46997   1  12
        2.41421        0.48302   1  13
        2.41421        0.48302   1  14
        2.41421        0.48302   1  15
        2.41421        0.48302   1  16
        2.41421        0.95345   1  17
        2.41421        0.95345   1  18
        2.41421        0.95345   1  19
        2.41421        0.95345   1  20
        2.41421        1.23158   1  21
        2.41421        1.23158   1  22
        2.41421        1.23356   1  23
        2.41421        1.23356   1  24
        2.41421        1.23356   1  25
        2.41421        1.23356   1  26
        2.41421        2.13963   1  27
        2.41421        2.13963   1  28
        2.41421        2.17056   1  29
        2.41421        2.17056   1  30
        2.41421        2.17056   1  31
        2.41421        2.17056   1  32
        2.41421        2.30086   1  33
        2.41421        2.30086   1  34
        2.41421        2.30086   1  35
        2.41421        2.30086   1  36
        2.46233       -0.82850   1   1
        2.46233       -0.82850   1   2
        2.46233        0.11601   1   3
        2.46233        0.11604   1   4
        2.46233        0.13738   1   5
        2.46233        0.13742   1   6
        2.46233        0.14279   1   7
        2.46233        0.14288   1   8
        2.46233        0.27831   1   9
        2.46233        0.27832   1  10
        2.46233        0.47186   1  11
        2.46233        0.47187   1  12
        2.46233        0.48387   1  13
        2.46233        0.48388   1  14
        2.46233        0.48443   1  15
        2.46233        0.48444   1  16
        2.46233        0.95047   1  17
        2.46233        0.95049   1  18
        2.46233        0.95051   1  19
        2.46233        0.95053   1  20
        2.46233        1.23943   1  21
        2.46233        1.23946   1  22
        2.46233        1.24307   1  23
        2.46233        1.24309   1  24
        2.46233        1.24403   1  25
        2.46233        1.24414   1  26
        2.46233        2.13839   1  27
        2.46233        2.13861   1  28
        2.46233        2.16317   1  29
        2.46233        2.16353   1  30
        2.46233        2.17370   1  31
        2.46233        2.17377   1  32
        2.46233        2.30962   1  33
        2.46233        2.30965   1  34
        2.46233        2.31044   1  35
        2.46233        2.31071   1  36
        2.51044       -0.82616   1   1
        2.51044       -0.82615   1   2
        2.51044        0.09656   1   3
        2.51044        0.09663   1   4
        2.51044        0.12823   1   5
        2.51044        0.12825   1   6
        2.51044        0.13959   1   7
        2.51044        0.13975   1   8
        2.51044        0.29609   1   9
        2.51044        0.29612   1  10
        2.51044        0.47679   1  11
        2.51044        0.47681   1  12
        2.51044        0.48780   1  13
        2.51044        0.48785   1  14
        2.51044        0.48885   1  15
        2.51044        0.48889   1  16
        2.51044        0.94270   1  17
        2.51044        0.94274   1  18
        2.51044        0.94278   1  19
        2.51044        0.94282   1  20
        2.51044        1.25646   1  21
        2.51044        1.25651   1  22
        2.51044        1.27357   1  23
        2.51044        1.27359   1  24
        2.51044        1.27461   1  25
        2.51044        1.27479   1  26
        2.51044        2.13003   1  27
        2.51044        2.13040   1  28
        2.51044        2.14850   1  29
        2.51044        2.14892   1  30
        2.51044        2.18919   1  31
        2.51044        2.18933   1  32
        2.51044        2.33403   1  33
        2.51044        2.33408   1  34
        2.51044        2.33631   1  35
        2.51044        2.33681   1  36
        2.55855       -0.82229   1   1
        2.55855       -0.82228   1   2
        2.55855        0.06161   1   3
        2.55855        0.06168   1   4
        2.55855        0.12167   1   5
        2.55855        0.12169   1   6
        2.55855        0.13494   1   7
        2.55855        0.13513   1   8
        2.55855        0.31676   1   9
        2.55855        0.31681   1  10
        2.55855        0.48496   1  11
        2.55855        0.48498   1  12
        2.55855        0.49476   1  13
        2.55855        0.49483   1  14
        2.55855        0.49850   1  15
        2.55855        0.49857   1  16
        2.55855        0.93231   1  17
        2.55855        0.93238   1  18
        2.55855        0.93242   1  19
        2.55855        0.93248   1  20
        2.55855        1.28135   1  21
        2.55855        1.28140   1  22
        2.55855        1.31811   1  23
        2.55855        1.31813   1  24
        2.55855        1.31916   1  25
        2.55855        1.31929   1  26
        2.55855        2.11917   1  27
        2.55855        2.11949   1  28
        2.55855        2.13473   1  29
        2.55855        2.13490   1  30
        2.55855        2.21401   1  31
        2.55855        2.21414   1  32
        2.55855        2.36673   1  33
        2.55855        2.36678   1  34
        2.55855        2.37013   1  35
        2.55855        2.37072   1  36
        2.60666       -0.81693   1   1
        2.60666       -0.81693   1   2
        2.60666        0.01990   1   3
        2.60666        0.01992   1   4
        2.60666        0.11439   1   5
        2.60666        0.11440   1   6
        2.60666        0.12905   1   7
        2.60666        0.12925   1   8
        2.60666        0.33325   1   9
        2.60666        0.33328   1  10
        2.60666        0.49498   1  11
        2.60666        0.49499   1  12
        2.60666        0.50409   1  13
        2.60666        0.50419   1  14
        2.60666        0.51764   1  15
        2.60666        0.51767   1  16
        2.60666        0.92122   1  17
        2.60666        0.92131   1  18
        2.60666        0.92132   1  19
        2.60666        0.92143   1  20
        2.60666        1.31028   1  21
        2.60666        1.31030   1  22
        2.60666        1.36862   1  23
        2.60666        1.36863   1  24
        2.60666        1.36977   1  25
        2.60666        1.36979   1  26
        2.60666        2.11034   1  27
        2.60666        2.11046   1  28
        2.60666        2.12449   1  29
        2.60666        2.12477   1  30
        2.60666        2.23779   1  31
        2.60666        2.23784   1  32
        2.60666        2.39869   1  33
        2.60666        2.39871   1  34
        2.60666        2.40305   1  35
        2.60666        2.40358   1  36
        2.65478       -0.81017   1   1
        2.65478       -0.81017   1   2
        2.65478       -0.02310   1   3
        2.65478       -0.02308   1   4
        2.65478        0.10602   1   5
        2.65478        0.10603   1   6
        2.65478        0.12218   1   7
        2.65478        0.12236   1   8
        2.65478        0.34145   1   9
        2.65478        0.34148   1  10
        2.65478        0.50550   1  11
        2.65478        0.50551   1  12
        2.65478        0.51494   1  13
        2.65478        0.51505   1  14
        2.65478        0.54692   1  15
        2.65478        0.54696   1  16
        2.65478        0.91089   1  17
        2.65478        0.91093   1  18
        2.65478        0.91095   1  19
        2.65478        0.91112   1  20
        2.65478        1.33797   1  21
        2.65478        1.33799   1  22
        2.65478        1.41693   1  23
        2.65478        1.41694   1  24
        2.65478        1.41819   1  25
        2.65478        1.41829   1  26
        2.65478        2.10299   1  27
        2.65478        2.10310   1  28
        2.65478        2.11621   1  29
        2.65478        2.11695   1  30
        2.65478        2.25006   1  31
        2.65478        2.25011   1  32
        2.65478        2.42154   1  33
        2.65478        2.42156   1  34
        2.65478        2.42694   1  35
        2.65478        2.42734   1  36
        2.70289       -0.80210   1   1
        2.70289       -0.80209   1   2
        2.70289       -0.06451   1   3
        2.70289       -0.06447   1   4
        2.70289        0.09729   1   5
        2.70289        0.09732   1   6
        2.70289        0.11454   1   7
        2.70289        0.11471   1   8
        2.70289        0.34195   1   9
        2.70289        0.34204   1  10
        2.70289        0.51601   1  11
        2.70289        0.51602   1  12
        2.70289        0.52595   1  13
        2.70289        0.52606   1  14
        2.70289        0.58193   1  15
        2.70289        0.58203   1  16
        2.70289        0.90232   1  17
        2.70289        0.90235   1  18
        2.70289        0.90242   1  19
        2.70289        0.90266   1  20
        2.70289        1.35972   1  21
        2.70289        1.35979   1  22
        2.70289        1.45635   1  23
        2.70289        1.45638   1  24
        2.70289        1.45787   1  25
        2.70289        1.45803   1  26
        2.70289        2.09510   1  27
        2.70289        2.09535   1  28
        2.70289        2.10726   1  29
        2.70289        2.10828   1  30
        2.70289        2.24283   1  31
        2.70289        2.24293   1  32
        2.70289        2.43016   1  33
        2.70289        2.43020   1  34
        2.70289        2.43658   1  35
        2.70289        2.43687   1  36
        2.75100       -0.79284   1   1
        2.75100       -0.79283   1   2
        2.75100       -0.10360   1   3
        2.75100       -0.10356   1   4
        2.75100        0.08904   1   5
        2.75100        0.08907   1   6
        2.75100        0.10640   1   7
        2.75100        0.10657   1   8
        2.75100        0.33770   1   9
        2.75100        0.33781   1  10
        2.75100        0.52583   1  11
        2.75100        0.52584   1  12
        2.75100        0.53577   1  13
        2.75100        0.53587   1  14
        2.75100        0.61788   1  15
        2.75100        0.61800   1  16
        2.75100        0.89641   1  17
        2.75100        0.89644   1  18
        2.75100        0.89675   1  19
        2.75100        0.89700   1  20
        2.75100        1.37270   1  21
        2.75100        1.37279   1  22
        2.75100        1.48301   1  23
        2.75100        1.48305   1  24
        2.75100        1.48492   1  25
        2.75100        1.48506   1  26
        2.75100        2.08632   1  27
        2.75100        2.08658   1  28
        2.75100        2.09686   1  29
        2.75100        2.09790   1  30
        2.75100        2.21242   1  31
        2.75100        2.21251   1  32
        2.75100        2.42470   1  33
        2.75100        2.42475   1  34
        2.75100        2.43174   1  35
        2.75100        2.43203   1  36
        2.79911       -0.78254   1   1
        2.79911       -0.78253   1   2
        2.79911       -0.14082   1   3
        2.79911       -0.14080   1   4
        2.79911        0.08163   1   5
        2.79911        0.08165   1   6
        2.79911        0.09806   1   7
        2.79911        0.09825   1   8
        2.79911        0.33125   1   9
        2.79911        0.33132   1  10
        2.79911        0.53431   1  11
        2.79911        0.53433   1  12
        2.79911        0.54361   1  13
        2.79911        0.54371   1  14
        2.79911        0.65266   1  15
        2.79911        0.65274   1  16
        2.79911        0.89414   1  17
        2.79911        0.89415   1  18
        2.79911        0.89482   1  19
        2.79911        0.89508   1  20
        2.79911        1.37632   1  21
        2.79911        1.37639   1  22
        2.79911        1.49601   1  23
        2.79911        1.49604   1  24
        2.79911        1.49837   1  25
        2.79911        1.49843   1  26
        2.79911        2.07890   1  27
        2.79911        2.07905   1  28
        2.79911        2.08760   1  29
        2.79911        2.08848   1  30
        2.79911        2.16017   1  31
        2.79911        2.16022   1  32
        2.79911        2.40988   1  33
        2.79911        2.40991   1  34
        2.79911        2.41692   1  35
        2.79911        2.41730   1  36
        2.84723       -0.77135   1   1
        2.84723       -0.77135   1   2
        2.84723       -0.17668   1   3
        2.84723       -0.17668   1   4
        2.84723        0.07487   1   5
        2.84723        0.07487   1   6
        2.84723        0.08991   1   7
        2.84723        0.09013   1   8
        2.84723        0.32411   1   9
        2.84723        0.32411   1  10
        2.84723        0.54097   1  11
        2.84723        0.54097   1  12
        2.84723        0.54925   1  13
        2.84723        0.54935   1  14
        2.84723        0.68663   1  15
        2.84723        0.68663   1  16
        2.84723        0.89657   1  17
        2.84723        0.89657   1  18
        2.84723        0.89766   1  19
        2.84723        0.89792   1  20
        2.84723        1.37187   1  21
        2.84723        1.37187   1  22
        2.84723        1.49646   1  23
        2.84723        1.49646   1  24
        2.84723        1.49919   1  25
        2.84723        1.49925   1  26
        2.84723        2.07500   1  27
        2.84723        2.07500   1  28
        2.84723        2.08372   1  29
        2.84723        2.08437   1  30
        2.84723        2.09350   1  31
        2.84723        2.09350   1  32
        2.84723        2.39216   1  33
        2.84723        2.39216   1  34
        2.84723        2.39872   1  35
        2.84723        2.39924   1  36
        2.89534       -0.75947   1   1
        2.89534       -0.75946   1   2
        2.89534       -0.21124   1   3
        2.89534       -0.21122   1   4
        2.89534        0.06834   1   5
        2.89534        0.06836   1   6
        2.89534        0.08230   1   7
        2.89534        0.08254   1   8
        2.89534        0.31689   1   9
        2.89534        0.31695   1  10
        2.89534        0.54549   1  11
        2.89534        0.54551   1  12
        2.89534        0.55285   1  13
        2.89534        0.55297   1  14
        2.89534        0.72100   1  15
        2.89534        0.72109   1  16
        2.89534        0.90467   1  17
        2.89534        0.90469   1  18
        2.89534        0.90624   1  19
        2.89534        0.90649   1  20
        2.89534        1.36159   1  21
        2.89534        1.36168   1  22
        2.89534        1.48613   1  23
        2.89534        1.48616   1  24
        2.89534        1.48921   1  25
        2.89534        1.48938   1  26
        2.89534        2.01458   1  27
        2.89534        2.01460   1  28
        2.89534        2.08364   1  29
        2.89534        2.08371   1  30
        2.89534        2.08810   1  31
        2.89534        2.08862   1  32
        2.89534        2.37688   1  33
        2.89534        2.37692   1  34
        2.89534        2.38308   1  35
        2.89534        2.38369   1  36
        2.94345       -0.74711   1   1
        2.94345       -0.74709   1   2
        2.94345       -0.24406   1   3
        2.94345       -0.24402   1   4
        2.94345        0.06186   1   5
        2.94345        0.06189   1   6
        2.94345        0.07543   1   7
        2.94345        0.07567   1   8
        2.94345        0.30992   1   9
        2.94345        0.31000   1  10
        2.94345        0.54792   1  11
        2.94345        0.54795   1  12
        2.94345        0.55467   1  13
        2.94345        0.55479   1  14
        2.94345        0.75659   1  15
        2.94345        0.75673   1  16
        2.94345        0.91896   1  17
        2.94345        0.91898   1  18
        2.94345        0.92106   1  19
        2.94345        0.92130   1  20
        2.94345        1.34787   1  21
        2.94345        1.34803   1  22
        2.94345        1.46658   1  23
        2.94345        1.46662   1  24
        2.94345        1.47009   1  25
        2.94345        1.47031   1  26
        2.94345        1.94034   1  27
        2.94345        1.94035   1  28
        2.94345        2.09702   1  29
        2.94345        2.09713   1  30
        2.94345        2.10079   1  31
        2.94345        2.10128   1  32
        2.94345        2.36673   1  33
        2.94345        2.36679   1  34
        2.94345        2.37295   1  35
        2.94345        2.37357   1  36
        2.99156       -0.73458   1   1
        2.99156       -0.73456   1   2
        2.99156       -0.27443   1   3
        2.99156       -0.27440   1   4
        2.99156        0.05557   1   5
        2.99156        0.05560   1   6
        2.99156        0.06940   1   7
        2.99156        0.06962   1   8
        2.99156        0.30338   1   9
        2.99156        0.30343   1  10
        2.99156        0.54855   1  11
        2.99156        0.54858   1  12
        2.99156        0.55499   1  13
        2.99156        0.55510   1  14
        2.99156        0.79299   1  15
        2.99156        0.79311   1  16
        2.99156        0.93914   1  17
        2.99156        0.93916   1  18
        2.99156        0.94186   1  19
        2.99156        0.94208   1  20
        2.99156        1.33220   1  21
        2.99156        1.33235   1  22
        2.99156        1.43867   1  23
        2.99156        1.43871   1  24
        2.99156        1.44270   1  25
        2.99156        1.44289   1  26
        2.99156        1.87348   1  27
        2.99156        1.87350   1  28
        2.99156        2.11640   1  29
        2.99156        2.11648   1  30
        2.99156        2.11939   1  31
        2.99156        2.11991   1  32
        2.99156        2.36093   1  33
        2.99156        2.36100   1  34
        2.99156        2.36758   1  35
        2.99156        2.36814   1  36
        3.03968       -0.72227   1   1
        3.03968       -0.72227   1   2
        3.03968       -0.30171   1   3
        3.03968       -0.30170   1   4
        3.03968        0.04984   1   5
        3.03968        0.04985   1   6
        3.03968        0.06430   1   7
        3.03968        0.06446   1   8
        3.03968        0.29748   1   9
        3.03968        0.29750   1  10
        3.03968        0.54787   1  11
        3.03968        0.54788   1  12
        3.03968        0.55418   1  13
        3.03968        0.55426   1  14
        3.03968        0.82900   1  15
        3.03968        0.82905   1  16
        3.03968        0.96428   1  17
        3.03968        0.96429   1  18
        3.03968        0.96767   1  19
        3.03968        0.96786   1  20
        3.03968        1.31500   1  21
        3.03968        1.31506   1  22
        3.03968        1.40285   1  23
        3.03968        1.40287   1  24
        3.03968        1.40742   1  25
        3.03968        1.40750   1  26
        3.03968        1.81600   1  27
        3.03968        1.81601   1  28
        3.03968        2.13845   1  29
        3.03968        2.13848   1  30
        3.03968        2.14061   1  31
        3.03968        2.14118   1  32
        3.03968        2.35633   1  33
        3.03968        2.35636   1  34
        3.03968        2.36363   1  35
        3.03968        2.36415   1  36
        3.08779       -0.71071   1   1
        3.08779       -0.71071   1   2
        3.08779       -0.32537   1   3
        3.08779       -0.32536   1   4
        3.08779        0.04505   1   5
        3.08779        0.04506   1   6
        3.08779        0.06014   1   7
        3.08779        0.06025   1   8
        3.08779        0.29252   1   9
        3.08779        0.29254   1  10
        3.08779        0.54644   1  11
        3.08779        0.54646   1  12
        3.08779        0.55265   1  13
        3.08779        0.55270   1  14
        3.08779        0.86319   1  15
        3.08779        0.86324   1  16
        3.08779        0.99321   1  17
        3.08779        0.99322   1  18
        3.08779        0.99730   1  19
        3.08779        0.99746   1  20
        3.08779        1.29623   1  21
        3.08779        1.29628   1  22
        3.08779        1.35996   1  23
        3.08779        1.35998   1  24
        3.08779        1.36487   1  25
        3.08779        1.36494   1  26
        3.08779        1.76634   1  27
        3.08779        1.76635   1  28
        3.08779        2.16052   1  29
        3.08779        2.16055   1  30
        3.08779        2.16181   1  31
        3.08779        2.16240   1  32
        3.08779        2.34945   1  33
        3.08779        2.34948   1  34
        3.08779        2.35748   1  35
        3.08779        2.35798   1  36
        3.13590       -0.70053   1   1
        3.13590       -0.70052   1   2
        3.13590       -0.34495   1   3
        3.13590       -0.34491   1   4
        3.13590        0.04146   1   5
        3.13590        0.04151   1   6
        3.13590        0.05688   1   7
        3.13590        0.05694   1   8
        3.13590        0.28874   1   9
        3.13590        0.28875   1  10
        3.13590        0.54483   1  11
        3.13590        0.54487   1  12
        3.13590        0.55085   1  13
        3.13590        0.55088   1  14
        3.13590        0.89428   1  15
        3.13590        0.89439   1  16
        3.13590        1.02504   1  17
        3.13590        1.02509   1  18
        3.13590        1.02982   1  19
        3.13590        1.02996   1  20
        3.13590        1.27635   1  21
        3.13590        1.27646   1  22
        3.13590        1.31200   1  23
        3.13590        1.31206   1  24
        3.13590        1.31674   1  25
        3.13590        1.31692   1  26
        3.13590        1.72233   1  27
        3.13590        1.72237   1  28
        3.13590        2.18130   1  29
        3.13590        2.18135   1  30
        3.13590        2.18164   1  31
        3.13590        2.18219   1  32
        3.13590        2.33840   1  33
        3.13590        2.33849   1  34
        3.13590        2.34716   1  35
        3.13590        2.34766   1  36
        3.18401       -0.69243   1   1
        3.18401       -0.69242   1   2
        3.18401       -0.35982   1   3
        3.18401       -0.35977   1   4
        3.18401        0.03914   1   5
        3.18401        0.03920   1   6
        3.18401        0.05448   1   7
        3.18401        0.05451   1   8
        3.18401        0.28618   1   9
        3.18401        0.28618   1  10
        3.18401        0.54347   1  11
        3.18401        0.54351   1  12
        3.18401        0.54922   1  13
        3.18401        0.54923   1  14
        3.18401        0.92051   1  15
        3.18401        0.92064   1  16
        3.18401        1.05913   1  17
        3.18401        1.05920   1  18
        3.18401        1.06461   1  19
        3.18401        1.06473   1  20
        3.18401        1.25509   1  21
        3.18401        1.25521   1  22
        3.18401        1.26435   1  23
        3.18401        1.26449   1  24
        3.18401        1.26631   1  25
        3.18401        1.26652   1  26
        3.18401        1.68436   1  27
        3.18401        1.68440   1  28
        3.18401        2.19917   1  29
        3.18401        2.19958   1  30
        3.18401        2.19990   1  31
        3.18401        2.19995   1  32
        3.18401        2.32396   1  33
        3.18401        2.32406   1  34
        3.18401        2.33351   1  35
        3.18401        2.33394   1  36
        3.23213       -0.68716   1   1
        3.23213       -0.68715   1   2
        3.23213       -0.36924   1   3
        3.23213       -0.36921   1   4
        3.23213        0.03789   1   5
        3.23213        0.03794   1   6
        3.23213        0.05294   1   7
        3.23213        0.05295   1   8
        3.23213        0.28471   1   9
        3.23213        0.28472   1  10
        3.23213        0.54258   1  11
        3.23213        0.54261   1  12
        3.23213        0.54808   1  13
        3.23213        0.54809   1  14
        3.23213        0.93883   1  15
        3.23213        0.93891   1  16
        3.23213        1.09341   1  17
        3.23213        1.09345   1  18
        3.23213        1.09984   1  19
        3.23213        1.09992   1  20
        3.23213        1.21413   1  21
        3.23213        1.21424   1  22
        3.23213        1.21900   1  23
        3.23213        1.21915   1  24
        3.23213        1.24425   1  25
        3.23213        1.24430   1  26
        3.23213        1.65652   1  27
        3.23213        1.65655   1  28
        3.23213        2.21187   1  29
        3.23213        2.21203   1  30
        3.23213        2.21364   1  31
        3.23213        2.21366   1  32
        3.23213        2.31050   1  33
        3.23213        2.31057   1  34
        3.23213        2.32096   1  35
        3.23213        2.32119   1  36
        3.28024       -0.68532   1   1
        3.28024       -0.68532   1   2
        3.28024       -0.37250   1   3
        3.28024       -0.37250   1   4
        3.28024        0.03750   1   5
        3.28024        0.03750   1   6
        3.28024        0.05232   1   7
        3.28024        0.05232   1   8
        3.28024        0.28419   1   9
        3.28024        0.28419   1  10
        3.28024        0.54226   1  11
        3.28024        0.54226   1  12
        3.28024        0.54767   1  13
        3.28024        0.54767   1  14
        3.28024        0.94535   1  15
        3.28024        0.94535   1  16
        3.28024        1.11325   1  17
        3.28024        1.11325   1  18
        3.28024        1.12081   1  19
        3.28024        1.12082   1  20
        3.28024        1.18928   1  21
        3.28024        1.18928   1  22
        3.28024        1.19286   1  23
        3.28024        1.19288   1  24
        3.28024        1.23735   1  25
        3.28024        1.23735   1  26
        3.28024        1.64483   1  27
        3.28024        1.64483   1  28
        3.28024        2.21398   1  29
        3.28024        2.21414   1  30
        3.28024        2.21596   1  31
        3.28024        2.21596   1  32
        3.28024        2.30656   1  33
        3.28024        2.30656   1  34
        3.28024        2.31716   1  35
        3.28024        2.31725   1  36
        3.28024       -0.68532   1   1
        3.28024       -0.68532   1   2
        3.28024       -0.37250   1   3
        3.28024       -0.37250   1   4
        3.28024        0.03750   1   5
        3.28024        0.03750   1   6
        3.28024        0.05232   1   7
        3.28024        0.05232   1   8
        3.28024        0.28419   1   9
        3.28024        0.28419   1  10
        3.28024        0.54226   1  11
        3.28024        0.54226   1  12
        3.28024        0.54767   1  13
        3.28024        0.54767   1  14
        3.28024        0.94535   1  15
        3.28024        0.94535   1  16
        3.28024        1.11325   1  17
        3.28024        1.11325   1  18
        3.28024        1.12081   1  19
        3.28024        1.12082   1  20
        3.28024        1.18928   1  21
        3.28024        1.18928   1  22
        3.28024        1.19286   1  23
        3.28024        1.19288   1  24
        3.28024        1.23735   1  25
        3.28024        1.23735   1  26
        3.28024        1.64483   1  27
        3.28024        1.64483   1  28
        3.28024        2.21398   1  29
        3.28024        2.21414   1  30
        3.28024        2.21596   1  31
        3.28024        2.21596   1  32
        3.28024        2.30656   1  33
        3.28024        2.30656   1  34
        3.28024        2.31716   1  35
        3.28024        2.31725   1  36
        3.33075       -0.68471   1   1
        3.33075       -0.68470   1   2
        3.33075       -0.37219   1   3
        3.33075       -0.37202   1   4
        3.33075        0.03262   1   5
        3.33075        0.03387   1   6
        3.33075        0.04807   1   7
        3.33075        0.04826   1   8
        3.33075        0.29073   1   9
        3.33075        0.29168   1  10
        3.33075        0.54240   1  11
        3.33075        0.54249   1  12
        3.33075        0.54895   1  13
        3.33075        0.54903   1  14
        3.33075        0.93722   1  15
        3.33075        0.93808   1  16
        3.33075        1.10434   1  17
        3.33075        1.10493   1  18
        3.33075        1.11629   1  19
        3.33075        1.11679   1  20
        3.33075        1.17224   1  21
        3.33075        1.17836   1  22
        3.33075        1.20178   1  23
        3.33075        1.20454   1  24
        3.33075        1.26459   1  25
        3.33075        1.26825   1  26
        3.33075        1.64826   1  27
        3.33075        1.64838   1  28
        3.33075        2.19212   1  29
        3.33075        2.19257   1  30
        3.33075        2.20863   1  31
        3.33075        2.20900   1  32
        3.33075        2.31070   1  33
        3.33075        2.31107   1  34
        3.33075        2.32230   1  35
        3.33075        2.32292   1  36
        3.38125       -0.68289   1   1
        3.38125       -0.68286   1   2
        3.38125       -0.37107   1   3
        3.38125       -0.37058   1   4
        3.38125        0.01617   1   5
        3.38125        0.01850   1   6
        3.38125        0.04093   1   7
        3.38125        0.04151   1   8
        3.38125        0.30915   1   9
        3.38125        0.31087   1  10
        3.38125        0.53933   1  11
        3.38125        0.53951   1  12
        3.38125        0.55683   1  13
        3.38125        0.55705   1  14
        3.38125        0.91700   1  15
        3.38125        0.91847   1  16
        3.38125        1.07105   1  17
        3.38125        1.07293   1  18
        3.38125        1.11494   1  19
        3.38125        1.11545   1  20
        3.38125        1.16340   1  21
        3.38125        1.16970   1  22
        3.38125        1.23125   1  23
        3.38125        1.23443   1  24
        3.38125        1.31092   1  25
        3.38125        1.31459   1  26
        3.38125        1.65804   1  27
        3.38125        1.65825   1  28
        3.38125        2.14634   1  29
        3.38125        2.14697   1  30
        3.38125        2.18386   1  31
        3.38125        2.18451   1  32
        3.38125        2.31708   1  33
        3.38125        2.31797   1  34
        3.38125        2.33061   1  35
        3.38125        2.33147   1  36
        3.43176       -0.67986   1   1
        3.43176       -0.67983   1   2
        3.43176       -0.36922   1   3
        3.43176       -0.36838   1   4
        3.43176       -0.00916   1   5
        3.43176       -0.00680   1   6
        3.43176        0.03339   1   7
        3.43176        0.03418   1   8
        3.43176        0.33479   1   9
        3.43176        0.33666   1  10
        3.43176        0.53366   1  11
        3.43176        0.53383   1  12
        3.43176        0.57197   1  13
        3.43176        0.57234   1  14
        3.43176        0.89081   1  15
        3.43176        0.89242   1  16
        3.43176        1.02840   1  17
        3.43176        1.03056   1  18
        3.43176        1.11710   1  19
        3.43176        1.11755   1  20
        3.43176        1.16494   1  21
        3.43176        1.16979   1  22
        3.43176        1.26953   1  23
        3.43176        1.27251   1  24
        3.43176        1.35861   1  25
        3.43176        1.36143   1  26
        3.43176        1.67256   1  27
        3.43176        1.67279   1  28
        3.43176        2.08857   1  29
        3.43176        2.08909   1  30
        3.43176        2.15356   1  31
        3.43176        2.15420   1  32
        3.43176        2.31247   1  33
        3.43176        2.31319   1  34
        3.43176        2.33869   1  35
        3.43176        2.33925   1  36
        3.48227       -0.67571   1   1
        3.48227       -0.67567   1   2
        3.48227       -0.36683   1   3
        3.48227       -0.36567   1   4
        3.48227       -0.03809   1   5
        3.48227       -0.03579   1   6
        3.48227        0.02385   1   7
        3.48227        0.02490   1   8
        3.48227        0.36271   1   9
        3.48227        0.36439   1  10
        3.48227        0.52697   1  11
        3.48227        0.52716   1  12
        3.48227        0.59400   1  13
        3.48227        0.59478   1  14
        3.48227        0.86280   1  15
        3.48227        0.86417   1  16
        3.48227        0.98424   1  17
        3.48227        0.98672   1  18
        3.48227        1.12121   1  19
        3.48227        1.12184   1  20
        3.48227        1.17008   1  21
        3.48227        1.17343   1  22
        3.48227        1.31106   1  23
        3.48227        1.31403   1  24
        3.48227        1.40456   1  25
        3.48227        1.40688   1  26
        3.48227        1.68968   1  27
        3.48227        1.68986   1  28
        3.48227        2.02931   1  29
        3.48227        2.02962   1  30
        3.48227        2.12243   1  31
        3.48227        2.12293   1  32
        3.48227        2.29306   1  33
        3.48227        2.29342   1  34
        3.48227        2.34272   1  35
        3.48227        2.34301   1  36
        3.53278       -0.67054   1   1
        3.53278       -0.67051   1   2
        3.53278       -0.36425   1   3
        3.53278       -0.36271   1   4
        3.53278       -0.06721   1   5
        3.53278       -0.06444   1   6
        3.53278        0.01193   1   7
        3.53278        0.01323   1   8
        3.53278        0.38925   1   9
        3.53278        0.39090   1  10
        3.53278        0.52075   1  11
        3.53278        0.52101   1  12
        3.53278        0.62190   1  13
        3.53278        0.62357   1  14
        3.53278        0.83515   1  15
        3.53278        0.83603   1  16
        3.53278        0.94043   1  17
        3.53278        0.94345   1  18
        3.53278        1.12642   1  19
        3.53278        1.12712   1  20
        3.53278        1.17637   1  21
        3.53278        1.17870   1  22
        3.53278        1.35368   1  23
        3.53278        1.35669   1  24
        3.53278        1.44801   1  25
        3.53278        1.45048   1  26
        3.53278        1.70722   1  27
        3.53278        1.70737   1  28
        3.53278        1.97466   1  29
        3.53278        1.97496   1  30
        3.53278        2.09184   1  31
        3.53278        2.09217   1  32
        3.53278        2.26093   1  33
        3.53278        2.26143   1  34
        3.53278        2.33906   1  35
        3.53278        2.33927   1  36
        3.58328       -0.66452   1   1
        3.58328       -0.66451   1   2
        3.58328       -0.36184   1   3
        3.58328       -0.35977   1   4
        3.58328       -0.09418   1   5
        3.58328       -0.09082   1   6
        3.58328       -0.00218   1   7
        3.58328       -0.00071   1   8
        3.58328        0.41267   1   9
        3.58328        0.41499   1  10
        3.58328        0.51634   1  11
        3.58328        0.51681   1  12
        3.58328        0.65292   1  13
        3.58328        0.65612   1  14
        3.58328        0.80945   1  15
        3.58328        0.81040   1  16
        3.58328        0.89784   1  17
        3.58328        0.90106   1  18
        3.58328        1.13208   1  19
        3.58328        1.13273   1  20
        3.58328        1.18252   1  21
        3.58328        1.18484   1  22
        3.58328        1.39656   1  23
        3.58328        1.39952   1  24
        3.58328        1.48909   1  25
        3.58328        1.49166   1  26
        3.58328        1.72336   1  27
        3.58328        1.72353   1  28
        3.58328        1.92522   1  29
        3.58328        1.92551   1  30
        3.58328        2.06166   1  31
        3.58328        2.06189   1  32
        3.58328        2.22103   1  33
        3.58328        2.22178   1  34
        3.58328        2.32529   1  35
        3.58328        2.32572   1  36
        3.63379       -0.65787   1   1
        3.63379       -0.65782   1   2
        3.63379       -0.35996   1   3
        3.63379       -0.35730   1   4
        3.63379       -0.11760   1   5
        3.63379       -0.11380   1   6
        3.63379       -0.01816   1   7
        3.63379       -0.01632   1   8
        3.63379        0.43301   1   9
        3.63379        0.43667   1  10
        3.63379        0.51459   1  11
        3.63379        0.51594   1  12
        3.63379        0.68033   1  13
        3.63379        0.68617   1  14
        3.63379        0.78950   1  15
        3.63379        0.79331   1  16
        3.63379        0.85785   1  17
        3.63379        0.86077   1  18
        3.63379        1.13765   1  19
        3.63379        1.13841   1  20
        3.63379        1.18824   1  21
        3.63379        1.19110   1  22
        3.63379        1.43810   1  23
        3.63379        1.44147   1  24
        3.63379        1.52693   1  25
        3.63379        1.52932   1  26
        3.63379        1.73613   1  27
        3.63379        1.73649   1  28
        3.63379        1.88060   1  29
        3.63379        1.88069   1  30
        3.63379        2.03117   1  31
        3.63379        2.03148   1  32
        3.63379        2.17882   1  33
        3.63379        2.17972   1  34
        3.63379        2.29981   1  35
        3.63379        2.30058   1  36
        3.68430       -0.65080   1   1
        3.68430       -0.65069   1   2
        3.68430       -0.35900   1   3
        3.68430       -0.35581   1   4
        3.68430       -0.13670   1   5
        3.68430       -0.13243   1   6
        3.68430       -0.03551   1   7
        3.68430       -0.03302   1   8
        3.68430        0.45110   1   9
        3.68430        0.45655   1  10
        3.68430        0.51615   1  11
        3.68430        0.51908   1  12
        3.68430        0.69021   1  13
        3.68430        0.69859   1  14
        3.68430        0.78497   1  15
        3.68430        0.79240   1  16
        3.68430        0.82692   1  17
        3.68430        0.82939   1  18
        3.68430        1.14285   1  19
        3.68430        1.14390   1  20
        3.68430        1.19389   1  21
        3.68430        1.19709   1  22
        3.68430        1.47438   1  23
        3.68430        1.47859   1  24
        3.68430        1.55874   1  25
        3.68430        1.56063   1  26
        3.68430        1.74293   1  27
        3.68430        1.74391   1  28
        3.68430        1.84623   1  29
        3.68430        1.84665   1  30
        3.68430        1.99976   1  31
        3.68430        2.00021   1  32
        3.68430        2.13754   1  33
        3.68430        2.13873   1  34
        3.68430        2.26211   1  35
        3.68430        2.26325   1  36
        3.73481       -0.64358   1   1
        3.73481       -0.64343   1   2
        3.73481       -0.35930   1   3
        3.73481       -0.35572   1   4
        3.73481       -0.15067   1   5
        3.73481       -0.14601   1   6
        3.73481       -0.05349   1   7
        3.73481       -0.05051   1   8
        3.73481        0.46779   1   9
        3.73481        0.47512   1  10
        3.73481        0.52154   1  11
        3.73481        0.52634   1  12
        3.73481        0.67874   1  13
        3.73481        0.68655   1  14
        3.73481        0.76905   1  15
        3.73481        0.77523   1  16
        3.73481        0.84020   1  17
        3.73481        0.84449   1  18
        3.73481        1.14757   1  19
        3.73481        1.14881   1  20
        3.73481        1.19989   1  21
        3.73481        1.20309   1  22
        3.73481        1.49346   1  23
        3.73481        1.49783   1  24
        3.73481        1.58308   1  25
        3.73481        1.58442   1  26
        3.73481        1.74601   1  27
        3.73481        1.74813   1  28
        3.73481        1.83304   1  29
        3.73481        1.83385   1  30
        3.73481        1.96722   1  31
        3.73481        1.96780   1  32
        3.73481        2.09801   1  33
        3.73481        2.09953   1  34
        3.73481        2.21340   1  35
        3.73481        2.21495   1  36
        3.78532       -0.63661   1   1
        3.78532       -0.63642   1   2
        3.78532       -0.36094   1   3
        3.78532       -0.35718   1   4
        3.78532       -0.15871   1   5
        3.78532       -0.15419   1   6
        3.78532       -0.07136   1   7
        3.78532       -0.06847   1   8
        3.78532        0.48402   1   9
        3.78532        0.49232   1  10
        3.78532        0.53126   1  11
        3.78532        0.53711   1  12
        3.78532        0.65882   1  13
        3.78532        0.66483   1  14
        3.78532        0.73926   1  15
        3.78532        0.74393   1  16
        3.78532        0.88635   1  17
        3.78532        0.89082   1  18
        3.78532        1.15161   1  19
        3.78532        1.15265   1  20
        3.78532        1.20666   1  21
        3.78532        1.20966   1  22
        3.78532        1.47578   1  23
        3.78532        1.47941   1  24
        3.78532        1.60905   1  25
        3.78532        1.61146   1  26
        3.78532        1.75901   1  27
        3.78532        1.76173   1  28
        3.78532        1.83940   1  29
        3.78532        1.84031   1  30
        3.78532        1.93408   1  31
        3.78532        1.93476   1  32
        3.78532        2.06016   1  33
        3.78532        2.06167   1  34
        3.78532        2.15709   1  35
        3.78532        2.15893   1  36
        3.83582       -0.63039   1   1
        3.83582       -0.63014   1   2
        3.83582       -0.36358   1   3
        3.83582       -0.35978   1   4
        3.83582       -0.16075   1   5
        3.83582       -0.15689   1   6
        3.83582       -0.08858   1   7
        3.83582       -0.08647   1   8
        3.83582        0.50071   1   9
        3.83582        0.50809   1  10
        3.83582        0.54519   1  11
        3.83582        0.55013   1  12
        3.83582        0.63794   1  13
        3.83582        0.64157   1  14
        3.83582        0.71041   1  15
        3.83582        0.71341   1  16
        3.83582        0.93988   1  17
        3.83582        0.94493   1  18
        3.83582        1.15417   1  19
        3.83582        1.15487   1  20
        3.83582        1.21471   1  21
        3.83582        1.21749   1  22
        3.83582        1.42814   1  23
        3.83582        1.43130   1  24
        3.83582        1.64088   1  25
        3.83582        1.64378   1  26
        3.83582        1.78387   1  27
        3.83582        1.78607   1  28
        3.83582        1.85617   1  29
        3.83582        1.85685   1  30
        3.83582        1.90189   1  31
        3.83582        1.90262   1  32
        3.83582        2.02419   1  33
        3.83582        2.02527   1  34
        3.83582        2.09817   1  35
        3.83582        2.09999   1  36
        3.88633       -0.62544   1   1
        3.88633       -0.62514   1   2
        3.88633       -0.36652   1   3
        3.88633       -0.36260   1   4
        3.88633       -0.15791   1   5
        3.88633       -0.15417   1   6
        3.88633       -0.10479   1   7
        3.88633       -0.10374   1   8
        3.88633        0.51799   1   9
        3.88633        0.52348   1  10
        3.88633        0.56066   1  11
        3.88633        0.56274   1  12
        3.88633        0.61963   1  13
        3.88633        0.62085   1  14
        3.88633        0.68399   1  15
        3.88633        0.68561   1  16
        3.88633        0.99183   1  17
        3.88633        0.99858   1  18
        3.88633        1.15315   1  19
        3.88633        1.15507   1  20
        3.88633        1.22478   1  21
        3.88633        1.22747   1  22
        3.88633        1.37272   1  23
        3.88633        1.37585   1  24
        3.88633        1.67224   1  25
        3.88633        1.67529   1  26
        3.88633        1.81166   1  27
        3.88633        1.81293   1  28
        3.88633        1.86845   1  29
        3.88633        1.86891   1  30
        3.88633        1.88347   1  31
        3.88633        1.88459   1  32
        3.88633        1.99122   1  33
        3.88633        1.99185   1  34
        3.88633        2.04205   1  35
        3.88633        2.04355   1  36
        3.93684       -0.62226   1   1
        3.93684       -0.62190   1   2
        3.93684       -0.36885   1   3
        3.93684       -0.36472   1   4
        3.93684       -0.15219   1   5
        3.93684       -0.14677   1   6
        3.93684       -0.11975   1   7
        3.93684       -0.11844   1   8
        3.93684        0.53459   1   9
        3.93684        0.53965   1  10
        3.93684        0.56547   1  11
        3.93684        0.57105   1  12
        3.93684        0.60809   1  13
        3.93684        0.61243   1  14
        3.93684        0.66109   1  15
        3.93684        0.66287   1  16
        3.93684        1.03312   1  17
        3.93684        1.04285   1  18
        3.93684        1.14772   1  19
        3.93684        1.15224   1  20
        3.93684        1.23728   1  21
        3.93684        1.24043   1  22
        3.93684        1.32488   1  23
        3.93684        1.32871   1  24
        3.93684        1.69700   1  25
        3.93684        1.70046   1  26
        3.93684        1.83096   1  27
        3.93684        1.83222   1  28
        3.93684        1.85227   1  29
        3.93684        1.85252   1  30
        3.93684        1.90896   1  31
        3.93684        1.91029   1  32
        3.93684        1.96397   1  33
        3.93684        1.96449   1  34
        3.93684        1.99365   1  35
        3.93684        1.99475   1  36
        3.98735       -0.62117   1   1
        3.98735       -0.62078   1   2
        3.98735       -0.36979   1   3
        3.98735       -0.36550   1   4
        3.98735       -0.14831   1   5
        3.98735       -0.13967   1   6
        3.98735       -0.12887   1   7
        3.98735       -0.12593   1   8
        3.98735        0.54550   1   9
        3.98735        0.54855   1  10
        3.98735        0.56090   1  11
        3.98735        0.56866   1  12
        3.98735        0.60781   1  13
        3.98735        0.61517   1  14
        3.98735        0.65083   1  15
        3.98735        0.65110   1  16
        3.98735        1.05025   1  17
        3.98735        1.06223   1  18
        3.98735        1.14306   1  19
        3.98735        1.14963   1  20
        3.98735        1.24593   1  21
        3.98735        1.25010   1  22
        3.98735        1.30200   1  23
        3.98735        1.30703   1  24
        3.98735        1.70716   1  25
        3.98735        1.71094   1  26
        3.98735        1.83029   1  27
        3.98735        1.83158   1  28
        3.98735        1.85415   1  29
        3.98735        1.85418   1  30
        3.98735        1.93420   1  31
        3.98735        1.93713   1  32
        3.98735        1.94516   1  33
        3.98735        1.94609   1  34
        3.98735        1.96778   1  35
        3.98735        1.96795   1  36
        3.98735       -0.62117   1   1
        3.98735       -0.62078   1   2
        3.98735       -0.36979   1   3
        3.98735       -0.36550   1   4
        3.98735       -0.14831   1   5
        3.98735       -0.13967   1   6
        3.98735       -0.12887   1   7
        3.98735       -0.12593   1   8
        3.98735        0.54550   1   9
        3.98735        0.54855   1  10
        3.98735        0.56090   1  11
        3.98735        0.56866   1  12
        3.98735        0.60781   1  13
        3.98735        0.61517   1  14
        3.98735        0.65083   1  15
        3.98735        0.65110   1  16
        3.98735        1.05025   1  17
        3.98735        1.06223   1  18
        3.98735        1.14306   1  19
        3.98735        1.14963   1  20
        3.98735        1.24593   1  21
        3.98735        1.25010   1  22
        3.98735        1.30200   1  23
        3.98735        1.30703   1  24
        3.98735        1.70716   1  25
        3.98735        1.71094   1  26
        3.98735        1.83029   1  27
        3.98735        1.83158   1  28
        3.98735        1.85415   1  29
        3.98735        1.85418   1  30
        3.98735        1.93420   1  31
        3.98735        1.93713   1  32
        3.98735        1.94516   1  33
        3.98735        1.94609   1  34
        3.98735        1.96778   1  35
        3.98735        1.96795   1  36
        4.03735       -0.62128   1   1
        4.03735       -0.62088   1   2
        4.03735       -0.37026   1   3
        4.03735       -0.36590   1   4
        4.03735       -0.14707   1   5
        4.03735       -0.13813   1   6
        4.03735       -0.12787   1   7
        4.03735       -0.12486   1   8
        4.03735        0.52375   1   9
        4.03735        0.52645   1  10
        4.03735        0.54192   1  11
        4.03735        0.55003   1  12
        4.03735        0.63347   1  13
        4.03735        0.63925   1  14
        4.03735        0.66931   1  15
        4.03735        0.67146   1  16
        4.03735        1.05021   1  17
        4.03735        1.06276   1  18
        4.03735        1.14326   1  19
        4.03735        1.15007   1  20
        4.03735        1.24598   1  21
        4.03735        1.25028   1  22
        4.03735        1.30010   1  23
        4.03735        1.30529   1  24
        4.03735        1.69492   1  25
        4.03735        1.69861   1  26
        4.03735        1.77987   1  27
        4.03735        1.78037   1  28
        4.03735        1.89998   1  29
        4.03735        1.90088   1  30
        4.03735        1.94298   1  31
        4.03735        1.94614   1  32
        4.03735        1.94953   1  33
        4.03735        1.95030   1  34
        4.03735        1.98286   1  35
        4.03735        1.98323   1  36
        4.08735       -0.62159   1   1
        4.08735       -0.62117   1   2
        4.08735       -0.37150   1   3
        4.08735       -0.36708   1   4
        4.08735       -0.14315   1   5
        4.08735       -0.13378   1   6
        4.08735       -0.12498   1   7
        4.08735       -0.12176   1   8
        4.08735        0.48636   1   9
        4.08735        0.48920   1  10
        4.08735        0.50799   1  11
        4.08735        0.51542   1  12
        4.08735        0.67690   1  13
        4.08735        0.68229   1  14
        4.08735        0.70661   1  15
        4.08735        0.71156   1  16
        4.08735        1.05024   1  17
        4.08735        1.06409   1  18
        4.08735        1.14399   1  19
        4.08735        1.15129   1  20
        4.08735        1.24623   1  21
        4.08735        1.25073   1  22
        4.08735        1.29536   1  23
        4.08735        1.30082   1  24
        4.08735        1.66395   1  25
        4.08735        1.66744   1  26
        4.08735        1.71637   1  27
        4.08735        1.71661   1  28
        4.08735        1.95355   1  29
        4.08735        1.95473   1  30
        4.08735        1.96280   1  31
        4.08735        1.96427   1  32
        4.08735        1.96624   1  33
        4.08735        1.96916   1  34
        4.08735        2.02044   1  35
        4.08735        2.02132   1  36
        4.13735       -0.62206   1   1
        4.13735       -0.62165   1   2
        4.13735       -0.37318   1   3
        4.13735       -0.36899   1   4
        4.13735       -0.13662   1   5
        4.13735       -0.12729   1   6
        4.13735       -0.12016   1   7
        4.13735       -0.11691   1   8
        4.13735        0.44844   1   9
        4.13735        0.45141   1  10
        4.13735        0.47183   1  11
        4.13735        0.47865   1  12
        4.13735        0.72386   1  13
        4.13735        0.72928   1  14
        4.13735        0.74939   1  15
        4.13735        0.75620   1  16
        4.13735        1.05082   1  17
        4.13735        1.06570   1  18
        4.13735        1.14566   1  19
        4.13735        1.15315   1  20
        4.13735        1.24688   1  21
        4.13735        1.25128   1  22
        4.13735        1.28989   1  23
        4.13735        1.29530   1  24
        4.13735        1.62326   1  25
        4.13735        1.62643   1  26
        4.13735        1.65282   1  27
        4.13735        1.65292   1  28
        4.13735        1.98444   1  29
        4.13735        1.98573   1  30
        4.13735        1.99398   1  31
        4.13735        1.99707   1  32
        4.13735        2.00979   1  33
        4.13735        2.01121   1  34
        4.13735        2.07132   1  35
        4.13735        2.07237   1  36
        4.18735       -0.62263   1   1
        4.18735       -0.62229   1   2
        4.18735       -0.37501   1   3
        4.18735       -0.37144   1   4
        4.18735       -0.12778   1   5
        4.18735       -0.11944   1   6
        4.18735       -0.11358   1   7
        4.18735       -0.11069   1   8
        4.18735        0.41272   1   9
        4.18735        0.41550   1  10
        4.18735        0.43678   1  11
        4.18735        0.44268   1  12
        4.18735        0.77212   1  13
        4.18735        0.77728   1  14
        4.18735        0.79392   1  15
        4.18735        0.80142   1  16
        4.18735        1.05257   1  17
        4.18735        1.06718   1  18
        4.18735        1.14887   1  19
        4.18735        1.15581   1  20
        4.18735        1.24805   1  21
        4.18735        1.25181   1  22
        4.18735        1.28540   1  23
        4.18735        1.29012   1  24
        4.18735        1.57803   1  25
        4.18735        1.58061   1  26
        4.18735        1.59222   1  27
        4.18735        1.59237   1  28
        4.18735        2.01024   1  29
        4.18735        2.01150   1  30
        4.18735        2.02138   1  31
        4.18735        2.02395   1  32
        4.18735        2.06854   1  33
        4.18735        2.06963   1  34
        4.18735        2.12978   1  35
        4.18735        2.13067   1  36
        4.23735       -0.62328   1   1
        4.23735       -0.62302   1   2
        4.23735       -0.37683   1   3
        4.23735       -0.37416   1   4
        4.23735       -0.11732   1   5
        4.23735       -0.11088   1   6
        4.23735       -0.10568   1   7
        4.23735       -0.10351   1   8
        4.23735        0.38023   1   9
        4.23735        0.38247   1  10
        4.23735        0.40436   1  11
        4.23735        0.40889   1  12
        4.23735        0.82041   1  13
        4.23735        0.82480   1  14
        4.23735        0.83851   1  15
        4.23735        0.84545   1  16
        4.23735        1.05599   1  17
        4.23735        1.06876   1  18
        4.23735        1.15424   1  19
        4.23735        1.15988   1  20
        4.23735        1.24971   1  21
        4.23735        1.25241   1  22
        4.23735        1.28207   1  23
        4.23735        1.28562   1  24
        4.23735        1.53043   1  25
        4.23735        1.53224   1  26
        4.23735        1.53586   1  27
        4.23735        1.53611   1  28
        4.23735        2.03654   1  29
        4.23735        2.03759   1  30
        4.23735        2.04540   1  31
        4.23735        2.04714   1  32
        4.23735        2.12626   1  33
        4.23735        2.12692   1  34
        4.23735        2.19129   1  35
        4.23735        2.19188   1  36
        4.28735       -0.62396   1   1
        4.28735       -0.62378   1   2
        4.28735       -0.37862   1   3
        4.28735       -0.37677   1   4
        4.28735       -0.10643   1   5
        4.28735       -0.10200   1   6
        4.28735       -0.09722   1   7
        4.28735       -0.09575   1   8
        4.28735        0.35168   1   9
        4.28735        0.35331   1  10
        4.28735        0.37558   1  11
        4.28735        0.37871   1  12
        4.28735        0.86684   1  13
        4.28735        0.87021   1  14
        4.28735        0.88104   1  15
        4.28735        0.88696   1  16
        4.28735        1.06135   1  17
        4.28735        1.07187   1  18
        4.28735        1.16232   1  19
        4.28735        1.16652   1  20
        4.28735        1.25171   1  21
        4.28735        1.25341   1  22
        4.28735        1.27892   1  23
        4.28735        1.28136   1  24
        4.28735        1.48146   1  25
        4.28735        1.48264   1  26
        4.28735        1.48354   1  27
        4.28735        1.48398   1  28
        4.28735        2.05958   1  29
        4.28735        2.06052   1  30
        4.28735        2.06491   1  31
        4.28735        2.06611   1  32
        4.28735        2.17798   1  33
        4.28735        2.17835   1  34
        4.28735        2.25074   1  35
        4.28735        2.25111   1  36
        4.33735       -0.62461   1   1
        4.33735       -0.62446   1   2
        4.33735       -0.38033   1   3
        4.33735       -0.37901   1   4
        4.33735       -0.09669   1   5
        4.33735       -0.09326   1   6
        4.33735       -0.08917   1   7
        4.33735       -0.08788   1   8
        4.33735        0.32783   1   9
        4.33735        0.32913   1  10
        4.33735        0.35128   1  11
        4.33735        0.35372   1  12
        4.33735        0.90829   1  13
        4.33735        0.91117   1  14
        4.33735        0.91795   1  15
        4.33735        0.92409   1  16
        4.33735        1.06907   1  17
        4.33735        1.07910   1  18
        4.33735        1.17378   1  19
        4.33735        1.17731   1  20
        4.33735        1.25404   1  21
        4.33735        1.25515   1  22
        4.33735        1.27511   1  23
        4.33735        1.27710   1  24
        4.33735        1.43229   1  25
        4.33735        1.43309   1  26
        4.33735        1.43473   1  27
        4.33735        1.43562   1  28
        4.33735        2.07652   1  29
        4.33735        2.07761   1  30
        4.33735        2.07948   1  31
        4.33735        2.08060   1  32
        4.33735        2.21981   1  33
        4.33735        2.22008   1  34
        4.33735        2.30257   1  35
        4.33735        2.30286   1  36
        4.38735       -0.62513   1   1
        4.38735       -0.62501   1   2
        4.38735       -0.38172   1   3
        4.38735       -0.38079   1   4
        4.38735       -0.08890   1   5
        4.38735       -0.08605   1   6
        4.38735       -0.08225   1   7
        4.38735       -0.08097   1   8
        4.38735        0.30977   1   9
        4.38735        0.31087   1  10
        4.38735        0.33280   1  11
        4.38735        0.33491   1  12
        4.38735        0.94104   1  13
        4.38735        0.94388   1  14
        4.38735        0.94619   1  15
        4.38735        0.95228   1  16
        4.38735        1.08139   1  17
        4.38735        1.09111   1  18
        4.38735        1.18969   1  19
        4.38735        1.19277   1  20
        4.38735        1.25730   1  21
        4.38735        1.25782   1  22
        4.38735        1.27123   1  23
        4.38735        1.27302   1  24
        4.38735        1.38504   1  25
        4.38735        1.38531   1  26
        4.38735        1.39089   1  27
        4.38735        1.39215   1  28
        4.38735        2.08673   1  29
        4.38735        2.08799   1  30
        4.38735        2.08926   1  31
        4.38735        2.09020   1  32
        4.38735        2.24973   1  33
        4.38735        2.24993   1  34
        4.38735        2.34213   1  35
        4.38735        2.34233   1  36
        4.43735       -0.62545   1   1
        4.43735       -0.62539   1   2
        4.43735       -0.38250   1   3
        4.43735       -0.38206   1   4
        4.43735       -0.08342   1   5
        4.43735       -0.08180   1   6
        4.43735       -0.07722   1   7
        4.43735       -0.07643   1   8
        4.43735        0.29865   1   9
        4.43735        0.29928   1  10
        4.43735        0.32160   1  11
        4.43735        0.32282   1  12
        4.43735        0.96181   1  13
        4.43735        0.96428   1  14
        4.43735        0.96457   1  15
        4.43735        0.96748   1  16
        4.43735        1.09761   1  17
        4.43735        1.10348   1  18
        4.43735        1.20805   1  19
        4.43735        1.20969   1  20
        4.43735        1.26255   1  21
        4.43735        1.26277   1  22
        4.43735        1.26885   1  23
        4.43735        1.26985   1  24
        4.43735        1.34371   1  25
        4.43735        1.34406   1  26
        4.43735        1.35756   1  27
        4.43735        1.35855   1  28
        4.43735        2.09203   1  29
        4.43735        2.09283   1  30
        4.43735        2.09449   1  31
        4.43735        2.09501   1  32
        4.43735        2.26735   1  33
        4.43735        2.26744   1  34
        4.43735        2.36656   1  35
        4.43735        2.36667   1  36
        4.48735       -0.62553   1   1
        4.48735       -0.62553   1   2
        4.48735       -0.38262   1   3
        4.48735       -0.38262   1   4
        4.48735       -0.08092   1   5
        4.48735       -0.08092   1   6
        4.48735       -0.07511   1   7
        4.48735       -0.07511   1   8
        4.48735        0.29510   1   9
        4.48735        0.29510   1  10
        4.48735        0.31824   1  11
        4.48735        0.31824   1  12
        4.48735        0.96981   1  13
        4.48735        0.96981   1  14
        4.48735        0.97168   1  15
        4.48735        0.97168   1  16
        4.48735        1.10740   1  17
        4.48735        1.10740   1  18
        4.48735        1.21763   1  19
        4.48735        1.21763   1  20
        4.48735        1.26805   1  21
        4.48735        1.26805   1  22
        4.48735        1.26837   1  23
        4.48735        1.26837   1  24
        4.48735        1.32346   1  25
        4.48735        1.32346   1  26
        4.48735        1.34472   1  27
        4.48735        1.34472   1  28
        4.48735        2.09389   1  29
        4.48735        2.09389   1  30
        4.48735        2.09620   1  31
        4.48735        2.09620   1  32
        4.48735        2.27314   1  33
        4.48735        2.27314   1  34
        4.48735        2.37480   1  35
        4.48735        2.37480   1  36
