mpid	formula	natom	category	note	may_state	may_gap_TF32_eV	may_conditions	rerun_place	rerun_verdict	rerun_iter	rerun_gap_fp32_eV	rerun_gapLDA_eV	rerun_conditions	mp_ehull_eV_atom	mp_density_gcm3	mp_vol_per_atom_A3	mp_icsd_remarks
mp-1056418	Sr	1	FAILED_MAY	構造: Sr–Co–O の「(Sr) part」を抜き出したもの。10.99×10.99×4.42 Å の胞に Sr 1 個（Sr の鎖、隣 2 個、4.42 Å）。1 原子 462 Å³（fcc Sr 56）、凸包から 1.40 eV/原子 / 5 月の失敗: NOGAP_GAP_COLLAPSED(LDA gap 0.43 eV) / 回し直し(run2m): CONVERGED 10 反復、ギャップ 1.671738 eV（LDA 0.436487）	FAILED		TF32; 本計算 legacy(ctrl+GWinput) ~/bin2 → 追加の計算 TOML(05-11) ×3 → 最初から REDO(TOML); χ0 T=0, Σ GaussSmear esmr=0.003 Ry	run2m	CONVERGED	10	1.671738	0.436487	fp32; 989a18637 (2026-09-29); POSCAR→vasp2ctrl→ctrlgenToml --ssig=0.8 (2026-09 の雛形); t_tetrakbt=300 t_sigmaw=300; LDA から; 最大 10 反復 (NaCoO2 20、金属 15)	1.400	0.31	462.2	Strontium; Strontium cobalt oxide (1.26/0.98/2.91) - (Sr) part
mp-1000	BaTe	2	GOOD		GOOD	2.933	TF32; 本計算 legacy(ctrl+GWinput) ~/bin2 → 追加の計算 TOML(05-11) ×2 → 最初から REDO(TOML); χ0 T=0, Σ GaussSmear esmr=0.003 Ry							0.000	4.94	44.5	Barium telluride
mp-10013	SnS	2	GOOD		GOOD	0.549	TF32; 本計算 legacy(ctrl+GWinput) ~/bin2 → 追加の計算 TOML(05-11) ×2 → 最初から REDO(TOML); χ0 T=0, Σ GaussSmear esmr=0.003 Ry							0.278	3.60	34.8	Tin sulfide
mp-10044	BAs	2	GOOD		GOOD	1.867	TF32; 本計算 legacy(ctrl+GWinput) ~/bin2 → 追加の計算 TOML(05-11) ×1; χ0 T=0, Σ GaussSmear esmr=0.003 Ry							0.080	5.09	14.0	Arsenic boride; Boron arsenide
mp-1009129	MgO	2	GOOD		GOOD	6.122	TF32; 本計算 legacy(ctrl+GWinput) ~/bin2 → 追加の計算 TOML(05-11) ×1; χ0 T=0, Σ GaussSmear esmr=0.003 Ry							0.337	3.34	10.0	Magnesium oxide
mp-1056920	CsI	2	GOOD		GOOD	5.748	TF32; 本計算 legacy(ctrl+GWinput) ~/bin2 → 追加の計算 TOML(05-11) ×2 → 最初から REDO(TOML); χ0 T=0, Σ GaussSmear esmr=0.003 Ry							0.032	4.25	50.8	High pressure experimental phase; Cesium iodide; Cesium iodide - HP; Cesium iodide - LT
mp-1057286	CsH	2	GOOD		GOOD	4.596	TF32; 本計算 legacy(ctrl+GWinput) ~/bin2 → 追加の計算 TOML(05-11) ×2 → 最初から REDO(TOML); χ0 T=0, Σ GaussSmear esmr=0.003 Ry							0.000	3.42	32.5	Cesium hydride; Cesium deuteride
mp-10627	SrS	2	GOOD		GOOD	3.326	TF32; 本計算 legacy(ctrl+GWinput) ~/bin2 → 追加の計算 TOML(05-11) ×2 → 最初から REDO(TOML); χ0 T=0, Σ GaussSmear esmr=0.003 Ry							0.300	4.03	24.7	Strontium sulfide - HP; Strontium sulfide - B2; High pressure experimental phase
mp-10653	SrTe	2	GOOD		GOOD	1.363	TF32; 本計算 legacy(ctrl+GWinput) ~/bin2 → 追加の計算 TOML(05-11) ×2 → 最初から REDO(TOML); χ0 T=0, Σ GaussSmear esmr=0.003 Ry							0.242	5.23	34.2	High pressure experimental phase; Strontium telluride - HP
mp-10680	BaSe	2	GOOD		GOOD	2.751	TF32; 本計算 legacy(ctrl+GWinput) ~/bin2 → 追加の計算 TOML(05-11) ×2 → 最初から REDO(TOML); χ0 T=0, Σ GaussSmear esmr=0.003 Ry							0.201	5.55	32.4	High pressure experimental phase; Barium selenide - HP
mp-10695	ZnS	2	GOOD		GOOD	3.677	TF32; 本計算 legacy(ctrl+GWinput) ~/bin2 → 追加の計算 TOML(05-11) ×1; χ0 T=0, Σ GaussSmear esmr=0.003 Ry							0.000	4.14	19.5	Zinc sulfide (1/1); Zinc sulfide - nanostructured; Sphalerite; Zinc sulfide; Zinc blende; High pressure experimental pha
mp-10759	GeSe	2	GOOD		GOOD	0.195	TF32; 本計算 legacy(ctrl+GWinput) ~/bin2 → 追加の計算 TOML(05-11) ×1; χ0 T=0, Σ GaussSmear esmr=0.003 Ry							0.061	5.68	22.2	Germanium selenide (1/1) - HT
mp-10760	MgSe	2	GOOD		GOOD	3.255	TF32; 本計算 legacy(ctrl+GWinput) ~/bin2 → 追加の計算 TOML(05-11) ×1; χ0 T=0, Σ GaussSmear esmr=0.003 Ry							0.010	4.20	20.4	Magnesium selenide; Magnesium selenide (1/1)
mp-1087	SrS	2	FAILED_MAY	5 月の失敗: AC_rst-rmt-mismatch@llmf_start(lmf) / 回し直し(try): CONVERGED 5 反復、ギャップ 4.172491 eV（LDA 2.303630）、5 月との差 +0.05 eV	FAILED	4.123	TF32; 本計算 legacy(ctrl+GWinput) ~/bin2 → 追加の計算 TOML(05-11) ×1; χ0 T=0, Σ GaussSmear esmr=0.003 Ry	try	CONVERGED	5	4.172491	2.303630	fp32; 989a18637 (2026-09-29); POSCAR→vasp2ctrl→ctrlgenToml --ssig=0.8 (2026-09 の雛形); t_tetrakbt=300 t_sigmaw=300; LDA から; 最大 10 反復 (NaCoO2 20、金属 15)	0.000	3.59	27.7	Strontium sulfide - B1; Strontium sulfide; Strontium sulfide (1/1)
mp-1138	LiF	2	GOOD		GOOD	13.483	TF32; 本計算 legacy(ctrl+GWinput) ~/bin2 → 追加の計算 TOML(05-11) ×1; χ0 T=0, Σ GaussSmear esmr=0.003 Ry							0.000	2.53	8.5	Lithium fluoride; Griceite
mp-1190	ZnSe	2	GOOD		GOOD	2.729	TF32; 本計算 legacy(ctrl+GWinput) ~/bin2 → 追加の計算 TOML(05-11) ×1; χ0 T=0, Σ GaussSmear esmr=0.003 Ry							0.000	5.27	22.7	Zinc selenide - thin film; Zinc selenide - nanostructured; Stilleite; Zinc selenide
mp-1253	BaSe	2	FAILED_MAY	5 月の失敗: AC_rst-rmt-mismatch@llmf_start(lmf) / 回し直し(run1): CONVERGED 5 反復、ギャップ 3.573376 eV（LDA 1.872121）、5 月との差 +0.04 eV	FAILED	3.538	TF32; 本計算 legacy(ctrl+GWinput) ~/bin2 → 追加の計算 TOML(05-11) ×1; χ0 T=0, Σ GaussSmear esmr=0.003 Ry	run1	CONVERGED	5	3.573376	1.872121	fp32; 989a18637 (2026-09-29); POSCAR→vasp2ctrl→ctrlgenToml --ssig=0.8 (2026-09 の雛形); t_tetrakbt=300 t_sigmaw=300; LDA から; 最大 10 反復 (NaCoO2 20、金属 15)	0.000	4.85	37.0	Barium selenide
mp-1265	MgO	2	GOOD		GOOD	8.326	TF32; 本計算 legacy(ctrl+GWinput) ~/bin2 → 追加の計算 TOML(05-11) ×1; χ0 T=0, Σ GaussSmear esmr=0.003 Ry							0.000	3.63	9.2	Magnesium oxide - RS-type, stable; Periclase; Magnesium oxide; Magnesium oxide (1/1); High pressure experimental phase
mp-1315	MgS	2	GOOD		GOOD	4.516	TF32; 本計算 legacy(ctrl+GWinput) ~/bin2 → 追加の計算 TOML(05-11) ×1; χ0 T=0, Σ GaussSmear esmr=0.003 Ry							0.000	2.65	17.7	Magnesium sulfide; Magnesium sulfide (1/1); Niningerite
mp-1330	AlN	2	GOOD		GOOD	6.387	TF32; 本計算 legacy(ctrl+GWinput) ~/bin2 → 追加の計算 TOML(05-11) ×1; χ0 T=0, Σ GaussSmear esmr=0.003 Ry							0.172	4.04	8.4	Aluminium nitride; Aluminium nitride - HP; High pressure experimental phase; Aluminum nitride - HP
mp-1342	BaO	2	FAILED_MAY	5 月の失敗: AC_rst-rmt-mismatch@llmf_start(lmf) / 回し直し(run1): CONVERGED 5 反復、ギャップ 4.188265 eV（LDA 1.992176）、5 月との差 -0.00 eV	FAILED	4.193	TF32; 本計算 legacy(ctrl+GWinput) ~/bin2 → 追加の計算 TOML(05-11) ×1; χ0 T=0, Σ GaussSmear esmr=0.003 Ry	run1	CONVERGED	5	4.188265	1.992176	fp32; 989a18637 (2026-09-29); POSCAR→vasp2ctrl→ctrlgenToml --ssig=0.8 (2026-09 の雛形); t_tetrakbt=300 t_sigmaw=300; LDA から; 最大 10 反復 (NaCoO2 20、金属 15)	0.000	5.86	21.7	Barium oxide (1/1); Barium oxide; Calcium oxide
mp-1415	CaSe	2	FAILED_MAY	5 月の失敗: AC_rst-rmt-mismatch@llmf_start(lmf) / 回し直し(run1): CONVERGED 5 反復、ギャップ 3.848115 eV（LDA 1.916106）、5 月との差 -0.04 eV	FAILED	3.886	TF32; 本計算 legacy(ctrl+GWinput) ~/bin2 → 追加の計算 TOML(05-11) ×1; χ0 T=0, Σ GaussSmear esmr=0.003 Ry	run1	CONVERGED	5	3.848115	1.916106	fp32; 989a18637 (2026-09-29); POSCAR→vasp2ctrl→ctrlgenToml --ssig=0.8 (2026-09 の雛形); t_tetrakbt=300 t_sigmaw=300; LDA から; 最大 10 反復 (NaCoO2 20、金属 15)	0.000	3.77	26.2	Calcium selenide
mp-1479	BP	2	GOOD		GOOD	2.063	TF32; 本計算 legacy(ctrl+GWinput) ~/bin2 → 追加の計算 TOML(05-11) ×1; χ0 T=0, Σ GaussSmear esmr=0.003 Ry							0.000	2.98	11.6	Boron phosphide (1/1); Boron phosphide
mp-149	Si2	2	GOOD		GOOD	1.199	TF32; 本計算 legacy(ctrl+GWinput) ~/bin2 → 追加の計算 TOML(05-11) ×1; χ0 T=0, Σ GaussSmear esmr=0.003 Ry							0.000	2.31	20.2	Silicon; Silicon - type I-clathrate; Silicon (O-doped); Silicon hydride (1/0.5); Silicon - cubic diamond form; High pres
mp-1500	BaS	2	FAILED_MAY	5 月の失敗: AC_rst-rmt-mismatch@llmf_start(lmf) / 回し直し(run1): CONVERGED 5 反復、ギャップ 3.920177 eV（LDA 2.052343）、5 月との差 +0.10 eV	FAILED	3.817	TF32; 本計算 legacy(ctrl+GWinput) ~/bin2 → 追加の計算 TOML(05-11) ×1; χ0 T=0, Σ GaussSmear esmr=0.003 Ry	run1	CONVERGED	5	3.920177	2.052343	fp32; 989a18637 (2026-09-29); POSCAR→vasp2ctrl→ctrlgenToml --ssig=0.8 (2026-09 の雛形); t_tetrakbt=300 t_sigmaw=300; LDA から; 最大 10 反復 (NaCoO2 20、金属 15)	0.000	4.19	33.6	Barium sulfide (1/1); Barium sulfide
mp-1519	CaTe	2	FAILED_MAY	5 月の失敗: AC_rst-rmt-mismatch@llmf_start(lmf) / 回し直し(run1): CONVERGED 5 反復、ギャップ 2.963353 eV（LDA 1.451984）、5 月との差 -0.00 eV	FAILED	2.968	TF32; 本計算 legacy(ctrl+GWinput) ~/bin2 → 追加の計算 TOML(05-11) ×1; χ0 T=0, Σ GaussSmear esmr=0.003 Ry	run1	CONVERGED	5	2.963353	1.451984	fp32; 989a18637 (2026-09-29); POSCAR→vasp2ctrl→ctrlgenToml --ssig=0.8 (2026-09 の雛形); t_tetrakbt=300 t_sigmaw=300; LDA から; 最大 10 反復 (NaCoO2 20、金属 15)	0.000	4.27	32.6	Calcium telluride; Calcium telturide
mp-1541	BeSe	2	GOOD		GOOD	3.935	TF32; 本計算 legacy(ctrl+GWinput) ~/bin2 → 追加の計算 TOML(05-11) ×1; χ0 T=0, Σ GaussSmear esmr=0.003 Ry							0.000	4.23	17.3	Beryllium selenide
mp-1550	AlP	2	GOOD		GOOD	2.490	TF32; 本計算 legacy(ctrl+GWinput) ~/bin2 → 追加の計算 TOML(05-11) ×1; χ0 T=0, Σ GaussSmear esmr=0.003 Ry							0.000	2.35	20.5	Aluminum phosphide; Aluminium phosphide
mp-16364	SnTe	2	GOOD		GOOD	0.304	TF32; 本計算 legacy(ctrl+GWinput) ~/bin2 → 追加の計算 TOML(05-11) ×1; χ0 T=0, Σ GaussSmear esmr=0.003 Ry							0.252	4.34	47.1	Tin telluride
mp-1639	BN	2	GOOD		GOOD	6.250	TF32; 本計算 legacy(ctrl+GWinput) ~/bin2 → 追加の計算 TOML(05-11) ×1; χ0 T=0, Σ GaussSmear esmr=0.003 Ry							0.077	3.46	6.0	Boron nitride; Boron nitride - HP, HT; Boron nitride - c; Boron nitride - cubic diamond form; Boron nitride (1/1); High 
mp-1672	CaS	2	GOOD		GOOD	4.385	TF32; 本計算 legacy(ctrl+GWinput) ~/bin2 → 追加の計算 TOML(05-11) ×2 → 最初から REDO(TOML); χ0 T=0, Σ GaussSmear esmr=0.003 Ry							0.000	2.58	23.2	Oldhamite; Calcium sulfide
mp-169	C2	2	NOTCONV_MAY	5 月は 10 反復で収束せず（最後の 3 反復の幅 0.1482 eV、履歴 2.3996, 3.5521, 2.9277, 2.7925, 2.9407） / 回し直し(run3): CONVERGED 4 反復、ギャップ 2.519014 eV（LDA 1.663932）、5 月との差 -0.42 eV	NOTCONV	2.941	TF32; 本計算 legacy(ctrl+GWinput) ~/bin2 → 追加の計算 TOML(05-11) ×1; χ0 T=0, Σ GaussSmear esmr=0.003 Ry	run3	CONVERGED	4	2.519014	1.663932	fp32; 989a18637 (2026-09-29); POSCAR→vasp2ctrl→ctrlgenToml --ssig=0.8 (2026-09 の雛形); t_tetrakbt=300 t_sigmaw=300; LDA から; 最大 10 反復 (NaCoO2 20、金属 15)	0.001	2.18	9.2	Carbon - n-diamond; Carbon; Diamond-n; Graphite 3R
mp-1784	CsF	2	FAILED_MAY	5 月の失敗: AC_rst-rmt-mismatch@llmf_start(lmf) / 回し直し(run1): CONVERGED 6 反復、ギャップ 8.871848 eV（LDA 5.245336）、5 月との差 +0.15 eV	FAILED	8.726	TF32; 本計算 legacy(ctrl+GWinput) ~/bin2 → 追加の計算 TOML(05-11) ×1; χ0 T=0, Σ GaussSmear esmr=0.003 Ry	run1	CONVERGED	6	8.871848	5.245336	fp32; 989a18637 (2026-09-29); POSCAR→vasp2ctrl→ctrlgenToml --ssig=0.8 (2026-09 の雛形); t_tetrakbt=300 t_sigmaw=300; LDA から; 最大 10 反復 (NaCoO2 20、金属 15)	0.000	4.64	27.2	Cesium fluoride
mp-1794	BeO	2	GOOD		GOOD	11.369	TF32; 本計算 legacy(ctrl+GWinput) ~/bin2 → 追加の計算 TOML(05-11) ×1; χ0 T=0, Σ GaussSmear esmr=0.003 Ry							0.481	3.42	6.1	Beryllium oxide; High pressure experimental phase
mp-1876	SnS	2	GOOD		GOOD	0.789	TF32; 本計算 legacy(ctrl+GWinput) ~/bin2 → 追加の計算 TOML(05-11) ×1; χ0 T=0, Σ GaussSmear esmr=0.003 Ry							0.092	5.10	24.5	Tin sulfide
mp-1883	SnTe	2	GOOD		GOOD	0.366	TF32; 本計算 legacy(ctrl+GWinput) ~/bin2 → 追加の計算 TOML(05-11) ×1; χ0 T=0, Σ GaussSmear esmr=0.003 Ry							0.000	6.32	32.3	Tin telluride (1/1); Tin telluride
mp-1958	SrTe	2	FAILED_MAY	5 月の失敗: AC_rst-rmt-mismatch@llmf_start(lmf) / 回し直し(run1): CONVERGED 5 反復、ギャップ 2.989890 eV（LDA 1.654501）、5 月との差 +0.03 eV	FAILED	2.959	TF32; 本計算 legacy(ctrl+GWinput) ~/bin2 → 追加の計算 TOML(05-11) ×1; χ0 T=0, Σ GaussSmear esmr=0.003 Ry	run1	CONVERGED	5	2.989890	1.654501	fp32; 989a18637 (2026-09-29); POSCAR→vasp2ctrl→ctrlgenToml --ssig=0.8 (2026-09 の雛形); t_tetrakbt=300 t_sigmaw=300; LDA から; 最大 10 反復 (NaCoO2 20、金属 15)	0.000	4.73	37.8	Strontium telluride
mp-19717	TePb	2	GOOD		GOOD	1.101	TF32; 本計算 legacy(ctrl+GWinput) ~/bin2 → 追加の計算 TOML(05-11) ×1; χ0 T=0, Σ GaussSmear esmr=0.003 Ry							0.000	7.94	35.0	Lead telluride - cubic (normal pressure); Altaite; Lead telluride (1/1); Lead telluride; High pressure experimental phas
mp-1986	ZnO	2	NOTCONV_MAY	5 月は 10 反復で収束せず（最後の 3 反復の幅 0.1008 eV、履歴 2.9589, 2.7614, 2.8962, 2.8394, 2.9402） / 回し直し(run3): CONVERGED 6 反復、ギャップ 3.037948 eV（LDA 0.648771）、5 月との差 +0.10 eV	NOTCONV	2.940	TF32; 本計算 legacy(ctrl+GWinput) ~/bin2 → 追加の計算 TOML(05-11) ×1; χ0 T=0, Σ GaussSmear esmr=0.003 Ry	run3	CONVERGED	6	3.037948	0.648771	fp32; 989a18637 (2026-09-29); POSCAR→vasp2ctrl→ctrlgenToml --ssig=0.8 (2026-09 の雛形); t_tetrakbt=300 t_sigmaw=300; LDA から; 最大 10 反復 (NaCoO2 20、金属 15)	0.008	5.71	11.8	Zinc oxide - zinc-blende-type; Zinc oxide; Zinc oxide - B3
mp-20351	InP	2	GOOD		GOOD	1.230	TF32; 本計算 legacy(ctrl+GWinput) ~/bin2 → 追加の計算 TOML(05-11) ×1; χ0 T=0, Σ GaussSmear esmr=0.003 Ry							0.000	4.71	25.7	Indium phosphide; Indium phosphide (1/1)
mp-2064	RbF	2	GOOD		GOOD	10.276	TF32; 本計算 legacy(ctrl+GWinput) ~/bin2 → 追加の計算 TOML(05-11) ×2 → 最初から REDO(TOML); χ0 T=0, Σ GaussSmear esmr=0.003 Ry							0.052	4.53	19.1	Rubidium fluoride - HP; High pressure experimental phase; Rubidium fluoride
mp-2114	YN	2	GOOD		GOOD	0.997	TF32; 本計算 legacy(ctrl+GWinput) ~/bin2 → 追加の計算 TOML(05-11) ×1; χ0 T=0, Σ GaussSmear esmr=0.003 Ry							0.000	5.82	14.7	Yttrium nitride; Yttrium nitride (1/1) - RS-type; Yttrium nitride - B1; Yttrium nitride (1/1)
mp-21276	PbS	2	GOOD		GOOD	0.752	TF32; 本計算 legacy(ctrl+GWinput) ~/bin2 → 追加の計算 TOML(05-11) ×1; χ0 T=0, Σ GaussSmear esmr=0.003 Ry							0.000	7.45	26.7	Galena; Lead sulfide (1/1); Lead sulfide (1/1) - HP; Lead sulfide - (Na Cl)-type; Lead sulfide; High pressure experiment
mp-2172	AlAs	2	GOOD		GOOD	2.216	TF32; 本計算 legacy(ctrl+GWinput) ~/bin2 → 追加の計算 TOML(05-11) ×1; χ0 T=0, Σ GaussSmear esmr=0.003 Ry							0.000	3.70	22.9	High pressure experimental phase; Aluminium arsenide
mp-2176	ZnTe	2	GOOD		GOOD	2.434	TF32; 本計算 legacy(ctrl+GWinput) ~/bin2 → 追加の計算 TOML(05-11) ×1; χ0 T=0, Σ GaussSmear esmr=0.003 Ry							0.000	5.62	28.5	Zinc telluride (1/1); Zinc telluride - I; High pressure experimental phase; Zinc telluride
mp-2201	PbSe	2	GOOD		GOOD	0.722	TF32; 本計算 legacy(ctrl+GWinput) ~/bin2 → 追加の計算 TOML(05-11) ×1; χ0 T=0, Σ GaussSmear esmr=0.003 Ry							0.000	8.05	29.5	Lead(II) selenide; Clausthalite; Lead selenide; Lead selenide - rock salt type; Lead selenide (1/1); Selenium sulfide; H
mp-2229	ZnO	2	GOOD		GOOD	2.744	TF32; 本計算 legacy(ctrl+GWinput) ~/bin2 → 追加の計算 TOML(05-11) ×1; χ0 T=0, Σ GaussSmear esmr=0.003 Ry							0.147	6.62	10.2	Zinc oxide - rocksalt-type; Zincite; Zinc oxide - B1; Zinc oxide - HP; High pressure experimental phase; Zinc oxide
mp-22851	NaCl	2	GOOD		GOOD	6.790	TF32; 本計算 legacy(ctrl+GWinput) ~/bin2 → 追加の計算 TOML(05-11) ×1; χ0 T=0, Σ GaussSmear esmr=0.003 Ry							0.154	2.26	21.5	Sodium chloride; Sodium chloride - HP; High pressure experimental phase
mp-22862	NaCl	2	GOOD		GOOD	8.346	TF32; 本計算 legacy(ctrl+GWinput) ~/bin2 → 追加の計算 TOML(05-11) ×1; χ0 T=0, Σ GaussSmear esmr=0.003 Ry							0.000	2.22	21.8	Sodium chloride; Halite; High pressure experimental phase
mp-22865	CsCl	2	FAILED_MAY	5 月の失敗: AC_rst-rmt-mismatch@llmf_start(lmf) / 回し直し(run1): CONVERGED 5 反復、ギャップ 7.977487 eV（LDA 5.041066）、5 月との差 +0.06 eV	FAILED	7.913	TF32; 本計算 legacy(ctrl+GWinput) ~/bin2 → 追加の計算 TOML(05-11) ×1; χ0 T=0, Σ GaussSmear esmr=0.003 Ry	run1	CONVERGED	5	7.977487	5.041066	fp32; 989a18637 (2026-09-29); POSCAR→vasp2ctrl→ctrlgenToml --ssig=0.8 (2026-09 の雛形); t_tetrakbt=300 t_sigmaw=300; LDA から; 最大 10 反復 (NaCoO2 20、金属 15)	0.000	3.93	35.6	Cesium cjloride; Cesium chloride
mp-22867	RbBr	2	FAILED_MAY	5 月の失敗: AC_rst-rmt-mismatch@llmf_start(lmf) / 回し直し(run1): CONVERGED 5 反復、ギャップ 7.103416 eV（LDA 4.083585）、5 月との差 +0.10 eV	FAILED	7.005	TF32; 本計算 legacy(ctrl+GWinput) ~/bin2 → 追加の計算 TOML(05-11) ×1; χ0 T=0, Σ GaussSmear esmr=0.003 Ry	run1	CONVERGED	5	7.103416	4.083585	fp32; 989a18637 (2026-09-29); POSCAR→vasp2ctrl→ctrlgenToml --ssig=0.8 (2026-09 の雛形); t_tetrakbt=300 t_sigmaw=300; LDA から; 最大 10 反復 (NaCoO2 20、金属 15)	0.000	3.33	41.3	Rubidium bromide
mp-22875	TlBr	2	GOOD		GOOD	3.066	TF32; 本計算 legacy(ctrl+GWinput) ~/bin2 → 追加の計算 TOML(05-11) ×1; χ0 T=0, Σ GaussSmear esmr=0.003 Ry							0.005	7.38	32.0	Thallium bromide
mp-22895	CuI	2	GOOD		GOOD	2.857	TF32; 本計算 legacy(ctrl+GWinput) ~/bin2 → 追加の計算 TOML(05-11) ×1; χ0 T=0, Σ GaussSmear esmr=0.003 Ry							0.007	5.81	27.2	Marshite high; Copper(I) iodide - gamma; Marshite; Copper(I) iodide - alpha; Copper(I) iodide
mp-22898	KI	2	FAILED_MAY	5 月の失敗: AC_rst-rmt-mismatch@llmf_start(lmf) / 回し直し(run1): CONVERGED 5 反復、ギャップ 6.336210 eV（LDA 3.673408）、5 月との差 -0.18 eV	FAILED	6.517	TF32; 本計算 legacy(ctrl+GWinput) ~/bin2 → 追加の計算 TOML(05-11) ×1; χ0 T=0, Σ GaussSmear esmr=0.003 Ry	run1	CONVERGED	5	6.336210	3.673408	fp32; 989a18637 (2026-09-29); POSCAR→vasp2ctrl→ctrlgenToml --ssig=0.8 (2026-09 の雛形); t_tetrakbt=300 t_sigmaw=300; LDA から; 最大 10 反復 (NaCoO2 20、金属 15)	0.000	3.10	44.5	Potassium iodide
mp-22899	LiI	2	GOOD		GOOD	6.218	TF32; 本計算 legacy(ctrl+GWinput) ~/bin2 → 追加の計算 TOML(05-11) ×1; χ0 T=0, Σ GaussSmear esmr=0.003 Ry							0.029	4.18	26.6	Lithium iodide - alpha; Lithium iodide
mp-22901	KI	2	FAILED_MAY	5 月の失敗: AC_rst-rmt-mismatch@llmf_start(lmf) / 回し直し(run1): CONVERGED 5 反復、ギャップ 5.433731 eV（LDA 3.081217）、5 月との差 -0.04 eV	FAILED	5.478	TF32; 本計算 legacy(ctrl+GWinput) ~/bin2 → 追加の計算 TOML(05-11) ×1; χ0 T=0, Σ GaussSmear esmr=0.003 Ry	run1	CONVERGED	5	5.433731	3.081217	fp32; 989a18637 (2026-09-29); POSCAR→vasp2ctrl→ctrlgenToml --ssig=0.8 (2026-09 の雛形); t_tetrakbt=300 t_sigmaw=300; LDA から; 最大 10 反復 (NaCoO2 20、金属 15)	0.060	3.49	39.5	Potassium iodide; High pressure experimental phase
mp-22903	RbI	2	FAILED_MAY	5 月の失敗: AC_rst-rmt-mismatch@llmf_start(lmf) / 回し直し(run1): CONVERGED 5 反復、ギャップ 6.276975 eV（LDA 3.563558）、5 月との差 +0.11 eV	FAILED	6.164	TF32; 本計算 legacy(ctrl+GWinput) ~/bin2 → 追加の計算 TOML(05-11) ×1; χ0 T=0, Σ GaussSmear esmr=0.003 Ry	run1	CONVERGED	5	6.276975	3.563558	fp32; 989a18637 (2026-09-29); POSCAR→vasp2ctrl→ctrlgenToml --ssig=0.8 (2026-09 の雛形); t_tetrakbt=300 t_sigmaw=300; LDA から; 最大 10 反復 (NaCoO2 20、金属 15)	0.000	3.51	50.3	Rubidium iodide
mp-22905	LiCl	2	DRIFT_GOOD	5 月は収束の基準を満たしたが、最後の 3 反復が同じ向きに -0.09 eV 動いていた（履歴 9.6912, 9.4714, 9.4389, 9.3841）。回し直していない	GOOD	9.384	TF32; 本計算 legacy(ctrl+GWinput) ~/bin2 → 追加の計算 TOML(05-11) ×1; χ0 T=0, Σ GaussSmear esmr=0.003 Ry							0.024	2.14	16.4	Lithium chloride
mp-22906	CsBr	2	FAILED_MAY	5 月の失敗: AC_rst-rmt-mismatch@llmf_start(lmf) / 回し直し(run1): CONVERGED 5 反復、ギャップ 6.971116 eV（LDA 4.264978）、5 月との差 +0.01 eV	FAILED	6.962	TF32; 本計算 legacy(ctrl+GWinput) ~/bin2 → 追加の計算 TOML(05-11) ×1; χ0 T=0, Σ GaussSmear esmr=0.003 Ry	run1	CONVERGED	5	6.971116	4.264978	fp32; 989a18637 (2026-09-29); POSCAR→vasp2ctrl→ctrlgenToml --ssig=0.8 (2026-09 の雛形); t_tetrakbt=300 t_sigmaw=300; LDA から; 最大 10 反復 (NaCoO2 20、金属 15)	0.000	4.37	40.5	Cesium bromide; Cesium bromide (1/1)
mp-22913	CuBr	2	DRIFT_GOOD	5 月は収束の基準を満たしたが、最後の 3 反復が同じ向きに +0.09 eV 動いていた（履歴 2.4606, 2.3185, 2.3865, 2.4095）。回し直していない	GOOD	2.410	TF32; 本計算 legacy(ctrl+GWinput) ~/bin2 → 追加の計算 TOML(05-11) ×1; χ0 T=0, Σ GaussSmear esmr=0.003 Ry							0.000	5.26	22.6	Copper(I) bromide - III; High pressure experimental phase; Copper(I) bromide - gamma; Copper(I) bromide
mp-22914	CuCl	2	GOOD		GOOD	2.727	TF32; 本計算 legacy(ctrl+GWinput) ~/bin2 → 追加の計算 TOML(05-11) ×1; χ0 T=0, Σ GaussSmear esmr=0.003 Ry							0.002	4.28	19.2	Nantokite; Copper(I) chloride - II; Copper(I) chloride
mp-22916	NaBr	2	GOOD		GOOD	7.077	TF32; 本計算 legacy(ctrl+GWinput) ~/bin2 → 追加の計算 TOML(05-11) ×1; χ0 T=0, Σ GaussSmear esmr=0.003 Ry							0.000	3.29	26.0	Halite; Sodium bromide
mp-22919	AgI	2	GOOD		GOOD	1.957	TF32; 本計算 legacy(ctrl+GWinput) ~/bin2 → 追加の計算 TOML(05-11) ×1; χ0 T=0, Σ GaussSmear esmr=0.003 Ry							0.095	6.64	29.3	Silver iodide - III, HP; Silver iodide - HP; Silver iodide; Silver iodide - B1; High pressure experimental phase
mp-22922	AgCl	2	GOOD		GOOD	2.916	TF32; 本計算 legacy(ctrl+GWinput) ~/bin2 → 追加の計算 TOML(05-11) ×1; χ0 T=0, Σ GaussSmear esmr=0.003 Ry							0.000	5.58	21.3	Chlorargyrite; Silver chloride - B1; Silver chloride; Silver chloride - HP; High pressure experimental phase
mp-22925	AgI	2	GOOD		GOOD	3.013	TF32; 本計算 legacy(ctrl+GWinput) ~/bin2 → 追加の計算 TOML(05-11) ×1; χ0 T=0, Σ GaussSmear esmr=0.003 Ry							0.002	5.51	35.4	Silver iodide - B3; Miersite; Silver iodide; Silver iodide - II'; Silver iodide - gamma
mp-23167	TlCl	2	GOOD		GOOD	3.481	TF32; 本計算 legacy(ctrl+GWinput) ~/bin2 → 追加の計算 TOML(05-11) ×1; χ0 T=0, Σ GaussSmear esmr=0.003 Ry							0.001	7.05	28.3	Thallium chloride; Lafossaite
mp-23193	KCl	2	GOOD		GOOD	8.191	TF32; 本計算 legacy(ctrl+GWinput) ~/bin2 → 追加の計算 TOML(05-11) ×2 → 最初から REDO(TOML); χ0 T=0, Σ GaussSmear esmr=0.003 Ry							0.000	2.00	31.0	High pressure experimental phase; Sylvine; Potassium chloride
mp-23197	TlI	2	FAILED_MAY	5 月の失敗: NOGAP_GAP_COLLAPSED(LDA gap 1.61 eV) / 回し直し(run1): CONVERGED 5 反復、ギャップ 2.721309 eV（LDA 1.607907）	FAILED		TF32; 本計算 legacy(ctrl+GWinput) ~/bin2 → 追加の計算 TOML(05-11) ×1; χ0 T=0, Σ GaussSmear esmr=0.003 Ry	run1	CONVERGED	5	2.721309	1.607907	fp32; 989a18637 (2026-09-29); POSCAR→vasp2ctrl→ctrlgenToml --ssig=0.8 (2026-09 の雛形); t_tetrakbt=300 t_sigmaw=300; LDA から; 最大 10 反復 (NaCoO2 20、金属 15)	0.021	7.23	38.1	Thallium iodide - red form; Thallium iodide
mp-23231	AgBr	2	GOOD		GOOD	2.439	TF32; 本計算 legacy(ctrl+GWinput) ~/bin2 → 追加の計算 TOML(05-11) ×1; χ0 T=0, Σ GaussSmear esmr=0.003 Ry							0.000	6.44	24.2	Silver bromide - B1; Silver bromide HP; Bromargyrite; Silver bromide; High pressure experimental phase; Silver bromide -
mp-23251	KBr	2	FAILED_MAY	5 月の失敗: AC_rst-rmt-mismatch@llmf_start(lmf) / 回し直し(run1): CONVERGED 5 反復、ギャップ 7.277473 eV（LDA 4.267427）、5 月との差 +0.09 eV	FAILED	7.183	TF32; 本計算 legacy(ctrl+GWinput) ~/bin2 → 追加の計算 TOML(05-11) ×1; χ0 T=0, Σ GaussSmear esmr=0.003 Ry	run1	CONVERGED	5	7.277473	4.267427	fp32; 989a18637 (2026-09-29); POSCAR→vasp2ctrl→ctrlgenToml --ssig=0.8 (2026-09 の雛形); t_tetrakbt=300 t_sigmaw=300; LDA から; 最大 10 反復 (NaCoO2 20、金属 15)	0.000	2.76	35.8	Potassium bromide
mp-23259	LiBr	2	GOOD		GOOD	7.595	TF32; 本計算 legacy(ctrl+GWinput) ~/bin2 → 追加の計算 TOML(05-11) ×1; χ0 T=0, Σ GaussSmear esmr=0.003 Ry							0.010	3.57	20.2	Lithium bromide
mp-23268	NaI	2	GOOD		GOOD	5.908	TF32; 本計算 legacy(ctrl+GWinput) ~/bin2 → 追加の計算 TOML(05-11) ×1; χ0 T=0, Σ GaussSmear esmr=0.003 Ry							0.000	3.73	33.3	Sodium iodide
mp-23289	KCl	2	GOOD		GOOD	7.763	TF32; 本計算 legacy(ctrl+GWinput) ~/bin2 → 追加の計算 TOML(05-11) ×2 → 最初から REDO(TOML); χ0 T=0, Σ GaussSmear esmr=0.003 Ry							0.078	2.19	28.3	Potassium chloride - high pressure; High pressure experimental phase; Potassium chloride
mp-23295	RbCl	2	FAILED_MAY	5 月の失敗: AC_rst-rmt-mismatch@llmf_start(lmf) / 回し直し(run1): CONVERGED 5 反復、ギャップ 7.982697 eV（LDA 4.679159）、5 月との差 +0.04 eV	FAILED	7.944	TF32; 本計算 legacy(ctrl+GWinput) ~/bin2 → 追加の計算 TOML(05-11) ×1; χ0 T=0, Σ GaussSmear esmr=0.003 Ry	run1	CONVERGED	5	7.982697	4.679159	fp32; 989a18637 (2026-09-29); POSCAR→vasp2ctrl→ctrlgenToml --ssig=0.8 (2026-09 の雛形); t_tetrakbt=300 t_sigmaw=300; LDA から; 最大 10 反復 (NaCoO2 20、金属 15)	0.000	2.77	36.2	Rubidium chloride; Rubidium chloride - beta
mp-23299	RbCl	2	FAILED_MAY	5 月の失敗: AC_rst-rmt-mismatch@llmf_start(lmf) / 回し直し(run1): CONVERGED 5 反復、ギャップ 7.885537 eV（LDA 4.800322）、5 月との差 -0.02 eV	FAILED	7.903	TF32; 本計算 legacy(ctrl+GWinput) ~/bin2 → 追加の計算 TOML(05-11) ×1; χ0 T=0, Σ GaussSmear esmr=0.003 Ry	run1	CONVERGED	5	7.885537	4.800322	fp32; 989a18637 (2026-09-29); POSCAR→vasp2ctrl→ctrlgenToml --ssig=0.8 (2026-09 の雛形); t_tetrakbt=300 t_sigmaw=300; LDA から; 最大 10 反復 (NaCoO2 20、金属 15)	0.030	3.29	30.5	Rubidium chloride; Rubidium chloride - HP; Rubidium chloride - alpha; High pressure experimental phase
mp-23302	RbI	2	FAILED_MAY	5 月の失敗: AC_rst-rmt-mismatch@llmf_start(lmf) / 回し直し(run1): CONVERGED 5 反復、ギャップ 5.562999 eV（LDA 3.136800）、5 月との差 +0.14 eV	FAILED	5.425	TF32; 本計算 legacy(ctrl+GWinput) ~/bin2 → 追加の計算 TOML(05-11) ×1; χ0 T=0, Σ GaussSmear esmr=0.003 Ry	run1	CONVERGED	5	5.562999	3.136800	fp32; 989a18637 (2026-09-29); POSCAR→vasp2ctrl→ctrlgenToml --ssig=0.8 (2026-09 の雛形); t_tetrakbt=300 t_sigmaw=300; LDA から; 最大 10 反復 (NaCoO2 20、金属 15)	0.030	4.02	43.9	Rubidium iodide - HP; Rubidium iodide; High pressure experimental phase
mp-23303	RbBr	2	FAILED_MAY	5 月の失敗: AC_rst-rmt-mismatch@llmf_start(lmf) / 回し直し(run1): CONVERGED 5 反復、ギャップ 6.712522 eV（LDA 3.940828）、5 月との差 -0.01 eV	FAILED	6.727	TF32; 本計算 legacy(ctrl+GWinput) ~/bin2 → 追加の計算 TOML(05-11) ×1; χ0 T=0, Σ GaussSmear esmr=0.003 Ry	run1	CONVERGED	5	6.712522	3.940828	fp32; 989a18637 (2026-09-29); POSCAR→vasp2ctrl→ctrlgenToml --ssig=0.8 (2026-09 の雛形); t_tetrakbt=300 t_sigmaw=300; LDA から; 最大 10 反復 (NaCoO2 20、金属 15)	0.032	3.91	35.1	Rubidium bromide - HT; High pressure experimental phase; Rubidium bromide
mp-23703	LiH	2	GOOD		GOOD	5.546	TF32; 本計算 legacy(ctrl+GWinput) ~/bin2 → 追加の計算 TOML(05-11) ×1; χ0 T=0, Σ GaussSmear esmr=0.003 Ry							0.000	0.81	8.1	Lithium hydride (1/1); Lithium deuteride; Lithium hydride - 2; Lithium hydride; Lithium hydride - 1
mp-23870	NaH	2	DRIFT_GOOD	5 月は収束の基準を満たしたが、最後の 3 反復が同じ向きに -0.09 eV 動いていた（履歴 6.6548, 6.8240, 6.7452, 6.7317）。回し直していない	GOOD	6.732	TF32; 本計算 legacy(ctrl+GWinput) ~/bin2 → 追加の計算 TOML(05-11) ×1; χ0 T=0, Σ GaussSmear esmr=0.003 Ry							0.000	1.47	13.6	Sodium hydride - low pressure phase; Sodium hydride; Sodium tritide (1/1); Sodium deuteride
mp-24084	KH	2	GOOD		GOOD	6.325	TF32; 本計算 legacy(ctrl+GWinput) ~/bin2 → 追加の計算 TOML(05-11) ×2 → 最初から REDO(TOML); χ0 T=0, Σ GaussSmear esmr=0.003 Ry							0.000	1.46	22.8	Potassium hydride
mp-2469	CdS	2	GOOD		GOOD	2.336	TF32; 本計算 legacy(ctrl+GWinput) ~/bin2 → 追加の計算 TOML(05-11) ×1; χ0 T=0, Σ GaussSmear esmr=0.003 Ry							0.003	4.71	25.5	Hawleyite; Cadmium sulfide - beta; Cadmium sulfide (1/1); Cadmium sulfide; Cadmium sulfide - thin films
mp-2472	SrO	2	GOOD		GOOD	5.428	TF32; 本計算 legacy(ctrl+GWinput) ~/bin2 → 追加の計算 TOML(05-11) ×2 → 最初から REDO(TOML); χ0 T=0, Σ GaussSmear esmr=0.003 Ry							0.000	4.99	17.2	Strontium oxide; Strontium oxide - B1; Strontium oxide (1/1)
mp-24721	RbH	2	GOOD		GOOD	5.431	TF32; 本計算 legacy(ctrl+GWinput) ~/bin2 → 追加の計算 TOML(05-11) ×2 → 最初から REDO(TOML); χ0 T=0, Σ GaussSmear esmr=0.003 Ry							0.000	2.65	27.1	Rubidium hydride; Rubidium deuteride; Rubidium gallium deuteride (8/5/15)
mp-2490	GaP	2	GOOD		GOOD	2.291	TF32; 本計算 legacy(ctrl+GWinput) ~/bin2 → 追加の計算 TOML(05-11) ×1; χ0 T=0, Σ GaussSmear esmr=0.003 Ry							0.000	4.13	20.3	Gallium phosphide
mp-252	BeTe	2	GOOD		GOOD	2.881	TF32; 本計算 legacy(ctrl+GWinput) ~/bin2 → 追加の計算 TOML(05-11) ×1; χ0 T=0, Σ GaussSmear esmr=0.003 Ry							0.000	5.00	22.7	Beryllium telluride (1/1); Beryllium telluride
mp-2534	GaAs	2	GOOD		GOOD	1.044	TF32; 本計算 legacy(ctrl+GWinput) ~/bin2 → 追加の計算 TOML(05-11) ×1; χ0 T=0, Σ GaussSmear esmr=0.003 Ry							0.000	5.05	23.8	Gallium arsenic; Gallium arsenide - ZnS-type; Gallium arsenide
mp-2600	BaTe	2	FAILED_MAY	5 月の失敗: AC_rst-rmt-mismatch@llmf_start(lmf) / 回し直し(run1): CONVERGED 5 反復、ギャップ 1.947573 eV（LDA 0.766467）、5 月との差 +0.01 eV	FAILED	1.936	TF32; 本計算 legacy(ctrl+GWinput) ~/bin2 → 追加の計算 TOML(05-11) ×1; χ0 T=0, Σ GaussSmear esmr=0.003 Ry	run1	CONVERGED	5	1.947573	0.766467	fp32; 989a18637 (2026-09-29); POSCAR→vasp2ctrl→ctrlgenToml --ssig=0.8 (2026-09 の雛形); t_tetrakbt=300 t_sigmaw=300; LDA から; 最大 10 反復 (NaCoO2 20、金属 15)	0.165	5.68	38.7	Barium telluride (1/1) - HP; Barium telluride; High pressure experimental phase
mp-2605	CaO	2	NOTCONV_MAY	5 月は 10 反復で収束せず（最後の 3 反復の幅 0.1450 eV、履歴 6.4469, 6.7180, 6.6771, 6.6035, 6.5321） / 回し直し(run3): CONVERGED 6 反復、ギャップ 6.601392 eV（LDA 3.518064）、5 月との差 +0.07 eV	NOTCONV	6.532	TF32; 本計算 legacy(ctrl+GWinput) ~/bin2 → 追加の計算 TOML(05-11) ×1; χ0 T=0, Σ GaussSmear esmr=0.003 Ry	run3	CONVERGED	6	6.601392	3.518064	fp32; 989a18637 (2026-09-29); POSCAR→vasp2ctrl→ctrlgenToml --ssig=0.8 (2026-09 の雛形); t_tetrakbt=300 t_sigmaw=300; LDA から; 最大 10 反復 (NaCoO2 20、金属 15)	0.000	3.35	13.9	Lime; Calcium oxide (1/1); Calcium oxide
mp-2612	GeTe	2	GOOD		GOOD	0.441	TF32; 本計算 legacy(ctrl+GWinput) ~/bin2 → 追加の計算 TOML(05-11) ×1; χ0 T=0, Σ GaussSmear esmr=0.003 Ry							0.020	6.13	27.1	Germanium telluride; Germanium telluride (1/1); Germanium(II) telluride - HT
mp-2624	AlSb	2	GOOD		GOOD	1.888	TF32; 本計算 legacy(ctrl+GWinput) ~/bin2 → 追加の計算 TOML(05-11) ×1; χ0 T=0, Σ GaussSmear esmr=0.003 Ry							0.000	4.18	29.6	Aluminium antimonide (1/1); Aluminum antimonide; Aluminium antimonide
mp-2667	CsAu	2	FAILED_MAY	5 月の失敗: AC_rst-rmt-mismatch@llmf_start(lmf) / 回し直し(run1): CONVERGED 5 反復、ギャップ 2.366361 eV（LDA 0.928034）、5 月との差 -0.01 eV	FAILED	2.374	TF32; 本計算 legacy(ctrl+GWinput) ~/bin2 → 追加の計算 TOML(05-11) ×1; χ0 T=0, Σ GaussSmear esmr=0.003 Ry	run1	CONVERGED	5	2.366361	0.928034	fp32; 989a18637 (2026-09-29); POSCAR→vasp2ctrl→ctrlgenToml --ssig=0.8 (2026-09 の雛形); t_tetrakbt=300 t_sigmaw=300; LDA から; 最大 10 反復 (NaCoO2 20、金属 15)	0.000	6.97	39.3	Gold cesium (1/1); Cesium gold (1/1)
mp-2691	CdSe	2	GOOD		GOOD	1.736	TF32; 本計算 legacy(ctrl+GWinput) ~/bin2 → 追加の計算 TOML(05-11) ×1; χ0 T=0, Σ GaussSmear esmr=0.003 Ry							0.001	5.49	28.9	Cadmium selenide (1/1); Cadmium selenide; Cadmium selenide - cubic
mp-2693	SnSe	2	GOOD		GOOD	0.789	TF32; 本計算 legacy(ctrl+GWinput) ~/bin2 → 追加の計算 TOML(05-11) ×1; χ0 T=0, Σ GaussSmear esmr=0.003 Ry							0.041	6.02	27.3	Tin selenide; Tin selenide (1/1)
mp-2758	SrSe	2	FAILED_MAY	5 月の失敗: AC_rst-rmt-mismatch@llmf_start(lmf) / 回し直し(run1): CONVERGED 5 反復、ギャップ 3.767455 eV（LDA 2.077045）、5 月との差 +0.03 eV	FAILED	3.737	TF32; 本計算 legacy(ctrl+GWinput) ~/bin2 → 追加の計算 TOML(05-11) ×1; χ0 T=0, Σ GaussSmear esmr=0.003 Ry	run1	CONVERGED	5	3.767455	2.077045	fp32; 989a18637 (2026-09-29); POSCAR→vasp2ctrl→ctrlgenToml --ssig=0.8 (2026-09 の雛形); t_tetrakbt=300 t_sigmaw=300; LDA から; 最大 10 反復 (NaCoO2 20、金属 15)	0.000	4.47	31.0	Strontium selenide; Strontium selenide (1/1)
mp-2853	GaN	2	GOOD		GOOD	1.507	TF32; 本計算 legacy(ctrl+GWinput) ~/bin2 → 追加の計算 TOML(05-11) ×1; χ0 T=0, Σ GaussSmear esmr=0.003 Ry							0.479	7.14	9.7	Gallium nitride - HP; Gallium nitride; Gallium nitride - NaCl-type, HP; Gallium nitride - rocksalt type (HP); High press
mp-30373	RbAu	2	FAILED_MAY	5 月の失敗: AC_rst-rmt-mismatch@llmf_start(lmf) / 回し直し(run1): CONVERGED 5 反復、ギャップ 1.478791 eV（LDA 0.167588）、5 月との差 -0.01 eV	FAILED	1.485	TF32; 本計算 legacy(ctrl+GWinput) ~/bin2 → 追加の計算 TOML(05-11) ×1; χ0 T=0, Σ GaussSmear esmr=0.003 Ry	run1	CONVERGED	5	1.478791	0.167588	fp32; 989a18637 (2026-09-29); POSCAR→vasp2ctrl→ctrlgenToml --ssig=0.8 (2026-09 の雛形); t_tetrakbt=300 t_sigmaw=300; LDA から; 最大 10 反復 (NaCoO2 20、金属 15)	0.000	6.78	34.6	Gold rubidum (1/1)
mp-370	CdS	2	GOOD		GOOD	1.329	TF32; 本計算 legacy(ctrl+GWinput) ~/bin2 → 追加の計算 TOML(05-11) ×1; χ0 T=0, Σ GaussSmear esmr=0.003 Ry							0.133	5.75	20.9	Hawleyite; Cadmium sulfide (1/1); Cadmium sulfide; Cadmium sulfide - HP; High pressure experimental phase
mp-406	CdTe	2	GOOD		GOOD	1.664	TF32; 本計算 legacy(ctrl+GWinput) ~/bin2 → 追加の計算 TOML(05-11) ×1; χ0 T=0, Σ GaussSmear esmr=0.003 Ry							0.000	5.64	35.4	Cadmium tellurium - nanocrystalline; vCadmium telluride; Cadmium telluride; Cadmium telluride (1/1); Cadmium telluride -
mp-422	BeS	2	GOOD		GOOD	4.580	TF32; 本計算 legacy(ctrl+GWinput) ~/bin2 → 追加の計算 TOML(05-11) ×1; χ0 T=0, Σ GaussSmear esmr=0.003 Ry							0.000	2.36	14.4	Beryllium sulfide
mp-463	KF	2	GOOD		GOOD	10.516	TF32; 本計算 legacy(ctrl+GWinput) ~/bin2 → 追加の計算 TOML(05-11) ×2 → 最初から REDO(TOML); χ0 T=0, Σ GaussSmear esmr=0.003 Ry							0.000	2.58	18.7	Potassium fluoride; Carobbiite
mp-568560	TlBr	2	GOOD		GOOD	3.726	TF32; 本計算 legacy(ctrl+GWinput) ~/bin2 → 追加の計算 TOML(05-11) ×1; χ0 T=0, Σ GaussSmear esmr=0.003 Ry							0.005	6.32	37.3	Thallium bromide
mp-569639	TlCl	2	NOTCONV_MAY	5 月は 10 反復で収束せず（最後の 3 反復の幅 0.5346 eV、履歴 3.4055, 2.3861, 1.7880, 1.4565, 1.2534） / 回し直し(run3): CONVERGED 5 反復、ギャップ 3.942578 eV（LDA 2.261022）、5 月との差 +2.69 eV	NOTCONV	1.253	TF32; 本計算 legacy(ctrl+GWinput) ~/bin2 → 追加の計算 TOML(05-11) ×1; χ0 T=0, Σ GaussSmear esmr=0.003 Ry	run3	CONVERGED	5	3.942578	2.261022	fp32; 989a18637 (2026-09-29); POSCAR→vasp2ctrl→ctrlgenToml --ssig=0.8 (2026-09 の雛形); t_tetrakbt=300 t_sigmaw=300; LDA から; 最大 10 反復 (NaCoO2 20、金属 15)	0.006	5.97	33.4	Thallium chloride
mp-570354	CuBr	2	GOOD		GOOD	1.925	TF32; 本計算 legacy(ctrl+GWinput) ~/bin2 → 追加の計算 TOML(05-11) ×1; χ0 T=0, Σ GaussSmear esmr=0.003 Ry							0.180	6.17	19.3	Copper(I) bromide - VI; High pressure experimental phase
mp-570891	KBr	2	FAILED_MAY	5 月の失敗: AC_rst-rmt-mismatch@llmf_start(lmf) / 回し直し(run1): CONVERGED 5 反復、ギャップ 6.517218 eV（LDA 3.742652）、5 月との差 +0.01 eV	FAILED	6.511	TF32; 本計算 legacy(ctrl+GWinput) ~/bin2 → 追加の計算 TOML(05-11) ×1; χ0 T=0, Σ GaussSmear esmr=0.003 Ry	run1	CONVERGED	5	6.517218	3.742652	fp32; 989a18637 (2026-09-29); POSCAR→vasp2ctrl→ctrlgenToml --ssig=0.8 (2026-09 の雛形); t_tetrakbt=300 t_sigmaw=300; LDA から; 最大 10 反復 (NaCoO2 20、金属 15)	0.073	2.99	33.1	Potassium bromide; High pressure experimental phase
mp-571102	TlI	2	GOOD		GOOD	3.252	TF32; 本計算 legacy(ctrl+GWinput) ~/bin2 → 追加の計算 TOML(05-11) ×1; χ0 T=0, Σ GaussSmear esmr=0.003 Ry							0.000	6.30	43.7	Thallium iodide - HT
mp-571222	CsBr	2	FAILED_MAY	5 月の失敗: AC_rst-rmt-mismatch@llmf_start(lmf) / 回し直し(run1): CONVERGED 5 反復、ギャップ 7.049812 eV（LDA 4.104366）、5 月との差 +0.24 eV	FAILED	6.807	TF32; 本計算 legacy(ctrl+GWinput) ~/bin2 → 追加の計算 TOML(05-11) ×1; χ0 T=0, Σ GaussSmear esmr=0.003 Ry	run1	CONVERGED	5	7.049812	4.104366	fp32; 989a18637 (2026-09-29); POSCAR→vasp2ctrl→ctrlgenToml --ssig=0.8 (2026-09 の雛形); t_tetrakbt=300 t_sigmaw=300; LDA から; 最大 10 反復 (NaCoO2 20、金属 15)	0.005	3.60	49.1	Cesium bromide
mp-571386	CuCl	2	GOOD		GOOD	2.324	TF32; 本計算 legacy(ctrl+GWinput) ~/bin2 → 追加の計算 TOML(05-11) ×1; χ0 T=0, Σ GaussSmear esmr=0.003 Ry							0.178	4.92	16.7	Copper(I) chloride - V; High pressure experimental phase
mp-573697	CsCl	2	FAILED_MAY	5 月の失敗: AC_rst-rmt-mismatch@llmf_start(lmf) / 回し直し(run1): CONVERGED 5 反復、ギャップ 7.812620 eV（LDA 4.630841）、5 月との差 +0.07 eV	FAILED	7.740	TF32; 本計算 legacy(ctrl+GWinput) ~/bin2 → 追加の計算 TOML(05-11) ×1; χ0 T=0, Σ GaussSmear esmr=0.003 Ry	run1	CONVERGED	5	7.812620	4.630841	fp32; 989a18637 (2026-09-29); POSCAR→vasp2ctrl→ctrlgenToml --ssig=0.8 (2026-09 の雛形); t_tetrakbt=300 t_sigmaw=300; LDA から; 最大 10 反復 (NaCoO2 20、金属 15)	0.007	3.24	43.1	Cesium chloride - beta; Cesium chloride
mp-614603	CsI	2	FAILED_MAY	5 月の失敗: AC_rst-rmt-mismatch@llmf_start(lmf) / 回し直し(run1): CONVERGED 5 反復、ギャップ 6.307015 eV（LDA 3.595345）、5 月との差 +0.10 eV	FAILED	6.210	TF32; 本計算 legacy(ctrl+GWinput) ~/bin2 → 追加の計算 TOML(05-11) ×1; χ0 T=0, Σ GaussSmear esmr=0.003 Ry	run1	CONVERGED	5	6.307015	3.595345	fp32; 989a18637 (2026-09-29); POSCAR→vasp2ctrl→ctrlgenToml --ssig=0.8 (2026-09 の雛形); t_tetrakbt=300 t_sigmaw=300; LDA から; 最大 10 反復 (NaCoO2 20、金属 15)	0.000	3.62	59.6	Cesium iodide - LT
mp-632291	H2	2	GOOD		GOOD	14.632	TF32; 本計算 legacy(ctrl+GWinput) ~/bin2 → 追加の計算 TOML(05-11) ×1; χ0 T=0, Σ GaussSmear esmr=0.003 Ry							0.003	0.14	11.8	Deuterium
mp-632319	CsH	2	FAILED_MAY	5 月の失敗: AC_rst-rmt-mismatch@llmf_start(lmf) / 回し直し(run1): CONVERGED 6 反復、ギャップ 4.701782 eV（LDA 2.302430）、5 月との差 +0.11 eV	FAILED	4.592	TF32; 本計算 legacy(ctrl+GWinput) ~/bin2 → 追加の計算 TOML(05-11) ×1; χ0 T=0, Σ GaussSmear esmr=0.003 Ry	run1	CONVERGED	6	4.701782	2.302430	fp32; 989a18637 (2026-09-29); POSCAR→vasp2ctrl→ctrlgenToml --ssig=0.8 (2026-09 の雛形); t_tetrakbt=300 t_sigmaw=300; LDA から; 最大 10 反復 (NaCoO2 20、金属 15)	0.016	3.99	27.8	Cesium hydride - HP
mp-66	C2	2	GOOD		GOOD	5.808	TF32; 本計算 legacy(ctrl+GWinput) ~/bin2 → 追加の計算 TOML(05-11) ×1; χ0 T=0, Σ GaussSmear esmr=0.003 Ry							0.112	3.53	5.6	Carbon; Carbon - cubic diamond; Diamond 3C; Diamond; Carbon - diamond; High pressure experimental phase
mp-682	NaF	2	NOTCONV_MAY	5 月は 10 反復で収束せず（最後の 3 反復の幅 0.1311 eV、履歴 11.2997, 11.6480, 11.5931, 11.4706, 11.4620） / 回し直し(run3): CONVERGED 6 反復、ギャップ 11.484239 eV（LDA 6.428080）、5 月との差 +0.02 eV	NOTCONV	11.462	TF32; 本計算 legacy(ctrl+GWinput) ~/bin2 → 追加の計算 TOML(05-11) ×1; χ0 T=0, Σ GaussSmear esmr=0.003 Ry	run3	CONVERGED	6	11.484239	6.428080	fp32; 989a18637 (2026-09-29); POSCAR→vasp2ctrl→ctrlgenToml --ssig=0.8 (2026-09 の雛形); t_tetrakbt=300 t_sigmaw=300; LDA から; 最大 10 反復 (NaCoO2 20、金属 15)	0.000	2.92	11.9	Sodium fluoride; Villiaumite; Sodium fluoride (1/1)
mp-685145	BN	2	GOOD		GOOD	5.871	TF32; 本計算 legacy(ctrl+GWinput) ~/bin2 → 追加の計算 TOML(05-11) ×1; χ0 T=0, Σ GaussSmear esmr=0.003 Ry							0.001	2.17	9.5	Boron nitride
mp-8062	SiC	2	GOOD		GOOD	2.342	TF32; 本計算 legacy(ctrl+GWinput) ~/bin2 → 追加の計算 TOML(05-11) ×1; χ0 T=0, Σ GaussSmear esmr=0.003 Ry							0.000	3.23	10.3	Moissanite 3C; Silicon carbide; Silicon carbide - ZB-type; Silicon carbide - 3C; Silicon carbide - 3.13% Cr-doped; Silic
mp-8454	KF	2	GOOD		GOOD	10.544	TF32; 本計算 legacy(ctrl+GWinput) ~/bin2 → 追加の計算 TOML(05-11) ×2 → 最初から REDO(TOML); χ0 T=0, Σ GaussSmear esmr=0.003 Ry							0.103	2.79	17.3	Potassium fluoride; High pressure experimental phase
mp-8455	CsF	2	FAILED_MAY	5 月の失敗: AC_rst-rmt-mismatch@llmf_start(lmf) / 回し直し(run1): CONVERGED 6 反復、ギャップ 9.636459 eV（LDA 6.006345）、5 月との差 -0.00 eV	FAILED	9.641	TF32; 本計算 legacy(ctrl+GWinput) ~/bin2 → 追加の計算 TOML(05-11) ×1; χ0 T=0, Σ GaussSmear esmr=0.003 Ry	run1	CONVERGED	6	9.636459	6.006345	fp32; 989a18637 (2026-09-29); POSCAR→vasp2ctrl→ctrlgenToml --ssig=0.8 (2026-09 の雛形); t_tetrakbt=300 t_sigmaw=300; LDA から; 最大 10 反復 (NaCoO2 20、金属 15)	0.109	4.97	25.4	High pressure experimental phase; Cesium fluoride
mp-938	GeTe	2	GOOD		GOOD	0.662	TF32; 本計算 legacy(ctrl+GWinput) ~/bin2 → 追加の計算 TOML(05-11) ×1; χ0 T=0, Σ GaussSmear esmr=0.003 Ry							0.000	5.95	28.0	Germanium telluride; Germanium telluride (1/1); Germanium(II) telluride; Germanium telluride (1/1) - alpha
mp-1006878	BaO2	3	GOOD		GOOD	5.013	TF32; 本計算 legacy(ctrl+GWinput) ~/bin2 → 追加の計算 TOML(05-11) ×1; χ0 T=0, Σ GaussSmear esmr=0.003 Ry							0.120	5.00	18.7	Barium peroxide - HP; High pressure experimental phase
mp-1008601	ZrAg2	3	GOOD		GOOD	0.045	TF32; 本計算 legacy(ctrl+GWinput) ~/bin2 → 追加の計算 TOML(05-11) ×1; χ0 T=0, Σ GaussSmear esmr=0.003 Ry							0.040	9.01	18.9	Silver zirconium (2/1)
mp-1008680	TiGePt	3	GOOD		GOOD	1.228	TF32; 本計算 legacy(ctrl+GWinput) ~/bin2 → 追加の計算 TOML(05-11) ×1; χ0 T=0, Σ GaussSmear esmr=0.003 Ry							0.000	9.96	17.5	Titanium germanium platinum (1/1/1)
mp-10161	KZnSb	3	GOOD		GOOD	1.396	TF32; 本計算 legacy(ctrl+GWinput) ~/bin2 → 追加の計算 TOML(05-11) ×2 → 最初から REDO(TOML); χ0 T=0, Σ GaussSmear esmr=0.003 Ry							0.012	3.97	31.6	Potassium zinc antimonide
mp-1018141	BaC2	3	DRIFT_GOOD	5 月は収束の基準を満たしたが、最後の 3 反復が同じ向きに +0.09 eV 動いていた（履歴 2.8517, 3.1627, 3.2186, 3.2544）。回し直していない	GOOD	3.254	TF32; 本計算 legacy(ctrl+GWinput) ~/bin2 → 追加の計算 TOML(05-11) ×2 → 最初から REDO(TOML); χ0 T=0, Σ GaussSmear esmr=0.003 Ry							0.241	4.54	19.7	High pressure experimental phase; Barium dicarbide
mp-10182	LiZnP	3	GOOD		GOOD	1.931	TF32; 本計算 legacy(ctrl+GWinput) ~/bin2 → 追加の計算 TOML(05-11) ×2; χ0 T=0, Σ GaussSmear esmr=0.003 Ry							0.000	3.71	15.4	Lithium zinc phosphide
mp-1022	K2S	3	GOOD		GOOD	4.344	TF32; 本計算 legacy(ctrl+GWinput) ~/bin2 → 追加の計算 TOML(05-11) ×2 → 最初から REDO(TOML); χ0 T=0, Σ GaussSmear esmr=0.003 Ry							0.000	1.80	34.0	Potassium sulfide; Dipotassium sulfide
mp-1029	BaF2	3	GOOD		GOOD	10.621	TF32; 本計算 legacy(ctrl+GWinput) ~/bin2 → 追加の計算 TOML(05-11) ×2 → 最初から REDO(TOML); χ0 T=0, Σ GaussSmear esmr=0.003 Ry							0.000	4.83	20.1	Barium difluoride; Barium fluoride; High pressure experimental phase; Frankdicksonite
mp-10614	SrLiP	3	GOOD		GOOD	1.583	TF32; 本計算 legacy(ctrl+GWinput) ~/bin2 → 追加の計算 TOML(05-11) ×2 → 最初から REDO(TOML); χ0 T=0, Σ GaussSmear esmr=0.003 Ry							0.080	3.06	22.7	Lithium strontium phosphide (1/1/1)
mp-10615	BaLiP	3	GOOD		GOOD	1.490	TF32; 本計算 legacy(ctrl+GWinput) ~/bin2 → 追加の計算 TOML(05-11) ×2 → 最初から REDO(TOML); χ0 T=0, Σ GaussSmear esmr=0.003 Ry							0.033	3.81	25.5	Lithium barium phosphide (1/1/1)
mp-10616	BaLiAs	3	GOOD		GOOD	1.402	TF32; 本計算 legacy(ctrl+GWinput) ~/bin2 → 追加の計算 TOML(05-11) ×2 → 最初から REDO(TOML); χ0 T=0, Σ GaussSmear esmr=0.003 Ry							0.000	4.44	27.3	Lithium barium arsenide (1/1/1)
mp-1062030	TiS2	3	GOOD	構造: Pb–Ti–S の非整合層状化合物の「Ti S2-part」。c=11.25 Å（1T-TiS2 は 5.70）、1 原子 37.9 Å³（約 19）。5 月は 1 反復目に 0.65 → 2.49 eV と跳んだ	GOOD	2.321	TF32; 本計算 legacy(ctrl+GWinput) ~/bin2 → 追加の計算 TOML(05-11) ×2 → 最初から REDO(TOML); χ0 T=0, Σ GaussSmear esmr=0.003 Ry							0.004	1.63	37.9	Lead titanium sulfide (1.18/1/3.18) - Ti S2-part, basic structure
mp-1062676	K2Pt	3	GOOD		GOOD	3.046	TF32; 本計算 legacy(ctrl+GWinput) ~/bin2 → 追加の計算 TOML(05-11) ×2 → 最初から REDO(TOML); χ0 T=0, Σ GaussSmear esmr=0.003 Ry							0.000	4.20	36.0	Dipotassium tetrahydridoplatinate
mp-1105	BaO2	3	NOTCONV_MAY	5 月は 10 反復で収束せず（最後の 3 反復の幅 0.1096 eV、履歴 4.7360, 5.1292, 5.1844, 5.0748, 5.1054） / 回し直し(run3): CONVERGED 6 反復、ギャップ 4.926768 eV（LDA 2.129751）、5 月との差 -0.18 eV	NOTCONV	5.105	TF32; 本計算 legacy(ctrl+GWinput) ~/bin2 → 追加の計算 TOML(05-11) ×1; χ0 T=0, Σ GaussSmear esmr=0.003 Ry	run3	CONVERGED	6	4.926768	2.129751	fp32; 989a18637 (2026-09-29); POSCAR→vasp2ctrl→ctrlgenToml --ssig=0.8 (2026-09 の雛形); t_tetrakbt=300 t_sigmaw=300; LDA から; 最大 10 反復 (NaCoO2 20、金属 15)	0.000	5.53	16.9	Barium peroxide - NP; Barium peroxide; High pressure experimental phase
mp-1115	PtSe2	3	GOOD		GOOD	0.866	TF32; 本計算 legacy(ctrl+GWinput) ~/bin2 → 追加の計算 TOML(05-11) ×1; χ0 T=0, Σ GaussSmear esmr=0.003 Ry							0.000	8.42	23.2	Sudovikovite; Platinum(IV) selenide
mp-11327	Rb2Se	3	FAILED_MAY	5 月の失敗: AC_rst-rmt-mismatch@llmf_start(lmf) / 回し直し(run1): CONVERGED 5 反復、ギャップ 3.699034 eV（LDA 1.592205）、5 月との差 +0.25 eV	FAILED	3.449	TF32; 本計算 legacy(ctrl+GWinput) ~/bin2 → 追加の計算 TOML(05-11) ×1; χ0 T=0, Σ GaussSmear esmr=0.003 Ry	run1	CONVERGED	5	3.699034	1.592205	fp32; 989a18637 (2026-09-29); POSCAR→vasp2ctrl→ctrlgenToml --ssig=0.8 (2026-09 の雛形); t_tetrakbt=300 t_sigmaw=300; LDA から; 最大 10 反復 (NaCoO2 20、金属 15)	0.000	3.17	43.6	Rubidium selenide; Dirubidium selenide
mp-11390	LiGaSi	3	GOOD		GOOD	0.531	TF32; 本計算 legacy(ctrl+GWinput) ~/bin2 → 追加の計算 TOML(05-11) ×2; χ0 T=0, Σ GaussSmear esmr=0.003 Ry							0.075	3.41	17.0	Lithium gallium silicide (1/1/1)
mp-11520	YNiSb	3	GOOD		GOOD	0.602	TF32; 本計算 legacy(ctrl+GWinput) ~/bin2 → 追加の計算 TOML(05-11) ×1; χ0 T=0, Σ GaussSmear esmr=0.003 Ry							0.000	7.05	21.2	Nickel antimony yttrium (1/1/1)
mp-1153	Li2S	3	GOOD		GOOD	5.254	TF32; 本計算 legacy(ctrl+GWinput) ~/bin2 → 追加の計算 TOML(05-11) ×1; χ0 T=0, Σ GaussSmear esmr=0.003 Ry							0.000	1.67	15.2	Lithium sulfide; Dilithium sulfide - LT; MPComplete
mp-1170	SnS2	3	GOOD		GOOD	2.701	TF32; 本計算 legacy(ctrl+GWinput) ~/bin2 → 追加の計算 TOML(05-11) ×1; χ0 T=0, Σ GaussSmear esmr=0.003 Ry							0.000	4.17	24.3	Berndtite 2T; Berndtite-3R; Tin(IV) sulfide; Berndtite; Tin disulfide; High pressure experimental phase
mp-1186	ZrS2	3	GOOD		GOOD	2.171	TF32; 本計算 legacy(ctrl+GWinput) ~/bin2 → 追加の計算 TOML(05-11) ×1; χ0 T=0, Σ GaussSmear esmr=0.003 Ry							0.000	3.62	23.8	Zirconium disulfide; Zirconium sulfide
mp-11869	HfSnPd	3	GOOD		GOOD	0.440	TF32; 本計算 legacy(ctrl+GWinput) ~/bin2 → 追加の計算 TOML(05-11) ×1; χ0 T=0, Σ GaussSmear esmr=0.003 Ry							0.000	10.63	21.0	Hafnium palladium tin (1/1/1)
mp-12558	LiMgAs	3	GOOD		GOOD	2.286	TF32; 本計算 legacy(ctrl+GWinput) ~/bin2 → 追加の計算 TOML(05-11) ×3 → 最初から REDO(TOML); χ0 T=0, Σ GaussSmear esmr=0.003 Ry							0.000	3.02	19.4	Lithium magnesium arsenide
mp-1266	Na2Se	3	GOOD		GOOD	4.170	TF32; 本計算 legacy(ctrl+GWinput) ~/bin2 → 追加の計算 TOML(05-11) ×1; χ0 T=0, Σ GaussSmear esmr=0.003 Ry							0.000	2.69	25.7	Sodium selenide; Disodium selenide
mp-1367	Mg2Si	3	GOOD		GOOD	0.635	TF32; 本計算 legacy(ctrl+GWinput) ~/bin2 → 追加の計算 TOML(05-11) ×1; χ0 T=0, Σ GaussSmear esmr=0.003 Ry							0.000	2.00	21.2	Magnesium silicide (2/1) - 0.4% Ga-doped; Dimagnesium silicide -  anti-fluorite type; Magnesium silicide (2/1) - 0.8% Ga
mp-1394	Rb2O	3	FAILED_MAY	5 月の失敗: AC_rst-rmt-mismatch@llmf_start(lmf) / 回し直し(run1): CONVERGED 6 反復、ギャップ 3.328882 eV（LDA 1.301782）、5 月との差 +0.20 eV	FAILED	3.130	TF32; 本計算 legacy(ctrl+GWinput) ~/bin2 → 追加の計算 TOML(05-11) ×1; χ0 T=0, Σ GaussSmear esmr=0.003 Ry	run1	CONVERGED	6	3.328882	1.301782	fp32; 989a18637 (2026-09-29); POSCAR→vasp2ctrl→ctrlgenToml --ssig=0.8 (2026-09 の雛形); t_tetrakbt=300 t_sigmaw=300; LDA から; 最大 10 反復 (NaCoO2 20、金属 15)	0.003	4.02	25.8	Dirubidium oxide; Rubidium oxide
mp-14	Se3	3	GOOD		GOOD	2.154	TF32; 本計算 legacy(ctrl+GWinput) ~/bin2 → 追加の計算 TOML(05-11) ×1; χ0 T=0, Σ GaussSmear esmr=0.003 Ry							0.001	4.50	29.2	Selenium - trigonal; High pressure experimental phase; Selenium
mp-1434	MoS2	3	GOOD		GOOD	1.712	TF32; 本計算 legacy(ctrl+GWinput) ~/bin2 → 追加の計算 TOML(05-11) ×1; χ0 T=0, Σ GaussSmear esmr=0.003 Ry							0.000	4.67	19.0	Molybdenum(IV) sulfide; Molybdenite 3R; Molybdenum(IV) disulfide
mp-1565	ZrO2	3	GOOD		GOOD	5.299	TF32; 本計算 legacy(ctrl+GWinput) ~/bin2 → 追加の計算 TOML(05-11) ×1; χ0 T=0, Σ GaussSmear esmr=0.003 Ry							0.056	6.21	11.0	Zirconium oxide; Zirconia (nanocrystalline); Zircon dioxide; Zirconium dioxide; Zirconium oxide - nanocrystalline; Zirco
mp-15687	KZnAs	3	FAILED_MAY	5 月の失敗: AC_rst-rmt-mismatch@llmf_start(lmf) / 回し直し(run1): CONVERGED 5 反復、ギャップ 1.303605 eV（LDA 0.139934）、5 月との差 +0.02 eV	FAILED	1.284	TF32; 本計算 legacy(ctrl+GWinput) ~/bin2 → 追加の計算 TOML(05-11) ×1; χ0 T=0, Σ GaussSmear esmr=0.003 Ry	run1	CONVERGED	5	1.303605	0.139934	fp32; 989a18637 (2026-09-29); POSCAR→vasp2ctrl→ctrlgenToml --ssig=0.8 (2026-09 の雛形); t_tetrakbt=300 t_sigmaw=300; LDA から; 最大 10 反復 (NaCoO2 20、金属 15)	0.009	3.77	26.3	Potassium zinc arsenide
mp-1569	Be2C	3	GOOD		GOOD	2.095	TF32; 本計算 legacy(ctrl+GWinput) ~/bin2 → 追加の計算 TOML(05-11) ×1; χ0 T=0, Σ GaussSmear esmr=0.003 Ry							0.000	2.47	6.7	Beryllium carbide; Diberyllium carbide; Beryllium carbide (2/1) - antifluorite-type
mp-1735	BaC2	3	GOOD		GOOD	3.872	TF32; 本計算 legacy(ctrl+GWinput) ~/bin2 → 追加の計算 TOML(05-11) ×1; χ0 T=0, Σ GaussSmear esmr=0.003 Ry							0.160	3.80	23.5	Barium carbide (1/2); High pressure experimental phase
mp-1747	K2Te	3	FAILED_MAY	5 月の失敗: AC_rst-rmt-mismatch@llmf_start(lmf) / 回し直し(run1): CONVERGED 6 反復、ギャップ 3.930307 eV（LDA 1.953498）、5 月との差 +0.13 eV	FAILED	3.798	TF32; 本計算 legacy(ctrl+GWinput) ~/bin2 → 追加の計算 TOML(05-11) ×1; χ0 T=0, Σ GaussSmear esmr=0.003 Ry	run1	CONVERGED	6	3.930307	1.953498	fp32; 989a18637 (2026-09-29); POSCAR→vasp2ctrl→ctrlgenToml --ssig=0.8 (2026-09 の雛形); t_tetrakbt=300 t_sigmaw=300; LDA から; 最大 10 反復 (NaCoO2 20、金属 15)	0.000	2.50	45.7	Potassium telluride; Tellurium fluoride (2/1); Dipotassium telluride
mp-19	Te3	3	GOOD		GOOD	0.906	TF32; 本計算 legacy(ctrl+GWinput) ~/bin2 → 追加の計算 TOML(05-11) ×1; χ0 T=0, Σ GaussSmear esmr=0.003 Ry							0.000	5.88	36.1	Tellurium; High pressure experimental phase
mp-1960	Li2O	3	GOOD		GOOD	8.076	TF32; 本計算 legacy(ctrl+GWinput) ~/bin2 → 追加の計算 TOML(05-11) ×1; χ0 T=0, Σ GaussSmear esmr=0.003 Ry							0.000	1.97	8.4	Lithia; Lithium oxide; Lithium oxide (2/1); Dilithium oxide
mp-20134	KCN	3	GOOD		GOOD	8.686	TF32; 本計算 legacy(ctrl+GWinput) ~/bin2 → 追加の計算 TOML(05-11) ×2 → 最初から REDO(TOML); χ0 T=0, Σ GaussSmear esmr=0.003 Ry							0.169	1.75	20.6	Potassium cyanide - IV
mp-2076	ZrSe2	3	GOOD		GOOD	1.385	TF32; 本計算 legacy(ctrl+GWinput) ~/bin2 → 追加の計算 TOML(05-11) ×1; χ0 T=0, Σ GaussSmear esmr=0.003 Ry							0.000	5.14	26.8	Zirconium selenide (1/2); Zirconium diselenide; Zirconium selenide
mp-22689	ZrSnPd	3	GOOD		GOOD	0.256	TF32; 本計算 legacy(ctrl+GWinput) ~/bin2 → 追加の計算 TOML(05-11) ×1; χ0 T=0, Σ GaussSmear esmr=0.003 Ry							0.532	7.61	23.0	Palladium tin zirconium (1/1/1)
mp-2278	HgO2	3	NOTCONV_MAY	5 月は 10 反復で収束せず（最後の 3 反復の幅 0.1711 eV、履歴 1.7291, 1.5795, 1.6899, 1.6899, 1.8610） / 回し直し(run3): CONVERGED 6 反復、ギャップ 1.765741 eV（LDA 0.022309）、5 月との差 -0.10 eV	NOTCONV	1.861	TF32; 本計算 legacy(ctrl+GWinput) ~/bin2 → 追加の計算 TOML(05-11) ×1; χ0 T=0, Σ GaussSmear esmr=0.003 Ry	run3	CONVERGED	6	1.765741	0.022309	fp32; 989a18637 (2026-09-29); POSCAR→vasp2ctrl→ctrlgenToml --ssig=0.8 (2026-09 の雛形); t_tetrakbt=300 t_sigmaw=300; LDA から; 最大 10 反復 (NaCoO2 20、金属 15)	0.382	7.98	16.1	Mercury peroxide - alpha; Mercury peroxide
mp-2286	Li2Se	3	GOOD		GOOD	4.575	TF32; 本計算 legacy(ctrl+GWinput) ~/bin2 → 追加の計算 TOML(05-11) ×1; χ0 T=0, Σ GaussSmear esmr=0.003 Ry							0.000	2.92	17.6	Lithium selenide; Dilithium selenide
mp-22881	CdCl2	3	NOTCONV_MAY	5 月は 10 反復で収束せず（最後の 3 反復の幅 0.3546 eV、履歴 4.5709, 5.6222, 5.7990, 5.4444, 5.5695） / 回し直し(run3): CONVERGED 6 反復、ギャップ 5.994382 eV（LDA 3.298712）、5 月との差 +0.42 eV	NOTCONV	5.570	TF32; 本計算 legacy(ctrl+GWinput) ~/bin2 → 追加の計算 TOML(05-11) ×1; χ0 T=0, Σ GaussSmear esmr=0.003 Ry	run3	CONVERGED	6	5.994382	3.298712	fp32; 989a18637 (2026-09-29); POSCAR→vasp2ctrl→ctrlgenToml --ssig=0.8 (2026-09 の雛形); t_tetrakbt=300 t_sigmaw=300; LDA から; 最大 10 反復 (NaCoO2 20、金属 15)	0.000	3.87	26.2	Cadmium dichloride; Cadmium chloride
mp-22883	PbI2	3	NOTCONV_MAY	5 月は 10 反復で収束せず（最後の 3 反復の幅 0.2315 eV、履歴 3.5873, 4.4735, 3.9389, 3.8785, 3.7074） / 回し直し(run3): CONVERGED 5 反復、ギャップ 3.545461 eV（LDA 2.234387）、5 月との差 -0.16 eV	NOTCONV	3.707	TF32; 本計算 legacy(ctrl+GWinput) ~/bin2 → 追加の計算 TOML(05-11) ×1; χ0 T=0, Σ GaussSmear esmr=0.003 Ry	run3	CONVERGED	5	3.545461	2.234387	fp32; 989a18637 (2026-09-29); POSCAR→vasp2ctrl→ctrlgenToml --ssig=0.8 (2026-09 の雛形); t_tetrakbt=300 t_sigmaw=300; LDA から; 最大 10 反復 (NaCoO2 20、金属 15)	0.001	5.62	45.4	Lead iodide
mp-22893	PbI2	3	GOOD		GOOD	3.492	TF32; 本計算 legacy(ctrl+GWinput) ~/bin2 → 追加の計算 TOML(05-11) ×1; χ0 T=0, Σ GaussSmear esmr=0.003 Ry							0.002	5.72	44.6	Lead iodide - 2H; Lead iodide
mp-22965	BiTeI	3	GOOD		GOOD	1.880	TF32; 本計算 legacy(ctrl+GWinput) ~/bin2 → 追加の計算 TOML(05-11) ×1; χ0 T=0, Σ GaussSmear esmr=0.003 Ry							0.116	6.37	40.3	Bismuth telluride iodide (1/1/1); Bismuth telluride iodide
mp-23162	ZrCl2	3	DRIFT_GOOD	5 月は収束の基準を満たしたが、最後の 3 反復が同じ向きに +0.09 eV 動いていた（履歴 1.7770, 1.9192, 1.7892, 1.8618, 1.8820）。回し直していない	GOOD	1.882	TF32; 本計算 legacy(ctrl+GWinput) ~/bin2 → 追加の計算 TOML(05-11) ×1; χ0 T=0, Σ GaussSmear esmr=0.003 Ry							0.000	4.03	22.3	Zirconium(II) chloride
mp-23205	MgI2	3	GOOD		GOOD	5.531	TF32; 本計算 legacy(ctrl+GWinput) ~/bin2 → 追加の計算 TOML(05-11) ×1; χ0 T=0, Σ GaussSmear esmr=0.003 Ry							0.000	4.26	36.1	Magnesium iodide - 2H; Magnesium iodide
mp-23209	SrCl2	3	FAILED_MAY	5 月の失敗: AC_rst-rmt-mismatch@llmf_start(lmf) / 回し直し(run1): CONVERGED 5 反復、ギャップ 7.816688 eV（LDA 5.003842）、5 月との差 +0.07 eV	FAILED	7.748	TF32; 本計算 legacy(ctrl+GWinput) ~/bin2 → 追加の計算 TOML(05-11) ×1; χ0 T=0, Σ GaussSmear esmr=0.003 Ry	run1	CONVERGED	5	7.816688	5.003842	fp32; 989a18637 (2026-09-29); POSCAR→vasp2ctrl→ctrlgenToml --ssig=0.8 (2026-09 の雛形); t_tetrakbt=300 t_sigmaw=300; LDA から; 最大 10 反復 (NaCoO2 20、金属 15)	0.000	3.07	28.6	Strontium chloride
mp-2352	Na2O	3	GOOD		GOOD	4.988	TF32; 本計算 legacy(ctrl+GWinput) ~/bin2 → 追加の計算 TOML(05-11) ×1; χ0 T=0, Σ GaussSmear esmr=0.003 Ry							0.000	2.49	13.8	Sodium oxide; Disodium oxide
mp-241	CdF2	3	GOOD		GOOD	6.418	TF32; 本計算 legacy(ctrl+GWinput) ~/bin2 → 追加の計算 TOML(05-11) ×1; χ0 T=0, Σ GaussSmear esmr=0.003 Ry							0.000	6.34	13.1	Cadmium difluoride; Cadmium fluoride; Cadmium difluoride - NP; Fluorite
mp-2482	CaC2	3	GOOD		GOOD	3.468	TF32; 本計算 legacy(ctrl+GWinput) ~/bin2 → 追加の計算 TOML(05-11) ×1; χ0 T=0, Σ GaussSmear esmr=0.003 Ry							0.003	2.22	16.0	Calcium carbide (2/1); Calcium carbide (1/2) - I; Calcium carbide (1/2)
mp-25210	NiO2	3	NOTCONV_MAY	5 月は 10 反復で収束せず（最後の 3 反復の幅 0.1825 eV、履歴 4.4727, 2.2590, 2.1474, 2.3299, 2.1758） / 回し直し(run3): CONVERGED 6 反復、ギャップ 2.520079 eV（LDA 0.916763）、5 月との差 +0.34 eV	NOTCONV	2.176	TF32; 本計算 legacy(ctrl+GWinput) ~/bin2 → 追加の計算 TOML(05-11) ×1; χ0 T=0, Σ GaussSmear esmr=0.003 Ry	run3	CONVERGED	6	2.520079	0.916763	fp32; 989a18637 (2026-09-29); POSCAR→vasp2ctrl→ctrlgenToml --ssig=0.8 (2026-09 の雛形); t_tetrakbt=300 t_sigmaw=300; LDA から; 最大 10 反復 (NaCoO2 20、金属 15)	0.130	4.63	10.8	Nickel(IV) oxide; Nickel oxide
mp-2530	Li2Te	3	GOOD		GOOD	3.815	TF32; 本計算 legacy(ctrl+GWinput) ~/bin2 → 追加の計算 TOML(05-11) ×1; χ0 T=0, Σ GaussSmear esmr=0.003 Ry							0.000	3.40	23.0	Lithium telluride; Dilithium telluride
mp-2630	SrC2	3	DRIFT_GOOD	5 月は収束の基準を満たしたが、最後の 3 反復が同じ向きに -0.09 eV 動いていた（履歴 3.3838, 3.6153, 3.7708, 3.9214, 3.8500, 3.8334）。回し直していない	GOOD	3.833	TF32; 本計算 legacy(ctrl+GWinput) ~/bin2 → 追加の計算 TOML(05-11) ×1 → 最初から REDO(TOML); χ0 T=0, Σ GaussSmear esmr=0.003 Ry							0.003	3.24	19.1	Strontium carbide (2/1); Strontium carbide (1/2); Strontium carbide (1/2) - I
mp-2697	SrO2	3	FAILED_MAY	5 月の失敗: NOGAP_GAP_COLLAPSED(LDA gap 2.76 eV, previous QSGW iteration 5.76 eV) / 回し直し(run1): CONVERGED 5 反復、ギャップ 5.758807 eV（LDA 2.758681）	FAILED		TF32; 本計算 legacy(ctrl+GWinput) ~/bin2 → 追加の計算 TOML(05-11) ×1; χ0 T=0, Σ GaussSmear esmr=0.003 Ry	run1	CONVERGED	5	5.758807	2.758681	fp32; 989a18637 (2026-09-29); POSCAR→vasp2ctrl→ctrlgenToml --ssig=0.8 (2026-09 の雛形); t_tetrakbt=300 t_sigmaw=300; LDA から; 最大 10 反復 (NaCoO2 20、金属 15)	0.000	4.73	14.0	Strontium peroxide
mp-2741	CaF2	3	GOOD		GOOD	11.041	TF32; 本計算 legacy(ctrl+GWinput) ~/bin2 → 追加の計算 TOML(05-11) ×2 → 最初から REDO(TOML); χ0 T=0, Σ GaussSmear esmr=0.003 Ry							0.000	3.09	14.0	Fluorite; Calcium difluoride; Calcium fluoride - HP; Calcium difluoride - nanocrystalline; Dicalcium tetrafluoride; Calc
mp-2784	Na2Te	3	GOOD		GOOD	3.809	TF32; 本計算 legacy(ctrl+GWinput) ~/bin2 → 追加の計算 TOML(05-11) ×1; χ0 T=0, Σ GaussSmear esmr=0.003 Ry							0.000	3.01	32.0	Disodium telluride; Sodium telluride
mp-28240	CSO	3	GOOD		GOOD	8.442	TF32; 本計算 legacy(ctrl+GWinput) ~/bin2 → 追加の計算 TOML(05-11) ×1; χ0 T=0, Σ GaussSmear esmr=0.003 Ry							0.105	1.31	25.4	Carbon oxide sulfide
mp-28797	YHSe	3	GOOD		GOOD	2.510	TF32; 本計算 legacy(ctrl+GWinput) ~/bin2 → 追加の計算 TOML(05-11) ×1; χ0 T=0, Σ GaussSmear esmr=0.003 Ry							0.000	5.61	16.7	Yttrium selenide hydride
mp-2894	ScSnAu	3	SUSPECT_GOOD	5 月は GOOD だが QSGW80 のギャップが LDA より小さい（履歴 0.1468, 0.1519, 0.1462） / 回し直し(run3): CONVERGED 4 反復、ギャップ 0.139484 eV（LDA 0.150711）、5 月との差 -0.01 eV	GOOD	0.146	TF32; 本計算 legacy(ctrl+GWinput) ~/bin2 → 追加の計算 TOML(05-11) ×1; χ0 T=0, Σ GaussSmear esmr=0.003 Ry	run3	CONVERGED	4	0.139484	0.150711	fp32; 989a18637 (2026-09-29); POSCAR→vasp2ctrl→ctrlgenToml --ssig=0.8 (2026-09 の雛形); t_tetrakbt=300 t_sigmaw=300; LDA から; 最大 10 反復 (NaCoO2 20、金属 15)	0.000	8.84	22.6	Scandium gold stannide; Gold scandium tin (1/1/1); Scandium gold tin (1/1/1)
mp-29196	AuCN	3	GOOD		GOOD	3.877	TF32; 本計算 legacy(ctrl+GWinput) ~/bin2 → 追加の計算 TOML(05-11) ×1; χ0 T=0, Σ GaussSmear esmr=0.003 Ry							0.251	6.24	19.8	Gold cyanide
mp-30031	CaI2	3	FAILED_MAY	5 月の失敗: AC_rst-rmt-mismatch@llmf_start(lmf) / 回し直し(run1): CONVERGED 5 反復、ギャップ 6.084609 eV（LDA 3.470842）、5 月との差 -0.01 eV	FAILED	6.093	TF32; 本計算 legacy(ctrl+GWinput) ~/bin2 → 追加の計算 TOML(05-11) ×1; χ0 T=0, Σ GaussSmear esmr=0.003 Ry	run1	CONVERGED	5	6.084609	3.470842	fp32; 989a18637 (2026-09-29); POSCAR→vasp2ctrl→ctrlgenToml --ssig=0.8 (2026-09 の雛形); t_tetrakbt=300 t_sigmaw=300; LDA から; 最大 10 反復 (NaCoO2 20、金属 15)	0.000	3.81	42.7	Calcium iodide - 2H
mp-30034	MgBr2	3	GOOD		GOOD	6.955	TF32; 本計算 legacy(ctrl+GWinput) ~/bin2 → 追加の計算 TOML(05-11) ×1; χ0 T=0, Σ GaussSmear esmr=0.003 Ry							0.000	3.71	27.5	Magnesium bromide
mp-30068	CIN	3	GOOD		GOOD	7.710	TF32; 本計算 legacy(ctrl+GWinput) ~/bin2 → 追加の計算 TOML(05-11) ×1; χ0 T=0, Σ GaussSmear esmr=0.003 Ry							0.506	2.73	31.0	Cyanogen iodide
mp-30459	ScNiBi	3	GOOD		GOOD	0.353	TF32; 本計算 legacy(ctrl+GWinput) ~/bin2 → 追加の計算 TOML(05-11) ×1; χ0 T=0, Σ GaussSmear esmr=0.003 Ry							0.000	8.62	20.1	Bismuth nickel scandium (1/1/1)
mp-30460	YNiBi	3	GOOD		GOOD	0.449	TF32; 本計算 legacy(ctrl+GWinput) ~/bin2 → 追加の計算 TOML(05-11) ×1; χ0 T=0, Σ GaussSmear esmr=0.003 Ry							0.000	8.81	22.4	Bismuth nickel yttrium (1/1/1)
mp-30847	TiSnPt	3	GOOD		GOOD	1.059	TF32; 本計算 legacy(ctrl+GWinput) ~/bin2 → 追加の計算 TOML(05-11) ×1; χ0 T=0, Σ GaussSmear esmr=0.003 Ry							0.000	10.12	19.8	Platinum tin titanium (1/1/1)
mp-31451	ZrCoBi	3	GOOD		GOOD	1.153	TF32; 本計算 legacy(ctrl+GWinput) ~/bin2 → 追加の計算 TOML(05-11) ×1; χ0 T=0, Σ GaussSmear esmr=0.003 Ry							0.000	10.07	19.7	Zirconium cobalt bismuthide (1/1/1)
mp-31454	TaSbRu	3	GOOD		GOOD	1.039	TF32; 本計算 legacy(ctrl+GWinput) ~/bin2 → 追加の計算 TOML(05-11) ×1; χ0 T=0, Σ GaussSmear esmr=0.003 Ry							0.000	11.48	19.5	Tantalum ruthenium antimonide (1/1/1)
mp-31455	VSbRu	3	GOOD		GOOD	0.421	TF32; 本計算 legacy(ctrl+GWinput) ~/bin2 → 追加の計算 TOML(05-11) ×1; χ0 T=0, Σ GaussSmear esmr=0.003 Ry							0.025	8.23	18.4	Vanadium ruthenium antimonide (1/1/1)
mp-315	PbF2	3	GOOD		GOOD	6.869	TF32; 本計算 legacy(ctrl+GWinput) ~/bin2 → 追加の計算 TOML(05-11) ×1; χ0 T=0, Σ GaussSmear esmr=0.003 Ry							0.000	7.87	17.3	Lead fluoride - beta; Lead fluoride - HT, beta; Lead difluoride - 2% Yb doped; Lead difluoride - 2% Yb, 2% Na doped; Lea
mp-3161	LiAlSi	3	GOOD		GOOD	0.481	TF32; 本計算 legacy(ctrl+GWinput) ~/bin2 → 追加の計算 TOML(05-11) ×1; χ0 T=0, Σ GaussSmear esmr=0.003 Ry							0.000	2.00	17.2	Lithium aluminium silicide (1/1/1); Lithium aluminum silicide - beta
mp-3432	ScNiSb	3	GOOD		GOOD	0.496	TF32; 本計算 legacy(ctrl+GWinput) ~/bin2 → 追加の計算 TOML(05-11) ×1; χ0 T=0, Σ GaussSmear esmr=0.003 Ry							0.000	6.65	18.8	Scandium nickel antimony (1/1/1); Nickel scandium antimonide (1/1/1)
mp-35925	NiO2	3	NOTCONV_MAY	5 月は 10 反復で収束せず（最後の 3 反復の幅 0.2662 eV、履歴 3.3566, 4.3529, 4.0668, 3.8651, 3.8006） / 回し直し(run3): CONVERGED 7 反復、ギャップ 3.818564 eV（LDA 1.184401）、5 月との差 +0.02 eV	NOTCONV	3.801	TF32; 本計算 legacy(ctrl+GWinput) ~/bin2 → 追加の計算 TOML(05-11) ×1; χ0 T=0, Σ GaussSmear esmr=0.003 Ry	run3	CONVERGED	7	3.818564	1.184401	fp32; 989a18637 (2026-09-29); POSCAR→vasp2ctrl→ctrlgenToml --ssig=0.8 (2026-09 の雛形); t_tetrakbt=300 t_sigmaw=300; LDA から; 最大 10 反復 (NaCoO2 20、金属 15)	0.127	3.17	15.8	Jamborite; Ordering of Disordered Crystal; Nickel hydroxide oxide *
mp-408	Mg2Ge	3	GOOD		GOOD	0.648	TF32; 本計算 legacy(ctrl+GWinput) ~/bin2 → 追加の計算 TOML(05-11) ×1; χ0 T=0, Σ GaussSmear esmr=0.003 Ry							0.000	3.12	21.5	Dimagnesium germanide; Germanium magnesium (1/2); Magnesium germanium (2/1); Magnesium germanide (2/1)
mp-441	Rb2Te	3	FAILED_MAY	5 月の失敗: AC_rst-rmt-mismatch@llmf_start(lmf) / 回し直し(run1): CONVERGED 6 反復、ギャップ 3.704224 eV（LDA 1.660044）、5 月との差 +0.08 eV	FAILED	3.623	TF32; 本計算 legacy(ctrl+GWinput) ~/bin2 → 追加の計算 TOML(05-11) ×1; χ0 T=0, Σ GaussSmear esmr=0.003 Ry	run1	CONVERGED	6	3.704224	1.660044	fp32; 989a18637 (2026-09-29); POSCAR→vasp2ctrl→ctrlgenToml --ssig=0.8 (2026-09 の雛形); t_tetrakbt=300 t_sigmaw=300; LDA から; 最大 10 反復 (NaCoO2 20、金属 15)	0.000	3.16	52.3	Dirubidium telluride - omega; High pressure experimental phase; Dirubidium telluride
mp-4964	YSbPt	3	GOOD		GOOD	0.617	TF32; 本計算 legacy(ctrl+GWinput) ~/bin2 → 追加の計算 TOML(05-11) ×1; χ0 T=0, Σ GaussSmear esmr=0.003 Ry							0.000	9.44	23.8	Yttrium platinum antimonide (1/1/1); Platinum antimony yttrium (1/1/1)
mp-505297	NbSbRu	3	FAILED_MAY	5 月の失敗: AC_rst-rmt-mismatch@llmf_start(lmf) / 回し直し(run1): CONVERGED 4 反復、ギャップ 0.675472 eV（LDA 0.310956）、5 月との差 +0.00 eV	FAILED	0.672	TF32; 本計算 legacy(ctrl+GWinput) ~/bin2 → 追加の計算 TOML(05-11) ×1; χ0 T=0, Σ GaussSmear esmr=0.003 Ry	run1	CONVERGED	4	0.675472	0.310956	fp32; 989a18637 (2026-09-29); POSCAR→vasp2ctrl→ctrlgenToml --ssig=0.8 (2026-09 の雛形); t_tetrakbt=300 t_sigmaw=300; LDA から; 最大 10 反復 (NaCoO2 20、金属 15)	0.000	8.90	19.6	Niobium ruthenium antimonide (1/1/1)
mp-510753	NiO2	3	GOOD		GOOD	2.416	TF32; 本計算 legacy(ctrl+GWinput) ~/bin2 → 追加の計算 TOML(05-11) ×1; χ0 T=0, Σ GaussSmear esmr=0.003 Ry							0.133	4.81	10.4	Nickel hydroxide; Nickel hydroxide - beta; Theophrastite
mp-550893	HfO2	3	GOOD		GOOD	5.679	TF32; 本計算 legacy(ctrl+GWinput) ~/bin2 → 追加の計算 TOML(05-11) ×1; χ0 T=0, Σ GaussSmear esmr=0.003 Ry							0.084	10.97	10.6	Hafnium dioxide - cubic; Hafnium dioxide; High pressure experimental phase; Hafnium oxide
mp-567259	CdI2	3	GOOD		GOOD	3.986	TF32; 本計算 legacy(ctrl+GWinput) ~/bin2 → 追加の計算 TOML(05-11) ×1; χ0 T=0, Σ GaussSmear esmr=0.003 Ry							0.001	5.22	38.8	Cadmium iod; Cadmium iodide
mp-567636	VFeSb	3	GOOD		GOOD	0.568	TF32; 本計算 legacy(ctrl+GWinput) ~/bin2 → 追加の計算 TOML(05-11) ×1; χ0 T=0, Σ GaussSmear esmr=0.003 Ry							0.000	7.97	15.9	Iron vanadium antimonide (1/1/1); Iron vanadium antimony (1/1/1) - cubic, paramagnetic
mp-567677	GeI2	3	GOOD		GOOD	3.115	TF32; 本計算 legacy(ctrl+GWinput) ~/bin2 → 追加の計算 TOML(05-11) ×1; χ0 T=0, Σ GaussSmear esmr=0.003 Ry							0.120	4.22	42.8	Germanium(II) iodide
mp-568662	BaCl2	3	FAILED_MAY	5 月の失敗: AC_rst-rmt-mismatch@llmf_start(lmf) / 回し直し(run1): CONVERGED 5 反復、ギャップ 8.002961 eV（LDA 5.203188）、5 月との差 +0.09 eV	FAILED	7.913	TF32; 本計算 legacy(ctrl+GWinput) ~/bin2 → 追加の計算 TOML(05-11) ×1; χ0 T=0, Σ GaussSmear esmr=0.003 Ry	run1	CONVERGED	5	8.002961	5.203188	fp32; 989a18637 (2026-09-29); POSCAR→vasp2ctrl→ctrlgenToml --ssig=0.8 (2026-09 の雛形); t_tetrakbt=300 t_sigmaw=300; LDA から; 最大 10 反復 (NaCoO2 20、金属 15)	0.000	3.45	33.4	Barium chloride - beta
mp-568690	CdBr2	3	NOTCONV_MAY	5 月は 10 反復で収束せず（最後の 3 反復の幅 0.3571 eV、履歴 4.6782, 4.0737, 4.7155, 4.7898, 4.4326） / 回し直し(run3): CONVERGED 6 反復、ギャップ 4.863640 eV（LDA 2.601499）、5 月との差 +0.43 eV	NOTCONV	4.433	TF32; 本計算 legacy(ctrl+GWinput) ~/bin2 → 追加の計算 TOML(05-11) ×1; χ0 T=0, Σ GaussSmear esmr=0.003 Ry	run3	CONVERGED	6	4.863640	2.601499	fp32; 989a18637 (2026-09-29); POSCAR→vasp2ctrl→ctrlgenToml --ssig=0.8 (2026-09 の雛形); t_tetrakbt=300 t_sigmaw=300; LDA から; 最大 10 反復 (NaCoO2 20、金属 15)	0.000	4.97	30.3	Cadmium bromide
mp-569360	Hg3	3	UNKNOWN_MAY	5 月: NOGAP_METAL_IN_LDA_TOO（金属・半金属。gwscconv がギャップを読めず止まった） / 回し直し(run2m): CONVERGED_METAL 5 反復、ギャップ none eV（LDA none）	UNKNOWN		TF32; 本計算 legacy(ctrl+GWinput) ~/bin2 → 追加の計算 TOML(05-11) ×1; χ0 T=0, Σ GaussSmear esmr=0.003 Ry	run2m	CONVERGED_METAL	5	none	none	fp32; 989a18637 (2026-09-29); POSCAR→vasp2ctrl→ctrlgenToml --ssig=0.8 (2026-09 の雛形); t_tetrakbt=300 t_sigmaw=300; LDA から; 最大 10 反復 (NaCoO2 20、金属 15)	0.006	12.05	27.6	Mercury - gamma, HP; High pressure experimental phase
mp-569779	ScSbPd	3	GOOD		GOOD	0.394	TF32; 本計算 legacy(ctrl+GWinput) ~/bin2 → 追加の計算 TOML(05-11) ×1; χ0 T=0, Σ GaussSmear esmr=0.003 Ry							0.000	7.09	21.3	Scandium palladium antimonide
mp-569960	ZnBr2	3	NOTCONV_MAY	5 月は 10 反復で収束せず（最後の 3 反復の幅 0.4128 eV、履歴 5.1023, 5.7063, 5.3313, 5.6170, 5.7441） / 回し直し(run3): CONVERGED 6 反復、ギャップ 5.545472 eV（LDA 3.048474）、5 月との差 -0.20 eV	NOTCONV	5.744	TF32; 本計算 legacy(ctrl+GWinput) ~/bin2 → 追加の計算 TOML(05-11) ×1; χ0 T=0, Σ GaussSmear esmr=0.003 Ry	run3	CONVERGED	6	5.545472	3.048474	fp32; 989a18637 (2026-09-29); POSCAR→vasp2ctrl→ctrlgenToml --ssig=0.8 (2026-09 の雛形); t_tetrakbt=300 t_sigmaw=300; LDA から; 最大 10 反復 (NaCoO2 20、金属 15)	0.085	4.05	30.8	Zinc bromide
mp-570213	LiMgBi	3	GOOD		GOOD	1.362	TF32; 本計算 legacy(ctrl+GWinput) ~/bin2 → 追加の計算 TOML(05-11) ×1; χ0 T=0, Σ GaussSmear esmr=0.003 Ry							0.000	5.12	26.0	Lithium magnesium antimonide
mp-570259	MgCl2	3	DRIFT_GOOD	5 月は収束の基準を満たしたが、最後の 3 反復が同じ向きに -0.10 eV 動いていた（履歴 8.4774, 8.4257, 8.3814）。回し直していない	GOOD	8.381	TF32; 本計算 legacy(ctrl+GWinput) ~/bin2 → 追加の計算 TOML(05-11) ×1; χ0 T=0, Σ GaussSmear esmr=0.003 Ry							0.001	2.31	22.8	Magnesium dichloride - beta
mp-5920	LiAlGe	3	GOOD		GOOD	0.475	TF32; 本計算 legacy(ctrl+GWinput) ~/bin2 → 追加の計算 TOML(05-11) ×1; χ0 T=0, Σ GaussSmear esmr=0.003 Ry							0.000	3.35	17.6	Lithium aluminium germanide (1/1/1); Lithium aluminum germanide
mp-5967	TiCoSb	3	GOOD		GOOD	1.310	TF32; 本計算 legacy(ctrl+GWinput) ~/bin2 → 追加の計算 TOML(05-11) ×1; χ0 T=0, Σ GaussSmear esmr=0.003 Ry							0.000	7.56	16.7	Cobalt titanium antimonide (1/1/1); Titanium cobalt antimony (1/1/1); Cobalt titanium antimony (1/1/1)
mp-617	PtO2	3	GOOD		GOOD	2.986	TF32; 本計算 legacy(ctrl+GWinput) ~/bin2 → 追加の計算 TOML(05-11) ×1; χ0 T=0, Σ GaussSmear esmr=0.003 Ry							0.056	10.63	11.8	Platinum(IV) oxide; Platinum(IV) oxide - alpha; Platinum(IV) oxide - alpha, thin film
mp-634859	CaO2	3	GOOD		GOOD	6.255	TF32; 本計算 legacy(ctrl+GWinput) ~/bin2 → 追加の計算 TOML(05-11) ×2 → 最初から REDO(TOML); χ0 T=0, Σ GaussSmear esmr=0.003 Ry							0.000	3.31	12.0	Calcium peroxide
mp-644272	HCN	3	GOOD		GOOD	11.108	TF32; 本計算 legacy(ctrl+GWinput) ~/bin2 → 追加の計算 TOML(05-11) ×1; χ0 T=0, Σ GaussSmear esmr=0.003 Ry							0.464	1.03	14.5	Hydrogen cyanide - LT
mp-644385	HCN	3	GOOD		GOOD	11.304	TF32; 本計算 legacy(ctrl+GWinput) ~/bin2 → 追加の計算 TOML(05-11) ×1; χ0 T=0, Σ GaussSmear esmr=0.003 Ry							0.461	0.97	15.4	Hydrogen cyanide - HT
mp-648	Na2S	3	GOOD		GOOD	4.688	TF32; 本計算 legacy(ctrl+GWinput) ~/bin2 → 追加の計算 TOML(05-11) ×1; χ0 T=0, Σ GaussSmear esmr=0.003 Ry							0.000	1.89	22.9	Sodium sulfide
mp-665	SnSe2	3	GOOD		GOOD	1.484	TF32; 本計算 legacy(ctrl+GWinput) ~/bin2 → 追加の計算 TOML(05-11) ×1; χ0 T=0, Σ GaussSmear esmr=0.003 Ry							0.000	5.54	27.6	Tin(IV) selenide
mp-7173	ScSbPt	3	GOOD		GOOD	0.809	TF32; 本計算 legacy(ctrl+GWinput) ~/bin2 → 追加の計算 TOML(05-11) ×1; χ0 T=0, Σ GaussSmear esmr=0.003 Ry							0.000	9.35	21.4	Platinum scandium antimonide (1/1/1)
mp-7188	Al2Os	3	GOOD		GOOD	1.006	TF32; 本計算 legacy(ctrl+GWinput) ~/bin2 → 追加の計算 TOML(05-11) ×1; χ0 T=0, Σ GaussSmear esmr=0.003 Ry							0.000	9.81	13.8	Aluminium osmium (2/1)
mp-7575	LiZnN	3	GOOD		GOOD	2.008	TF32; 本計算 legacy(ctrl+GWinput) ~/bin2 → 追加の計算 TOML(05-11) ×1; χ0 T=0, Σ GaussSmear esmr=0.003 Ry							0.000	4.98	9.6	Lithium zinc nitride
mp-762	PtS2	3	GOOD		GOOD	1.786	TF32; 本計算 legacy(ctrl+GWinput) ~/bin2 → 追加の計算 TOML(05-11) ×1; χ0 T=0, Σ GaussSmear esmr=0.003 Ry							0.000	7.05	20.3	Platinum sulfide (1/2); Platinum(IV) sulfide
mp-7988	Cs2O	3	FAILED_MAY	5 月の失敗: AC_rst-rmt-mismatch@llmf_start(lmf) / 回し直し(run1): CONVERGED 6 反復、ギャップ 2.279375 eV（LDA 0.831782）、5 月との差 +0.25 eV	FAILED	2.034	TF32; 本計算 legacy(ctrl+GWinput) ~/bin2 → 追加の計算 TOML(05-11) ×1; χ0 T=0, Σ GaussSmear esmr=0.003 Ry	run1	CONVERGED	6	2.279375	0.831782	fp32; 989a18637 (2026-09-29); POSCAR→vasp2ctrl→ctrlgenToml --ssig=0.8 (2026-09 の雛形); t_tetrakbt=300 t_sigmaw=300; LDA から; 最大 10 反復 (NaCoO2 20、金属 15)	0.000	4.58	34.1	Dicesium oxide
mp-8041	Rb2S	3	FAILED_MAY	5 月の失敗: AC_rst-rmt-mismatch@llmf_start(lmf) / 回し直し(run1): CONVERGED 5 反復、ギャップ 3.922739 eV（LDA 1.751015）、5 月との差 +0.08 eV	FAILED	3.840	TF32; 本計算 legacy(ctrl+GWinput) ~/bin2 → 追加の計算 TOML(05-11) ×1; χ0 T=0, Σ GaussSmear esmr=0.003 Ry	run1	CONVERGED	5	3.922739	1.751015	fp32; 989a18637 (2026-09-29); POSCAR→vasp2ctrl→ctrlgenToml --ssig=0.8 (2026-09 の雛形); t_tetrakbt=300 t_sigmaw=300; LDA から; 最大 10 反復 (NaCoO2 20、金属 15)	0.000	2.87	39.2	Rubidium sulfide
mp-8177	HgF2	3	DRIFT_GOOD	5 月は収束の基準を満たしたが、最後の 3 反復が同じ向きに +0.10 eV 動いていた（履歴 3.8424, 3.3402, 3.5769, 3.6094, 3.6759）。回し直していない	GOOD	3.676	TF32; 本計算 legacy(ctrl+GWinput) ~/bin2 → 追加の計算 TOML(05-11) ×1; χ0 T=0, Σ GaussSmear esmr=0.003 Ry							0.000	9.24	14.3	Mercury fluoride
mp-8426	K2Se	3	FAILED_MAY	5 月の失敗: AC_rst-rmt-mismatch@llmf_start(lmf) / 回し直し(run1): CONVERGED 5 反復、ギャップ 4.112822 eV（LDA 1.952488）、5 月との差 +0.26 eV	FAILED	3.854	TF32; 本計算 legacy(ctrl+GWinput) ~/bin2 → 追加の計算 TOML(05-11) ×1; χ0 T=0, Σ GaussSmear esmr=0.003 Ry	run1	CONVERGED	5	4.112822	1.952488	fp32; 989a18637 (2026-09-29); POSCAR→vasp2ctrl→ctrlgenToml --ssig=0.8 (2026-09 の雛形); t_tetrakbt=300 t_sigmaw=300; LDA から; 最大 10 反復 (NaCoO2 20、金属 15)	0.000	2.31	37.6	Dipotassium selenide; Potassium selenide
mp-9124	LiZnAs	3	GOOD		GOOD	1.685	TF32; 本計算 legacy(ctrl+GWinput) ~/bin2 → 追加の計算 TOML(05-11) ×1; χ0 T=0, Σ GaussSmear esmr=0.003 Ry							0.000	4.75	17.2	Lithium zinc arsenide
mp-924130	TiNiSn	3	GOOD		GOOD	0.589	TF32; 本計算 legacy(ctrl+GWinput) ~/bin2 → 追加の計算 TOML(05-11) ×1; χ0 T=0, Σ GaussSmear esmr=0.003 Ry							0.000	7.26	17.2	Titanium nickel tin (1/1/1); Nickel titanium tin (1/1/1)
mp-9437	NbFeSb	3	GOOD		GOOD	0.803	TF32; 本計算 legacy(ctrl+GWinput) ~/bin2 → 追加の計算 TOML(05-11) ×1; χ0 T=0, Σ GaussSmear esmr=0.003 Ry							0.000	8.57	17.5	Niobium iron antimonide (1/1/1)
mp-9519	AgCN	3	GOOD		GOOD	6.775	TF32; 本計算 legacy(ctrl+GWinput) ~/bin2 → 追加の計算 TOML(05-11) ×1; χ0 T=0, Σ GaussSmear esmr=0.003 Ry							0.344	3.10	23.9	Silver cyanide
mp-971	K2O	3	GOOD		GOOD	3.836	TF32; 本計算 legacy(ctrl+GWinput) ~/bin2 → 追加の計算 TOML(05-11) ×2 → 最初から REDO(TOML); χ0 T=0, Σ GaussSmear esmr=0.003 Ry							0.000	2.41	21.6	Dipotassium oxide; Potassium oxide
mp-981	SrF2	3	GOOD		GOOD	10.638	TF32; 本計算 legacy(ctrl+GWinput) ~/bin2 → 追加の計算 TOML(05-11) ×1; χ0 T=0, Σ GaussSmear esmr=0.003 Ry							0.000	4.28	16.2	Strontium fluoride - beta; Strontium difluoride - NP; Strontium fluorite; Strontium difluoride; High pressure experiment
mp-9813	WS2	3	NOTCONV_MAY	5 月は 10 反復で収束せず（最後の 3 反復の幅 0.1242 eV、履歴 1.3930, 1.3211, 1.4459, 1.3523, 1.3217） / 回し直し(run3): CONVERGED 4 反復、ギャップ 1.999899 eV（LDA 1.314100）、5 月との差 +0.68 eV	NOTCONV	1.322	TF32; 本計算 legacy(ctrl+GWinput) ~/bin2 → 追加の計算 TOML(05-11) ×1; χ0 T=0, Σ GaussSmear esmr=0.003 Ry	run3	CONVERGED	4	1.999899	1.314100	fp32; 989a18637 (2026-09-29); POSCAR→vasp2ctrl→ctrlgenToml --ssig=0.8 (2026-09 の雛形); t_tetrakbt=300 t_sigmaw=300; LDA から; 最大 10 反復 (NaCoO2 20、金属 15)	0.001	7.22	19.0	Tungsten sulfide (1/2); Tungstenite-3R; Tungsten(IV) sulfide - 3R; Tungstenite 3R
mp-985829	HfS2	3	GOOD		GOOD	2.471	TF32; 本計算 legacy(ctrl+GWinput) ~/bin2 → 追加の計算 TOML(05-11) ×1; χ0 T=0, Σ GaussSmear esmr=0.003 Ry							0.000	5.80	23.2	Hafnium disulfide; Hafnium sulfide; Substituion
mp-985831	HfSe2	3	GOOD		GOOD	1.604	TF32; 本計算 legacy(ctrl+GWinput) ~/bin2 → 追加の計算 TOML(05-11) ×1; χ0 T=0, Σ GaussSmear esmr=0.003 Ry							0.000	7.09	26.2	Hafnium diselenide; Hafnium selenide; Substituion
mp-1001786	LiScS2	4	SUSPECT_GOOD	5 月は GOOD だが 2 反復目以降に 0.5 eV を超えて振動（履歴 2.7887, 3.1778, 2.5089, 2.7130, 2.7803, 2.7531） / 回し直し(run3): CONVERGED 5 反復、ギャップ 3.043529 eV（LDA 1.331540）、5 月との差 +0.29 eV	GOOD	2.753	TF32; 本計算 legacy(ctrl+GWinput) ~/bin2 → 追加の計算 TOML(05-11) ×2 → 最初から REDO(TOML); χ0 T=0, Σ GaussSmear esmr=0.003 Ry	run3	CONVERGED	5	3.043529	1.331540	fp32; 989a18637 (2026-09-29); POSCAR→vasp2ctrl→ctrlgenToml --ssig=0.8 (2026-09 の雛形); t_tetrakbt=300 t_sigmaw=300; LDA から; 最大 10 反復 (NaCoO2 20、金属 15)	0.000	2.70	17.8	Lithium scandium sulfide (1/1/2)
mp-1006888	KYS2	4	SUSPECT_GOOD	5 月は GOOD だが 2 反復目以降に 0.5 eV を超えて振動（履歴 2.6872, 3.9244, 3.2604, 3.3863, 3.4772, 3.4245） / 回し直し(run3): CONVERGED 5 反復、ギャップ 4.019836 eV（LDA 2.150904）、5 月との差 +0.60 eV	GOOD	3.424	TF32; 本計算 legacy(ctrl+GWinput) ~/bin2 → 追加の計算 TOML(05-11) ×2 → 最初から REDO(TOML); χ0 T=0, Σ GaussSmear esmr=0.003 Ry	run3	CONVERGED	5	4.019836	2.150904	fp32; 989a18637 (2026-09-29); POSCAR→vasp2ctrl→ctrlgenToml --ssig=0.8 (2026-09 の雛形); t_tetrakbt=300 t_sigmaw=300; LDA から; 最大 10 反復 (NaCoO2 20、金属 15)	0.000	3.08	25.9	Potassium yttrium sulfide (1/1/2); Potassium yttrium disulfide
mp-1007922	Cu2I2	4	GOOD		GOOD	2.506	TF32; 本計算 legacy(ctrl+GWinput) ~/bin2 → 追加の計算 TOML(05-11) ×1; χ0 T=0, Σ GaussSmear esmr=0.003 Ry							0.058	5.30	29.8	Copper(I) iodide - VIII; High pressure experimental phase
mp-1008500	Ba2O2	4	GOOD		GOOD	4.282	TF32; 本計算 legacy(ctrl+GWinput) ~/bin2 → 追加の計算 TOML(05-11) ×2 → 最初から REDO(TOML); χ0 T=0, Σ GaussSmear esmr=0.003 Ry							0.019	6.06	21.0	Barium oxide - II; High pressure experimental phase
mp-1008505	Ba2Pd2	4	GOOD		GOOD	0.293	TF32; 本計算 legacy(ctrl+GWinput) ~/bin2 → 追加の計算 TOML(05-11) ×2 → 最初から REDO(TOML); χ0 T=0, Σ GaussSmear esmr=0.003 Ry							0.006	6.48	31.2	TlI; Barium palladium (1/1); sample prepared from Ba, Pd, powder (determination of cell parameters); BaPd; CrB(TlI)-FeB 
mp-1008559	B2P2	4	GOOD		GOOD	1.964	TF32; 本計算 legacy(ctrl+GWinput) ~/bin2 → 追加の計算 TOML(05-11) ×1; χ0 T=0, Σ GaussSmear esmr=0.003 Ry							0.014	2.98	11.6	Boron phosphide
mp-10102	KAgC2	4	GOOD		GOOD	4.585	TF32; 本計算 legacy(ctrl+GWinput) ~/bin2 → 追加の計算 TOML(05-11) ×2 → 最初から REDO(TOML); χ0 T=0, Σ GaussSmear esmr=0.003 Ry							0.380	2.83	25.1	Potassium diacetylidoargentate
mp-10159	K3Sb	4	GOOD		GOOD	1.724	TF32; 本計算 legacy(ctrl+GWinput) ~/bin2 → 追加の計算 TOML(05-11) ×2 → 最初から REDO(TOML); χ0 T=0, Σ GaussSmear esmr=0.003 Ry							0.015	2.63	37.8	Potassium antimonide; Potassium antimonide (3/1)
mp-1017514	MgSiN2	4	NOTCONV_MAY	5 月は 10 反復で収束せず（最後の 3 反復の幅 0.1270 eV、履歴 5.1661, 5.7968, 5.7694, 5.6424, 5.7593） / 回し直し(run3): CONVERGED 5 反復、ギャップ 6.065007 eV（LDA 4.078558）、5 月との差 +0.31 eV	NOTCONV	5.759	TF32; 本計算 legacy(ctrl+GWinput) ~/bin2 → 追加の計算 TOML(05-11) ×1; χ0 T=0, Σ GaussSmear esmr=0.003 Ry	run3	CONVERGED	5	6.065007	4.078558	fp32; 989a18637 (2026-09-29); POSCAR→vasp2ctrl→ctrlgenToml --ssig=0.8 (2026-09 の雛形); t_tetrakbt=300 t_sigmaw=300; LDA から; 最大 10 反復 (NaCoO2 20、金属 15)	0.283	3.87	8.6	Magnesium silicon nitride
mp-1018033	AgRhO2	4	DRIFT_GOOD	5 月は収束の基準を満たしたが、最後の 3 反復が同じ向きに +0.09 eV 動いていた（履歴 1.5928, 1.3423, 1.4710, 1.5570, 1.5574）。回し直していない	GOOD	1.557	TF32; 本計算 legacy(ctrl+GWinput) ~/bin2 → 追加の計算 TOML(05-11) ×1; χ0 T=0, Σ GaussSmear esmr=0.003 Ry							0.040	7.56	13.3	Silver rhodium dioxide
mp-1018040	Mg2Se2	4	GOOD		GOOD	4.468	TF32; 本計算 legacy(ctrl+GWinput) ~/bin2 → 追加の計算 TOML(05-11) ×1; χ0 T=0, Σ GaussSmear esmr=0.003 Ry							0.000	3.26	26.3	Magnesium selenide
mp-1018094	BaGaSnH	4	GOOD		GOOD	0.568	TF32; 本計算 legacy(ctrl+GWinput) ~/bin2 → 追加の計算 TOML(05-11) ×2 → 最初から REDO(TOML); χ0 T=0, Σ GaussSmear esmr=0.003 Ry							0.000	5.46	24.8	BaGaSnH; Barium gallium tin deuteride (1/1/1/1); Barium gallium stannide hydride (1/1/1/1); SrAlSiH; Barium gallium tin 
mp-1018095	BaGaGeH	4	GOOD		GOOD	0.687	TF32; 本計算 legacy(ctrl+GWinput) ~/bin2 → 追加の計算 TOML(05-11) ×2 → 最初から REDO(TOML); χ0 T=0, Σ GaussSmear esmr=0.003 Ry							0.000	5.33	21.9	Barium gallium germanium hydride (1/1/1/1); Barium gallium germanide hydride (1/1/1/1); sample prepared from Ba, Ga, Ge,
mp-1018096	Ba2NF	4	GOOD		GOOD	2.112	TF32; 本計算 legacy(ctrl+GWinput) ~/bin2 → 追加の計算 TOML(05-11) ×2 → 最初から REDO(TOML); χ0 T=0, Σ GaussSmear esmr=0.003 Ry							0.101	5.46	23.4	Dibarium nitride fluoride
mp-1018098	Ba2BrN	4	NOTCONV_MAY	5 月は 10 反復で収束せず（最後の 3 反復の幅 0.2522 eV、履歴 2.9441, 2.3783, 2.2058, 2.6218, 2.9607, 3.1497, 2.4695, 2.4604, 2.2082, 2.4238） / 回し直し(run3): CONVERGED 5 反復、ギャップ 2.317010 eV（LDA 1.013612）、5 月との差 -0.11 eV	NOTCONV	2.424	TF32; 本計算 legacy(ctrl+GWinput) ~/bin2 → 追加の計算 TOML(05-11) ×2 → 最初から REDO(TOML); χ0 T=0, Σ GaussSmear esmr=0.003 Ry	run3	CONVERGED	5	2.317010	1.013612	fp32; 989a18637 (2026-09-29); POSCAR→vasp2ctrl→ctrlgenToml --ssig=0.8 (2026-09 の雛形); t_tetrakbt=300 t_sigmaw=300; LDA から; 最大 10 反復 (NaCoO2 20、金属 15)	0.046	5.12	29.9	Barium nitride chloride bromide (2/1/0.6/0.4); Dibarium nitride bromide
mp-1018099	Ba2NCl	4	GOOD		GOOD	2.221	TF32; 本計算 legacy(ctrl+GWinput) ~/bin2 → 追加の計算 TOML(05-11) ×2 → 最初から REDO(TOML); χ0 T=0, Σ GaussSmear esmr=0.003 Ry							0.016	4.76	28.3	Dibarium nitride chloride
mp-1018115	Pb2S2	4	GOOD		GOOD	1.619	TF32; 本計算 legacy(ctrl+GWinput) ~/bin2 → 追加の計算 TOML(05-11) ×1; χ0 T=0, Σ GaussSmear esmr=0.003 Ry							0.039	7.45	26.7	Lead sulfide (1/1) - HP; High pressure experimental phase; Lead sulfide - HP; Lead sulfide - (Tl I)-type, hypothetical
mp-1018275	Ga2P2	4	GOOD		GOOD	1.417	TF32; 本計算 legacy(ctrl+GWinput) ~/bin2 → 追加の計算 TOML(05-11) ×1; χ0 T=0, Σ GaussSmear esmr=0.003 Ry							0.134	3.98	21.0	Gallium phosphide (1/1)
mp-10226	NaYS2	4	FAILED_MAY	5 月の失敗: NOGAP_GAP_COLLAPSED(LDA gap 2.12 eV, previous QSGW iteration 3.62 eV) / 回し直し(run1): CONVERGED 5 反復、ギャップ 3.870547 eV（LDA 2.117783）	FAILED		TF32; 本計算 legacy(ctrl+GWinput) ~/bin2 → 追加の計算 TOML(05-11) ×1; χ0 T=0, Σ GaussSmear esmr=0.003 Ry	run1	CONVERGED	5	3.870547	2.117783	fp32; 989a18637 (2026-09-29); POSCAR→vasp2ctrl→ctrlgenToml --ssig=0.8 (2026-09 の雛形); t_tetrakbt=300 t_sigmaw=300; LDA から; 最大 10 反復 (NaCoO2 20、金属 15)	0.000	3.24	22.6	Sodium yttrium disulfide; Sodium yttrium sulfide (1/1/2); Sodium yttrium sulfide
mp-10378	Cs3Sb	4	GOOD		GOOD	1.656	TF32; 本計算 legacy(ctrl+GWinput) ~/bin2 → 追加の計算 TOML(05-11) ×2 → 最初から REDO(TOML); χ0 T=0, Σ GaussSmear esmr=0.003 Ry							0.000	4.37	49.4	Tricesium antimonide
mp-1039	Mg2Te2	4	GOOD		GOOD	3.921	TF32; 本計算 legacy(ctrl+GWinput) ~/bin2 → 追加の計算 TOML(05-11) ×2 → 最初から REDO(TOML); χ0 T=0, Σ GaussSmear esmr=0.003 Ry							0.000	3.72	33.9	Magnesium telluride; Magnesium telluride (1/1); Magnesium telluride - wurtzite-type
mp-10421	RbAuC2	4	GOOD		GOOD	4.079	TF32; 本計算 legacy(ctrl+GWinput) ~/bin2 → 追加の計算 TOML(05-11) ×2 → 最初から REDO(TOML); χ0 T=0, Σ GaussSmear esmr=0.003 Ry							0.330	4.63	27.5	Rubidium gold acetylide
mp-10422	NaAuC2	4	DRIFT_GOOD	5 月は収束の基準を満たしたが、最後の 3 反復が同じ向きに -0.09 eV 動いていた（履歴 2.6374, 2.7863, 2.9021, 3.0603, 2.9862, 2.9692）。回し直していない	GOOD	2.969	TF32; 本計算 legacy(ctrl+GWinput) ~/bin2 → 追加の計算 TOML(05-11) ×2 → 最初から REDO(TOML); χ0 T=0, Σ GaussSmear esmr=0.003 Ry							0.419	5.32	19.0	Sodium gold acetylide
mp-10423	KAuC2	4	SUSPECT_GOOD	5 月は GOOD だが 2 反復目以降に 0.5 eV を超えて振動（履歴 3.5416, 3.7206, 3.8567, 3.4574, 2.4731, 4.4847, 4.4746, 3.8584, 3.9167, 3.9502） / 回し直し(run3): CONVERGED 5 反復、ギャップ 3.931921 eV（LDA 1.932075）、5 月との差 -0.02 eV	GOOD	3.950	TF32; 本計算 legacy(ctrl+GWinput) ~/bin2 → 追加の計算 TOML(05-11) ×2 → 最初から REDO(TOML); χ0 T=0, Σ GaussSmear esmr=0.003 Ry	run3	CONVERGED	5	3.931921	1.932075	fp32; 989a18637 (2026-09-29); POSCAR→vasp2ctrl→ctrlgenToml --ssig=0.8 (2026-09 の雛形); t_tetrakbt=300 t_sigmaw=300; LDA から; 最大 10 反復 (NaCoO2 20、金属 15)	0.338	4.37	24.7	Potassium gold acetylide
mp-10618	LiInSe2	4	GOOD		GOOD	1.695	TF32; 本計算 legacy(ctrl+GWinput) ~/bin2 → 追加の計算 TOML(05-11) ×2 → 最初から REDO(TOML); χ0 T=0, Σ GaussSmear esmr=0.003 Ry							0.082	5.24	22.2	High pressure experimental phase; Lithium indium selenide - HP
mp-1063670	Pb2Se2	4	DRIFT_GOOD	5 月は収束の基準を満たしたが、最後の 3 反復が同じ向きに +0.09 eV 動いていた（履歴 1.2742, 1.3277, 1.3641）。回し直していない	GOOD	1.364	TF32; 本計算 legacy(ctrl+GWinput) ~/bin2 → 追加の計算 TOML(05-11) ×2 → 最初から REDO(TOML); χ0 T=0, Σ GaussSmear esmr=0.003 Ry							0.039	8.08	29.4	Lead selenide; High pressure experimental phase
mp-1065405	CsAuC2	4	GOOD		GOOD	4.037	TF32; 本計算 legacy(ctrl+GWinput) ~/bin2 → 追加の計算 TOML(05-11) ×2 → 最初から REDO(TOML); χ0 T=0, Σ GaussSmear esmr=0.003 Ry							0.329	4.69	31.3	Cesium gold acetylide; KAgC2; sample prepared from AuI, CsC2H, atomic absorption spectroscopy; Au and Cs content analyze
mp-1065514	YTlTe2	4	GOOD		GOOD	1.237	TF32; 本計算 legacy(ctrl+GWinput) ~/bin2 → 追加の計算 TOML(05-11) ×2 → 最初から REDO(TOML); χ0 T=0, Σ GaussSmear esmr=0.003 Ry							0.000	6.51	35.0	Thallium yttrium telluride (1/1/2)
mp-1066131	YTlS2	4	SUSPECT_GOOD	5 月は GOOD だが 2 反復目以降に 0.5 eV を超えて振動（履歴 1.8727, 2.4057, 3.0360, 2.6476, 2.5802, 2.5215, 2.5781） / 回し直し(run3): CONVERGED 5 反復、ギャップ 2.285675 eV（LDA 1.374162）、5 月との差 -0.29 eV	GOOD	2.578	TF32; 本計算 legacy(ctrl+GWinput) ~/bin2 → 追加の計算 TOML(05-11) ×2 → 最初から REDO(TOML); χ0 T=0, Σ GaussSmear esmr=0.003 Ry	run3	CONVERGED	5	2.285675	1.374162	fp32; 989a18637 (2026-09-29); POSCAR→vasp2ctrl→ctrlgenToml --ssig=0.8 (2026-09 の雛形); t_tetrakbt=300 t_sigmaw=300; LDA から; 最大 10 反復 (NaCoO2 20、金属 15)	0.000	5.66	26.2	Thallium yttrium sulfide (1/1/2)
mp-1066400	NaN3	4	GOOD		GOOD	6.712	TF32; 本計算 legacy(ctrl+GWinput) ~/bin2 → 追加の計算 TOML(05-11) ×1; χ0 T=0, Σ GaussSmear esmr=0.003 Ry							0.003	1.74	15.5	Sodium azide
mp-1066781	Br2Cl2	4	GOOD		GOOD	4.373	TF32; 本計算 legacy(ctrl+GWinput) ~/bin2 → 追加の計算 TOML(05-11) ×2 → 最初から REDO(TOML); χ0 T=0, Σ GaussSmear esmr=0.003 Ry							0.000	2.42	39.6	Bromine monochloride
mp-1067744	YTlSe2	4	GOOD		GOOD	1.879	TF32; 本計算 legacy(ctrl+GWinput) ~/bin2 → 追加の計算 TOML(05-11) ×2 → 最初から REDO(TOML); χ0 T=0, Σ GaussSmear esmr=0.003 Ry							0.000	6.42	29.2	Thallium yttrium selenide (1/1/2)
mp-10694	ScF3	4	DRIFT_GOOD	5 月は収束の基準を満たしたが、最後の 3 反復が同じ向きに +0.09 eV 動いていた（履歴 11.5653, 11.6507, 11.6530）。回し直していない	GOOD	11.653	TF32; 本計算 legacy(ctrl+GWinput) ~/bin2 → 追加の計算 TOML(05-11) ×2; χ0 T=0, Σ GaussSmear esmr=0.003 Ry							0.000	2.57	16.5	Scandium trifluoride; Scandium fluoride
mp-1070	Cd2Se2	4	GOOD		GOOD	1.776	TF32; 本計算 legacy(ctrl+GWinput) ~/bin2 → 追加の計算 TOML(05-11) ×2 → 最初から REDO(TOML); χ0 T=0, Σ GaussSmear esmr=0.003 Ry							0.000	5.48	29.0	High pressure experimental phase; Cadmium selenide - HT; Cadmoselite; Cadmium selenide
mp-10969	CdCN2	4	FAILED_MAY	5 月の失敗: NOGAP_GAP_COLLAPSED(LDA gap 2.08 eV, previous QSGW iteration 3.82 eV) / 回し直し(run1): CONVERGED 5 反復、ギャップ 3.816450 eV（LDA 2.083752）	FAILED		TF32; 本計算 legacy(ctrl+GWinput) ~/bin2 → 追加の計算 TOML(05-11) ×1; χ0 T=0, Σ GaussSmear esmr=0.003 Ry	run1	CONVERGED	5	3.816450	2.083752	fp32; 989a18637 (2026-09-29); POSCAR→vasp2ctrl→ctrlgenToml --ssig=0.8 (2026-09 の雛形); t_tetrakbt=300 t_sigmaw=300; LDA から; 最大 10 反復 (NaCoO2 20、金属 15)	0.000	4.75	13.3	Cadmium cyanamide
mp-11180	Na2C2	4	GOOD		GOOD	6.236	TF32; 本計算 legacy(ctrl+GWinput) ~/bin2 → 追加の計算 TOML(05-11) ×1; χ0 T=0, Σ GaussSmear esmr=0.003 Ry							0.232	1.61	18.1	Disodium acetylide - II
mp-11342	Ga2Se2	4	GOOD		GOOD	2.583	TF32; 本計算 legacy(ctrl+GWinput) ~/bin2 → 追加の計算 TOML(05-11) ×1; χ0 T=0, Σ GaussSmear esmr=0.003 Ry							0.001	4.60	26.8	Gallium selenide (1/1)
mp-1207108	BaAlGeH	4	FAILED_MAY	5 月の失敗: AC_rst-rmt-mismatch@llmf_start(lmf) / 回し直し(run1): CONVERGED 4 反復、ギャップ 1.364712 eV（LDA 0.773235）、5 月との差 +0.00 eV	FAILED	1.362	TF32; 本計算 legacy(ctrl+GWinput) ~/bin2 → 追加の計算 TOML(05-11) ×1; χ0 T=0, Σ GaussSmear esmr=0.003 Ry	run1	CONVERGED	4	1.364712	0.773235	fp32; 989a18637 (2026-09-29); POSCAR→vasp2ctrl→ctrlgenToml --ssig=0.8 (2026-09 の雛形); t_tetrakbt=300 t_sigmaw=300; LDA から; 最大 10 反復 (NaCoO2 20、金属 15)	0.000	4.53	21.8	BaAlGeH; SrAlSiH; Barium aluminium germanide deuteride (1/1/1/1); sample prepared from BaH2, Ge, Al, H2, powder (determi
mp-12779	Cd2Te2	4	GOOD		GOOD	1.723	TF32; 本計算 legacy(ctrl+GWinput) ~/bin2 → 追加の計算 TOML(05-11) ×1; χ0 T=0, Σ GaussSmear esmr=0.003 Ry							0.003	5.64	35.3	Cadmium telluride; Cadmium telluride - thin film
mp-12908	ScAgSe2	4	GOOD		GOOD	1.714	TF32; 本計算 legacy(ctrl+GWinput) ~/bin2 → 追加の計算 TOML(05-11) ×1; χ0 T=0, Σ GaussSmear esmr=0.003 Ry							0.003	5.91	21.8	Scandium silver selenide
mp-13313	ScTlSe2	4	GOOD		GOOD	1.169	TF32; 本計算 legacy(ctrl+GWinput) ~/bin2 → 追加の計算 TOML(05-11) ×1; χ0 T=0, Σ GaussSmear esmr=0.003 Ry							0.000	6.45	26.2	Thallium scandium diselenide
mp-13314	ScTlTe2	4	GOOD		GOOD	0.683	TF32; 本計算 legacy(ctrl+GWinput) ~/bin2 → 追加の計算 TOML(05-11) ×1; χ0 T=0, Σ GaussSmear esmr=0.003 Ry							0.000	6.56	31.9	Thallium scandium ditelluride
mp-1378	Li2C2	4	GOOD		GOOD	5.777	TF32; 本計算 legacy(ctrl+GWinput) ~/bin2 → 追加の計算 TOML(05-11) ×1; χ0 T=0, Σ GaussSmear esmr=0.003 Ry							0.000	1.37	11.5	Lithium carbide (2/2)
mp-1379	Sn2S2	4	GOOD		GOOD	1.917	TF32; 本計算 legacy(ctrl+GWinput) ~/bin2 → 追加の計算 TOML(05-11) ×1; χ0 T=0, Σ GaussSmear esmr=0.003 Ry							0.076	3.94	31.8	Tin sulfide - HT; Tin sulfide
mp-14115	LiRhO2	4	GOOD		GOOD	3.136	TF32; 本計算 legacy(ctrl+GWinput) ~/bin2 → 追加の計算 TOML(05-11) ×1; χ0 T=0, Σ GaussSmear esmr=0.003 Ry							0.000	6.29	9.4	Rhodium(III) lithium oxide
mp-14116	CuRhO2	4	DRIFT_GOOD	5 月は収束の基準を満たしたが、最後の 3 反復が同じ向きに -0.09 eV 動いていた（履歴 2.0217, 1.9768, 1.9365）。回し直していない	GOOD	1.936	TF32; 本計算 legacy(ctrl+GWinput) ~/bin2 → 追加の計算 TOML(05-11) ×1; χ0 T=0, Σ GaussSmear esmr=0.003 Ry							0.000	7.02	11.7	Rhodium(III) copper oxide
mp-14437	RbYO2	4	FAILED_MAY	5 月の失敗: AC_rst-rmt-mismatch@llmf_start(lmf) / 回し直し(run1): CONVERGED 5 反復、ギャップ 5.951582 eV（LDA 3.521503）、5 月との差 +0.02 eV	FAILED	5.931	TF32; 本計算 legacy(ctrl+GWinput) ~/bin2 → 追加の計算 TOML(05-11) ×1; χ0 T=0, Σ GaussSmear esmr=0.003 Ry	run1	CONVERGED	5	5.951582	3.521503	fp32; 989a18637 (2026-09-29); POSCAR→vasp2ctrl→ctrlgenToml --ssig=0.8 (2026-09 の雛形); t_tetrakbt=300 t_sigmaw=300; LDA から; 最大 10 反復 (NaCoO2 20、金属 15)	0.000	5.02	17.1	Rubidium yttrium dioxide
mp-1525634	I4	4	GOOD	MP の summary が無い（ID が消えたか統合された）	GOOD	2.138	TF32; 本計算 legacy(ctrl+GWinput) ~/bin2 → 追加の計算 TOML(05-11) ×1; χ0 T=0, Σ GaussSmear esmr=0.003 Ry										Iodine
mp-157	P4	4	GOOD		GOOD	0.747	TF32; 本計算 legacy(ctrl+GWinput) ~/bin2 → 追加の計算 TOML(05-11) ×1; χ0 T=0, Σ GaussSmear esmr=0.003 Ry							0.020	2.51	20.5	Phosphorus; Phosphorus (black); Phosphorus -  black; Phosphorus - A17; Phosphorus - black; High pressure experimental ph
mp-15724	KNa2Sb	4	GOOD		GOOD	1.814	TF32; 本計算 legacy(ctrl+GWinput) ~/bin2 → 追加の計算 TOML(05-11) ×1; χ0 T=0, Σ GaussSmear esmr=0.003 Ry							0.000	3.00	28.6	Disodium potassium antimonide
mp-15788	LiYS2	4	GOOD		GOOD	2.991	TF32; 本計算 legacy(ctrl+GWinput) ~/bin2 → 追加の計算 TOML(05-11) ×1; χ0 T=0, Σ GaussSmear esmr=0.003 Ry							0.000	3.28	20.3	Lithium yttrium sulfide
mp-15794	LiYSe2	4	NOTCONV_MAY	5 月は 10 反復で収束せず（最後の 3 反復の幅 0.2229 eV、履歴 2.9652, 2.5832, 2.5383, 2.7612, 2.7103） / 回し直し(run3): CONVERGED 5 反復、ギャップ 2.699236 eV（LDA 1.403927）、5 月との差 -0.01 eV	NOTCONV	2.710	TF32; 本計算 legacy(ctrl+GWinput) ~/bin2 → 追加の計算 TOML(05-11) ×1; χ0 T=0, Σ GaussSmear esmr=0.003 Ry	run3	CONVERGED	5	2.699236	1.403927	fp32; 989a18637 (2026-09-29); POSCAR→vasp2ctrl→ctrlgenToml --ssig=0.8 (2026-09 の雛形); t_tetrakbt=300 t_sigmaw=300; LDA から; 最大 10 反復 (NaCoO2 20、金属 15)	0.000	4.58	23.0	Lithium yttrium selenide
mp-15988	Li2CuSb	4	GOOD		GOOD	0.945	TF32; 本計算 legacy(ctrl+GWinput) ~/bin2 → 追加の計算 TOML(05-11) ×1; χ0 T=0, Σ GaussSmear esmr=0.003 Ry							0.022	5.31	15.6	Lithium copper antimonide (2/1/1); Copper(I) dilithium antimonide
mp-16238	Li2AgSb	4	GOOD		GOOD	0.828	TF32; 本計算 legacy(ctrl+GWinput) ~/bin2 → 追加の計算 TOML(05-11) ×1; χ0 T=0, Σ GaussSmear esmr=0.003 Ry							0.000	5.61	18.0	Silver dilithium antimonide
mp-165	Si4	4	GOOD		GOOD	0.978	TF32; 本計算 legacy(ctrl+GWinput) ~/bin2 → 追加の計算 TOML(05-11) ×1; χ0 T=0, Σ GaussSmear esmr=0.003 Ry							0.014	2.32	20.1	Silicon
mp-16763	KYTe2	4	FAILED_MAY	5 月の失敗: AC_rst-rmt-mismatch@llmf_start(lmf) / 回し直し(run1): CONVERGED 5 反復、ギャップ 2.439019 eV（LDA 1.206675）、5 月との差 -0.04 eV	FAILED	2.483	TF32; 本計算 legacy(ctrl+GWinput) ~/bin2 → 追加の計算 TOML(05-11) ×1; χ0 T=0, Σ GaussSmear esmr=0.003 Ry	run1	CONVERGED	5	2.439019	1.206675	fp32; 989a18637 (2026-09-29); POSCAR→vasp2ctrl→ctrlgenToml --ssig=0.8 (2026-09 の雛形); t_tetrakbt=300 t_sigmaw=300; LDA から; 最大 10 反復 (NaCoO2 20、金属 15)	0.000	4.45	35.7	Potassium yttrium ditelluride
mp-18921	NaCoO2	4	FAILED_MAY	5 月の失敗: AC_lmf-SCF-diverged@llmf_start / 回し直し(run2m(続き)): CONVERGED 14 反復、ギャップ 3.375416 eV（LDA 0.791976）、5 月との差 +0.91 eV	FAILED	2.461	TF32; 本計算 legacy(ctrl+GWinput) ~/bin2 → 追加の計算 TOML(05-11) ×1; χ0 T=0, Σ GaussSmear esmr=0.003 Ry	run2m(続き)	CONVERGED	14	3.375416	0.791976	fp32; 989a18637 (2026-09-29); POSCAR→vasp2ctrl→ctrlgenToml --ssig=0.8 (2026-09 の雛形); t_tetrakbt=300 t_sigmaw=300; LDA から; 最大 10 反復 (NaCoO2 20、金属 15)	0.000	5.11	9.3	Sodium dioxocobaltate; Sodium cobalt(III) oxide
mp-1933	Cu3N	4	GOOD		GOOD	0.857	TF32; 本計算 legacy(ctrl+GWinput) ~/bin2 → 追加の計算 TOML(05-11) ×1; χ0 T=0, Σ GaussSmear esmr=0.003 Ry							0.192	6.12	13.9	Copper nitride (3/1); Copper nitride (3/1) - LP; High pressure experimental phase; Copper(I) nitride
mp-19390	WO3	4	GOOD		GOOD	1.533	TF32; 本計算 legacy(ctrl+GWinput) ~/bin2 → 追加の計算 TOML(05-11) ×1; χ0 T=0, Σ GaussSmear esmr=0.003 Ry							0.008	6.98	13.8	Tungsten oxide; Tungsten trioxide; Lithium tungsten oxide (0.4/1/3)
mp-19921	Pb2O2	4	GOOD		GOOD	2.414	TF32; 本計算 legacy(ctrl+GWinput) ~/bin2 → 追加の計算 TOML(05-11) ×1; χ0 T=0, Σ GaussSmear esmr=0.003 Ry							0.000	8.81	21.0	Lead oxide; Lead oxide (1/1); Lead oxide - alpha; Litharge
mp-19963	TiFe2Sn	4	GOOD		GOOD	0.058	TF32; 本計算 legacy(ctrl+GWinput) ~/bin2 → 追加の計算 TOML(05-11) ×1; χ0 T=0, Σ GaussSmear esmr=0.003 Ry							0.000	8.59	13.5	Iron titanium stannide (2/1/1); Iron tin titanium (2/1/1)
mp-20162	InAgS2	4	GOOD		GOOD	0.728	TF32; 本計算 legacy(ctrl+GWinput) ~/bin2 → 追加の計算 TOML(05-11) ×1; χ0 T=0, Σ GaussSmear esmr=0.003 Ry							0.090	5.82	20.5	Silver indium sulfide
mp-20289	NaInS2	4	DRIFT_GOOD	5 月は収束の基準を満たしたが、最後の 3 反復が同じ向きに +0.09 eV 動いていた（履歴 3.4261, 2.5968, 2.9416, 2.9916, 3.0271）。回し直していない	GOOD	3.027	TF32; 本計算 legacy(ctrl+GWinput) ~/bin2 → 追加の計算 TOML(05-11) ×1; χ0 T=0, Σ GaussSmear esmr=0.003 Ry							0.000	4.01	20.9	Indium sodium sulfide (1/1/3); Indium sodium sulfide; Sodium indium sulfide
mp-20526	Pb2S2	4	SUSPECT_STRUCTURE	PbS。a=4.22、c=11.3 Å、1 原子 50.2 Å³、配位 4。非整合層状化合物の PbS 層と同じ形	GOOD	3.238	TF32; 本計算 legacy(ctrl+GWinput) ~/bin2 → 追加の計算 TOML(05-11) ×1; χ0 T=0, Σ GaussSmear esmr=0.003 Ry							0.058	3.95	50.2	Lead sulfide
mp-2074	Li3Sb	4	GOOD		GOOD	1.488	TF32; 本計算 legacy(ctrl+GWinput) ~/bin2 → 追加の計算 TOML(05-11) ×1; χ0 T=0, Σ GaussSmear esmr=0.003 Ry							0.008	3.38	17.5	Lithium antimonide
mp-20930	InCuO2	4	NOTCONV_MAY	5 月は 10 反復で収束せず（最後の 3 反復の幅 0.1314 eV、履歴 2.8165, 1.9590, 1.7192, 1.8505, 1.8051） / 回し直し(run3): CONVERGED 6 反復、ギャップ 1.955047 eV（LDA 0.394554）、5 月との差 +0.15 eV	NOTCONV	1.805	TF32; 本計算 legacy(ctrl+GWinput) ~/bin2 → 追加の計算 TOML(05-11) ×1; χ0 T=0, Σ GaussSmear esmr=0.003 Ry	run3	CONVERGED	6	1.955047	0.394554	fp32; 989a18637 (2026-09-29); POSCAR→vasp2ctrl→ctrlgenToml --ssig=0.8 (2026-09 の雛形); t_tetrakbt=300 t_sigmaw=300; LDA から; 最大 10 反復 (NaCoO2 20、金属 15)	0.005	6.36	13.7	Indium copper(I) oxide - 3R; Copper(I) indium dioxide; Copper(I) indium oxide
mp-2097	Sn2O2	4	GOOD		GOOD	0.782	TF32; 本計算 legacy(ctrl+GWinput) ~/bin2 → 追加の計算 TOML(05-11) ×1; χ0 T=0, Σ GaussSmear esmr=0.003 Ry							0.000	6.29	17.8	Romarchite; Tin oxide
mp-2133	Zn2O2	4	GOOD		GOOD	3.176	TF32; 本計算 legacy(ctrl+GWinput) ~/bin2 → 追加の計算 TOML(05-11) ×1; χ0 T=0, Σ GaussSmear esmr=0.003 Ry							0.000	5.70	11.8	zinc oxide - epitaxial layer; Zinc oxide; Zinc oxide - nanocrystal; Wurtzite 2H; Zincite; Zinc oxide (1/1); Zinc oxide -
mp-21405	In2Se2	4	GOOD		GOOD	1.890	TF32; 本計算 legacy(ctrl+GWinput) ~/bin2 → 追加の計算 TOML(05-11) ×1; χ0 T=0, Σ GaussSmear esmr=0.003 Ry							0.037	5.63	28.6	Indium selenide - II; Indium(II) selenide - II
mp-2168	Sn2Se2	4	GOOD		GOOD	0.641	TF32; 本計算 legacy(ctrl+GWinput) ~/bin2 → 追加の計算 TOML(05-11) ×1; χ0 T=0, Σ GaussSmear esmr=0.003 Ry							0.024	5.99	27.4	Tin(II) selenide; Tin selenide - beta, HT; Tin selenide; Tin selenide - HT; High pressure experimental phase
mp-22003	NaN3	4	SUSPECT_GOOD	5 月は GOOD だが 2 反復目以降に 0.5 eV を超えて振動（履歴 6.9434, 5.3852, 6.2185, 5.8605, 5.9227, 5.8322） / 回し直し(run3): CONVERGED 5 反復、ギャップ 7.308540 eV（LDA 3.909943）、5 月との差 +1.48 eV	GOOD	5.832	TF32; 本計算 legacy(ctrl+GWinput) ~/bin2 → 追加の計算 TOML(05-11) ×2 → 最初から REDO(TOML); χ0 T=0, Σ GaussSmear esmr=0.003 Ry	run3	CONVERGED	5	7.308540	3.909943	fp32; 989a18637 (2026-09-29); POSCAR→vasp2ctrl→ctrlgenToml --ssig=0.8 (2026-09 の雛形); t_tetrakbt=300 t_sigmaw=300; LDA から; 最大 10 反復 (NaCoO2 20、金属 15)	0.002	1.90	14.2	Sodium azide; Sodium azide - beta
mp-22009	Pb2Se2	4	SUSPECT_STRUCTURE	PbSe。1 原子 58.5 Å³、配位 5（岩塩型 PbSe は約 29.5、配位 6）。層状化合物の副格子と見られる	GOOD	2.926	TF32; 本計算 legacy(ctrl+GWinput) ~/bin2 → 追加の計算 TOML(05-11) ×1; χ0 T=0, Σ GaussSmear esmr=0.003 Ry							0.073	4.06	58.5	Lead selenide
mp-22473	NaInSe2	4	NOTCONV_MAY	5 月は 10 反復で収束せず（最後の 3 反復の幅 0.1888 eV、履歴 2.2969, 2.1373, 2.3964, 2.2149, 2.2076） / 回し直し(run3): CONVERGED 5 反復、ギャップ 2.080008 eV（LDA 0.884731）、5 月との差 -0.13 eV	NOTCONV	2.208	TF32; 本計算 legacy(ctrl+GWinput) ~/bin2 → 追加の計算 TOML(05-11) ×1; χ0 T=0, Σ GaussSmear esmr=0.003 Ry	run3	CONVERGED	5	2.080008	0.884731	fp32; 989a18637 (2026-09-29); POSCAR→vasp2ctrl→ctrlgenToml --ssig=0.8 (2026-09 の雛形); t_tetrakbt=300 t_sigmaw=300; LDA から; 最大 10 反復 (NaCoO2 20、金属 15)	0.000	5.11	24.0	Sodium indium selenide
mp-2251	Li3N	4	GOOD		GOOD	2.468	TF32; 本計算 legacy(ctrl+GWinput) ~/bin2 → 追加の計算 TOML(05-11) ×1; χ0 T=0, Σ GaussSmear esmr=0.003 Ry							0.000	1.33	10.9	Trilithium nitride; Trilithium nitride - alpha; Lithium nitride
mp-22526	LiCoO2	4	NOTCONV_MAY	5 月は 10 反復で収束せず（最後の 3 反復の幅 0.1918 eV、履歴 2.5707, 2.8438, 2.9462, 2.7544, 2.8797） / 回し直し(run3): CONVERGED 9 反復、ギャップ 3.194087 eV（LDA 0.922027）、5 月との差 +0.31 eV	NOTCONV	2.880	TF32; 本計算 legacy(ctrl+GWinput) ~/bin2 → 追加の計算 TOML(05-11) ×1; χ0 T=0, Σ GaussSmear esmr=0.003 Ry	run3	CONVERGED	9	3.194087	0.922027	fp32; 989a18637 (2026-09-29); POSCAR→vasp2ctrl→ctrlgenToml --ssig=0.8 (2026-09 の雛形); t_tetrakbt=300 t_sigmaw=300; LDA から; 最大 10 反復 (NaCoO2 20、金属 15)	0.000	5.12	7.9	Lithium cobalt oxide; Lithium cobalt(III) dioxide; Lithium cobalt(III) oxide - HT, thin film; Lithium cobaltate(III); Li
mp-22566	TlInS2	4	GOOD		GOOD	1.451	TF32; 本計算 legacy(ctrl+GWinput) ~/bin2 → 追加の計算 TOML(05-11) ×1; χ0 T=0, Σ GaussSmear esmr=0.003 Ry							0.002	6.55	24.3	Thallium indium sulfide - HP II; Indium thallium sulfide (1/1/2) - HP, HT
mp-22660	InAgO2	4	NOTCONV_MAY	5 月は 10 反復で収束せず（最後の 3 反復の幅 0.1362 eV、履歴 1.4049, 1.6665, 1.7515, 1.6154, 1.6161） / 回し直し(run3): CONVERGED 6 反復、ギャップ 1.975147 eV（LDA 0.277576）、5 月との差 +0.36 eV	NOTCONV	1.616	TF32; 本計算 legacy(ctrl+GWinput) ~/bin2 → 追加の計算 TOML(05-11) ×1; χ0 T=0, Σ GaussSmear esmr=0.003 Ry	run3	CONVERGED	6	1.975147	0.277576	fp32; 989a18637 (2026-09-29); POSCAR→vasp2ctrl→ctrlgenToml --ssig=0.8 (2026-09 の雛形); t_tetrakbt=300 t_sigmaw=300; LDA から; 最大 10 反復 (NaCoO2 20、金属 15)	0.000	7.15	14.8	Silver indium dioxide
mp-22691	In2Se2	4	GOOD		GOOD	1.280	TF32; 本計算 legacy(ctrl+GWinput) ~/bin2 → 追加の計算 TOML(05-11) ×1; χ0 T=0, Σ GaussSmear esmr=0.003 Ry							0.000	5.27	30.5	Indium selenide - gamma; Indium selenide (1/1); Indium selenide (1/1) - gamma 3R
mp-22848	Cl4	4	GOOD		GOOD	5.794	TF32; 本計算 legacy(ctrl+GWinput) ~/bin2 → 追加の計算 TOML(05-11) ×1; χ0 T=0, Σ GaussSmear esmr=0.003 Ry							0.000	2.09	28.2	Chlorine
mp-22858	Tl2I2	4	GOOD		GOOD	3.182	TF32; 本計算 legacy(ctrl+GWinput) ~/bin2 → 追加の計算 TOML(05-11) ×1; χ0 T=0, Σ GaussSmear esmr=0.003 Ry							0.001	6.86	40.1	Thallium iodide; High pressure experimental phase; Thallium iodide - LT
mp-22859	Hg2I2	4	GOOD		GOOD	2.854	TF32; 本計算 legacy(ctrl+GWinput) ~/bin2 → 追加の計算 TOML(05-11) ×1; χ0 T=0, Σ GaussSmear esmr=0.003 Ry							0.000	7.19	37.8	Dimercury(I) diiodide; Mercury(I) iodide; Moschelite; Dimercury(I) iodide
mp-22863	Cu2I2	4	GOOD		GOOD	3.033	TF32; 本計算 legacy(ctrl+GWinput) ~/bin2 → 追加の計算 TOML(05-11) ×1; χ0 T=0, Σ GaussSmear esmr=0.003 Ry							0.013	5.77	27.4	Copper(I) iodide - V; High pressure experimental phase
mp-22870	In2Br2	4	GOOD		GOOD	2.032	TF32; 本計算 legacy(ctrl+GWinput) ~/bin2 → 追加の計算 TOML(05-11) ×1; χ0 T=0, Σ GaussSmear esmr=0.003 Ry							0.000	4.97	32.5	Indium(I) bromide; Indium monobromide; High pressure experimental phase
mp-22894	Ag2I2	4	DRIFT_GOOD	5 月は収束の基準を満たしたが、最後の 3 反復が同じ向きに +0.09 eV 動いていた（履歴 2.9934, 3.0658, 3.0875）。回し直していない	GOOD	3.087	TF32; 本計算 legacy(ctrl+GWinput) ~/bin2 → 追加の計算 TOML(05-11) ×1; χ0 T=0, Σ GaussSmear esmr=0.003 Ry							0.003	5.49	35.5	Silver iodide - II; Silver iodide - beta; Silver iodide - B4; Silver iodide; Iodargyrite
mp-22897	Hg2Cl2	4	GOOD		GOOD	4.073	TF32; 本計算 legacy(ctrl+GWinput) ~/bin2 → 追加の計算 TOML(05-11) ×1; χ0 T=0, Σ GaussSmear esmr=0.003 Ry							0.000	6.92	28.3	Dimercury(I) chloride; Mercury(I) chloride; Calomel
mp-22917	Cu2Br2	4	GOOD		GOOD	2.783	TF32; 本計算 legacy(ctrl+GWinput) ~/bin2 → 追加の計算 TOML(05-11) ×1; χ0 T=0, Σ GaussSmear esmr=0.003 Ry							0.002	5.31	22.4	Copper(I) bromide - IV; High pressure experimental phase
mp-22936	Ca2NCl	4	NOTCONV_MAY	5 月は 10 反復で収束せず（最後の 3 反復の幅 0.1008 eV、履歴 2.6339, 3.7728, 3.1456, 3.2463, 3.2232） / 回し直し(run3): CONVERGED 5 反復、ギャップ 4.152573 eV（LDA 2.222162）、5 月との差 +0.93 eV	NOTCONV	3.223	TF32; 本計算 legacy(ctrl+GWinput) ~/bin2 → 追加の計算 TOML(05-11) ×1; χ0 T=0, Σ GaussSmear esmr=0.003 Ry	run3	CONVERGED	5	4.152573	2.222162	fp32; 989a18637 (2026-09-29); POSCAR→vasp2ctrl→ctrlgenToml --ssig=0.8 (2026-09 の雛形); t_tetrakbt=300 t_sigmaw=300; LDA から; 最大 10 反復 (NaCoO2 20、金属 15)	0.000	2.82	19.0	Dicalcium nitride chloride
mp-22990	CsICl2	4	GOOD		GOOD	4.979	TF32; 本計算 legacy(ctrl+GWinput) ~/bin2 → 追加の計算 TOML(05-11) ×1; χ0 T=0, Σ GaussSmear esmr=0.003 Ry							0.000	3.77	36.4	Cesium dichloroiodate(I)
mp-23009	Ca2BrN	4	GOOD		GOOD	3.867	TF32; 本計算 legacy(ctrl+GWinput) ~/bin2 → 追加の計算 TOML(05-11) ×1; χ0 T=0, Σ GaussSmear esmr=0.003 Ry							0.000	3.53	20.4	Dicalcium nitride bromide
mp-23033	Sr2NCl	4	GOOD		GOOD	3.185	TF32; 本計算 legacy(ctrl+GWinput) ~/bin2 → 追加の計算 TOML(05-11) ×1; χ0 T=0, Σ GaussSmear esmr=0.003 Ry							0.000	4.04	23.1	Distrontium nitride chloride; Distrontium chloride nitride
mp-23040	Ca2PI	4	NOTCONV_MAY	5 月は 10 反復で収束せず（最後の 3 反復の幅 0.2151 eV、履歴 2.8001, 2.7499, 2.4916, 2.4856, 2.2765） / 回し直し(run3): CONVERGED 5 反復、ギャップ 2.937550 eV（LDA 1.547321）、5 月との差 +0.66 eV	NOTCONV	2.277	TF32; 本計算 legacy(ctrl+GWinput) ~/bin2 → 追加の計算 TOML(05-11) ×1; χ0 T=0, Σ GaussSmear esmr=0.003 Ry	run3	CONVERGED	5	2.937550	1.547321	fp32; 989a18637 (2026-09-29); POSCAR→vasp2ctrl→ctrlgenToml --ssig=0.8 (2026-09 の雛形); t_tetrakbt=300 t_sigmaw=300; LDA から; 最大 10 反復 (NaCoO2 20、金属 15)	0.000	3.31	29.9	Calcium phosphide iodide; Dicalcium phosphide iodide
mp-23056	Sr2BrN	4	NOTCONV_MAY	5 月は 10 反復で収束せず（最後の 3 反復の幅 0.6348 eV、履歴 3.1119, 2.7926, 2.7474, 3.1918, 2.5570） / 回し直し(run3): CONVERGED 5 反復、ギャップ 3.280951 eV（LDA 1.851198）、5 月との差 +0.72 eV	NOTCONV	2.557	TF32; 本計算 legacy(ctrl+GWinput) ~/bin2 → 追加の計算 TOML(05-11) ×1; χ0 T=0, Σ GaussSmear esmr=0.003 Ry	run3	CONVERGED	5	3.280951	1.851198	fp32; 989a18637 (2026-09-29); POSCAR→vasp2ctrl→ctrlgenToml --ssig=0.8 (2026-09 の雛形); t_tetrakbt=300 t_sigmaw=300; LDA から; 最大 10 反復 (NaCoO2 20、金属 15)	0.000	4.54	24.6	Distrontium nitride bromide
mp-23153	I4	4	DRIFT_GOOD	5 月は収束の基準を満たしたが、最後の 3 反復が同じ向きに -0.09 eV 動いていた（履歴 2.2324, 2.1523, 2.1467）。回し直していない	GOOD	2.147	TF32; 本計算 legacy(ctrl+GWinput) ~/bin2 → 追加の計算 TOML(05-11) ×1; χ0 T=0, Σ GaussSmear esmr=0.003 Ry							0.000	4.84	43.5	Diiodine; High pressure experimental phase; Iodine
mp-23154	Br4	4	GOOD		GOOD	3.718	TF32; 本計算 legacy(ctrl+GWinput) ~/bin2 → 追加の計算 TOML(05-11) ×1; χ0 T=0, Σ GaussSmear esmr=0.003 Ry							0.000	4.00	33.2	Bromine
mp-23177	Hg2Br2	4	GOOD		GOOD	3.587	TF32; 本計算 legacy(ctrl+GWinput) ~/bin2 → 追加の計算 TOML(05-11) ×1; χ0 T=0, Σ GaussSmear esmr=0.003 Ry							0.000	7.34	31.7	Dimercury(I) bromide; Kuzminite; Mercury(I) bromide
mp-23202	In2I2	4	GOOD		GOOD	2.136	TF32; 本計算 legacy(ctrl+GWinput) ~/bin2 → 追加の計算 TOML(05-11) ×1; χ0 T=0, Σ GaussSmear esmr=0.003 Ry							0.000	5.31	37.8	High pressure experimental phase; Indium(I) iodide
mp-23222	Li3Bi	4	GOOD		GOOD	0.997	TF32; 本計算 legacy(ctrl+GWinput) ~/bin2 → 追加の計算 TOML(05-11) ×1; χ0 T=0, Σ GaussSmear esmr=0.003 Ry							0.000	5.10	18.7	Bismuth lithium (3/1); Bismuth lithium (1/3)
mp-23227	Cu2Br2	4	DRIFT_GOOD	5 月は収束の基準を満たしたが、最後の 3 反復が同じ向きに +0.09 eV 動いていた（履歴 2.4196, 2.2432, 2.3327, 2.3358）。回し直していない	GOOD	2.336	TF32; 本計算 legacy(ctrl+GWinput) ~/bin2 → 追加の計算 TOML(05-11) ×1; χ0 T=0, Σ GaussSmear esmr=0.003 Ry							0.042	5.39	22.1	Copper(I) bromide - beta, HT; Copper(I) bromide - gamma
mp-23301	BiF3	4	GOOD		GOOD	6.400	TF32; 本計算 legacy(ctrl+GWinput) ~/bin2 → 追加の計算 TOML(05-11) ×1; χ0 T=0, Σ GaussSmear esmr=0.003 Ry							0.271	9.22	12.0	Bismuth fluoride
mp-24093	Cu2H2	4	GOOD		GOOD	1.366	TF32; 本計算 legacy(ctrl+GWinput) ~/bin2 → 追加の計算 TOML(05-11) ×1; χ0 T=0, Σ GaussSmear esmr=0.003 Ry							0.115	6.81	7.9	Copper(I) hydride
mp-24199	LiHF2	4	GOOD		GOOD	11.959	TF32; 本計算 legacy(ctrl+GWinput) ~/bin2 → 追加の計算 TOML(05-11) ×1; χ0 T=0, Σ GaussSmear esmr=0.003 Ry							0.000	2.34	8.1	Lithium hydrogendifluoride
mp-24504	H4	4	GOOD		GOOD	15.709	TF32; 本計算 legacy(ctrl+GWinput) ~/bin2 → 追加の計算 TOML(05-11) ×1; χ0 T=0, Σ GaussSmear esmr=0.003 Ry							0.002	0.10	16.1	Hydrogen - para; Hydrogen
mp-2516584	C4	4	GOOD		GOOD	2.400	TF32; 本計算 legacy(ctrl+GWinput) ~/bin2 → 追加の計算 TOML(05-11) ×1; χ0 T=0, Σ GaussSmear esmr=0.003 Ry							0.002	2.13	9.4	Graphite, nitrated; Carbon
mp-2542	Be2O2	4	GOOD		GOOD	10.963	TF32; 本計算 legacy(ctrl+GWinput) ~/bin2 → 追加の計算 TOML(05-11) ×1; χ0 T=0, Σ GaussSmear esmr=0.003 Ry							0.000	3.02	6.9	Beryllium oxide - wurtzite-type; Bromellite; Beryllium oxide  - hexagonal; Beryllium oxide; Beryllium oxide - high press
mp-2653	B2N2	4	GOOD		GOOD	7.490	TF32; 本計算 legacy(ctrl+GWinput) ~/bin2 → 追加の計算 TOML(05-11) ×1; χ0 T=0, Σ GaussSmear esmr=0.003 Ry							0.095	3.45	6.0	Boron nitride; Boron nitride - HP; Boron nitride, HT; Boron nitride - w
mp-2659	LiN3	4	GOOD		GOOD	6.495	TF32; 本計算 legacy(ctrl+GWinput) ~/bin2 → 追加の計算 TOML(05-11) ×1; χ0 T=0, Σ GaussSmear esmr=0.003 Ry							0.000	1.93	10.5	Lithium azide
mp-27418	KAuO2	4	GOOD		GOOD	3.462	TF32; 本計算 legacy(ctrl+GWinput) ~/bin2 → 追加の計算 TOML(05-11) ×1; χ0 T=0, Σ GaussSmear esmr=0.003 Ry							0.028	6.51	17.1	Potassium dioxoaurate
mp-27438	TlBiTe2	4	GOOD		GOOD	0.642	TF32; 本計算 legacy(ctrl+GWinput) ~/bin2 → 追加の計算 TOML(05-11) ×1; χ0 T=0, Σ GaussSmear esmr=0.003 Ry							0.000	7.77	35.7	Thallium bismuth telluride (1/1/2); Bismuth thallium telluride
mp-27837	NaHF2	4	NOTCONV_MAY	5 月は 10 反復で収束せず（最後の 3 反復の幅 0.4175 eV、履歴 11.9130, 11.0026, 10.8636, 11.1995, 11.2812） / 回し直し(run3): CONVERGED 6 反復、ギャップ 12.057696 eV（LDA 6.758239）、5 月との差 +0.78 eV	NOTCONV	11.281	TF32; 本計算 legacy(ctrl+GWinput) ~/bin2 → 追加の計算 TOML(05-11) ×1; χ0 T=0, Σ GaussSmear esmr=0.003 Ry	run3	CONVERGED	6	12.057696	6.758239	fp32; 989a18637 (2026-09-29); POSCAR→vasp2ctrl→ctrlgenToml --ssig=0.8 (2026-09 の雛形); t_tetrakbt=300 t_sigmaw=300; LDA から; 最大 10 反復 (NaCoO2 20、金属 15)	0.000	2.26	11.4	Sodium hydrogendifluoride; Sodium hydrogen fluoride; Sodium hydrogen difluoride; Sodium deuterium fluoride
mp-27869	Ba2PCl	4	GOOD		GOOD	2.424	TF32; 本計算 legacy(ctrl+GWinput) ~/bin2 → 追加の計算 TOML(05-11) ×1; χ0 T=0, Σ GaussSmear esmr=0.003 Ry							0.000	3.94	35.9	Barium phosphide chloride
mp-2793	Au2Se2	4	GOOD		GOOD	0.627	TF32; 本計算 legacy(ctrl+GWinput) ~/bin2 → 追加の計算 TOML(05-11) ×1; χ0 T=0, Σ GaussSmear esmr=0.003 Ry							0.000	9.17	25.0	Gold selenide - beta
mp-28554	Ca2AsI	4	GOOD		GOOD	2.843	TF32; 本計算 legacy(ctrl+GWinput) ~/bin2 → 追加の計算 TOML(05-11) ×1; χ0 T=0, Σ GaussSmear esmr=0.003 Ry							0.000	3.75	31.2	Dicalcium arsenide iodide; Calcium arsenide iodide
mp-28650	CsBr2F	4	GOOD		GOOD	4.717	TF32; 本計算 legacy(ctrl+GWinput) ~/bin2 → 追加の計算 TOML(05-11) ×1; χ0 T=0, Σ GaussSmear esmr=0.003 Ry							0.214	3.87	33.4	Cesium fluoride - bromine (1/1); Cesium fluoride dibromine
mp-288	Pt2S2	4	GOOD		GOOD	1.199	TF32; 本計算 legacy(ctrl+GWinput) ~/bin2 → 追加の計算 TOML(05-11) ×1; χ0 T=0, Σ GaussSmear esmr=0.003 Ry							0.000	10.10	18.7	Platinum sulfide; Cooperite
mp-29266	Cs2S2	4	GOOD		GOOD	3.900	TF32; 本計算 legacy(ctrl+GWinput) ~/bin2 → 追加の計算 TOML(05-11) ×1; χ0 T=0, Σ GaussSmear esmr=0.003 Ry							0.000	3.17	43.2	Cesium persulfide
mp-2964	NaNO2	4	GOOD		GOOD	6.964	TF32; 本計算 legacy(ctrl+GWinput) ~/bin2 → 追加の計算 TOML(05-11) ×1; χ0 T=0, Σ GaussSmear esmr=0.003 Ry							0.018	2.25	12.7	Sodium nitrate(III)
mp-29643	CuAsSe2	4	GOOD		GOOD	0.947	TF32; 本計算 legacy(ctrl+GWinput) ~/bin2 → 追加の計算 TOML(05-11) ×1; χ0 T=0, Σ GaussSmear esmr=0.003 Ry							0.109	5.03	24.5	Copper(I) arsenic selenide - II
mp-29662	TlBiSe2	4	GOOD		GOOD	0.454	TF32; 本計算 legacy(ctrl+GWinput) ~/bin2 → 追加の計算 TOML(05-11) ×1; χ0 T=0, Σ GaussSmear esmr=0.003 Ry							0.000	7.88	30.1	Thallium bismuth selenide (1/1/2); Bismuth thallium selenide
mp-29678	AgBiS2	4	GOOD		GOOD	0.972	TF32; 本計算 legacy(ctrl+GWinput) ~/bin2 → 追加の計算 TOML(05-11) ×1; χ0 T=0, Σ GaussSmear esmr=0.003 Ry							0.019	6.99	22.6	Silver bismuth sulfide; Matildite
mp-29803	Si2H2	4	GOOD		GOOD	3.784	TF32; 本計算 legacy(ctrl+GWinput) ~/bin2 → 追加の計算 TOML(05-11) ×1; χ0 T=0, Σ GaussSmear esmr=0.003 Ry							0.041	1.30	18.5	Silicon hydride (1/1)
mp-29868	LiAuC2	4	GOOD		GOOD	2.997	TF32; 本計算 legacy(ctrl+GWinput) ~/bin2 → 追加の計算 TOML(05-11) ×1; χ0 T=0, Σ GaussSmear esmr=0.003 Ry							0.499	5.57	17.0	Lithium gold acetylide
mp-30041	RbBiS2	4	NOTCONV_MAY	5 月は 10 反復で収束せず（最後の 3 反復の幅 0.7592 eV、履歴 2.5212, 6.2073, 4.0482, 3.5214, 3.2890） / 回し直し(run3): CONVERGED 5 反復、ギャップ 2.213998 eV（LDA 1.241437）、5 月との差 -1.08 eV	NOTCONV	3.289	TF32; 本計算 legacy(ctrl+GWinput) ~/bin2 → 追加の計算 TOML(05-11) ×1; χ0 T=0, Σ GaussSmear esmr=0.003 Ry	run3	CONVERGED	5	2.213998	1.241437	fp32; 989a18637 (2026-09-29); POSCAR→vasp2ctrl→ctrlgenToml --ssig=0.8 (2026-09 の雛形); t_tetrakbt=300 t_sigmaw=300; LDA から; 最大 10 反復 (NaCoO2 20、金属 15)	0.000	5.16	28.8	Bismuth rubidium sulfide
mp-3056	NaTlO2	4	SUSPECT_GOOD	5 月は GOOD だが 2 反復目以降に 0.5 eV を超えて振動（履歴 2.0278, 0.5805, 1.4607, 1.4096, 1.4647） / 回し直し(run3): CONVERGED 6 反復、ギャップ 1.981450 eV（LDA 0.640949）、5 月との差 +0.52 eV	GOOD	1.465	TF32; 本計算 legacy(ctrl+GWinput) ~/bin2 → 追加の計算 TOML(05-11) ×1; χ0 T=0, Σ GaussSmear esmr=0.003 Ry	run3	CONVERGED	6	1.981450	0.640949	fp32; 989a18637 (2026-09-29); POSCAR→vasp2ctrl→ctrlgenToml --ssig=0.8 (2026-09 の雛形); t_tetrakbt=300 t_sigmaw=300; LDA から; 最大 10 反復 (NaCoO2 20、金属 15)	0.000	8.03	13.4	Sodium thallium peroxide; Sodium thallium(III) oxide; Sodium dioxothallate
mp-34857	KNO2	4	NOTCONV_MAY	5 月は 10 反復で収束せず（最後の 3 反復の幅 1.0537 eV、履歴 7.0565, 12.3139, 9.6802, 9.0982, 8.6264） / 回し直し(run3): CONVERGED 6 反復、ギャップ 7.170460 eV（LDA 2.372951）、5 月との差 -1.46 eV	NOTCONV	8.626	TF32; 本計算 legacy(ctrl+GWinput) ~/bin2 → 追加の計算 TOML(05-11) ×1; χ0 T=0, Σ GaussSmear esmr=0.003 Ry	run3	CONVERGED	6	7.170460	2.372951	fp32; 989a18637 (2026-09-29); POSCAR→vasp2ctrl→ctrlgenToml --ssig=0.8 (2026-09 の雛形); t_tetrakbt=300 t_sigmaw=300; LDA から; 最大 10 反復 (NaCoO2 20、金属 15)	0.000	1.96	18.0	Ordering of Disordered Crystal; Potassium nitrate(III)
mp-3748	AlCuO2	4	GOOD		GOOD	3.336	TF32; 本計算 legacy(ctrl+GWinput) ~/bin2 → 追加の計算 TOML(05-11) ×1; χ0 T=0, Σ GaussSmear esmr=0.003 Ry							0.000	5.15	9.9	Copper(I) aluminium oxide; Copper(I) phyllo-dioxoaluminate; Copper aluminium dioxide; Delafossite R, aluminous
mp-380	Zn2Se2	4	GOOD		GOOD	2.771	TF32; 本計算 legacy(ctrl+GWinput) ~/bin2 → 追加の計算 TOML(05-11) ×1; χ0 T=0, Σ GaussSmear esmr=0.003 Ry							0.004	5.28	22.7	Zinc selenide
mp-3915	BaHgO2	4	NOTCONV_MAY	5 月は 10 反復で収束せず（最後の 3 反復の幅 0.2914 eV、履歴 4.3522, 3.9422, 3.7591, 4.0073, 4.0505） / 回し直し(run3): CONVERGED 5 反復、ギャップ 4.623286 eV（LDA 2.244048）、5 月との差 +0.57 eV	NOTCONV	4.051	TF32; 本計算 legacy(ctrl+GWinput) ~/bin2 → 追加の計算 TOML(05-11) ×1; χ0 T=0, Σ GaussSmear esmr=0.003 Ry	run3	CONVERGED	5	4.623286	2.244048	fp32; 989a18637 (2026-09-29); POSCAR→vasp2ctrl→ctrlgenToml --ssig=0.8 (2026-09 の雛形); t_tetrakbt=300 t_sigmaw=300; LDA から; 最大 10 反復 (NaCoO2 20、金属 15)	0.000	6.30	24.4	Barium mercury oxide; Barium mercurate
mp-4124	CaCN2	4	NOTCONV_MAY	5 月は 10 反復で収束せず（最後の 3 反復の幅 0.1802 eV、履歴 5.1758, 6.4096, 5.7632, 5.8667, 5.6865） / 回し直し(run3): CONVERGED 5 反復、ギャップ 5.475552 eV（LDA 3.255472）、5 月との差 -0.21 eV	NOTCONV	5.686	TF32; 本計算 legacy(ctrl+GWinput) ~/bin2 → 追加の計算 TOML(05-11) ×1; χ0 T=0, Σ GaussSmear esmr=0.003 Ry	run3	CONVERGED	5	5.475552	3.255472	fp32; 989a18637 (2026-09-29); POSCAR→vasp2ctrl→ctrlgenToml --ssig=0.8 (2026-09 の雛形); t_tetrakbt=300 t_sigmaw=300; LDA から; 最大 10 反復 (NaCoO2 20、金属 15)	0.000	2.28	14.6	Calcium cyanamide; Calcium dinitridocarbonate
mp-4280	GaCuO2	4	GOOD		GOOD	2.083	TF32; 本計算 legacy(ctrl+GWinput) ~/bin2 → 追加の計算 TOML(05-11) ×1; χ0 T=0, Σ GaussSmear esmr=0.003 Ry							0.000	6.27	10.9	Copper(I) gallium oxide; Delafossite-(Ga) R; Copper gallium dioxide
mp-4541	NaCuO2	4	GOOD		GOOD	2.927	TF32; 本計算 legacy(ctrl+GWinput) ~/bin2 → 追加の計算 TOML(05-11) ×1; χ0 T=0, Σ GaussSmear esmr=0.003 Ry							0.000	4.34	11.3	Sodium dioxocuprate(III); Sodium copper(III) oxide
mp-4573	TlSbTe2	4	UNKNOWN_MAY	5 月: NOGAP_SMALL_GAP(LDA gap 0.10 eV; possibly semimetal)（金属・半金属。gwscconv がギャップを読めず止まった） / 回し直し(run2m): CONVERGED 4 反復、ギャップ 0.294478 eV（LDA 0.104106）	UNKNOWN		TF32; 本計算 legacy(ctrl+GWinput) ~/bin2 → 追加の計算 TOML(05-11) ×1; χ0 T=0, Σ GaussSmear esmr=0.003 Ry	run2m	CONVERGED	4	0.294478	0.104106	fp32; 989a18637 (2026-09-29); POSCAR→vasp2ctrl→ctrlgenToml --ssig=0.8 (2026-09 の雛形); t_tetrakbt=300 t_sigmaw=300; LDA から; 最大 10 反復 (NaCoO2 20、金属 15)	0.000	7.07	34.1	Antimony thallium telluride; Thallium antimony telluride; Antimony thallium telluride (1/1/2)
mp-4636	ScCuO2	4	SUSPECT_GOOD	5 月は GOOD だが 2 反復目以降に 0.5 eV を超えて振動（履歴 3.3604, 4.7190, 4.0905, 4.1828, 4.1155） / 回し直し(run3): CONVERGED 6 反復、ギャップ 4.015221 eV（LDA 2.260494）、5 月との差 -0.10 eV	GOOD	4.115	TF32; 本計算 legacy(ctrl+GWinput) ~/bin2 → 追加の計算 TOML(05-11) ×1; χ0 T=0, Σ GaussSmear esmr=0.003 Ry	run3	CONVERGED	6	4.015221	2.260494	fp32; 989a18637 (2026-09-29); POSCAR→vasp2ctrl→ctrlgenToml --ssig=0.8 (2026-09 の雛形); t_tetrakbt=300 t_sigmaw=300; LDA から; 最大 10 反復 (NaCoO2 20、金属 15)	0.000	4.56	12.8	Scandium copper(I) oxide - 3R; Copper(I) scandium oxide
mp-47	C4	4	GOOD		GOOD	5.240	TF32; 本計算 legacy(ctrl+GWinput) ~/bin2 → 追加の計算 TOML(05-11) ×1; χ0 T=0, Σ GaussSmear esmr=0.003 Ry							0.139	3.53	5.7	Lonsdaleite; Carbon; Diamond
mp-5077	NaLi2Sb	4	GOOD		GOOD	1.424	TF32; 本計算 legacy(ctrl+GWinput) ~/bin2 → 追加の計算 TOML(05-11) ×1; χ0 T=0, Σ GaussSmear esmr=0.003 Ry							0.000	3.36	19.6	Dilithium sodium antimonide
mp-5175	NaInO2	4	NOTCONV_MAY	5 月は 10 反復で収束せず（最後の 3 反復の幅 0.7292 eV、履歴 4.1603, 7.8133, 5.7953, 5.2157, 5.0661） / 回し直し(run3): CONVERGED 6 反復、ギャップ 4.110343 eV（LDA 2.011135）、5 月との差 -0.96 eV	NOTCONV	5.066	TF32; 本計算 legacy(ctrl+GWinput) ~/bin2 → 追加の計算 TOML(05-11) ×1; χ0 T=0, Σ GaussSmear esmr=0.003 Ry	run3	CONVERGED	6	4.110343	2.011135	fp32; 989a18637 (2026-09-29); POSCAR→vasp2ctrl→ctrlgenToml --ssig=0.8 (2026-09 の雛形); t_tetrakbt=300 t_sigmaw=300; LDA から; 最大 10 反復 (NaCoO2 20、金属 15)	0.000	5.70	12.4	Sodium indate; Sodium indium oxide
mp-545552	Sn2O2	4	GOOD		GOOD	2.375	TF32; 本計算 legacy(ctrl+GWinput) ~/bin2 → 追加の計算 TOML(05-11) ×1; χ0 T=0, Σ GaussSmear esmr=0.003 Ry							0.071	5.57	20.1	High pressure experimental phase; Tin oxide
mp-546500	NaCNO	4	NOTCONV_MAY	5 月は 10 反復で収束せず（最後の 3 反復の幅 1.0322 eV、履歴 9.6311, 7.2993, 7.3406, 8.3729, 8.3547） / 回し直し(run3): CONVERGED 5 反復、ギャップ 7.667180 eV（LDA 4.202975）、5 月との差 -0.69 eV	NOTCONV	8.355	TF32; 本計算 legacy(ctrl+GWinput) ~/bin2 → 追加の計算 TOML(05-11) ×1; χ0 T=0, Σ GaussSmear esmr=0.003 Ry	run3	CONVERGED	5	7.667180	4.202975	fp32; 989a18637 (2026-09-29); POSCAR→vasp2ctrl→ctrlgenToml --ssig=0.8 (2026-09 の雛形); t_tetrakbt=300 t_sigmaw=300; LDA から; 最大 10 反復 (NaCoO2 20、金属 15)	0.085	1.96	13.7	Sodium isocyanate
mp-546787	KNO2	4	NOTCONV_MAY	5 月は 10 反復で収束せず（最後の 3 反復の幅 0.2912 eV、履歴 6.9290, 7.2673, 6.9773, 6.8072, 6.6861） / 回し直し(run3): CONVERGED 6 反復、ギャップ 7.054692 eV（LDA 2.353343）、5 月との差 +0.37 eV	NOTCONV	6.686	TF32; 本計算 legacy(ctrl+GWinput) ~/bin2 → 追加の計算 TOML(05-11) ×1; χ0 T=0, Σ GaussSmear esmr=0.003 Ry	run3	CONVERGED	6	7.054692	2.353343	fp32; 989a18637 (2026-09-29); POSCAR→vasp2ctrl→ctrlgenToml --ssig=0.8 (2026-09 の雛形); t_tetrakbt=300 t_sigmaw=300; LDA から; 最大 10 反復 (NaCoO2 20、金属 15)	0.017	1.95	18.1	Potassium nitrate(III)
mp-5475	NaTaN2	4	GOOD		GOOD	2.299	TF32; 本計算 legacy(ctrl+GWinput) ~/bin2 → 追加の計算 TOML(05-11) ×1; χ0 T=0, Σ GaussSmear esmr=0.003 Ry							0.000	8.09	11.9	Sodium tantalum nitride (1/1/2); Sodium tantalum dinitride
mp-549706	Mg2O2	4	NOTCONV_MAY	5 月は 10 反復で収束せず（最後の 3 反復の幅 0.2320 eV、履歴 6.8317, 6.9330, 6.8118, 6.6700, 6.5797） / 回し直し(run3): CONVERGED 6 反復、ギャップ 6.544901 eV（LDA 3.401128）、5 月との差 -0.04 eV	NOTCONV	6.580	TF32; 本計算 legacy(ctrl+GWinput) ~/bin2 → 追加の計算 TOML(05-11) ×1; χ0 T=0, Σ GaussSmear esmr=0.003 Ry	run3	CONVERGED	6	6.544901	3.401128	fp32; 989a18637 (2026-09-29); POSCAR→vasp2ctrl→ctrlgenToml --ssig=0.8 (2026-09 の雛形); t_tetrakbt=300 t_sigmaw=300; LDA から; 最大 10 反復 (NaCoO2 20、金属 15)	0.118	2.83	11.8	Magnesium oxide - wurtzite-type; Magnesium oxide (1/1); Magnesium oxide - thin film; Magnesium oxide - P63mc, unstable
mp-554134	Sn2S2	4	NOTCONV_MAY	構造: Gd–Sn–Nb–S の非整合層状化合物の SnS 層。a=4.13、c=22.4 Å、1 原子 95.7 Å³（SnS 約 24）、配位 4 / 5 月は 10 反復で収束せず（最後の 3 反復の幅 0.1797 eV、履歴 1.3981, 4.3999, 3.8971, 3.7174, 3.7793） / 回し直し(run3): CONVERGED 6 反復、ギャップ 3.997399 eV（LDA 1.510139）、5 月との差 +0.22 eV	NOTCONV	3.779	TF32; 本計算 legacy(ctrl+GWinput) ~/bin2 → 追加の計算 TOML(05-11) ×1; χ0 T=0, Σ GaussSmear esmr=0.003 Ry	run3	CONVERGED	6	3.997399	1.510139	fp32; 989a18637 (2026-09-29); POSCAR→vasp2ctrl→ctrlgenToml --ssig=0.8 (2026-09 の雛形); t_tetrakbt=300 t_sigmaw=300; LDA から; 最大 10 反復 (NaCoO2 20、金属 15)	0.079	1.31	95.7	Gadolinium tin niobium sulfide (0.20/0.99/3/7.16)
mp-554310	TlBiS2	4	GOOD		GOOD	0.810	TF32; 本計算 legacy(ctrl+GWinput) ~/bin2 → 追加の計算 TOML(05-11) ×1; χ0 T=0, Σ GaussSmear esmr=0.003 Ry							0.000	7.27	27.3	Thallium bismuth disulfide; Thallium bismuth sulfide (1/1/2); Thallium bismuth sulfide
mp-557835	Tl2F2	4	GOOD		GOOD	4.725	TF32; 本計算 legacy(ctrl+GWinput) ~/bin2 → 追加の計算 TOML(05-11) ×1; χ0 T=0, Σ GaussSmear esmr=0.003 Ry							0.003	8.76	21.2	Thallium fluoride - I, HT
mp-558071	Rb2S2	4	GOOD		GOOD	4.063	TF32; 本計算 legacy(ctrl+GWinput) ~/bin2 → 追加の計算 TOML(05-11) ×1; χ0 T=0, Σ GaussSmear esmr=0.003 Ry							0.002	2.62	37.3	Rubidium sulfide (2/2) - alpha
mp-559092	ScF3	4	NOTCONV_MAY	5 月は 10 反復で収束せず（最後の 3 反復の幅 0.8750 eV、履歴 11.8695, 17.7027, 14.7861, 14.2379, 13.9110） / 回し直し(run3): CONVERGED 6 反復、ギャップ 11.882829 eV（LDA 5.908148）、5 月との差 -2.03 eV	NOTCONV	13.911	TF32; 本計算 legacy(ctrl+GWinput) ~/bin2 → 追加の計算 TOML(05-11) ×1; χ0 T=0, Σ GaussSmear esmr=0.003 Ry	run3	CONVERGED	6	11.882829	5.908148	fp32; 989a18637 (2026-09-29); POSCAR→vasp2ctrl→ctrlgenToml --ssig=0.8 (2026-09 の雛形); t_tetrakbt=300 t_sigmaw=300; LDA から; 最大 10 反復 (NaCoO2 20、金属 15)	0.002	2.51	16.8	Scandium fluoride
mp-559676	Sn2S2	4	GOOD		GOOD	0.847	TF32; 本計算 legacy(ctrl+GWinput) ~/bin2 → 追加の計算 TOML(05-11) ×1; χ0 T=0, Σ GaussSmear esmr=0.003 Ry							0.029	5.07	24.7	Tin sulfide - beta, HT; Tin sulfide - HT
mp-560588	Zn2S2	4	GOOD		GOOD	3.777	TF32; 本計算 legacy(ctrl+GWinput) ~/bin2 → 追加の計算 TOML(05-11) ×1; χ0 T=0, Σ GaussSmear esmr=0.003 Ry							0.003	4.14	19.6	Wurtzite; Wurtzite 2H; Zinc sulfide - alpha; Zn S; Zinc sulfide; Zinc sulfide - 2H; Wurtzite-2H
mp-561203	F4	4	NOTCONV_MAY	5 月は 10 反復で収束せず（最後の 3 反復の幅 0.2644 eV、履歴 9.5504, 10.3164, 10.1199, 9.9295, 9.8555） / 回し直し(run3): CONVERGED 6 反復、ギャップ 9.928535 eV（LDA 2.428449）、5 月との差 +0.07 eV	NOTCONV	9.855	TF32; 本計算 legacy(ctrl+GWinput) ~/bin2 → 追加の計算 TOML(05-11) ×1; χ0 T=0, Σ GaussSmear esmr=0.003 Ry	run3	CONVERGED	6	9.928535	2.428449	fp32; 989a18637 (2026-09-29); POSCAR→vasp2ctrl→ctrlgenToml --ssig=0.8 (2026-09 の雛形); t_tetrakbt=300 t_sigmaw=300; LDA から; 最大 10 反復 (NaCoO2 20、金属 15)	0.003	2.36	13.4	Fluorine - alpha; Fluorine
mp-561320	Pb2S2	4	SUSPECT_STRUCTURE	PbS。a=4.22、c=22.3 Å、1 原子 98.9 Å³（岩塩型 26.7）、配位 5。非整合層状化合物の PbS 層と同じ形	GOOD	4.120	TF32; 本計算 legacy(ctrl+GWinput) ~/bin2 → 追加の計算 TOML(05-11) ×1; χ0 T=0, Σ GaussSmear esmr=0.003 Ry							0.058	2.01	98.9	Lead sulfide
mp-567809	Ag2I2	4	GOOD		GOOD	2.930	TF32; 本計算 legacy(ctrl+GWinput) ~/bin2 → 追加の計算 TOML(05-11) ×1; χ0 T=0, Σ GaussSmear esmr=0.003 Ry							0.006	5.87	33.2	Silver iodide; High pressure experimental phase
mp-568177	CaAlSiH	4	GOOD		GOOD	1.031	TF32; 本計算 legacy(ctrl+GWinput) ~/bin2 → 追加の計算 TOML(05-11) ×1; χ0 T=0, Σ GaussSmear esmr=0.003 Ry							0.000	2.29	17.5	Calcium aluminium silicide hydride (1/1/1/1); Calcium aluminium silicide deuteride (1/1/1/1)
mp-568273	Li2I2	4	GOOD		GOOD	6.230	TF32; 本計算 legacy(ctrl+GWinput) ~/bin2 → 追加の計算 TOML(05-11) ×1; χ0 T=0, Σ GaussSmear esmr=0.003 Ry							0.029	4.15	26.8	Lithium iodide - LT
mp-568516	K3Bi	4	GOOD		GOOD	0.948	TF32; 本計算 legacy(ctrl+GWinput) ~/bin2 → 追加の計算 TOML(05-11) ×1; χ0 T=0, Σ GaussSmear esmr=0.003 Ry							0.014	3.38	40.1	Bismuth potassium (1/3) - HT
mp-568927	Ag2I2	4	GOOD		GOOD	2.157	TF32; 本計算 legacy(ctrl+GWinput) ~/bin2 → 追加の計算 TOML(05-11) ×1; χ0 T=0, Σ GaussSmear esmr=0.003 Ry							0.106	6.69	29.1	High pressure experimental phase; Silver iodide - V, HP
mp-568949	Tl2Br2	4	GOOD		GOOD	3.510	TF32; 本計算 legacy(ctrl+GWinput) ~/bin2 → 追加の計算 TOML(05-11) ×1; χ0 T=0, Σ GaussSmear esmr=0.003 Ry							0.000	6.91	34.2	Thallium bromide - thin film
mp-569304	C4	4	NOTCONV_MAY	構造: 硝酸を挿入した黒鉛（Graphite, nitrated）から N・O を除いたもの。密度 1.38（黒鉛 2.26）、層間が開いたまま / 5 月は 10 反復で収束せず（最後の 3 反復の幅 0.1754 eV、履歴 3.9831, 3.6407, 3.6924, 3.8422, 3.8678） / 回し直し(run3): CONVERGED 5 反復、ギャップ 3.677225 eV（LDA 1.848254）、5 月との差 -0.19 eV	NOTCONV	3.868	TF32; 本計算 legacy(ctrl+GWinput) ~/bin2 → 追加の計算 TOML(05-11) ×1; χ0 T=0, Σ GaussSmear esmr=0.003 Ry	run3	CONVERGED	5	3.677225	1.848254	fp32; 989a18637 (2026-09-29); POSCAR→vasp2ctrl→ctrlgenToml --ssig=0.8 (2026-09 の雛形); t_tetrakbt=300 t_sigmaw=300; LDA から; 最大 10 反復 (NaCoO2 20、金属 15)	0.009	1.38	14.5	Graphite, nitrated; Carbon
mp-569346	Cu2I2	4	GOOD		GOOD	2.828	TF32; 本計算 legacy(ctrl+GWinput) ~/bin2 → 追加の計算 TOML(05-11) ×1; χ0 T=0, Σ GaussSmear esmr=0.003 Ry							0.009	5.80	27.2	Copper(I) iodide - beta, HT
mp-569677	Sr2IN	4	GOOD		GOOD	2.796	TF32; 本計算 legacy(ctrl+GWinput) ~/bin2 → 追加の計算 TOML(05-11) ×1; χ0 T=0, Σ GaussSmear esmr=0.003 Ry							0.000	4.83	27.2	Distrontium nitride iodide
mp-570301	Ag2Br2	4	GOOD		GOOD	2.439	TF32; 本計算 legacy(ctrl+GWinput) ~/bin2 → 追加の計算 TOML(05-11) ×1; χ0 T=0, Σ GaussSmear esmr=0.003 Ry							0.072	6.25	25.0	Silver bromide - II, HP; High pressure experimental phase
mp-570485	SrAlSiH	4	GOOD		GOOD	1.236	TF32; 本計算 legacy(ctrl+GWinput) ~/bin2 → 追加の計算 TOML(05-11) ×1; χ0 T=0, Σ GaussSmear esmr=0.003 Ry							0.000	3.10	19.2	Strontium aluminium silicide deuteride (1/1/1/1); Strontium aluminium silicide hydride (1/1/1/1)
mp-570538	NaN3	4	GOOD		GOOD	7.222	TF32; 本計算 legacy(ctrl+GWinput) ~/bin2 → 追加の計算 TOML(05-11) ×1; χ0 T=0, Σ GaussSmear esmr=0.003 Ry							0.000	1.92	14.0	Sodium azide - alpha
mp-570687	Ag2Cl2	4	GOOD		GOOD	2.770	TF32; 本計算 legacy(ctrl+GWinput) ~/bin2 → 追加の計算 TOML(05-11) ×1; χ0 T=0, Σ GaussSmear esmr=0.003 Ry							0.011	5.43	21.9	Silver chloride - II, HP; High pressure experimental phase
mp-570747	N4	4	GOOD		GOOD	13.238	TF32; 本計算 legacy(ctrl+GWinput) ~/bin2 → 追加の計算 TOML(05-11) ×1; χ0 T=0, Σ GaussSmear esmr=0.003 Ry							0.002	1.04	22.3	Dinitrogen - gamma; High pressure experimental phase
mp-570858	Ag2Cl2	4	DRIFT_GOOD	5 月は収束の基準を満たしたが、最後の 3 反復が同じ向きに +0.10 eV 動いていた（履歴 2.2404, 2.0995, 2.1834, 2.1998, 2.2794）。回し直していない	GOOD	2.279	TF32; 本計算 legacy(ctrl+GWinput) ~/bin2 → 追加の計算 TOML(05-11) ×1; χ0 T=0, Σ GaussSmear esmr=0.003 Ry							0.029	5.83	20.4	Silver chloride - III, HP; High pressure experimental phase
mp-570935	Li2I2	4	GOOD		GOOD	6.605	TF32; 本計算 legacy(ctrl+GWinput) ~/bin2 → 追加の計算 TOML(05-11) ×1; χ0 T=0, Σ GaussSmear esmr=0.003 Ry							0.000	3.41	32.6	Lithium iodide - beta
mp-571079	Tl2Cl2	4	GOOD		GOOD	3.889	TF32; 本計算 legacy(ctrl+GWinput) ~/bin2 → 追加の計算 TOML(05-11) ×1; χ0 T=0, Σ GaussSmear esmr=0.003 Ry							0.000	6.47	30.8	Thallium chloride - thin film
mp-571093	BaAlSiH	4	GOOD		GOOD	1.339	TF32; 本計算 legacy(ctrl+GWinput) ~/bin2 → 追加の計算 TOML(05-11) ×1; χ0 T=0, Σ GaussSmear esmr=0.003 Ry							0.000	3.75	21.4	Barium aluminium silicide hydride (1/1/1/1); Barium aluminium silicide deuteride (1/1/1/1)
mp-571454	LiAgC2	4	DRIFT_GOOD	5 月は収束の基準を満たしたが、最後の 3 反復が同じ向きに -0.09 eV 動いていた（履歴 3.3755, 3.3072, 3.2874）。回し直していない	GOOD	3.287	TF32; 本計算 legacy(ctrl+GWinput) ~/bin2 → 追加の計算 TOML(05-11) ×1; χ0 T=0, Σ GaussSmear esmr=0.003 Ry							0.488	3.37	17.1	Lithium diacetylidoargentate
mp-571555	In2Cl2	4	GOOD		GOOD	2.183	TF32; 本計算 legacy(ctrl+GWinput) ~/bin2 → 追加の計算 TOML(05-11) ×1; χ0 T=0, Σ GaussSmear esmr=0.003 Ry							0.003	4.26	29.3	Indium(I) chloride; Indium(I) chloride - HT
mp-571636	In2Cl2	4	DRIFT_GOOD	5 月は収束の基準を満たしたが、最後の 3 反復が同じ向きに -0.09 eV 動いていた（履歴 2.3875, 2.5549, 2.5326, 2.4672）。回し直していない	GOOD	2.467	TF32; 本計算 legacy(ctrl+GWinput) ~/bin2 → 追加の計算 TOML(05-11) ×1; χ0 T=0, Σ GaussSmear esmr=0.003 Ry							0.002	4.00	31.2	Indium(I) chloride - HT
mp-5770	AgNO2	4	NOTCONV_MAY	5 月は 10 反復で収束せず（最後の 3 反復の幅 0.1126 eV、履歴 1.6156, 1.0370, 1.1698, 1.0572, 1.0628） / 回し直し(run3): CONVERGED 6 反復、ギャップ 4.969543 eV（LDA 1.701558）、5 月との差 +3.91 eV	NOTCONV	1.063	TF32; 本計算 legacy(ctrl+GWinput) ~/bin2 → 追加の計算 TOML(05-11) ×1; χ0 T=0, Σ GaussSmear esmr=0.003 Ry	run3	CONVERGED	6	4.969543	1.701558	fp32; 989a18637 (2026-09-29); POSCAR→vasp2ctrl→ctrlgenToml --ssig=0.8 (2026-09 の雛形); t_tetrakbt=300 t_sigmaw=300; LDA から; 最大 10 反復 (NaCoO2 20、金属 15)	0.076	4.04	15.8	Silver nitrate(III)
mp-581024	CsK2Sb	4	GOOD		GOOD	2.023	TF32; 本計算 legacy(ctrl+GWinput) ~/bin2 → 追加の計算 TOML(05-11) ×1; χ0 T=0, Σ GaussSmear esmr=0.003 Ry							0.000	3.45	40.1	Cesium dipotassium antimonide
mp-581833	RbN3	4	FAILED_MAY	5 月の失敗: PROD_NaN_lqpe / 回し直し(run1): CONVERGED 5 反復、ギャップ 6.417903 eV（LDA 3.597908）	FAILED		TF32; 本計算 TOML(ctrlG+PB) ~/bin2; χ0 T=0, Σ GaussSmear esmr=0.003 Ry	run1	CONVERGED	5	6.417903	3.597908	fp32; 989a18637 (2026-09-29); POSCAR→vasp2ctrl→ctrlgenToml --ssig=0.8 (2026-09 の雛形); t_tetrakbt=300 t_sigmaw=300; LDA から; 最大 10 反復 (NaCoO2 20、金属 15)	0.019	2.71	19.5	Rubidium azide - subcell
mp-5841	RbCuC2	4	GOOD		GOOD	3.877	TF32; 本計算 legacy(ctrl+GWinput) ~/bin2 → 追加の計算 TOML(05-11) ×1; χ0 T=0, Σ GaussSmear esmr=0.003 Ry							0.306	2.82	25.5	Rubidium copper carbide (1/1/2) - beta; Rubidium copper acetylide (1/1/1) - beta
mp-632229	H2Br2	4	GOOD		GOOD	7.694	TF32; 本計算 legacy(ctrl+GWinput) ~/bin2 → 追加の計算 TOML(05-11) ×1; χ0 T=0, Σ GaussSmear esmr=0.003 Ry							0.000	2.80	24.0	Deuterium bromide - III; Deuterium bromide - LT
mp-632296	H2F2	4	NOTCONV_MAY	5 月は 10 反復で収束せず（最後の 3 反復の幅 0.2143 eV、履歴 13.2818, 11.9113, 12.1742, 12.1383, 12.3526） / 回し直し(run3): CONVERGED 6 反復、ギャップ 12.253660 eV（LDA 6.392350）、5 月との差 -0.10 eV	NOTCONV	12.353	TF32; 本計算 legacy(ctrl+GWinput) ~/bin2 → 追加の計算 TOML(05-11) ×1; χ0 T=0, Σ GaussSmear esmr=0.003 Ry	run3	CONVERGED	6	12.253660	6.392350	fp32; 989a18637 (2026-09-29); POSCAR→vasp2ctrl→ctrlgenToml --ssig=0.8 (2026-09 の雛形); t_tetrakbt=300 t_sigmaw=300; LDA から; 最大 10 反復 (NaCoO2 20、金属 15)	0.031	1.72	9.6	Deuterium fluoride
mp-632326	H2Cl2	4	GOOD		GOOD	9.265	TF32; 本計算 legacy(ctrl+GWinput) ~/bin2 → 追加の計算 TOML(05-11) ×1; χ0 T=0, Σ GaussSmear esmr=0.003 Ry							0.000	1.51	20.1	Deuterium chloride - LT
mp-635413	Cs3Bi	4	GOOD		GOOD	1.067	TF32; 本計算 legacy(ctrl+GWinput) ~/bin2 → 追加の計算 TOML(05-11) ×1; χ0 T=0, Σ GaussSmear esmr=0.003 Ry							0.000	4.87	51.8	Cesium bismuthide (3/1)
mp-661	Al2N2	4	GOOD		GOOD	6.067	TF32; 本計算 legacy(ctrl+GWinput) ~/bin2 → 追加の計算 TOML(05-11) ×1; χ0 T=0, Σ GaussSmear esmr=0.003 Ry							0.000	3.20	10.6	Aluminum nitride; Aluminium nitride; Aluminium nitride - 2H; Aluminium nitride - wurtzite-type
mp-665922	SrHgO2	4	DRIFT_GOOD	5 月は収束の基準を満たしたが、最後の 3 反復が同じ向きに -0.08 eV 動いていた（履歴 3.5140, 3.2745, 3.5540, 3.4719, 3.4703）。回し直していない	GOOD	3.470	TF32; 本計算 legacy(ctrl+GWinput) ~/bin2 → 追加の計算 TOML(05-11) ×1; χ0 T=0, Σ GaussSmear esmr=0.003 Ry							0.000	6.50	20.4	Strontium mercurate
mp-672	Cd2S2	4	GOOD		GOOD	2.424	TF32; 本計算 legacy(ctrl+GWinput) ~/bin2 → 追加の計算 TOML(05-11) ×1; χ0 T=0, Σ GaussSmear esmr=0.003 Ry							0.000	4.70	25.5	Cadmium sulfide; Greenockite; High pressure experimental phase; Cadmium sulfide - alpha
mp-672233	N4	4	GOOD		GOOD	13.718	TF32; 本計算 legacy(ctrl+GWinput) ~/bin2 → 追加の計算 TOML(05-11) ×1; χ0 T=0, Σ GaussSmear esmr=0.003 Ry							0.011	0.88	26.3	Dinitrogen - beta; High pressure experimental phase
mp-672285	CuCSN	4	GOOD		GOOD	3.291	TF32; 本計算 legacy(ctrl+GWinput) ~/bin2 → 追加の計算 TOML(05-11) ×1; χ0 T=0, Σ GaussSmear esmr=0.003 Ry							0.163	2.87	17.6	Copper(I) thiocyanate - beta, HT
mp-690794	Sr2HN	4	GOOD		GOOD	2.797	TF32; 本計算 legacy(ctrl+GWinput) ~/bin2 → 追加の計算 TOML(05-11) ×1; χ0 T=0, Σ GaussSmear esmr=0.003 Ry							0.000	3.98	19.8	Distrontium nitride deuteride; Distrontium deuteride nitride
mp-6972	YCuO2	4	NOTCONV_MAY	5 月は 10 反復で収束せず（最後の 3 反復の幅 0.1619 eV、履歴 3.4850, 4.4042, 4.1165, 3.9546, 3.9658） / 回し直し(run3): CONVERGED 6 反復、ギャップ 4.370518 eV（LDA 2.701063）、5 月との差 +0.40 eV	NOTCONV	3.966	TF32; 本計算 legacy(ctrl+GWinput) ~/bin2 → 追加の計算 TOML(05-11) ×1; χ0 T=0, Σ GaussSmear esmr=0.003 Ry	run3	CONVERGED	6	4.370518	2.701063	fp32; 989a18637 (2026-09-29); POSCAR→vasp2ctrl→ctrlgenToml --ssig=0.8 (2026-09 の雛形); t_tetrakbt=300 t_sigmaw=300; LDA から; 最大 10 反復 (NaCoO2 20、金属 15)	0.001	5.00	15.3	Delafossite, yttrian; Copper(I) yttrium oxide
mp-6980	ScCuS2	4	GOOD		GOOD	1.970	TF32; 本計算 legacy(ctrl+GWinput) ~/bin2 → 追加の計算 TOML(05-11) ×1; χ0 T=0, Σ GaussSmear esmr=0.003 Ry							0.000	3.95	18.1	Copper(I) scandium sulfide
mp-7017	NaNbN2	4	GOOD		GOOD	1.755	TF32; 本計算 legacy(ctrl+GWinput) ~/bin2 → 追加の計算 TOML(05-11) ×1; χ0 T=0, Σ GaussSmear esmr=0.003 Ry							0.013	4.95	12.1	Sodium niobium nitride (1/1/2); Sodium niobium nitride
mp-7041	CaHgO2	4	NOTCONV_MAY	5 月は 10 反復で収束せず（最後の 3 反復の幅 0.3892 eV、履歴 7.4098, 4.1163, 4.1785, 4.5441, 4.5677） / 回し直し(run3): CONVERGED 5 反復、ギャップ 4.435741 eV（LDA 2.134180）、5 月との差 -0.13 eV	NOTCONV	4.568	TF32; 本計算 legacy(ctrl+GWinput) ~/bin2 → 追加の計算 TOML(05-11) ×1; χ0 T=0, Σ GaussSmear esmr=0.003 Ry	run3	CONVERGED	5	4.435741	2.134180	fp32; 989a18637 (2026-09-29); POSCAR→vasp2ctrl→ctrlgenToml --ssig=0.8 (2026-09 の雛形); t_tetrakbt=300 t_sigmaw=300; LDA から; 最大 10 反復 (NaCoO2 20、金属 15)	0.000	6.48	17.5	Calcium mercury oxide
mp-706	Hg2F2	4	NOTCONV_MAY	5 月は 10 反復で収束せず（最後の 3 反復の幅 0.2635 eV、履歴 3.2244, 2.7793, 2.7450, 2.9804, 3.0086） / 回し直し(run3): CONVERGED 5 反復、ギャップ 2.891362 eV（LDA 1.397021）、5 月との差 -0.12 eV	NOTCONV	3.009	TF32; 本計算 legacy(ctrl+GWinput) ~/bin2 → 追加の計算 TOML(05-11) ×1; χ0 T=0, Σ GaussSmear esmr=0.003 Ry	run3	CONVERGED	5	2.891362	1.397021	fp32; 989a18637 (2026-09-29); POSCAR→vasp2ctrl→ctrlgenToml --ssig=0.8 (2026-09 の雛形); t_tetrakbt=300 t_sigmaw=300; LDA から; 最大 10 反復 (NaCoO2 20、金属 15)	0.000	9.86	18.5	Dimercury(I) fluoride; Mercury(I) fluoride
mp-7140	Si2C2	4	GOOD		GOOD	3.528	TF32; 本計算 legacy(ctrl+GWinput) ~/bin2 → 追加の計算 TOML(05-11) ×1; χ0 T=0, Σ GaussSmear esmr=0.003 Ry							0.004	3.23	10.3	Silicon carbide; Silicon carbide - 2H; Moissanite 2H; Moissanite-2H; Silicon carbide (1/1)
mp-723629	Na2I2	4	GOOD		GOOD	5.423	TF32; 本計算 legacy(ctrl+GWinput) ~/bin2 → 追加の計算 TOML(05-11) ×1; χ0 T=0, Σ GaussSmear esmr=0.003 Ry							0.147	3.03	41.0	Sodium iodate(VII)
mp-726184	Pb2S2	4	GOOD	構造: Pb–Ti–S の非整合層状化合物の PbS 層。a=4.22、c=16.6 Å、1 原子 73.6 Å³（岩塩型 PbS 26.7、最近接 2.99 Å・配位 6 に対し 2.66 Å・配位 5）	GOOD	3.737	TF32; 本計算 legacy(ctrl+GWinput) ~/bin2 → 追加の計算 TOML(05-11) ×1; χ0 T=0, Σ GaussSmear esmr=0.003 Ry							0.059	2.70	73.6	Lead titanium sulfide (1/1.7/4.39)
mp-727322	Sn2S2	4	GOOD	構造: Sn–Ti–S の非整合層状化合物の SnS 層。a=4.09、c=11.0 Å、1 原子 45.3 Å³	GOOD	2.691	TF32; 本計算 legacy(ctrl+GWinput) ~/bin2 → 追加の計算 TOML(05-11) ×1; χ0 T=0, Σ GaussSmear esmr=0.003 Ry							0.085	2.76	45.3	Tin titanium sulfide (1/0.83/2.67)
mp-727323	Pb2S2	4	GOOD	構造: Pb–Ti–S の非整合層状化合物の「Pb S-part」。a=4.22、c=11.2 Å、1 原子 49.7 Å³（岩塩型 PbS 26.7）	GOOD	3.231	TF32; 本計算 legacy(ctrl+GWinput) ~/bin2 → 追加の計算 TOML(05-11) ×1; χ0 T=0, Σ GaussSmear esmr=0.003 Ry							0.058	4.00	49.7	Lead titanium sulfide (1.18/1/3.18) - Pb S-part, basic structure
mp-7487	Ba2O2	4	GOOD		GOOD	4.246	TF32; 本計算 legacy(ctrl+GWinput) ~/bin2 → 追加の計算 TOML(05-11) ×1; χ0 T=0, Σ GaussSmear esmr=0.003 Ry							0.132	5.69	22.4	Barium oxide - III; High pressure experimental phase; Barium oxide - HP
mp-7748	NaAlO2	4	NOTCONV_MAY	5 月は 10 反復で収束せず（最後の 3 反復の幅 0.4383 eV、履歴 8.8062, 6.8088, 7.2344, 6.8435, 7.2818） / 回し直し(run3): CONVERGED 6 反復、ギャップ 7.847294 eV（LDA 4.661912）、5 月との差 +0.57 eV	NOTCONV	7.282	TF32; 本計算 legacy(ctrl+GWinput) ~/bin2 → 追加の計算 TOML(05-11) ×1; χ0 T=0, Σ GaussSmear esmr=0.003 Ry	run3	CONVERGED	6	7.847294	4.661912	fp32; 989a18637 (2026-09-29); POSCAR→vasp2ctrl→ctrlgenToml --ssig=0.8 (2026-09 の雛形); t_tetrakbt=300 t_sigmaw=300; LDA から; 最大 10 反復 (NaCoO2 20、金属 15)	0.065	3.49	9.8	Sodium aluminium oxide - alpha, LT
mp-7885	AlAgS2	4	GOOD		GOOD	2.866	TF32; 本計算 legacy(ctrl+GWinput) ~/bin2 → 追加の計算 TOML(05-11) ×1; χ0 T=0, Σ GaussSmear esmr=0.003 Ry							0.070	4.41	18.7	Silver aluminium sulfide - high-pressure phase II; High pressure experimental phase
mp-7895	Rb2O2	4	GOOD		GOOD	4.534	TF32; 本計算 legacy(ctrl+GWinput) ~/bin2 → 追加の計算 TOML(05-11) ×1; χ0 T=0, Σ GaussSmear esmr=0.003 Ry							0.000	3.81	22.1	Dirubidium peroxide; sample prepared from RbO2, single crystal (determination of cell and structural parameters); Rb2[O2
mp-7896	Cs2O2	4	GOOD		GOOD	3.947	TF32; 本計算 legacy(ctrl+GWinput) ~/bin2 → 追加の計算 TOML(05-11) ×1; χ0 T=0, Σ GaussSmear esmr=0.003 Ry							0.000	4.69	26.4	sample prepared from Cs, Cs48O52, powder (determination of cell and structural parameters); Cs2[O2]; Cesium peroxide; Rb
mp-7914	NaScO2	4	GOOD		GOOD	6.530	TF32; 本計算 legacy(ctrl+GWinput) ~/bin2 → 追加の計算 TOML(05-11) ×1; χ0 T=0, Σ GaussSmear esmr=0.003 Ry							0.000	3.56	11.7	Sodium scandium oxide
mp-7991	B2N2	4	GOOD		GOOD	6.543	TF32; 本計算 legacy(ctrl+GWinput) ~/bin2 → 追加の計算 TOML(05-11) ×1; χ0 T=0, Σ GaussSmear esmr=0.003 Ry							0.008	2.06	10.0	Boron nitride
mp-8001	LiAlO2	4	NOTCONV_MAY	5 月は 10 反復で収束せず（最後の 3 反復の幅 0.8754 eV、履歴 9.0744, 9.6297, 9.2447, 9.1817, 8.3693） / 回し直し(run3): CONVERGED 5 反復、ギャップ 9.837572 eV（LDA 6.632788）、5 月との差 +1.47 eV	NOTCONV	8.369	TF32; 本計算 legacy(ctrl+GWinput) ~/bin2 → 追加の計算 TOML(05-11) ×1; χ0 T=0, Σ GaussSmear esmr=0.003 Ry	run3	CONVERGED	5	9.837572	6.632788	fp32; 989a18637 (2026-09-29); POSCAR→vasp2ctrl→ctrlgenToml --ssig=0.8 (2026-09 の雛形); t_tetrakbt=300 t_sigmaw=300; LDA から; 最大 10 反復 (NaCoO2 20、金属 15)	0.000	3.44	7.9	Lithium aluminium oxide - alpha
mp-8002	LiGaO2	4	GOOD		GOOD	4.747	TF32; 本計算 legacy(ctrl+GWinput) ~/bin2 → 追加の計算 TOML(05-11) ×1; χ0 T=0, Σ GaussSmear esmr=0.003 Ry							0.066	4.90	9.2	Lithium gallium oxide - alpha
mp-8039	AlF3	4	NOTCONV_MAY	5 月は 10 反復で収束せず（最後の 3 反復の幅 0.2283 eV、履歴 12.3337, 13.8761, 13.2156, 13.2866, 13.0583） / 回し直し(run3): CONVERGED 6 反復、ギャップ 12.837351 eV（LDA 7.533142）、5 月との差 -0.22 eV	NOTCONV	13.058	TF32; 本計算 legacy(ctrl+GWinput) ~/bin2 → 追加の計算 TOML(05-11) ×1; χ0 T=0, Σ GaussSmear esmr=0.003 Ry	run3	CONVERGED	6	12.837351	7.533142	fp32; 989a18637 (2026-09-29); POSCAR→vasp2ctrl→ctrlgenToml --ssig=0.8 (2026-09 の雛形); t_tetrakbt=300 t_sigmaw=300; LDA から; 最大 10 反復 (NaCoO2 20、金属 15)	0.009	3.02	11.6	Aluminium fluoride - alpha; Aluminium trifluoride
mp-804	Ga2N2	4	GOOD		GOOD	3.291	TF32; 本計算 legacy(ctrl+GWinput) ~/bin2 → 追加の計算 TOML(05-11) ×1; χ0 T=0, Σ GaussSmear esmr=0.003 Ry							0.000	6.08	11.4	Gallium nitride - nanocrystalline; Gallium nitride - wurtzite-type; Gallium nitride; Gallium nitride - thick layer; Gall
mp-8145	RbScO2	4	GOOD		GOOD	5.414	TF32; 本計算 legacy(ctrl+GWinput) ~/bin2 → 追加の計算 TOML(05-11) ×1; χ0 T=0, Σ GaussSmear esmr=0.003 Ry							0.003	4.57	14.7	Rubidium scandium oxide - alpha
mp-8175	KTlO2	4	NOTCONV_MAY	5 月は 10 反復で収束せず（最後の 3 反復の幅 0.2057 eV、履歴 2.1931, 1.8986, 2.1137, 2.2517, 2.3194） / 回し直し(run3): CONVERGED 5 反復、ギャップ 2.228306 eV（LDA 0.893942）、5 月との差 -0.09 eV	NOTCONV	2.319	TF32; 本計算 legacy(ctrl+GWinput) ~/bin2 → 追加の計算 TOML(05-11) ×1; χ0 T=0, Σ GaussSmear esmr=0.003 Ry	run3	CONVERGED	5	2.228306	0.893942	fp32; 989a18637 (2026-09-29); POSCAR→vasp2ctrl→ctrlgenToml --ssig=0.8 (2026-09 の雛形); t_tetrakbt=300 t_sigmaw=300; LDA から; 最大 10 反復 (NaCoO2 20、金属 15)	0.000	7.26	15.8	Potassium thallate(III)
mp-8176	RbTlO2	4	GOOD		GOOD	1.796	TF32; 本計算 legacy(ctrl+GWinput) ~/bin2 → 追加の計算 TOML(05-11) ×1; χ0 T=0, Σ GaussSmear esmr=0.003 Ry							0.000	7.92	16.9	Rubidium thallate(III)
mp-8188	KScO2	4	GOOD		GOOD	6.217	TF32; 本計算 legacy(ctrl+GWinput) ~/bin2 → 追加の計算 TOML(05-11) ×1; χ0 T=0, Σ GaussSmear esmr=0.003 Ry							0.000	3.51	13.7	Potassium scandium oxide
mp-8409	KYO2	4	GOOD		GOOD	6.051	TF32; 本計算 legacy(ctrl+GWinput) ~/bin2 → 追加の計算 TOML(05-11) ×1; χ0 T=0, Σ GaussSmear esmr=0.003 Ry							0.000	4.15	16.0	Potassium yttrium oxide
mp-8781	Sn2S2	4	GOOD	構造: Sn–Nb–S の非整合層状化合物の SnS 層。a=4.12、c=11.0 Å、1 原子 46.8 Å³	GOOD	3.030	TF32; 本計算 legacy(ctrl+GWinput) ~/bin2 → 追加の計算 TOML(05-11) ×1; χ0 T=0, Σ GaussSmear esmr=0.003 Ry							0.078	2.67	46.8	Tin niobium sulfide (1/0.85/2.71); Tin sulfide
mp-8830	NaRhO2	4	NOTCONV_MAY	5 月は 10 反復で収束せず（最後の 3 反復の幅 5.6012 eV、履歴 6.4744, 4.0586, 3.2892, 5.7309, 0.1297） / 回し直し(run3): CONVERGED 6 反復、ギャップ 3.321614 eV（LDA 1.193512）、5 月との差 +3.19 eV	NOTCONV	0.130	TF32; 本計算 legacy(ctrl+GWinput) ~/bin2 → 追加の計算 TOML(05-11) ×1; χ0 T=0, Σ GaussSmear esmr=0.003 Ry	run3	CONVERGED	6	3.321614	1.193512	fp32; 989a18637 (2026-09-29); POSCAR→vasp2ctrl→ctrlgenToml --ssig=0.8 (2026-09 の雛形); t_tetrakbt=300 t_sigmaw=300; LDA から; 最大 10 反復 (NaCoO2 20、金属 15)	0.000	6.12	10.7	Sodium rhodate
mp-8860	Na3As	4	GOOD		GOOD	1.150	TF32; 本計算 legacy(ctrl+GWinput) ~/bin2 → 追加の計算 TOML(05-11) ×1; χ0 T=0, Σ GaussSmear esmr=0.003 Ry							0.043	2.70	22.1	Sodium arsenide - beta; High pressure experimental phase; Trisodium arsenide - hexagonal
mp-8927	TaCuN2	4	GOOD		GOOD	1.203	TF32; 本計算 legacy(ctrl+GWinput) ~/bin2 → 追加の計算 TOML(05-11) ×1; χ0 T=0, Σ GaussSmear esmr=0.003 Ry							0.128	8.98	12.6	Copper(I) tantalum nitride
mp-8936	Sn2Se2	4	SUSPECT_STRUCTURE	SnSe。a=4.29、c=11.0 Å、1 原子 50.5 Å³、配位 5。非整合層状化合物の SnSe 層と同じ形	GOOD	1.952	TF32; 本計算 legacy(ctrl+GWinput) ~/bin2 → 追加の計算 TOML(05-11) ×1; χ0 T=0, Σ GaussSmear esmr=0.003 Ry							0.088	3.25	50.5	Tin selenide
mp-9146	CdHgO2	4	GOOD		GOOD	2.023	TF32; 本計算 legacy(ctrl+GWinput) ~/bin2 → 追加の計算 TOML(05-11) ×1; χ0 T=0, Σ GaussSmear esmr=0.003 Ry							0.003	8.65	16.6	Cadmium mercurate
mp-9158	LiCuO2	4	GOOD		GOOD	2.319	TF32; 本計算 legacy(ctrl+GWinput) ~/bin2 → 追加の計算 TOML(05-11) ×1; χ0 T=0, Σ GaussSmear esmr=0.003 Ry							0.000	4.61	9.2	Lithium copper(III) oxide
mp-9166	MgCN2	4	NOTCONV_MAY	5 月は 10 反復で収束せず（最後の 3 反復の幅 0.6720 eV、履歴 6.9193, 6.5422, 7.2905, 6.6185, 6.6353） / 回し直し(run3): CONVERGED 5 反復、ギャップ 6.284258 eV（LDA 3.600962）、5 月との差 -0.35 eV	NOTCONV	6.635	TF32; 本計算 legacy(ctrl+GWinput) ~/bin2 → 追加の計算 TOML(05-11) ×1; χ0 T=0, Σ GaussSmear esmr=0.003 Ry	run3	CONVERGED	5	6.284258	3.600962	fp32; 989a18637 (2026-09-29); POSCAR→vasp2ctrl→ctrlgenToml --ssig=0.8 (2026-09 の雛形); t_tetrakbt=300 t_sigmaw=300; LDA から; 最大 10 反復 (NaCoO2 20、金属 15)	0.000	2.46	10.9	Magnesium cyanamide
mp-9339	Nb2P2	4	UNKNOWN_MAY	5 月: NOGAP_METAL_IN_LDA_TOO（金属・半金属。gwscconv がギャップを読めず止まった） / 回し直し(run2m): CONVERGED_METAL 5 反復、ギャップ none eV（LDA 0.004431）	UNKNOWN		TF32; 本計算 legacy(ctrl+GWinput) ~/bin2 → 追加の計算 TOML(05-11) ×1; χ0 T=0, Σ GaussSmear esmr=0.003 Ry	run2m	CONVERGED_METAL	5	none	0.004431	fp32; 989a18637 (2026-09-29); POSCAR→vasp2ctrl→ctrlgenToml --ssig=0.8 (2026-09 の雛形); t_tetrakbt=300 t_sigmaw=300; LDA から; 最大 10 反復 (NaCoO2 20、金属 15)	0.000	6.39	16.1	Niobium phosphide (1/1); Niobium(III) phosphide
mp-9382	SrZrN2	4	GOOD		GOOD	1.149	TF32; 本計算 legacy(ctrl+GWinput) ~/bin2 → 追加の計算 TOML(05-11) ×1; χ0 T=0, Σ GaussSmear esmr=0.003 Ry							0.007	5.87	14.6	Strontium zirconium dinitride
mp-9383	SrHfN2	4	FAILED_MAY	5 月の失敗: NOGAP_GAP_COLLAPSED(LDA gap 0.17 eV, previous QSGW iteration 1.20 eV) / 回し直し(run1): CONVERGED 5 反復、ギャップ 1.198651 eV（LDA 0.170895）	FAILED		TF32; 本計算 legacy(ctrl+GWinput) ~/bin2 → 追加の計算 TOML(05-11) ×1; χ0 T=0, Σ GaussSmear esmr=0.003 Ry	run1	CONVERGED	5	1.198651	0.170895	fp32; 989a18637 (2026-09-29); POSCAR→vasp2ctrl→ctrlgenToml --ssig=0.8 (2026-09 の雛形); t_tetrakbt=300 t_sigmaw=300; LDA から; 最大 10 反復 (NaCoO2 20、金属 15)	0.031	8.45	14.4	Strontium hafnium dinitride
mp-973185	ScAgO2	4	GOOD		GOOD	3.516	TF32; 本計算 legacy(ctrl+GWinput) ~/bin2 → 追加の計算 TOML(05-11) ×1; χ0 T=0, Σ GaussSmear esmr=0.003 Ry							0.000	5.53	13.9	Silver(I) scandium(III) oxide
mp-978847	SrGaGeH	4	GOOD		GOOD	1.128	TF32; 本計算 legacy(ctrl+GWinput) ~/bin2 → 追加の計算 TOML(05-11) ×1; χ0 T=0, Σ GaussSmear esmr=0.003 Ry							0.000	5.00	19.2	Strontium gallium germanide hydride (1/1/1/1); Strontium gallium germanium hydride (1/1/1/1); Strontium gallium germaniu
mp-980057	SrAlGeH	4	GOOD		GOOD	1.440	TF32; 本計算 legacy(ctrl+GWinput) ~/bin2 → 追加の計算 TOML(05-11) ×1; χ0 T=0, Σ GaussSmear esmr=0.003 Ry							0.000	3.99	19.6	Strontium aluminium germanide deuteride (1/1/1/1)
mp-984	B2N2	4	GOOD		GOOD	6.543	TF32; 本計算 legacy(ctrl+GWinput) ~/bin2 → 追加の計算 TOML(05-11) ×1; χ0 T=0, Σ GaussSmear esmr=0.003 Ry							0.006	1.96	10.5	Boron nitride; Boron nitride - h, nanostructured; Boron nitride - LT; Boron nitride - h; Boron nitride - hexagonal
mp-9889	Ga2S2	4	NOTCONV_MAY	5 月は 10 反復で収束せず（最後の 3 反復の幅 0.1315 eV、履歴 2.8969, 2.8148, 2.6709, 2.8024, 2.7951） / 回し直し(run3): CONVERGED 5 反復、ギャップ 2.980352 eV（LDA 1.439901）、5 月との差 +0.19 eV	NOTCONV	2.795	TF32; 本計算 legacy(ctrl+GWinput) ~/bin2 → 追加の計算 TOML(05-11) ×1; χ0 T=0, Σ GaussSmear esmr=0.003 Ry	run3	CONVERGED	5	2.980352	1.439901	fp32; 989a18637 (2026-09-29); POSCAR→vasp2ctrl→ctrlgenToml --ssig=0.8 (2026-09 の雛形); t_tetrakbt=300 t_sigmaw=300; LDA から; 最大 10 反復 (NaCoO2 20、金属 15)	0.005	3.76	22.5	Gallium(II) sulfide - rhombohedral 3R
mp-999135	TaCuN2	4	GOOD		GOOD	1.020	TF32; 本計算 legacy(ctrl+GWinput) ~/bin2 → 追加の計算 TOML(05-11) ×1; χ0 T=0, Σ GaussSmear esmr=0.003 Ry							0.388	10.43	10.8	Copper tantalum dinitride
mp-999265	RbYS2	4	GOOD		GOOD	3.569	TF32; 本計算 legacy(ctrl+GWinput) ~/bin2 → 追加の計算 TOML(05-11) ×1; χ0 T=0, Σ GaussSmear esmr=0.003 Ry							0.000	3.61	27.4	Rubidium yttrium disulfide
mp-999448	NaYSe2	4	DRIFT_GOOD	5 月は収束の基準を満たしたが、最後の 3 反復が同じ向きに +0.10 eV 動いていた（履歴 3.1934, 3.0115, 3.0501, 3.1075）。回し直していない	GOOD	3.107	TF32; 本計算 legacy(ctrl+GWinput) ~/bin2 → 追加の計算 TOML(05-11) ×1; χ0 T=0, Σ GaussSmear esmr=0.003 Ry							0.000	4.40	25.5	Sodium yttrium selenide (1/1/2)
mp-999460	NaScS2	4	NOTCONV_MAY	5 月は 10 反復で収束せず（最後の 3 反復の幅 0.2816 eV、履歴 3.6025, 2.3776, 2.6084, 2.6808, 2.8900） / 回し直し(run3): CONVERGED 6 反復、ギャップ 3.412194 eV（LDA 1.508017）、5 月との差 +0.52 eV	NOTCONV	2.890	TF32; 本計算 legacy(ctrl+GWinput) ~/bin2 → 追加の計算 TOML(05-11) ×1; χ0 T=0, Σ GaussSmear esmr=0.003 Ry	run3	CONVERGED	6	3.412194	1.508017	fp32; 989a18637 (2026-09-29); POSCAR→vasp2ctrl→ctrlgenToml --ssig=0.8 (2026-09 の雛形); t_tetrakbt=300 t_sigmaw=300; LDA から; 最大 10 反復 (NaCoO2 20、金属 15)	0.000	2.73	20.0	Sodium scandium sulfide (1/1/2)
mp-1017439	SrSiO3	5	GOOD		GOOD	4.766	TF32; 本計算 legacy(ctrl+GWinput) ~/bin2 → 追加の計算 TOML(05-11) ×2 → 最初から REDO(TOML); χ0 T=0, Σ GaussSmear esmr=0.003 Ry							0.324	5.37	10.1	Strontium silicate - HP; High pressure experimental phase
mp-10175	KCdF3	5	GOOD		GOOD	6.899	TF32; 本計算 legacy(ctrl+GWinput) ~/bin2 → 追加の計算 TOML(05-11) ×2 → 最初から REDO(TOML); χ0 T=0, Σ GaussSmear esmr=0.003 Ry							0.026	4.11	16.8	Potassium trifluorocadmate - HT
mp-1017548	CaBe2P2	5	GOOD		GOOD	1.663	TF32; 本計算 legacy(ctrl+GWinput) ~/bin2 → 追加の計算 TOML(05-11) ×2 → 最初から REDO(TOML); χ0 T=0, Σ GaussSmear esmr=0.003 Ry							0.000	2.48	16.1	Calcium beryllium phosphide (1/2/2)
mp-1017552	Bi2O3	5	GOOD		GOOD	1.866	TF32; 本計算 legacy(ctrl+GWinput) ~/bin2 → 追加の計算 TOML(05-11) ×2 → 最初から REDO(TOML); χ0 T=0, Σ GaussSmear esmr=0.003 Ry							0.085	10.15	15.2	Dibismuth trioxide
mp-1017565	In2Se3	5	GOOD		GOOD	0.935	TF32; 本計算 legacy(ctrl+GWinput) ~/bin2 → 追加の計算 TOML(05-11) ×1; χ0 T=0, Σ GaussSmear esmr=0.003 Ry							0.038	5.74	27.0	Indium(III) selenide (2/3)
mp-1017567	Hf2SN2	5	GOOD		GOOD	2.079	TF32; 本計算 legacy(ctrl+GWinput) ~/bin2 → 追加の計算 TOML(05-11) ×1; χ0 T=0, Σ GaussSmear esmr=0.003 Ry							0.000	9.81	14.1	Hafnium nitride sulfide (2/2/1) - beta
mp-1017628	MgBe2P2	5	GOOD		GOOD	1.736	TF32; 本計算 legacy(ctrl+GWinput) ~/bin2 → 追加の計算 TOML(05-11) ×2 → 最初から REDO(TOML); χ0 T=0, Σ GaussSmear esmr=0.003 Ry							0.000	2.42	14.3	Magnesium beryllium phosphide (1/2/2)
mp-1018630	CaBe2As2	5	GOOD		GOOD	1.488	TF32; 本計算 legacy(ctrl+GWinput) ~/bin2 → 追加の計算 TOML(05-11) ×2 → 最初から REDO(TOML); χ0 T=0, Σ GaussSmear esmr=0.003 Ry							0.000	3.90	17.7	Calcium beryllium arsenide (1/2/2)
mp-10250	BaLiF3	5	NOTCONV_MAY	5 月は 10 反復で収束せず（最後の 3 反復の幅 0.3028 eV、履歴 11.5070, 11.1200, 10.8117, 11.1145, 11.0945） / 回し直し(run3): CONVERGED 6 反復、ギャップ 10.862510 eV（LDA 6.619731）、5 月との差 -0.23 eV	NOTCONV	11.094	TF32; 本計算 legacy(ctrl+GWinput) ~/bin2 → 追加の計算 TOML(05-11) ×1; χ0 T=0, Σ GaussSmear esmr=0.003 Ry	run3	CONVERGED	6	10.862510	6.619731	fp32; 989a18637 (2026-09-29); POSCAR→vasp2ctrl→ctrlgenToml --ssig=0.8 (2026-09 の雛形); t_tetrakbt=300 t_sigmaw=300; LDA から; 最大 10 反復 (NaCoO2 20、金属 15)	0.022	5.27	12.7	Lithium barium fluoride
mp-10408	K2CN2	5	GOOD		GOOD	5.608	TF32; 本計算 legacy(ctrl+GWinput) ~/bin2 → 追加の計算 TOML(05-11) ×2 → 最初から REDO(TOML); χ0 T=0, Σ GaussSmear esmr=0.003 Ry							0.000	2.19	17.9	Dipotassium cyanamide
mp-10437	BaCu2Se2	5	GOOD		GOOD	1.322	TF32; 本計算 legacy(ctrl+GWinput) ~/bin2 → 追加の計算 TOML(05-11) ×2 → 最初から REDO(TOML); χ0 T=0, Σ GaussSmear esmr=0.003 Ry							0.037	6.41	21.9	Barium dicopper(I) selenide - beta - HT
mp-10550	SrMg2N2	5	GOOD		GOOD	2.957	TF32; 本計算 legacy(ctrl+GWinput) ~/bin2 → 追加の計算 TOML(05-11) ×2 → 最初から REDO(TOML); χ0 T=0, Σ GaussSmear esmr=0.003 Ry							0.000	3.71	14.7	Strontium dimagnesium nitride
mp-1068011	SrAlH3	5	GOOD		GOOD	1.197	TF32; 本計算 legacy(ctrl+GWinput) ~/bin2 → 追加の計算 TOML(05-11) ×2 → 最初から REDO(TOML); χ0 T=0, Σ GaussSmear esmr=0.003 Ry							0.699	2.03	19.3	Strontium aluminium trihydride
mp-1068340	CsGeBr3	5	GOOD		GOOD	2.559	TF32; 本計算 legacy(ctrl+GWinput) ~/bin2 → 追加の計算 TOML(05-11) ×2 → 最初から REDO(TOML); χ0 T=0, Σ GaussSmear esmr=0.003 Ry							0.000	4.06	36.4	Cesium tribromogermanate(II); Cesium tribromogermanate(II) - LT; High pressure experimental phase
mp-1068577	ZrPbO3	5	FAILED_MAY	5 月の失敗: NOGAP_GAP_COLLAPSED(LDA gap 2.18 eV, previous QSGW iteration 0.98 eV) / 回し直し(run1): CONVERGED 5 反復、ギャップ 3.434653 eV（LDA 2.178316）	FAILED		TF32; 本計算 legacy(ctrl+GWinput) ~/bin2 → 追加の計算 TOML(05-11) ×2 → 最初から REDO(TOML); χ0 T=0, Σ GaussSmear esmr=0.003 Ry	run1	CONVERGED	5	3.434653	2.178316	fp32; 989a18637 (2026-09-29); POSCAR→vasp2ctrl→ctrlgenToml --ssig=0.8 (2026-09 の雛形); t_tetrakbt=300 t_sigmaw=300; LDA から; 最大 10 反復 (NaCoO2 20、金属 15)	0.082	7.72	14.9	Lead zirconium oxide (1/1/3); Lead zirconate
mp-1068813	K2Te2Pd	5	GOOD		GOOD	1.589	TF32; 本計算 legacy(ctrl+GWinput) ~/bin2 → 追加の計算 TOML(05-11) ×2 → 最初から REDO(TOML); χ0 T=0, Σ GaussSmear esmr=0.003 Ry							0.153	3.78	38.6	Potassium palladium telluride (2/1/2)
mp-1068941	K2PdS2	5	GOOD		GOOD	2.621	TF32; 本計算 legacy(ctrl+GWinput) ~/bin2 → 追加の計算 TOML(05-11) ×2 → 最初から REDO(TOML); χ0 T=0, Σ GaussSmear esmr=0.003 Ry							0.000	3.41	24.2	K2PtS2; Potassium palladium sulfide (2/1/2); powder (determination of cell parameters); K2PdS2
mp-1068977	K2PdC2	5	GOOD		GOOD	2.859	TF32; 本計算 legacy(ctrl+GWinput) ~/bin2 → 追加の計算 TOML(05-11) ×2 → 最初から REDO(TOML); χ0 T=0, Σ GaussSmear esmr=0.003 Ry							0.000	2.90	23.9	Dipotassium palladium acetylide
mp-1069193	PdN2Cl2	5	GOOD		GOOD	1.229	TF32; 本計算 legacy(ctrl+GWinput) ~/bin2 → 追加の計算 TOML(05-11) ×2 → 最初から REDO(TOML); χ0 T=0, Σ GaussSmear esmr=0.003 Ry							1.366	2.80	24.3	sample prepared from Pd[NH3]2C2O4, HCl, chemical analysis; 50.52 at.% Pd, 33.40 at.% Cl, powder (determination of cell a
mp-1069533	Hf2SN2	5	GOOD		GOOD	3.246	TF32; 本計算 legacy(ctrl+GWinput) ~/bin2 → 追加の計算 TOML(05-11) ×2 → 最初から REDO(TOML); χ0 T=0, Σ GaussSmear esmr=0.003 Ry							0.021	8.51	16.3	Hafnium nitride sulfide (2/2/1) - alpha
mp-1069538	CsPbI3	5	GOOD		GOOD	2.287	TF32; 本計算 legacy(ctrl+GWinput) ~/bin2 → 追加の計算 TOML(05-11) ×2 → 最初から REDO(TOML); χ0 T=0, Σ GaussSmear esmr=0.003 Ry							0.025	4.84	49.4	Cesium lead triiodide; Cesium triiodoplumbate - HT
mp-1069695	SrMg2Bi2	5	GOOD		GOOD	1.340	TF32; 本計算 legacy(ctrl+GWinput) ~/bin2 → 追加の計算 TOML(05-11) ×2 → 最初から REDO(TOML); χ0 T=0, Σ GaussSmear esmr=0.003 Ry							0.000	5.71	32.3	Magnesium strontium bismuthide (2/1/2); Ce2SO2; SrMg2Bi2; sample prepared from Sr, Mg, Bi, single crystal (determination
mp-1069706	K2PdSe2	5	GOOD		GOOD	2.048	TF32; 本計算 legacy(ctrl+GWinput) ~/bin2 → 追加の計算 TOML(05-11) ×2 → 最初から REDO(TOML); χ0 T=0, Σ GaussSmear esmr=0.003 Ry							0.000	4.19	27.1	Potassium palladium selenide (2/1/2); K2PtS2; powder (determination of cell parameters); K2PdSe2
mp-1069771	Rb2PdSe2	5	GOOD		GOOD	2.188	TF32; 本計算 legacy(ctrl+GWinput) ~/bin2 → 追加の計算 TOML(05-11) ×2 → 最初から REDO(TOML); χ0 T=0, Σ GaussSmear esmr=0.003 Ry							0.000	4.88	29.6	Rubidium palladium selenide (2/1/2); Rb2PdSe2; K2PtS2; powder (determination of cell parameters)
mp-1069819	SnN2F2	5	GOOD		GOOD	3.609	TF32; 本計算 legacy(ctrl+GWinput) ~/bin2 → 追加の計算 TOML(05-11) ×2 → 最初から REDO(TOML); χ0 T=0, Σ GaussSmear esmr=0.003 Ry							0.459	3.74	16.4	Sn[NH2]2F2; sample prepared from Sn[NH3]2F4, powder (determination of cell and structural parameters); Diamidodifluoroti
mp-1070099	CaGa2As2	5	GOOD		GOOD	0.375	TF32; 本計算 legacy(ctrl+GWinput) ~/bin2 → 追加の計算 TOML(05-11) ×2; χ0 T=0, Σ GaussSmear esmr=0.003 Ry							0.000	4.76	23.0	Calcium gallium arsenide (1/2/2)
mp-1070356	Rb2Te2Pd	5	GOOD		GOOD	1.408	TF32; 本計算 legacy(ctrl+GWinput) ~/bin2 → 追加の計算 TOML(05-11) ×2 → 最初から REDO(TOML); χ0 T=0, Σ GaussSmear esmr=0.003 Ry							0.063	4.96	35.7	K2PtS2; Rb2PdTe2; Rubidium palladium telluride (2/1/2); powder (determination of cell parameters)
mp-1070375	CsSnCl3	5	GOOD		GOOD	1.994	TF32; 本計算 legacy(ctrl+GWinput) ~/bin2 → 追加の計算 TOML(05-11) ×2; χ0 T=0, Σ GaussSmear esmr=0.003 Ry							0.023	3.45	34.5	Cesium tin chloride
mp-1070498	Rb2Te2Pt	5	GOOD		GOOD	2.093	TF32; 本計算 legacy(ctrl+GWinput) ~/bin2 → 追加の計算 TOML(05-11) ×2; χ0 T=0, Σ GaussSmear esmr=0.003 Ry							0.037	5.82	35.5	Rubidium platinum telluride (2/1/2); K2PtS2; Rb2PtTe2; powder (determination of cell parameters)
mp-10918	Rb2PdC2	5	GOOD		GOOD	2.901	TF32; 本計算 legacy(ctrl+GWinput) ~/bin2 → 追加の計算 TOML(05-11) ×1; χ0 T=0, Σ GaussSmear esmr=0.003 Ry							0.056	3.77	26.5	Rubidium palladium carbide (2/1/2)
mp-10919	Rb2PtC2	5	GOOD		GOOD	2.359	TF32; 本計算 legacy(ctrl+GWinput) ~/bin2 → 追加の計算 TOML(05-11) ×1; χ0 T=0, Σ GaussSmear esmr=0.003 Ry							0.000	4.92	26.3	Rubidium platinum carbide (2/1/2)
mp-11824	Ca3PN	5	GOOD		GOOD	1.902	TF32; 本計算 legacy(ctrl+GWinput) ~/bin2 → 追加の計算 TOML(05-11) ×1; χ0 T=0, Σ GaussSmear esmr=0.003 Ry							0.000	2.62	20.9	Calcium nitride phosphide (3/1/1) - substructure
mp-11917	MgBe2N2	5	GOOD		GOOD	5.874	TF32; 本計算 legacy(ctrl+GWinput) ~/bin2 → 追加の計算 TOML(05-11) ×1; χ0 T=0, Σ GaussSmear esmr=0.003 Ry							0.000	3.08	7.6	Magnesium dinitridodiberyllate
mp-1201	Sb2Te3	5	GOOD		GOOD	0.502	TF32; 本計算 legacy(ctrl+GWinput) ~/bin2 → 追加の計算 TOML(05-11) ×1; χ0 T=0, Σ GaussSmear esmr=0.003 Ry							0.000	6.12	34.0	Antimony sesquitelluride; Antimony telluride (2/3); Diantimony tritelluride; Tellurantimony; Antimony tellurium (3/4.5);
mp-12725	NbAgO3	5	FAILED_MAY	5 月の失敗: NOGAP_GAP_COLLAPSED(LDA gap 1.09 eV) / 回し直し(run1): CONVERGED 6 反復、ギャップ 2.442575 eV（LDA 1.094585）	FAILED		TF32; 本計算 legacy(ctrl+GWinput) ~/bin2 → 追加の計算 TOML(05-11) ×1; χ0 T=0, Σ GaussSmear esmr=0.003 Ry	run1	CONVERGED	6	2.442575	1.094585	fp32; 989a18637 (2026-09-29); POSCAR→vasp2ctrl→ctrlgenToml --ssig=0.8 (2026-09 の雛形); t_tetrakbt=300 t_sigmaw=300; LDA から; 最大 10 反復 (NaCoO2 20、金属 15)	0.092	6.34	13.0	Silver niobate - O
mp-13146	Ca3N2	5	GOOD		GOOD	2.400	TF32; 本計算 legacy(ctrl+GWinput) ~/bin2 → 追加の計算 TOML(05-11) ×1; χ0 T=0, Σ GaussSmear esmr=0.003 Ry							0.093	2.76	17.8	High pressure experimental phase; Tricalcium nitride - epsilon, hypothetical; Tricalcium nitride - anti-A type
mp-14099	ZnAgF3	5	FAILED_MAY	5 月の失敗: NOGAP_GAP_COLLAPSED(LDA gap 1.45 eV) / 回し直し(run1): CONVERGED 6 反復、ギャップ 5.471937 eV（LDA 1.448655）	FAILED		TF32; 本計算 legacy(ctrl+GWinput) ~/bin2 → 追加の計算 TOML(05-11) ×1; χ0 T=0, Σ GaussSmear esmr=0.003 Ry	run1	CONVERGED	6	5.471937	1.448655	fp32; 989a18637 (2026-09-29); POSCAR→vasp2ctrl→ctrlgenToml --ssig=0.8 (2026-09 の雛形); t_tetrakbt=300 t_sigmaw=300; LDA から; 最大 10 反復 (NaCoO2 20、金属 15)	0.054	5.66	13.5	Silver zinc fluoride
mp-1818	SiF4	5	GOOD		GOOD	13.021	TF32; 本計算 legacy(ctrl+GWinput) ~/bin2 → 追加の計算 TOML(05-11) ×1; χ0 T=0, Σ GaussSmear esmr=0.003 Ry							0.000	2.34	14.7	Silicon tetrafluoride; Silicon fluoride
mp-19183	Li2NiO2	5	NOTCONV_MAY	5 月は 10 反復で収束せず（最後の 3 反復の幅 0.1617 eV、履歴 3.0354, 4.2034, 3.8744, 3.9458, 3.7841） / 回し直し(run3): CONVERGED 6 反復、ギャップ 2.783714 eV（LDA 0.247265）、5 月との差 -1.00 eV	NOTCONV	3.784	TF32; 本計算 legacy(ctrl+GWinput) ~/bin2 → 追加の計算 TOML(05-11) ×1; χ0 T=0, Σ GaussSmear esmr=0.003 Ry	run3	CONVERGED	6	2.783714	0.247265	fp32; 989a18637 (2026-09-29); POSCAR→vasp2ctrl→ctrlgenToml --ssig=0.8 (2026-09 の雛形); t_tetrakbt=300 t_sigmaw=300; LDA から; 最大 10 反復 (NaCoO2 20、金属 15)	0.093	3.58	9.7	Lithium dioxoniccolate
mp-19845	TiPbO3	5	GOOD		GOOD	2.722	TF32; 本計算 legacy(ctrl+GWinput) ~/bin2 → 追加の計算 TOML(05-11) ×1; χ0 T=0, Σ GaussSmear esmr=0.003 Ry							0.041	8.05	12.5	Macedonite; Lead titanate - HT; Lead titanate - HP; Lead titanium trioxide; Lead titanate; Lead titanate  - HT paraelect
mp-20337	ZrPbO3	5	GOOD		GOOD	3.964	TF32; 本計算 legacy(ctrl+GWinput) ~/bin2 → 追加の計算 TOML(05-11) ×1; χ0 T=0, Σ GaussSmear esmr=0.003 Ry							0.033	7.53	15.3	Lead zirconate
mp-20459	TiPbO3	5	GOOD		GOOD	3.221	TF32; 本計算 legacy(ctrl+GWinput) ~/bin2 → 追加の計算 TOML(05-11) ×1; χ0 T=0, Σ GaussSmear esmr=0.003 Ry							0.000	7.80	12.9	Macedonite; Lead scandium niobium titanium oxide (1/0.37/0.37/0.26/3); Lead titanate - NP; Lead titanate; High pressure 
mp-21043	RbPbF3	5	GOOD		GOOD	5.717	TF32; 本計算 legacy(ctrl+GWinput) ~/bin2 → 追加の計算 TOML(05-11) ×1; χ0 T=0, Σ GaussSmear esmr=0.003 Ry							0.041	5.05	23.0	Rubidium lead fluoride
mp-22313	Na2PtO2	5	GOOD		GOOD	3.806	TF32; 本計算 legacy(ctrl+GWinput) ~/bin2 → 追加の計算 TOML(05-11) ×1; χ0 T=0, Σ GaussSmear esmr=0.003 Ry							0.000	6.72	13.5	Sodium dioxoplatinate(II)
mp-22535	HfPbO3	5	FAILED_MAY	5 月の失敗: PROD_NaN_lqpe / 回し直し(run1): CONVERGED 5 反復、ギャップ 3.583439 eV（LDA 2.306512）	FAILED		TF32; 本計算 TOML(ctrlG+PB) ~/bin2; χ0 T=0, Σ GaussSmear esmr=0.003 Ry	run1	CONVERGED	5	3.583439	2.306512	fp32; 989a18637 (2026-09-29); POSCAR→vasp2ctrl→ctrlgenToml --ssig=0.8 (2026-09 の雛形); t_tetrakbt=300 t_sigmaw=300; LDA から; 最大 10 反復 (NaCoO2 20、金属 15)	0.041	10.04	14.4	Lead hafnate - HT
mp-22958	KBrO3	5	GOOD		GOOD	6.975	TF32; 本計算 legacy(ctrl+GWinput) ~/bin2 → 追加の計算 TOML(05-11) ×1; χ0 T=0, Σ GaussSmear esmr=0.003 Ry							0.000	3.30	16.8	Potassium bromate; Potassium bromate(V)
mp-22981	TlIO3	5	FAILED_MAY	5 月の失敗: PROD_NaN_lqpe / 回し直し(run1): CONVERGED 5 反復、ギャップ 4.499910 eV（LDA 2.703091）	FAILED		TF32; 本計算 TOML(ctrlG+PB) ~/bin2; χ0 T=0, Σ GaussSmear esmr=0.003 Ry	run1	CONVERGED	5	4.499910	2.703091	fp32; 989a18637 (2026-09-29); POSCAR→vasp2ctrl→ctrlgenToml --ssig=0.8 (2026-09 の雛形); t_tetrakbt=300 t_sigmaw=300; LDA から; 最大 10 反復 (NaCoO2 20、金属 15)	0.000	6.90	18.3	Thallium(I) iodate
mp-22988	CsGeCl3	5	GOOD		GOOD	3.844	TF32; 本計算 legacy(ctrl+GWinput) ~/bin2 → 追加の計算 TOML(05-11) ×1; χ0 T=0, Σ GaussSmear esmr=0.003 Ry							0.000	3.18	32.6	Cesium trichlorogermanate(II) - LT; Cesium trichlorogermanate(II); Cesium trichlorogermanate(II) - II
mp-22995	Ag3SI	5	GOOD		GOOD	1.534	TF32; 本計算 legacy(ctrl+GWinput) ~/bin2 → 追加の計算 TOML(05-11) ×1; χ0 T=0, Σ GaussSmear esmr=0.003 Ry							0.067	6.58	24.4	Trisilver sulfide iodide - gamma; Trisilver iodide sulfide - gamma, LT
mp-23011	RbClO3	5	FAILED_MAY	5 月の失敗: NOGAP_GAP_COLLAPSED(LDA gap 5.16 eV) / 回し直し(run1): CONVERGED 6 反復、ギャップ 8.810958 eV（LDA 5.161027）	FAILED		TF32; 本計算 legacy(ctrl+GWinput) ~/bin2 → 追加の計算 TOML(05-11) ×1; χ0 T=0, Σ GaussSmear esmr=0.003 Ry	run1	CONVERGED	6	8.810958	5.161027	fp32; 989a18637 (2026-09-29); POSCAR→vasp2ctrl→ctrlgenToml --ssig=0.8 (2026-09 の雛形); t_tetrakbt=300 t_sigmaw=300; LDA から; 最大 10 反復 (NaCoO2 20、金属 15)	0.065	2.93	19.1	Rubidium chlorate(V)
mp-23037	CsPbCl3	5	DRIFT_GOOD	5 月は収束の基準を満たしたが、最後の 3 反復が同じ向きに -0.08 eV 動いていた（履歴 3.7059, 3.8536, 3.8032, 3.7692）。回し直していない	GOOD	3.769	TF32; 本計算 legacy(ctrl+GWinput) ~/bin2 → 追加の計算 TOML(05-11) ×1; χ0 T=0, Σ GaussSmear esmr=0.003 Ry							0.013	4.05	36.6	Cesium lead trichloride; Cesium lead chloride; Cesium lead(II) trichloride; High pressure experimental phase
mp-23737	KMgH3	5	GOOD		GOOD	5.292	TF32; 本計算 legacy(ctrl+GWinput) ~/bin2 → 追加の計算 TOML(05-11) ×1; χ0 T=0, Σ GaussSmear esmr=0.003 Ry							0.000	1.74	12.7	Potassium magnesium hydride; Potassium magnesium trihydride - unstable I; Potassium magnesium trihydride - stable
mp-23818	BaLiH3	5	GOOD		GOOD	4.329	TF32; 本計算 legacy(ctrl+GWinput) ~/bin2 → 追加の計算 TOML(05-11) ×1; χ0 T=0, Σ GaussSmear esmr=0.003 Ry							0.000	3.79	12.9	Lithium barium trihydride; Barium lithium trideuteride
mp-23879	CaH2O2	5	GOOD		GOOD	7.330	TF32; 本計算 legacy(ctrl+GWinput) ~/bin2 → 追加の計算 TOML(05-11) ×1; χ0 T=0, Σ GaussSmear esmr=0.003 Ry							0.000	2.30	10.7	Calcium dihydroxide; Calcium hydroxide; Portlandite; Calcium hydroxide - after cooling from 220C
mp-23949	RbCaH3	5	GOOD		GOOD	6.243	TF32; 本計算 legacy(ctrl+GWinput) ~/bin2 → 追加の計算 TOML(05-11) ×1; χ0 T=0, Σ GaussSmear esmr=0.003 Ry							0.018	2.31	18.5	Rubidium calcium deuteride; Rubidium calcium hydride; Rubidium calcium trihydride
mp-24419	SrLiH3	5	GOOD		GOOD	4.354	TF32; 本計算 legacy(ctrl+GWinput) ~/bin2 → 追加の計算 TOML(05-11) ×1; χ0 T=0, Σ GaussSmear esmr=0.003 Ry							0.458	1.63	19.9	Lithium strontium hydride
mp-2646	Mg3Sb2	5	GOOD		GOOD	0.855	TF32; 本計算 legacy(ctrl+GWinput) ~/bin2 → 追加の計算 TOML(05-11) ×1; χ0 T=0, Σ GaussSmear esmr=0.003 Ry							0.007	4.01	26.2	Trimagnesium diantimonide - hexagonal; Magnesium antimonide; Magnesium antimonide (3/2); Magnesium antimonide (3/2) - al
mp-2706	SnF4	5	DRIFT_GOOD	5 月は収束の基準を満たしたが、最後の 3 反復が同じ向きに -0.09 eV 動いていた（履歴 7.1396, 7.5076, 7.3936, 7.3069, 7.3051）。回し直していない	GOOD	7.305	TF32; 本計算 legacy(ctrl+GWinput) ~/bin2 → 追加の計算 TOML(05-11) ×1; χ0 T=0, Σ GaussSmear esmr=0.003 Ry							0.000	5.00	12.9	Tin(IV) fluoride
mp-27193	RbIO3	5	GOOD		GOOD	4.955	TF32; 本計算 legacy(ctrl+GWinput) ~/bin2 → 追加の計算 TOML(05-11) ×1; χ0 T=0, Σ GaussSmear esmr=0.003 Ry							0.000	4.68	18.5	Rubidium iodate(V) - alpha
mp-27214	CsSnBr3	5	GOOD		GOOD	1.473	TF32; 本計算 legacy(ctrl+GWinput) ~/bin2 → 追加の計算 TOML(05-11) ×1; χ0 T=0, Σ GaussSmear esmr=0.003 Ry							0.011	4.10	39.8	Cesium tribromostannate(II)
mp-27710	CrB4	5	UNKNOWN_MAY	5 月: NOGAP_METAL_IN_LDA_TOO（金属・半金属。gwscconv がギャップを読めず止まった） / 回し直し(run2m): CONVERGED_METAL 5 反復、ギャップ none eV（LDA none）	UNKNOWN		TF32; 本計算 legacy(ctrl+GWinput) ~/bin2 → 追加の計算 TOML(05-11) ×1; χ0 T=0, Σ GaussSmear esmr=0.003 Ry	run2m	CONVERGED_METAL	5	none	none	fp32; 989a18637 (2026-09-29); POSCAR→vasp2ctrl→ctrlgenToml --ssig=0.8 (2026-09 の雛形); t_tetrakbt=300 t_sigmaw=300; LDA から; 最大 10 反復 (NaCoO2 20、金属 15)	0.009	4.30	7.4	Chromium tetraboride; Chromium boride (1/4)
mp-27910	Bi2Te2S	5	GOOD		GOOD	0.819	TF32; 本計算 legacy(ctrl+GWinput) ~/bin2 → 追加の計算 TOML(05-11) ×1; χ0 T=0, Σ GaussSmear esmr=0.003 Ry							0.000	7.09	33.0	Dibismuth ditelluride sulfide; Tetradymite
mp-27962	CI4	5	NOTCONV_MAY	5 月は 10 反復で収束せず（最後の 3 反復の幅 0.1763 eV、履歴 3.2155, 3.4407, 3.5269, 3.3775, 3.3506） / 回し直し(run3): CONVERGED 6 反復、ギャップ 3.277974 eV（LDA 1.022817）、5 月との差 -0.07 eV	NOTCONV	3.351	TF32; 本計算 legacy(ctrl+GWinput) ~/bin2 → 追加の計算 TOML(05-11) ×1; χ0 T=0, Σ GaussSmear esmr=0.003 Ry	run3	CONVERGED	6	3.277974	1.022817	fp32; 989a18637 (2026-09-29); POSCAR→vasp2ctrl→ctrlgenToml --ssig=0.8 (2026-09 の雛形); t_tetrakbt=300 t_sigmaw=300; LDA から; 最大 10 反復 (NaCoO2 20、金属 15)	0.229	3.93	44.0	Tetraiodomethane
mp-28166	K3BrO	5	GOOD		GOOD	3.219	TF32; 本計算 legacy(ctrl+GWinput) ~/bin2 → 追加の計算 TOML(05-11) ×1; χ0 T=0, Σ GaussSmear esmr=0.003 Ry							0.090	2.53	28.0	Tripotassium bromide oxide
mp-28171	K3IO	5	GOOD		GOOD	3.167	TF32; 本計算 legacy(ctrl+GWinput) ~/bin2 → 追加の計算 TOML(05-11) ×1; χ0 T=0, Σ GaussSmear esmr=0.003 Ry							0.038	2.91	29.7	Potassium oxide iodide
mp-28377	CsGeI3	5	GOOD		GOOD	1.963	TF32; 本計算 legacy(ctrl+GWinput) ~/bin2 → 追加の計算 TOML(05-11) ×1; χ0 T=0, Σ GaussSmear esmr=0.003 Ry							0.000	4.33	45.0	Cesium triiodogermanate(II) - LT
mp-28593	Li3BrO	5	NOTCONV_MAY	5 月は 10 反復で収束せず（最後の 3 反復の幅 0.1752 eV、履歴 7.8578, 7.2093, 7.1666, 6.9913, 7.0322） / 回し直し(run3): CONVERGED 5 反復、ギャップ 7.160383 eV（LDA 4.518465）、5 月との差 +0.13 eV	NOTCONV	7.032	TF32; 本計算 legacy(ctrl+GWinput) ~/bin2 → 追加の計算 TOML(05-11) ×1; χ0 T=0, Σ GaussSmear esmr=0.003 Ry	run3	CONVERGED	5	7.160383	4.518465	fp32; 989a18637 (2026-09-29); POSCAR→vasp2ctrl→ctrlgenToml --ssig=0.8 (2026-09 の雛形); t_tetrakbt=300 t_sigmaw=300; LDA から; 最大 10 反復 (NaCoO2 20、金属 15)	0.144	3.15	12.3	Lithium oxide bromide
mp-28602	Na3ClO	5	GOOD		GOOD	5.014	TF32; 本計算 legacy(ctrl+GWinput) ~/bin2 → 追加の計算 TOML(05-11) ×1; χ0 T=0, Σ GaussSmear esmr=0.003 Ry							0.121	2.26	17.7	Sodium oxide chloride
mp-28872	RbBrO3	5	GOOD		GOOD	6.920	TF32; 本計算 legacy(ctrl+GWinput) ~/bin2 → 追加の計算 TOML(05-11) ×1; χ0 T=0, Σ GaussSmear esmr=0.003 Ry							0.000	3.98	17.8	Rubidium bromate(V)
mp-28873	CsBrO3	5	NOTCONV_MAY	5 月は 10 反復で収束せず（最後の 3 反復の幅 1.1443 eV、履歴 3.4566, 0.3840, 5.7697, 6.1218, 4.9775） / 回し直し(run3): CONVERGED 6 反復、ギャップ 7.058765 eV（LDA 4.023388）、5 月との差 +2.08 eV	NOTCONV	4.978	TF32; 本計算 legacy(ctrl+GWinput) ~/bin2 → 追加の計算 TOML(05-11) ×1; χ0 T=0, Σ GaussSmear esmr=0.003 Ry	run3	CONVERGED	6	7.058765	4.023388	fp32; 989a18637 (2026-09-29); POSCAR→vasp2ctrl→ctrlgenToml --ssig=0.8 (2026-09 の雛形); t_tetrakbt=300 t_sigmaw=300; LDA から; 最大 10 反復 (NaCoO2 20、金属 15)	0.000	4.34	20.0	Cesium bromate(V)
mp-29208	CaMg2Bi2	5	GOOD		GOOD	1.288	TF32; 本計算 legacy(ctrl+GWinput) ~/bin2 → 追加の計算 TOML(05-11) ×1; χ0 T=0, Σ GaussSmear esmr=0.003 Ry							0.000	5.55	30.3	Bismuth calcium magnesium (2/1/2); Calcium magnesium bismuth (1/2/2)
mp-29209	BaMg2Bi2	5	GOOD		GOOD	1.252	TF32; 本計算 legacy(ctrl+GWinput) ~/bin2 → 追加の計算 TOML(05-11) ×1; χ0 T=0, Σ GaussSmear esmr=0.003 Ry							0.000	5.79	34.6	Barium magnesium bismuth (1/2/2)
mp-29666	Bi2Te2Se	5	GOOD		GOOD	0.786	TF32; 本計算 legacy(ctrl+GWinput) ~/bin2 → 追加の計算 TOML(05-11) ×1; χ0 T=0, Σ GaussSmear esmr=0.003 Ry							0.000	7.29	34.2	Kawazulite; Dibismuth selenide ditelluride
mp-29738	TlClO3	5	FAILED_MAY	5 月の失敗: PROD_bmix_min / 回し直し(run1): CONVERGED 6 反復、ギャップ 6.817851 eV（LDA 4.127036）	FAILED		TF32; 本計算 TOML(ctrlG+PB) ~/bin2; χ0 T=0, Σ GaussSmear esmr=0.003 Ry	run1	CONVERGED	6	6.817851	4.127036	fp32; 989a18637 (2026-09-29); POSCAR→vasp2ctrl→ctrlgenToml --ssig=0.8 (2026-09 の雛形); t_tetrakbt=300 t_sigmaw=300; LDA から; 最大 10 反復 (NaCoO2 20、金属 15)	0.062	5.07	18.8	Thallium chlorate(V)
mp-29798	TlBrO3	5	FAILED_MAY	5 月の失敗: PROD_NaN_lqpe / 回し直し(run1): CONVERGED 5 反復、ギャップ 5.683209 eV（LDA 3.387881）	FAILED		TF32; 本計算 TOML(ctrlG+PB) ~/bin2; χ0 T=0, Σ GaussSmear esmr=0.003 Ry	run1	CONVERGED	5	5.683209	3.387881	fp32; 989a18637 (2026-09-29); POSCAR→vasp2ctrl→ctrlgenToml --ssig=0.8 (2026-09 の雛形); t_tetrakbt=300 t_sigmaw=300; LDA から; 最大 10 反復 (NaCoO2 20、金属 15)	0.007	6.27	17.6	Thallium bromate(V)
mp-30055	Rb3BrO	5	GOOD		GOOD	2.580	TF32; 本計算 legacy(ctrl+GWinput) ~/bin2 → 追加の計算 TOML(05-11) ×1; χ0 T=0, Σ GaussSmear esmr=0.003 Ry							0.098	3.56	32.9	Trirubidium bromide oxide
mp-30056	CsCaBr3	5	GOOD		GOOD	6.979	TF32; 本計算 legacy(ctrl+GWinput) ~/bin2 → 追加の計算 TOML(05-11) ×1; χ0 T=0, Σ GaussSmear esmr=0.003 Ry							0.000	3.68	37.2	Cesium calcium bromide
mp-30247	MgH2O2	5	NOTCONV_MAY	5 月は 10 反復で収束せず（最後の 3 反復の幅 0.2228 eV、履歴 8.4924, 8.1004, 7.8063, 8.0291, 8.0207） / 回し直し(run3): CONVERGED 6 反復、ギャップ 8.151312 eV（LDA 4.319961）、5 月との差 +0.13 eV	NOTCONV	8.021	TF32; 本計算 legacy(ctrl+GWinput) ~/bin2 → 追加の計算 TOML(05-11) ×1; χ0 T=0, Σ GaussSmear esmr=0.003 Ry	run3	CONVERGED	6	8.151312	4.319961	fp32; 989a18637 (2026-09-29); POSCAR→vasp2ctrl→ctrlgenToml --ssig=0.8 (2026-09 の雛形); t_tetrakbt=300 t_sigmaw=300; LDA から; 最大 10 反復 (NaCoO2 20、金属 15)	0.000	2.46	7.9	Brucite (deuterated); Magnesium dihydroxide; Magnesium bis(deuteriooxide); Magnesium hydroxide; Magnesium dideuteriooxid
mp-31149	Ca3BiN	5	GOOD		GOOD	1.295	TF32; 本計算 legacy(ctrl+GWinput) ~/bin2 → 追加の計算 TOML(05-11) ×1; χ0 T=0, Σ GaussSmear esmr=0.003 Ry							0.000	4.84	23.5	Calcium bismuthide nitride (3/1/1)
mp-3136	NaNbO3	5	GOOD		GOOD	2.836	TF32; 本計算 legacy(ctrl+GWinput) ~/bin2 → 追加の計算 TOML(05-11) ×1; χ0 T=0, Σ GaussSmear esmr=0.003 Ry							0.044	4.22	12.9	Lueshite high; Lueshite low; Lueshite intermediate; Natroniobite; Sodium niobate; Lueshite; Sodium niobate - HT; Sodium 
mp-31406	Bi2TeSe2	5	GOOD		GOOD	1.403	TF32; 本計算 legacy(ctrl+GWinput) ~/bin2 → 追加の計算 TOML(05-11) ×1; χ0 T=0, Σ GaussSmear esmr=0.003 Ry							0.114	6.98	33.5	Dibismuth diselenide telluride; Skippenite
mp-3163	BaSnO3	5	GOOD		GOOD	2.348	TF32; 本計算 legacy(ctrl+GWinput) ~/bin2 → 追加の計算 TOML(05-11) ×1; χ0 T=0, Σ GaussSmear esmr=0.003 Ry							0.000	7.10	14.2	Barium tin trioxide; Barium stannate(IV) - dry; Barium stannate - nanopowder; Barium catena-stannate; Barium stannate(IV
mp-3216	Li2ZrN2	5	GOOD		GOOD	2.990	TF32; 本計算 legacy(ctrl+GWinput) ~/bin2 → 追加の計算 TOML(05-11) ×1; χ0 T=0, Σ GaussSmear esmr=0.003 Ry							0.000	4.37	10.1	Dilithium zirconium dinitride; Dilithium zirconium nitride
mp-3323	SrZrO3	5	DRIFT_GOOD	5 月は収束の基準を満たしたが、最後の 3 反復が同じ向きに +0.08 eV 動いていた（履歴 5.4170, 5.4906, 5.4983）。回し直していない	GOOD	5.498	TF32; 本計算 legacy(ctrl+GWinput) ~/bin2 → 追加の計算 TOML(05-11) ×1; χ0 T=0, Σ GaussSmear esmr=0.003 Ry							0.055	5.09	14.8	Strontium zirconate; Strontium zirconate - HT
mp-341	PbF4	5	NOTCONV_MAY	5 月は 10 反復で収束せず（最後の 3 反復の幅 0.2081 eV、履歴 5.5884, 5.1507, 5.1526, 5.3607, 5.3602） / 回し直し(run3): CONVERGED 6 反復、ギャップ 5.132519 eV（LDA 1.843484）、5 月との差 -0.23 eV	NOTCONV	5.360	TF32; 本計算 legacy(ctrl+GWinput) ~/bin2 → 追加の計算 TOML(05-11) ×1; χ0 T=0, Σ GaussSmear esmr=0.003 Ry	run3	CONVERGED	6	5.132519	1.843484	fp32; 989a18637 (2026-09-29); POSCAR→vasp2ctrl→ctrlgenToml --ssig=0.8 (2026-09 の雛形); t_tetrakbt=300 t_sigmaw=300; LDA から; 最大 10 反復 (NaCoO2 20、金属 15)	0.000	6.49	14.5	Lead(IV) fluoride
mp-34202	Bi2Te3	5	GOOD		GOOD	0.868	TF32; 本計算 legacy(ctrl+GWinput) ~/bin2 → 追加の計算 TOML(05-11) ×1; χ0 T=0, Σ GaussSmear esmr=0.003 Ry							0.000	7.32	36.4	Ordering of Disordered Crystal; Tellurobismuthite; Bismuthium telluride (2/3); Bismuth telluride (2/3); Dibismuth tellur
mp-3448	KMgF3	5	NOTCONV_MAY	5 月は 10 反復で収束せず（最後の 3 反復の幅 0.1896 eV、履歴 11.9008, 11.6303, 11.8311, 11.9592, 12.0207） / 回し直し(run3): CONVERGED 6 反復、ギャップ 12.004626 eV（LDA 7.119649）、5 月との差 -0.02 eV	NOTCONV	12.021	TF32; 本計算 legacy(ctrl+GWinput) ~/bin2 → 追加の計算 TOML(05-11) ×1; χ0 T=0, Σ GaussSmear esmr=0.003 Ry	run3	CONVERGED	6	12.004626	7.119649	fp32; 989a18637 (2026-09-29); POSCAR→vasp2ctrl→ctrlgenToml --ssig=0.8 (2026-09 の雛形); t_tetrakbt=300 t_sigmaw=300; LDA から; 最大 10 反復 (NaCoO2 20、金属 15)	0.000	3.17	12.6	Potassium magnesium fluoride; Parascandolaite; Potassium magnesium trifluoride; Unnamed_Perovskite
mp-3525	Sb2Te2Se	5	GOOD		GOOD	0.355	TF32; 本計算 legacy(ctrl+GWinput) ~/bin2 → 追加の計算 TOML(05-11) ×1; χ0 T=0, Σ GaussSmear esmr=0.003 Ry							0.150	6.01	31.9	Antimony selenide ditelluride; Diantimony ditelluride selenide
mp-3614	KTaO3	5	DRIFT_GOOD	5 月は収束の基準を満たしたが、最後の 3 反復が同じ向きに +0.09 eV 動いていた（履歴 3.9014, 3.9726, 3.9964）。回し直していない	GOOD	3.996	TF32; 本計算 legacy(ctrl+GWinput) ~/bin2 → 追加の計算 TOML(05-11) ×1; χ0 T=0, Σ GaussSmear esmr=0.003 Ry							0.000	6.98	12.8	Potassium tantalate
mp-3654	RbCaF3	5	GOOD		GOOD	10.590	TF32; 本計算 legacy(ctrl+GWinput) ~/bin2 → 追加の計算 TOML(05-11) ×1; χ0 T=0, Σ GaussSmear esmr=0.003 Ry							0.000	3.43	17.7	Rubidium calcium fluoride
mp-3834	BaZrO3	5	GOOD		GOOD	5.330	TF32; 本計算 legacy(ctrl+GWinput) ~/bin2 → 追加の計算 TOML(05-11) ×1; χ0 T=0, Σ GaussSmear esmr=0.003 Ry							0.000	6.14	14.9	Barium zirconate; Barium zirconate - Pr-doted (2%)
mp-4170	NaTaO3	5	GOOD		GOOD	4.181	TF32; 本計算 legacy(ctrl+GWinput) ~/bin2 → 追加の計算 TOML(05-11) ×1; χ0 T=0, Σ GaussSmear esmr=0.003 Ry							0.028	6.80	12.3	Sodium tantalate(V) - Potassium doped; Lueshite-(Ta); Sodium tantalate - HT; Sodium tantalate
mp-4255	BaCu2S2	5	DRIFT_GOOD	5 月は収束の基準を満たしたが、最後の 3 反復が同じ向きに -0.09 eV 動いていた（履歴 1.4751, 1.6084, 1.5264, 1.5231）。回し直していない	GOOD	1.523	TF32; 本計算 legacy(ctrl+GWinput) ~/bin2 → 追加の計算 TOML(05-11) ×1; χ0 T=0, Σ GaussSmear esmr=0.003 Ry							0.006	5.67	19.3	Barium dicopper(I) sulfide - beta - HT; Barium copper sulfide (1/2/2); Barium dicopper(I) sulfide - HT; Barium dicopper(
mp-4342	KNbO3	5	GOOD		GOOD	2.884	TF32; 本計算 legacy(ctrl+GWinput) ~/bin2 → 追加の計算 TOML(05-11) ×1; χ0 T=0, Σ GaussSmear esmr=0.003 Ry							0.001	4.52	13.2	Potassium niobate - HT; Potassium niobate
mp-4366	Na2PtC2	5	GOOD		GOOD	1.367	TF32; 本計算 legacy(ctrl+GWinput) ~/bin2 → 追加の計算 TOML(05-11) ×1; χ0 T=0, Σ GaussSmear esmr=0.003 Ry							0.057	4.68	18.8	Disodium acetylidoplatinate; Sodium platinum carbide (2/1/2)
mp-4405	Rb3AuO	5	GOOD		GOOD	1.847	TF32; 本計算 legacy(ctrl+GWinput) ~/bin2 → 追加の計算 TOML(05-11) ×1; χ0 T=0, Σ GaussSmear esmr=0.003 Ry							0.000	4.66	33.4	Trirubidium auride oxide
mp-4551	SrHfO3	5	GOOD		GOOD	6.141	TF32; 本計算 legacy(ctrl+GWinput) ~/bin2 → 追加の計算 TOML(05-11) ×1; χ0 T=0, Σ GaussSmear esmr=0.003 Ry							0.033	7.34	14.2	Strontium hafnate - HT; Strontium hafnate
mp-4559	BaCO3	5	FAILED_MAY	5 月の失敗: NOGAP_GAP_COLLAPSED(LDA gap 4.36 eV) / 回し直し(run1): CONVERGED 6 反復、ギャップ 7.465043 eV（LDA 4.354890）	FAILED		TF32; 本計算 legacy(ctrl+GWinput) ~/bin2 → 追加の計算 TOML(05-11) ×1; χ0 T=0, Σ GaussSmear esmr=0.003 Ry	run1	CONVERGED	6	7.465043	4.354890	fp32; 989a18637 (2026-09-29); POSCAR→vasp2ctrl→ctrlgenToml --ssig=0.8 (2026-09 の雛形); t_tetrakbt=300 t_sigmaw=300; LDA から; 最大 10 反復 (NaCoO2 20、金属 15)	0.022	4.36	15.0	Barium carbonate - beta; Witherite
mp-4823	Na2PdC2	5	GOOD		GOOD	2.115	TF32; 本計算 legacy(ctrl+GWinput) ~/bin2 → 追加の計算 TOML(05-11) ×1; χ0 T=0, Σ GaussSmear esmr=0.003 Ry							0.045	3.15	18.6	Disodium acetylidopalladate; Sodium palladium carbide (2/1/2)
mp-4950	KCaF3	5	NOTCONV_MAY	5 月は 10 反復で収束せず（最後の 3 反復の幅 0.4472 eV、履歴 17.2325, 11.1734, 14.4786, 14.1452, 14.0314） / 回し直し(run3): CONVERGED 6 反復、ギャップ 10.414511 eV（LDA 5.874176）、5 月との差 -3.62 eV	NOTCONV	14.031	TF32; 本計算 legacy(ctrl+GWinput) ~/bin2 → 追加の計算 TOML(05-11) ×1; χ0 T=0, Σ GaussSmear esmr=0.003 Ry	run3	CONVERGED	6	10.414511	5.874176	fp32; 989a18637 (2026-09-29); POSCAR→vasp2ctrl→ctrlgenToml --ssig=0.8 (2026-09 の雛形); t_tetrakbt=300 t_sigmaw=300; LDA から; 最大 10 反復 (NaCoO2 20、金属 15)	0.024	2.51	18.0	Potassium calcium fluoride
mp-4961	Na2HgO2	5	NOTCONV_MAY	5 月は 10 反復で収束せず（最後の 3 反復の幅 0.7717 eV、履歴 3.6948, 7.9118, 5.7284, 5.0361, 4.9567） / 回し直し(run3): CONVERGED 6 反復、ギャップ 3.794084 eV（LDA 1.650900）、5 月との差 -1.16 eV	NOTCONV	4.957	TF32; 本計算 legacy(ctrl+GWinput) ~/bin2 → 追加の計算 TOML(05-11) ×1; χ0 T=0, Σ GaussSmear esmr=0.003 Ry	run3	CONVERGED	6	3.794084	1.650900	fp32; 989a18637 (2026-09-29); POSCAR→vasp2ctrl→ctrlgenToml --ssig=0.8 (2026-09 の雛形); t_tetrakbt=300 t_sigmaw=300; LDA から; 最大 10 反復 (NaCoO2 20、金属 15)	0.000	6.07	15.2	Disodium mercurate
mp-5020	BaTiO3	5	GOOD		GOOD	4.204	TF32; 本計算 legacy(ctrl+GWinput) ~/bin2 → 追加の計算 TOML(05-11) ×1; χ0 T=0, Σ GaussSmear esmr=0.003 Ry							0.000	5.90	13.1	Barium titanate
mp-505824	Cs2PdC2	5	GOOD		GOOD	3.120	TF32; 本計算 legacy(ctrl+GWinput) ~/bin2 → 追加の計算 TOML(05-11) ×1; χ0 T=0, Σ GaussSmear esmr=0.003 Ry							0.070	4.34	30.3	Cesium palladium carbide (2/1/2)
mp-505825	Cs2PtC2	5	GOOD		GOOD	2.434	TF32; 本計算 legacy(ctrl+GWinput) ~/bin2 → 追加の計算 TOML(05-11) ×1; χ0 T=0, Σ GaussSmear esmr=0.003 Ry							0.000	5.49	29.3	Cesium platinum carbide (2/1/2)
mp-5072	Rb2HgO2	5	NOTCONV_MAY	5 月は 10 反復で収束せず（最後の 3 反復の幅 0.1798 eV、履歴 3.0524, 3.8463, 4.0817, 3.9019, 3.9800） / 回し直し(run3): CONVERGED 5 反復、ギャップ 4.462417 eV（LDA 1.970998）、5 月との差 +0.48 eV	NOTCONV	3.980	TF32; 本計算 legacy(ctrl+GWinput) ~/bin2 → 追加の計算 TOML(05-11) ×1; χ0 T=0, Σ GaussSmear esmr=0.003 Ry	run3	CONVERGED	5	4.462417	1.970998	fp32; 989a18637 (2026-09-29); POSCAR→vasp2ctrl→ctrlgenToml --ssig=0.8 (2026-09 の雛形); t_tetrakbt=300 t_sigmaw=300; LDA から; 最大 10 反復 (NaCoO2 20、金属 15)	0.000	5.46	24.5	Dirubidium mercurate; Dirubidium dioxomercurate
mp-5229	SrTiO3	5	GOOD		GOOD	3.597	TF32; 本計算 legacy(ctrl+GWinput) ~/bin2 → 追加の計算 TOML(05-11) ×1; χ0 T=0, Σ GaussSmear esmr=0.003 Ry							0.000	5.09	12.0	Tausonite; Strontium titanium trioxide; Strontium titanate - LT; Strontium titanate; Strontium titanate(IV)
mp-5246	KNbO3	5	GOOD		GOOD	3.460	TF32; 本計算 legacy(ctrl+GWinput) ~/bin2 → 追加の計算 TOML(05-11) ×1; χ0 T=0, Σ GaussSmear esmr=0.003 Ry							0.000	4.50	13.3	Potassium niobate
mp-540584	K2PdO2	5	GOOD		GOOD	3.782	TF32; 本計算 legacy(ctrl+GWinput) ~/bin2 → 追加の計算 TOML(05-11) ×1; χ0 T=0, Σ GaussSmear esmr=0.003 Ry							0.000	4.46	16.1	Dipotassium palladium oxide
mp-541837	Bi2Se3	5	DRIFT_GOOD	5 月は収束の基準を満たしたが、最後の 3 反復が同じ向きに -0.10 eV 動いていた（履歴 0.8131, 0.7999, 0.7149）。回し直していない	GOOD	0.715	TF32; 本計算 legacy(ctrl+GWinput) ~/bin2 → 追加の計算 TOML(05-11) ×1; χ0 T=0, Σ GaussSmear esmr=0.003 Ry							0.000	7.16	30.4	Paraguanajuatite; Bismuth selenide; Bismuth selenide (2/3)
mp-541989	Na2CN2	5	NOTCONV_MAY	5 月は 10 反復で収束せず（最後の 3 反復の幅 0.3925 eV、履歴 6.0655, 5.6459, 5.0588, 5.4039, 5.4514） / 回し直し(run3): CONVERGED 5 反復、ギャップ 5.571464 eV（LDA 2.918104）、5 月との差 +0.12 eV	NOTCONV	5.451	TF32; 本計算 legacy(ctrl+GWinput) ~/bin2 → 追加の計算 TOML(05-11) ×1; χ0 T=0, Σ GaussSmear esmr=0.003 Ry	run3	CONVERGED	5	5.571464	2.918104	fp32; 989a18637 (2026-09-29); POSCAR→vasp2ctrl→ctrlgenToml --ssig=0.8 (2026-09 の雛形); t_tetrakbt=300 t_sigmaw=300; LDA から; 最大 10 反復 (NaCoO2 20、金属 15)	0.000	2.24	12.7	Disodium cyanamide
mp-542112	CaZrO3	5	GOOD		GOOD	5.436	TF32; 本計算 legacy(ctrl+GWinput) ~/bin2 → 追加の計算 TOML(05-11) ×1; χ0 T=0, Σ GaussSmear esmr=0.003 Ry							0.192	4.14	14.4	Calcium zirconate - HT; Calcium zirconate
mp-546973	SrSnO3	5	GOOD		GOOD	3.091	TF32; 本計算 legacy(ctrl+GWinput) ~/bin2 → 追加の計算 TOML(05-11) ×1; χ0 T=0, Σ GaussSmear esmr=0.003 Ry							0.048	6.06	13.9	Strontium catena-trioxostannate; Strontium tin trioxide
mp-550506	KClO3	5	NOTCONV_MAY	5 月は 10 反復で収束せず（最後の 3 反復の幅 0.1575 eV、履歴 8.9647, 10.0113, 9.4169, 9.3030, 9.2594） / 回し直し(run3): CONVERGED 6 反復、ギャップ 8.762410 eV（LDA 5.054930）、5 月との差 -0.50 eV	NOTCONV	9.259	TF32; 本計算 legacy(ctrl+GWinput) ~/bin2 → 追加の計算 TOML(05-11) ×1; χ0 T=0, Σ GaussSmear esmr=0.003 Ry	run3	CONVERGED	6	8.762410	5.054930	fp32; 989a18637 (2026-09-29); POSCAR→vasp2ctrl→ctrlgenToml --ssig=0.8 (2026-09 の雛形); t_tetrakbt=300 t_sigmaw=300; LDA から; 最大 10 反復 (NaCoO2 20、金属 15)	0.062	2.28	17.8	High pressure experimental phase; Potassium chlorate(V) - HP, LT, phase II; Potassium chlorate(V)
mp-551905	OsO4	5	NOTCONV_MAY	5 月は 10 反復で収束せず（最後の 3 反復の幅 0.2341 eV、履歴 12.1155, 6.5198, 8.7246, 8.7129, 8.9470） / 回し直し(run3): CONVERGED 6 反復、ギャップ 6.327797 eV（LDA 3.168967）、5 月との差 -2.62 eV	NOTCONV	8.947	TF32; 本計算 legacy(ctrl+GWinput) ~/bin2 → 追加の計算 TOML(05-11) ×1; χ0 T=0, Σ GaussSmear esmr=0.003 Ry	run3	CONVERGED	6	6.327797	3.168967	fp32; 989a18637 (2026-09-29); POSCAR→vasp2ctrl→ctrlgenToml --ssig=0.8 (2026-09 の雛形); t_tetrakbt=300 t_sigmaw=300; LDA から; 最大 10 反復 (NaCoO2 20、金属 15)	0.001	4.39	19.2	Osmium(VIII) oxide
mp-552098	Bi2SeO2	5	FAILED_MAY	5 月の失敗: NOGAP_GAP_COLLAPSED(LDA gap 0.38 eV) / 回し直し(run1): CONVERGED 4 反復、ギャップ 0.965917 eV（LDA 0.376638）	FAILED		TF32; 本計算 legacy(ctrl+GWinput) ~/bin2 → 追加の計算 TOML(05-11) ×1; χ0 T=0, Σ GaussSmear esmr=0.003 Ry	run1	CONVERGED	4	0.965917	0.376638	fp32; 989a18637 (2026-09-29); POSCAR→vasp2ctrl→ctrlgenToml --ssig=0.8 (2026-09 の雛形); t_tetrakbt=300 t_sigmaw=300; LDA から; 最大 10 反復 (NaCoO2 20、金属 15)	0.061	9.47	18.5	Dibismuth dioxide selenide; Dibismuth selenide dioxide
mp-552729	KIO3	5	DRIFT_GOOD	5 月は収束の基準を満たしたが、最後の 3 反復が同じ向きに -0.10 eV 動いていた（履歴 4.4663, 4.6479, 4.6189, 4.5490）。回し直していない	GOOD	4.549	TF32; 本計算 legacy(ctrl+GWinput) ~/bin2 → 追加の計算 TOML(05-11) ×1; χ0 T=0, Σ GaussSmear esmr=0.003 Ry							0.007	4.07	17.5	Potassium iodate(V) - I
mp-553875	Zr2SN2	5	GOOD		GOOD	1.724	TF32; 本計算 legacy(ctrl+GWinput) ~/bin2 → 追加の計算 TOML(05-11) ×1; χ0 T=0, Σ GaussSmear esmr=0.003 Ry							0.011	5.51	14.6	Dizirconium dinitride sulfide - alpha
mp-558189	Ag3SI	5	FAILED_MAY	5 月の失敗: NOGAP_GAP_COLLAPSED(LDA gap 0.48 eV) / 回し直し(run1): CONVERGED 5 反復、ギャップ 1.812281 eV（LDA 0.479781）	FAILED		TF32; 本計算 TOML(ctrlG+PB) ~/bin2 → 追加の計算 TOML(05-11) ×1; χ0 T=0, Σ GaussSmear esmr=0.003 Ry	run1	CONVERGED	5	1.812281	0.479781	fp32; 989a18637 (2026-09-29); POSCAR→vasp2ctrl→ctrlgenToml --ssig=0.8 (2026-09 の雛形); t_tetrakbt=300 t_sigmaw=300; LDA から; 最大 10 反復 (NaCoO2 20、金属 15)	0.116	6.37	25.1	Trisilver sulfide iodide - beta
mp-560399	NaMgF3	5	NOTCONV_MAY	5 月は 10 反復で収束せず（最後の 3 反復の幅 0.4144 eV、履歴 10.2969, 12.7744, 11.5390, 11.4363, 11.1247） / 回し直し(run3): CONVERGED 6 反復、ギャップ 10.718812 eV（LDA 5.696566）、5 月との差 -0.41 eV	NOTCONV	11.125	TF32; 本計算 legacy(ctrl+GWinput) ~/bin2 → 追加の計算 TOML(05-11) ×1; χ0 T=0, Σ GaussSmear esmr=0.003 Ry	run3	CONVERGED	6	10.718812	5.696566	fp32; 989a18637 (2026-09-29); POSCAR→vasp2ctrl→ctrlgenToml --ssig=0.8 (2026-09 の雛形); t_tetrakbt=300 t_sigmaw=300; LDA から; 最大 10 反復 (NaCoO2 20、金属 15)	0.042	2.81	12.3	Sodium magnesium fluoride; High pressure experimental phase; Neighborite; Sodium magnesium trifluoride
mp-561947	CsHgF3	5	DRIFT_GOOD	5 月は収束の基準を満たしたが、最後の 3 反復が同じ向きに +0.10 eV 動いていた（履歴 3.5636, 3.3327, 3.4177, 3.4314）。回し直していない	GOOD	3.431	TF32; 本計算 legacy(ctrl+GWinput) ~/bin2 → 追加の計算 TOML(05-11) ×1; χ0 T=0, Σ GaussSmear esmr=0.003 Ry							0.000	6.68	19.4	Cesium mercury trifluoride; Cesium trifluoromercurate
mp-568544	CsCdCl3	5	GOOD		GOOD	4.212	TF32; 本計算 legacy(ctrl+GWinput) ~/bin2 → 追加の計算 TOML(05-11) ×1; χ0 T=0, Σ GaussSmear esmr=0.003 Ry							0.003	4.00	29.2	Cesium trichlorocadmate
mp-570008	Sr3BiN	5	GOOD		GOOD	1.014	TF32; 本計算 legacy(ctrl+GWinput) ~/bin2 → 追加の計算 TOML(05-11) ×1; χ0 T=0, Σ GaussSmear esmr=0.003 Ry							0.000	5.62	28.7	Strontium nitride bismuthide (3/1/1)
mp-570223	CsGeBr3	5	GOOD		GOOD	1.445	TF32; 本計算 legacy(ctrl+GWinput) ~/bin2 → 追加の計算 TOML(05-11) ×1; χ0 T=0, Σ GaussSmear esmr=0.003 Ry							0.017	4.36	33.9	Cesium germanium(II) bromide - HT; High pressure experimental phase
mp-570231	CsCdBr3	5	DRIFT_GOOD	5 月は収束の基準を満たしたが、最後の 3 反復が同じ向きに +0.09 eV 動いていた（履歴 2.6923, 2.7642, 2.7817）。回し直していない	GOOD	2.782	TF32; 本計算 legacy(ctrl+GWinput) ~/bin2 → 追加の計算 TOML(05-11) ×1; χ0 T=0, Σ GaussSmear esmr=0.003 Ry							0.033	4.76	33.8	Cesium tribromocadmate
mp-571436	SnI4	5	GOOD		GOOD	3.359	TF32; 本計算 legacy(ctrl+GWinput) ~/bin2 → 追加の計算 TOML(05-11) ×1; χ0 T=0, Σ GaussSmear esmr=0.003 Ry							0.028	4.04	51.5	Tin(IV) iodide
mp-571458	RbGeI3	5	GOOD		GOOD	1.112	TF32; 本計算 legacy(ctrl+GWinput) ~/bin2 → 追加の計算 TOML(05-11) ×1; χ0 T=0, Σ GaussSmear esmr=0.003 Ry							0.013	4.32	41.4	Rubidium triiodogermanate - HT
mp-571550	Sb2TeSe2	5	GOOD		GOOD	0.810	TF32; 本計算 legacy(ctrl+GWinput) ~/bin2 → 追加の計算 TOML(05-11) ×1; χ0 T=0, Σ GaussSmear esmr=0.003 Ry							0.110	5.73	30.7	Antimony selenide telluride (2/2/1); Diantimony diselenide telluride
mp-5777	BaTiO3	5	GOOD		GOOD	3.973	TF32; 本計算 legacy(ctrl+GWinput) ~/bin2 → 追加の計算 TOML(05-11) ×1; χ0 T=0, Σ GaussSmear esmr=0.003 Ry							0.000	5.91	13.1	Barium titanium oxide (1/1/3) - Zr doped; Barium titanium oxide (1/1/3) - Sn doped; Barium titanate
mp-5795	CaMg2N2	5	GOOD		GOOD	3.593	TF32; 本計算 legacy(ctrl+GWinput) ~/bin2 → 追加の計算 TOML(05-11) ×1; χ0 T=0, Σ GaussSmear esmr=0.003 Ry							0.000	2.95	13.1	Calcium dimagnesium nitride
mp-5811	CsPbF3	5	GOOD		GOOD	5.077	TF32; 本計算 legacy(ctrl+GWinput) ~/bin2 → 追加の計算 TOML(05-11) ×1; χ0 T=0, Σ GaussSmear esmr=0.003 Ry							0.009	5.85	22.6	Cesium trifluoroplumbate; Cesium lead fluoride - alpha; Cesium lead trifluoride
mp-5827	CaTiO3	5	GOOD		GOOD	3.820	TF32; 本計算 legacy(ctrl+GWinput) ~/bin2 → 追加の計算 TOML(05-11) ×1; χ0 T=0, Σ GaussSmear esmr=0.003 Ry							0.064	3.84	11.8	Calcium titanate; Perovskite; Calcium titanate - HT; Calcium titanate - idealized
mp-5860	K2HgO2	5	NOTCONV_MAY	5 月は 10 反復で収束せず（最後の 3 反復の幅 0.3196 eV、履歴 4.0425, 4.1540, 4.2867, 3.9781, 3.9671） / 回し直し(run3): CONVERGED 5 反復、ギャップ 4.494736 eV（LDA 2.048907）、5 月との差 +0.53 eV	NOTCONV	3.967	TF32; 本計算 legacy(ctrl+GWinput) ~/bin2 → 追加の計算 TOML(05-11) ×1; χ0 T=0, Σ GaussSmear esmr=0.003 Ry	run3	CONVERGED	5	4.494736	2.048907	fp32; 989a18637 (2026-09-29); POSCAR→vasp2ctrl→ctrlgenToml --ssig=0.8 (2026-09 の雛形); t_tetrakbt=300 t_sigmaw=300; LDA から; 最大 10 反復 (NaCoO2 20、金属 15)	0.000	4.83	21.4	Dipotassium mercurate
mp-5878	KZnF3	5	GOOD		GOOD	8.192	TF32; 本計算 legacy(ctrl+GWinput) ~/bin2 → 追加の計算 TOML(05-11) ×1; χ0 T=0, Σ GaussSmear esmr=0.003 Ry							0.000	4.04	13.3	Potassium tecto-fluorozincate; Potassium trifluorozincate; Potassium zinc fluoride; Perovskite; High pressure experiment
mp-5893	CaSiO3	5	GOOD		GOOD	6.187	TF32; 本計算 legacy(ctrl+GWinput) ~/bin2 → 追加の計算 TOML(05-11) ×1; χ0 T=0, Σ GaussSmear esmr=0.003 Ry							0.244	4.11	9.4	Calcium catena-silicate; High pressure experimental phase; Calcium silicate - HP
mp-5986	BaTiO3	5	GOOD		GOOD	3.387	TF32; 本計算 legacy(ctrl+GWinput) ~/bin2 → 追加の計算 TOML(05-11) ×1; χ0 T=0, Σ GaussSmear esmr=0.003 Ry							0.002	5.93	13.1	Barium titanate; Barium titanate - tetragonal part; Perovskite-(Ba); Barium titanate - nanocrystalline; Barium trioxotit
mp-600089	CsPbBr3	5	GOOD		GOOD	3.103	TF32; 本計算 legacy(ctrl+GWinput) ~/bin2 → 追加の計算 TOML(05-11) ×1; χ0 T=0, Σ GaussSmear esmr=0.003 Ry							0.025	4.57	42.1	Cesium lead bromide - HT; Cesium lead tribromide; Cesium lead tribromide - HT
mp-614013	CsSnI3	5	GOOD		GOOD	1.240	TF32; 本計算 legacy(ctrl+GWinput) ~/bin2 → 追加の計算 TOML(05-11) ×1; χ0 T=0, Σ GaussSmear esmr=0.003 Ry							0.000	4.23	49.7	Cesium tin triiodide; Cesium tin iodide - alpha, HT
mp-625548	CdH2O2	5	FAILED_MAY	5 月の失敗: PROD_NaN_lqpe / 回し直し(run1): CONVERGED 6 反復、ギャップ 4.164273 eV（LDA 1.513245）	FAILED		TF32; 本計算 TOML(ctrlG+PB) ~/bin2; χ0 T=0, Σ GaussSmear esmr=0.003 Ry	run1	CONVERGED	6	4.164273	1.513245	fp32; 989a18637 (2026-09-29); POSCAR→vasp2ctrl→ctrlgenToml --ssig=0.8 (2026-09 の雛形); t_tetrakbt=300 t_sigmaw=300; LDA から; 最大 10 反復 (NaCoO2 20、金属 15)	0.005	4.89	9.9	Cadmium hydroxide - beta
mp-632808	BaLiH3	5	GOOD		GOOD	3.459	TF32; 本計算 legacy(ctrl+GWinput) ~/bin2 → 追加の計算 TOML(05-11) ×1; χ0 T=0, Σ GaussSmear esmr=0.003 Ry							0.621	1.88	26.0	Lithium barium hydride
mp-644203	CsCaH3	5	GOOD		GOOD	5.928	TF32; 本計算 legacy(ctrl+GWinput) ~/bin2 → 追加の計算 TOML(05-11) ×1; χ0 T=0, Σ GaussSmear esmr=0.003 Ry							0.012	2.96	19.7	Cesium calcium trihydride; Cesium calcium deuteride
mp-644497	BaTiO3	5	NOTCONV_MAY	5 月は 10 反復で収束せず（最後の 3 反復の幅 0.4244 eV、履歴 2.2493, 2.6584, 3.0826, 2.7961, 2.6582） / 回し直し(run3): CONVERGED 6 反復、ギャップ 2.705998 eV（LDA 0.322921）、5 月との差 +0.05 eV	NOTCONV	2.658	TF32; 本計算 legacy(ctrl+GWinput) ~/bin2 → 追加の計算 TOML(05-11) ×1; χ0 T=0, Σ GaussSmear esmr=0.003 Ry	run3	CONVERGED	6	2.705998	0.322921	fp32; 989a18637 (2026-09-29); POSCAR→vasp2ctrl→ctrlgenToml --ssig=0.8 (2026-09 の雛形); t_tetrakbt=300 t_sigmaw=300; LDA から; 最大 10 反復 (NaCoO2 20、金属 15)	0.714	3.47	22.3	Barium titanate - nanocrystalline; High pressure experimental phase; Barium titanate
mp-6920	KNO3	5	GOOD		GOOD	7.369	TF32; 本計算 legacy(ctrl+GWinput) ~/bin2 → 追加の計算 TOML(05-11) ×1; χ0 T=0, Σ GaussSmear esmr=0.003 Ry							0.003	2.25	14.9	Potassium nitrate(V) - gamma; Potassium nitrate - phase III, HT
mp-6951	RbCdF3	5	NOTCONV_MAY	5 月は 10 反復で収束せず（最後の 3 反復の幅 0.3508 eV、履歴 6.8906, 7.4553, 7.7575, 7.5648, 7.4067） / 回し直し(run3): CONVERGED 6 反復、ギャップ 7.039320 eV（LDA 2.997867）、5 月との差 -0.37 eV	NOTCONV	7.407	TF32; 本計算 legacy(ctrl+GWinput) ~/bin2 → 追加の計算 TOML(05-11) ×1; χ0 T=0, Σ GaussSmear esmr=0.003 Ry	run3	CONVERGED	6	7.039320	2.997867	fp32; 989a18637 (2026-09-29); POSCAR→vasp2ctrl→ctrlgenToml --ssig=0.8 (2026-09 の雛形); t_tetrakbt=300 t_sigmaw=300; LDA から; 最大 10 反復 (NaCoO2 20、金属 15)	0.000	4.88	17.3	Rubidium cadmium fluoride
mp-7067	CaCd2As2	5	GOOD		GOOD	0.938	TF32; 本計算 legacy(ctrl+GWinput) ~/bin2 → 追加の計算 TOML(05-11) ×1; χ0 T=0, Σ GaussSmear esmr=0.003 Ry							0.000	5.66	24.3	Calcium dicadmium arsenide; Calcium cadmium arsenide (1/2/2)
mp-7104	CsCaF3	5	GOOD		GOOD	11.348	TF32; 本計算 legacy(ctrl+GWinput) ~/bin2 → 追加の計算 TOML(05-11) ×1; χ0 T=0, Σ GaussSmear esmr=0.003 Ry							0.000	4.13	18.5	Cesium calcium fluoride; Cesium calcium trifluoride
mp-7223	Ca3AsN	5	GOOD		GOOD	1.809	TF32; 本計算 legacy(ctrl+GWinput) ~/bin2 → 追加の計算 TOML(05-11) ×1; χ0 T=0, Σ GaussSmear esmr=0.003 Ry							0.008	3.24	21.4	Tricalcium arsenide nitride - subcell
mp-7232	Cs2HgO2	5	NOTCONV_MAY	5 月は 10 反復で収束せず（最後の 3 反復の幅 0.1134 eV、履歴 4.2227, 4.0707, 4.1772, 4.2906, 4.2863） / 回し直し(run3): CONVERGED 6 反復、ギャップ 4.354080 eV（LDA 1.993102）、5 月との差 +0.07 eV	NOTCONV	4.286	TF32; 本計算 legacy(ctrl+GWinput) ~/bin2 → 追加の計算 TOML(05-11) ×1; χ0 T=0, Σ GaussSmear esmr=0.003 Ry	run3	CONVERGED	6	4.354080	1.993102	fp32; 989a18637 (2026-09-29); POSCAR→vasp2ctrl→ctrlgenToml --ssig=0.8 (2026-09 の雛形); t_tetrakbt=300 t_sigmaw=300; LDA から; 最大 10 反復 (NaCoO2 20、金属 15)	0.000	5.78	28.6	Dicesium dioxomercurate
mp-7375	KNbO3	5	GOOD		GOOD	3.669	TF32; 本計算 legacy(ctrl+GWinput) ~/bin2 → 追加の計算 TOML(05-11) ×1; χ0 T=0, Σ GaussSmear esmr=0.003 Ry							0.000	4.50	13.3	Potassium niobate; Potassium niobate - LT
mp-7430	CaCd2Sb2	5	GOOD		GOOD	0.801	TF32; 本計算 legacy(ctrl+GWinput) ~/bin2 → 追加の計算 TOML(05-11) ×1; χ0 T=0, Σ GaussSmear esmr=0.003 Ry							0.000	5.81	29.1	Calcium cadmium antimonide (1/2/2)
mp-7482	RbHgF3	5	GOOD		GOOD	3.425	TF32; 本計算 legacy(ctrl+GWinput) ~/bin2 → 追加の計算 TOML(05-11) ×1; χ0 T=0, Σ GaussSmear esmr=0.003 Ry							0.000	6.05	18.8	Rubidium trifluoromercurate
mp-7608	Li2PdO2	5	GOOD		GOOD	3.538	TF32; 本計算 legacy(ctrl+GWinput) ~/bin2 → 追加の計算 TOML(05-11) ×1; χ0 T=0, Σ GaussSmear esmr=0.003 Ry							0.000	4.93	10.3	Dilithium palladium oxide; Dilithium palladium dioxide
mp-7752	Sr3SbN	5	GOOD		GOOD	1.064	TF32; 本計算 legacy(ctrl+GWinput) ~/bin2 → 追加の計算 TOML(05-11) ×1; χ0 T=0, Σ GaussSmear esmr=0.003 Ry							0.000	4.72	28.0	Strontium nitride antimonide (3/1/1)
mp-7770	SrZn2As2	5	GOOD		GOOD	1.243	TF32; 本計算 legacy(ctrl+GWinput) ~/bin2 → 追加の計算 TOML(05-11) ×1; χ0 T=0, Σ GaussSmear esmr=0.003 Ry							0.000	5.46	22.4	Strontium dizinc arsenide
mp-7771	SrCd2As2	5	GOOD		GOOD	0.875	TF32; 本計算 legacy(ctrl+GWinput) ~/bin2 → 追加の計算 TOML(05-11) ×1; χ0 T=0, Σ GaussSmear esmr=0.003 Ry							0.000	5.92	26.0	Strontium dicadmium arsenide
mp-7928	K2PtS2	5	GOOD		GOOD	2.877	TF32; 本計算 legacy(ctrl+GWinput) ~/bin2 → 追加の計算 TOML(05-11) ×1; χ0 T=0, Σ GaussSmear esmr=0.003 Ry							0.000	4.64	24.2	Dipotassium dithioplatinate(II)
mp-7929	Rb2PtS2	5	GOOD		GOOD	2.756	TF32; 本計算 legacy(ctrl+GWinput) ~/bin2 → 追加の計算 TOML(05-11) ×1; χ0 T=0, Σ GaussSmear esmr=0.003 Ry							0.000	5.41	26.4	Rubidium dithioplatinate(II)
mp-7986	CaSnO3	5	GOOD		GOOD	3.923	TF32; 本計算 legacy(ctrl+GWinput) ~/bin2 → 追加の計算 TOML(05-11) ×1; χ0 T=0, Σ GaussSmear esmr=0.003 Ry							0.210	5.11	13.4	High pressure experimental phase; Calcium stannate; Calcium trioxostannate; Calcium tin trioxide
mp-8196	AgNO3	5	FAILED_MAY	5 月の失敗: PROD_bmix_min / 回し直し(run1): CONVERGED 6 反復、ギャップ 5.055941 eV（LDA 1.525729）	FAILED		TF32; 本計算 TOML(ctrlG+PB) ~/bin2; χ0 T=0, Σ GaussSmear esmr=0.003 Ry	run1	CONVERGED	6	5.055941	1.525729	fp32; 989a18637 (2026-09-29); POSCAR→vasp2ctrl→ctrlgenToml --ssig=0.8 (2026-09 の雛形); t_tetrakbt=300 t_sigmaw=300; LDA から; 最大 10 反復 (NaCoO2 20、金属 15)	0.031	4.21	13.4	Silver nitrate(V)
mp-8276	SrZn2P2	5	GOOD		GOOD	1.558	TF32; 本計算 legacy(ctrl+GWinput) ~/bin2 → 追加の計算 TOML(05-11) ×1; χ0 T=0, Σ GaussSmear esmr=0.003 Ry							0.000	4.55	20.5	Strontium dizinc phosphide; Strontium zinc phosphide (1/2/2)
mp-8277	SrCd2P2	5	GOOD		GOOD	1.402	TF32; 本計算 legacy(ctrl+GWinput) ~/bin2 → 追加の計算 TOML(05-11) ×1; χ0 T=0, Σ GaussSmear esmr=0.003 Ry							0.000	5.17	24.1	Strontium dicadmium phosphide; Dicadmium strontium diphosphide
mp-8278	BaMg2P2	5	GOOD		GOOD	2.095	TF32; 本計算 legacy(ctrl+GWinput) ~/bin2 → 追加の計算 TOML(05-11) ×1; χ0 T=0, Σ GaussSmear esmr=0.003 Ry							0.000	3.26	25.3	Barium dimagnesium phosphide
mp-8279	BaCd2P2	5	GOOD		GOOD	1.307	TF32; 本計算 legacy(ctrl+GWinput) ~/bin2 → 追加の計算 TOML(05-11) ×1; χ0 T=0, Σ GaussSmear esmr=0.003 Ry							0.000	5.42	26.0	Barium dicadmium phosphide; Barium cadmium phosphide (1/2/2)
mp-8280	BaMg2As2	5	GOOD		GOOD	2.005	TF32; 本計算 legacy(ctrl+GWinput) ~/bin2 → 追加の計算 TOML(05-11) ×1; χ0 T=0, Σ GaussSmear esmr=0.003 Ry							0.000	4.10	27.2	Barium magnesium arsenide (1/2/2); Barium dimagnesium arsenide
mp-8281	BaCd2As2	5	GOOD		GOOD	0.849	TF32; 本計算 legacy(ctrl+GWinput) ~/bin2 → 追加の計算 TOML(05-11) ×1; χ0 T=0, Σ GaussSmear esmr=0.003 Ry							0.000	6.09	27.9	Barium cadmium arsenide (1/2/2); Barium dicadmium arsenide
mp-8397	CsSrF3	5	GOOD		GOOD	10.306	TF32; 本計算 legacy(ctrl+GWinput) ~/bin2 → 追加の計算 TOML(05-11) ×1; χ0 T=0, Σ GaussSmear esmr=0.003 Ry							0.003	4.26	21.6	Cesium strontium fluoride
mp-8399	CsCdF3	5	GOOD		GOOD	6.983	TF32; 本計算 legacy(ctrl+GWinput) ~/bin2 → 追加の計算 TOML(05-11) ×1; χ0 T=0, Σ GaussSmear esmr=0.003 Ry							0.000	5.56	18.1	Cesium cadmium trifluoride; Cesium cadmium fluoride
mp-8401	CsMgF3	5	GOOD		GOOD	10.821	TF32; 本計算 legacy(ctrl+GWinput) ~/bin2 → 追加の計算 TOML(05-11) ×1; χ0 T=0, Σ GaussSmear esmr=0.003 Ry							0.058	4.63	15.4	Fluoroperovskite; Cesium magnesium trifluoride; Cesium magnesium fluoride
mp-8402	RbMgF3	5	GOOD		GOOD	12.007	TF32; 本計算 legacy(ctrl+GWinput) ~/bin2 → 追加の計算 TOML(05-11) ×1; χ0 T=0, Σ GaussSmear esmr=0.003 Ry							0.000	4.15	13.4	Rubidium magnesium fluoride
mp-8579	BaAg2S2	5	GOOD		GOOD	1.976	TF32; 本計算 legacy(ctrl+GWinput) ~/bin2 → 追加の計算 TOML(05-11) ×1; χ0 T=0, Σ GaussSmear esmr=0.003 Ry							0.008	5.70	24.3	Barium dithiodiargentate
mp-8612	Sb2TeSe2	5	GOOD		GOOD	0.733	TF32; 本計算 legacy(ctrl+GWinput) ~/bin2 → 追加の計算 TOML(05-11) ×1; χ0 T=0, Σ GaussSmear esmr=0.003 Ry							0.073	5.88	29.9	Diantimony telluride diselenide
mp-8621	K2PtSe2	5	GOOD		GOOD	2.414	TF32; 本計算 legacy(ctrl+GWinput) ~/bin2 → 追加の計算 TOML(05-11) ×1; χ0 T=0, Σ GaussSmear esmr=0.003 Ry							0.000	5.30	27.0	Dipotassium platinum diselenide
mp-8622	Rb2PtSe2	5	GOOD		GOOD	2.405	TF32; 本計算 legacy(ctrl+GWinput) ~/bin2 → 追加の計算 TOML(05-11) ×1; χ0 T=0, Σ GaussSmear esmr=0.003 Ry							0.000	5.90	29.5	Dirubidium platinum diselenide
mp-8623	K2Te2Pt	5	GOOD		GOOD	1.855	TF32; 本計算 legacy(ctrl+GWinput) ~/bin2 → 追加の計算 TOML(05-11) ×1; χ0 T=0, Σ GaussSmear esmr=0.003 Ry							0.000	5.37	32.7	Dipotassium platinum ditelluride
mp-863260	SrMg2As2	5	GOOD		GOOD	2.229	TF32; 本計算 legacy(ctrl+GWinput) ~/bin2 → 追加の計算 TOML(05-11) ×1; χ0 T=0, Σ GaussSmear esmr=0.003 Ry							0.000	3.79	25.1	Strontium magnesium arsenide (1/2/2)
mp-865185	MgBe2As2	5	GOOD		GOOD	1.376	TF32; 本計算 legacy(ctrl+GWinput) ~/bin2 → 追加の計算 TOML(05-11) ×1; χ0 T=0, Σ GaussSmear esmr=0.003 Ry							0.000	4.01	15.9	Magnesium beryllium arsenide (1/2/2)
mp-8818	Ca2ZnN2	5	NOTCONV_MAY	5 月は 10 反復で収束せず（最後の 3 反復の幅 0.2865 eV、履歴 2.5443, 2.0687, 1.7297, 2.0154, 2.0162） / 回し直し(run3): CONVERGED 5 反復、ギャップ 1.971196 eV（LDA 0.704174）、5 月との差 -0.04 eV	NOTCONV	2.016	TF32; 本計算 legacy(ctrl+GWinput) ~/bin2 → 追加の計算 TOML(05-11) ×1; χ0 T=0, Σ GaussSmear esmr=0.003 Ry	run3	CONVERGED	5	1.971196	0.704174	fp32; 989a18637 (2026-09-29); POSCAR→vasp2ctrl→ctrlgenToml --ssig=0.8 (2026-09 の雛形); t_tetrakbt=300 t_sigmaw=300; LDA から; 最大 10 反復 (NaCoO2 20、金属 15)	0.000	3.58	16.1	Dicalcium zinc nitride
mp-9200	K3AuO	5	GOOD		GOOD	2.167	TF32; 本計算 legacy(ctrl+GWinput) ~/bin2 → 追加の計算 TOML(05-11) ×1; χ0 T=0, Σ GaussSmear esmr=0.003 Ry							0.000	3.85	28.5	Tripotassium auride oxide
mp-9306	Sr2ZnN2	5	GOOD		GOOD	1.634	TF32; 本計算 legacy(ctrl+GWinput) ~/bin2 → 追加の計算 TOML(05-11) ×1; χ0 T=0, Σ GaussSmear esmr=0.003 Ry							0.000	4.68	19.1	Strontium dinitridozincate
mp-9307	Ba2ZnN2	5	NOTCONV_MAY	5 月は 10 反復で収束せず（最後の 3 反復の幅 0.1027 eV、履歴 1.3642, 2.7823, 1.8641, 1.7912, 1.7614） / 回し直し(run3): CONVERGED 5 反復、ギャップ 1.535281 eV（LDA 0.462578）、5 月との差 -0.23 eV	NOTCONV	1.761	TF32; 本計算 legacy(ctrl+GWinput) ~/bin2 → 追加の計算 TOML(05-11) ×1; χ0 T=0, Σ GaussSmear esmr=0.003 Ry	run3	CONVERGED	5	1.535281	0.462578	fp32; 989a18637 (2026-09-29); POSCAR→vasp2ctrl→ctrlgenToml --ssig=0.8 (2026-09 の雛形); t_tetrakbt=300 t_sigmaw=300; LDA から; 最大 10 反復 (NaCoO2 20、金属 15)	0.000	5.35	22.9	Barium dinitridozincate
mp-935811	KNbO3	5	GOOD		GOOD	2.662	TF32; 本計算 legacy(ctrl+GWinput) ~/bin2 → 追加の計算 TOML(05-11) ×1; χ0 T=0, Σ GaussSmear esmr=0.003 Ry							0.008	4.57	13.1	Potassium niobate
mp-9379	SrSn2As2	5	UNKNOWN_MAY	5 月: NOGAP_SMALL_GAP(LDA gap 0.14 eV; possibly semimetal)（金属・半金属。gwscconv がギャップを読めず止まった） / 回し直し(run2m): CONVERGED 4 反復、ギャップ 0.040954 eV（LDA 0.139015）	UNKNOWN		TF32; 本計算 legacy(ctrl+GWinput) ~/bin2 → 追加の計算 TOML(05-11) ×1; χ0 T=0, Σ GaussSmear esmr=0.003 Ry	run2m	CONVERGED	4	0.040954	0.139015	fp32; 989a18637 (2026-09-29); POSCAR→vasp2ctrl→ctrlgenToml --ssig=0.8 (2026-09 の雛形); t_tetrakbt=300 t_sigmaw=300; LDA から; 最大 10 反復 (NaCoO2 20、金属 15)	0.000	5.63	28.0	Ditin strontium arsenide; Strontium diarsenidodistannate(II)
mp-9514	MgAl2C2	5	GOOD		GOOD	2.573	TF32; 本計算 legacy(ctrl+GWinput) ~/bin2 → 追加の計算 TOML(05-11) ×1; χ0 T=0, Σ GaussSmear esmr=0.003 Ry							0.008	2.93	11.6	Dialuminium magnesium dicarbide - T2
mp-9564	CaMg2As2	5	GOOD		GOOD	2.251	TF32; 本計算 legacy(ctrl+GWinput) ~/bin2 → 追加の計算 TOML(05-11) ×1; χ0 T=0, Σ GaussSmear esmr=0.003 Ry							0.000	3.39	23.4	Calcium magnesium arsenide (1/2/2)
mp-9565	CaMg2Sb2	5	GOOD		GOOD	1.625	TF32; 本計算 legacy(ctrl+GWinput) ~/bin2 → 追加の計算 TOML(05-11) ×1; χ0 T=0, Σ GaussSmear esmr=0.003 Ry							0.000	3.87	28.5	Calcium magnesium antimony (1/2/2)
mp-9566	SrMg2Sb2	5	GOOD		GOOD	1.773	TF32; 本計算 legacy(ctrl+GWinput) ~/bin2 → 追加の計算 TOML(05-11) ×1; χ0 T=0, Σ GaussSmear esmr=0.003 Ry							0.000	4.15	30.4	Strontium magnesium antimony (1/2/2)
mp-9567	BaMg2Sb2	5	GOOD		GOOD	1.672	TF32; 本計算 legacy(ctrl+GWinput) ~/bin2 → 追加の計算 TOML(05-11) ×1; χ0 T=0, Σ GaussSmear esmr=0.003 Ry							0.000	4.36	32.7	Barium magnesium antimony (1/2/2)
mp-9569	CaZn2P2	5	GOOD		GOOD	1.693	TF32; 本計算 legacy(ctrl+GWinput) ~/bin2 → 追加の計算 TOML(05-11) ×1; χ0 T=0, Σ GaussSmear esmr=0.003 Ry							0.000	4.06	19.0	Calcium phosphorus zinc (1/2/2); Calcium dizinc phosphide
mp-9570	CaCd2P2	5	GOOD		GOOD	1.504	TF32; 本計算 legacy(ctrl+GWinput) ~/bin2 → 追加の計算 TOML(05-11) ×1; χ0 T=0, Σ GaussSmear esmr=0.003 Ry							0.000	4.82	22.5	Calcium dicadmium phosphide; Calcium cadmium phosphide (1/2/2)
mp-9571	CaZn2As2	5	GOOD		GOOD	1.396	TF32; 本計算 legacy(ctrl+GWinput) ~/bin2 → 追加の計算 TOML(05-11) ×1; χ0 T=0, Σ GaussSmear esmr=0.003 Ry							0.000	5.10	20.9	Calcium dizinc arsenide; Calcium zinc arsenide (1/2/2)
mp-9610	Li2CN2	5	DRIFT_GOOD	5 月は収束の基準を満たしたが、最後の 3 反復が同じ向きに +0.09 eV 動いていた（履歴 5.5625, 5.7640, 5.7754, 5.8581）。回し直していない	GOOD	5.858	TF32; 本計算 legacy(ctrl+GWinput) ~/bin2 → 追加の計算 TOML(05-11) ×1; χ0 T=0, Σ GaussSmear esmr=0.003 Ry							0.000	1.56	11.5	Dilithium cyanamide
mp-976876	K2PtC2	5	GOOD		GOOD	2.120	TF32; 本計算 legacy(ctrl+GWinput) ~/bin2 → 追加の計算 TOML(05-11) ×1; χ0 T=0, Σ GaussSmear esmr=0.003 Ry							0.000	4.16	23.8	Dipotassium platinum acetylide
mp-9816	GeF4	5	NOTCONV_MAY	5 月は 10 反復で収束せず（最後の 3 反復の幅 0.1756 eV、履歴 11.1024, 10.3504, 10.4979, 10.6734, 10.6386） / 回し直し(run3): CONVERGED 6 反復、ギャップ 10.539022 eV（LDA 5.105805）、5 月との差 -0.10 eV	NOTCONV	10.639	TF32; 本計算 legacy(ctrl+GWinput) ~/bin2 → 追加の計算 TOML(05-11) ×1; χ0 T=0, Σ GaussSmear esmr=0.003 Ry	run3	CONVERGED	6	10.539022	5.105805	fp32; 989a18637 (2026-09-29); POSCAR→vasp2ctrl→ctrlgenToml --ssig=0.8 (2026-09 の雛形); t_tetrakbt=300 t_sigmaw=300; LDA から; 最大 10 反復 (NaCoO2 20、金属 15)	0.000	3.29	15.0	Germanium fluoride
mp-10074	Ge2Se4	6	GOOD		GOOD	2.875	TF32; 本計算 legacy(ctrl+GWinput) ~/bin2 → 追加の計算 TOML(05-11) ×2 → 最初から REDO(TOML); χ0 T=0, Σ GaussSmear esmr=0.003 Ry							0.012	4.54	28.1	Germanium selenide (1/2); Germanium selenide
mp-10086	Y2S2F2	6	GOOD		GOOD	2.758	TF32; 本計算 legacy(ctrl+GWinput) ~/bin2 → 追加の計算 TOML(05-11) ×1; χ0 T=0, Σ GaussSmear esmr=0.003 Ry							0.000	4.78	16.2	Yttrium fluoride sulfide (1/1/1); Yttrium sulfide fluoride - alpha
mp-1018651	Ba2H3I	6	GOOD		GOOD	4.108	TF32; 本計算 legacy(ctrl+GWinput) ~/bin2 → 追加の計算 TOML(05-11) ×1; χ0 T=0, Σ GaussSmear esmr=0.003 Ry							0.048	4.64	24.1	Dibarium trihydride monoiodide
mp-1018656	Ca2H3Br	6	FAILED_MAY	5 月の失敗: NOGAP_GAP_COLLAPSED(LDA gap 1.40 eV) / 回し直し(run1): CONVERGED 6 反復、ギャップ 3.825459 eV（LDA 1.396659）	FAILED		TF32; 本計算 legacy(ctrl+GWinput) ~/bin2 → 追加の計算 TOML(05-11) ×1; χ0 T=0, Σ GaussSmear esmr=0.003 Ry	run1	CONVERGED	6	3.825459	1.396659	fp32; 989a18637 (2026-09-29); POSCAR→vasp2ctrl→ctrlgenToml --ssig=0.8 (2026-09 の雛形); t_tetrakbt=300 t_sigmaw=300; LDA から; 最大 10 反復 (NaCoO2 20、金属 15)	0.090	3.00	15.1	Calcium hydride bromide (2/3/1)
mp-1018721	Hf2O4	6	GOOD		GOOD	6.865	TF32; 本計算 legacy(ctrl+GWinput) ~/bin2 → 追加の計算 TOML(05-11) ×2 → 最初から REDO(TOML); χ0 T=0, Σ GaussSmear esmr=0.003 Ry							0.051	10.68	10.9	Hafnium dioxide
mp-1018722	Hg3Se3	6	GOOD		GOOD	1.808	TF32; 本計算 legacy(ctrl+GWinput) ~/bin2 → 追加の計算 TOML(05-11) ×2 → 最初から REDO(TOML); χ0 T=0, Σ GaussSmear esmr=0.003 Ry							0.000	8.31	27.9	Mercury selenide (1/1); High pressure experimental phase
mp-1018736	K2Cd2As2	6	GOOD		GOOD	0.898	TF32; 本計算 legacy(ctrl+GWinput) ~/bin2 → 追加の計算 TOML(05-11) ×2 → 最初から REDO(TOML); χ0 T=0, Σ GaussSmear esmr=0.003 Ry							0.000	4.53	27.6	Cadmium potassium arsenide
mp-1018737	K2Mg2P2	6	GOOD		GOOD	2.851	TF32; 本計算 legacy(ctrl+GWinput) ~/bin2 → 追加の計算 TOML(05-11) ×1; χ0 T=0, Σ GaussSmear esmr=0.003 Ry							0.000	2.10	24.9	Potassiumium magnesium phosphide
mp-1018807	Mo2Se4	6	GOOD		GOOD	1.965	TF32; 本計算 legacy(ctrl+GWinput) ~/bin2 → 追加の計算 TOML(05-11) ×1; χ0 T=0, Σ GaussSmear esmr=0.003 Ry							0.003	6.33	22.2	Molybdenum diselenide
mp-1018809	Mo2S4	6	DRIFT_GOOD	5 月は収束の基準を満たしたが、最後の 3 反復が同じ向きに -0.09 eV 動いていた（履歴 2.0763, 2.0088, 1.9896）。回し直していない	GOOD	1.990	TF32; 本計算 legacy(ctrl+GWinput) ~/bin2 → 追加の計算 TOML(05-11) ×1; χ0 T=0, Σ GaussSmear esmr=0.003 Ry							0.002	4.59	19.3	Molybdenum disulfide
mp-1018888	Pd2Cl4	6	GOOD		GOOD	3.604	TF32; 本計算 legacy(ctrl+GWinput) ~/bin2 → 追加の計算 TOML(05-11) ×2 → 最初から REDO(TOML); χ0 T=0, Σ GaussSmear esmr=0.003 Ry							0.030	3.32	29.5	Palladium dichloride - delta
mp-1018891	Pd2Cl4	6	GOOD		GOOD	2.416	TF32; 本計算 legacy(ctrl+GWinput) ~/bin2 → 追加の計算 TOML(05-11) ×2 → 最初から REDO(TOML); χ0 T=0, Σ GaussSmear esmr=0.003 Ry							0.002	4.27	23.0	Palladium dichloride - gamma-phase
mp-1019089	K2Mg2As2	6	GOOD		GOOD	2.343	TF32; 本計算 legacy(ctrl+GWinput) ~/bin2 → 追加の計算 TOML(05-11) ×1; χ0 T=0, Σ GaussSmear esmr=0.003 Ry							0.000	2.87	26.7	Potassium magnesium arsenide
mp-1019105	K2Mg2Bi2	6	GOOD		GOOD	1.290	TF32; 本計算 legacy(ctrl+GWinput) ~/bin2 → 追加の計算 TOML(05-11) ×2 → 最初から REDO(TOML); χ0 T=0, Σ GaussSmear esmr=0.003 Ry							0.000	4.47	33.7	Potassium magnesium bismuthide
mp-1019258	Sr2F4	6	GOOD		GOOD	9.640	TF32; 本計算 legacy(ctrl+GWinput) ~/bin2 → 追加の計算 TOML(05-11) ×2 → 最初から REDO(TOML); χ0 T=0, Σ GaussSmear esmr=0.003 Ry							0.171	4.76	14.6	Strontium difluoride - HPII, hypothetical; Strontium difluoride; High pressure experimental phase
mp-1019269	Sr2H3I	6	FAILED_MAY	5 月の失敗: NOGAP_GAP_COLLAPSED(LDA gap 1.79 eV, previous QSGW iteration 1.71 eV) / 回し直し(run1): CONVERGED 6 反復、ギャップ 3.964839 eV（LDA 1.793758）	FAILED		TF32; 本計算 TOML(ctrlG+PB) ~/bin2 → 追加の計算 TOML(05-11) ×2 → 最初から REDO(TOML); χ0 T=0, Σ GaussSmear esmr=0.003 Ry	run1	CONVERGED	6	3.964839	1.793758	fp32; 989a18637 (2026-09-29); POSCAR→vasp2ctrl→ctrlgenToml --ssig=0.8 (2026-09 の雛形); t_tetrakbt=300 t_sigmaw=300; LDA から; 最大 10 反復 (NaCoO2 20、金属 15)	0.071	4.23	20.0	Distrontium trihydride iodide
mp-1019322	Te4W2	6	GOOD		GOOD	1.679	TF32; 本計算 legacy(ctrl+GWinput) ~/bin2 → 追加の計算 TOML(05-11) ×2 → 最初から REDO(TOML); χ0 T=0, Σ GaussSmear esmr=0.003 Ry							0.034	8.94	27.2	Tungsten telluride (1/2)
mp-1019888	KNa2BN2	6	GOOD		GOOD	3.865	TF32; 本計算 legacy(ctrl+GWinput) ~/bin2 → 追加の計算 TOML(05-11) ×2 → 最初から REDO(TOML); χ0 T=0, Σ GaussSmear esmr=0.003 Ry							0.000	2.18	15.7	Disodium potassium dinitridoborate
mp-10219	Y2O2F2	6	GOOD		GOOD	7.585	TF32; 本計算 legacy(ctrl+GWinput) ~/bin2 → 追加の計算 TOML(05-11) ×1; χ0 T=0, Σ GaussSmear esmr=0.003 Ry							0.018	5.14	13.3	Yttrium oxide fluoride - alpha
mp-10293	Ba2C4	6	GOOD		GOOD	4.393	TF32; 本計算 legacy(ctrl+GWinput) ~/bin2 → 追加の計算 TOML(05-11) ×2 → 最初から REDO(TOML); χ0 T=0, Σ GaussSmear esmr=0.003 Ry							0.147	3.74	23.9	Barium carbide (1/2)
mp-10485	Ba2Li2Sb2	6	GOOD		GOOD	1.618	TF32; 本計算 legacy(ctrl+GWinput) ~/bin2 → 追加の計算 TOML(05-11) ×2 → 最初から REDO(TOML); χ0 T=0, Σ GaussSmear esmr=0.003 Ry							0.000	4.55	32.3	Lithium barium antimonide
mp-10497	Sr2C4	6	FAILED_MAY	5 月の失敗: NOGAP_GAP_COLLAPSED(LDA gap 2.12 eV, previous QSGW iteration 1.71 eV) / 回し直し(run1): CONVERGED 5 反復、ギャップ 4.424389 eV（LDA 2.117045）	FAILED		TF32; 本計算 legacy(ctrl+GWinput) ~/bin2 → 追加の計算 TOML(05-11) ×2 → 最初から REDO(TOML); χ0 T=0, Σ GaussSmear esmr=0.003 Ry	run1	CONVERGED	5	4.424389	2.117045	fp32; 989a18637 (2026-09-29); POSCAR→vasp2ctrl→ctrlgenToml --ssig=0.8 (2026-09 の雛形); t_tetrakbt=300 t_sigmaw=300; LDA から; 最大 10 反復 (NaCoO2 20、金属 15)	0.000	3.20	19.3	Strontium carbide (1/2) - II
mp-10667	Sr2Ag2P2	6	GOOD		GOOD	0.837	TF32; 本計算 legacy(ctrl+GWinput) ~/bin2 → 追加の計算 TOML(05-11) ×2 → 最初から REDO(TOML); χ0 T=0, Σ GaussSmear esmr=0.003 Ry							0.000	5.37	23.3	Silver strontium phosphide
mp-1071032	Ge2S4	6	GOOD		GOOD	2.817	TF32; 本計算 legacy(ctrl+GWinput) ~/bin2 → 追加の計算 TOML(05-11) ×2 → 最初から REDO(TOML); χ0 T=0, Σ GaussSmear esmr=0.003 Ry							0.055	3.28	23.1	Germanium disulfide
mp-1071269	Hg3Te3	6	DRIFT_GOOD	5 月は収束の基準を満たしたが、最後の 3 反復が同じ向きに +0.08 eV 動いていた（履歴 1.0835, 1.1595, 1.1641）。回し直していない	GOOD	1.164	TF32; 本計算 legacy(ctrl+GWinput) ~/bin2 → 追加の計算 TOML(05-11) ×2 → 最初から REDO(TOML); χ0 T=0, Σ GaussSmear esmr=0.003 Ry							0.037	8.34	32.7	Mercury telluride (1/1); High pressure experimental phase
mp-1071319	Zn3Te3	6	GOOD		GOOD	1.104	TF32; 本計算 legacy(ctrl+GWinput) ~/bin2 → 追加の計算 TOML(05-11) ×2; χ0 T=0, Σ GaussSmear esmr=0.003 Ry							0.152	5.99	26.7	Zinc telluride - II; High pressure experimental phase; Zinc telluride
mp-1071625	C2Se4	6	GOOD		GOOD	4.579	TF32; 本計算 legacy(ctrl+GWinput) ~/bin2 → 追加の計算 TOML(05-11) ×2 → 最初から REDO(TOML); χ0 T=0, Σ GaussSmear esmr=0.003 Ry							0.358	2.79	33.7	powder (determination of cell and structural parameters); Se2C; Carbon selenide - prepared at 17.5K; [CS2]
mp-1071820	Si2O4	6	NOTCONV_MAY	5 月は 10 反復で収束せず（最後の 3 反復の幅 0.4987 eV、履歴 7.2799, 7.7638, 7.0240, 6.6353, 5.7265, 5.9130, 7.1338, 7.2966, 7.6517, 7.7954） / 回し直し(run3): CONVERGED 6 反復、ギャップ 8.110389 eV（LDA 4.447308）、5 月との差 +0.32 eV	NOTCONV	7.795	TF32; 本計算 legacy(ctrl+GWinput) ~/bin2 → 追加の計算 TOML(05-11) ×2 → 最初から REDO(TOML); χ0 T=0, Σ GaussSmear esmr=0.003 Ry	run3	CONVERGED	6	8.110389	4.447308	fp32; 989a18637 (2026-09-29); POSCAR→vasp2ctrl→ctrlgenToml --ssig=0.8 (2026-09 の雛形); t_tetrakbt=300 t_sigmaw=300; LDA から; 最大 10 反復 (NaCoO2 20、金属 15)	0.442	2.43	13.7	Silicon oxide - fibrous
mp-1071955	AlPS4	6	DRIFT_GOOD	5 月は収束の基準を満たしたが、最後の 3 反復が同じ向きに +0.08 eV 動いていた（履歴 5.4465, 4.6563, 4.7228, 4.7973, 4.8042）。回し直していない	GOOD	4.804	TF32; 本計算 legacy(ctrl+GWinput) ~/bin2 → 追加の計算 TOML(05-11) ×2; χ0 T=0, Σ GaussSmear esmr=0.003 Ry							0.005	1.98	26.0	Aluminium thiophosphate
mp-1072104	Ge2O4	6	GOOD		GOOD	3.849	TF32; 本計算 legacy(ctrl+GWinput) ~/bin2 → 追加の計算 TOML(05-11) ×2; χ0 T=0, Σ GaussSmear esmr=0.003 Ry							0.085	5.97	9.7	Germanium oxide; High pressure experimental phase
mp-1072399	Be5Pt	6	GOOD		GOOD	0.355	TF32; 本計算 legacy(ctrl+GWinput) ~/bin2 → 追加の計算 TOML(05-11) ×1; χ0 T=0, Σ GaussSmear esmr=0.003 Ry							0.000	7.52	8.8	Friauf-Laves phase; amounts of PtBe12, powder (determination of cell parameters); Be5Au; Beryllium platinum (5/1); Be5Pt
mp-1072429	Ga4Ru2	6	GOOD		GOOD	0.443	TF32; 本計算 legacy(ctrl+GWinput) ~/bin2 → 追加の計算 TOML(05-11) ×1; χ0 T=0, Σ GaussSmear esmr=0.003 Ry							0.000	9.50	14.0	Ruthenium gallide (1/2)
mp-1072589	Cu2GeS3	6	GOOD		GOOD	0.477	TF32; 本計算 legacy(ctrl+GWinput) ~/bin2 → 追加の計算 TOML(05-11) ×1; χ0 T=0, Σ GaussSmear esmr=0.003 Ry							0.002	4.48	18.3	Copper(I) germanium sulfide (2/1/3)
mp-1072660	V2As4	6	UNKNOWN_MAY	5 月: NOGAP_METAL_IN_LDA_TOO（金属・半金属。gwscconv がギャップを読めず止まった） / 回し直し(run2m): CONVERGED_METAL 5 反復、ギャップ none eV（LDA none）	UNKNOWN		TF32; 本計算 legacy(ctrl+GWinput) ~/bin2 → 追加の計算 TOML(05-11) ×1; χ0 T=0, Σ GaussSmear esmr=0.003 Ry	run2m	CONVERGED_METAL	5	none	none	fp32; 989a18637 (2026-09-29); POSCAR→vasp2ctrl→ctrlgenToml --ssig=0.8 (2026-09 の雛形); t_tetrakbt=300 t_sigmaw=300; LDA から; 最大 10 反復 (NaCoO2 20、金属 15)	0.000	6.93	16.0	Vanadium arsenide (1/2); VAs2; powder (determination of cell parameters); OsGe2
mp-1072956	Mg2F4	6	GOOD		GOOD	12.419	TF32; 本計算 legacy(ctrl+GWinput) ~/bin2 → 追加の計算 TOML(05-11) ×1; χ0 T=0, Σ GaussSmear esmr=0.003 Ry							0.002	3.04	11.3	High pressure experimental phase; Magnesium difluoride - beta phase; Magnesium fluoride; Magnesium difluoride
mp-1077078	K2C2N2	6	GOOD		GOOD	8.964	TF32; 本計算 legacy(ctrl+GWinput) ~/bin2 → 追加の計算 TOML(05-11) ×1; χ0 T=0, Σ GaussSmear esmr=0.003 Ry							0.126	1.54	23.3	High pressure experimental phase; Potassium cyanide
mp-1077098	Hg6	6	GOOD		GOOD	1.794	TF32; 本計算 legacy(ctrl+GWinput) ~/bin2 → 追加の計算 TOML(05-11) ×1; χ0 T=0, Σ GaussSmear esmr=0.003 Ry							0.018	8.86	37.6	Trimercury dioxide dichloride
mp-1077107	Hg3O3	6	GOOD		GOOD	2.599	TF32; 本計算 legacy(ctrl+GWinput) ~/bin2 → 追加の計算 TOML(05-11) ×1; χ0 T=0, Σ GaussSmear esmr=0.003 Ry							0.002	9.97	18.0	Mercury oxide (1/1)
mp-1077316	C2O4	6	NOTCONV_MAY	5 月は 10 反復で収束せず（最後の 3 反復の幅 0.1030 eV、履歴 11.2827, 11.4816, 11.3461, 11.3586, 11.4490） / 回し直し(run3): CONVERGED 6 反復、ギャップ 11.202313 eV（LDA 7.454761）、5 月との差 -0.25 eV	NOTCONV	11.449	TF32; 本計算 legacy(ctrl+GWinput) ~/bin2 → 追加の計算 TOML(05-11) ×1; χ0 T=0, Σ GaussSmear esmr=0.003 Ry	run3	CONVERGED	6	11.202313	7.454761	fp32; 989a18637 (2026-09-29); POSCAR→vasp2ctrl→ctrlgenToml --ssig=0.8 (2026-09 の雛形); t_tetrakbt=300 t_sigmaw=300; LDA から; 最大 10 反復 (NaCoO2 20、金属 15)	0.450	3.11	7.8	High pressure experimental phase; Carbon dioxide
mp-1077383	Cs2Au2S2	6	GOOD		GOOD	3.509	TF32; 本計算 legacy(ctrl+GWinput) ~/bin2 → 追加の計算 TOML(05-11) ×1; χ0 T=0, Σ GaussSmear esmr=0.003 Ry							0.000	5.87	34.1	sample prepared from Cs, Au, S, powder (determination of cell parameters); KAuS; Cesium gold sulfide (1/1/1); CsAuS
mp-1077553	Sr2BBrN2	6	FAILED_MAY	5 月の失敗: PROD_NaN_lqpe / 回し直し(run1): CONVERGED 5 反復、ギャップ 4.096167 eV（LDA 2.255133）	FAILED		TF32; 本計算 TOML(ctrlG+PB) ~/bin2; χ0 T=0, Σ GaussSmear esmr=0.003 Ry	run1	CONVERGED	5	4.096167	2.255133	fp32; 989a18637 (2026-09-29); POSCAR→vasp2ctrl→ctrlgenToml --ssig=0.8 (2026-09 の雛形); t_tetrakbt=300 t_sigmaw=300; LDA から; 最大 10 反復 (NaCoO2 20、金属 15)	0.033	3.68	22.1	Distrontium boron dinitride bromide
mp-1077811	Cu2Ag2S2	6	GOOD		GOOD	1.378	TF32; 本計算 legacy(ctrl+GWinput) ~/bin2 → 追加の計算 TOML(05-11) ×1; χ0 T=0, Σ GaussSmear esmr=0.003 Ry							0.031	6.09	18.5	Silver copper(I) sulfide - LP; Stromeyerite; Copper(I) silver sulfide
mp-1077814	Cs4S2	6	GOOD		GOOD	3.783	TF32; 本計算 legacy(ctrl+GWinput) ~/bin2 → 追加の計算 TOML(05-11) ×1; χ0 T=0, Σ GaussSmear esmr=0.003 Ry							0.067	4.06	40.6	Dicesium sulfate(VI) - I, HT
mp-1077906	C2O4	6	GOOD		GOOD	10.089	TF32; 本計算 legacy(ctrl+GWinput) ~/bin2 → 追加の計算 TOML(05-11) ×1; χ0 T=0, Σ GaussSmear esmr=0.003 Ry							0.007	1.76	13.8	High pressure experimental phase; Carbon dioxide
mp-10910	Al4Ru2	6	GOOD		GOOD	0.462	TF32; 本計算 legacy(ctrl+GWinput) ~/bin2 → 追加の計算 TOML(05-11) ×1; χ0 T=0, Σ GaussSmear esmr=0.003 Ry							0.000	6.25	13.7	Ruthenium aluminide (1/2); Aluminium ruthenium (2/1)
mp-1179094	Sr2H4	6	GOOD		GOOD	3.284	TF32; 本計算 legacy(ctrl+GWinput) ~/bin2 → 追加の計算 TOML(05-11) ×1; χ0 T=0, Σ GaussSmear esmr=0.003 Ry							0.044	3.54	14.0	Strontium hydride
mp-1179443	Si2Se4	6	GOOD		GOOD	3.711	TF32; 本計算 legacy(ctrl+GWinput) ~/bin2 → 追加の計算 TOML(05-11) ×1; χ0 T=0, Σ GaussSmear esmr=0.003 Ry							0.006	3.30	31.2	Silicon selenide
mp-1182867	AlWO4	6	UNKNOWN_MAY	5 月: NOGAP_METAL_IN_LDA_TOO（金属・半金属。gwscconv がギャップを読めず止まった） / 回し直し(run2m): CONVERGED_METAL 8 反復、ギャップ none eV（LDA none）	UNKNOWN		TF32; 本計算 legacy(ctrl+GWinput) ~/bin2 → 追加の計算 TOML(05-11) ×1; χ0 T=0, Σ GaussSmear esmr=0.003 Ry	run2m	CONVERGED_METAL	8	none	none	fp32; 989a18637 (2026-09-29); POSCAR→vasp2ctrl→ctrlgenToml --ssig=0.8 (2026-09 の雛形); t_tetrakbt=300 t_sigmaw=300; LDA から; 最大 10 反復 (NaCoO2 20、金属 15)	0.000	7.67	9.9	Aluminium tetraoxotungstate(V)
mp-1205316	Ba2Ag2Sb2	6	GOOD		GOOD	0.691	TF32; 本計算 legacy(ctrl+GWinput) ~/bin2 → 追加の計算 TOML(05-11) ×1; χ0 T=0, Σ GaussSmear esmr=0.003 Ry							0.000	6.33	32.1	Silver barium antimonide
mp-1205322	Ca2H4	6	GOOD		GOOD	2.792	TF32; 本計算 legacy(ctrl+GWinput) ~/bin2 → 追加の計算 TOML(05-11) ×1; χ0 T=0, Σ GaussSmear esmr=0.003 Ry							0.056	2.08	11.2	Calcium hydride
mp-12433	Na2Sn2N2	6	GOOD		GOOD	1.814	TF32; 本計算 legacy(ctrl+GWinput) ~/bin2 → 追加の計算 TOML(05-11) ×1; χ0 T=0, Σ GaussSmear esmr=0.003 Ry							0.064	4.78	18.0	Sodium tin(II) nitride
mp-1249	Mg2F4	6	NOTCONV_MAY	5 月は 10 反復で収束せず（最後の 3 反復の幅 0.1067 eV、履歴 11.6906, 11.9279, 11.9256, 11.8189, 11.8356） / 回し直し(run3): CONVERGED 6 反復、ギャップ 12.150571 eV（LDA 6.926135）、5 月との差 +0.31 eV	NOTCONV	11.836	TF32; 本計算 legacy(ctrl+GWinput) ~/bin2 → 追加の計算 TOML(05-11) ×1; χ0 T=0, Σ GaussSmear esmr=0.003 Ry	run3	CONVERGED	6	12.150571	6.926135	fp32; 989a18637 (2026-09-29); POSCAR→vasp2ctrl→ctrlgenToml --ssig=0.8 (2026-09 の雛形); t_tetrakbt=300 t_sigmaw=300; LDA から; 最大 10 反復 (NaCoO2 20、金属 15)	0.000	3.19	10.8	Magnesium fluoride - beta; Magnesium fluoride; Magnesium difluoride; Sellaite; High pressure experimental phase
mp-12557	Sr2Cu2As2	6	GOOD		GOOD	0.528	TF32; 本計算 legacy(ctrl+GWinput) ~/bin2 → 追加の計算 TOML(05-11) ×1; χ0 T=0, Σ GaussSmear esmr=0.003 Ry							0.000	5.59	22.4	Copper strontium arsenide (1/1/1)
mp-12561	Ta2As4	6	UNKNOWN_MAY	5 月: NOGAP_METAL_IN_LDA_TOO（金属・半金属。gwscconv がギャップを読めず止まった） / 回し直し(run2m): CONVERGED_METAL 5 反復、ギャップ none eV（LDA none）	UNKNOWN		TF32; 本計算 legacy(ctrl+GWinput) ~/bin2 → 追加の計算 TOML(05-11) ×1; χ0 T=0, Σ GaussSmear esmr=0.003 Ry	run2m	CONVERGED_METAL	5	none	none	fp32; 989a18637 (2026-09-29); POSCAR→vasp2ctrl→ctrlgenToml --ssig=0.8 (2026-09 の雛形); t_tetrakbt=300 t_sigmaw=300; LDA から; 最大 10 反復 (NaCoO2 20、金属 15)	0.000	10.13	18.1	Tantalum arsenide (1/2)
mp-1285	Pt2O4	6	GOOD		GOOD	1.679	TF32; 本計算 legacy(ctrl+GWinput) ~/bin2 → 追加の計算 TOML(05-11) ×1; χ0 T=0, Σ GaussSmear esmr=0.003 Ry							0.000	11.65	10.8	Platinum oxide (1/2); Platinum(IV) oxide - beta
mp-13097	Na2Zn2As2	6	GOOD		GOOD	1.376	TF32; 本計算 legacy(ctrl+GWinput) ~/bin2 → 追加の計算 TOML(05-11) ×1; χ0 T=0, Σ GaussSmear esmr=0.003 Ry							0.000	4.49	20.1	Sodium zinc arsenide
mp-13276	Sr2Li2P2	6	GOOD		GOOD	2.350	TF32; 本計算 legacy(ctrl+GWinput) ~/bin2 → 追加の計算 TOML(05-11) ×1; χ0 T=0, Σ GaussSmear esmr=0.003 Ry							0.000	3.13	22.2	Lithium strontium phosphide
mp-13277	Ba2Li2P2	6	GOOD		GOOD	1.890	TF32; 本計算 legacy(ctrl+GWinput) ~/bin2 → 追加の計算 TOML(05-11) ×1; χ0 T=0, Σ GaussSmear esmr=0.003 Ry							0.000	3.75	25.9	Lithium barium phosphide
mp-13548	Cs4Pt2	6	GOOD		GOOD	3.103	TF32; 本計算 legacy(ctrl+GWinput) ~/bin2 → 追加の計算 TOML(05-11) ×1; χ0 T=0, Σ GaussSmear esmr=0.003 Ry							0.000	6.64	38.4	Dicaesium platinide
mp-1413	P4Ru2	6	GOOD		GOOD	0.822	TF32; 本計算 legacy(ctrl+GWinput) ~/bin2 → 追加の計算 TOML(05-11) ×1; χ0 T=0, Σ GaussSmear esmr=0.003 Ry							0.000	6.20	14.6	Ruthenium phosphide (1/2); Ruthenium(VI) phosphide
mp-147	Se6	6	GOOD		GOOD	2.555	TF32; 本計算 legacy(ctrl+GWinput) ~/bin2 → 追加の計算 TOML(05-11) ×1; χ0 T=0, Σ GaussSmear esmr=0.003 Ry							0.023	4.40	29.8	Cyclo-hexaselenium
mp-1492	Cd3Te3	6	GOOD		GOOD	0.728	TF32; 本計算 legacy(ctrl+GWinput) ~/bin2 → 追加の計算 TOML(05-11) ×1; χ0 T=0, Σ GaussSmear esmr=0.003 Ry							0.113	6.15	32.4	Cadmium telluride; High pressure experimental phase
mp-1522	Fe2S4	6	GOOD		GOOD	1.294	TF32; 本計算 legacy(ctrl+GWinput) ~/bin2 → 追加の計算 TOML(05-11) ×1; χ0 T=0, Σ GaussSmear esmr=0.003 Ry							0.000	4.94	13.4	Iron persulfide; Iron sulfide (1/2); Marcasite; Iron duo-disulfide
mp-1541909	Cs2Te2Au2	6	GOOD		GOOD	2.722	TF32; 本計算 legacy(ctrl+GWinput) ~/bin2 → 追加の計算 TOML(05-11) ×1; χ0 T=0, Σ GaussSmear esmr=0.003 Ry							0.000	5.56	45.6	Cesium catena-telluridoaurate(I)
mp-1575	Ca2C4	6	GOOD		GOOD	4.290	TF32; 本計算 legacy(ctrl+GWinput) ~/bin2 → 追加の計算 TOML(05-11) ×1; χ0 T=0, Σ GaussSmear esmr=0.003 Ry							0.000	2.20	16.1	Calcium carbide (1/2) - II; Calcium carbide (1/2) - III
mp-1602	Si2S4	6	GOOD		GOOD	4.901	TF32; 本計算 legacy(ctrl+GWinput) ~/bin2 → 追加の計算 TOML(05-11) ×1; χ0 T=0, Σ GaussSmear esmr=0.003 Ry							0.000	1.96	26.1	Silicon disulfide; Silicon sulfide
mp-16236	K2Ag2Se2	6	GOOD		GOOD	1.654	TF32; 本計算 legacy(ctrl+GWinput) ~/bin2 → 追加の計算 TOML(05-11) ×1; χ0 T=0, Σ GaussSmear esmr=0.003 Ry							0.000	4.78	26.2	Silver potassium selenide
mp-1634	Mo2Se4	6	GOOD		GOOD	1.748	TF32; 本計算 legacy(ctrl+GWinput) ~/bin2 → 追加の計算 TOML(05-11) ×1; χ0 T=0, Σ GaussSmear esmr=0.003 Ry							0.000	6.51	21.6	Molybdenum diselenide; Molybdenum(IV) selenide; Drysdallite; Molybdenum selenide (1/2)
mp-1821	W2Se4	6	GOOD		GOOD	2.042	TF32; 本計算 legacy(ctrl+GWinput) ~/bin2 → 追加の計算 TOML(05-11) ×1; χ0 T=0, Σ GaussSmear esmr=0.003 Ry							0.000	8.66	21.9	Tungsten(IV) selenide - 2H; Tungsten selenide (1/2)
mp-1873	Zn2F4	6	NOTCONV_MAY	5 月は 10 反復で収束せず（最後の 3 反復の幅 0.2458 eV、履歴 8.2590, 9.1949, 8.7264, 8.5968, 8.4806） / 回し直し(run3): CONVERGED 6 反復、ギャップ 8.052167 eV（LDA 3.431755）、5 月との差 -0.43 eV	NOTCONV	8.481	TF32; 本計算 legacy(ctrl+GWinput) ~/bin2 → 追加の計算 TOML(05-11) ×1; χ0 T=0, Σ GaussSmear esmr=0.003 Ry	run3	CONVERGED	6	8.052167	3.431755	fp32; 989a18637 (2026-09-29); POSCAR→vasp2ctrl→ctrlgenToml --ssig=0.8 (2026-09 の雛形); t_tetrakbt=300 t_sigmaw=300; LDA から; 最大 10 反復 (NaCoO2 20、金属 15)	0.000	4.96	11.5	Zinc difluoride; Zinc fluoride
mp-1950	Sr2S4	6	GOOD		GOOD	3.001	TF32; 本計算 legacy(ctrl+GWinput) ~/bin2 → 追加の計算 TOML(05-11) ×1; χ0 T=0, Σ GaussSmear esmr=0.003 Ry							0.023	3.49	24.1	High pressure experimental phase; Strontium persulfide
mp-1969	Nb2Sb4	6	UNKNOWN_MAY	5 月: NOGAP_METAL_IN_LDA_TOO（金属・半金属。gwscconv がギャップを読めず止まった） / 回し直し(run2m): CONVERGED_METAL 5 反復、ギャップ none eV（LDA none）	UNKNOWN		TF32; 本計算 legacy(ctrl+GWinput) ~/bin2 → 追加の計算 TOML(05-11) ×1; χ0 T=0, Σ GaussSmear esmr=0.003 Ry	run2m	CONVERGED_METAL	5	none	none	fp32; 989a18637 (2026-09-29); POSCAR→vasp2ctrl→ctrlgenToml --ssig=0.8 (2026-09 の雛形); t_tetrakbt=300 t_sigmaw=300; LDA から; 最大 10 反復 (NaCoO2 20、金属 15)	0.000	8.10	23.0	Niobium antimonide (1/2)
mp-19880	Fe2Te4	6	GOOD		GOOD	0.387	TF32; 本計算 legacy(ctrl+GWinput) ~/bin2 → 追加の計算 TOML(05-11) ×1; χ0 T=0, Σ GaussSmear esmr=0.003 Ry							0.000	8.14	21.1	Iron telluride (1/2) - delta; Frohbergite; Iron telluride (1/2)
mp-20027	Fe2P4	6	GOOD		GOOD	0.636	TF32; 本計算 legacy(ctrl+GWinput) ~/bin2 → 追加の計算 TOML(05-11) ×1; χ0 T=0, Σ GaussSmear esmr=0.003 Ry							0.000	5.21	12.5	Iron diphosphide; Iron phosphide (1/2)
mp-2008	Fe2As4	6	GOOD		GOOD	0.420	TF32; 本計算 legacy(ctrl+GWinput) ~/bin2 → 追加の計算 TOML(05-11) ×1; χ0 T=0, Σ GaussSmear esmr=0.003 Ry							0.000	7.60	15.0	Iron arsenide (1/2); Loellingite
mp-20790	InPS4	6	GOOD		GOOD	3.850	TF32; 本計算 legacy(ctrl+GWinput) ~/bin2 → 追加の計算 TOML(05-11) ×1; χ0 T=0, Σ GaussSmear esmr=0.003 Ry							0.000	3.06	24.8	Indium tetrathiophosphate; Indium tetrathiophosphate(V)
mp-20928	Sb4Ru2	6	GOOD		GOOD	0.251	TF32; 本計算 legacy(ctrl+GWinput) ~/bin2 → 追加の計算 TOML(05-11) ×1; χ0 T=0, Σ GaussSmear esmr=0.003 Ry							0.000	8.87	21.5	Ruthenium antimonide (1/2); Ruthenium(VI) antimonide
mp-2150	Ba2Te4	6	GOOD		GOOD	1.480	TF32; 本計算 legacy(ctrl+GWinput) ~/bin2 → 追加の計算 TOML(05-11) ×1; χ0 T=0, Σ GaussSmear esmr=0.003 Ry							0.000	5.44	40.0	Barium ditelluride
mp-2232	C2S4	6	GOOD		GOOD	6.623	TF32; 本計算 legacy(ctrl+GWinput) ~/bin2 → 追加の計算 TOML(05-11) ×1; χ0 T=0, Σ GaussSmear esmr=0.003 Ry							0.226	1.18	35.8	Carbon disulfide; Carbon sulfide
mp-224	W2S4	6	GOOD		GOOD	2.219	TF32; 本計算 legacy(ctrl+GWinput) ~/bin2 → 追加の計算 TOML(05-11) ×1; χ0 T=0, Σ GaussSmear esmr=0.003 Ry							0.000	7.23	19.0	Tungstenite-2H; Tungsten(IV) sulfide - 2H; Tungsten sulfide (1/2); Tungstenite 2H
mp-22888	Ca2Br4	6	GOOD		GOOD	7.146	TF32; 本計算 legacy(ctrl+GWinput) ~/bin2 → 追加の計算 TOML(05-11) ×1; χ0 T=0, Σ GaussSmear esmr=0.003 Ry							0.000	3.31	33.4	Calcium dibromide; Calcium bromide
mp-22904	Ca2Cl4	6	NOTCONV_MAY	5 月は 10 反復で収束せず（最後の 3 反復の幅 0.2608 eV、履歴 8.9133, 8.2358, 8.2011, 8.4619, 8.4455） / 回し直し(run3): CONVERGED 6 反復、ギャップ 8.374065 eV（LDA 5.055033）、5 月との差 -0.07 eV	NOTCONV	8.446	TF32; 本計算 legacy(ctrl+GWinput) ~/bin2 → 追加の計算 TOML(05-11) ×1; χ0 T=0, Σ GaussSmear esmr=0.003 Ry	run3	CONVERGED	6	8.374065	5.055033	fp32; 989a18637 (2026-09-29); POSCAR→vasp2ctrl→ctrlgenToml --ssig=0.8 (2026-09 の雛形); t_tetrakbt=300 t_sigmaw=300; LDA から; 最大 10 反復 (NaCoO2 20、金属 15)	0.002	2.15	28.6	Calcium chloride; Calcium chloride - HT
mp-22909	Zn2Cl4	6	GOOD		GOOD	6.935	TF32; 本計算 legacy(ctrl+GWinput) ~/bin2 → 追加の計算 TOML(05-11) ×1; χ0 T=0, Σ GaussSmear esmr=0.003 Ry							0.000	2.93	25.8	Zinc chloride - alpha
mp-22935	Cs2Br2F2	6	GOOD		GOOD	5.400	TF32; 本計算 legacy(ctrl+GWinput) ~/bin2 → 追加の計算 TOML(05-11) ×1; χ0 T=0, Σ GaussSmear esmr=0.003 Ry							0.125	4.16	30.9	Cesium fluoride - bromine (2/1)
mp-22939	Bi2Cl2O2	6	GOOD		GOOD	3.728	TF32; 本計算 legacy(ctrl+GWinput) ~/bin2 → 追加の計算 TOML(05-11) ×1; χ0 T=0, Σ GaussSmear esmr=0.003 Ry							0.040	7.61	18.9	Bismoclite; Bismuth oxide chloride
mp-22945	Te2Rh2Cl2	6	GOOD		GOOD	1.586	TF32; 本計算 legacy(ctrl+GWinput) ~/bin2 → 追加の計算 TOML(05-11) ×1; χ0 T=0, Σ GaussSmear esmr=0.003 Ry							0.000	5.97	24.7	Rhodium(III) telluride chloride; Rhodium telluride chloride
mp-22951	Ba2I2F2	6	GOOD		GOOD	6.112	TF32; 本計算 legacy(ctrl+GWinput) ~/bin2 → 追加の計算 TOML(05-11) ×1; χ0 T=0, Σ GaussSmear esmr=0.003 Ry							0.086	5.31	29.5	Barium fluoride iodide
mp-22957	Sr2Cl2F2	6	GOOD		GOOD	8.661	TF32; 本計算 legacy(ctrl+GWinput) ~/bin2 → 追加の計算 TOML(05-11) ×1; χ0 T=0, Σ GaussSmear esmr=0.003 Ry							0.176	3.97	19.8	Strontium chloride fluoride; Strontium fluoride chloride
mp-22964	Pb2Cl2F2	6	GOOD		GOOD	5.188	TF32; 本計算 legacy(ctrl+GWinput) ~/bin2 → 追加の計算 TOML(05-11) ×1; χ0 T=0, Σ GaussSmear esmr=0.003 Ry							0.203	7.11	20.4	Lead chloride fluoride; Lead fluoride chloride; Matlockite
mp-22969	Pb2I2F2	6	GOOD		GOOD	3.374	TF32; 本計算 legacy(ctrl+GWinput) ~/bin2 → 追加の計算 TOML(05-11) ×1; χ0 T=0, Σ GaussSmear esmr=0.003 Ry							0.148	6.91	28.3	Lead iodide fluoride; High pressure experimental phase; Lead fluoride iodide
mp-22987	Bi2I2O2	6	GOOD		GOOD	2.557	TF32; 本計算 legacy(ctrl+GWinput) ~/bin2 → 追加の計算 TOML(05-11) ×1; χ0 T=0, Σ GaussSmear esmr=0.003 Ry							0.044	7.59	25.7	Bismuth oxide iodide
mp-22993	AgClO4	6	FAILED_MAY	5 月の失敗: PROD_NaN_lqpe / 回し直し(run1): CONVERGED 6 反復、ギャップ 6.097852 eV（LDA 2.558213）	FAILED		TF32; 本計算 TOML(ctrlG+PB) ~/bin2; χ0 T=0, Σ GaussSmear esmr=0.003 Ry	run1	CONVERGED	6	6.097852	2.558213	fp32; 989a18637 (2026-09-29); POSCAR→vasp2ctrl→ctrlgenToml --ssig=0.8 (2026-09 の雛形); t_tetrakbt=300 t_sigmaw=300; LDA から; 最大 10 反復 (NaCoO2 20、金属 15)	0.000	4.23	13.6	Silver chlorate(VII)
mp-23008	Pb2Br2F2	6	GOOD		GOOD	4.016	TF32; 本計算 legacy(ctrl+GWinput) ~/bin2 → 追加の計算 TOML(05-11) ×1; χ0 T=0, Σ GaussSmear esmr=0.003 Ry							0.173	7.57	22.4	Lead fluoride bromide; Lead bromide fluoride
mp-23024	Sr2Br2F2	6	GOOD		GOOD	7.638	TF32; 本計算 legacy(ctrl+GWinput) ~/bin2 → 追加の計算 TOML(05-11) ×1; χ0 T=0, Σ GaussSmear esmr=0.003 Ry							0.153	4.70	21.9	Strontium fluoride bromide
mp-23052	Zr2I2N2	6	FAILED_MAY	5 月の失敗: NOGAP_GAP_COLLAPSED(LDA gap 1.18 eV) / 回し直し(run1): CONVERGED 5 反復、ギャップ 2.876096 eV（LDA 1.183343）	FAILED		TF32; 本計算 legacy(ctrl+GWinput) ~/bin2 → 追加の計算 TOML(05-11) ×1; χ0 T=0, Σ GaussSmear esmr=0.003 Ry	run1	CONVERGED	5	2.876096	1.183343	fp32; 989a18637 (2026-09-29); POSCAR→vasp2ctrl→ctrlgenToml --ssig=0.8 (2026-09 の雛形); t_tetrakbt=300 t_sigmaw=300; LDA から; 最大 10 反復 (NaCoO2 20、金属 15)	0.000	5.14	25.0	Zirconium nitride iodide
mp-23070	Ba2Br2F2	6	GOOD		GOOD	7.430	TF32; 本計算 legacy(ctrl+GWinput) ~/bin2 → 追加の計算 TOML(05-11) ×1; χ0 T=0, Σ GaussSmear esmr=0.003 Ry							0.127	5.08	25.7	Barium bromide fluoride; Barium fluoride bromide
mp-23072	Bi2Br2O2	6	GOOD		GOOD	3.264	TF32; 本計算 legacy(ctrl+GWinput) ~/bin2 → 追加の計算 TOML(05-11) ×1; χ0 T=0, Σ GaussSmear esmr=0.003 Ry							0.056	7.82	21.6	Bismuth oxide bromide
mp-23074	Bi2O2F2	6	GOOD		GOOD	4.999	TF32; 本計算 legacy(ctrl+GWinput) ~/bin2 → 追加の計算 TOML(05-11) ×1; χ0 T=0, Σ GaussSmear esmr=0.003 Ry							0.004	9.39	14.4	Bismuth oxide fluoride; Zavaritskite
mp-23173	Hg2I4	6	GOOD		GOOD	3.849	TF32; 本計算 legacy(ctrl+GWinput) ~/bin2 → 追加の計算 TOML(05-11) ×1; χ0 T=0, Σ GaussSmear esmr=0.003 Ry							0.001	5.83	43.2	Mercury iodide
mp-2319	P4Os2	6	GOOD		GOOD	1.092	TF32; 本計算 legacy(ctrl+GWinput) ~/bin2 → 追加の計算 TOML(05-11) ×1; χ0 T=0, Σ GaussSmear esmr=0.003 Ry							0.000	9.45	14.8	Osmium(VI) phosphide; Osmium phosphide (1/2); Osmium diphosphide
mp-23192	Hg2I4	6	GOOD		GOOD	2.599	TF32; 本計算 legacy(ctrl+GWinput) ~/bin2 → 追加の計算 TOML(05-11) ×1; χ0 T=0, Σ GaussSmear esmr=0.003 Ry							0.000	5.89	42.7	Mercury iodide - red phase; Mercury iodide - red; Mercury iodide; Coccinite; Mercury iodide - beta; Mercury diiodide; Di
mp-23214	Ca2Cl4	6	DRIFT_GOOD	5 月は収束の基準を満たしたが、最後の 3 反復が同じ向きに -0.09 eV 動いていた（履歴 8.4768, 8.4049, 8.3830）。回し直していない	GOOD	8.383	TF32; 本計算 legacy(ctrl+GWinput) ~/bin2 → 追加の計算 TOML(05-11) ×1; χ0 T=0, Σ GaussSmear esmr=0.003 Ry							0.001	2.16	28.4	Calcium chloride; Calcium dichloride; Hydrophilite
mp-23267	Be2Cl4	6	GOOD		GOOD	9.431	TF32; 本計算 legacy(ctrl+GWinput) ~/bin2 → 追加の計算 TOML(05-11) ×1; χ0 T=0, Σ GaussSmear esmr=0.003 Ry							0.009	1.90	23.3	Beryllium chloride - alpha; Beryllium chloride
mp-23292	Hg2Br4	6	GOOD		GOOD	4.490	TF32; 本計算 legacy(ctrl+GWinput) ~/bin2 → 追加の計算 TOML(05-11) ×1; χ0 T=0, Σ GaussSmear esmr=0.003 Ry							0.000	5.77	34.5	Mercury bromide - LT; Mercury bromide
mp-23432	Ba2Cl2F2	6	GOOD		GOOD	8.347	TF32; 本計算 legacy(ctrl+GWinput) ~/bin2 → 追加の計算 TOML(05-11) ×1; χ0 T=0, Σ GaussSmear esmr=0.003 Ry							0.168	4.48	23.7	Barium fluoride chloride; Barium chloride fluoride; Barium-matlockite; High pressure experimental phase
mp-23710	Mg2H4	6	GOOD		GOOD	6.542	TF32; 本計算 legacy(ctrl+GWinput) ~/bin2 → 追加の計算 TOML(05-11) ×1; χ0 T=0, Σ GaussSmear esmr=0.003 Ry							0.000	1.46	10.0	Magnesium dideuteride - alpha; Magnesium hydride (1/2) - alpha; Magnesium deuteride - alpha; Magnesium hydride - alpha; 
mp-23759	Sr2H4	6	GOOD		GOOD	3.338	TF32; 本計算 legacy(ctrl+GWinput) ~/bin2 → 追加の計算 TOML(05-11) ×1; χ0 T=0, Σ GaussSmear esmr=0.003 Ry							0.046	3.56	13.9	Strontium dihydride; High pressure experimental phase
mp-23856	Li2H2O2	6	NOTCONV_MAY	5 月は 10 反復で収束せず（最後の 3 反復の幅 0.1714 eV、履歴 8.1984, 7.9139, 7.8655, 7.7302, 7.9016） / 回し直し(run3): CONVERGED 6 反復、ギャップ 7.880123 eV（LDA 4.018490）、5 月との差 -0.02 eV	NOTCONV	7.902	TF32; 本計算 legacy(ctrl+GWinput) ~/bin2 → 追加の計算 TOML(05-11) ×1; χ0 T=0, Σ GaussSmear esmr=0.003 Ry	run3	CONVERGED	6	7.880123	4.018490	fp32; 989a18637 (2026-09-29); POSCAR→vasp2ctrl→ctrlgenToml --ssig=0.8 (2026-09 の雛形); t_tetrakbt=300 t_sigmaw=300; LDA から; 最大 10 反復 (NaCoO2 20、金属 15)	0.000	1.53	8.7	Lithium hydroxide
mp-23859	Ca2H2Cl2	6	GOOD		GOOD	6.441	TF32; 本計算 legacy(ctrl+GWinput) ~/bin2 → 追加の計算 TOML(05-11) ×1; χ0 T=0, Σ GaussSmear esmr=0.003 Ry							0.042	2.53	16.8	Calcium hydride chloride
mp-23860	Sr2H2Cl2	6	GOOD		GOOD	6.385	TF32; 本計算 legacy(ctrl+GWinput) ~/bin2 → 追加の計算 TOML(05-11) ×1; χ0 T=0, Σ GaussSmear esmr=0.003 Ry							0.014	3.50	19.6	Strontium hydride chloride
mp-23861	Ba2H2Cl2	6	DRIFT_GOOD	5 月は収束の基準を満たしたが、最後の 3 反復が同じ向きに +0.09 eV 動いていた（履歴 5.8169, 5.8998, 5.9093）。回し直していない	GOOD	5.909	TF32; 本計算 legacy(ctrl+GWinput) ~/bin2 → 追加の計算 TOML(05-11) ×1; χ0 T=0, Σ GaussSmear esmr=0.003 Ry							0.012	4.06	23.7	Barium hydride chloride
mp-23862	Ba2H2I2	6	GOOD		GOOD	4.654	TF32; 本計算 legacy(ctrl+GWinput) ~/bin2 → 追加の計算 TOML(05-11) ×1; χ0 T=0, Σ GaussSmear esmr=0.003 Ry							0.000	4.95	29.7	Barium hydride iodide
mp-23891	Na2H2O2	6	NOTCONV_MAY	5 月は 10 反復で収束せず（最後の 3 反復の幅 0.1490 eV、履歴 6.9672, 6.8267, 6.7069, 6.8560, 6.8458） / 回し直し(run3): CONVERGED 6 反復、ギャップ 6.787306 eV（LDA 2.892917）、5 月との差 -0.06 eV	NOTCONV	6.846	TF32; 本計算 legacy(ctrl+GWinput) ~/bin2 → 追加の計算 TOML(05-11) ×1; χ0 T=0, Σ GaussSmear esmr=0.003 Ry	run3	CONVERGED	6	6.787306	2.892917	fp32; 989a18637 (2026-09-29); POSCAR→vasp2ctrl→ctrlgenToml --ssig=0.8 (2026-09 の雛形); t_tetrakbt=300 t_sigmaw=300; LDA から; 最大 10 反復 (NaCoO2 20、金属 15)	0.009	2.16	10.3	Sodium hydroxide - alpha; Sodium hydroxide
mp-23940	Na2H2O2	6	NOTCONV_MAY	5 月は 10 反復で収束せず（最後の 3 反復の幅 0.1741 eV、履歴 6.4612, 6.5393, 6.4005, 6.5407, 6.5747） / 回し直し(run3): CONVERGED 6 反復、ギャップ 6.813937 eV（LDA 2.924744）、5 月との差 +0.24 eV	NOTCONV	6.575	TF32; 本計算 legacy(ctrl+GWinput) ~/bin2 → 追加の計算 TOML(05-11) ×1; χ0 T=0, Σ GaussSmear esmr=0.003 Ry	run3	CONVERGED	6	6.813937	2.924744	fp32; 989a18637 (2026-09-29); POSCAR→vasp2ctrl→ctrlgenToml --ssig=0.8 (2026-09 の雛形); t_tetrakbt=300 t_sigmaw=300; LDA から; 最大 10 反復 (NaCoO2 20、金属 15)	0.010	2.16	10.2	Sodium hydroxide - beta
mp-24204	Ca2H2I2	6	GOOD		GOOD	5.406	TF32; 本計算 legacy(ctrl+GWinput) ~/bin2 → 追加の計算 TOML(05-11) ×1; χ0 T=0, Σ GaussSmear esmr=0.003 Ry							0.043	3.69	25.2	Calcium hydride iodide
mp-24205	Sr2H2I2	6	GOOD		GOOD	5.388	TF32; 本計算 legacy(ctrl+GWinput) ~/bin2 → 追加の計算 TOML(05-11) ×1; χ0 T=0, Σ GaussSmear esmr=0.003 Ry							0.007	4.28	27.9	Strontium hydride iodide
mp-24422	Ca2H2Br2	6	GOOD		GOOD	6.632	TF32; 本計算 legacy(ctrl+GWinput) ~/bin2 → 追加の計算 TOML(05-11) ×1; χ0 T=0, Σ GaussSmear esmr=0.003 Ry							0.025	3.30	20.3	Calcium hydride bromide
mp-24423	Sr2H2Br2	6	GOOD		GOOD	5.852	TF32; 本計算 legacy(ctrl+GWinput) ~/bin2 → 追加の計算 TOML(05-11) ×1; χ0 T=0, Σ GaussSmear esmr=0.003 Ry							0.012	4.27	21.8	Strontium hydride bromide
mp-24424	Ba2H2Br2	6	GOOD		GOOD	5.356	TF32; 本計算 legacy(ctrl+GWinput) ~/bin2 → 追加の計算 TOML(05-11) ×1; χ0 T=0, Σ GaussSmear esmr=0.003 Ry							0.000	4.67	25.8	Barium hydride bromide
mp-2455	As4Os2	6	GOOD		GOOD	1.002	TF32; 本計算 legacy(ctrl+GWinput) ~/bin2 → 追加の計算 TOML(05-11) ×1; χ0 T=0, Σ GaussSmear esmr=0.003 Ry							0.000	11.03	17.1	Osmium arsenide (1/2); Osmium diarsenide; Omeiite; Osmium(VI) arsenide
mp-24809	Ca2H4	6	GOOD		GOOD	2.765	TF32; 本計算 legacy(ctrl+GWinput) ~/bin2 → 追加の計算 TOML(05-11) ×1; χ0 T=0, Σ GaussSmear esmr=0.003 Ry							0.061	2.09	11.2	Calcium hydride - HP; High pressure experimental phase
mp-2574	Zr2O4	6	GOOD		GOOD	6.232	TF32; 本計算 legacy(ctrl+GWinput) ~/bin2 → 追加の計算 TOML(05-11) ×1; χ0 T=0, Σ GaussSmear esmr=0.003 Ry							0.027	6.04	11.3	Zirconium oxide; Zirconia (nanocrystalline); Zircon dioxide; Zirconium oxide - metastable; Zirconium dioxide; Zirconium 
mp-267	Te4Ru2	6	GOOD		GOOD	0.685	TF32; 本計算 legacy(ctrl+GWinput) ~/bin2 → 追加の計算 TOML(05-11) ×1; χ0 T=0, Σ GaussSmear esmr=0.003 Ry							0.000	8.53	23.1	Ruthenium(IV) telluride; Ruthenium telluride (1/2)
mp-2695	Sb4Os2	6	GOOD		GOOD	0.638	TF32; 本計算 legacy(ctrl+GWinput) ~/bin2 → 追加の計算 TOML(05-11) ×1; χ0 T=0, Σ GaussSmear esmr=0.003 Ry							0.000	11.07	21.7	Osmium(VI) antimonide; Osmium antimonide (1/2); Osmium diantimonide
mp-27484	Tl4O2	6	GOOD		GOOD	1.157	TF32; 本計算 legacy(ctrl+GWinput) ~/bin2 → 追加の計算 TOML(05-11) ×1; χ0 T=0, Σ GaussSmear esmr=0.003 Ry							0.000	9.90	23.8	Thallium oxide
mp-27502	C2N2Cl2	6	GOOD		GOOD	9.170	TF32; 本計算 legacy(ctrl+GWinput) ~/bin2 → 追加の計算 TOML(05-11) ×1; χ0 T=0, Σ GaussSmear esmr=0.003 Ry							0.421	1.41	24.1	Cyanogen chloride
mp-27546	Ca2Cl2F2	6	GOOD		GOOD	9.075	TF32; 本計算 legacy(ctrl+GWinput) ~/bin2 → 追加の計算 TOML(05-11) ×1; χ0 T=0, Σ GaussSmear esmr=0.003 Ry							0.214	3.05	17.1	Rorisite; Calcium chloride fluoride
mp-27702	In2Cl2O2	6	GOOD		GOOD	4.507	TF32; 本計算 legacy(ctrl+GWinput) ~/bin2 → 追加の計算 TOML(05-11) ×1; χ0 T=0, Σ GaussSmear esmr=0.003 Ry							0.138	4.52	20.4	Indium oxide chloride
mp-27703	In2Br2O2	6	GOOD		GOOD	3.969	TF32; 本計算 legacy(ctrl+GWinput) ~/bin2 → 追加の計算 TOML(05-11) ×1; χ0 T=0, Σ GaussSmear esmr=0.003 Ry							0.172	5.28	22.1	Indium oxide bromide
mp-27716	K2Tl2O2	6	NOTCONV_MAY	5 月は 10 反復で収束せず（最後の 3 反復の幅 0.8465 eV、履歴 9.1049, 2.5409, 3.4137, 2.9419, 2.5672） / 回し直し(run3): CONVERGED 5 反復、ギャップ 2.327173 eV（LDA 1.120718）、5 月との差 -0.24 eV	NOTCONV	2.567	TF32; 本計算 legacy(ctrl+GWinput) ~/bin2 → 追加の計算 TOML(05-11) ×1; χ0 T=0, Σ GaussSmear esmr=0.003 Ry	run3	CONVERGED	5	2.327173	1.120718	fp32; 989a18637 (2026-09-29); POSCAR→vasp2ctrl→ctrlgenToml --ssig=0.8 (2026-09 の雛形); t_tetrakbt=300 t_sigmaw=300; LDA から; 最大 10 反復 (NaCoO2 20、金属 15)	0.000	6.13	23.4	Potassium thallium oxide
mp-27724	BPS4	6	GOOD		GOOD	4.128	TF32; 本計算 legacy(ctrl+GWinput) ~/bin2 → 追加の計算 TOML(05-11) ×1; χ0 T=0, Σ GaussSmear esmr=0.003 Ry							0.000	1.99	23.6	Boron tetrathiophosphate(V)
mp-27726	S2O4	6	NOTCONV_MAY	5 月は 10 反復で収束せず（最後の 3 反復の幅 0.1368 eV、履歴 7.1482, 6.5806, 6.8169, 6.8646, 6.9537） / 回し直し(run3): CONVERGED 6 反復、ギャップ 6.659674 eV（LDA 2.598452）、5 月との差 -0.29 eV	NOTCONV	6.954	TF32; 本計算 legacy(ctrl+GWinput) ~/bin2 → 追加の計算 TOML(05-11) ×1; χ0 T=0, Σ GaussSmear esmr=0.003 Ry	run3	CONVERGED	6	6.659674	2.598452	fp32; 989a18637 (2026-09-29); POSCAR→vasp2ctrl→ctrlgenToml --ssig=0.8 (2026-09 の雛形); t_tetrakbt=300 t_sigmaw=300; LDA から; 最大 10 反復 (NaCoO2 20、金属 15)	0.000	2.04	17.4	Sulfur dioxide; Sulfur(IV) oxide
mp-27743	BiF5	6	NOTCONV_MAY	5 月は 10 反復で収束せず（最後の 3 反復の幅 0.1233 eV、履歴 6.0730, 5.6084, 5.5242, 5.4010, 5.4394） / 回し直し(run3): CONVERGED 6 反復、ギャップ 5.546530 eV（LDA 1.788071）、5 月との差 +0.11 eV	NOTCONV	5.439	TF32; 本計算 legacy(ctrl+GWinput) ~/bin2 → 追加の計算 TOML(05-11) ×1; χ0 T=0, Σ GaussSmear esmr=0.003 Ry	run3	CONVERGED	6	5.546530	1.788071	fp32; 989a18637 (2026-09-29); POSCAR→vasp2ctrl→ctrlgenToml --ssig=0.8 (2026-09 の雛形); t_tetrakbt=300 t_sigmaw=300; LDA から; 最大 10 反復 (NaCoO2 20、金属 15)	0.000	5.77	14.6	Bismuth(V) fluoride
mp-27754	WCl4O	6	GOOD		GOOD	3.883	TF32; 本計算 legacy(ctrl+GWinput) ~/bin2 → 追加の計算 TOML(05-11) ×1; χ0 T=0, Σ GaussSmear esmr=0.003 Ry							0.565	3.50	27.0	Tungsten oxide tetrachloride
mp-27849	Ti2Br2N2	6	GOOD		GOOD	1.791	TF32; 本計算 legacy(ctrl+GWinput) ~/bin2 → 追加の計算 TOML(05-11) ×1; χ0 T=0, Σ GaussSmear esmr=0.003 Ry							0.140	4.13	19.0	Titanium nitride bromide; Titanium nitride bromide - alpha
mp-27850	Ti2N2Cl2	6	GOOD		GOOD	1.948	TF32; 本計算 legacy(ctrl+GWinput) ~/bin2 → 追加の計算 TOML(05-11) ×1; χ0 T=0, Σ GaussSmear esmr=0.003 Ry							0.076	3.10	17.4	Titanium nitride chloride; Titanium nitride chloride - alpha; Titanium nitride chloride (1/1/1)
mp-27863	Al2Cl2O2	6	GOOD		GOOD	8.935	TF32; 本計算 legacy(ctrl+GWinput) ~/bin2 → 追加の計算 TOML(05-11) ×1; χ0 T=0, Σ GaussSmear esmr=0.003 Ry							0.197	2.89	15.0	Aluminium oxide chloride
mp-27934	Cd2Br4	6	GOOD		GOOD	4.957	TF32; 本計算 legacy(ctrl+GWinput) ~/bin2 → 追加の計算 TOML(05-11) ×1; χ0 T=0, Σ GaussSmear esmr=0.003 Ry							0.000	4.99	30.2	Cadmium bromide
mp-27985	Y2Cl2O2	6	FAILED_MAY	5 月の失敗: NOGAP_GAP_COLLAPSED(LDA gap 4.89 eV) / 回し直し(run1): CONVERGED 5 反復、ギャップ 6.979708 eV（LDA 4.890571）	FAILED		TF32; 本計算 legacy(ctrl+GWinput) ~/bin2 → 追加の計算 TOML(05-11) ×1; χ0 T=0, Σ GaussSmear esmr=0.003 Ry	run1	CONVERGED	5	6.979708	4.890571	fp32; 989a18637 (2026-09-29); POSCAR→vasp2ctrl→ctrlgenToml --ssig=0.8 (2026-09 の雛形); t_tetrakbt=300 t_sigmaw=300; LDA から; 最大 10 反復 (NaCoO2 20、金属 15)	0.155	4.63	16.8	Yttrium oxide chloride; Yttrium oxychloride
mp-27989	C2Br2N2	6	GOOD		GOOD	8.516	TF32; 本計算 legacy(ctrl+GWinput) ~/bin2 → 追加の計算 TOML(05-11) ×1; χ0 T=0, Σ GaussSmear esmr=0.003 Ry							0.461	2.17	27.1	Bromine(I) cyanide
mp-28051	Sb2Te2I2	6	GOOD		GOOD	1.411	TF32; 本計算 legacy(ctrl+GWinput) ~/bin2 → 追加の計算 TOML(05-11) ×1; χ0 T=0, Σ GaussSmear esmr=0.003 Ry							0.144	5.50	37.8	Antimony telluride iodide
mp-2815	Mo2S4	6	GOOD		GOOD	2.189	TF32; 本計算 legacy(ctrl+GWinput) ~/bin2 → 追加の計算 TOML(05-11) ×1; χ0 T=0, Σ GaussSmear esmr=0.003 Ry							0.002	4.50	19.7	Molybdenite-2H; Molybdenum(IV) sulfide - 2H; Molybdenite; Molybdenite 2H; Molybdenum sulfide (1/2); Molybdenum disulfide
mp-28248	Cd2I4	6	GOOD		GOOD	3.942	TF32; 本計算 legacy(ctrl+GWinput) ~/bin2 → 追加の計算 TOML(05-11) ×1; χ0 T=0, Σ GaussSmear esmr=0.003 Ry							0.000	5.25	38.6	Cadmium iodide
mp-28260	WBr4O	6	GOOD		GOOD	2.756	TF32; 本計算 legacy(ctrl+GWinput) ~/bin2 → 追加の計算 TOML(05-11) ×1; χ0 T=0, Σ GaussSmear esmr=0.003 Ry							0.515	4.56	31.5	Tungsten tetrabromide oxide
mp-28266	P4Pd2	6	GOOD		GOOD	0.759	TF32; 本計算 legacy(ctrl+GWinput) ~/bin2 → 追加の計算 TOML(05-11) ×1; χ0 T=0, Σ GaussSmear esmr=0.003 Ry							0.000	5.54	16.8	Palladium phosphide (1/2)
mp-28944	Bi2Te2Cl2	6	GOOD		GOOD	2.277	TF32; 本計算 legacy(ctrl+GWinput) ~/bin2 → 追加の計算 TOML(05-11) ×1; χ0 T=0, Σ GaussSmear esmr=0.003 Ry							0.089	5.94	34.7	Bismuth telluride chloride
mp-29055	K2Sb4	6	GOOD		GOOD	0.721	TF32; 本計算 legacy(ctrl+GWinput) ~/bin2 → 追加の計算 TOML(05-11) ×1; χ0 T=0, Σ GaussSmear esmr=0.003 Ry							0.000	4.34	36.1	Potassium antimonide (1/2)
mp-29149	Li4NCl	6	GOOD		GOOD	3.362	TF32; 本計算 legacy(ctrl+GWinput) ~/bin2 → 追加の計算 TOML(05-11) ×1; χ0 T=0, Σ GaussSmear esmr=0.003 Ry							0.054	1.73	12.4	Tetralithium nitride chloride
mp-29403	GaCuI4	6	GOOD		GOOD	3.506	TF32; 本計算 legacy(ctrl+GWinput) ~/bin2 → 追加の計算 TOML(05-11) ×1; χ0 T=0, Σ GaussSmear esmr=0.003 Ry							0.000	4.67	38.0	Copper(I) tetraiodogallate
mp-29443	P2I4	6	GOOD		GOOD	3.363	TF32; 本計算 legacy(ctrl+GWinput) ~/bin2 → 追加の計算 TOML(05-11) ×1; χ0 T=0, Σ GaussSmear esmr=0.003 Ry							0.000	3.90	40.4	Duo-diphosphorus iodide; Phosphorus iodide (2/4); Diphosphorus tetraiodide
mp-29529	Na2Sn2P2	6	GOOD		GOOD	1.251	TF32; 本計算 legacy(ctrl+GWinput) ~/bin2 → 追加の計算 TOML(05-11) ×1; χ0 T=0, Σ GaussSmear esmr=0.003 Ry							0.000	3.75	25.5	Sodium phosphidostannate(II)
mp-29754	Sr2Li2N2	6	GOOD		GOOD	1.168	TF32; 本計算 legacy(ctrl+GWinput) ~/bin2 → 追加の計算 TOML(05-11) ×1; χ0 T=0, Σ GaussSmear esmr=0.003 Ry							0.000	3.32	18.1	Lithium strontium nitride
mp-29771	Mg2C4	6	GOOD		GOOD	4.663	TF32; 本計算 legacy(ctrl+GWinput) ~/bin2 → 追加の計算 TOML(05-11) ×1; χ0 T=0, Σ GaussSmear esmr=0.003 Ry							0.430	2.06	13.0	Magnesium carbide (1/2)
mp-30053	Na2C2N2	6	NOTCONV_MAY	5 月は 10 反復で収束せず（最後の 3 反復の幅 0.4198 eV、履歴 9.1843, 9.0948, 9.0496, 9.2476, 8.8278） / 回し直し(run3): CONVERGED 6 反復、ギャップ 9.099201 eV（LDA 4.878076）、5 月との差 +0.27 eV	NOTCONV	8.828	TF32; 本計算 legacy(ctrl+GWinput) ~/bin2 → 追加の計算 TOML(05-11) ×1; χ0 T=0, Σ GaussSmear esmr=0.003 Ry	run3	CONVERGED	6	9.099201	4.878076	fp32; 989a18637 (2026-09-29); POSCAR→vasp2ctrl→ctrlgenToml --ssig=0.8 (2026-09 の雛形); t_tetrakbt=300 t_sigmaw=300; LDA から; 最大 10 反復 (NaCoO2 20、金属 15)	0.200	1.63	16.6	Sodium cyanide - LT
mp-30139	Be2Br4	6	GOOD		GOOD	7.891	TF32; 本計算 legacy(ctrl+GWinput) ~/bin2 → 追加の計算 TOML(05-11) ×1; χ0 T=0, Σ GaussSmear esmr=0.003 Ry							0.000	3.33	28.1	Beryllium bromide - alpha
mp-30302	Hf2Br2N2	6	FAILED_MAY	5 月の失敗: PROD_NaN_lqpe / 回し直し(run1): CONVERGED 5 反復、ギャップ 3.453893 eV（LDA 1.851679）	FAILED		TF32; 本計算 TOML(ctrlG+PB) ~/bin2; χ0 T=0, Σ GaussSmear esmr=0.003 Ry	run1	CONVERGED	5	3.453893	1.851679	fp32; 989a18637 (2026-09-29); POSCAR→vasp2ctrl→ctrlgenToml --ssig=0.8 (2026-09 の雛形); t_tetrakbt=300 t_sigmaw=300; LDA から; 最大 10 反復 (NaCoO2 20、金属 15)	0.031	7.99	18.9	Hafnium nitride boride - beta; Hafnium nitride bromide
mp-30530	TlClO4	6	FAILED_MAY	5 月の失敗: PROD_NaN_lqpe / 回し直し(run1): CONVERGED 5 反復、ギャップ 7.632298 eV（LDA 4.537533）	FAILED		TF32; 本計算 TOML(ctrlG+PB) ~/bin2; χ0 T=0, Σ GaussSmear esmr=0.003 Ry	run1	CONVERGED	5	7.632298	4.537533	fp32; 989a18637 (2026-09-29); POSCAR→vasp2ctrl→ctrlgenToml --ssig=0.8 (2026-09 の雛形); t_tetrakbt=300 t_sigmaw=300; LDA から; 最大 10 反復 (NaCoO2 20、金属 15)	0.000	4.73	17.8	Thallium chlorate(VII)
mp-3277	BAsO4	6	GOOD		GOOD	8.260	TF32; 本計算 legacy(ctrl+GWinput) ~/bin2 → 追加の計算 TOML(05-11) ×1; χ0 T=0, Σ GaussSmear esmr=0.003 Ry							0.000	3.62	11.5	Boron arsenate(V)
mp-3307	BaSO4	6	FAILED_MAY	5 月の失敗: PROD_NaN_lqpe / 回し直し(run1): CONVERGED 6 反復、ギャップ 7.115837 eV（LDA 4.125531）	FAILED		TF32; 本計算 TOML(ctrlG+PB) ~/bin2; χ0 T=0, Σ GaussSmear esmr=0.003 Ry	run1	CONVERGED	6	7.115837	4.125531	fp32; 989a18637 (2026-09-29); POSCAR→vasp2ctrl→ctrlgenToml --ssig=0.8 (2026-09 の雛形); t_tetrakbt=300 t_sigmaw=300; LDA から; 最大 10 反復 (NaCoO2 20、金属 15)	0.132	3.83	16.9	Barium sulfate(VI) - alpha, HT; Barite high; Barium sulfate(VI)
mp-3481	K2Sn2As2	6	GOOD		GOOD	1.021	TF32; 本計算 legacy(ctrl+GWinput) ~/bin2 → 追加の計算 TOML(05-11) ×1; χ0 T=0, Σ GaussSmear esmr=0.003 Ry							0.000	4.05	31.8	Potassium tin arsenide
mp-3486	K2Sn2Sb2	6	GOOD		GOOD	0.851	TF32; 本計算 legacy(ctrl+GWinput) ~/bin2 → 追加の計算 TOML(05-11) ×1; χ0 T=0, Σ GaussSmear esmr=0.003 Ry							0.000	4.21	36.8	Potassium tin antimonide
mp-358	Hg3Te3	6	GOOD		GOOD	1.117	TF32; 本計算 legacy(ctrl+GWinput) ~/bin2 → 追加の計算 TOML(05-11) ×1; χ0 T=0, Σ GaussSmear esmr=0.003 Ry							0.037	8.36	32.6	Mercury telluride; Mercury telluride - HP; High pressure experimental phase
mp-3589	BPO4	6	GOOD		GOOD	11.012	TF32; 本計算 legacy(ctrl+GWinput) ~/bin2 → 追加の計算 TOML(05-11) ×1; χ0 T=0, Σ GaussSmear esmr=0.003 Ry							0.000	2.80	10.5	Boron phosphate(V)
mp-361	Cu4O2	6	GOOD		GOOD	1.922	TF32; 本計算 legacy(ctrl+GWinput) ~/bin2 → 追加の計算 TOML(05-11) ×1; χ0 T=0, Σ GaussSmear esmr=0.003 Ry							0.000	6.20	12.8	Cuprite; Copper(I) oxide; Dicopper oxide - HP II; Dicopper oxide; Dicopper(I) oxide; High pressure experimental phase
mp-36248	H4BrN	6	FAILED_MAY	5 月の失敗: PROD_NaN_lqpe / 回し直し(run1): CONVERGED 5 反復、ギャップ 6.846275 eV（LDA 4.230708）	FAILED		TF32; 本計算 TOML(ctrlG+PB) ~/bin2; χ0 T=0, Σ GaussSmear esmr=0.003 Ry	run1	CONVERGED	5	6.846275	4.230708	fp32; 989a18637 (2026-09-29); POSCAR→vasp2ctrl→ctrlgenToml --ssig=0.8 (2026-09 の雛形); t_tetrakbt=300 t_sigmaw=300; LDA から; 最大 10 反復 (NaCoO2 20、金属 15)	0.001	2.54	10.7	Tetradeuterioammonium bromide - IV, LT; Ordering of Disordered Crystal; Ammonium bromide - I, LT
mp-3637	Y2O2F2	6	GOOD		GOOD	7.272	TF32; 本計算 legacy(ctrl+GWinput) ~/bin2 → 追加の計算 TOML(05-11) ×1; χ0 T=0, Σ GaussSmear esmr=0.003 Ry							0.000	5.24	13.1	Yttrium oxide fluoride; Yttrium oxyfluoride
mp-390	Ti2O4	6	GOOD		GOOD	3.906	TF32; 本計算 legacy(ctrl+GWinput) ~/bin2 → 追加の計算 TOML(05-11) ×1; χ0 T=0, Σ GaussSmear esmr=0.003 Ry							0.000	3.86	11.5	Anatase; Titanium dioxide; Titanium oxide - nanocrystalline; Titanium oxide - anatase, nanocrystalline; Titanium oxide; 
mp-4359	Sr2PdO3	6	DRIFT_GOOD	5 月は収束の基準を満たしたが、最後の 3 反復が同じ向きに -0.09 eV 動いていた（履歴 2.1326, 3.1425, 2.7010, 2.6114, 2.6101）。回し直していない	GOOD	2.610	TF32; 本計算 legacy(ctrl+GWinput) ~/bin2 → 追加の計算 TOML(05-11) ×1; χ0 T=0, Σ GaussSmear esmr=0.003 Ry							0.000	6.03	15.1	Distrontium palladium oxide; Distrontium palladate
mp-4495	K2Li2Te2	6	GOOD		GOOD	4.020	TF32; 本計算 legacy(ctrl+GWinput) ~/bin2 → 追加の計算 TOML(05-11) ×1; χ0 T=0, Σ GaussSmear esmr=0.003 Ry							0.000	3.20	30.0	Potassium lithium telluride
mp-470	Ge2O4	6	GOOD		GOOD	4.246	TF32; 本計算 legacy(ctrl+GWinput) ~/bin2 → 追加の計算 TOML(05-11) ×1; χ0 T=0, Σ GaussSmear esmr=0.003 Ry							0.000	6.21	9.3	Argutite; Germanium oxide; Germanium oxide - HP; Germanium dioxide; High pressure experimental phase; Germanium oxide (1
mp-471	Cd2As4	6	GOOD		GOOD	0.768	TF32; 本計算 legacy(ctrl+GWinput) ~/bin2 → 追加の計算 TOML(05-11) ×1; χ0 T=0, Σ GaussSmear esmr=0.003 Ry							0.000	5.71	25.4	Cadmium arsenide; Cadmium arsenide (1/2)
mp-4824	Na2Zn2P2	6	GOOD		GOOD	1.974	TF32; 本計算 legacy(ctrl+GWinput) ~/bin2 → 追加の計算 TOML(05-11) ×1; χ0 T=0, Σ GaussSmear esmr=0.003 Ry							0.000	3.57	18.5	Sodium zinc phosphide
mp-486	Ni2P4	6	GOOD		GOOD	0.494	TF32; 本計算 legacy(ctrl+GWinput) ~/bin2 → 追加の計算 TOML(05-11) ×1; χ0 T=0, Σ GaussSmear esmr=0.003 Ry							0.007	4.57	14.6	Nickel phosphide (1/2)
mp-5046	BeSO4	6	GOOD		GOOD	10.600	TF32; 本計算 legacy(ctrl+GWinput) ~/bin2 → 追加の計算 TOML(05-11) ×1; χ0 T=0, Σ GaussSmear esmr=0.003 Ry							0.000	2.50	11.6	Beryllium sulfate; Beryllium sulfate(VI)
mp-5339	Cs2Na2Te2	6	GOOD		GOOD	3.574	TF32; 本計算 legacy(ctrl+GWinput) ~/bin2 → 追加の計算 TOML(05-11) ×1; χ0 T=0, Σ GaussSmear esmr=0.003 Ry							0.000	3.87	40.6	Cesium sodium telluride; Cesium sodium telluride (1/1/1)
mp-5347	KAlF4	6	GOOD		GOOD	11.813	TF32; 本計算 legacy(ctrl+GWinput) ~/bin2 → 追加の計算 TOML(05-11) ×1; χ0 T=0, Σ GaussSmear esmr=0.003 Ry							0.013	2.94	13.4	Potassium tetrafluoroaluminate
mp-540789	Pb2I4	6	GOOD		GOOD	3.568	TF32; 本計算 legacy(ctrl+GWinput) ~/bin2 → 追加の計算 TOML(05-11) ×1; χ0 T=0, Σ GaussSmear esmr=0.003 Ry							0.001	5.61	45.5	Lead iodide
mp-541037	Cs2Cu2O2	6	GOOD		GOOD	2.861	TF32; 本計算 legacy(ctrl+GWinput) ~/bin2 → 追加の計算 TOML(05-11) ×1; χ0 T=0, Σ GaussSmear esmr=0.003 Ry							0.000	4.53	26.0	Cesium copper(I) oxide
mp-541911	Hf2N2Cl2	6	GOOD		GOOD	3.956	TF32; 本計算 legacy(ctrl+GWinput) ~/bin2 → 追加の計算 TOML(05-11) ×1; χ0 T=0, Σ GaussSmear esmr=0.003 Ry							0.000	7.22	17.5	Hafnium nitride iodide; Hafnium nitride chloride - beta
mp-541912	Zr2Br2N2	6	GOOD		GOOD	2.909	TF32; 本計算 legacy(ctrl+GWinput) ~/bin2 → 追加の計算 TOML(05-11) ×1; χ0 T=0, Σ GaussSmear esmr=0.003 Ry							0.002	5.24	19.6	Zirconium nitride bromide - beta; Zirconium nitride bromide
mp-542791	Zr2N2Cl2	6	GOOD		GOOD	3.251	TF32; 本計算 legacy(ctrl+GWinput) ~/bin2 → 追加の計算 TOML(05-11) ×1; χ0 T=0, Σ GaussSmear esmr=0.003 Ry							0.000	4.34	17.9	Zirconium nitride chloride - beta; Zirconium nitride chloride
mp-545359	KNa2CuO2	6	GOOD		GOOD	3.764	TF32; 本計算 legacy(ctrl+GWinput) ~/bin2 → 追加の計算 TOML(05-11) ×1; χ0 T=0, Σ GaussSmear esmr=0.003 Ry							0.000	2.84	17.6	Potassium disodium dioxocuprate(I)
mp-545756	ZnSO4	6	GOOD		GOOD	8.766	TF32; 本計算 legacy(ctrl+GWinput) ~/bin2 → 追加の計算 TOML(05-11) ×1; χ0 T=0, Σ GaussSmear esmr=0.003 Ry							0.038	2.31	19.4	Zinc sulfate(VI) - HT
mp-546118	NaClO4	6	NOTCONV_MAY	5 月は 10 反復で収束せず（最後の 3 反復の幅 0.2023 eV、履歴 7.6997, 8.0070, 7.9248, 7.7866, 7.7225） / 回し直し(run3): CONVERGED 5 反復、ギャップ 7.898071 eV（LDA 4.265400）、5 月との差 +0.18 eV	NOTCONV	7.722	TF32; 本計算 legacy(ctrl+GWinput) ~/bin2 → 追加の計算 TOML(05-11) ×1; χ0 T=0, Σ GaussSmear esmr=0.003 Ry	run3	CONVERGED	5	7.898071	4.265400	fp32; 989a18637 (2026-09-29); POSCAR→vasp2ctrl→ctrlgenToml --ssig=0.8 (2026-09 の雛形); t_tetrakbt=300 t_sigmaw=300; LDA から; 最大 10 反復 (NaCoO2 20、金属 15)	0.111	2.02	16.7	Sodium chlorate(VII)
mp-546279	Sc2Br2O2	6	DRIFT_GOOD	5 月は収束の基準を満たしたが、最後の 3 反復が同じ向きに +0.08 eV 動いていた（履歴 6.4353, 6.2626, 6.3418, 6.3435）。回し直していない	GOOD	6.344	TF32; 本計算 legacy(ctrl+GWinput) ~/bin2 → 追加の計算 TOML(05-11) ×1; χ0 T=0, Σ GaussSmear esmr=0.003 Ry							0.107	3.71	21.0	Scandium oxide bromide
mp-546633	KClO4	6	GOOD		GOOD	8.928	TF32; 本計算 legacy(ctrl+GWinput) ~/bin2 → 追加の計算 TOML(05-11) ×1; χ0 T=0, Σ GaussSmear esmr=0.003 Ry							0.039	2.30	16.7	Potassium chlorate(VII) - HT
mp-546711	CsClO4	6	MAY_WRONG	5 月は GOOD でギャップ 0.26 eV（LDA 5.41 より小さい）。回し直しで 8.95 eV。5 月の値は誤り / 回し直し(run1): CONVERGED 5 反復、ギャップ 8.953423 eV（LDA 5.412798）、5 月との差 +8.69 eV	GOOD	0.263	TF32; 本計算 legacy(ctrl+GWinput) ~/bin2 → 追加の計算 TOML(05-11) ×1; χ0 T=0, Σ GaussSmear esmr=0.003 Ry	run1	CONVERGED	5	8.953423	5.412798	fp32; 989a18637 (2026-09-29); POSCAR→vasp2ctrl→ctrlgenToml --ssig=0.8 (2026-09 の雛形); t_tetrakbt=300 t_sigmaw=300; LDA から; 最大 10 反復 (NaCoO2 20、金属 15)	0.016	3.19	20.1	Cesium chlorate(VII)
mp-546794	Si2O4	6	NOTCONV_MAY	5 月は 10 反復で収束せず（最後の 3 反復の幅 0.2164 eV、履歴 9.5056, 9.3843, 9.3260, 9.2195, 9.4359） / 回し直し(run3): CONVERGED 5 反復、ギャップ 9.435870 eV（LDA 5.695930）、5 月との差 -0.00 eV	NOTCONV	9.436	TF32; 本計算 legacy(ctrl+GWinput) ~/bin2 → 追加の計算 TOML(05-11) ×1; χ0 T=0, Σ GaussSmear esmr=0.003 Ry	run3	CONVERGED	5	9.435870	5.695930	fp32; 989a18637 (2026-09-29); POSCAR→vasp2ctrl→ctrlgenToml --ssig=0.8 (2026-09 の雛形); t_tetrakbt=300 t_sigmaw=300; LDA から; 最大 10 反復 (NaCoO2 20、金属 15)	0.006	2.22	15.0	Silicon oxide - cristobalite beta; Cristobalite beta; Silicon dioxide; Silicon oxide
mp-5479	RbAlF4	6	NOTCONV_MAY	5 月は 10 反復で収束せず（最後の 3 反復の幅 0.2945 eV、履歴 11.2627, 12.5530, 12.3678, 12.1039, 12.0733） / 回し直し(run3): CONVERGED 6 反復、ギャップ 11.667692 eV（LDA 6.889897）、5 月との差 -0.41 eV	NOTCONV	12.073	TF32; 本計算 legacy(ctrl+GWinput) ~/bin2 → 追加の計算 TOML(05-11) ×1; χ0 T=0, Σ GaussSmear esmr=0.003 Ry	run3	CONVERGED	6	11.667692	6.889897	fp32; 989a18637 (2026-09-29); POSCAR→vasp2ctrl→ctrlgenToml --ssig=0.8 (2026-09 の雛形); t_tetrakbt=300 t_sigmaw=300; LDA から; 最大 10 反復 (NaCoO2 20、金属 15)	0.001	3.75	13.9	Rubidium tetrafluoroaluminate - HT; Rubidium tetrafluoroaluminate
mp-550172	Sn2O4	6	GOOD		GOOD	2.785	TF32; 本計算 legacy(ctrl+GWinput) ~/bin2 → 追加の計算 TOML(05-11) ×1; χ0 T=0, Σ GaussSmear esmr=0.003 Ry							0.002	6.63	12.6	Tin(IV) oxide - HP; Tin dioxide; High pressure experimental phase
mp-550759	RbClO4	6	GOOD		GOOD	8.967	TF32; 本計算 legacy(ctrl+GWinput) ~/bin2 → 追加の計算 TOML(05-11) ×1; χ0 T=0, Σ GaussSmear esmr=0.003 Ry							0.025	2.89	17.7	Rubidium chlorate(VII) - HT
mp-551456	Ba2CuClO2	6	FAILED_MAY	5 月の失敗: AC_NaN-in-Sigma(lcombined/lqpe) / 回し直し(run1): CONVERGED 6 反復、ギャップ 4.464731 eV（LDA 2.255917）	FAILED		TF32; 本計算 legacy(ctrl+GWinput) ~/bin2 → 追加の計算 TOML(05-11) ×1; χ0 T=0, Σ GaussSmear esmr=0.003 Ry	run1	CONVERGED	6	4.464731	2.255917	fp32; 989a18637 (2026-09-29); POSCAR→vasp2ctrl→ctrlgenToml --ssig=0.8 (2026-09 の雛形); t_tetrakbt=300 t_sigmaw=300; LDA から; 最大 10 反復 (NaCoO2 20、金属 15)	0.009	4.32	26.0	Dibarium chlorodioxocuprate(I)
mp-551470	Tl4O2	6	GOOD		GOOD	1.135	TF32; 本計算 legacy(ctrl+GWinput) ~/bin2 → 追加の計算 TOML(05-11) ×1; χ0 T=0, Σ GaussSmear esmr=0.003 Ry							0.000	9.87	23.8	Thallium oxide
mp-551758	AgClO4	6	FAILED_MAY	5 月の失敗: PROD_bmix_min / 回し直し(run1): CONVERGED 6 反復、ギャップ 5.576670 eV（LDA 2.023994）	FAILED		TF32; 本計算 TOML(ctrlG+PB) ~/bin2; χ0 T=0, Σ GaussSmear esmr=0.003 Ry	run1	CONVERGED	6	5.576670	2.023994	fp32; 989a18637 (2026-09-29); POSCAR→vasp2ctrl→ctrlgenToml --ssig=0.8 (2026-09 の雛形); t_tetrakbt=300 t_sigmaw=300; LDA から; 最大 10 反復 (NaCoO2 20、金属 15)	0.117	3.48	16.5	Silver chlorate(VII)
mp-551798	AlPO4	6	FAILED_MAY	5 月の失敗: PROD_NaN_lqpe / 回し直し(run1): CONVERGED 7 反復、ギャップ 1.339309 eV（LDA 0.002741）	FAILED		TF32; 本計算 TOML(ctrlG+PB) ~/bin2; χ0 T=0, Σ GaussSmear esmr=0.003 Ry	run1	CONVERGED	7	1.339309	0.002741	fp32; 989a18637 (2026-09-29); POSCAR→vasp2ctrl→ctrlgenToml --ssig=0.8 (2026-09 の雛形); t_tetrakbt=300 t_sigmaw=300; LDA から; 最大 10 反復 (NaCoO2 20、金属 15)	2.825	2.07	16.3	Aluminium phosphate(V)
mp-552120	Y2Cl2O2	6	DRIFT_GOOD	5 月は収束の基準を満たしたが、最後の 3 反復が同じ向きに -0.09 eV 動いていた（履歴 4.7872, 6.5909, 6.5649, 6.5010）。回し直していない	GOOD	6.501	TF32; 本計算 legacy(ctrl+GWinput) ~/bin2 → 追加の計算 TOML(05-11) ×1; χ0 T=0, Σ GaussSmear esmr=0.003 Ry							0.108	3.93	19.8	Yttrium oxychloride
mp-552537	Sr2CuBrO2	6	GOOD		GOOD	4.510	TF32; 本計算 legacy(ctrl+GWinput) ~/bin2 → 追加の計算 TOML(05-11) ×1; χ0 T=0, Σ GaussSmear esmr=0.003 Ry							0.035	4.35	22.3	Distrontium dioxocuprate(I) bromide
mp-552934	Ba2CuBrO2	6	FAILED_MAY	5 月の失敗: PROD_NaN_lqpe / 回し直し(run1): CONVERGED 6 反復、ギャップ 4.393846 eV（LDA 2.226497）	FAILED		TF32; 本計算 TOML(ctrlG+PB) ~/bin2; χ0 T=0, Σ GaussSmear esmr=0.003 Ry	run1	CONVERGED	6	4.393846	2.226497	fp32; 989a18637 (2026-09-29); POSCAR→vasp2ctrl→ctrlgenToml --ssig=0.8 (2026-09 の雛形); t_tetrakbt=300 t_sigmaw=300; LDA から; 最大 10 反復 (NaCoO2 20、金属 15)	0.000	4.63	26.9	Dibarium copper(I) dioxide bromide
mp-553303	CsCu3O2	6	GOOD		GOOD	3.388	TF32; 本計算 legacy(ctrl+GWinput) ~/bin2 → 追加の計算 TOML(05-11) ×1; χ0 T=0, Σ GaussSmear esmr=0.003 Ry							0.000	4.73	20.8	Cesium dioxotricuprate(I)
mp-559278	K4S2	6	GOOD		GOOD	3.838	TF32; 本計算 legacy(ctrl+GWinput) ~/bin2 → 追加の計算 TOML(05-11) ×1; χ0 T=0, Σ GaussSmear esmr=0.003 Ry							0.087	2.06	29.6	Dipotassium sulfate(VI) - I
mp-5606	AlTlF4	6	FAILED_MAY	5 月の失敗: PROD_NaN_lqpe / 回し直し(run1): CONVERGED 6 反復、ギャップ 7.227966 eV（LDA 4.104807）	FAILED		TF32; 本計算 TOML(ctrlG+PB) ~/bin2; χ0 T=0, Σ GaussSmear esmr=0.003 Ry	run1	CONVERGED	6	7.227966	4.104807	fp32; 989a18637 (2026-09-29); POSCAR→vasp2ctrl→ctrlgenToml --ssig=0.8 (2026-09 の雛形); t_tetrakbt=300 t_sigmaw=300; LDA から; 最大 10 反復 (NaCoO2 20、金属 15)	0.006	6.12	13.9	Thallium tetrafluoroaluminate - HT; Thallium tetrafluoroaluminate; Thallium tetrafluoroaluminate - I
mp-567279	Zn2Cl4	6	GOOD		GOOD	6.799	TF32; 本計算 legacy(ctrl+GWinput) ~/bin2 → 追加の計算 TOML(05-11) ×1; χ0 T=0, Σ GaussSmear esmr=0.003 Ry							0.002	3.06	24.6	Zinc chloride - gamma
mp-567299	KC2IN2	6	FAILED_MAY	5 月の失敗: PROD_NaN_lqpe / 回し直し(run1): CONVERGED 5 反復、ギャップ 7.592745 eV（LDA 4.402887）	FAILED		TF32; 本計算 TOML(ctrlG+PB) ~/bin2; χ0 T=0, Σ GaussSmear esmr=0.003 Ry	run1	CONVERGED	5	7.592745	4.402887	fp32; 989a18637 (2026-09-29); POSCAR→vasp2ctrl→ctrlgenToml --ssig=0.8 (2026-09 の雛形); t_tetrakbt=300 t_sigmaw=300; LDA から; 最大 10 反復 (NaCoO2 20、金属 15)	0.525	2.26	26.7	Potassium dicyanoiodate(I)
mp-567441	Hf2I2N2	6	FAILED_MAY	5 月の失敗: NOGAP_GAP_COLLAPSED(LDA gap 0.86 eV) / 回し直し(run1): CONVERGED 5 反復、ギャップ 2.304422 eV（LDA 0.866233）	FAILED		TF32; 本計算 legacy(ctrl+GWinput) ~/bin2 → 追加の計算 TOML(05-11) ×1; χ0 T=0, Σ GaussSmear esmr=0.003 Ry	run1	CONVERGED	5	2.304422	0.866233	fp32; 989a18637 (2026-09-29); POSCAR→vasp2ctrl→ctrlgenToml --ssig=0.8 (2026-09 の雛形); t_tetrakbt=300 t_sigmaw=300; LDA から; 最大 10 反復 (NaCoO2 20、金属 15)	0.064	8.33	21.2	Hafnium nitride iodide; Hafnium nitride iodide - beta
mp-567484	Pt2Cl4	6	DRIFT_GOOD	5 月は収束の基準を満たしたが、最後の 3 反復が同じ向きに -0.10 eV 動いていた（履歴 3.3247, 3.2373, 3.2259）。回し直していない	GOOD	3.226	TF32; 本計算 legacy(ctrl+GWinput) ~/bin2 → 追加の計算 TOML(05-11) ×1; χ0 T=0, Σ GaussSmear esmr=0.003 Ry							0.046	6.10	24.1	Platinum chloride
mp-567503	Pb2I4	6	GOOD		GOOD	3.582	TF32; 本計算 legacy(ctrl+GWinput) ~/bin2 → 追加の計算 TOML(05-11) ×1; χ0 T=0, Σ GaussSmear esmr=0.003 Ry							0.000	5.70	44.8	Lead iodide
mp-568018	Rb2Sb4	6	GOOD		GOOD	1.042	TF32; 本計算 legacy(ctrl+GWinput) ~/bin2 → 追加の計算 TOML(05-11) ×1; χ0 T=0, Σ GaussSmear esmr=0.003 Ry							0.000	4.37	41.6	Rubidium antimonide (1/2)
mp-568100	ReNCl4	6	GOOD		GOOD	2.903	TF32; 本計算 legacy(ctrl+GWinput) ~/bin2 → 追加の計算 TOML(05-11) ×1; χ0 T=0, Σ GaussSmear esmr=0.003 Ry							0.097	3.57	26.5	Rhenium(VII) nitride chloride
mp-568264	Si2Se4	6	GOOD		GOOD	3.692	TF32; 本計算 legacy(ctrl+GWinput) ~/bin2 → 追加の計算 TOML(05-11) ×1; χ0 T=0, Σ GaussSmear esmr=0.003 Ry							0.000	3.37	30.5	Silicon selenide
mp-568346	Hf2Br2N2	6	GOOD		GOOD	3.830	TF32; 本計算 legacy(ctrl+GWinput) ~/bin2 → 追加の計算 TOML(05-11) ×1; χ0 T=0, Σ GaussSmear esmr=0.003 Ry							0.019	6.96	21.7	Hafnium nitride bromide (1/1/1) - alpha; Hafnium nitride bromide - alpha
mp-569008	Pd2Cl4	6	GOOD		GOOD	3.211	TF32; 本計算 legacy(ctrl+GWinput) ~/bin2 → 追加の計算 TOML(05-11) ×1; χ0 T=0, Σ GaussSmear esmr=0.003 Ry							0.032	3.98	24.6	Palladium dichloride - alpha; Palladium chloride; Palladium dichloride - alpha-phase
mp-569017	Pd2I4	6	DRIFT_GOOD	5 月は収束の基準を満たしたが、最後の 3 反復が同じ向きに -0.08 eV 動いていた（履歴 1.8198, 1.9745, 1.9016, 1.8924）。回し直していない	GOOD	1.892	TF32; 本計算 legacy(ctrl+GWinput) ~/bin2 → 追加の計算 TOML(05-11) ×1; χ0 T=0, Σ GaussSmear esmr=0.003 Ry							0.019	5.51	36.2	Palladium iodide - alpha, HT
mp-569272	Cs4Se2	6	NOTCONV_MAY	5 月は 10 反復で収束せず（最後の 3 反復の幅 0.1902 eV、履歴 3.9961, 3.6518, 3.6229, 3.7969, 3.8131） / 回し直し(run3): CONVERGED 5 反復、ギャップ 3.494830 eV（LDA 1.502293）、5 月との差 -0.32 eV	NOTCONV	3.813	TF32; 本計算 legacy(ctrl+GWinput) ~/bin2 → 追加の計算 TOML(05-11) ×1; χ0 T=0, Σ GaussSmear esmr=0.003 Ry	run3	CONVERGED	5	3.494830	1.502293	fp32; 989a18637 (2026-09-29); POSCAR→vasp2ctrl→ctrlgenToml --ssig=0.8 (2026-09 の雛形); t_tetrakbt=300 t_sigmaw=300; LDA から; 最大 10 反復 (NaCoO2 20、金属 15)	0.075	3.69	51.6	Dicesium selenide
mp-569595	Pb2I4	6	GOOD		GOOD	3.645	TF32; 本計算 legacy(ctrl+GWinput) ~/bin2 → 追加の計算 TOML(05-11) ×1; χ0 T=0, Σ GaussSmear esmr=0.003 Ry							0.001	5.57	45.8	Lead iodide
mp-570157	Zr2Br2N2	6	GOOD		GOOD	3.414	TF32; 本計算 legacy(ctrl+GWinput) ~/bin2 → 追加の計算 TOML(05-11) ×1; χ0 T=0, Σ GaussSmear esmr=0.003 Ry							0.016	4.57	22.4	Zirconium nitride bromide - alpha
mp-570172	Hg2I2Br2	6	GOOD		GOOD	4.109	TF32; 本計算 legacy(ctrl+GWinput) ~/bin2 → 追加の計算 TOML(05-11) ×1; χ0 T=0, Σ GaussSmear esmr=0.003 Ry							0.137	5.70	39.6	Mercury bromide iodide
mp-570875	Ga4Os2	6	GOOD		GOOD	1.061	TF32; 本計算 legacy(ctrl+GWinput) ~/bin2 → 追加の計算 TOML(05-11) ×1; χ0 T=0, Σ GaussSmear esmr=0.003 Ry							0.074	12.48	14.6	Gallium osmium (2/1) - HT, HP
mp-570886	Be2I4	6	GOOD		GOOD	6.137	TF32; 本計算 legacy(ctrl+GWinput) ~/bin2 → 追加の計算 TOML(05-11) ×1; χ0 T=0, Σ GaussSmear esmr=0.003 Ry							0.007	3.94	36.9	Beryllium iodide - alpha
mp-571166	Ca2Br4	6	NOTCONV_MAY	5 月は 10 反復で収束せず（最後の 3 反復の幅 0.1656 eV、履歴 7.6093, 7.0396, 6.8220, 6.9876, 6.9826） / 回し直し(run3): CONVERGED 6 反復、ギャップ 7.075557 eV（LDA 4.211722）、5 月との差 +0.09 eV	NOTCONV	6.983	TF32; 本計算 legacy(ctrl+GWinput) ~/bin2 → 追加の計算 TOML(05-11) ×1; χ0 T=0, Σ GaussSmear esmr=0.003 Ry	run3	CONVERGED	6	7.075557	4.211722	fp32; 989a18637 (2026-09-29); POSCAR→vasp2ctrl→ctrlgenToml --ssig=0.8 (2026-09 の雛形); t_tetrakbt=300 t_sigmaw=300; LDA から; 最大 10 反復 (NaCoO2 20、金属 15)	0.002	3.27	33.8	Calcium dibromide; Calcium bromide; Calcium bromide - HT
mp-571195	Zn3Te3	6	GOOD		GOOD	2.175	TF32; 本計算 legacy(ctrl+GWinput) ~/bin2 → 追加の計算 TOML(05-11) ×1; χ0 T=0, Σ GaussSmear esmr=0.003 Ry							0.004	5.42	29.5	Zinc telluride - I; High pressure experimental phase
mp-573755	Cs2Te2Au2	6	GOOD		GOOD	2.344	TF32; 本計算 legacy(ctrl+GWinput) ~/bin2 → 追加の計算 TOML(05-11) ×1; χ0 T=0, Σ GaussSmear esmr=0.003 Ry							0.001	6.12	41.4	Cesium catena-telluridoaurate(I)
mp-574599	Cs2Au2Se2	6	GOOD		GOOD	3.263	TF32; 本計算 legacy(ctrl+GWinput) ~/bin2 → 追加の計算 TOML(05-11) ×1; χ0 T=0, Σ GaussSmear esmr=0.003 Ry							0.000	6.12	36.9	Cesium catena-selenidoaurate(I)
mp-580886	Zr2I2N2	6	GOOD		GOOD	2.004	TF32; 本計算 legacy(ctrl+GWinput) ~/bin2 → 追加の計算 TOML(05-11) ×1; χ0 T=0, Σ GaussSmear esmr=0.003 Ry							0.029	5.82	22.1	Zirconium nitride iodide - beta; Zirconium nitride iodide
mp-5962	Na2Mg2As2	6	GOOD		GOOD	2.192	TF32; 本計算 legacy(ctrl+GWinput) ~/bin2 → 追加の計算 TOML(05-11) ×1; χ0 T=0, Σ GaussSmear esmr=0.003 Ry							0.000	2.97	22.7	Sodium magnesium arsenide
mp-602	Te4Mo2	6	GOOD		GOOD	1.431	TF32; 本計算 legacy(ctrl+GWinput) ~/bin2 → 追加の計算 TOML(05-11) ×1; χ0 T=0, Σ GaussSmear esmr=0.003 Ry							0.000	7.23	26.9	Molybdenum(IV) telluride; Molybdenum telluride (1/2); Molybdenum telluride (1/2) - HT
mp-613652	Pb2Cl2F2	6	DRIFT_GOOD	5 月は収束の基準を満たしたが、最後の 3 反復が同じ向きに +0.08 eV 動いていた（履歴 5.7546, 5.8186, 5.8396）。回し直していない	GOOD	5.840	TF32; 本計算 legacy(ctrl+GWinput) ~/bin2 → 追加の計算 TOML(05-11) ×1; χ0 T=0, Σ GaussSmear esmr=0.003 Ry							0.450	5.41	26.8	Lead fluoride chloride; Matlockite
mp-626620	Rb2H2O2	6	NOTCONV_MAY	5 月は 10 反復で収束せず（最後の 3 反復の幅 1.3001 eV、履歴 6.7731, 6.5975, 6.9117, 5.6116, 6.3739） / 回し直し(run3): CONVERGED 6 反復、ギャップ 6.663139 eV（LDA 3.409712）、5 月との差 +0.29 eV	NOTCONV	6.374	TF32; 本計算 legacy(ctrl+GWinput) ~/bin2 → 追加の計算 TOML(05-11) ×1; χ0 T=0, Σ GaussSmear esmr=0.003 Ry	run3	CONVERGED	6	6.663139	3.409712	fp32; 989a18637 (2026-09-29); POSCAR→vasp2ctrl→ctrlgenToml --ssig=0.8 (2026-09 の雛形); t_tetrakbt=300 t_sigmaw=300; LDA から; 最大 10 反復 (NaCoO2 20、金属 15)	0.000	3.65	15.6	Rubidium deuteriooxide - LT
mp-634	Hg3S3	6	UNKNOWN_MAY	5 月: NOGAP_METAL_IN_LDA_TOO（金属・半金属。gwscconv がギャップを読めず止まった） / 回し直し(run2m): CONVERGED_METAL 5 反復、ギャップ none eV（LDA none）	UNKNOWN		TF32; 本計算 legacy(ctrl+GWinput) ~/bin2 → 追加の計算 TOML(05-11) ×1; χ0 T=0, Σ GaussSmear esmr=0.003 Ry	run2m	CONVERGED_METAL	5	none	none	fp32; 989a18637 (2026-09-29); POSCAR→vasp2ctrl→ctrlgenToml --ssig=0.8 (2026-09 の雛形); t_tetrakbt=300 t_sigmaw=300; LDA から; 最大 10 反復 (NaCoO2 20、金属 15)	0.140	8.97	21.5	Cinnabar; Mercury sulfide - HP; Mercury sulfide - alpha; Mercury sulfide
mp-634657	Na2H2S2	6	GOOD		GOOD	5.720	TF32; 本計算 legacy(ctrl+GWinput) ~/bin2 → 追加の計算 TOML(05-11) ×1; χ0 T=0, Σ GaussSmear esmr=0.003 Ry							0.000	1.84	16.9	Sodium deuteriumsulfide - LT
mp-634676	K2H2S2	6	GOOD		GOOD	5.672	TF32; 本計算 legacy(ctrl+GWinput) ~/bin2 → 追加の計算 TOML(05-11) ×1; χ0 T=0, Σ GaussSmear esmr=0.003 Ry							0.000	1.72	23.2	Potassium deuteriumsulfide
mp-643043	Rb2H2O2	6	FAILED_MAY	5 月の失敗: NOGAP_GAP_COLLAPSED(LDA gap 3.00 eV) / 回し直し(run1): CONVERGED 6 反復、ギャップ 6.427641 eV（LDA 2.998063）	FAILED		TF32; 本計算 legacy(ctrl+GWinput) ~/bin2 → 追加の計算 TOML(05-11) ×1; χ0 T=0, Σ GaussSmear esmr=0.003 Ry	run1	CONVERGED	6	6.427641	2.998063	fp32; 989a18637 (2026-09-29); POSCAR→vasp2ctrl→ctrlgenToml --ssig=0.8 (2026-09 の雛形); t_tetrakbt=300 t_sigmaw=300; LDA から; 最大 10 反復 (NaCoO2 20、金属 15)	0.019	3.40	16.7	Rubidium deuteriooxide
mp-644607	C2O4	6	NOTCONV_MAY	5 月は 10 反復で収束せず（最後の 3 反復の幅 0.1693 eV、履歴 10.5616, 10.1943, 10.0932, 10.2625, 10.2588） / 回し直し(run3): CONVERGED 5 反復、ギャップ 10.276498 eV（LDA 6.223344）、5 月との差 +0.02 eV	NOTCONV	10.259	TF32; 本計算 legacy(ctrl+GWinput) ~/bin2 → 追加の計算 TOML(05-11) ×1; χ0 T=0, Σ GaussSmear esmr=0.003 Ry	run3	CONVERGED	5	10.276498	6.223344	fp32; 989a18637 (2026-09-29); POSCAR→vasp2ctrl→ctrlgenToml --ssig=0.8 (2026-09 の雛形); t_tetrakbt=300 t_sigmaw=300; LDA から; 最大 10 反復 (NaCoO2 20、金属 15)	0.005	1.74	14.0	Carbon dioxide - II, HP, HT; High pressure experimental phase; Carbon dioxide
mp-684	Ba2S4	6	GOOD		GOOD	3.719	TF32; 本計算 legacy(ctrl+GWinput) ~/bin2 → 追加の計算 TOML(05-11) ×1; χ0 T=0, Σ GaussSmear esmr=0.003 Ry							0.000	3.69	30.2	Barium persulfide
mp-6947	Si2O4	6	GOOD		GOOD	8.099	TF32; 本計算 legacy(ctrl+GWinput) ~/bin2 → 追加の計算 TOML(05-11) ×1; χ0 T=0, Σ GaussSmear esmr=0.003 Ry							0.202	4.13	8.0	Silicon oxide; Silicon dioxide - HP; Silicon oxide - HP; Stishovite; High pressure experimental phase; Silicon dioxide
mp-6948	K2Na2O2	6	GOOD		GOOD	4.957	TF32; 本計算 legacy(ctrl+GWinput) ~/bin2 → 追加の計算 TOML(05-11) ×1; χ0 T=0, Σ GaussSmear esmr=0.003 Ry							0.015	2.68	16.2	Potassium sodium oxide
mp-696804	Rb2H2S2	6	GOOD		GOOD	5.610	TF32; 本計算 legacy(ctrl+GWinput) ~/bin2 → 追加の計算 TOML(05-11) ×1; χ0 T=0, Σ GaussSmear esmr=0.003 Ry							0.000	2.47	26.6	Rubidium deuteriosulfide
mp-6973	Cs2Na2S2	6	GOOD		GOOD	4.320	TF32; 本計算 legacy(ctrl+GWinput) ~/bin2 → 追加の計算 TOML(05-11) ×1; χ0 T=0, Σ GaussSmear esmr=0.003 Ry							0.000	3.44	30.2	Cesium sodium sulfide
mp-7	S6	6	NOTCONV_MAY	5 月は 10 反復で収束せず（最後の 3 反復の幅 1.1641 eV、履歴 3.7542, 5.0870, 5.7420, 4.8792, 4.5779） / 回し直し(run3): CONVERGED 6 反復、ギャップ 4.011625 eV（LDA 1.971537）、5 月との差 -0.57 eV	NOTCONV	4.578	TF32; 本計算 legacy(ctrl+GWinput) ~/bin2 → 追加の計算 TOML(05-11) ×1; χ0 T=0, Σ GaussSmear esmr=0.003 Ry	run3	CONVERGED	6	4.011625	1.971537	fp32; 989a18637 (2026-09-29); POSCAR→vasp2ctrl→ctrlgenToml --ssig=0.8 (2026-09 の雛形); t_tetrakbt=300 t_sigmaw=300; LDA から; 最大 10 反復 (NaCoO2 20、金属 15)	0.051	2.09	25.5	Cyclohexasulfur; Sulphur epsilon; Cyclo-hexasulfur
mp-7077	K2Au2S2	6	GOOD		GOOD	3.669	TF32; 本計算 legacy(ctrl+GWinput) ~/bin2 → 追加の計算 TOML(05-11) ×1; χ0 T=0, Σ GaussSmear esmr=0.003 Ry							0.000	5.36	27.7	Potassium gold sulfide; Potassium gold sulfide (1/1/1)
mp-7089	K2Mg2Sb2	6	GOOD		GOOD	2.343	TF32; 本計算 legacy(ctrl+GWinput) ~/bin2 → 追加の計算 TOML(05-11) ×1; χ0 T=0, Σ GaussSmear esmr=0.003 Ry							0.000	3.21	31.9	Potassium magnesium antimonide
mp-7090	Na2Mg2Sb2	6	GOOD		GOOD	1.945	TF32; 本計算 legacy(ctrl+GWinput) ~/bin2 → 追加の計算 TOML(05-11) ×1; χ0 T=0, Σ GaussSmear esmr=0.003 Ry							0.000	3.41	27.4	Sodium magnesium antimonide
mp-721469	Rb4S2	6	GOOD		GOOD	3.616	TF32; 本計算 legacy(ctrl+GWinput) ~/bin2 → 追加の計算 TOML(05-11) ×1; χ0 T=0, Σ GaussSmear esmr=0.003 Ry							0.088	3.25	34.6	Dirubidium sulfide - HP phase III; Dirubidium sulfate(VI) - I, HT
mp-722181	K2Li2S2	6	GOOD		GOOD	4.813	TF32; 本計算 legacy(ctrl+GWinput) ~/bin2 → 追加の計算 TOML(05-11) ×1; χ0 T=0, Σ GaussSmear esmr=0.003 Ry							0.049	1.92	22.5	Potassium lithium sulfate(VI) - I, HT
mp-730189	C2Br2N2	6	DRIFT_GOOD	5 月は収束の基準を満たしたが、最後の 3 反復が同じ向きに -0.09 eV 動いていた（履歴 8.4710, 8.3846, 8.3677, 8.2908）。回し直していない	GOOD	8.291	TF32; 本計算 legacy(ctrl+GWinput) ~/bin2 → 追加の計算 TOML(05-11) ×1; χ0 T=0, Σ GaussSmear esmr=0.003 Ry							0.474	2.07	28.3	Methylammonium bromide
mp-7421	K2Zn2As2	6	GOOD		GOOD	1.536	TF32; 本計算 legacy(ctrl+GWinput) ~/bin2 → 追加の計算 TOML(05-11) ×1; χ0 T=0, Σ GaussSmear esmr=0.003 Ry							0.000	3.80	26.2	Potassium zinc arsenide
mp-7433	Na2Cu2Se2	6	GOOD		GOOD	1.315	TF32; 本計算 legacy(ctrl+GWinput) ~/bin2 → 追加の計算 TOML(05-11) ×1; χ0 T=0, Σ GaussSmear esmr=0.003 Ry							0.039	4.94	18.6	Copper sodium selenide (1/1/1)
mp-7434	Na2Cu2Te2	6	GOOD		GOOD	1.752	TF32; 本計算 legacy(ctrl+GWinput) ~/bin2 → 追加の計算 TOML(05-11) ×1; χ0 T=0, Σ GaussSmear esmr=0.003 Ry							0.008	5.28	22.5	Copper sodium telluride (1/1/1)
mp-7435	K2Cu2Se2	6	GOOD		GOOD	1.773	TF32; 本計算 legacy(ctrl+GWinput) ~/bin2 → 追加の計算 TOML(05-11) ×1; χ0 T=0, Σ GaussSmear esmr=0.003 Ry							0.000	4.19	24.0	Copper potassium selenide (1:1:1)
mp-7436	K2Cu2Te2	6	GOOD		GOOD	2.016	TF32; 本計算 legacy(ctrl+GWinput) ~/bin2 → 追加の計算 TOML(05-11) ×1; χ0 T=0, Σ GaussSmear esmr=0.003 Ry							0.000	4.45	28.6	Copper potassium telluride (1/1/1)
mp-7437	K2Zn2P2	6	GOOD		GOOD	1.975	TF32; 本計算 legacy(ctrl+GWinput) ~/bin2 → 追加の計算 TOML(05-11) ×1; χ0 T=0, Σ GaussSmear esmr=0.003 Ry							0.000	3.10	24.2	Potassium zinc phosphide (1/1/1)
mp-7438	K2Zn2Sb2	6	GOOD		GOOD	1.666	TF32; 本計算 legacy(ctrl+GWinput) ~/bin2 → 追加の計算 TOML(05-11) ×1; χ0 T=0, Σ GaussSmear esmr=0.003 Ry							0.000	4.01	31.2	Antimony potassium zinc (1/1/1)
mp-7547	Ba2Se4	6	GOOD		GOOD	2.413	TF32; 本計算 legacy(ctrl+GWinput) ~/bin2 → 追加の計算 TOML(05-11) ×1; χ0 T=0, Σ GaussSmear esmr=0.003 Ry							0.000	4.80	34.0	Barium selenide (1/2)
mp-7582	Ge2S4	6	GOOD		GOOD	4.166	TF32; 本計算 legacy(ctrl+GWinput) ~/bin2 → 追加の計算 TOML(05-11) ×1; χ0 T=0, Σ GaussSmear esmr=0.003 Ry							0.018	3.13	24.1	Germanium sulfide; Germanium sulfide (1/2); High pressure experimental phase; Germanium sulfide - II
mp-7583	Si2S4	6	GOOD		GOOD	4.829	TF32; 本計算 legacy(ctrl+GWinput) ~/bin2 → 追加の計算 TOML(05-11) ×1; χ0 T=0, Σ GaussSmear esmr=0.003 Ry							0.020	2.28	22.3	Silicon disulfide; Silicon sulfide - II
mp-760	Fe2Se4	6	GOOD		GOOD	0.679	TF32; 本計算 legacy(ctrl+GWinput) ~/bin2 → 追加の計算 TOML(05-11) ×1; χ0 T=0, Σ GaussSmear esmr=0.003 Ry							0.000	7.21	16.4	Iron selenide (1/2); Ferroselite
mp-766	As4Ru2	6	GOOD		GOOD	0.757	TF32; 本計算 legacy(ctrl+GWinput) ~/bin2 → 追加の計算 TOML(05-11) ×1; χ0 T=0, Σ GaussSmear esmr=0.003 Ry							0.000	8.23	16.9	Ruthenium(VI) arsenide; Ruthenium arsenide (1/2); Anduoite
mp-7723	NaAlF4	6	NOTCONV_MAY	5 月は 10 反復で収束せず（最後の 3 反復の幅 0.1967 eV、履歴 10.1825, 11.5519, 10.9620, 11.0450, 10.8483） / 回し直し(run3): CONVERGED 6 反復、ギャップ 10.604024 eV（LDA 5.535568）、5 月との差 -0.24 eV	NOTCONV	10.848	TF32; 本計算 legacy(ctrl+GWinput) ~/bin2 → 追加の計算 TOML(05-11) ×1; χ0 T=0, Σ GaussSmear esmr=0.003 Ry	run3	CONVERGED	6	10.604024	5.535568	fp32; 989a18637 (2026-09-29); POSCAR→vasp2ctrl→ctrlgenToml --ssig=0.8 (2026-09 の雛形); t_tetrakbt=300 t_sigmaw=300; LDA から; 最大 10 反復 (NaCoO2 20、金属 15)	0.104	2.59	13.4	Sodium tetrafluoroaluminate
mp-7786	CsCu3S2	6	GOOD		GOOD	3.070	TF32; 本計算 legacy(ctrl+GWinput) ~/bin2 → 追加の計算 TOML(05-11) ×1; χ0 T=0, Σ GaussSmear esmr=0.003 Ry							0.000	3.96	27.1	Cesium dithiotricuprate(I)
mp-7811	SrSO4	6	FAILED_MAY	5 月の失敗: NOGAP_GAP_COLLAPSED(LDA gap 3.56 eV) / 回し直し(run1): CONVERGED 6 反復、ギャップ 6.584294 eV（LDA 3.554214）	FAILED		TF32; 本計算 legacy(ctrl+GWinput) ~/bin2 → 追加の計算 TOML(05-11) ×1; χ0 T=0, Σ GaussSmear esmr=0.003 Ry	run1	CONVERGED	6	6.584294	3.554214	fp32; 989a18637 (2026-09-29); POSCAR→vasp2ctrl→ctrlgenToml --ssig=0.8 (2026-09 の雛形); t_tetrakbt=300 t_sigmaw=300; LDA から; 最大 10 反復 (NaCoO2 20、金属 15)	0.217	3.24	15.7	Strontium sulfate
mp-7826	Hg3O3	6	GOOD		GOOD	2.585	TF32; 本計算 legacy(ctrl+GWinput) ~/bin2 → 追加の計算 TOML(05-11) ×1; χ0 T=0, Σ GaussSmear esmr=0.003 Ry							0.003	10.79	16.7	Mercury oxide
mp-7848	AlPO4	6	GOOD		GOOD	9.618	TF32; 本計算 legacy(ctrl+GWinput) ~/bin2 → 追加の計算 TOML(05-11) ×1; χ0 T=0, Σ GaussSmear esmr=0.003 Ry							0.007	2.18	15.5	Aluminium phosphate(V)
mp-7849	AlAsO4	6	NOTCONV_MAY	5 月は 10 反復で収束せず（最後の 3 反復の幅 0.3531 eV、履歴 8.0778, 8.2783, 8.3679, 8.0973, 8.0148） / 回し直し(run3): CONVERGED 6 反復、ギャップ 8.284399 eV（LDA 4.437228）、5 月との差 +0.27 eV	NOTCONV	8.015	TF32; 本計算 legacy(ctrl+GWinput) ~/bin2 → 追加の計算 TOML(05-11) ×1; χ0 T=0, Σ GaussSmear esmr=0.003 Ry	run3	CONVERGED	6	8.284399	4.437228	fp32; 989a18637 (2026-09-29); POSCAR→vasp2ctrl→ctrlgenToml --ssig=0.8 (2026-09 の雛形); t_tetrakbt=300 t_sigmaw=300; LDA から; 最大 10 反復 (NaCoO2 20、金属 15)	0.013	2.84	16.2	Aluminium arsenate
mp-7868	Pt2O4	6	GOOD		GOOD	3.401	TF32; 本計算 legacy(ctrl+GWinput) ~/bin2 → 追加の計算 TOML(05-11) ×1; χ0 T=0, Σ GaussSmear esmr=0.003 Ry							0.056	10.35	12.1	Platinum(IV) oxide - alpha
mp-7905	Si2O4	6	GOOD		GOOD	8.237	TF32; 本計算 legacy(ctrl+GWinput) ~/bin2 → 追加の計算 TOML(05-11) ×1; χ0 T=0, Σ GaussSmear esmr=0.003 Ry							0.423	2.34	14.2	Silicon oxide - fibrous
mp-8211	Ga2Ge2Te2	6	GOOD		GOOD	1.061	TF32; 本計算 legacy(ctrl+GWinput) ~/bin2 → 追加の計算 TOML(05-11) ×1; χ0 T=0, Σ GaussSmear esmr=0.003 Ry							0.000	5.20	28.7	Gallium(I) germanium(I) telluride
mp-8231	Zr2S2O2	6	GOOD		GOOD	1.737	TF32; 本計算 legacy(ctrl+GWinput) ~/bin2 → 追加の計算 TOML(05-11) ×1; χ0 T=0, Σ GaussSmear esmr=0.003 Ry							0.026	5.62	13.7	Zirconium oxide sulfide
mp-8352	Si2O4	6	GOOD		GOOD	8.911	TF32; 本計算 legacy(ctrl+GWinput) ~/bin2 → 追加の計算 TOML(05-11) ×1; χ0 T=0, Σ GaussSmear esmr=0.003 Ry							0.021	1.97	16.9	Silicon oxide; Cristobalite beta; Cristobalite beta high; Cristobalite high
mp-8374	Na4S2	6	GOOD		GOOD	3.526	TF32; 本計算 legacy(ctrl+GWinput) ~/bin2 → 追加の計算 TOML(05-11) ×1; χ0 T=0, Σ GaussSmear esmr=0.003 Ry							0.103	2.07	20.8	High pressure experimental phase; Metathenardite; Disodium sulfate(VI) - I, HT; Disodium sulfide - HP (Ni2 In)-type
mp-8430	K2Li2S2	6	GOOD		GOOD	5.079	TF32; 本計算 legacy(ctrl+GWinput) ~/bin2 → 追加の計算 TOML(05-11) ×1; χ0 T=0, Σ GaussSmear esmr=0.003 Ry							0.000	2.01	21.5	Potassium lithium sulfide
mp-8452	Na2Li2S2	6	GOOD		GOOD	5.165	TF32; 本計算 legacy(ctrl+GWinput) ~/bin2 → 追加の計算 TOML(05-11) ×1; χ0 T=0, Σ GaussSmear esmr=0.003 Ry							0.000	1.98	17.4	Sodium lithium sulphide
mp-8453	Rb2Na2O2	6	DRIFT_GOOD	5 月は収束の基準を満たしたが、最後の 3 反復が同じ向きに +0.09 eV 動いていた（履歴 4.6459, 4.7090, 4.7409）。回し直していない	GOOD	4.741	TF32; 本計算 legacy(ctrl+GWinput) ~/bin2 → 追加の計算 TOML(05-11) ×1; χ0 T=0, Σ GaussSmear esmr=0.003 Ry							0.012	3.88	17.8	Rubidium sodium oxide
mp-856	Sn2O4	6	GOOD		GOOD	3.152	TF32; 本計算 legacy(ctrl+GWinput) ~/bin2 → 追加の計算 TOML(05-11) ×1; χ0 T=0, Σ GaussSmear esmr=0.003 Ry							0.000	6.87	12.1	Tin(IV) oxide; Tin(IV) oxide - at 470 K; Tin(IV) oxide - nanocrystalline; Tin oxide; Tin(IV) dioxide; Tin(IV) oxide - at
mp-8644	Ba2F4	6	GOOD		GOOD	9.773	TF32; 本計算 legacy(ctrl+GWinput) ~/bin2 → 追加の計算 TOML(05-11) ×1; χ0 T=0, Σ GaussSmear esmr=0.003 Ry							0.136	5.45	17.8	Barium fluoride - HP; High pressure experimental phase
mp-8658	Cs2Na2Se2	6	GOOD		GOOD	3.851	TF32; 本計算 legacy(ctrl+GWinput) ~/bin2 → 追加の計算 TOML(05-11) ×1; χ0 T=0, Σ GaussSmear esmr=0.003 Ry							0.000	3.86	33.7	Cesium sodium selenide
mp-8751	Rb2Li2S2	6	GOOD		GOOD	4.671	TF32; 本計算 legacy(ctrl+GWinput) ~/bin2 → 追加の計算 TOML(05-11) ×1; χ0 T=0, Σ GaussSmear esmr=0.003 Ry							0.000	2.92	23.6	Rubidium lithium sulfide
mp-8756	K2Li2Se2	6	GOOD		GOOD	4.422	TF32; 本計算 legacy(ctrl+GWinput) ~/bin2 → 追加の計算 TOML(05-11) ×1; χ0 T=0, Σ GaussSmear esmr=0.003 Ry							0.000	2.84	24.3	Potassium lithium selenide
mp-8799	Rb2Na2S2	6	GOOD		GOOD	4.252	TF32; 本計算 legacy(ctrl+GWinput) ~/bin2 → 追加の計算 TOML(05-11) ×1; χ0 T=0, Σ GaussSmear esmr=0.003 Ry							0.000	2.80	27.8	Rubidium sodium sulfide
mp-8911	Cu2Ag2S2	6	GOOD		GOOD	1.001	TF32; 本計算 legacy(ctrl+GWinput) ~/bin2 → 追加の計算 TOML(05-11) ×1; χ0 T=0, Σ GaussSmear esmr=0.003 Ry							0.024	5.92	19.0	Stromeyerite; Silver copper(I) sulfide
mp-9008	Rb2Te2Au2	6	GOOD		GOOD	1.947	TF32; 本計算 legacy(ctrl+GWinput) ~/bin2 → 追加の計算 TOML(05-11) ×1; χ0 T=0, Σ GaussSmear esmr=0.003 Ry							0.016	6.10	37.2	Rubidium catena-telluridoaurate(I)
mp-9010	Rb2Au2S2	6	GOOD		GOOD	3.637	TF32; 本計算 legacy(ctrl+GWinput) ~/bin2 → 追加の計算 TOML(05-11) ×1; χ0 T=0, Σ GaussSmear esmr=0.003 Ry							0.000	5.74	30.3	Rubidium catena-sulfidoaurate(I)
mp-917	Ca2C4	6	GOOD		GOOD	4.531	TF32; 本計算 legacy(ctrl+GWinput) ~/bin2 → 追加の計算 TOML(05-11) ×1; χ0 T=0, Σ GaussSmear esmr=0.003 Ry							0.000	2.19	16.2	Calcium dicarbide; Calcium acetylide; Calcium carbide (1/2) - III
mp-9244	Li2B2C2	6	GOOD		GOOD	1.980	TF32; 本計算 legacy(ctrl+GWinput) ~/bin2 → 追加の計算 TOML(05-11) ×1; χ0 T=0, Σ GaussSmear esmr=0.003 Ry							0.000	2.18	7.5	Lithium borocarbide; Lithium boro carbide (1/1/1); Lithium boride carbide (1/1/1)
mp-9250	Rb2Li2Se2	6	GOOD		GOOD	4.138	TF32; 本計算 legacy(ctrl+GWinput) ~/bin2 → 追加の計算 TOML(05-11) ×1; χ0 T=0, Σ GaussSmear esmr=0.003 Ry							0.000	3.58	26.5	Rubidium lithium selenide
mp-9252	Hg3S3	6	GOOD		GOOD	2.803	TF32; 本計算 legacy(ctrl+GWinput) ~/bin2 → 追加の計算 TOML(05-11) ×1; χ0 T=0, Σ GaussSmear esmr=0.003 Ry							0.004	7.00	27.6	Cinnabar; Mercury sulfide (1/1); Mercury sulfide - alpha; High pressure experimental phase
mp-9384	CsAu3S2	6	GOOD		GOOD	3.441	TF32; 本計算 legacy(ctrl+GWinput) ~/bin2 → 追加の計算 TOML(05-11) ×1; χ0 T=0, Σ GaussSmear esmr=0.003 Ry							0.000	7.26	30.1	Cesium phyllo-dithiotriaurate(I)
mp-9385	RbAu3Se2	6	GOOD		GOOD	2.675	TF32; 本計算 legacy(ctrl+GWinput) ~/bin2 → 追加の計算 TOML(05-11) ×1; χ0 T=0, Σ GaussSmear esmr=0.003 Ry							0.000	7.78	29.7	Rubidium phyllo-diselenotriaurate(I)
mp-9386	CsAu3Se2	6	GOOD		GOOD	3.318	TF32; 本計算 legacy(ctrl+GWinput) ~/bin2 → 追加の計算 TOML(05-11) ×1; χ0 T=0, Σ GaussSmear esmr=0.003 Ry							0.000	7.74	31.5	Cesium phyllo-diselenotriaurate(I)
mp-947	Au4S2	6	GOOD		GOOD	3.200	TF32; 本計算 legacy(ctrl+GWinput) ~/bin2 → 追加の計算 TOML(05-11) ×1; χ0 T=0, Σ GaussSmear esmr=0.003 Ry							0.000	9.64	24.4	Gold sulfide
mp-9562	Li2Be2As2	6	GOOD		GOOD	1.770	TF32; 本計算 legacy(ctrl+GWinput) ~/bin2 → 追加の計算 TOML(05-11) ×1; χ0 T=0, Σ GaussSmear esmr=0.003 Ry							0.000	3.51	14.3	Beryllium lithium arsenide; Lithium beryllium arsenide
mp-9573	Na2Be2As2	6	GOOD		GOOD	2.288	TF32; 本計算 legacy(ctrl+GWinput) ~/bin2 → 追加の計算 TOML(05-11) ×1; χ0 T=0, Σ GaussSmear esmr=0.003 Ry							0.000	3.18	18.6	Sodium beryllium arsenide
mp-9574	Na2Be2Sb2	6	GOOD		GOOD	1.753	TF32; 本計算 legacy(ctrl+GWinput) ~/bin2 → 追加の計算 TOML(05-11) ×1; χ0 T=0, Σ GaussSmear esmr=0.003 Ry							0.048	3.62	23.5	Sodium beryllium antimony (1/1/1)
mp-9575	Li2Be2Sb2	6	GOOD		GOOD	1.417	TF32; 本計算 legacy(ctrl+GWinput) ~/bin2 → 追加の計算 TOML(05-11) ×1; χ0 T=0, Σ GaussSmear esmr=0.003 Ry							0.018	4.47	17.0	Lithium beryllium antimony (1/1/1); Beryllium lithium antimonide
mp-9731	Rb2Au2Se2	6	GOOD		GOOD	3.327	TF32; 本計算 legacy(ctrl+GWinput) ~/bin2 → 追加の計算 TOML(05-11) ×1; χ0 T=0, Σ GaussSmear esmr=0.003 Ry							0.000	6.06	33.0	Rubidium gold selenide (1/1/1); Rubidium selenoaurate(I)
mp-9845	Rb2Ca2As2	6	DRIFT_GOOD	5 月は収束の基準を満たしたが、最後の 3 反復が同じ向きに -0.10 eV 動いていた（履歴 2.3798, 2.5360, 2.4425, 2.4372）。回し直していない	GOOD	2.437	TF32; 本計算 legacy(ctrl+GWinput) ~/bin2 → 追加の計算 TOML(05-11) ×1; χ0 T=0, Σ GaussSmear esmr=0.003 Ry							0.000	3.16	35.1	Rubidium calcium arsenide
mp-9846	Rb2Ca2Sb2	6	GOOD		GOOD	2.576	TF32; 本計算 legacy(ctrl+GWinput) ~/bin2 → 追加の計算 TOML(05-11) ×1; χ0 T=0, Σ GaussSmear esmr=0.003 Ry							0.000	3.32	41.3	Rubidium calcium antimonide
mp-9881	K2Au2Se2	6	GOOD		GOOD	3.383	TF32; 本計算 legacy(ctrl+GWinput) ~/bin2 → 追加の計算 TOML(05-11) ×1; χ0 T=0, Σ GaussSmear esmr=0.003 Ry							0.000	5.80	30.1	Potassium gold selenide (1/1/1); Potassium gold selenide
mp-9899	Ba2Ag2P2	6	GOOD		GOOD	0.804	TF32; 本計算 legacy(ctrl+GWinput) ~/bin2 → 追加の計算 TOML(05-11) ×1; χ0 T=0, Σ GaussSmear esmr=0.003 Ry							0.000	5.79	26.4	Barium silver phosphide
mp-9915	Li2Be2P2	6	GOOD		GOOD	2.004	TF32; 本計算 legacy(ctrl+GWinput) ~/bin2 → 追加の計算 TOML(05-11) ×1; χ0 T=0, Σ GaussSmear esmr=0.003 Ry							0.000	2.00	13.0	Lithium beryllium phosphide; Beryllium lithium phosphide
mp-9919	Li2Zn2Sb2	6	GOOD		GOOD	1.028	TF32; 本計算 legacy(ctrl+GWinput) ~/bin2 → 追加の計算 TOML(05-11) ×1; χ0 T=0, Σ GaussSmear esmr=0.003 Ry							0.000	5.31	20.2	Lithium zinc antimonide
mp-9984	Sn2S4	6	GOOD		GOOD	2.649	TF32; 本計算 legacy(ctrl+GWinput) ~/bin2 → 追加の計算 TOML(05-11) ×1; χ0 T=0, Σ GaussSmear esmr=0.003 Ry							0.000	4.21	24.1	Tin(IV) sulfide; Berndtite 4H
mp-1025299	Tl2CdTe4	7	GOOD		GOOD	0.526	TF32; 本計算 legacy(ctrl+GWinput) ~/bin2 → 追加の計算 TOML(05-11) ×2 → 最初から REDO(TOML); χ0 T=0, Σ GaussSmear esmr=0.003 Ry							0.086	6.38	38.3	sample prepared from CdTe, Tl2Te3, powder (determination of cell parameters); Cu2HgI4; Cadmium thallium telluride (1/2/4
mp-1025377	CdAg2I4	7	GOOD		GOOD	3.489	TF32; 本計算 legacy(ctrl+GWinput) ~/bin2 → 追加の計算 TOML(05-11) ×2 → 最初から REDO(TOML); χ0 T=0, Σ GaussSmear esmr=0.003 Ry							0.000	5.19	38.2	sample prepared from AgI, CdI2, powder (determination of cell and structural parameters); Cu2HgI4; Ag2CdI4 ht3; Disilver
mp-10426	Nb2O5	7	GOOD		GOOD	3.090	TF32; 本計算 legacy(ctrl+GWinput) ~/bin2 → 追加の計算 TOML(05-11) ×2 → 最初から REDO(TOML); χ0 T=0, Σ GaussSmear esmr=0.003 Ry							0.342	5.30	11.9	Niobium oxide - Z
mp-1077866	BaZnBO3F	7	GOOD		GOOD	6.347	TF32; 本計算 legacy(ctrl+GWinput) ~/bin2 → 追加の計算 TOML(05-11) ×1; χ0 T=0, Σ GaussSmear esmr=0.003 Ry							0.020	4.69	14.2	Barium zinc trioxoborate fluoride; Barium zinc fluoroborate
mp-1077901	InCo3SnS2	7	FAILED_MAY	5 月の失敗: PROD_NaN_lqpe / 回し直し(run1): CONVERGED 4 反復、ギャップ 0.272827 eV（LDA 0.206730）	FAILED		TF32; 本計算 TOML(ctrlG+PB) ~/bin2; χ0 T=0, Σ GaussSmear esmr=0.003 Ry	run1	CONVERGED	4	0.272827	0.206730	fp32; 989a18637 (2026-09-29); POSCAR→vasp2ctrl→ctrlgenToml --ssig=0.8 (2026-09 の雛形); t_tetrakbt=300 t_sigmaw=300; LDA から; 最大 10 反復 (NaCoO2 20、金属 15)	0.000	7.08	15.9	Cobalt indium tin sulfide (3/1/1/2); Shandite; Indium tin cobalt sulfide (1/1/3/2)
mp-1077904	CdPb2Cl2O2	7	NOTCONV_MAY	5 月は 10 反復で収束せず（最後の 3 反復の幅 0.2395 eV、履歴 3.6826, 3.7988, 3.9826, 4.2221, 4.0409） / 回し直し(run3): CONVERGED 5 反復、ギャップ 3.954747 eV（LDA 2.407234）、5 月との差 -0.09 eV	NOTCONV	4.041	TF32; 本計算 legacy(ctrl+GWinput) ~/bin2 → 追加の計算 TOML(05-11) ×1; χ0 T=0, Σ GaussSmear esmr=0.003 Ry	run3	CONVERGED	5	3.954747	2.407234	fp32; 989a18637 (2026-09-29); POSCAR→vasp2ctrl→ctrlgenToml --ssig=0.8 (2026-09 の雛形); t_tetrakbt=300 t_sigmaw=300; LDA から; 最大 10 反復 (NaCoO2 20、金属 15)	0.115	6.44	23.2	sample prepared from PbO, PbCl2, CdO, electron microprobe analysis; Cd0.99Pb2.02O2Cl1.97, single crystal (determination 
mp-1077942	Rb2TeSe4	7	GOOD		GOOD	2.035	TF32; 本計算 legacy(ctrl+GWinput) ~/bin2 → 追加の計算 TOML(05-11) ×1; χ0 T=0, Σ GaussSmear esmr=0.003 Ry							0.007	4.37	33.3	Rubidium selenide telluride (2/4/1)
mp-1078049	ZnGa2S4	7	GOOD		GOOD	3.501	TF32; 本計算 legacy(ctrl+GWinput) ~/bin2 → 追加の計算 TOML(05-11) ×1; χ0 T=0, Σ GaussSmear esmr=0.003 Ry							0.009	3.82	20.7	Zinc gallium sulfide (1/2/4)
mp-1078085	Cs2PdCl4	7	GOOD		GOOD	4.590	TF32; 本計算 legacy(ctrl+GWinput) ~/bin2 → 追加の計算 TOML(05-11) ×1; χ0 T=0, Σ GaussSmear esmr=0.003 Ry							0.000	3.24	37.6	Dicesium tetrachloropalladate
mp-10955	SnHg2Se4	7	GOOD		GOOD	0.997	TF32; 本計算 legacy(ctrl+GWinput) ~/bin2 → 追加の計算 TOML(05-11) ×1; χ0 T=0, Σ GaussSmear esmr=0.003 Ry							0.000	6.81	29.1	Dimercury tin(IV) selenide; Dimercury tetraselenostannate
mp-11175	LiZnPS4	7	GOOD		GOOD	4.605	TF32; 本計算 legacy(ctrl+GWinput) ~/bin2 → 追加の計算 TOML(05-11) ×1; χ0 T=0, Σ GaussSmear esmr=0.003 Ry							0.000	2.50	22.0	Lithium zinc thiophosphate(V)
mp-11719	K4ZnP2	7	GOOD		GOOD	1.885	TF32; 本計算 legacy(ctrl+GWinput) ~/bin2 → 追加の計算 TOML(05-11) ×1; χ0 T=0, Σ GaussSmear esmr=0.003 Ry							0.000	1.97	34.2	Tetrapotassium diphosphidozincate
mp-13650	Ca2GeO4	7	GOOD		GOOD	5.323	TF32; 本計算 legacy(ctrl+GWinput) ~/bin2 → 追加の計算 TOML(05-11) ×1; χ0 T=0, Σ GaussSmear esmr=0.003 Ry							0.146	4.25	12.1	Dicalcium germanate
mp-13660	Ca4Sb2O	7	GOOD		GOOD	2.014	TF32; 本計算 legacy(ctrl+GWinput) ~/bin2 → 追加の計算 TOML(05-11) ×1; χ0 T=0, Σ GaussSmear esmr=0.003 Ry							0.000	3.87	25.7	Calcium antimony oxide (4/2/1)
mp-13949	CdGa2Te4	7	GOOD		GOOD	1.999	TF32; 本計算 legacy(ctrl+GWinput) ~/bin2 → 追加の計算 TOML(05-11) ×1; χ0 T=0, Σ GaussSmear esmr=0.003 Ry							0.000	5.50	32.9	Digallium tetratellurocadmate; Cadmium digallium telluride; Cadmium gallium telluride (1/2/4); Cadmium gallium telluride
mp-14790	GeTe4As2	7	GOOD		GOOD	0.737	TF32; 本計算 legacy(ctrl+GWinput) ~/bin2 → 追加の計算 TOML(05-11) ×1; χ0 T=0, Σ GaussSmear esmr=0.003 Ry							0.038	6.09	28.5	Diarsenic germanium(II) telluride
mp-15157	Cs2CaF4	7	NOTCONV_MAY	5 月は 10 反復で収束せず（最後の 3 反復の幅 0.1832 eV、履歴 8.9583, 6.3363, 9.7501, 9.6822, 9.8654） / 回し直し(run3): CONVERGED 6 反復、ギャップ 9.989961 eV（LDA 6.004742）、5 月との差 +0.12 eV	NOTCONV	9.865	TF32; 本計算 legacy(ctrl+GWinput) ~/bin2 → 追加の計算 TOML(05-11) ×1; χ0 T=0, Σ GaussSmear esmr=0.003 Ry	run3	CONVERGED	6	9.989961	6.004742	fp32; 989a18637 (2026-09-29); POSCAR→vasp2ctrl→ctrlgenToml --ssig=0.8 (2026-09 の雛形); t_tetrakbt=300 t_sigmaw=300; LDA から; 最大 10 反復 (NaCoO2 20、金属 15)	0.000	4.23	21.4	Dicesium calcium tetrafluoride
mp-15776	ZnGa2Se4	7	GOOD		GOOD	2.746	TF32; 本計算 legacy(ctrl+GWinput) ~/bin2 → 追加の計算 TOML(05-11) ×1; χ0 T=0, Σ GaussSmear esmr=0.003 Ry							0.000	5.10	24.2	Zinc digallium tetraselenide: Eu(2+)-doped; Zinc tetraselenodigallate
mp-15777	ZnGa2Te4	7	GOOD		GOOD	1.943	TF32; 本計算 legacy(ctrl+GWinput) ~/bin2 → 追加の計算 TOML(05-11) ×1; χ0 T=0, Σ GaussSmear esmr=0.003 Ry							0.000	5.51	30.8	Zinc gallium telluride (1/2/4); Zinc tetratellurodigallate; Tellurium zinc gallide (4/1/2)
mp-1591	Al4C3	7	GOOD		GOOD	2.240	TF32; 本計算 legacy(ctrl+GWinput) ~/bin2 → 追加の計算 TOML(05-11) ×1; χ0 T=0, Σ GaussSmear esmr=0.003 Ry							0.000	2.99	11.4	Aluminium carbide (4/3); Aluminium carbide
mp-1595	Nb2O5	7	GOOD		GOOD	3.881	TF32; 本計算 legacy(ctrl+GWinput) ~/bin2 → 追加の計算 TOML(05-11) ×1; χ0 T=0, Σ GaussSmear esmr=0.003 Ry							0.008	4.38	14.4	Diniobium oxide - R
mp-16337	Ga2HgTe4	7	GOOD		GOOD	1.457	TF32; 本計算 legacy(ctrl+GWinput) ~/bin2 → 追加の計算 TOML(05-11) ×1; χ0 T=0, Σ GaussSmear esmr=0.003 Ry							0.000	6.16	32.8	Gallium mercury telluride (2/1/4)
mp-16755	MgAl2S4	7	GOOD		GOOD	3.936	TF32; 本計算 legacy(ctrl+GWinput) ~/bin2 → 追加の計算 TOML(05-11) ×1; χ0 T=0, Σ GaussSmear esmr=0.003 Ry							0.028	2.21	22.1	Magnesium aluminum sulfide (1/2/4)
mp-19765	In2HgTe4	7	GOOD		GOOD	1.277	TF32; 本計算 legacy(ctrl+GWinput) ~/bin2 → 追加の計算 TOML(05-11) ×1; χ0 T=0, Σ GaussSmear esmr=0.003 Ry							0.000	6.15	36.3	Mercury diindium telluride; Mercury indium telluride (1/2/4)
mp-20098	Ba2PbO4	7	DRIFT_GOOD	5 月は収束の基準を満たしたが、最後の 3 反復が同じ向きに +0.10 eV 動いていた（履歴 2.6568, 2.4744, 2.5707, 2.5722）。回し直していない	GOOD	2.572	TF32; 本計算 legacy(ctrl+GWinput) ~/bin2 → 追加の計算 TOML(05-11) ×1; χ0 T=0, Σ GaussSmear esmr=0.003 Ry							0.000	7.20	18.0	Dibarium catena-plumbate; Dibarium lead(IV) oxide; Dibarium oxoplumbate(IV)
mp-20731	In2HgSe4	7	GOOD		GOOD	1.564	TF32; 本計算 legacy(ctrl+GWinput) ~/bin2 → 追加の計算 TOML(05-11) ×1; χ0 T=0, Σ GaussSmear esmr=0.003 Ry							0.000	6.01	29.5	Mercury diindium selenide
mp-20832	ZnIn2Te4	7	GOOD		GOOD	1.769	TF32; 本計算 legacy(ctrl+GWinput) ~/bin2 → 追加の計算 TOML(05-11) ×1; χ0 T=0, Σ GaussSmear esmr=0.003 Ry							0.000	5.55	34.4	Zinc diindium telluride
mp-21374	CdIn2Te4	7	GOOD		GOOD	1.729	TF32; 本計算 legacy(ctrl+GWinput) ~/bin2 → 追加の計算 TOML(05-11) ×1; χ0 T=0, Σ GaussSmear esmr=0.003 Ry							0.000	5.55	36.4	Cadmium diindium telluride; Cadmium indium telluride (1/2/4)
mp-22253	ZnIn2S4	7	GOOD		GOOD	1.140	TF32; 本計算 legacy(ctrl+GWinput) ~/bin2 → 追加の計算 TOML(05-11) ×1; χ0 T=0, Σ GaussSmear esmr=0.003 Ry							0.059	4.16	24.1	Diindium zinc sulfide
mp-22304	CdIn2Se4	7	GOOD		GOOD	2.020	TF32; 本計算 legacy(ctrl+GWinput) ~/bin2 → 追加の計算 TOML(05-11) ×1; χ0 T=0, Σ GaussSmear esmr=0.003 Ry							0.000	5.30	29.4	Cadmium diindium selenide
mp-22607	ZnIn2Se4	7	GOOD		GOOD	2.132	TF32; 本計算 legacy(ctrl+GWinput) ~/bin2 → 追加の計算 TOML(05-11) ×1; χ0 T=0, Σ GaussSmear esmr=0.003 Ry							0.000	5.29	27.4	Zinc diindium selenide
mp-22934	K2PtCl4	7	NOTCONV_MAY	5 月は 10 反復で収束せず（最後の 3 反復の幅 0.2468 eV、履歴 5.1806, 4.6352, 4.5730, 4.7387, 4.8197） / 回し直し(run3): CONVERGED 6 反復、ギャップ 4.619134 eV（LDA 1.553973）、5 月との差 -0.20 eV	NOTCONV	4.820	TF32; 本計算 legacy(ctrl+GWinput) ~/bin2 → 追加の計算 TOML(05-11) ×1; χ0 T=0, Σ GaussSmear esmr=0.003 Ry	run3	CONVERGED	6	4.619134	1.553973	fp32; 989a18637 (2026-09-29); POSCAR→vasp2ctrl→ctrlgenToml --ssig=0.8 (2026-09 の雛形); t_tetrakbt=300 t_sigmaw=300; LDA から; 最大 10 反復 (NaCoO2 20、金属 15)	0.000	3.38	29.1	Potassium tetrachloroplatinate(II); Dipotassium tetrachloroplatinate
mp-22937	Na4I2O	7	NOTCONV_MAY	5 月は 10 反復で収束せず（最後の 3 反復の幅 0.2496 eV、履歴 4.1418, 5.5157, 4.8725, 4.7452, 4.6229） / 回し直し(run3): CONVERGED 6 反復、ギャップ 4.761284 eV（LDA 2.336738）、5 月との差 +0.14 eV	NOTCONV	4.623	TF32; 本計算 legacy(ctrl+GWinput) ~/bin2 → 追加の計算 TOML(05-11) ×1; χ0 T=0, Σ GaussSmear esmr=0.003 Ry	run3	CONVERGED	6	4.761284	2.336738	fp32; 989a18637 (2026-09-29); POSCAR→vasp2ctrl→ctrlgenToml --ssig=0.8 (2026-09 の雛形); t_tetrakbt=300 t_sigmaw=300; LDA から; 最大 10 反復 (NaCoO2 20、金属 15)	0.079	3.51	24.4	Tetrasodium oxide diiodide
mp-22956	K2PdCl4	7	GOOD		GOOD	4.315	TF32; 本計算 legacy(ctrl+GWinput) ~/bin2 → 追加の計算 TOML(05-11) ×1; χ0 T=0, Σ GaussSmear esmr=0.003 Ry							0.000	2.66	29.1	Potassium tetrachloropalladate(II); Potassium tetrachloropalladate; Dipotassium tetrachloropalladate(II); Dipotassium te
mp-23353	Cu2HgI4	7	GOOD		GOOD	1.850	TF32; 本計算 legacy(ctrl+GWinput) ~/bin2 → 追加の計算 TOML(05-11) ×1; χ0 T=0, Σ GaussSmear esmr=0.003 Ry							0.000	5.94	33.4	Dicopper mercury tetraiodide - beta; Dicopper(I) tetraiodomercurate - beta
mp-23485	Ag2HgI4	7	GOOD		GOOD	2.628	TF32; 本計算 legacy(ctrl+GWinput) ~/bin2 → 追加の計算 TOML(05-11) ×1; χ0 T=0, Σ GaussSmear esmr=0.003 Ry							0.000	5.75	38.1	Disilver mercury iodide - beta; Silver tetraiodomercurate - beta; Disilver tetraiodomercurate - beta
mp-2371	Ga2Te5	7	GOOD		GOOD	1.550	TF32; 本計算 legacy(ctrl+GWinput) ~/bin2 → 追加の計算 TOML(05-11) ×1; χ0 T=0, Σ GaussSmear esmr=0.003 Ry							0.000	5.64	32.7	Gallium telluride (2/5)
mp-23752	Cs2MgH4	7	GOOD		GOOD	5.345	TF32; 本計算 legacy(ctrl+GWinput) ~/bin2 → 追加の計算 TOML(05-11) ×1; χ0 T=0, Σ GaussSmear esmr=0.003 Ry							0.007	3.56	19.6	Dicesium magnesium deuteride; Dicesium magnesium hydride
mp-23956	K2MgH4	7	GOOD		GOOD	6.201	TF32; 本計算 legacy(ctrl+GWinput) ~/bin2 → 追加の計算 TOML(05-11) ×1; χ0 T=0, Σ GaussSmear esmr=0.003 Ry							0.000	1.62	15.6	Dipotassium magnesium hydride; Dipotassium magnesium deuteride
mp-24517	Rb2CaH4	7	GOOD		GOOD	6.229	TF32; 本計算 legacy(ctrl+GWinput) ~/bin2 → 追加の計算 TOML(05-11) ×1; χ0 T=0, Σ GaussSmear esmr=0.003 Ry							0.009	2.39	21.3	Dirubidium calcium deuteride; Dirubidium calcium hydride
mp-27138	K2PdBr4	7	GOOD		GOOD	3.758	TF32; 本計算 legacy(ctrl+GWinput) ~/bin2 → 追加の計算 TOML(05-11) ×1; χ0 T=0, Σ GaussSmear esmr=0.003 Ry							0.000	3.50	34.2	Dipotassium tetrabromopalladate
mp-27207	K2MgCl4	7	DRIFT_GOOD	5 月は収束の基準を満たしたが、最後の 3 反復が同じ向きに +0.09 eV 動いていた（履歴 7.6556, 8.0462, 7.8796, 7.9155, 7.9650）。回し直していない	GOOD	7.965	TF32; 本計算 legacy(ctrl+GWinput) ~/bin2 → 追加の計算 TOML(05-11) ×1; χ0 T=0, Σ GaussSmear esmr=0.003 Ry							0.000	2.14	27.1	Dipotassium magnesium chloride
mp-27243	K2PtBr4	7	DRIFT_GOOD	5 月は収束の基準を満たしたが、最後の 3 反復が同じ向きに -0.09 eV 動いていた（履歴 3.9042, 4.0612, 3.9815, 3.9676）。回し直していない	GOOD	3.968	TF32; 本計算 legacy(ctrl+GWinput) ~/bin2 → 追加の計算 TOML(05-11) ×1; χ0 T=0, Σ GaussSmear esmr=0.003 Ry							0.006	4.11	34.2	Potassium tetrabromoplatinate(II)
mp-27294	Ca3AsBr3	7	GOOD		GOOD	3.546	TF32; 本計算 legacy(ctrl+GWinput) ~/bin2 → 追加の計算 TOML(05-11) ×1; χ0 T=0, Σ GaussSmear esmr=0.003 Ry							0.000	3.46	29.8	Tricalcium arsenide tribromide
mp-27947	SnSb2Te4	7	GOOD		GOOD	0.519	TF32; 本計算 legacy(ctrl+GWinput) ~/bin2 → 追加の計算 TOML(05-11) ×1; χ0 T=0, Σ GaussSmear esmr=0.003 Ry							0.000	6.19	33.5	Tin antimony telluride (1/2/4); Tin diantimony telluride
mp-27948	GeBi2Te4	7	GOOD		GOOD	1.053	TF32; 本計算 legacy(ctrl+GWinput) ~/bin2 → 追加の計算 TOML(05-11) ×1; χ0 T=0, Σ GaussSmear esmr=0.003 Ry							0.013	7.08	33.5	Bismuth germanium telluride (2/1/4); Germanium bismuth telluride (1/2/4)
mp-28069	Ca3AsCl3	7	GOOD		GOOD	3.973	TF32; 本計算 legacy(ctrl+GWinput) ~/bin2 → 追加の計算 TOML(05-11) ×1; χ0 T=0, Σ GaussSmear esmr=0.003 Ry							0.000	2.63	27.2	Calcium arsenide trichloride
mp-28163	K2PdF4	7	GOOD		GOOD	6.603	TF32; 本計算 legacy(ctrl+GWinput) ~/bin2 → 追加の計算 TOML(05-11) ×1; χ0 T=0, Σ GaussSmear esmr=0.003 Ry							0.000	3.63	17.0	Dipotassium tetrafluoropalladate
mp-28302	K4CdP2	7	GOOD		GOOD	1.701	TF32; 本計算 legacy(ctrl+GWinput) ~/bin2 → 追加の計算 TOML(05-11) ×1; χ0 T=0, Σ GaussSmear esmr=0.003 Ry							0.000	2.17	36.1	Tetrapotassium cadmium phosphide
mp-28483	WBr6	7	GOOD		GOOD	2.148	TF32; 本計算 legacy(ctrl+GWinput) ~/bin2 → 追加の計算 TOML(05-11) ×1; χ0 T=0, Σ GaussSmear esmr=0.003 Ry							0.000	4.95	31.8	Tungsten bromide
mp-28591	Na4HgP2	7	NOTCONV_MAY	5 月は 10 反復で収束せず（最後の 3 反復の幅 0.2538 eV、履歴 1.7988, 2.9500, 2.3592, 2.2073, 2.1054） / 回し直し(run3): CONVERGED 5 反復、ギャップ 1.959142 eV（LDA 0.798162）、5 月との差 -0.15 eV	NOTCONV	2.105	TF32; 本計算 legacy(ctrl+GWinput) ~/bin2 → 追加の計算 TOML(05-11) ×1; χ0 T=0, Σ GaussSmear esmr=0.003 Ry	run3	CONVERGED	5	1.959142	0.798162	fp32; 989a18637 (2026-09-29); POSCAR→vasp2ctrl→ctrlgenToml --ssig=0.8 (2026-09 の雛形); t_tetrakbt=300 t_sigmaw=300; LDA から; 最大 10 反復 (NaCoO2 20、金属 15)	0.000	3.24	26.0	Tetrasodium diphosphidomercurate
mp-28599	Na4Br2O	7	GOOD		GOOD	4.713	TF32; 本計算 legacy(ctrl+GWinput) ~/bin2 → 追加の計算 TOML(05-11) ×1; χ0 T=0, Σ GaussSmear esmr=0.003 Ry							0.134	2.99	21.2	Sodium oxide dibromide
mp-28627	K4Br2O	7	NOTCONV_MAY	5 月は 10 反復で収束せず（最後の 3 反復の幅 0.1285 eV、履歴 3.6526, 3.2468, 3.2966, 3.4251, 3.3871） / 回し直し(run3): CONVERGED 6 反復、ギャップ 3.403743 eV（LDA 0.951647）、5 月との差 +0.02 eV	NOTCONV	3.387	TF32; 本計算 legacy(ctrl+GWinput) ~/bin2 → 追加の計算 TOML(05-11) ×1; χ0 T=0, Σ GaussSmear esmr=0.003 Ry	run3	CONVERGED	6	3.403743	0.951647	fp32; 989a18637 (2026-09-29); POSCAR→vasp2ctrl→ctrlgenToml --ssig=0.8 (2026-09 の雛形); t_tetrakbt=300 t_sigmaw=300; LDA から; 最大 10 反復 (NaCoO2 20、金属 15)	0.135	2.53	31.2	Tetrapotassium oxide dibromide
mp-29009	Li2MgBr4	7	GOOD		GOOD	7.129	TF32; 本計算 legacy(ctrl+GWinput) ~/bin2 → 追加の計算 TOML(05-11) ×1; χ0 T=0, Σ GaussSmear esmr=0.003 Ry							0.015	3.62	23.4	Dilithium magnesium bromide - LT
mp-29342	Ca3PCl3	7	DRIFT_GOOD	5 月は収束の基準を満たしたが、最後の 3 反復が同じ向きに +0.09 eV 動いていた（履歴 4.1410, 3.9330, 4.0189, 4.0261）。回し直していない	GOOD	4.026	TF32; 本計算 legacy(ctrl+GWinput) ~/bin2 → 追加の計算 TOML(05-11) ×1; χ0 T=0, Σ GaussSmear esmr=0.003 Ry							0.000	2.32	26.3	Tricalcium phosphide trichloride
mp-29484	K4HgAs2	7	GOOD		GOOD	1.546	TF32; 本計算 legacy(ctrl+GWinput) ~/bin2 → 追加の計算 TOML(05-11) ×1; χ0 T=0, Σ GaussSmear esmr=0.003 Ry							0.000	3.15	38.2	Tetrapotassium diarsenidomercurate
mp-29584	K4BeAs2	7	GOOD		GOOD	2.042	TF32; 本計算 legacy(ctrl+GWinput) ~/bin2 → 追加の計算 TOML(05-11) ×1; χ0 T=0, Σ GaussSmear esmr=0.003 Ry							0.000	2.17	34.4	Tetrapotassium diarsenidoberyllate
mp-29585	K4CdAs2	7	SUSPECT_GOOD	5 月は GOOD だが 2 反復目以降に 0.5 eV を超えて振動（履歴 1.4420, 0.4743, 1.0255, 1.1139, 1.1070） / 回し直し(run3): CONVERGED 5 反復、ギャップ 1.617516 eV（LDA 0.499491）、5 月との差 +0.51 eV	GOOD	1.107	TF32; 本計算 legacy(ctrl+GWinput) ~/bin2 → 追加の計算 TOML(05-11) ×1; χ0 T=0, Σ GaussSmear esmr=0.003 Ry	run3	CONVERGED	5	1.617516	0.499491	fp32; 989a18637 (2026-09-29); POSCAR→vasp2ctrl→ctrlgenToml --ssig=0.8 (2026-09 の雛形); t_tetrakbt=300 t_sigmaw=300; LDA から; 最大 10 反復 (NaCoO2 20、金属 15)	0.000	2.58	38.5	Tetrapotassium diarsenidocadmate
mp-29873	Rb2CdCl4	7	GOOD		GOOD	5.686	TF32; 本計算 legacy(ctrl+GWinput) ~/bin2 → 追加の計算 TOML(05-11) ×1; χ0 T=0, Σ GaussSmear esmr=0.003 Ry							0.008	3.19	31.6	Dirubidium tetrachlorocadmate
mp-29889	Tl2PdCl4	7	GOOD		GOOD	2.985	TF32; 本計算 legacy(ctrl+GWinput) ~/bin2 → 追加の計算 TOML(05-11) ×1; χ0 T=0, Σ GaussSmear esmr=0.003 Ry							0.000	5.05	30.9	Dithallium tetrachloropalladate
mp-30004	Rb4Br2O	7	NOTCONV_MAY	5 月は 10 反復で収束せず（最後の 3 反復の幅 5.2682 eV、履歴 2.6275, 0.4777, 1.0943, 2.3450, 6.3625） / 回し直し(run3): CONVERGED 6 反復、ギャップ 2.823486 eV（LDA 0.502586）、5 月との差 -3.54 eV	NOTCONV	6.363	TF32; 本計算 legacy(ctrl+GWinput) ~/bin2 → 追加の計算 TOML(05-11) ×1; χ0 T=0, Σ GaussSmear esmr=0.003 Ry	run3	CONVERGED	6	2.823486	0.502586	fp32; 989a18637 (2026-09-29); POSCAR→vasp2ctrl→ctrlgenToml --ssig=0.8 (2026-09 の雛形); t_tetrakbt=300 t_sigmaw=300; LDA から; 最大 10 反復 (NaCoO2 20、金属 15)	0.137	3.36	36.6	Tetrarubidium dibromide oxide
mp-30315	Ca3BN3	7	GOOD		GOOD	1.412	TF32; 本計算 legacy(ctrl+GWinput) ~/bin2 → 追加の計算 TOML(05-11) ×1; χ0 T=0, Σ GaussSmear esmr=0.003 Ry							0.000	2.80	14.7	Tricalcium dinitridoborate nitride
mp-3038	Al2HgSe4	7	GOOD		GOOD	2.671	TF32; 本計算 legacy(ctrl+GWinput) ~/bin2 → 追加の計算 TOML(05-11) ×1; χ0 T=0, Σ GaussSmear esmr=0.003 Ry							0.000	5.17	26.2	Mercury tetraselenodialuminate - NP, BCT; Mercury dialuminium tetraselenide; Mercury dialuminium selenide
mp-31002	Rb2Te5	7	GOOD		GOOD	1.005	TF32; 本計算 legacy(ctrl+GWinput) ~/bin2 → 追加の計算 TOML(05-11) ×1; χ0 T=0, Σ GaussSmear esmr=0.003 Ry							0.000	4.77	40.2	Rubidium telluride (2/5)
mp-31212	K2MgF4	7	NOTCONV_MAY	5 月は 10 反復で収束せず（最後の 3 反復の幅 1.2301 eV、履歴 5.2535, 8.5796, 9.2650, 10.4952, 9.6980） / 回し直し(run3): CONVERGED 6 反復、ギャップ 11.148002 eV（LDA 6.454241）、5 月との差 +1.45 eV	NOTCONV	9.698	TF32; 本計算 legacy(ctrl+GWinput) ~/bin2 → 追加の計算 TOML(05-11) ×1; χ0 T=0, Σ GaussSmear esmr=0.003 Ry	run3	CONVERGED	6	11.148002	6.454241	fp32; 989a18637 (2026-09-29); POSCAR→vasp2ctrl→ctrlgenToml --ssig=0.8 (2026-09 の雛形); t_tetrakbt=300 t_sigmaw=300; LDA から; 最大 10 反復 (NaCoO2 20、金属 15)	0.000	2.89	14.6	Dipotassium magnesium fluoride
mp-31507	Sb2Te4Pb	7	GOOD		GOOD	0.678	TF32; 本計算 legacy(ctrl+GWinput) ~/bin2 → 追加の計算 TOML(05-11) ×1; χ0 T=0, Σ GaussSmear esmr=0.003 Ry							0.187	6.65	34.3	Lead diantimony telluride
mp-3159	Al2CdSe4	7	GOOD		GOOD	3.434	TF32; 本計算 legacy(ctrl+GWinput) ~/bin2 → 追加の計算 TOML(05-11) ×1; χ0 T=0, Σ GaussSmear esmr=0.003 Ry							0.000	4.39	26.0	Chalcopyrite; Cadmium dialuminium tetraselenide; Cadmium aluminium selenide; Cadmium dialuminium selenide
mp-3167	Hg2GeSe4	7	GOOD		GOOD	1.195	TF32; 本計算 legacy(ctrl+GWinput) ~/bin2 → 追加の計算 TOML(05-11) ×1; χ0 T=0, Σ GaussSmear esmr=0.003 Ry							0.000	6.88	27.2	Dimercury tetraselenogermanate; Dimercury germanium tetraselenide; Dimercury tetraselenidogermanate - LT
mp-3359	Ba2SnO4	7	GOOD		GOOD	4.871	TF32; 本計算 legacy(ctrl+GWinput) ~/bin2 → 追加の計算 TOML(05-11) ×1; χ0 T=0, Σ GaussSmear esmr=0.003 Ry							0.000	6.51	16.7	Dibarium stannate; Dibarium catena-tetraoxostannate
mp-3376	Sr2SnO4	7	NOTCONV_MAY	5 月は 10 反復で収束せず（最後の 3 反復の幅 0.1500 eV、履歴 5.4255, 5.1584, 5.0668, 5.1947, 5.2168） / 回し直し(run3): CONVERGED 5 反復、ギャップ 5.039359 eV（LDA 2.712101）、5 月との差 -0.18 eV	NOTCONV	5.217	TF32; 本計算 legacy(ctrl+GWinput) ~/bin2 → 追加の計算 TOML(05-11) ×1; χ0 T=0, Σ GaussSmear esmr=0.003 Ry	run3	CONVERGED	5	5.039359	2.712101	fp32; 989a18637 (2026-09-29); POSCAR→vasp2ctrl→ctrlgenToml --ssig=0.8 (2026-09 の雛形); t_tetrakbt=300 t_sigmaw=300; LDA から; 最大 10 反復 (NaCoO2 20、金属 15)	0.005	5.70	14.9	Distrontium catena-tetraoxostannate; Distrontium stannate; Distrontium stannate - HT
mp-3772	CdGa2Se4	7	GOOD		GOOD	2.575	TF32; 本計算 legacy(ctrl+GWinput) ~/bin2 → 追加の計算 TOML(05-11) ×1; χ0 T=0, Σ GaussSmear esmr=0.003 Ry							0.000	5.16	26.1	Cadmium gallium selenide (1/2/4); Cadmium digallium tetraselenide; Cadmium digallium selenide; High pressure experimenta
mp-3813	Ba2ZrS4	7	GOOD		GOOD	1.866	TF32; 本計算 legacy(ctrl+GWinput) ~/bin2 → 追加の計算 TOML(05-11) ×1; χ0 T=0, Σ GaussSmear esmr=0.003 Ry							0.002	4.15	28.2	Barium tetrathiozirconate
mp-4452	CdGa2S4	7	GOOD		GOOD	3.568	TF32; 本計算 legacy(ctrl+GWinput) ~/bin2 → 追加の計算 TOML(05-11) ×1; χ0 T=0, Σ GaussSmear esmr=0.003 Ry							0.000	3.95	22.8	Cadmium digallium sulfide; Cadmium gallium sulfide (1/2/4); Cadmium digallium tetrasulfide
mp-4730	Ga2HgSe4	7	GOOD		GOOD	1.965	TF32; 本計算 legacy(ctrl+GWinput) ~/bin2 → 追加の計算 TOML(05-11) ×1; χ0 T=0, Σ GaussSmear esmr=0.003 Ry							0.000	5.95	26.1	Mercury digallium selenide; Mercury digallium tetraselenide
mp-4809	Ga2HgS4	7	GOOD		GOOD	2.831	TF32; 本計算 legacy(ctrl+GWinput) ~/bin2 → 追加の計算 TOML(05-11) ×1; χ0 T=0, Σ GaussSmear esmr=0.003 Ry							0.000	4.85	22.9	Mercury digallium tetrasulfide; Mercury digallium sulfide; High pressure experimental phase; Mercury gallium sulfide (1/
mp-5350	ZnGa2S4	7	GOOD		GOOD	3.824	TF32; 本計算 legacy(ctrl+GWinput) ~/bin2 → 追加の計算 TOML(05-11) ×1; χ0 T=0, Σ GaussSmear esmr=0.003 Ry							0.000	3.77	21.0	Digallium zinc sulfide; Zinc gallium sulfide (1/2/4); Gallium zinc sulfide (2/1/4); Digallium tetrathiozincate; Zinc tet
mp-5380	Ca4P2O	7	GOOD		GOOD	2.504	TF32; 本計算 legacy(ctrl+GWinput) ~/bin2 → 追加の計算 TOML(05-11) ×1; χ0 T=0, Σ GaussSmear esmr=0.003 Ry							0.000	2.60	21.8	Tetracalcium diphosphide oxide
mp-541937	ZnIn2S4	7	GOOD		GOOD	1.147	TF32; 本計算 legacy(ctrl+GWinput) ~/bin2 → 追加の計算 TOML(05-11) ×1; χ0 T=0, Σ GaussSmear esmr=0.003 Ry							0.060	4.17	24.1	Indium zinc sulfide (2/1/4); Zinc indium sulfide (1/2/4); Zinc diindium sulfide; Diindium zinc sulfide - (III)a; Diindiu
mp-545788	Ba3ZnN2O	7	GOOD		GOOD	1.571	TF32; 本計算 legacy(ctrl+GWinput) ~/bin2 → 追加の計算 TOML(05-11) ×1; χ0 T=0, Σ GaussSmear esmr=0.003 Ry							0.111	5.41	22.9	Tribarium oxide dinitridozincate
mp-546862	HgPb2Cl2O2	7	FAILED_MAY	5 月の失敗: NOGAP_GAP_COLLAPSED(LDA gap 2.23 eV) / 回し直し(run1): CONVERGED 5 反復、ギャップ 3.636553 eV（LDA 2.227586）	FAILED		TF32; 本計算 legacy(ctrl+GWinput) ~/bin2 → 追加の計算 TOML(05-11) ×1; χ0 T=0, Σ GaussSmear esmr=0.003 Ry	run1	CONVERGED	5	3.636553	2.227586	fp32; 989a18637 (2026-09-29); POSCAR→vasp2ctrl→ctrlgenToml --ssig=0.8 (2026-09 の雛形); t_tetrakbt=300 t_sigmaw=300; LDA から; 最大 10 反復 (NaCoO2 20、金属 15)	0.128	7.47	22.8	Mercury dilead dioxide dichloride
mp-546864	Y2CN2O2	7	GOOD		GOOD	5.727	TF32; 本計算 legacy(ctrl+GWinput) ~/bin2 → 追加の計算 TOML(05-11) ×1; χ0 T=0, Σ GaussSmear esmr=0.003 Ry							0.054	4.29	13.8	Diyttrium dioxide carbodiimide
mp-549308	LiGeBO4	7	NOTCONV_MAY	5 月は 10 反復で収束せず（最後の 3 反復の幅 0.1523 eV、履歴 6.7541, 5.4573, 5.5118, 5.5653, 5.6640） / 回し直し(run3): CONVERGED 6 反復、ギャップ 5.747476 eV（LDA 2.586501）、5 月との差 +0.08 eV	NOTCONV	5.664	TF32; 本計算 legacy(ctrl+GWinput) ~/bin2 → 追加の計算 TOML(05-11) ×1; χ0 T=0, Σ GaussSmear esmr=0.003 Ry	run3	CONVERGED	6	5.747476	2.586501	fp32; 989a18637 (2026-09-29); POSCAR→vasp2ctrl→ctrlgenToml --ssig=0.8 (2026-09 の雛形); t_tetrakbt=300 t_sigmaw=300; LDA から; 最大 10 反復 (NaCoO2 20、金属 15)	0.207	3.49	10.5	Lithium borogermanate
mp-550751	BaBeSiO4	7	GOOD		GOOD	7.050	TF32; 本計算 legacy(ctrl+GWinput) ~/bin2 → 追加の計算 TOML(05-11) ×1; χ0 T=0, Σ GaussSmear esmr=0.003 Ry							0.000	3.98	14.2	Barium beryllium silicate
mp-551629	CsLiMoO4	7	GOOD		GOOD	6.911	TF32; 本計算 legacy(ctrl+GWinput) ~/bin2 → 追加の計算 TOML(05-11) ×1; χ0 T=0, Σ GaussSmear esmr=0.003 Ry							0.000	3.37	21.1	Cesium lithium molybdate
mp-551826	NbTlBr4O	7	FAILED_MAY	5 月の失敗: NOGAP_GAP_COLLAPSED(LDA gap 1.11 eV) / 回し直し(run1): CONVERGED 6 反復、ギャップ 2.666349 eV（LDA 1.109565）	FAILED		TF32; 本計算 legacy(ctrl+GWinput) ~/bin2 → 追加の計算 TOML(05-11) ×1; χ0 T=0, Σ GaussSmear esmr=0.003 Ry	run1	CONVERGED	6	2.666349	1.109565	fp32; 989a18637 (2026-09-29); POSCAR→vasp2ctrl→ctrlgenToml --ssig=0.8 (2026-09 の雛形); t_tetrakbt=300 t_sigmaw=300; LDA から; 最大 10 反復 (NaCoO2 20、金属 15)	0.282	4.93	30.5	Thallium tetrabromooxoniobate(V)
mp-551873	Ca4Bi2O	7	GOOD		GOOD	1.931	TF32; 本計算 legacy(ctrl+GWinput) ~/bin2 → 追加の計算 TOML(05-11) ×1; χ0 T=0, Σ GaussSmear esmr=0.003 Ry							0.000	5.28	26.7	Calcium bismuthide oxide (4/2/1)
mp-5532	Sr2TiO4	7	NOTCONV_MAY	5 月は 10 反復で収束せず（最後の 3 反復の幅 0.6391 eV、履歴 6.8600, 2.0083, 3.6171, 3.7774, 4.2562） / 回し直し(run3): CONVERGED 7 反復、ギャップ 4.063720 eV（LDA 1.885675）、5 月との差 -0.19 eV	NOTCONV	4.256	TF32; 本計算 legacy(ctrl+GWinput) ~/bin2 → 追加の計算 TOML(05-11) ×1; χ0 T=0, Σ GaussSmear esmr=0.003 Ry	run3	CONVERGED	7	4.063720	1.885675	fp32; 989a18637 (2026-09-29); POSCAR→vasp2ctrl→ctrlgenToml --ssig=0.8 (2026-09 の雛形); t_tetrakbt=300 t_sigmaw=300; LDA から; 最大 10 反復 (NaCoO2 20、金属 15)	0.000	4.99	13.7	Distrontium titanium oxide - alpha; Distrontium tetraoxotitanate; Distrontium titanate
mp-554867	Ta2O5	7	GOOD		GOOD	1.850	TF32; 本計算 legacy(ctrl+GWinput) ~/bin2 → 追加の計算 TOML(05-11) ×1; χ0 T=0, Σ GaussSmear esmr=0.003 Ry							0.332	7.81	13.4	Tantalum oxide - beta; Tantalum oxide (2/5)
mp-557373	Cu2WS4	7	GOOD		GOOD	2.703	TF32; 本計算 legacy(ctrl+GWinput) ~/bin2 → 追加の計算 TOML(05-11) ×1; χ0 T=0, Σ GaussSmear esmr=0.003 Ry							0.001	4.72	22.1	Dicopper(I) tetrathiotungstate - I
mp-558836	MoF6	7	GOOD		GOOD	7.839	TF32; 本計算 legacy(ctrl+GWinput) ~/bin2 → 追加の計算 TOML(05-11) ×1; χ0 T=0, Σ GaussSmear esmr=0.003 Ry							0.030	2.74	18.2	Molybdenum fluoride - HT
mp-567655	Sr2CN2Cl2	7	DRIFT_GOOD	5 月は収束の基準を満たしたが、最後の 3 反復が同じ向きに +0.09 eV 動いていた（履歴 6.5630, 6.1031, 6.1981, 6.2642, 6.2857）。回し直していない	GOOD	6.286	TF32; 本計算 legacy(ctrl+GWinput) ~/bin2 → 追加の計算 TOML(05-11) ×1; χ0 T=0, Σ GaussSmear esmr=0.003 Ry							0.078	3.12	21.7	Distrontium dichloride diimide
mp-568032	CdIn2Se4	7	GOOD		GOOD	1.967	TF32; 本計算 legacy(ctrl+GWinput) ~/bin2 → 追加の計算 TOML(05-11) ×1; χ0 T=0, Σ GaussSmear esmr=0.003 Ry							0.004	5.31	29.4	Cadmium indium selenide (1/2/4) - substructure; Cadmium indium selenide (1/2/4); Cadmium indium selenide (1/2/4) - alpha
mp-568598	Cu2HgI4	7	GOOD		GOOD	1.554	TF32; 本計算 legacy(ctrl+GWinput) ~/bin2 → 追加の計算 TOML(05-11) ×1; χ0 T=0, Σ GaussSmear esmr=0.003 Ry							0.004	5.91	33.5	Copper(I) tetraiodomercurate
mp-568661	CdIn2Se4	7	GOOD		GOOD	1.795	TF32; 本計算 legacy(ctrl+GWinput) ~/bin2 → 追加の計算 TOML(05-11) ×1; χ0 T=0, Σ GaussSmear esmr=0.003 Ry							0.003	5.34	29.2	Cadmium indium selenide (1/2/4); Cadmium diindium selenide
mp-570097	SrLi4P2	7	NOTCONV_MAY	5 月は 10 反復で収束せず（最後の 3 反復の幅 0.4129 eV、履歴 1.2886, 3.9361, 2.6857, 2.4557, 2.2728） / 回し直し(run3): CONVERGED 5 反復、ギャップ 1.883971 eV（LDA 0.868214）、5 月との差 -0.39 eV	NOTCONV	2.273	TF32; 本計算 legacy(ctrl+GWinput) ~/bin2 → 追加の計算 TOML(05-11) ×1; χ0 T=0, Σ GaussSmear esmr=0.003 Ry	run3	CONVERGED	5	1.883971	0.868214	fp32; 989a18637 (2026-09-29); POSCAR→vasp2ctrl→ctrlgenToml --ssig=0.8 (2026-09 の雛形); t_tetrakbt=300 t_sigmaw=300; LDA から; 最大 10 反復 (NaCoO2 20、金属 15)	0.000	2.37	17.7	Tetralithium strontium diphosphide
mp-570256	Ag2HgI4	7	GOOD		GOOD	2.540	TF32; 本計算 legacy(ctrl+GWinput) ~/bin2 → 追加の計算 TOML(05-11) ×1; χ0 T=0, Σ GaussSmear esmr=0.003 Ry							0.002	5.73	38.3	Disilver tetraiodomercurate
mp-570572	C3N4	7	NOTCONV_MAY	5 月は 10 反復で収束せず（最後の 3 反復の幅 0.3132 eV、履歴 3.3068, 3.6286, 3.0740, 2.0808, 5.4038, 4.8415, 3.6905, 3.6390, 3.9521, 3.9165） / 回し直し(run3): CONVERGED 5 反復、ギャップ 3.748565 eV（LDA 1.300089）、5 月との差 -0.17 eV	NOTCONV	3.917	TF32; 本計算 legacy(ctrl+GWinput) ~/bin2 → 追加の計算 TOML(05-11) ×3 → 最初から REDO(TOML); χ0 T=0, Σ GaussSmear esmr=0.003 Ry	run3	CONVERGED	5	3.748565	1.300089	fp32; 989a18637 (2026-09-29); POSCAR→vasp2ctrl→ctrlgenToml --ssig=0.8 (2026-09 の雛形); t_tetrakbt=300 t_sigmaw=300; LDA から; 最大 10 反復 (NaCoO2 20、金属 15)	0.147	2.16	10.1	Carbon nitride (3/4)
mp-571461	K4ZnAs2	7	FAILED_MAY	5 月の失敗: NOGAP_GAP_COLLAPSED(LDA gap 0.59 eV, previous QSGW iteration 2.99 eV) / 回し直し(run1): CONVERGED 5 反復、ギャップ 1.781024 eV（LDA 0.591703）	FAILED		TF32; 本計算 legacy(ctrl+GWinput) ~/bin2 → 追加の計算 TOML(05-11) ×1; χ0 T=0, Σ GaussSmear esmr=0.003 Ry	run1	CONVERGED	5	1.781024	0.591703	fp32; 989a18637 (2026-09-29); POSCAR→vasp2ctrl→ctrlgenToml --ssig=0.8 (2026-09 の雛形); t_tetrakbt=300 t_sigmaw=300; LDA から; 最大 10 反復 (NaCoO2 20、金属 15)	0.000	2.42	36.5	Tetrapotassium diarsenidozincate
mp-571518	WCl6	7	NOTCONV_MAY	5 月は 10 反復で収束せず（最後の 3 反復の幅 0.1044 eV、履歴 4.7599, 3.4644, 4.0578, 3.9534, 3.9553） / 回し直し(run3): CONVERGED 6 反復、ギャップ 3.495973 eV（LDA 1.586120）、5 月との差 -0.46 eV	NOTCONV	3.955	TF32; 本計算 legacy(ctrl+GWinput) ~/bin2 → 追加の計算 TOML(05-11) ×1; χ0 T=0, Σ GaussSmear esmr=0.003 Ry	run3	CONVERGED	6	3.495973	1.586120	fp32; 989a18637 (2026-09-29); POSCAR→vasp2ctrl→ctrlgenToml --ssig=0.8 (2026-09 の雛形); t_tetrakbt=300 t_sigmaw=300; LDA から; 最大 10 反復 (NaCoO2 20、金属 15)	0.000	3.45	27.3	Tungsten chloride; Tungsten hexachloride - alpha
mp-571653	C3N4	7	GOOD		GOOD	4.485	TF32; 本計算 legacy(ctrl+GWinput) ~/bin2 → 追加の計算 TOML(05-11) ×2; χ0 T=0, Σ GaussSmear esmr=0.003 Ry							0.498	3.70	5.9	Carbon nitride (3/4); Tricarbon tetranitride
mp-5928	Al2CdS4	7	GOOD		GOOD	4.468	TF32; 本計算 legacy(ctrl+GWinput) ~/bin2 → 追加の計算 TOML(05-11) ×1; χ0 T=0, Σ GaussSmear esmr=0.003 Ry							0.000	3.08	22.7	Cadmium dialuminium tetrasulfide; Cadmium dialuminium sulfide
mp-624688	Ta2O5	7	GOOD		GOOD	4.468	TF32; 本計算 legacy(ctrl+GWinput) ~/bin2 → 追加の計算 TOML(05-11) ×1; χ0 T=0, Σ GaussSmear esmr=0.003 Ry							0.417	8.98	11.7	Ditantalum pentaoxide - Z
mp-643257	K2H4Pd	7	GOOD		GOOD	5.475	TF32; 本計算 legacy(ctrl+GWinput) ~/bin2 → 追加の計算 TOML(05-11) ×1; χ0 T=0, Σ GaussSmear esmr=0.003 Ry							0.000	2.43	18.4	Dipotassium tetradeuteridopalladate
mp-643260	Na2H4Pd	7	GOOD		GOOD	4.531	TF32; 本計算 legacy(ctrl+GWinput) ~/bin2 → 追加の計算 TOML(05-11) ×1; χ0 T=0, Σ GaussSmear esmr=0.003 Ry							0.000	2.88	12.9	Sodium tetradeuteriopalladate
mp-655275	HgC2S2N2	7	GOOD		GOOD	4.251	TF32; 本計算 legacy(ctrl+GWinput) ~/bin2 → 追加の計算 TOML(05-11) ×1; χ0 T=0, Σ GaussSmear esmr=0.003 Ry							0.236	3.53	21.3	Mercury thiocyanate
mp-676250	Bi2Te4Pb	7	GOOD		GOOD	1.041	TF32; 本計算 legacy(ctrl+GWinput) ~/bin2 → 追加の計算 TOML(05-11) ×1; χ0 T=0, Σ GaussSmear esmr=0.003 Ry							0.001	7.49	36.0	Ordering of Disordered Crystal; Lead bismuth telluride (1/2/4)
mp-6867	KCaCO3F	7	GOOD		GOOD	7.400	TF32; 本計算 legacy(ctrl+GWinput) ~/bin2 → 追加の計算 TOML(05-11) ×1; χ0 T=0, Σ GaussSmear esmr=0.003 Ry							0.000	2.52	14.9	Potassium calcium flouride carbonate; Potassium calcium carbonate fluoride
mp-697096	Na2H4Pt	7	GOOD		GOOD	4.427	TF32; 本計算 legacy(ctrl+GWinput) ~/bin2 → 追加の計算 TOML(05-11) ×1; χ0 T=0, Σ GaussSmear esmr=0.003 Ry							0.000	4.56	12.8	Disodium tetradeuteridoplatinate; Sodium platinum hydride (2/1/4); Disodium tetradeuteridoplatinate(II); Disodium platin
mp-697133	Cs2CaH4	7	NOTCONV_MAY	5 月は 10 反復で収束せず（最後の 3 反復の幅 0.8791 eV、履歴 5.4038, 5.9691, 6.0047, 5.2414, 5.1255） / 回し直し(run3): CONVERGED 6 反復、ギャップ 5.644610 eV（LDA 2.665492）、5 月との差 +0.52 eV	NOTCONV	5.126	TF32; 本計算 legacy(ctrl+GWinput) ~/bin2 → 追加の計算 TOML(05-11) ×1; χ0 T=0, Σ GaussSmear esmr=0.003 Ry	run3	CONVERGED	6	5.644610	2.665492	fp32; 989a18637 (2026-09-29); POSCAR→vasp2ctrl→ctrlgenToml --ssig=0.8 (2026-09 の雛形); t_tetrakbt=300 t_sigmaw=300; LDA から; 最大 10 反復 (NaCoO2 20、金属 15)	0.000	3.13	23.5	Dicesium calcium tetrahydride; Dicesium calcium tetradeuteride
mp-720166	V2O5	7	GOOD		GOOD	2.419	TF32; 本計算 legacy(ctrl+GWinput) ~/bin2 → 追加の計算 TOML(05-11) ×1; χ0 T=0, Σ GaussSmear esmr=0.003 Ry							0.128	3.44	12.5	Vanadium oxide hydroxide (2/2/3); Hexahydrogen tetravanadium decaoxide *; Haeggite
mp-7502	K2Sn2O3	7	GOOD		GOOD	2.471	TF32; 本計算 legacy(ctrl+GWinput) ~/bin2 → 追加の計算 TOML(05-11) ×1; χ0 T=0, Σ GaussSmear esmr=0.003 Ry							0.006	4.07	21.2	Potassium trioxodistannate(II)
mp-7604	Mg3NF3	7	GOOD		GOOD	7.026	TF32; 本計算 legacy(ctrl+GWinput) ~/bin2 → 追加の計算 TOML(05-11) ×1; χ0 T=0, Σ GaussSmear esmr=0.003 Ry							0.042	3.22	10.6	Trimagnesium nitride trifluoride
mp-7684	Tl3AsSe3	7	GOOD		GOOD	1.319	TF32; 本計算 legacy(ctrl+GWinput) ~/bin2 → 追加の計算 TOML(05-11) ×1; χ0 T=0, Σ GaussSmear esmr=0.003 Ry							0.000	7.30	30.1	Trithallium triselenoarsenate(III); Thallium arsenic selenide (3/1/3)
mp-7700	SiB6	7	FAILED_MAY	5 月の失敗: PROD_NaN_lqpe / 回し直し(run1): CONVERGED 4 反復、ギャップ 0.265274 eV（LDA 0.044190）	FAILED		TF32; 本計算 TOML(ctrlG+PB) ~/bin2; χ0 T=0, Σ GaussSmear esmr=0.003 Ry	run1	CONVERGED	4	0.265274	0.044190	fp32; 989a18637 (2026-09-29); POSCAR→vasp2ctrl→ctrlgenToml --ssig=0.8 (2026-09 の雛形); t_tetrakbt=300 t_sigmaw=300; LDA から; 最大 10 反復 (NaCoO2 20、金属 15)	0.479	2.19	10.1	Silicon boride (1/6)
mp-7863	Rb2Sn2O3	7	NOTCONV_MAY	5 月は 10 反復で収束せず（最後の 3 反復の幅 0.1579 eV、履歴 2.3649, 2.5022, 2.6140, 2.4681, 2.4561） / 回し直し(run3): CONVERGED 5 反復、ギャップ 2.405706 eV（LDA 1.030971）、5 月との差 -0.05 eV	NOTCONV	2.456	TF32; 本計算 legacy(ctrl+GWinput) ~/bin2 → 追加の計算 TOML(05-11) ×1; χ0 T=0, Σ GaussSmear esmr=0.003 Ry	run3	CONVERGED	5	2.405706	1.030971	fp32; 989a18637 (2026-09-29); POSCAR→vasp2ctrl→ctrlgenToml --ssig=0.8 (2026-09 の雛形); t_tetrakbt=300 t_sigmaw=300; LDA から; 最大 10 反復 (NaCoO2 20、金属 15)	0.000	4.65	23.3	Dirubidium ditin oxide
mp-7906	Al2HgS4	7	GOOD		GOOD	3.486	TF32; 本計算 legacy(ctrl+GWinput) ~/bin2 → 追加の計算 TOML(05-11) ×1; χ0 T=0, Σ GaussSmear esmr=0.003 Ry							0.000	3.99	22.8	Mercury dialuminium sulfide
mp-7907	Al2ZnSe4	7	GOOD		GOOD	3.788	TF32; 本計算 legacy(ctrl+GWinput) ~/bin2 → 追加の計算 TOML(05-11) ×1; χ0 T=0, Σ GaussSmear esmr=0.003 Ry							0.000	4.28	24.1	Zinc dialuminium tetraselenide; Zinc dialuminium selenide
mp-7908	Al2ZnTe4	7	GOOD		GOOD	2.722	TF32; 本計算 legacy(ctrl+GWinput) ~/bin2 → 追加の計算 TOML(05-11) ×1; χ0 T=0, Σ GaussSmear esmr=0.003 Ry							0.000	4.83	30.9	Zinc dialuminium telluride
mp-7909	Al2CdTe4	7	GOOD		GOOD	2.714	TF32; 本計算 legacy(ctrl+GWinput) ~/bin2 → 追加の計算 TOML(05-11) ×1; χ0 T=0, Σ GaussSmear esmr=0.003 Ry							0.000	4.85	33.1	Cadmium dialuminium telluride
mp-7910	Al2HgTe4	7	GOOD		GOOD	2.050	TF32; 本計算 legacy(ctrl+GWinput) ~/bin2 → 追加の計算 TOML(05-11) ×1; χ0 T=0, Σ GaussSmear esmr=0.003 Ry							0.000	5.50	33.0	Mercury dialuminium telluride
mp-7983	Mg2SiO4	7	FAILED_MAY	5 月の失敗: AC_NaN-in-Sigma(lcombined/lqpe) / 回し直し(run1): CONVERGED 6 反復、ギャップ 6.349910 eV（LDA 3.410704）	FAILED		TF32; 本計算 legacy(ctrl+GWinput) ~/bin2 → 追加の計算 TOML(05-11) ×1; χ0 T=0, Σ GaussSmear esmr=0.003 Ry	run1	CONVERGED	6	6.349910	3.410704	fp32; 989a18637 (2026-09-29); POSCAR→vasp2ctrl→ctrlgenToml --ssig=0.8 (2026-09 の雛形); t_tetrakbt=300 t_sigmaw=300; LDA から; 最大 10 反復 (NaCoO2 20、金属 15)	0.380	3.55	9.4	Magnesium silicate
mp-8298	Sr4P2O	7	GOOD		GOOD	2.316	TF32; 本計算 legacy(ctrl+GWinput) ~/bin2 → 追加の計算 TOML(05-11) ×1; χ0 T=0, Σ GaussSmear esmr=0.003 Ry							0.000	3.84	26.5	Tetrastrontium diphosphide oxide
mp-8299	Sr4As2O	7	GOOD		GOOD	2.254	TF32; 本計算 legacy(ctrl+GWinput) ~/bin2 → 追加の計算 TOML(05-11) ×1; χ0 T=0, Σ GaussSmear esmr=0.003 Ry							0.000	4.44	27.6	Tetrastrontium diarsenide oxide
mp-8300	Ba4As2O	7	GOOD		GOOD	1.628	TF32; 本計算 legacy(ctrl+GWinput) ~/bin2 → 追加の計算 TOML(05-11) ×1; χ0 T=0, Σ GaussSmear esmr=0.003 Ry							0.000	5.04	33.6	Tetrabarium diarsenide oxide
mp-8335	Ba2ZrO4	7	NOTCONV_MAY	5 月は 10 反復で収束せず（最後の 3 反復の幅 0.1285 eV、履歴 5.2045, 5.7406, 5.4663, 5.3378, 5.3527） / 回し直し(run3): CONVERGED 6 反復、ギャップ 5.395929 eV（LDA 2.941367）、5 月との差 +0.04 eV	NOTCONV	5.353	TF32; 本計算 legacy(ctrl+GWinput) ~/bin2 → 追加の計算 TOML(05-11) ×1; χ0 T=0, Σ GaussSmear esmr=0.003 Ry	run3	CONVERGED	6	5.395929	2.941367	fp32; 989a18637 (2026-09-29); POSCAR→vasp2ctrl→ctrlgenToml --ssig=0.8 (2026-09 の雛形); t_tetrakbt=300 t_sigmaw=300; LDA から; 最大 10 反復 (NaCoO2 20、金属 15)	0.000	5.96	17.1	Dibarium zirconium oxide
mp-8393	Tl3SbS3	7	GOOD		GOOD	2.134	TF32; 本計算 legacy(ctrl+GWinput) ~/bin2 → 追加の計算 TOML(05-11) ×1; χ0 T=0, Σ GaussSmear esmr=0.003 Ry							0.000	6.80	29.0	Thallium antimony sulfide (3/1/3); Trithallium antimony sulfide
mp-8560	SF6	7	GOOD		GOOD	12.546	TF32; 本計算 legacy(ctrl+GWinput) ~/bin2 → 追加の計算 TOML(05-11) ×1; χ0 T=0, Σ GaussSmear esmr=0.003 Ry							0.009	2.56	13.6	Sulfur hexafluoride; High pressure experimental phase
mp-863745	RbSrCO3F	7	GOOD		GOOD	5.332	TF32; 本計算 legacy(ctrl+GWinput) ~/bin2 → 追加の計算 TOML(05-11) ×1; χ0 T=0, Σ GaussSmear esmr=0.003 Ry							0.000	3.44	17.4	Strontium rubidium fluoride carbonate (1/1/1/1)
mp-865427	KSrCO3F	7	GOOD		GOOD	7.086	TF32; 本計算 legacy(ctrl+GWinput) ~/bin2 → 追加の計算 TOML(05-11) ×1; χ0 T=0, Σ GaussSmear esmr=0.003 Ry							0.000	2.93	16.7	Strontium potassium fluoride carbonate (1/1/1/1)
mp-8682	Ca2SiO4	7	NOTCONV_MAY	5 月は 10 反復で収束せず（最後の 3 反復の幅 0.3155 eV、履歴 7.6446, 7.4103, 7.1680, 7.0446, 7.3601） / 回し直し(run3): CONVERGED 6 反復、ギャップ 7.190660 eV（LDA 4.220324）、5 月との差 -0.17 eV	NOTCONV	7.360	TF32; 本計算 legacy(ctrl+GWinput) ~/bin2 → 追加の計算 TOML(05-11) ×1; χ0 T=0, Σ GaussSmear esmr=0.003 Ry	run3	CONVERGED	6	7.190660	4.220324	fp32; 989a18637 (2026-09-29); POSCAR→vasp2ctrl→ctrlgenToml --ssig=0.8 (2026-09 の雛形); t_tetrakbt=300 t_sigmaw=300; LDA から; 最大 10 反復 (NaCoO2 20、金属 15)	0.189	3.74	10.9	Dicalcium silicate - HP
mp-8752	Na4CdP2	7	GOOD		GOOD	1.845	TF32; 本計算 legacy(ctrl+GWinput) ~/bin2 → 追加の計算 TOML(05-11) ×1; χ0 T=0, Σ GaussSmear esmr=0.003 Ry							0.000	2.41	26.2	Tetrasodium diphosphidocadmate
mp-8753	K4HgP2	7	SUSPECT_GOOD	5 月は GOOD だが 2 反復目以降に 0.5 eV を超えて振動（履歴 1.8568, 0.7993, 1.6384, 1.6377, 1.6410） / 回し直し(run3): CONVERGED 5 反復、ギャップ 1.931914 eV（LDA 0.802632）、5 月との差 +0.29 eV	GOOD	1.641	TF32; 本計算 legacy(ctrl+GWinput) ~/bin2 → 追加の計算 TOML(05-11) ×1; χ0 T=0, Σ GaussSmear esmr=0.003 Ry	run3	CONVERGED	5	1.931914	0.802632	fp32; 989a18637 (2026-09-29); POSCAR→vasp2ctrl→ctrlgenToml --ssig=0.8 (2026-09 の雛形); t_tetrakbt=300 t_sigmaw=300; LDA から; 最大 10 反復 (NaCoO2 20、金属 15)	0.000	2.77	35.9	Tetrapotassium diphosphidomercurate
mp-8789	Ca4As2O	7	GOOD		GOOD	2.500	TF32; 本計算 legacy(ctrl+GWinput) ~/bin2 → 追加の計算 TOML(05-11) ×1; χ0 T=0, Σ GaussSmear esmr=0.003 Ry							0.000	3.40	22.7	Tetracalcium diarsenide oxide
mp-8861	Rb2MgF4	7	DRIFT_GOOD	5 月は収束の基準を満たしたが、最後の 3 反復が同じ向きに -0.09 eV 動いていた（履歴 10.2663, 10.8874, 10.6697, 10.6195, 10.5837）。回し直していない	GOOD	10.584	TF32; 本計算 legacy(ctrl+GWinput) ~/bin2 → 追加の計算 TOML(05-11) ×1; χ0 T=0, Σ GaussSmear esmr=0.003 Ry							0.000	4.00	16.1	Dirubidium magnesium fluoride
mp-8873	LiGeBO4	7	NOTCONV_MAY	5 月は 10 反復で収束せず（最後の 3 反復の幅 0.1408 eV、履歴 7.4058, 7.6471, 7.7296, 7.8428, 7.8703） / 回し直し(run3): CONVERGED 6 反復、ギャップ 7.632831 eV（LDA 4.346138）、5 月との差 -0.24 eV	NOTCONV	7.870	TF32; 本計算 legacy(ctrl+GWinput) ~/bin2 → 追加の計算 TOML(05-11) ×1; χ0 T=0, Σ GaussSmear esmr=0.003 Ry	run3	CONVERGED	6	7.632831	4.346138	fp32; 989a18637 (2026-09-29); POSCAR→vasp2ctrl→ctrlgenToml --ssig=0.8 (2026-09 の雛形); t_tetrakbt=300 t_sigmaw=300; LDA から; 最大 10 反復 (NaCoO2 20、金属 15)	0.004	3.53	10.4	Lithium boron germanate
mp-8874	LiSiBO4	7	GOOD		GOOD	9.483	TF32; 本計算 legacy(ctrl+GWinput) ~/bin2 → 追加の計算 TOML(05-11) ×1; χ0 T=0, Σ GaussSmear esmr=0.003 Ry							0.005	2.67	9.8	Lithium boron silicate
mp-8962	Rb2HgF4	7	NOTCONV_MAY	5 月は 10 反復で収束せず（最後の 3 反復の幅 0.2100 eV、履歴 4.6337, 3.5013, 4.1973, 4.3807, 4.4073） / 回し直し(run3): CONVERGED 6 反復、ギャップ 5.085645 eV（LDA 1.723822）、5 月との差 +0.68 eV	NOTCONV	4.407	TF32; 本計算 legacy(ctrl+GWinput) ~/bin2 → 追加の計算 TOML(05-11) ×1; χ0 T=0, Σ GaussSmear esmr=0.003 Ry	run3	CONVERGED	6	5.085645	1.723822	fp32; 989a18637 (2026-09-29); POSCAR→vasp2ctrl→ctrlgenToml --ssig=0.8 (2026-09 の雛形); t_tetrakbt=300 t_sigmaw=300; LDA から; 最大 10 反復 (NaCoO2 20、金属 15)	0.000	5.14	20.7	Dirubidium mercury fluoride
mp-8963	Cs2HgF4	7	NOTCONV_MAY	5 月は 10 反復で収束せず（最後の 3 反復の幅 0.1353 eV、履歴 4.5373, 4.6299, 4.1729, 4.2905, 4.3082） / 回し直し(run3): CONVERGED 6 反復、ギャップ 5.109075 eV（LDA 1.903564）、5 月との差 +0.80 eV	NOTCONV	4.308	TF32; 本計算 legacy(ctrl+GWinput) ~/bin2 → 追加の計算 TOML(05-11) ×1; χ0 T=0, Σ GaussSmear esmr=0.003 Ry	run3	CONVERGED	6	5.109075	1.903564	fp32; 989a18637 (2026-09-29); POSCAR→vasp2ctrl→ctrlgenToml --ssig=0.8 (2026-09 の雛形); t_tetrakbt=300 t_sigmaw=300; LDA から; 最大 10 反復 (NaCoO2 20、金属 15)	0.000	5.74	22.4	Dicesium mercury fluoride
mp-8976	Cu2WS4	7	GOOD		GOOD	2.615	TF32; 本計算 legacy(ctrl+GWinput) ~/bin2 → 追加の計算 TOML(05-11) ×1; χ0 T=0, Σ GaussSmear esmr=0.003 Ry							0.004	4.54	23.0	Copper(I) tetrathiotungstate
mp-9254	Al2Te5	7	GOOD		GOOD	1.742	TF32; 本計算 legacy(ctrl+GWinput) ~/bin2 → 追加の計算 TOML(05-11) ×1; χ0 T=0, Σ GaussSmear esmr=0.003 Ry							0.000	4.78	34.3	Aluminium telluride (2/5)
mp-9321	Ba2HfS4	7	GOOD		GOOD	2.213	TF32; 本計算 legacy(ctrl+GWinput) ~/bin2 → 追加の計算 TOML(05-11) ×1; χ0 T=0, Σ GaussSmear esmr=0.003 Ry							0.000	4.98	27.7	Barium tetrathiohafnate
mp-9479	MgAl2Se4	7	GOOD		GOOD	2.765	TF32; 本計算 legacy(ctrl+GWinput) ~/bin2 → 追加の計算 TOML(05-11) ×1; χ0 T=0, Σ GaussSmear esmr=0.003 Ry							0.018	3.58	26.1	Magnesium dialuminium selenide
mp-9583	K2ZnF4	7	FAILED_MAY	5 月の失敗: NOGAP_GAP_COLLAPSED(LDA gap 4.23 eV, previous QSGW iteration 8.84 eV) / 回し直し(run1): CONVERGED 6 反復、ギャップ 8.862448 eV（LDA 4.233235）	FAILED		TF32; 本計算 legacy(ctrl+GWinput) ~/bin2 → 追加の計算 TOML(05-11) ×1; χ0 T=0, Σ GaussSmear esmr=0.003 Ry	run1	CONVERGED	6	8.862448	4.233235	fp32; 989a18637 (2026-09-29); POSCAR→vasp2ctrl→ctrlgenToml --ssig=0.8 (2026-09 の雛形); t_tetrakbt=300 t_sigmaw=300; LDA から; 最大 10 反復 (NaCoO2 20、金属 15)	0.000	3.42	15.2	Potassium tetrafluorozincate
mp-9774	Ba4Sb2O	7	GOOD		GOOD	1.708	TF32; 本計算 legacy(ctrl+GWinput) ~/bin2 → 追加の計算 TOML(05-11) ×1; χ0 T=0, Σ GaussSmear esmr=0.003 Ry							0.000	5.17	37.1	Tetrabarium oxide diantimonide
mp-9791	Tl3AsS3	7	GOOD		GOOD	1.792	TF32; 本計算 legacy(ctrl+GWinput) ~/bin2 → 追加の計算 TOML(05-11) ×1; χ0 T=0, Σ GaussSmear esmr=0.003 Ry							0.006	6.73	27.7	Ellisite; Trithallium trithioarsenate(III); Thallium trithioarsenate(III)
mp-9872	K4BeP2	7	NOTCONV_MAY	5 月は 10 反復で収束せず（最後の 3 反復の幅 0.1773 eV、履歴 1.6527, 1.3225, 1.4751, 1.6056, 1.6524） / 回し直し(run3): CONVERGED 5 反復、ギャップ 2.252272 eV（LDA 0.952354）、5 月との差 +0.60 eV	NOTCONV	1.652	TF32; 本計算 legacy(ctrl+GWinput) ~/bin2 → 追加の計算 TOML(05-11) ×1; χ0 T=0, Σ GaussSmear esmr=0.003 Ry	run3	CONVERGED	5	2.252272	0.952354	fp32; 989a18637 (2026-09-29); POSCAR→vasp2ctrl→ctrlgenToml --ssig=0.8 (2026-09 の雛形); t_tetrakbt=300 t_sigmaw=300; LDA から; 最大 10 反復 (NaCoO2 20、金属 15)	0.000	1.67	32.2	Tetrapotassium diphosphidoberyllate
mp-10009	Ga4Te4	8	GOOD		GOOD	1.388	TF32; 本計算 legacy(ctrl+GWinput) ~/bin2 → 追加の計算 TOML(05-11) ×2 → 最初から REDO(TOML); χ0 T=0, Σ GaussSmear esmr=0.003 Ry							0.004	5.15	31.8	Gallium telluride (1/1) - HT
mp-10101	Cs2Ag2C4	8	GOOD		GOOD	4.833	TF32; 本計算 legacy(ctrl+GWinput) ~/bin2 → 追加の計算 TOML(05-11) ×2 → 最初から REDO(TOML); χ0 T=0, Σ GaussSmear esmr=0.003 Ry							0.389	3.45	31.9	Cesium diacetylidoargentate
mp-1016197	Mg2Si2As4	8	GOOD		GOOD	1.831	TF32; 本計算 legacy(ctrl+GWinput) ~/bin2 → 追加の計算 TOML(05-11) ×2 → 最初から REDO(TOML); χ0 T=0, Σ GaussSmear esmr=0.003 Ry							0.000	3.59	23.4	MgSiAs2; powder (determination of cell parameters); normal adamantane structure; Magnesium silicon arsenide (1/1/2); CuF
mp-1016200	Mg2Ge2As4	8	GOOD		GOOD	1.628	TF32; 本計算 legacy(ctrl+GWinput) ~/bin2 → 追加の計算 TOML(05-11) ×2 → 最初から REDO(TOML); χ0 T=0, Σ GaussSmear esmr=0.003 Ry							0.007	4.16	24.6	Magnesium germanium diarsenide
mp-10163	Na2Al2Te4	8	GOOD		GOOD	2.310	TF32; 本計算 legacy(ctrl+GWinput) ~/bin2 → 追加の計算 TOML(05-11) ×2 → 最初から REDO(TOML); χ0 T=0, Σ GaussSmear esmr=0.003 Ry							0.006	4.33	29.2	Sodium aluminum telluride
mp-10164	Na2Ga2Te4	8	GOOD		GOOD	1.099	TF32; 本計算 legacy(ctrl+GWinput) ~/bin2 → 追加の計算 TOML(05-11) ×2 → 最初から REDO(TOML); χ0 T=0, Σ GaussSmear esmr=0.003 Ry							0.004	4.98	29.0	Sodium gallium telluride
mp-10165	K2Al2Te4	8	GOOD		GOOD	2.915	TF32; 本計算 legacy(ctrl+GWinput) ~/bin2 → 追加の計算 TOML(05-11) ×2 → 最初から REDO(TOML); χ0 T=0, Σ GaussSmear esmr=0.003 Ry							0.005	4.06	32.9	Potassium aluminum telluride
mp-10166	Na2Al2Se4	8	GOOD		GOOD	3.822	TF32; 本計算 legacy(ctrl+GWinput) ~/bin2 → 追加の計算 TOML(05-11) ×2 → 最初から REDO(TOML); χ0 T=0, Σ GaussSmear esmr=0.003 Ry							0.021	3.75	23.0	Sodium aluminum selenide
mp-1025396	NbTl3Se4	8	GOOD		GOOD	2.973	TF32; 本計算 legacy(ctrl+GWinput) ~/bin2 → 追加の計算 TOML(05-11) ×2 → 最初から REDO(TOML); χ0 T=0, Σ GaussSmear esmr=0.003 Ry							0.000	6.74	31.5	Tl3VS4; Tl3NbSe4; Thallium tetraselenoniobate(V); sample prepared from Tl, Se, Nb, powder (determination of cell paramet
mp-1025397	Ge4Ru4	8	GOOD		GOOD	0.265	TF32; 本計算 legacy(ctrl+GWinput) ~/bin2 → 追加の計算 TOML(05-11) ×2 → 最初から REDO(TOML); χ0 T=0, Σ GaussSmear esmr=0.003 Ry							0.007	10.07	14.3	RuGe rt; FeSi; powder (determination of cell parameters); sample prepared from Ru, Ge, electron microprobe analysis; com
mp-1025549	Tl3VSe4	8	DRIFT_GOOD	5 月は収束の基準を満たしたが、最後の 3 反復が同じ向きに +0.10 eV 動いていた（履歴 2.2324, 2.2922, 2.3302）。回し直していない	GOOD	2.330	TF32; 本計算 legacy(ctrl+GWinput) ~/bin2 → 追加の計算 TOML(05-11) ×2 → 最初から REDO(TOML); χ0 T=0, Σ GaussSmear esmr=0.003 Ry							0.000	6.76	30.1	Tl3VS4; Vanadium thallium selenide (1/3/4); Tl3VSe4; sample prepared from Tl, Se, V, powder (determination of cell param
mp-10281	Zn4S4	8	GOOD		GOOD	3.684	TF32; 本計算 legacy(ctrl+GWinput) ~/bin2 → 追加の計算 TOML(05-11) ×2 → 最初から REDO(TOML); χ0 T=0, Σ GaussSmear esmr=0.003 Ry							0.001	4.14	19.6	Wurtzite 4H; Zinc sulfide
mp-10322	Ba2Hf2N4	8	GOOD		GOOD	2.592	TF32; 本計算 legacy(ctrl+GWinput) ~/bin2 → 追加の計算 TOML(05-11) ×2 → 最初から REDO(TOML); χ0 T=0, Σ GaussSmear esmr=0.003 Ry							0.000	7.93	18.0	Barium hafnium dinitride; Barium hafnium nitride
mp-10381	K4Cu2Sb2	8	GOOD		GOOD	2.039	TF32; 本計算 legacy(ctrl+GWinput) ~/bin2 → 追加の計算 TOML(05-11) ×2 → 最初から REDO(TOML); χ0 T=0, Σ GaussSmear esmr=0.003 Ry							0.015	3.37	32.5	Copper(I) dipotassium antimonide
mp-10417	K2Sb2O4	8	GOOD		GOOD	3.620	TF32; 本計算 legacy(ctrl+GWinput) ~/bin2 → 追加の計算 TOML(05-11) ×2 → 最初から REDO(TOML); χ0 T=0, Σ GaussSmear esmr=0.003 Ry							0.000	4.28	18.7	Potassium antimonate(III)
mp-10418	Rb2Sb2O4	8	GOOD		GOOD	4.100	TF32; 本計算 legacy(ctrl+GWinput) ~/bin2 → 追加の計算 TOML(05-11) ×2 → 最初から REDO(TOML); χ0 T=0, Σ GaussSmear esmr=0.003 Ry							0.000	4.73	21.0	Rubidium antimonate(III)
mp-10474	NaPF6	8	SUSPECT_GOOD	5 月は GOOD だが 2 反復目以降に 0.5 eV を超えて振動（履歴 12.0019, 14.5841, 13.3865, 12.9309, 12.7966, 12.7464, 12.6808, 12.7484） / 回し直し(run3): CONVERGED 6 反復、ギャップ 12.780387 eV（LDA 7.204046）、5 月との差 +0.03 eV	GOOD	12.748	TF32; 本計算 legacy(ctrl+GWinput) ~/bin2 → 追加の計算 TOML(05-11) ×2 → 最初から REDO(TOML); χ0 T=0, Σ GaussSmear esmr=0.003 Ry	run3	CONVERGED	6	12.780387	7.204046	fp32; 989a18637 (2026-09-29); POSCAR→vasp2ctrl→ctrlgenToml --ssig=0.8 (2026-09 の雛形); t_tetrakbt=300 t_sigmaw=300; LDA から; 最大 10 反復 (NaCoO2 20、金属 15)	0.000	2.44	14.3	Sodium hexafluorophosphate(V)
mp-10572	Na2P2N4	8	GOOD		GOOD	6.904	TF32; 本計算 legacy(ctrl+GWinput) ~/bin2 → 追加の計算 TOML(05-11) ×2 → 最初から REDO(TOML); χ0 T=0, Σ GaussSmear esmr=0.003 Ry							0.000	3.20	10.7	Sodium dinitridophosphate(V)
mp-10644	TaTl3Se4	8	GOOD		GOOD	3.066	TF32; 本計算 legacy(ctrl+GWinput) ~/bin2 → 追加の計算 TOML(05-11) ×2 → 最初から REDO(TOML); χ0 T=0, Σ GaussSmear esmr=0.003 Ry							0.000	7.29	31.6	Tantalum trithallium selenide; Thallium tantalum selenide (3/1/4); Thallium tetraselenotantalate(V)
mp-10748	TaCu3S4	8	GOOD		GOOD	3.067	TF32; 本計算 legacy(ctrl+GWinput) ~/bin2 → 追加の計算 TOML(05-11) ×1; χ0 T=0, Σ GaussSmear esmr=0.003 Ry							0.000	5.03	20.6	Tricopper tetrathiotantalate; Tricopper(I) tetrasulfidotantalate(V); Tricopper(I) tetrathiotantalate; Tricopper(I) tanta
mp-1078181	Si2Br6	8	GOOD		GOOD	6.483	TF32; 本計算 legacy(ctrl+GWinput) ~/bin2 → 追加の計算 TOML(05-11) ×1; χ0 T=0, Σ GaussSmear esmr=0.003 Ry							0.004	3.07	36.2	Hexabromodisilane
mp-1078191	Ba4Te2O2	8	NOTCONV_MAY	5 月は 10 反復で収束せず（最後の 3 反復の幅 0.1506 eV、履歴 3.1869, 3.3247, 3.1487, 3.0967, 2.9981） / 回し直し(run3): CONVERGED 5 反復、ギャップ 3.230588 eV（LDA 1.741518）、5 月との差 +0.23 eV	NOTCONV	2.998	TF32; 本計算 legacy(ctrl+GWinput) ~/bin2 → 追加の計算 TOML(05-11) ×1; χ0 T=0, Σ GaussSmear esmr=0.003 Ry	run3	CONVERGED	5	3.230588	1.741518	fp32; 989a18637 (2026-09-29); POSCAR→vasp2ctrl→ctrlgenToml --ssig=0.8 (2026-09 の雛形); t_tetrakbt=300 t_sigmaw=300; LDA から; 最大 10 反復 (NaCoO2 20、金属 15)	0.080	5.28	32.9	Dibarium telluride oxide
mp-1078195	Si2I6	8	SUSPECT_GOOD	5 月は GOOD だが 2 反復目以降に 0.5 eV を超えて振動（履歴 4.9379, 4.1919, 5.1101, 5.0901, 5.1581） / 回し直し(run3): CONVERGED 5 反復、ギャップ 4.940172 eV（LDA 2.779810）、5 月との差 -0.22 eV	GOOD	5.158	TF32; 本計算 legacy(ctrl+GWinput) ~/bin2 → 追加の計算 TOML(05-11) ×1; χ0 T=0, Σ GaussSmear esmr=0.003 Ry	run3	CONVERGED	5	4.940172	2.779810	fp32; 989a18637 (2026-09-29); POSCAR→vasp2ctrl→ctrlgenToml --ssig=0.8 (2026-09 の雛形); t_tetrakbt=300 t_sigmaw=300; LDA から; 最大 10 反復 (NaCoO2 20、金属 15)	0.000	3.77	45.0	Hexaiododisilane
mp-1078300	Sc2F6	8	NOTCONV_MAY	5 月は 10 反復で収束せず（最後の 3 反復の幅 2.3103 eV、履歴 11.6013, 8.9393, 11.2231, 13.5334, 11.9499） / 回し直し(run3): CONVERGED 6 反復、ギャップ 11.939590 eV（LDA 6.051292）、5 月との差 -0.01 eV	NOTCONV	11.950	TF32; 本計算 legacy(ctrl+GWinput) ~/bin2 → 追加の計算 TOML(05-11) ×1; χ0 T=0, Σ GaussSmear esmr=0.003 Ry	run3	CONVERGED	6	11.939590	6.051292	fp32; 989a18637 (2026-09-29); POSCAR→vasp2ctrl→ctrlgenToml --ssig=0.8 (2026-09 の雛形); t_tetrakbt=300 t_sigmaw=300; LDA から; 最大 10 反復 (NaCoO2 20、金属 15)	0.000	2.58	16.4	Scandium trifluoride
mp-1078419	Na3PSe4	8	GOOD		GOOD	2.726	TF32; 本計算 legacy(ctrl+GWinput) ~/bin2 → 追加の計算 TOML(05-11) ×1; χ0 T=0, Σ GaussSmear esmr=0.003 Ry							0.000	3.59	24.1	Trisodium tetraselenidophosphate; Trisodium phosphorus tetraselenide
mp-1078469	Cu2P2N4	8	GOOD		GOOD	3.147	TF32; 本計算 legacy(ctrl+GWinput) ~/bin2 → 追加の計算 TOML(05-11) ×1; χ0 T=0, Σ GaussSmear esmr=0.003 Ry							0.012	5.34	9.5	Copper phosphorus dinitride
mp-1078498	ZnCu2SiTe4	8	GOOD		GOOD	0.959	TF32; 本計算 legacy(ctrl+GWinput) ~/bin2 → 追加の計算 TOML(05-11) ×1; χ0 T=0, Σ GaussSmear esmr=0.003 Ry							0.000	5.71	26.6	Dicopper zinc tetratellurosilicate
mp-1078500	Pb4S4	8	GOOD		GOOD	1.718	TF32; 本計算 legacy(ctrl+GWinput) ~/bin2 → 追加の計算 TOML(05-11) ×1; χ0 T=0, Σ GaussSmear esmr=0.003 Ry							0.031	7.32	27.2	High pressure experimental phase; Lead sulfide - HP
mp-1078562	Sr2Ag2S2F2	8	GOOD		GOOD	2.648	TF32; 本計算 legacy(ctrl+GWinput) ~/bin2 → 追加の計算 TOML(05-11) ×1; χ0 T=0, Σ GaussSmear esmr=0.003 Ry							0.012	5.31	19.3	Strontium silver fluoride sulfide
mp-1078621	Tl2In2S4	8	GOOD		GOOD	1.764	TF32; 本計算 legacy(ctrl+GWinput) ~/bin2 → 追加の計算 TOML(05-11) ×1; χ0 T=0, Σ GaussSmear esmr=0.003 Ry							0.016	6.09	26.1	Thallium indium(III) sulfide (1/1/2); Thallium indium sulfide (1/1/2)
mp-1078644	Sn4O4	8	GOOD		GOOD	2.233	TF32; 本計算 legacy(ctrl+GWinput) ~/bin2 → 追加の計算 TOML(05-11) ×1; χ0 T=0, Σ GaussSmear esmr=0.003 Ry							0.125	5.86	19.1	Tin monoxide
mp-1078676	Tl2SnHgSe4	8	GOOD		GOOD	1.615	TF32; 本計算 legacy(ctrl+GWinput) ~/bin2 → 追加の計算 TOML(05-11) ×1; χ0 T=0, Σ GaussSmear esmr=0.003 Ry							0.003	7.18	30.2	Dithallium(I) mercury(II) tetraselenostannate
mp-1078693	Ba2Cd2Sb2F2	8	GOOD		GOOD	1.176	TF32; 本計算 legacy(ctrl+GWinput) ~/bin2 → 追加の計算 TOML(05-11) ×1; χ0 T=0, Σ GaussSmear esmr=0.003 Ry							0.040	6.16	26.3	Barium cadmium antimonide fluoride
mp-1078709	Na4Bi2Au2	8	GOOD		GOOD	0.718	TF32; 本計算 legacy(ctrl+GWinput) ~/bin2 → 追加の計算 TOML(05-11) ×1; χ0 T=0, Σ GaussSmear esmr=0.003 Ry							0.000	6.97	26.9	Sodium gold bismuthide (2/1/1); Sodium gold bismuth (2/1/1)
mp-1078724	Li2As2Se4	8	GOOD		GOOD	1.409	TF32; 本計算 legacy(ctrl+GWinput) ~/bin2 → 追加の計算 TOML(05-11) ×1; χ0 T=0, Σ GaussSmear esmr=0.003 Ry							0.000	4.42	22.5	Lithium arsenic diselenide - beta; sample prepared from Li2Se, As, Se, energy-dispersive X-ray analysis; As/Se= 1/2, sin
mp-1078799	LiNbF6	8	GOOD		GOOD	8.706	TF32; 本計算 legacy(ctrl+GWinput) ~/bin2 → 追加の計算 TOML(05-11) ×1; χ0 T=0, Σ GaussSmear esmr=0.003 Ry							0.000	3.44	12.9	Lithium hexafluoroniobate
mp-1079080	CsCd4As3	8	GOOD		GOOD	0.798	TF32; 本計算 legacy(ctrl+GWinput) ~/bin2 → 追加の計算 TOML(05-11) ×1; χ0 T=0, Σ GaussSmear esmr=0.003 Ry							0.000	5.94	28.2	Cesium tetracadmium triarsenide
mp-1079088	NaAsF6	8	SUSPECT_GOOD	5 月は GOOD だが 2 反復目以降に 0.5 eV を超えて振動（履歴 11.7973, 10.4477, 11.1668, 11.1176, 11.1072） / 回し直し(run3): CONVERGED 6 反復、ギャップ 11.073740 eV（LDA 5.472253）、5 月との差 -0.03 eV	GOOD	11.107	TF32; 本計算 legacy(ctrl+GWinput) ~/bin2 → 追加の計算 TOML(05-11) ×1; χ0 T=0, Σ GaussSmear esmr=0.003 Ry	run3	CONVERGED	6	11.073740	5.472253	fp32; 989a18637 (2026-09-29); POSCAR→vasp2ctrl→ctrlgenToml --ssig=0.8 (2026-09 の雛形); t_tetrakbt=300 t_sigmaw=300; LDA から; 最大 10 反復 (NaCoO2 20、金属 15)	0.000	3.32	13.2	Sodium hexafluoroarsenate(V)
mp-1079156	Ag2Cl2O4	8	NOTCONV_MAY	5 月は 10 反復で収束せず（最後の 3 反復の幅 0.5221 eV、履歴 5.5393, 4.7417, 3.6603, 4.0895, 4.1823） / 回し直し(run3): CONVERGED 6 反復、ギャップ 4.212064 eV（LDA 0.656506）、5 月との差 +0.03 eV	NOTCONV	4.182	TF32; 本計算 legacy(ctrl+GWinput) ~/bin2 → 追加の計算 TOML(05-11) ×1; χ0 T=0, Σ GaussSmear esmr=0.003 Ry	run3	CONVERGED	6	4.212064	0.656506	fp32; 989a18637 (2026-09-29); POSCAR→vasp2ctrl→ctrlgenToml --ssig=0.8 (2026-09 の雛形); t_tetrakbt=300 t_sigmaw=300; LDA から; 最大 10 反復 (NaCoO2 20、金属 15)	0.442	3.07	23.7	Silver dioxochlorate(III)
mp-1079172	Pb4Se4	8	GOOD		GOOD	1.750	TF32; 本計算 legacy(ctrl+GWinput) ~/bin2 → 追加の計算 TOML(05-11) ×1; χ0 T=0, Σ GaussSmear esmr=0.003 Ry							0.053	7.31	32.5	High pressure experimental phase; Lead selenide - HP
mp-1079260	In4Se4	8	GOOD		GOOD	1.806	TF32; 本計算 legacy(ctrl+GWinput) ~/bin2 → 追加の計算 TOML(05-11) ×1; χ0 T=0, Σ GaussSmear esmr=0.003 Ry							0.002	5.03	32.0	Indium selenide (1/1)
mp-1079320	Ba2Zn2As2F2	8	GOOD		GOOD	1.336	TF32; 本計算 legacy(ctrl+GWinput) ~/bin2 → 追加の計算 TOML(05-11) ×1; χ0 T=0, Σ GaussSmear esmr=0.003 Ry							0.000	5.54	22.2	Barium fluoride zinc arsenide
mp-1079426	Tl2SiHgSe4	8	GOOD		GOOD	1.746	TF32; 本計算 legacy(ctrl+GWinput) ~/bin2 → 追加の計算 TOML(05-11) ×1; χ0 T=0, Σ GaussSmear esmr=0.003 Ry							0.022	6.87	28.8	Dithallium(I) mercury(II) tetraselenosilicate
mp-1079483	LiAuF6	8	NOTCONV_MAY	5 月は 10 反復で収束せず（最後の 3 反復の幅 0.2295 eV、履歴 5.9146, 6.1389, 6.1993, 5.9972, 5.9698） / 回し直し(run3): CONVERGED 6 反復、ギャップ 6.050029 eV（LDA 1.904653）、5 月との差 +0.08 eV	NOTCONV	5.970	TF32; 本計算 legacy(ctrl+GWinput) ~/bin2 → 追加の計算 TOML(05-11) ×1; χ0 T=0, Σ GaussSmear esmr=0.003 Ry	run3	CONVERGED	6	6.050029	1.904653	fp32; 989a18637 (2026-09-29); POSCAR→vasp2ctrl→ctrlgenToml --ssig=0.8 (2026-09 の雛形); t_tetrakbt=300 t_sigmaw=300; LDA から; 最大 10 反復 (NaCoO2 20、金属 15)	0.000	5.53	11.9	Lithium hexafluoroaurate(V)
mp-1079541	ZnCu2SnS4	8	GOOD		GOOD	1.125	TF32; 本計算 legacy(ctrl+GWinput) ~/bin2 → 追加の計算 TOML(05-11) ×1; χ0 T=0, Σ GaussSmear esmr=0.003 Ry							0.000	4.61	19.8	Copper tin zinc sulfide (2/1/1/4); Kesterite; Copper zinc tin sulfide (2/1/1/4); Dicopper zinc tin tetrasulfide
mp-1079574	Te4Pb4	8	GOOD		GOOD	1.244	TF32; 本計算 legacy(ctrl+GWinput) ~/bin2 → 追加の計算 TOML(05-11) ×1; χ0 T=0, Σ GaussSmear esmr=0.003 Ry							0.055	7.47	37.2	Lead telluride - HP; Altaite; High pressure experimental phase
mp-1079603	Ba2Cd2P2F2	8	GOOD		GOOD	2.235	TF32; 本計算 legacy(ctrl+GWinput) ~/bin2 → 追加の計算 TOML(05-11) ×1; χ0 T=0, Σ GaussSmear esmr=0.003 Ry							0.009	5.37	23.2	Barium fluoride cadmium phosphide
mp-1079645	K2CdSnSe4	8	GOOD		GOOD	2.906	TF32; 本計算 legacy(ctrl+GWinput) ~/bin2 → 追加の計算 TOML(05-11) ×1; χ0 T=0, Σ GaussSmear esmr=0.003 Ry							0.000	4.28	30.3	Dipotassium cadmium tin tetraselenide
mp-1079647	Ba2Ag2Se2F2	8	GOOD		GOOD	2.573	TF32; 本計算 legacy(ctrl+GWinput) ~/bin2 → 追加の計算 TOML(05-11) ×1; χ0 T=0, Σ GaussSmear esmr=0.003 Ry							0.069	6.14	23.2	Barium silver fluoride selenide
mp-1079679	K4Cd2Sn2	8	GOOD		GOOD	0.456	TF32; 本計算 legacy(ctrl+GWinput) ~/bin2 → 追加の計算 TOML(05-11) ×1; χ0 T=0, Σ GaussSmear esmr=0.003 Ry							0.000	3.28	39.2	Potassium cadmium stannide (2/1/1); K2CdSn; K2CdPb; sample prepared from K, Cd, Sn, complexometry, flame spectroscopy, g
mp-1079694	Cs4I4	8	GOOD		GOOD	5.409	TF32; 本計算 legacy(ctrl+GWinput) ~/bin2 → 追加の計算 TOML(05-11) ×1; χ0 T=0, Σ GaussSmear esmr=0.003 Ry							0.113	3.59	60.0	Cesium iodate(VII)
mp-1079707	Ca4O4	8	SUSPECT_GOOD	構造: Ca–Co 水酸化物の「(Ca(OH))-part」から H を除いたもの（Ca4O4）。c=16.75 Å の層、密度 2.00（岩塩型 CaO 3.34）。5 月は 9.97 → 3.31 → 4.78 eV と荒れた / 5 月は GOOD だが 2 反復目以降に 0.5 eV を超えて振動（履歴 9.9672, 3.3138, 4.7837, 4.7766, 4.7229） / 回し直し(run3): CONVERGED 6 反復、ギャップ 4.848429 eV（LDA 2.128723）、5 月との差 +0.13 eV	GOOD	4.723	TF32; 本計算 legacy(ctrl+GWinput) ~/bin2 → 追加の計算 TOML(05-11) ×1; χ0 T=0, Σ GaussSmear esmr=0.003 Ry	run3	CONVERGED	6	4.848429	2.128723	fp32; 989a18637 (2026-09-29); POSCAR→vasp2ctrl→ctrlgenToml --ssig=0.8 (2026-09 の雛形); t_tetrakbt=300 t_sigmaw=300; LDA から; 最大 10 反復 (NaCoO2 20、金属 15)	0.210	2.00	23.3	Calcium cobalt hydroxide oxide (2/1.74/2/3.47) - (Ca (O H))-part
mp-1079720	Ag4O4	8	GOOD		GOOD	0.624	TF32; 本計算 legacy(ctrl+GWinput) ~/bin2 → 追加の計算 TOML(05-11) ×1; χ0 T=0, Σ GaussSmear esmr=0.003 Ry							0.042	7.62	13.5	Silver silver(III) oxide; Silver oxide (1/1)
mp-1079885	Li2Sb2S4	8	GOOD		GOOD	0.777	TF32; 本計算 legacy(ctrl+GWinput) ~/bin2 → 追加の計算 TOML(05-11) ×1; χ0 T=0, Σ GaussSmear esmr=0.003 Ry							0.000	3.78	21.2	Lithium antimony sulfide (1/1/2)
mp-1079889	ZnAg2SnS4	8	GOOD		GOOD	1.299	TF32; 本計算 legacy(ctrl+GWinput) ~/bin2 → 追加の計算 TOML(05-11) ×1; χ0 T=0, Σ GaussSmear esmr=0.003 Ry							0.000	4.63	23.7	Pirquitasite; Silver zinc tin sulfide (2/1/1/4)
mp-1080045	Sr2H2Br2O2	8	FAILED_MAY	5 月の失敗: PROD_NaN_lsc / 回し直し(run1): CONVERGED 5 反復、ギャップ 6.977302 eV（LDA 4.137954）	FAILED		TF32; 本計算 legacy(ctrl+GWinput) ~/bin2; χ0 T=0, Σ GaussSmear esmr=0.003 Ry	run1	CONVERGED	5	6.977302	4.137954	fp32; 989a18637 (2026-09-29); POSCAR→vasp2ctrl→ctrlgenToml --ssig=0.8 (2026-09 の雛形); t_tetrakbt=300 t_sigmaw=300; LDA から; 最大 10 反復 (NaCoO2 20、金属 15)	0.073	3.58	21.4	SrBr[OH] m; SrBr[OH]; Strontium hydroxide bromide; sample prepared from Sr[OH]Br[H2O]4, powder (determination of cell an
mp-1080135	Sr2Zn2As2F2	8	GOOD		GOOD	1.803	TF32; 本計算 legacy(ctrl+GWinput) ~/bin2 → 追加の計算 TOML(05-11) ×1; χ0 T=0, Σ GaussSmear esmr=0.003 Ry							0.000	5.18	19.8	Strontium fluoride zinc arsenide
mp-1080438	Sr2Ag2Te2F2	8	GOOD		GOOD	2.464	TF32; 本計算 legacy(ctrl+GWinput) ~/bin2 → 追加の計算 TOML(05-11) ×1; χ0 T=0, Σ GaussSmear esmr=0.003 Ry							0.093	6.03	23.5	Strontium silver fluoride telluride
mp-1080459	Ge4Te4	8	GOOD		GOOD	0.728	TF32; 本計算 legacy(ctrl+GWinput) ~/bin2 → 追加の計算 TOML(05-11) ×1; χ0 T=0, Σ GaussSmear esmr=0.003 Ry							0.028	5.57	29.8	Germanium(II) telluride
mp-1080511	BaMgC2O4	8	FAILED_MAY	5 月の失敗: NOGAP_GAP_COLLAPSED(LDA gap 1.01 eV) / 回し直し(run1): CONVERGED 6 反復、ギャップ 3.842877 eV（LDA 1.007577）	FAILED		TF32; 本計算 legacy(ctrl+GWinput) ~/bin2 → 追加の計算 TOML(05-11) ×1; χ0 T=0, Σ GaussSmear esmr=0.003 Ry	run1	CONVERGED	6	3.842877	1.007577	fp32; 989a18637 (2026-09-29); POSCAR→vasp2ctrl→ctrlgenToml --ssig=0.8 (2026-09 の雛形); t_tetrakbt=300 t_sigmaw=300; LDA から; 最大 10 反復 (NaCoO2 20、金属 15)	0.507	3.64	14.3	High pressure experimental phase; Norsethite; Barium magnesium dicarbonate
mp-1080650	Ba2Cu2S2F2	8	GOOD		GOOD	3.079	TF32; 本計算 legacy(ctrl+GWinput) ~/bin2 → 追加の計算 TOML(05-11) ×1; χ0 T=0, Σ GaussSmear esmr=0.003 Ry							0.004	5.39	19.4	Barium copper fluoride sulfide
mp-1080679	LiTaF6	8	NOTCONV_MAY	5 月は 10 反復で収束せず（最後の 3 反復の幅 0.6910 eV、履歴 10.6205, 6.1081, 8.3128, 8.6016, 9.0038） / 回し直し(run3): CONVERGED 6 反復、ギャップ 10.971758 eV（LDA 6.245945）、5 月との差 +1.97 eV	NOTCONV	9.004	TF32; 本計算 legacy(ctrl+GWinput) ~/bin2 → 追加の計算 TOML(05-11) ×1; χ0 T=0, Σ GaussSmear esmr=0.003 Ry	run3	CONVERGED	6	10.971758	6.245945	fp32; 989a18637 (2026-09-29); POSCAR→vasp2ctrl→ctrlgenToml --ssig=0.8 (2026-09 の雛形); t_tetrakbt=300 t_sigmaw=300; LDA から; 最大 10 反復 (NaCoO2 20、金属 15)	0.000	4.79	13.1	Lithium hexafluorotantalate
mp-1080691	Rb2SnHgTe4	8	GOOD		GOOD	1.567	TF32; 本計算 legacy(ctrl+GWinput) ~/bin2 → 追加の計算 TOML(05-11) ×1; χ0 T=0, Σ GaussSmear esmr=0.003 Ry							0.000	5.54	37.5	Mercury dirubidium tetratelluridostannate
mp-1080747	Sc2Al2C2O2	8	GOOD		GOOD	2.631	TF32; 本計算 legacy(ctrl+GWinput) ~/bin2 → 追加の計算 TOML(05-11) ×1; χ0 T=0, Σ GaussSmear esmr=0.003 Ry							0.000	3.59	11.6	Scandium aluminium oxide carbide
mp-1084770	K4Bi2Au2	8	GOOD		GOOD	1.705	TF32; 本計算 legacy(ctrl+GWinput) ~/bin2 → 追加の計算 TOML(05-11) ×1; χ0 T=0, Σ GaussSmear esmr=0.003 Ry							0.000	5.66	35.5	Potassium gold bismuthide (2/1/1)
mp-1084785	K2Al2O4	8	GOOD		GOOD	5.634	TF32; 本計算 legacy(ctrl+GWinput) ~/bin2 → 追加の計算 TOML(05-11) ×1; χ0 T=0, Σ GaussSmear esmr=0.003 Ry							0.066	2.49	16.4	Potassium aluminium dioxide
mp-1086652	Ba2Ag2S2F2	8	GOOD		GOOD	2.770	TF32; 本計算 legacy(ctrl+GWinput) ~/bin2 → 追加の計算 TOML(05-11) ×1; χ0 T=0, Σ GaussSmear esmr=0.003 Ry							0.000	5.64	21.8	Barium silver fluoride sulfide
mp-1087215	NaAsF6	8	NOTCONV_MAY	5 月は 10 反復で収束せず（最後の 3 反復の幅 1.8287 eV、履歴 10.9224, 20.3132, 15.7750, 14.5913, 13.9463） / 回し直し(run3): CONVERGED 6 反復、ギャップ 11.187406 eV（LDA 5.316576）、5 月との差 -2.76 eV	NOTCONV	13.946	TF32; 本計算 legacy(ctrl+GWinput) ~/bin2 → 追加の計算 TOML(05-11) ×1; χ0 T=0, Σ GaussSmear esmr=0.003 Ry	run3	CONVERGED	6	11.187406	5.316576	fp32; 989a18637 (2026-09-29); POSCAR→vasp2ctrl→ctrlgenToml --ssig=0.8 (2026-09 の雛形); t_tetrakbt=300 t_sigmaw=300; LDA から; 最大 10 反復 (NaCoO2 20、金属 15)	0.010	2.78	15.8	Sodium hexafluoroarsenate(V)
mp-1087504	KZn4P3	8	GOOD		GOOD	1.422	TF32; 本計算 legacy(ctrl+GWinput) ~/bin2 → 追加の計算 TOML(05-11) ×1; χ0 T=0, Σ GaussSmear esmr=0.003 Ry							0.000	4.10	19.9	Potassium tetrazinc triphosphide
mp-1087540	CdCu2SiTe4	8	GOOD		GOOD	1.078	TF32; 本計算 legacy(ctrl+GWinput) ~/bin2 → 追加の計算 TOML(05-11) ×1; χ0 T=0, Σ GaussSmear esmr=0.003 Ry							0.000	5.64	28.6	Dicopper cadmium tetratellurosilicate
mp-1091384	NbTl3S4	8	GOOD		GOOD	3.446	TF32; 本計算 legacy(ctrl+GWinput) ~/bin2 → 追加の計算 TOML(05-11) ×1; χ0 T=0, Σ GaussSmear esmr=0.003 Ry							0.000	5.97	29.0	Tl3VS4; Thallium tetrathioniobate(V); Tl3NbS4; sample prepared from Tl, S, Nb, powder (determination of cell parameters)
mp-1091416	Sr2Cu2Te2F2	8	GOOD		GOOD	2.699	TF32; 本計算 legacy(ctrl+GWinput) ~/bin2 → 追加の計算 TOML(05-11) ×1; χ0 T=0, Σ GaussSmear esmr=0.003 Ry							0.124	5.86	21.1	Strontium copper fluoride telluride
mp-1095151	Ba2Cd2As2F2	8	GOOD		GOOD	1.950	TF32; 本計算 legacy(ctrl+GWinput) ~/bin2 → 追加の計算 TOML(05-11) ×1; χ0 T=0, Σ GaussSmear esmr=0.003 Ry							0.000	5.88	24.3	Barium fluoride cadmium arsenide
mp-1095181	N6Cl2	8	NOTCONV_MAY	5 月は 10 反復で収束せず（最後の 3 反復の幅 0.1841 eV、履歴 7.0367, 8.7138, 7.6739, 7.5383, 7.7224） / 回し直し(run3): CONVERGED 5 反復、ギャップ 6.507109 eV（LDA 2.228610）、5 月との差 -1.21 eV	NOTCONV	7.722	TF32; 本計算 legacy(ctrl+GWinput) ~/bin2 → 追加の計算 TOML(05-11) ×1; χ0 T=0, Σ GaussSmear esmr=0.003 Ry	run3	CONVERGED	5	6.507109	2.228610	fp32; 989a18637 (2026-09-29); POSCAR→vasp2ctrl→ctrlgenToml --ssig=0.8 (2026-09 の雛形); t_tetrakbt=300 t_sigmaw=300; LDA から; 最大 10 反復 (NaCoO2 20、金属 15)	0.577	1.30	24.7	Chlorine triazide
mp-1101093	CsZn4P3	8	GOOD		GOOD	1.103	TF32; 本計算 legacy(ctrl+GWinput) ~/bin2 → 追加の計算 TOML(05-11) ×1; χ0 T=0, Σ GaussSmear esmr=0.003 Ry							0.000	4.72	21.4	Cesium tetrazinc triphosphide
mp-11108	Sr2P6	8	GOOD		GOOD	0.348	TF32; 本計算 legacy(ctrl+GWinput) ~/bin2 → 追加の計算 TOML(05-11) ×1; χ0 T=0, Σ GaussSmear esmr=0.003 Ry							0.005	3.37	22.3	Strontium phosphide (1/3) - alpha
mp-1136	Na6As2	8	GOOD		GOOD	1.134	TF32; 本計算 legacy(ctrl+GWinput) ~/bin2 → 追加の計算 TOML(05-11) ×1; χ0 T=0, Σ GaussSmear esmr=0.003 Ry							0.000	2.44	24.5	Trisodium arsenide - hexagonal P63/mmc; Sodium arsenide - alpha; High pressure experimental phase; Trisodium arsenide
mp-11703	K2Sb2S4	8	GOOD		GOOD	2.802	TF32; 本計算 legacy(ctrl+GWinput) ~/bin2 → 追加の計算 TOML(05-11) ×1; χ0 T=0, Σ GaussSmear esmr=0.003 Ry							0.000	3.13	29.9	Potassium dithioantimonate(III); Potassium antimony sulfide (1/1/2)
mp-1175	Sr2S6	8	GOOD		GOOD	2.738	TF32; 本計算 legacy(ctrl+GWinput) ~/bin2 → 追加の計算 TOML(05-11) ×1; χ0 T=0, Σ GaussSmear esmr=0.003 Ry							0.032	3.02	25.2	Strontium trio-trisulfide
mp-1179832	Rb8	8	TOO_LARGE	Rb-IV（高圧相、ICSD 109016）を MP が圧力ゼロで緩和。一辺 19.9 Å の胞に Rb8 の正八角形の環（Rb–Rb 4.63 Å、隣 2 個）。1 原子 551 Å³（bcc Rb 93）、凸包から 0.45 eV/原子。ギャップは環の HOMO–LUMO。平面波 3.2 万で lmf --jobgw=1 が 1 ランク 35 GB / 回し直し(run2m): FAIL(143) 0 反復、ギャップ none eV（LDA 0.104062）。構造が不正なので値に物理的な意味は無い	FAILED		TF32; 本計算 TOML(ctrlG+PB) ~/bin2; χ0 T=0, Σ GaussSmear esmr=0.003 Ry	run2m	FAIL(143)	0	none	0.104062	fp32; 989a18637 (2026-09-29); POSCAR→vasp2ctrl→ctrlgenToml --ssig=0.8 (2026-09 の雛形); t_tetrakbt=300 t_sigmaw=300; LDA から; 最大 10 反復 (NaCoO2 20、金属 15)	0.453	0.26	551.3	High pressure experimental phase; Rubidium - IV, HP
mp-11875	C4O4	8	GOOD		GOOD	12.293	TF32; 本計算 legacy(ctrl+GWinput) ~/bin2 → 追加の計算 TOML(05-11) ×1; χ0 T=0, Σ GaussSmear esmr=0.003 Ry							0.662	0.88	26.5	Carbon oxide - LT
mp-11980	CsNbF6	8	NOTCONV_MAY	5 月は 10 反復で収束せず（最後の 3 反復の幅 0.1429 eV、履歴 9.4029, 8.9795, 8.9974, 9.1387, 9.1403） / 回し直し(run3): CONVERGED 6 反復、ギャップ 9.226972 eV（LDA 5.071790）、5 月との差 +0.09 eV	NOTCONV	9.140	TF32; 本計算 legacy(ctrl+GWinput) ~/bin2 → 追加の計算 TOML(05-11) ×1; χ0 T=0, Σ GaussSmear esmr=0.003 Ry	run3	CONVERGED	6	9.226972	5.071790	fp32; 989a18637 (2026-09-29); POSCAR→vasp2ctrl→ctrlgenToml --ssig=0.8 (2026-09 の雛形); t_tetrakbt=300 t_sigmaw=300; LDA から; 最大 10 反復 (NaCoO2 20、金属 15)	0.000	3.95	17.9	Cesium hexafluoroniobate - alpha; Cesium niobium hexafluoride - alpha
mp-12015	KAg2AsO4	8	GOOD		GOOD	2.830	TF32; 本計算 legacy(ctrl+GWinput) ~/bin2 → 追加の計算 TOML(05-11) ×1; χ0 T=0, Σ GaussSmear esmr=0.003 Ry							0.000	5.03	16.3	Potassium disilver arsenate(V)
mp-1205315	Li2Bi2O4	8	GOOD		GOOD	1.907	TF32; 本計算 legacy(ctrl+GWinput) ~/bin2 → 追加の計算 TOML(05-11) ×1; χ0 T=0, Σ GaussSmear esmr=0.003 Ry							0.043	7.48	13.8	Lithium dioxobismuthate(III)
mp-1224	Hg4O4	8	GOOD		GOOD	2.487	TF32; 本計算 legacy(ctrl+GWinput) ~/bin2 → 追加の計算 TOML(05-11) ×1; χ0 T=0, Σ GaussSmear esmr=0.003 Ry							0.000	10.77	16.7	Montroydite; Mercury oxide
mp-12444	Sr2Cu2S2F2	8	GOOD		GOOD	3.038	TF32; 本計算 legacy(ctrl+GWinput) ~/bin2 → 追加の計算 TOML(05-11) ×1; χ0 T=0, Σ GaussSmear esmr=0.003 Ry							0.000	5.00	16.8	Strontium copper(I) fluoride sulfide
mp-12509	Y2Zn2P2O2	8	GOOD		GOOD	2.040	TF32; 本計算 legacy(ctrl+GWinput) ~/bin2 → 追加の計算 TOML(05-11) ×1; χ0 T=0, Σ GaussSmear esmr=0.003 Ry							0.000	4.97	16.8	Yttrium zinc phosphide oxide
mp-12532	KAg2PS4	8	GOOD		GOOD	2.639	TF32; 本計算 legacy(ctrl+GWinput) ~/bin2 → 追加の計算 TOML(05-11) ×1; χ0 T=0, Σ GaussSmear esmr=0.003 Ry							0.000	3.65	23.5	Potassium disilver tetrathiophosphate(V)
mp-12883	P8	8	GOOD		GOOD	5.042	TF32; 本計算 legacy(ctrl+GWinput) ~/bin2 → 追加の計算 TOML(05-11) ×1; χ0 T=0, Σ GaussSmear esmr=0.003 Ry							0.155	1.78	28.9	Phosphorus (4) - gamma
mp-12903	Y2Ag2Te4	8	GOOD		GOOD	1.580	TF32; 本計算 legacy(ctrl+GWinput) ~/bin2 → 追加の計算 TOML(05-11) ×1; χ0 T=0, Σ GaussSmear esmr=0.003 Ry							0.000	6.27	29.9	Yttrium silver telluride (1/1/2); Yttrium silver telluride
mp-12954	Cu2B2S4	8	GOOD		GOOD	2.682	TF32; 本計算 legacy(ctrl+GWinput) ~/bin2 → 追加の計算 TOML(05-11) ×1; χ0 T=0, Σ GaussSmear esmr=0.003 Ry							0.000	4.10	14.0	Copper(I) dithioborate
mp-12957	O8	8	GOOD		GOOD	4.349	TF32; 本計算 legacy(ctrl+GWinput) ~/bin2 → 追加の計算 TOML(05-11) ×1; χ0 T=0, Σ GaussSmear esmr=0.003 Ry							0.000	1.97	13.5	High pressure experimental phase; Oxygen - eta phase; Oxygen (8) - epsilon
mp-13287	Ba2Cu2Te2F2	8	GOOD		GOOD	2.205	TF32; 本計算 legacy(ctrl+GWinput) ~/bin2 → 追加の計算 TOML(05-11) ×1; χ0 T=0, Σ GaussSmear esmr=0.003 Ry							0.106	6.12	23.6	Barium copper telluride fluoride
mp-13312	Sc2Tl2S4	8	GOOD		GOOD	1.609	TF32; 本計算 legacy(ctrl+GWinput) ~/bin2 → 追加の計算 TOML(05-11) ×1; χ0 T=0, Σ GaussSmear esmr=0.003 Ry							0.000	5.59	23.3	Thallium scandium disulfide
mp-13610	ZnPbF6	8	NOTCONV_MAY	5 月は 10 反復で収束せず（最後の 3 反復の幅 0.4479 eV、履歴 4.4228, 3.4626, 4.0115, 4.3384, 4.4593） / 回し直し(run3): CONVERGED 6 反復、ギャップ 5.701529 eV（LDA 1.933201）、5 月との差 +1.24 eV	NOTCONV	4.459	TF32; 本計算 legacy(ctrl+GWinput) ~/bin2 → 追加の計算 TOML(05-11) ×1; χ0 T=0, Σ GaussSmear esmr=0.003 Ry	run3	CONVERGED	6	5.701529	1.933201	fp32; 989a18637 (2026-09-29); POSCAR→vasp2ctrl→ctrlgenToml --ssig=0.8 (2026-09 の雛形); t_tetrakbt=300 t_sigmaw=300; LDA から; 最大 10 反復 (NaCoO2 20、金属 15)	0.000	5.86	13.7	Zinc hexafluoroplumbate
mp-13903	ZnSnF6	8	NOTCONV_MAY	5 月は 10 反復で収束せず（最後の 3 反復の幅 0.3282 eV、履歴 6.8517, 9.9907, 7.7057, 7.3775, 7.4443） / 回し直し(run3): CONVERGED 6 反復、ギャップ 8.365340 eV（LDA 3.696367）、5 月との差 +0.92 eV	NOTCONV	7.444	TF32; 本計算 legacy(ctrl+GWinput) ~/bin2 → 追加の計算 TOML(05-11) ×1; χ0 T=0, Σ GaussSmear esmr=0.003 Ry	run3	CONVERGED	6	8.365340	3.696367	fp32; 989a18637 (2026-09-29); POSCAR→vasp2ctrl→ctrlgenToml --ssig=0.8 (2026-09 の雛形); t_tetrakbt=300 t_sigmaw=300; LDA から; 最大 10 反復 (NaCoO2 20、金属 15)	0.000	4.70	13.2	Zinc hexafluorostannate
mp-13907	CdSnF6	8	NOTCONV_MAY	5 月は 10 反復で収束せず（最後の 3 反復の幅 1.3383 eV、履歴 4.7790, 7.4448, 6.7781, 6.2019, 5.4398） / 回し直し(run3): CONVERGED 6 反復、ギャップ 8.215922 eV（LDA 3.772128）、5 月との差 +2.78 eV	NOTCONV	5.440	TF32; 本計算 legacy(ctrl+GWinput) ~/bin2 → 追加の計算 TOML(05-11) ×1; χ0 T=0, Σ GaussSmear esmr=0.003 Ry	run3	CONVERGED	6	8.215922	3.772128	fp32; 989a18637 (2026-09-29); POSCAR→vasp2ctrl→ctrlgenToml --ssig=0.8 (2026-09 の雛形); t_tetrakbt=300 t_sigmaw=300; LDA から; 最大 10 反復 (NaCoO2 20、金属 15)	0.000	4.84	14.8	Cadmium hexafluorostannate
mp-13983	ZnPdF6	8	NOTCONV_MAY	5 月は 10 反復で収束せず（最後の 3 反復の幅 0.2447 eV、履歴 3.9438, 4.7235, 4.7664, 4.5217, 4.5273） / 回し直し(run3): CONVERGED 6 反復、ギャップ 5.102630 eV（LDA 1.568340）、5 月との差 +0.58 eV	NOTCONV	4.527	TF32; 本計算 legacy(ctrl+GWinput) ~/bin2 → 追加の計算 TOML(05-11) ×1; χ0 T=0, Σ GaussSmear esmr=0.003 Ry	run3	CONVERGED	6	5.102630	1.568340	fp32; 989a18637 (2026-09-29); POSCAR→vasp2ctrl→ctrlgenToml --ssig=0.8 (2026-09 の雛形); t_tetrakbt=300 t_sigmaw=300; LDA から; 最大 10 反復 (NaCoO2 20、金属 15)	0.000	4.94	12.0	Zinc hexafluoropalladate(IV)
mp-13984	CdPdF6	8	NOTCONV_MAY	5 月は 10 反復で収束せず（最後の 3 反復の幅 0.8548 eV、履歴 10.2481, 5.4021, 5.4225, 5.2364, 4.5677） / 回し直し(run3): CONVERGED 6 反復、ギャップ 5.471617 eV（LDA 1.758786）、5 月との差 +0.90 eV	NOTCONV	4.568	TF32; 本計算 legacy(ctrl+GWinput) ~/bin2 → 追加の計算 TOML(05-11) ×1; χ0 T=0, Σ GaussSmear esmr=0.003 Ry	run3	CONVERGED	6	5.471617	1.758786	fp32; 989a18637 (2026-09-29); POSCAR→vasp2ctrl→ctrlgenToml --ssig=0.8 (2026-09 の雛形); t_tetrakbt=300 t_sigmaw=300; LDA から; 最大 10 反復 (NaCoO2 20、金属 15)	0.000	5.16	13.4	Cadmium hexafluoropalladate(IV)
mp-14006	BaGeF6	8	FAILED_MAY	5 月の失敗: NOGAP_GAP_COLLAPSED(LDA gap 5.74 eV) / 回し直し(run1): CONVERGED 6 反復、ギャップ 10.568682 eV（LDA 5.740562）	FAILED		TF32; 本計算 legacy(ctrl+GWinput) ~/bin2 → 追加の計算 TOML(05-11) ×1; χ0 T=0, Σ GaussSmear esmr=0.003 Ry	run1	CONVERGED	6	10.568682	5.740562	fp32; 989a18637 (2026-09-29); POSCAR→vasp2ctrl→ctrlgenToml --ssig=0.8 (2026-09 の雛形); t_tetrakbt=300 t_sigmaw=300; LDA から; 最大 10 反復 (NaCoO2 20、金属 15)	0.000	4.86	13.8	Barium hexafluorogermanate
mp-14017	K6Sb2	8	GOOD		GOOD	1.296	TF32; 本計算 legacy(ctrl+GWinput) ~/bin2 → 追加の計算 TOML(05-11) ×1; χ0 T=0, Σ GaussSmear esmr=0.003 Ry							0.000	2.31	43.0	Potassium antimonide (3/1); Potassium antimonide
mp-14018	K6As2	8	GOOD		GOOD	0.997	TF32; 本計算 legacy(ctrl+GWinput) ~/bin2 → 追加の計算 TOML(05-11) ×1; χ0 T=0, Σ GaussSmear esmr=0.003 Ry							0.000	2.15	37.2	Potassium arsenide
mp-14069	Cs2Al2O4	8	GOOD		GOOD	7.060	TF32; 本計算 legacy(ctrl+GWinput) ~/bin2 → 追加の計算 TOML(05-11) ×1; χ0 T=0, Σ GaussSmear esmr=0.003 Ry							0.000	4.75	16.8	Cesium aluminium oxide
mp-14070	Rb2Al2O4	8	FAILED_MAY	5 月の失敗: NOGAP_GAP_COLLAPSED(LDA gap 3.28 eV, previous QSGW iteration 0.42 eV) / 回し直し(run1): CONVERGED 6 反復、ギャップ 6.352957 eV（LDA 3.277843）	FAILED		TF32; 本計算 legacy(ctrl+GWinput) ~/bin2 → 追加の計算 TOML(05-11) ×1; χ0 T=0, Σ GaussSmear esmr=0.003 Ry	run1	CONVERGED	6	6.352957	3.277843	fp32; 989a18637 (2026-09-29); POSCAR→vasp2ctrl→ctrlgenToml --ssig=0.8 (2026-09 の雛形); t_tetrakbt=300 t_sigmaw=300; LDA から; 最大 10 反復 (NaCoO2 20、金属 15)	0.000	3.72	16.1	Rubidium aluminium oxide
mp-14091	Al2Ag2Se4	8	GOOD		GOOD	2.622	TF32; 本計算 legacy(ctrl+GWinput) ~/bin2 → 追加の計算 TOML(05-11) ×1; χ0 T=0, Σ GaussSmear esmr=0.003 Ry							0.000	4.94	24.6	Silver aluminium selenide
mp-14092	Al2Ag2Te4	8	GOOD		GOOD	2.215	TF32; 本計算 legacy(ctrl+GWinput) ~/bin2 → 追加の計算 TOML(05-11) ×1; χ0 T=0, Σ GaussSmear esmr=0.003 Ry							0.000	5.29	30.6	Silver aluminium telluride
mp-14205	K3Cu3As2	8	GOOD		GOOD	2.131	TF32; 本計算 legacy(ctrl+GWinput) ~/bin2 → 追加の計算 TOML(05-11) ×1; χ0 T=0, Σ GaussSmear esmr=0.003 Ry							0.000	3.90	24.4	Tripotassium tricopper(I) arsenide
mp-14206	K3Ag3As2	8	GOOD		GOOD	1.935	TF32; 本計算 legacy(ctrl+GWinput) ~/bin2 → 追加の計算 TOML(05-11) ×1; χ0 T=0, Σ GaussSmear esmr=0.003 Ry							0.000	4.43	27.7	Potassium silver arsenide (3/3/2)
mp-14232	Li2B2O4	8	NOTCONV_MAY	5 月は 10 反復で収束せず（最後の 3 反復の幅 0.1561 eV、履歴 10.3964, 11.2790, 10.8699, 10.8492, 10.7137） / 回し直し(run3): CONVERGED 5 反復、ギャップ 10.382166 eV（LDA 7.063167）、5 月との差 -0.33 eV	NOTCONV	10.714	TF32; 本計算 legacy(ctrl+GWinput) ~/bin2 → 追加の計算 TOML(05-11) ×1; χ0 T=0, Σ GaussSmear esmr=0.003 Ry	run3	CONVERGED	5	10.382166	7.063167	fp32; 989a18637 (2026-09-29); POSCAR→vasp2ctrl→ctrlgenToml --ssig=0.8 (2026-09 の雛形); t_tetrakbt=300 t_sigmaw=300; LDA から; 最大 10 反復 (NaCoO2 20、金属 15)	0.000	2.90	7.1	Lithium borate - gamma, HP
mp-154	N8	8	GOOD		GOOD	13.930	TF32; 本計算 legacy(ctrl+GWinput) ~/bin2 → 追加の計算 TOML(05-11) ×1; χ0 T=0, Σ GaussSmear esmr=0.003 Ry							0.000	0.95	24.6	Dinitrogen - alpha
mp-1546049	I2Cl6	8	GOOD		GOOD	3.831	TF32; 本計算 legacy(ctrl+GWinput) ~/bin2 → 追加の計算 TOML(05-11) ×1; χ0 T=0, Σ GaussSmear esmr=0.003 Ry							0.000	3.02	32.1	Diiodine(III) chloride
mp-15622	Hf2Se6	8	GOOD		GOOD	1.377	TF32; 本計算 legacy(ctrl+GWinput) ~/bin2 → 追加の計算 TOML(05-11) ×1; χ0 T=0, Σ GaussSmear esmr=0.003 Ry							0.004	7.09	24.3	Hafnium selenide (1/3)
mp-15668	Na4Se4	8	GOOD		GOOD	2.271	TF32; 本計算 legacy(ctrl+GWinput) ~/bin2 → 追加の計算 TOML(05-11) ×1; χ0 T=0, Σ GaussSmear esmr=0.003 Ry							0.000	3.36	25.2	Disodium perselenide
mp-15684	K4Cu2As2	8	GOOD		GOOD	2.064	TF32; 本計算 legacy(ctrl+GWinput) ~/bin2 → 追加の計算 TOML(05-11) ×1; χ0 T=0, Σ GaussSmear esmr=0.003 Ry							0.000	3.24	27.8	Copper potassium arsenide (1/2/1)
mp-15685	Na4Cu2As2	8	GOOD		GOOD	1.342	TF32; 本計算 legacy(ctrl+GWinput) ~/bin2 → 追加の計算 TOML(05-11) ×1; χ0 T=0, Σ GaussSmear esmr=0.003 Ry							0.000	3.72	20.6	Copper sodium arsenide (1/2/1)
mp-1572	Ga4Se4	8	GOOD		GOOD	2.310	TF32; 本計算 legacy(ctrl+GWinput) ~/bin2 → 追加の計算 TOML(05-11) ×1; χ0 T=0, Σ GaussSmear esmr=0.003 Ry							0.000	4.85	25.5	Gallium selenide - epsilon, 2H; Gallium selenide (1/1) - epsilon; Gallium selenide (1/1)
mp-1598	Na6P2	8	GOOD		GOOD	1.395	TF32; 本計算 legacy(ctrl+GWinput) ~/bin2 → 追加の計算 TOML(05-11) ×1; χ0 T=0, Σ GaussSmear esmr=0.003 Ry							0.000	1.81	23.0	Sodium phosphide; Trisodium phosphide
mp-16319	Rb6Sb2	8	GOOD		GOOD	0.906	TF32; 本計算 legacy(ctrl+GWinput) ~/bin2 → 追加の計算 TOML(05-11) ×1; χ0 T=0, Σ GaussSmear esmr=0.003 Ry							0.000	3.17	49.6	Rubidium antimonide (3/1)
mp-16742	Ba2Ag2Te2F2	8	GOOD		GOOD	2.667	TF32; 本計算 legacy(ctrl+GWinput) ~/bin2 → 追加の計算 TOML(05-11) ×1; χ0 T=0, Σ GaussSmear esmr=0.003 Ry							0.078	6.30	25.8	Silber barium fluoride telluride
mp-16764	Rb2Y2Te4	8	GOOD		GOOD	2.581	TF32; 本計算 legacy(ctrl+GWinput) ~/bin2 → 追加の計算 TOML(05-11) ×1; χ0 T=0, Σ GaussSmear esmr=0.003 Ry							0.000	4.74	37.6	Rubidium yttrium ditelluride
mp-1683	Zr2Se6	8	GOOD		GOOD	1.519	TF32; 本計算 legacy(ctrl+GWinput) ~/bin2 → 追加の計算 TOML(05-11) ×1; χ0 T=0, Σ GaussSmear esmr=0.003 Ry							0.000	5.46	24.9	Zirconium selenide perselenide; Zirconium selenide (1/3)
mp-1836	Tl4Se4	8	GOOD		GOOD	0.840	TF32; 本計算 legacy(ctrl+GWinput) ~/bin2 → 追加の計算 TOML(05-11) ×1; χ0 T=0, Σ GaussSmear esmr=0.003 Ry							0.000	8.00	29.4	Thallium thallium(III) selenide; Thallium selenide (1/1)
mp-1880	Sb2F6	8	NOTCONV_MAY	5 月は 10 反復で収束せず（最後の 3 反復の幅 0.2103 eV、履歴 7.1597, 7.3202, 7.4007, 7.2090, 7.1903） / 回し直し(run3): CONVERGED 6 反復、ギャップ 7.305903 eV（LDA 4.479529）、5 月との差 +0.12 eV	NOTCONV	7.190	TF32; 本計算 legacy(ctrl+GWinput) ~/bin2 → 追加の計算 TOML(05-11) ×1; χ0 T=0, Σ GaussSmear esmr=0.003 Ry	run3	CONVERGED	6	7.305903	4.479529	fp32; 989a18637 (2026-09-29); POSCAR→vasp2ctrl→ctrlgenToml --ssig=0.8 (2026-09 の雛形); t_tetrakbt=300 t_sigmaw=300; LDA から; 最大 10 反復 (NaCoO2 20、金属 15)	0.000	4.74	15.7	Antimony fluoride
mp-189	Si4Ru4	8	GOOD		GOOD	0.408	TF32; 本計算 legacy(ctrl+GWinput) ~/bin2 → 追加の計算 TOML(05-11) ×1; χ0 T=0, Σ GaussSmear esmr=0.003 Ry							0.000	8.22	13.0	Ruthenium silicide (1/1)
mp-18943	Ba2Ni2O4	8	GOOD		GOOD	2.181	TF32; 本計算 legacy(ctrl+GWinput) ~/bin2 → 追加の計算 TOML(05-11) ×1; χ0 T=0, Σ GaussSmear esmr=0.003 Ry							0.117	5.84	16.2	Barium nickel dioxide; Nickel barium oxide
mp-19052	K3VO4	8	NOTCONV_MAY	5 月は 10 反復で収束せず（最後の 3 反復の幅 0.1571 eV、履歴 5.7678, 5.9652, 6.0167, 6.0850, 6.1738） / 回し直し(run3): CONVERGED 6 反復、ギャップ 6.175355 eV（LDA 3.512554）、5 月との差 +0.00 eV	NOTCONV	6.174	TF32; 本計算 legacy(ctrl+GWinput) ~/bin2 → 追加の計算 TOML(05-11) ×1; χ0 T=0, Σ GaussSmear esmr=0.003 Ry	run3	CONVERGED	6	6.175355	3.512554	fp32; 989a18637 (2026-09-29); POSCAR→vasp2ctrl→ctrlgenToml --ssig=0.8 (2026-09 の雛形); t_tetrakbt=300 t_sigmaw=300; LDA から; 最大 10 反復 (NaCoO2 20、金属 15)	0.022	2.46	19.6	Tripotassium vanadate - beta
mp-19178	Co2Ag2O4	8	GOOD		GOOD	1.837	TF32; 本計算 legacy(ctrl+GWinput) ~/bin2 → 追加の計算 TOML(05-11) ×1; χ0 T=0, Σ GaussSmear esmr=0.003 Ry							0.000	7.58	10.9	Silver cobaltate(III); Silver cobalt dioxide; Silver cobalt(III) dioxide
mp-19412	VAg3O4	8	GOOD		GOOD	2.106	TF32; 本計算 legacy(ctrl+GWinput) ~/bin2 → 追加の計算 TOML(05-11) ×1; χ0 T=0, Σ GaussSmear esmr=0.003 Ry							0.031	6.05	15.1	Trisilver vanadate(V) - beta phase; Trisilver(I) vanadate(V) - beta
mp-1943	Ga4Se4	8	GOOD		GOOD	2.294	TF32; 本計算 legacy(ctrl+GWinput) ~/bin2 → 追加の計算 TOML(05-11) ×1; χ0 T=0, Σ GaussSmear esmr=0.003 Ry							0.000	4.85	25.5	Gallium(II) selenide - beta; Gallium selenide (1/1); Gallium selenide (1/1) - beta; Gallium selenide (1/1) - beta, 2H
mp-19443	W2O6	8	GOOD		GOOD	1.769	TF32; 本計算 legacy(ctrl+GWinput) ~/bin2 → 追加の計算 TOML(05-11) ×1; χ0 T=0, Σ GaussSmear esmr=0.003 Ry							0.006	6.88	14.0	Tungsten trioxide - HT; Lithium tungsten oxide (0.1/1/3); Tungsten oxide - HT; Tungsten oxide - subcell
mp-1954	P3N5	8	GOOD		GOOD	4.263	TF32; 本計算 legacy(ctrl+GWinput) ~/bin2 → 追加の計算 TOML(05-11) ×1; χ0 T=0, Σ GaussSmear esmr=0.003 Ry							0.099	3.51	9.6	Triphosphorus(V) nitride - gamma
mp-19734	MgPbF6	8	NOTCONV_MAY	5 月は 10 反復で収束せず（最後の 3 反復の幅 9.3996 eV、履歴 30.5251, 8.6004, 10.5076, 1.1080, 1.7637） / 回し直し(run3): CONVERGED 6 反復、ギャップ 7.310837 eV（LDA 3.147291）、5 月との差 +5.55 eV	NOTCONV	1.764	TF32; 本計算 legacy(ctrl+GWinput) ~/bin2 → 追加の計算 TOML(05-11) ×1; χ0 T=0, Σ GaussSmear esmr=0.003 Ry	run3	CONVERGED	6	7.310837	3.147291	fp32; 989a18637 (2026-09-29); POSCAR→vasp2ctrl→ctrlgenToml --ssig=0.8 (2026-09 の雛形); t_tetrakbt=300 t_sigmaw=300; LDA から; 最大 10 反復 (NaCoO2 20、金属 15)	0.000	5.32	13.5	Magnesium hexafluoroplumbate
mp-19795	In4S4	8	GOOD		GOOD	2.197	TF32; 本計算 legacy(ctrl+GWinput) ~/bin2 → 追加の計算 TOML(05-11) ×1; χ0 T=0, Σ GaussSmear esmr=0.003 Ry							0.000	4.92	24.8	High pressure experimental phase; Indium(II) sulfide; Indium sulfide (1/1); Indium sulfide
mp-19799	BaPbF6	8	GOOD		GOOD	6.644	TF32; 本計算 legacy(ctrl+GWinput) ~/bin2 → 追加の計算 TOML(05-11) ×1; χ0 T=0, Σ GaussSmear esmr=0.003 Ry							0.000	5.99	15.9	Barium hexafluoroplumbate
mp-19833	In2Ag2S4	8	GOOD		GOOD	1.587	TF32; 本計算 legacy(ctrl+GWinput) ~/bin2 → 追加の計算 TOML(05-11) ×1; χ0 T=0, Σ GaussSmear esmr=0.003 Ry							0.000	4.85	24.6	Silver indium sulfide; Silver indium sulfide (1/1/2)
mp-19851	K2In2Te4	8	GOOD		GOOD	2.033	TF32; 本計算 legacy(ctrl+GWinput) ~/bin2 → 追加の計算 TOML(05-11) ×1; χ0 T=0, Σ GaussSmear esmr=0.003 Ry							0.000	4.84	35.1	Potassium indium telluride; Potassium catena-ditelluridoindate(II)
mp-19896	Li2GePbS4	8	GOOD		GOOD	3.350	TF32; 本計算 legacy(ctrl+GWinput) ~/bin2 → 追加の計算 TOML(05-11) ×1; χ0 T=0, Σ GaussSmear esmr=0.003 Ry							0.000	4.10	21.3	Dilithium lead germanium sulfide
mp-20042	Tl2In2S4	8	GOOD		GOOD	1.167	TF32; 本計算 legacy(ctrl+GWinput) ~/bin2 → 追加の計算 TOML(05-11) ×1; χ0 T=0, Σ GaussSmear esmr=0.003 Ry							0.000	6.58	24.2	Indium thallium sulfide; Thallium indium sulfide - HP III; Thallium indium sulfide - high-pressure phase III
mp-20187	Li2In2Se4	8	GOOD		GOOD	2.950	TF32; 本計算 legacy(ctrl+GWinput) ~/bin2 → 追加の計算 TOML(05-11) ×1; χ0 T=0, Σ GaussSmear esmr=0.003 Ry							0.000	4.41	26.3	High pressure experimental phase; Lithium indium selenide - HP
mp-20343	Na2Au2O4	8	NOTCONV_MAY	5 月は 10 反復で収束せず（最後の 3 反復の幅 1.7112 eV、履歴 3.2272, 12.6936, 8.3476, 6.8515, 6.6364） / 回し直し(run3): CONVERGED 5 反復、ギャップ 3.282495 eV（LDA 0.834700）、5 月との差 -3.35 eV	NOTCONV	6.636	TF32; 本計算 legacy(ctrl+GWinput) ~/bin2 → 追加の計算 TOML(05-11) ×1; χ0 T=0, Σ GaussSmear esmr=0.003 Ry	run3	CONVERGED	5	3.282495	0.834700	fp32; 989a18637 (2026-09-29); POSCAR→vasp2ctrl→ctrlgenToml --ssig=0.8 (2026-09 の雛形); t_tetrakbt=300 t_sigmaw=300; LDA から; 最大 10 反復 (NaCoO2 20、金属 15)	0.026	6.53	16.0	Sodium aurate
mp-20458	PtPbF6	8	FAILED_MAY	5 月の失敗: PROD_NaN_lsc / 回し直し(run1): CONVERGED 6 反復、ギャップ 5.109806 eV（LDA 1.705999）	FAILED		TF32; 本計算 legacy(ctrl+GWinput) ~/bin2; χ0 T=0, Σ GaussSmear esmr=0.003 Ry	run1	CONVERGED	6	5.109806	1.705999	fp32; 989a18637 (2026-09-29); POSCAR→vasp2ctrl→ctrlgenToml --ssig=0.8 (2026-09 の雛形); t_tetrakbt=300 t_sigmaw=300; LDA から; 最大 10 反復 (NaCoO2 20、金属 15)	0.000	7.88	13.6	Lead hexafluoroplatinate
mp-20463	CaPbF6	8	NOTCONV_MAY	5 月は 10 反復で収束せず（最後の 3 反復の幅 1.0012 eV、履歴 9.4870, 13.7927, 11.2680, 10.5853, 10.2668） / 回し直し(run3): CONVERGED 6 反復、ギャップ 8.320289 eV（LDA 3.551001）、5 月との差 -1.95 eV	NOTCONV	10.267	TF32; 本計算 legacy(ctrl+GWinput) ~/bin2 → 追加の計算 TOML(05-11) ×1; χ0 T=0, Σ GaussSmear esmr=0.003 Ry	run3	CONVERGED	6	8.320289	3.551001	fp32; 989a18637 (2026-09-29); POSCAR→vasp2ctrl→ctrlgenToml --ssig=0.8 (2026-09 の雛形); t_tetrakbt=300 t_sigmaw=300; LDA から; 最大 10 反復 (NaCoO2 20、金属 15)	0.000	3.73	20.1	Calcium hexafluoroplumbate
mp-20485	In4Se4	8	GOOD		GOOD	1.446	TF32; 本計算 legacy(ctrl+GWinput) ~/bin2 → 追加の計算 TOML(05-11) ×1; χ0 T=0, Σ GaussSmear esmr=0.003 Ry							0.000	5.22	30.8	Indium selenide; Indium selenide (1/1)
mp-2068	Rh2F6	8	GOOD		GOOD	3.617	TF32; 本計算 legacy(ctrl+GWinput) ~/bin2 → 追加の計算 TOML(05-11) ×1; χ0 T=0, Σ GaussSmear esmr=0.003 Ry							0.000	5.70	11.7	Rhodium(III) fluoride; Rhenium trifluoride
mp-2072	K4Te4	8	GOOD		GOOD	2.281	TF32; 本計算 legacy(ctrl+GWinput) ~/bin2 → 追加の計算 TOML(05-11) ×1; χ0 T=0, Σ GaussSmear esmr=0.003 Ry							0.000	3.28	42.1	Dipotassium pertelluride - beta
mp-20782	Li2In2Te4	8	GOOD		GOOD	2.477	TF32; 本計算 legacy(ctrl+GWinput) ~/bin2 → 追加の計算 TOML(05-11) ×1; χ0 T=0, Σ GaussSmear esmr=0.003 Ry							0.000	4.70	33.3	Indium lithium telluride; Lithium indium telluride
mp-20878	Pb4O4	8	GOOD		GOOD	3.168	TF32; 本計算 legacy(ctrl+GWinput) ~/bin2 → 追加の計算 TOML(05-11) ×1; χ0 T=0, Σ GaussSmear esmr=0.003 Ry							0.010	9.14	20.3	Massicot; Lead oxide; Lead oxide - HT
mp-21228	Sr2Cu2Se2F2	8	GOOD		GOOD	2.582	TF32; 本計算 legacy(ctrl+GWinput) ~/bin2 → 追加の計算 TOML(05-11) ×1; χ0 T=0, Σ GaussSmear esmr=0.003 Ry							0.118	5.55	18.6	Europium copper(I) fluoride selenide
mp-21855	VCu3Se4	8	GOOD		GOOD	1.657	TF32; 本計算 legacy(ctrl+GWinput) ~/bin2 → 追加の計算 TOML(05-11) ×1; χ0 T=0, Σ GaussSmear esmr=0.003 Ry							0.000	5.34	21.7	Copper tetraselenovanadate(V); Copper vanadium selenide (3/1/4); Tricopper(I) tetraselenovanadate
mp-22232	Tl2In2Se4	8	GOOD		GOOD	1.444	TF32; 本計算 legacy(ctrl+GWinput) ~/bin2 → 追加の計算 TOML(05-11) ×1; χ0 T=0, Σ GaussSmear esmr=0.003 Ry							0.000	6.85	28.9	Thallium indide selenide (0.5/0.5/1); Thallium indium selenide; Thallium indium selenide (1/1/2); Thallium indium(III) s
mp-22255	Rb2In2Te4	8	GOOD		GOOD	2.228	TF32; 本計算 legacy(ctrl+GWinput) ~/bin2 → 追加の計算 TOML(05-11) ×1; χ0 T=0, Σ GaussSmear esmr=0.003 Ry							0.000	5.04	37.6	Rubidium indium ditelluride
mp-2231	Sn4S4	8	GOOD		GOOD	1.429	TF32; 本計算 legacy(ctrl+GWinput) ~/bin2 → 追加の計算 TOML(05-11) ×1; χ0 T=0, Σ GaussSmear esmr=0.003 Ry							0.000	4.90	25.5	Herzenbergite; Tin sulfide (1/1); Tin sulfide - LT; Tin sulfide
mp-22386	In2Ag2Te4	8	GOOD		GOOD	0.964	TF32; 本計算 legacy(ctrl+GWinput) ~/bin2 → 追加の計算 TOML(05-11) ×1; χ0 T=0, Σ GaussSmear esmr=0.003 Ry							0.000	5.83	34.0	Silver indium telluride (1/1/2); Silver indium telluride
mp-2242	Ge4S4	8	GOOD		GOOD	1.700	TF32; 本計算 legacy(ctrl+GWinput) ~/bin2 → 追加の計算 TOML(05-11) ×1; χ0 T=0, Σ GaussSmear esmr=0.003 Ry							0.000	3.96	22.0	Germanium sulfide (1/1); Germanium(II) sulfide
mp-2247	Ag2N6	8	FAILED_MAY	5 月の失敗: PROD_NaN_lsc / 回し直し(run1): CONVERGED 6 反復、ギャップ 3.640062 eV（LDA 1.384721）	FAILED		TF32; 本計算 legacy(ctrl+GWinput) ~/bin2; χ0 T=0, Σ GaussSmear esmr=0.003 Ry	run1	CONVERGED	6	3.640062	1.384721	fp32; 989a18637 (2026-09-29); POSCAR→vasp2ctrl→ctrlgenToml --ssig=0.8 (2026-09 の雛形); t_tetrakbt=300 t_sigmaw=300; LDA から; 最大 10 反復 (NaCoO2 20、金属 15)	0.354	4.32	14.4	Silver azide
mp-22483	Na2In2Te4	8	GOOD		GOOD	1.543	TF32; 本計算 legacy(ctrl+GWinput) ~/bin2 → 追加の計算 TOML(05-11) ×1; χ0 T=0, Σ GaussSmear esmr=0.003 Ry							0.000	5.13	31.8	Sodium indium telluride
mp-22604	InAsF6	8	FAILED_MAY	5 月の失敗: PROD_NaN_lsc / 回し直し(run1): CONVERGED 6 反復、ギャップ 6.950402 eV（LDA 3.347954）	FAILED		TF32; 本計算 legacy(ctrl+GWinput) ~/bin2; χ0 T=0, Σ GaussSmear esmr=0.003 Ry	run1	CONVERGED	6	6.950402	3.347954	fp32; 989a18637 (2026-09-29); POSCAR→vasp2ctrl→ctrlgenToml --ssig=0.8 (2026-09 の雛形); t_tetrakbt=300 t_sigmaw=300; LDA から; 最大 10 反復 (NaCoO2 20、金属 15)	0.250	3.81	16.5	Indium hexafluoroarsenate
mp-22791	Tl2In2Te4	8	GOOD		GOOD	1.177	TF32; 本計算 legacy(ctrl+GWinput) ~/bin2 → 追加の計算 TOML(05-11) ×1; χ0 T=0, Σ GaussSmear esmr=0.003 Ry							0.000	6.98	34.2	Indium thallium telluride; Thallium indium telluride; Thallium indium telluride (0.5/0.5/1); Thallium indide telluride (
mp-22849	Bi2I6	8	GOOD		GOOD	3.490	TF32; 本計算 legacy(ctrl+GWinput) ~/bin2 → 追加の計算 TOML(05-11) ×1; χ0 T=0, Σ GaussSmear esmr=0.003 Ry							0.000	5.32	46.0	High pressure experimental phase; Bismuth triiodide; Bismuth iodide; Bismuth iodide - HP
mp-22984	Na2Bi2O4	8	GOOD		GOOD	2.315	TF32; 本計算 legacy(ctrl+GWinput) ~/bin2 → 追加の計算 TOML(05-11) ×1; χ0 T=0, Σ GaussSmear esmr=0.003 Ry							0.000	7.17	15.3	Sodium bismuthate(III)
mp-23057	Cs2Li2Br4	8	GOOD		GOOD	7.023	TF32; 本計算 legacy(ctrl+GWinput) ~/bin2 → 追加の計算 TOML(05-11) ×1; χ0 T=0, Σ GaussSmear esmr=0.003 Ry							0.007	3.73	33.3	Cesium lithium dibromide; Cesium lithium bromide
mp-23116	Cu2Bi2Se2O2	8	GOOD		GOOD	0.852	TF32; 本計算 legacy(ctrl+GWinput) ~/bin2 → 追加の計算 TOML(05-11) ×1; χ0 T=0, Σ GaussSmear esmr=0.003 Ry							0.091	8.63	17.7	Bismuth copper oxide selenide; Bismuth oxide copper selenide; Bismuth copper(I) oxide selenide
mp-23184	B2Cl6	8	NOTCONV_MAY	5 月は 10 反復で収束せず（最後の 3 反復の幅 0.2489 eV、履歴 8.1727, 9.7465, 9.0686, 8.8689, 8.8197） / 回し直し(run3): CONVERGED 6 反復、ギャップ 8.336585 eV（LDA 4.394165）、5 月との差 -0.48 eV	NOTCONV	8.820	TF32; 本計算 legacy(ctrl+GWinput) ~/bin2 → 追加の計算 TOML(05-11) ×1; χ0 T=0, Σ GaussSmear esmr=0.003 Ry	run3	CONVERGED	6	8.336585	4.394165	fp32; 989a18637 (2026-09-29); POSCAR→vasp2ctrl→ctrlgenToml --ssig=0.8 (2026-09 の雛形); t_tetrakbt=300 t_sigmaw=300; LDA から; 最大 10 反復 (NaCoO2 20、金属 15)	0.000	1.77	27.5	Boron chloride
mp-23189	B2I6	8	GOOD		GOOD	4.870	TF32; 本計算 legacy(ctrl+GWinput) ~/bin2 → 追加の計算 TOML(05-11) ×1; χ0 T=0, Σ GaussSmear esmr=0.003 Ry							0.000	3.79	42.9	Boron triiodide; Boron iodide
mp-23218	As2I6	8	NOTCONV_MAY	5 月は 10 反復で収束せず（最後の 3 反復の幅 0.3962 eV、履歴 3.4245, 1.1146, 2.2955, 2.6231, 2.6918） / 回し直し(run3): CONVERGED 5 反復、ギャップ 3.412576 eV（LDA 2.100004）、5 月との差 +0.72 eV	NOTCONV	2.692	TF32; 本計算 legacy(ctrl+GWinput) ~/bin2 → 追加の計算 TOML(05-11) ×1; χ0 T=0, Σ GaussSmear esmr=0.003 Ry	run3	CONVERGED	5	3.412576	2.100004	fp32; 989a18637 (2026-09-29); POSCAR→vasp2ctrl→ctrlgenToml --ssig=0.8 (2026-09 の雛形); t_tetrakbt=300 t_sigmaw=300; LDA から; 最大 10 反復 (NaCoO2 20、金属 15)	0.000	4.45	42.5	Arsenic iodide; Arsenic iodide - HP; High pressure experimental phase
mp-23225	B2Br6	8	GOOD		GOOD	6.723	TF32; 本計算 legacy(ctrl+GWinput) ~/bin2 → 追加の計算 TOML(05-11) ×1; χ0 T=0, Σ GaussSmear esmr=0.003 Ry							0.000	3.16	32.9	Boron tribromide; Boron bromide
mp-23281	Sb2I6	8	GOOD		GOOD	2.899	TF32; 本計算 legacy(ctrl+GWinput) ~/bin2 → 追加の計算 TOML(05-11) ×1; χ0 T=0, Σ GaussSmear esmr=0.003 Ry							0.000	4.74	44.0	High pressure experimental phase; Antimony iodide - HP; Antimony iodide
mp-23297	Br2F6	8	DRIFT_GOOD	5 月は収束の基準を満たしたが、最後の 3 反復が同じ向きに +0.10 eV 動いていた（履歴 5.8202, 5.6641, 5.7471, 5.7597）。回し直していない	GOOD	5.760	TF32; 本計算 legacy(ctrl+GWinput) ~/bin2 → 追加の計算 TOML(05-11) ×1; χ0 T=0, Σ GaussSmear esmr=0.003 Ry							0.000	3.63	15.6	Bromine(III) fluoride
mp-23309	Sc2Cl6	8	DRIFT_GOOD	5 月は収束の基準を満たしたが、最後の 3 反復が同じ向きに +0.09 eV 動いていた（履歴 5.9855, 6.6573, 6.2043, 6.2940, 6.2962）。回し直していない	GOOD	6.296	TF32; 本計算 legacy(ctrl+GWinput) ~/bin2 → 追加の計算 TOML(05-11) ×1; χ0 T=0, Σ GaussSmear esmr=0.003 Ry							0.000	2.32	27.0	Scandium chloride
mp-23364	Cs2Li2Cl4	8	DRIFT_GOOD	5 月は収束の基準を満たしたが、最後の 3 反復が同じ向きに +0.09 eV 動いていた（履歴 7.8795, 7.7507, 7.8048, 7.8384）。回し直していない	GOOD	7.838	TF32; 本計算 legacy(ctrl+GWinput) ~/bin2 → 追加の計算 TOML(05-11) ×1; χ0 T=0, Σ GaussSmear esmr=0.003 Ry							0.009	3.08	28.4	Cesium lithium chloride; Cesium lithium dichloride
mp-2341	Li6N2	8	GOOD		GOOD	2.806	TF32; 本計算 legacy(ctrl+GWinput) ~/bin2 → 追加の計算 TOML(05-11) ×1; χ0 T=0, Σ GaussSmear esmr=0.003 Ry							0.004	1.72	8.4	Lithium nitride - beta; Trilithium nitride - beta; Lithium nitride (3/1)
mp-23435	Bi4Te2I2	8	FAILED_MAY	5 月の失敗: PROD_KILLED / 回し直し(run1): CONVERGED 5 反復、ギャップ 0.331196 eV（LDA 0.014058）、5 月との差 +0.09 eV	FAILED	0.238	TF32; 本計算 TOML(ctrlG+PB) ~/bin2; χ0 T=0, Σ GaussSmear esmr=0.003 Ry	run1	CONVERGED	5	0.331196	0.014058	fp32; 989a18637 (2026-09-29); POSCAR→vasp2ctrl→ctrlgenToml --ssig=0.8 (2026-09 の雛形); t_tetrakbt=300 t_sigmaw=300; LDA から; 最大 10 反復 (NaCoO2 20、金属 15)	0.128	6.85	40.8	Bismuth telluride iodide (2/1/1)
mp-23454	Cs2Ag2Br4	8	GOOD		GOOD	4.068	TF32; 本計算 legacy(ctrl+GWinput) ~/bin2 → 追加の計算 TOML(05-11) ×1; χ0 T=0, Σ GaussSmear esmr=0.003 Ry							0.021	4.83	34.4	Cesium silver bromide - beta; Cesium silver bromide
mp-236	S4N4	8	GOOD		GOOD	5.407	TF32; 本計算 legacy(ctrl+GWinput) ~/bin2 → 追加の計算 TOML(05-11) ×1; χ0 T=0, Σ GaussSmear esmr=0.003 Ry							0.509	1.87	20.4	Sulfur nitride (2/2); Sulfur nitride - dimeric
mp-23803	Ga2H2O4	8	DRIFT_GOOD	5 月は収束の基準を満たしたが、最後の 3 反復が同じ向きに +0.10 eV 動いていた（履歴 5.8770, 5.7502, 5.8429, 5.8492）。回し直していない	GOOD	5.849	TF32; 本計算 legacy(ctrl+GWinput) ~/bin2 → 追加の計算 TOML(05-11) ×1; χ0 T=0, Σ GaussSmear esmr=0.003 Ry							0.014	5.42	7.9	Gallium oxide hydroxide - beta
mp-23807	Al2H2O4	8	NOTCONV_MAY	5 月は 10 反復で収束せず（最後の 3 反復の幅  eV、履歴 8.5507, 8.4200） / 回し直し(run3): CONVERGED 5 反復、ギャップ 8.630608 eV（LDA 5.596687）、5 月との差 +0.21 eV	NOTCONV	8.420	TF32; 本計算 legacy(ctrl+GWinput) ~/bin2 → 追加の計算 TOML(05-11) ×1; χ0 T=0, Σ GaussSmear esmr=0.003 Ry	run3	CONVERGED	5	8.630608	5.596687	fp32; 989a18637 (2026-09-29); POSCAR→vasp2ctrl→ctrlgenToml --ssig=0.8 (2026-09 の雛形); t_tetrakbt=300 t_sigmaw=300; LDA から; 最大 10 反復 (NaCoO2 20、金属 15)	0.042	3.42	7.3	High pressure experimental phase; Aluminum oxide hydroxide; Aluminium oxide hydroxide - delta
mp-23846	K2H2F4	8	GOOD		GOOD	11.748	TF32; 本計算 legacy(ctrl+GWinput) ~/bin2 → 追加の計算 TOML(05-11) ×1; χ0 T=0, Σ GaussSmear esmr=0.003 Ry							0.000	2.47	13.1	Potassium hydrogendifluoride; Potassium hydrogendifluoride - alpha
mp-239	Ba2S6	8	GOOD		GOOD	3.043	TF32; 本計算 legacy(ctrl+GWinput) ~/bin2 → 追加の計算 TOML(05-11) ×1; χ0 T=0, Σ GaussSmear esmr=0.003 Ry							0.000	3.81	25.5	Barium trio-trisulfide; Barium trisulfide
mp-23933	Al2H6	8	GOOD		GOOD	5.125	TF32; 本計算 legacy(ctrl+GWinput) ~/bin2 → 追加の計算 TOML(05-11) ×1; χ0 T=0, Σ GaussSmear esmr=0.003 Ry							0.000	1.52	8.2	Aluminium trihydride; Aluminium deuteride; Aluminum deuteride; Aluminium trihydride - alpha; Aluminium deuteride (1/3); 
mp-2400	Na4S4	8	GOOD		GOOD	3.356	TF32; 本計算 legacy(ctrl+GWinput) ~/bin2 → 追加の計算 TOML(05-11) ×1; χ0 T=0, Σ GaussSmear esmr=0.003 Ry							0.000	2.09	21.8	Sodium sulfide (1/1); Disodium persulfide - beta, HT; Sodium sulfide (2/2)
mp-24066	Sr2H2Cl2O2	8	NOTCONV_MAY	5 月は 10 反復で収束せず（最後の 3 反復の幅 0.1902 eV、履歴 5.6615, 4.8322, 5.3526, 5.4451, 5.5428） / 回し直し(run3): CONVERGED 6 反復、ギャップ 7.864377 eV（LDA 4.769609）、5 月との差 +2.32 eV	NOTCONV	5.543	TF32; 本計算 legacy(ctrl+GWinput) ~/bin2 → 追加の計算 TOML(05-11) ×1; χ0 T=0, Σ GaussSmear esmr=0.003 Ry	run3	CONVERGED	6	7.864377	4.769609	fp32; 989a18637 (2026-09-29); POSCAR→vasp2ctrl→ctrlgenToml --ssig=0.8 (2026-09 の雛形); t_tetrakbt=300 t_sigmaw=300; LDA から; 最大 10 反復 (NaCoO2 20、金属 15)	0.102	3.05	19.1	Strontium hydroxide chloride
mp-2437	Ir2F6	8	NOTCONV_MAY	5 月は 10 反復で収束せず（最後の 3 反復の幅 0.1392 eV、履歴 4.0828, 5.4634, 4.6499, 4.5462, 4.5107） / 回し直し(run3): CONVERGED 7 反復、ギャップ 4.371508 eV（LDA 0.998863）、5 月との差 -0.14 eV	NOTCONV	4.511	TF32; 本計算 legacy(ctrl+GWinput) ~/bin2 → 追加の計算 TOML(05-11) ×1; χ0 T=0, Σ GaussSmear esmr=0.003 Ry	run3	CONVERGED	7	4.371508	0.998863	fp32; 989a18637 (2026-09-29); POSCAR→vasp2ctrl→ctrlgenToml --ssig=0.8 (2026-09 の雛形); t_tetrakbt=300 t_sigmaw=300; LDA から; 最大 10 反復 (NaCoO2 20、金属 15)	0.000	8.50	12.2	Iridium fluoride
mp-24428	K2H4N2	8	NOTCONV_MAY	5 月は 10 反復で収束せず（最後の 3 反復の幅  eV、履歴 5.0490, 4.9640） / 回し直し(run3): CONVERGED 6 反復、ギャップ 5.024534 eV（LDA 1.934914）、5 月との差 +0.06 eV	NOTCONV	4.964	TF32; 本計算 legacy(ctrl+GWinput) ~/bin2_dev → 追加の計算 TOML(05-11) ×1; χ0 T=0, Σ GaussSmear esmr=0.003 Ry	run3	CONVERGED	6	5.024534	1.934914	fp32; 989a18637 (2026-09-29); POSCAR→vasp2ctrl→ctrlgenToml --ssig=0.8 (2026-09 の雛形); t_tetrakbt=300 t_sigmaw=300; LDA から; 最大 10 反復 (NaCoO2 20、金属 15)	0.000	1.75	13.1	Potassium amide - alpha
mp-24668	Cs2H2F4	8	NOTCONV_MAY	5 月は 10 反復で収束せず（最後の 3 反復の幅 0.5788 eV、履歴 9.8755, 10.2717, 10.4543） / 回し直し(run3): CONVERGED 6 反復、ギャップ 10.660157 eV（LDA 6.282067）、5 月との差 +0.21 eV	NOTCONV	10.454	TF32; 本計算 legacy(ctrl+GWinput) ~/bin2 → 追加の計算 TOML(05-11) ×1; χ0 T=0, Σ GaussSmear esmr=0.003 Ry	run3	CONVERGED	6	10.660157	6.282067	fp32; 989a18637 (2026-09-29); POSCAR→vasp2ctrl→ctrlgenToml --ssig=0.8 (2026-09 の雛形); t_tetrakbt=300 t_sigmaw=300; LDA から; 最大 10 反復 (NaCoO2 20、金属 15)	0.000	3.93	18.2	Cesium hydrogen fluoride - alpha
mp-2488	Si4Os4	8	GOOD		GOOD	0.821	TF32; 本計算 TOML(ctrlG+PB) ~/bin2 → 追加の計算 TOML(05-11) ×1; χ0 T=0, Σ GaussSmear esmr=0.003 Ry							0.000	13.39	13.5	Osmium silicide (1/1); Osmium silicide
mp-25	N8	8	NOTCONV_MAY	5 月は 10 反復で収束せず（最後の 3 反復の幅 0.1188 eV、履歴 13.7797, 13.1523, 13.2239, 13.3416, 13.3426） / 回し直し(run3): CONVERGED 5 反復、ギャップ 13.392300 eV（LDA 7.118669）、5 月との差 +0.05 eV	NOTCONV	13.343	TF32; 本計算 legacy(ctrl+GWinput) ~/bin2 → 追加の計算 TOML(05-11) ×1; χ0 T=0, Σ GaussSmear esmr=0.003 Ry	run3	CONVERGED	5	13.392300	7.118669	fp32; 989a18637 (2026-09-29); POSCAR→vasp2ctrl→ctrlgenToml --ssig=0.8 (2026-09 の雛形); t_tetrakbt=300 t_sigmaw=300; LDA から; 最大 10 反復 (NaCoO2 20、金属 15)	0.002	1.08	21.5	Nitrogen - alpha; Nitrogen; Dinitrogen - alpha
mp-2507	Ga4S4	8	GOOD		GOOD	3.085	TF32; 本計算 TOML(ctrlG+PB) ~/bin2 → 追加の計算 TOML(05-11) ×1; χ0 T=0, Σ GaussSmear esmr=0.003 Ry							0.000	3.78	22.4	Gallium sulfide (1/1) - beta; Gallium(II) sulfide - beta; Gallium sulfide (1/1); Gallium(II) sulfide; High pressure expe
mp-25469	Al2Cl6	8	GOOD		GOOD	8.011	TF32; 本計算 TOML(ctrlG+PB) ~/bin2 → 追加の計算 TOML(05-11) ×1; χ0 T=0, Σ GaussSmear esmr=0.003 Ry							0.000	2.41	23.0	Aluminium chloride
mp-2552	Te2O6	8	GOOD		GOOD	3.174	TF32; 本計算 TOML(ctrlG+PB) ~/bin2 → 追加の計算 TOML(05-11) ×1; χ0 T=0, Σ GaussSmear esmr=0.003 Ry							0.020	6.37	11.4	Tellurium(VI) oxide - beta; Tellurium trioxide; Tellurium(VI) oxide - I; Tellurium(VI) oxide
mp-2672	K4O4	8	GOOD		GOOD	5.436	TF32; 本計算 TOML(ctrlG+PB) ~/bin2 → 追加の計算 TOML(05-11) ×1; χ0 T=0, Σ GaussSmear esmr=0.003 Ry							0.000	2.43	18.8	Potassium peroxide; Dipotassium peroxide
mp-27397	Ir2Br6	8	GOOD		GOOD	3.061	TF32; 本計算 TOML(ctrlG+PB) ~/bin2 → 追加の計算 TOML(05-11) ×1; χ0 T=0, Σ GaussSmear esmr=0.003 Ry							0.000	6.52	27.5	Iridium bromide
mp-27419	LiBiF6	8	FAILED_MAY	5 月の失敗: PROD_bmix_min / 回し直し(run1): CONVERGED 7 反復、ギャップ 6.731355 eV（LDA 2.661866）	FAILED		TF32; 本計算 legacy(ctrl+GWinput) ~/bin2_dev; χ0 T=0, Σ GaussSmear esmr=0.003 Ry	run1	CONVERGED	7	6.731355	2.661866	fp32; 989a18637 (2026-09-29); POSCAR→vasp2ctrl→ctrlgenToml --ssig=0.8 (2026-09 の雛形); t_tetrakbt=300 t_sigmaw=300; LDA から; 最大 10 反復 (NaCoO2 20、金属 15)	0.000	5.29	12.9	Lithium hexafluorobismuthate
mp-27420	NaBiF6	8	NOTCONV_MAY	5 月は 10 反復で収束せず（最後の 3 反復の幅 0.4375 eV、履歴 8.1073, 6.7955, 7.3506, 7.1206, 6.9131） / 回し直し(run3): CONVERGED 6 反復、ギャップ 7.241208 eV（LDA 2.856984）、5 月との差 +0.33 eV	NOTCONV	6.913	TF32; 本計算 legacy(ctrl+GWinput) ~/bin2 → 追加の計算 TOML(05-11) ×1; χ0 T=0, Σ GaussSmear esmr=0.003 Ry	run3	CONVERGED	6	7.241208	2.856984	fp32; 989a18637 (2026-09-29); POSCAR→vasp2ctrl→ctrlgenToml --ssig=0.8 (2026-09 の雛形); t_tetrakbt=300 t_sigmaw=300; LDA から; 最大 10 反復 (NaCoO2 20、金属 15)	0.000	4.68	15.4	Sodium hexafluorobismuthate
mp-27421	RbBiF6	8	GOOD		GOOD	6.652	TF32; 本計算 TOML(ctrlG+PB) ~/bin2 → 追加の計算 TOML(05-11) ×1; χ0 T=0, Σ GaussSmear esmr=0.003 Ry							0.000	5.13	16.5	Rubidium hexafluorobismuthate
mp-27422	CsBiF6	8	NOTCONV_MAY	5 月は 10 反復で収束せず（最後の 3 反復の幅 0.3361 eV、履歴 0.1745, 1.9772, 7.1362, 7.1906, 7.4723） / 回し直し(run3): CONVERGED 6 反復、ギャップ 7.077400 eV（LDA 2.912728）、5 月との差 -0.39 eV	NOTCONV	7.472	TF32; 本計算 TOML(ctrlG+PB) ~/bin2 → 追加の計算 TOML(05-11) ×1; χ0 T=0, Σ GaussSmear esmr=0.003 Ry	run3	CONVERGED	6	7.077400	2.912728	fp32; 989a18637 (2026-09-29); POSCAR→vasp2ctrl→ctrlgenToml --ssig=0.8 (2026-09 の雛形); t_tetrakbt=300 t_sigmaw=300; LDA から; 最大 10 反復 (NaCoO2 20、金属 15)	0.000	5.12	18.5	Cesium hexafluorobismuthate
mp-27455	Y2Cl6	8	NOTCONV_MAY	5 月は 10 反復で収束せず（最後の 3 反復の幅 0.3007 eV、履歴 8.7785, 7.7956, 8.0739, 7.9432, 7.7732） / 回し直し(run3): CONVERGED 6 反復、ギャップ 7.878928 eV（LDA 4.544462）、5 月との差 +0.11 eV	NOTCONV	7.773	TF32; 本計算 TOML(ctrlG+PB) ~/bin2 → 追加の計算 TOML(05-11) ×1; χ0 T=0, Σ GaussSmear esmr=0.003 Ry	run3	CONVERGED	6	7.878928	4.544462	fp32; 989a18637 (2026-09-29); POSCAR→vasp2ctrl→ctrlgenToml --ssig=0.8 (2026-09 の雛形); t_tetrakbt=300 t_sigmaw=300; LDA から; 最大 10 反復 (NaCoO2 20、金属 15)	0.000	2.54	31.9	Yttrium chloride
mp-27529	P2I6	8	GOOD		GOOD	3.804	TF32; 本計算 TOML(ctrlG+PB) ~/bin2 → 追加の計算 TOML(05-11) ×1; χ0 T=0, Σ GaussSmear esmr=0.003 Ry							0.000	3.91	43.8	Phosphorus iodide
mp-27666	Ir2Cl6	8	GOOD		GOOD	3.962	TF32; 本計算 legacy(ctrl+GWinput) ~/bin2 → 追加の計算 TOML(05-11) ×1; χ0 T=0, Σ GaussSmear esmr=0.003 Ry							0.001	5.33	23.2	Iridium chloride - alpha
mp-27725	Au4I4	8	GOOD		GOOD	3.074	TF32; 本計算 legacy(ctrl+GWinput) ~/bin2 → 追加の計算 TOML(05-11) ×1; χ0 T=0, Σ GaussSmear esmr=0.003 Ry							0.000	7.79	34.5	Gold iodide
mp-27729	I2Cl6	8	GOOD		GOOD	4.348	TF32; 本計算 legacy(ctrl+GWinput) ~/bin2 → 追加の計算 TOML(05-11) ×1; χ0 T=0, Σ GaussSmear esmr=0.003 Ry							0.000	2.48	39.1	Diiodine(III) chloride
mp-27770	Rh2Cl6	8	GOOD		GOOD	3.388	TF32; 本計算 legacy(ctrl+GWinput) ~/bin2 → 追加の計算 TOML(05-11) ×1; χ0 T=0, Σ GaussSmear esmr=0.003 Ry							0.000	3.79	22.9	Rhodium(III) chloride
mp-27801	Tl2Ag2I4	8	GOOD		GOOD	2.736	TF32; 本計算 legacy(ctrl+GWinput) ~/bin2 → 追加の計算 TOML(05-11) ×1; χ0 T=0, Σ GaussSmear esmr=0.003 Ry							0.033	6.60	35.6	Silver thallium iodide
mp-27871	Rh2Br6	8	GOOD		GOOD	2.611	TF32; 本計算 legacy(ctrl+GWinput) ~/bin2 → 追加の計算 TOML(05-11) ×1; χ0 T=0, Σ GaussSmear esmr=0.003 Ry							0.000	5.24	27.1	Rhodium(III) bromide
mp-27999	K5CuSb2	8	SUSPECT_GOOD	5 月は GOOD だが 2 反復目以降に 0.5 eV を超えて振動（履歴 1.6216, 2.5315, 1.9968, 1.9250, 1.8993） / 回し直し(run3): CONVERGED 5 反復、ギャップ 1.646245 eV（LDA 0.635402）、5 月との差 -0.25 eV	GOOD	1.899	TF32; 本計算 legacy(ctrl+GWinput) ~/bin2 → 追加の計算 TOML(05-11) ×1; χ0 T=0, Σ GaussSmear esmr=0.003 Ry	run3	CONVERGED	5	1.646245	0.635402	fp32; 989a18637 (2026-09-29); POSCAR→vasp2ctrl→ctrlgenToml --ssig=0.8 (2026-09 の雛形); t_tetrakbt=300 t_sigmaw=300; LDA から; 最大 10 反復 (NaCoO2 20、金属 15)	0.001	2.91	35.9	Potassium copper antimony (5/1/2)
mp-28099	S4Br4	8	GOOD		GOOD	4.097	TF32; 本計算 legacy(ctrl+GWinput) ~/bin2 → 追加の計算 TOML(05-11) ×1; χ0 T=0, Σ GaussSmear esmr=0.003 Ry							0.000	2.94	31.6	Disulfur dibromide
mp-28237	Rb2Li2Br4	8	GOOD		GOOD	6.942	TF32; 本計算 legacy(ctrl+GWinput) ~/bin2 → 追加の計算 TOML(05-11) ×1; χ0 T=0, Σ GaussSmear esmr=0.003 Ry							0.005	3.31	31.6	Rubidium lithium bromide
mp-28243	Rb2Li2Cl4	8	GOOD		GOOD	8.025	TF32; 本計算 legacy(ctrl+GWinput) ~/bin2 → 追加の計算 TOML(05-11) ×1; χ0 T=0, Σ GaussSmear esmr=0.003 Ry							0.005	2.54	26.7	Rubidium lithium chloride
mp-28553	Ca4I2N2	8	GOOD		GOOD	3.545	TF32; 本計算 legacy(ctrl+GWinput) ~/bin2 → 追加の計算 TOML(05-11) ×1; χ0 T=0, Σ GaussSmear esmr=0.003 Ry							0.030	4.01	22.9	Calcium nitride iodide
mp-28994	K2Li4As2	8	GOOD		GOOD	1.813	TF32; 本計算 legacy(ctrl+GWinput) ~/bin2 → 追加の計算 TOML(05-11) ×1; χ0 T=0, Σ GaussSmear esmr=0.003 Ry							0.000	2.29	23.2	Potassium dilithium arsenide
mp-29025	Li5Br2N	8	FAILED_MAY	5 月の失敗: NOGAP_GAP_COLLAPSED(LDA gap 2.45 eV) / 回し直し(run1): CONVERGED 5 反復、ギャップ 4.487604 eV（LDA 2.447423）	FAILED		TF32; 本計算 TOML(ctrlG+PB) ~/bin2 → 追加の計算 TOML(05-11) ×1; χ0 T=0, Σ GaussSmear esmr=0.003 Ry	run1	CONVERGED	5	4.487604	2.447423	fp32; 989a18637 (2026-09-29); POSCAR→vasp2ctrl→ctrlgenToml --ssig=0.8 (2026-09 の雛形); t_tetrakbt=300 t_sigmaw=300; LDA から; 最大 10 反復 (NaCoO2 20、金属 15)	0.119	2.54	17.0	Lithium nitrid dibromide
mp-29027	Ta2I4O2	8	FAILED_MAY	5 月の失敗: NOGAP_GAP_COLLAPSED(LDA gap 0.74 eV, previous QSGW iteration 0.99 eV) / 回し直し(run1): CONVERGED 5 反復、ギャップ 1.876540 eV（LDA 0.740647）	FAILED		TF32; 本計算 TOML(ctrlG+PB) ~/bin2 → 追加の計算 TOML(05-11) ×1; χ0 T=0, Σ GaussSmear esmr=0.003 Ry	run1	CONVERGED	5	1.876540	0.740647	fp32; 989a18637 (2026-09-29); POSCAR→vasp2ctrl→ctrlgenToml --ssig=0.8 (2026-09 の雛形); t_tetrakbt=300 t_sigmaw=300; LDA から; 最大 10 反復 (NaCoO2 20、金属 15)	0.169	6.68	28.0	Tantalum oxide diiodide
mp-29047	Tl3VO4	8	FAILED_MAY	5 月の失敗: PROD_NaN_lqpe / 回し直し(run1): CONVERGED 5 反復、ギャップ 3.588622 eV（LDA 2.331384）	FAILED		TF32; 本計算 legacy(ctrl+GWinput) ~/bin2_dev; χ0 T=0, Σ GaussSmear esmr=0.003 Ry	run1	CONVERGED	5	3.588622	2.331384	fp32; 989a18637 (2026-09-29); POSCAR→vasp2ctrl→ctrlgenToml --ssig=0.8 (2026-09 の雛形); t_tetrakbt=300 t_sigmaw=300; LDA から; 最大 10 反復 (NaCoO2 20、金属 15)	0.000	7.71	19.6	Trithallium vanadate - beta
mp-29151	Li5NCl2	8	FAILED_MAY	5 月の失敗: NOGAP_GAP_COLLAPSED(LDA gap 2.06 eV, previous QSGW iteration 3.69 eV) / 回し直し(run1): CONVERGED 5 反復、ギャップ 4.079634 eV（LDA 2.059977）	FAILED		TF32; 本計算 legacy(ctrl+GWinput) ~/bin2_dev → 追加の計算 TOML(05-11) ×1; χ0 T=0, Σ GaussSmear esmr=0.003 Ry	run1	CONVERGED	5	4.079634	2.059977	fp32; 989a18637 (2026-09-29); POSCAR→vasp2ctrl→ctrlgenToml --ssig=0.8 (2026-09 の雛形); t_tetrakbt=300 t_sigmaw=300; LDA から; 最大 10 反復 (NaCoO2 20、金属 15)	0.047	1.85	13.4	Pentalithium nitride dichloride - LT
mp-2918	Y2Cu2O4	8	NOTCONV_MAY	5 月は 10 反復で収束せず（最後の 3 反復の幅 0.3048 eV、履歴 4.5307, 3.1156, 3.8782, 4.0487, 3.7439） / 回し直し(run3): CONVERGED 6 反復、ギャップ 4.463069 eV（LDA 2.727645）、5 月との差 +0.72 eV	NOTCONV	3.744	TF32; 本計算 legacy(ctrl+GWinput) ~/bin2_dev → 追加の計算 TOML(05-11) ×1; χ0 T=0, Σ GaussSmear esmr=0.003 Ry	run3	CONVERGED	6	4.463069	2.727645	fp32; 989a18637 (2026-09-29); POSCAR→vasp2ctrl→ctrlgenToml --ssig=0.8 (2026-09 の雛形); t_tetrakbt=300 t_sigmaw=300; LDA から; 最大 10 反復 (NaCoO2 20、金属 15)	0.000	5.00	15.3	Copper(I) yttrium oxide
mp-29504	Cl4F4	8	NOTCONV_MAY	5 月は 10 反復で収束せず（最後の 3 反復の幅 0.2194 eV、履歴 5.6740, 6.1135, 5.5236, 5.7430, 5.7043） / 回し直し(run3): CONVERGED 6 反復、ギャップ 5.947637 eV（LDA 1.846601）、5 月との差 +0.24 eV	NOTCONV	5.704	TF32; 本計算 TOML(ctrlG+PB) ~/bin2 → 追加の計算 TOML(05-11) ×1; χ0 T=0, Σ GaussSmear esmr=0.003 Ry	run3	CONVERGED	6	5.947637	1.846601	fp32; 989a18637 (2026-09-29); POSCAR→vasp2ctrl→ctrlgenToml --ssig=0.8 (2026-09 の雛形); t_tetrakbt=300 t_sigmaw=300; LDA から; 最大 10 反復 (NaCoO2 20、金属 15)	0.061	2.43	18.6	Chlorine fluoride
mp-29506	Cs2Bi2O4	8	GOOD		GOOD	4.126	TF32; 本計算 TOML(ctrlG+PB) ~/bin2 → 追加の計算 TOML(05-11) ×1; χ0 T=0, Σ GaussSmear esmr=0.003 Ry							0.000	6.35	24.4	Cesium bismutate(III)
mp-29521	Rb2Bi2O4	8	GOOD		GOOD	3.929	TF32; 本計算 TOML(ctrlG+PB) ~/bin2 → 追加の計算 TOML(05-11) ×1; χ0 T=0, Σ GaussSmear esmr=0.003 Ry							0.000	6.38	21.2	Rubidium bismuthate
mp-2961	Mg2Si2P4	8	GOOD		GOOD	2.128	TF32; 本計算 legacy(ctrl+GWinput) ~/bin2_dev → 追加の計算 TOML(05-11) ×1; χ0 T=0, Σ GaussSmear esmr=0.003 Ry							0.000	2.28	20.8	Magnesium silicon phosphide (1/1/2); Magnesium silicon diphosphide; Magnesium silicon phosphide
mp-29764	Rb2H2F4	8	FAILED_MAY	5 月の失敗: NOGAP_GAP_COLLAPSED(LDA gap 6.58 eV) / 回し直し(run1): CONVERGED 6 反復、ギャップ 11.314168 eV（LDA 6.586519）	FAILED		TF32; 本計算 TOML(ctrlG+PB) ~/bin2 → 追加の計算 TOML(05-11) ×1; χ0 T=0, Σ GaussSmear esmr=0.003 Ry	run1	CONVERGED	6	11.314168	6.586519	fp32; 989a18637 (2026-09-29); POSCAR→vasp2ctrl→ctrlgenToml --ssig=0.8 (2026-09 の雛形); t_tetrakbt=300 t_sigmaw=300; LDA から; 最大 10 反復 (NaCoO2 20、金属 15)	0.000	3.38	15.3	Rubidium hydrogenfluoride - alpha
mp-30200	Bi2CO5	8	GOOD		GOOD	2.592	TF32; 本計算 TOML(ctrlG+PB) ~/bin2 → 追加の計算 TOML(05-11) ×1; χ0 T=0, Σ GaussSmear esmr=0.003 Ry							0.116	7.44	14.2	Dibismuth carbonate dioxide; Bismutite
mp-3078	Cd2Si2As4	8	FAILED_MAY	5 月の失敗: PROD_NaN_lsc / 回し直し(run1): CONVERGED 5 反復、ギャップ 1.378474 eV（LDA 0.392957）	FAILED		TF32; 本計算 TOML(ctrlG+PB) ~/bin2; χ0 T=0, Σ GaussSmear esmr=0.003 Ry	run1	CONVERGED	5	1.378474	0.392957	fp32; 989a18637 (2026-09-29); POSCAR→vasp2ctrl→ctrlgenToml --ssig=0.8 (2026-09 の雛形); t_tetrakbt=300 t_sigmaw=300; LDA から; 最大 10 反復 (NaCoO2 20、金属 15)	0.000	5.02	24.0	Cadmium silicon arsenide (1/1/2); Cadmium silicon arsenide
mp-30952	Ga2Cl6	8	NOTCONV_MAY	5 月は 10 反復で収束せず（最後の 3 反復の幅  eV、履歴 7.7362, 7.6817） / 回し直し(run3): CONVERGED 6 反復、ギャップ 7.352972 eV（LDA 3.880771）、5 月との差 -0.33 eV	NOTCONV	7.682	TF32; 本計算 legacy(ctrl+GWinput) ~/bin2_dev → 追加の計算 TOML(05-11) ×1; χ0 T=0, Σ GaussSmear esmr=0.003 Ry	run3	CONVERGED	6	7.352972	3.880771	fp32; 989a18637 (2026-09-29); POSCAR→vasp2ctrl→ctrlgenToml --ssig=0.8 (2026-09 の雛形); t_tetrakbt=300 t_sigmaw=300; LDA から; 最大 10 反復 (NaCoO2 20、金属 15)	0.000	2.38	30.7	Gallium chloride
mp-30965	Na2Cl2O4	8	GOOD		GOOD	6.403	TF32; 本計算 legacy(ctrl+GWinput) ~/bin2_dev → 追加の計算 TOML(05-11) ×1; χ0 T=0, Σ GaussSmear esmr=0.003 Ry							0.286	2.35	16.0	Sodium chlorate(III)
mp-3098	Al2Cu2O4	8	NOTCONV_MAY	5 月は 10 反復で収束せず（最後の 3 反復の幅  eV、履歴 3.8069） / 回し直し(run3): CONVERGED 6 反復、ギャップ 3.862598 eV（LDA 2.041132）、5 月との差 +0.06 eV	NOTCONV	3.807	TF32; 本計算 legacy(ctrl+GWinput) ~/bin2_dev → 追加の計算 TOML(05-11) ×1; χ0 T=0, Σ GaussSmear esmr=0.003 Ry	run3	CONVERGED	6	3.862598	2.041132	fp32; 989a18637 (2026-09-29); POSCAR→vasp2ctrl→ctrlgenToml --ssig=0.8 (2026-09 の雛形); t_tetrakbt=300 t_sigmaw=300; LDA から; 最大 10 反復 (NaCoO2 20、金属 15)	0.000	5.15	9.9	Copper(I) aluminium oxide - 2H; Copper(I) aluminium oxide; Delafossite-(Al) 2H; Delafossite, aluminian
mp-30988	K2Bi2O4	8	GOOD		GOOD	3.210	TF32; 本計算 legacy(ctrl+GWinput) ~/bin2_dev → 追加の計算 TOML(05-11) ×1; χ0 T=0, Σ GaussSmear esmr=0.003 Ry							0.000	6.12	19.0	Potassium bismuthate; Potassium dioxobismuthate(III)
mp-3104	Ba2Zr2N4	8	NOTCONV_MAY	5 月は 10 反復で収束せず（最後の 3 反復の幅  eV、履歴 2.4338, 2.4486） / 回し直し(run3): CONVERGED 5 反復、ギャップ 2.465224 eV（LDA 0.940354）、5 月との差 +0.02 eV	NOTCONV	2.449	TF32; 本計算 legacy(ctrl+GWinput) ~/bin2_dev → 追加の計算 TOML(05-11) ×1; χ0 T=0, Σ GaussSmear esmr=0.003 Ry	run3	CONVERGED	5	2.465224	0.940354	fp32; 989a18637 (2026-09-29); POSCAR→vasp2ctrl→ctrlgenToml --ssig=0.8 (2026-09 の雛形); t_tetrakbt=300 t_sigmaw=300; LDA から; 最大 10 反復 (NaCoO2 20、金属 15)	0.000	5.78	18.4	Barium dinitridozirconate
mp-31368	K2Cl2O4	8	GOOD		GOOD	5.956	TF32; 本計算 legacy(ctrl+GWinput) ~/bin2_dev → 追加の計算 TOML(05-11) ×1; χ0 T=0, Σ GaussSmear esmr=0.003 Ry							0.338	2.28	19.4	Potassium chlorate(III)
mp-322	Tl4S4	8	GOOD		GOOD	1.430	TF32; 本計算 legacy(ctrl+GWinput) ~/bin2_dev → 追加の計算 TOML(05-11) ×1; χ0 T=0, Σ GaussSmear esmr=0.003 Ry							0.051	7.35	26.7	Thallium thallium(III) sulfide - I; Thallium sulfide (1/1) - alpha; Thallium thallium(III) sulfide; Thallium sulfide (1/
mp-32780	Au4Cl4	8	GOOD		GOOD	3.239	TF32; 本計算 legacy(ctrl+GWinput) ~/bin2_dev → 追加の計算 TOML(05-11) ×1; χ0 T=0, Σ GaussSmear esmr=0.003 Ry							0.000	7.50	25.7	Ordering of Disordered Crystal; Gold chloride
mp-34903	Mg2Ge2P4	8	GOOD		GOOD	2.193	TF32; 本計算 legacy(ctrl+GWinput) ~/bin2_dev → 追加の計算 TOML(05-11) ×1; χ0 T=0, Σ GaussSmear esmr=0.003 Ry							0.014	2.99	22.0	Ordering of Disordered Crystal; Magnesium germanium diphosphide
mp-3524	Li2P2N4	8	GOOD		GOOD	5.514	TF32; 本計算 legacy(ctrl+GWinput) ~/bin2_dev → 追加の計算 TOML(05-11) ×1; χ0 T=0, Σ GaussSmear esmr=0.003 Ry							0.000	2.97	9.2	Lithium phosphorus(V) nitride; Lithium tecto-di-mue-nitridophosphate
mp-3595	Zn2Si2As4	8	NOTCONV_MAY	5 月は 10 反復で収束せず（最後の 3 反復の幅  eV、履歴 1.7188, 1.7334） / 回し直し(run3): CONVERGED 4 反復、ギャップ 1.713093 eV（LDA 0.951475）、5 月との差 -0.02 eV	NOTCONV	1.733	TF32; 本計算 legacy(ctrl+GWinput) ~/bin2_dev → 追加の計算 TOML(05-11) ×1; χ0 T=0, Σ GaussSmear esmr=0.003 Ry	run3	CONVERGED	4	1.713093	0.951475	fp32; 989a18637 (2026-09-29); POSCAR→vasp2ctrl→ctrlgenToml --ssig=0.8 (2026-09 の雛形); t_tetrakbt=300 t_sigmaw=300; LDA から; 最大 10 反復 (NaCoO2 20、金属 15)	0.000	4.70	21.5	Silicon zinc arsenide; Zinc silicon diarsenide; Zinc silicon arsenic (1/1/2); Zinc silicon arsenide
mp-3642	Sc2Cu2O4	8	GOOD		GOOD	4.169	TF32; 本計算 legacy(ctrl+GWinput) ~/bin2_dev → 追加の計算 TOML(05-11) ×1; χ0 T=0, Σ GaussSmear esmr=0.003 Ry							0.000	4.56	12.8	Delafossite-(Sc) 2H; Copper(I) scandium oxide; Copper(I) scandium dioxide
mp-3668	Cd2Ge2P4	8	GOOD		GOOD	1.572	TF32; 本計算 legacy(ctrl+GWinput) ~/bin2_dev → 追加の計算 TOML(05-11) ×1; χ0 T=0, Σ GaussSmear esmr=0.003 Ry							0.000	4.56	22.5	Cadmium germanium diphosphide; Cadmium germanium phosphide
mp-3744	Na2Nb2O4	8	GOOD		GOOD	2.710	TF32; 本計算 legacy(ctrl+GWinput) ~/bin2_dev → 追加の計算 TOML(05-11) ×1; χ0 T=0, Σ GaussSmear esmr=0.003 Ry							0.000	5.56	11.0	Sodium dioxoniobate(III); Sodium niobate(III)
mp-3762	VCu3S4	8	GOOD		GOOD	1.959	TF32; 本計算 legacy(ctrl+GWinput) ~/bin2_dev → 追加の計算 TOML(05-11) ×1; χ0 T=0, Σ GaussSmear esmr=0.003 Ry							0.000	3.97	19.4	Tricopper(I) tetrathiovanadate; Tricopper tetrathiovanadate; Copper vanadium sulfide (3/1/4); Copper(I) tetrathiovanadat
mp-3785	Tl2Ga2Te4	8	GOOD		GOOD	1.085	TF32; 本計算 legacy(ctrl+GWinput) ~/bin2_dev → 追加の計算 TOML(05-11) ×1; χ0 T=0, Σ GaussSmear esmr=0.003 Ry							0.000	6.92	31.8	Thallium gallium telluride; Gallium thallium telluride (1/2/1); Thallium gallium telluride (0.5/0.5/1); Gallium thallium
mp-3829	Cd2Sn2As4	8	SUSPECT_GOOD	5 月は GOOD だが QSGW80 のギャップが LDA より小さい（履歴 0.0595, 0.0628, 0.0628） / 回し直し(run3): CONVERGED 4 反復、ギャップ 0.051696 eV（LDA 0.111058）、5 月との差 -0.01 eV	GOOD	0.063	TF32; 本計算 legacy(ctrl+GWinput) ~/bin2_dev → 追加の計算 TOML(05-11) ×1; χ0 T=0, Σ GaussSmear esmr=0.003 Ry	run3	CONVERGED	4	0.051696	0.111058	fp32; 989a18637 (2026-09-29); POSCAR→vasp2ctrl→ctrlgenToml --ssig=0.8 (2026-09 の雛形); t_tetrakbt=300 t_sigmaw=300; LDA から; 最大 10 反復 (NaCoO2 20、金属 15)	0.000	5.56	28.4	Cadmium tin(IV) arsenide - LT; Cadmium tin arsenic (1/1/2); Cadmium tin(IV) arsenide
mp-3839	Ga2Cu2Te4	8	GOOD		GOOD	1.219	TF32; 本計算 legacy(ctrl+GWinput) ~/bin2_dev → 追加の計算 TOML(05-11) ×1; χ0 T=0, Σ GaussSmear esmr=0.003 Ry							0.000	5.91	27.3	Copper(I) gallium telluride
mp-3924	Li2Nb2O4	8	DRIFT_GOOD	5 月は収束の基準を満たしたが、最後の 3 反復が同じ向きに +0.09 eV 動いていた（履歴 2.8267, 2.7048, 2.7822, 2.7972）。回し直していない	GOOD	2.797	TF32; 本計算 legacy(ctrl+GWinput) ~/bin2_dev → 追加の計算 TOML(05-11) ×1; χ0 T=0, Σ GaussSmear esmr=0.003 Ry							0.000	5.67	9.7	Lithium niobate(III); Lithium dioxoniobate(III); Lithium niobium oxide (1/1/2); Lithium niobium(III) oxide
mp-3980	LiSbF6	8	NOTCONV_MAY	5 月は 10 反復で収束せず（最後の 3 反復の幅 0.4743 eV、履歴 10.9972, 9.5229, 9.7837, 9.7319, 10.2062） / 回し直し(run3): CONVERGED 6 反復、ギャップ 10.161204 eV（LDA 5.111021）、5 月との差 -0.04 eV	NOTCONV	10.206	TF32; 本計算 legacy(ctrl+GWinput) ~/bin2_dev → 追加の計算 TOML(05-11) ×1; χ0 T=0, Σ GaussSmear esmr=0.003 Ry	run3	CONVERGED	6	10.161204	5.111021	fp32; 989a18637 (2026-09-29); POSCAR→vasp2ctrl→ctrlgenToml --ssig=0.8 (2026-09 の雛形); t_tetrakbt=300 t_sigmaw=300; LDA から; 最大 10 反復 (NaCoO2 20、金属 15)	0.000	4.11	12.3	Lithium hexafluoroantimonate
mp-3982	K2Cu2O4	8	NOTCONV_MAY	5 月は 10 反復で収束せず（最後の 3 反復の幅 0.8992 eV、履歴 4.5659, 5.3839, 4.7090, 4.4027, 3.8098） / 回し直し(run3): CONVERGED 6 反復、ギャップ 3.483811 eV（LDA 0.730233）、5 月との差 -0.33 eV	NOTCONV	3.810	TF32; 本計算 legacy(ctrl+GWinput) ~/bin2_dev → 追加の計算 TOML(05-11) ×1; χ0 T=0, Σ GaussSmear esmr=0.003 Ry	run3	CONVERGED	6	3.483811	0.730233	fp32; 989a18637 (2026-09-29); POSCAR→vasp2ctrl→ctrlgenToml --ssig=0.8 (2026-09 の雛形); t_tetrakbt=300 t_sigmaw=300; LDA から; 最大 10 反復 (NaCoO2 20、金属 15)	0.000	3.24	17.2	Potassium copper oxide; Potassium cuprate(III); Potassium copper(III) oxide
mp-4008	Zn2Ge2As4	8	GOOD		GOOD	1.028	TF32; 本計算 legacy(ctrl+GWinput) ~/bin2_dev → 追加の計算 TOML(05-11) ×1; χ0 T=0, Σ GaussSmear esmr=0.003 Ry							0.000	5.30	22.5	Germanium zinc arsenide; Zinc germanium arsenide
mp-4009	Ba2Pd2S4	8	GOOD		GOOD	1.450	TF32; 本計算 legacy(ctrl+GWinput) ~/bin2_dev → 追加の計算 TOML(05-11) ×1; χ0 T=0, Σ GaussSmear esmr=0.003 Ry							0.000	4.90	26.1	Barium palladium disulfide; Barium palladium sulfide
mp-4043	NbCu3Se4	8	GOOD		GOOD	2.293	TF32; 本計算 legacy(ctrl+GWinput) ~/bin2_dev → 追加の計算 TOML(05-11) ×1; χ0 T=0, Σ GaussSmear esmr=0.003 Ry							0.000	5.47	22.7	Tricopper(I) niobium selenide; Tricopper(I) tetraselenoniobate(V); Copper niobium selenide (3/1/4)
mp-4081	TaCu3Se4	8	GOOD		GOOD	2.630	TF32; 本計算 legacy(ctrl+GWinput) ~/bin2_dev → 追加の計算 TOML(05-11) ×1; χ0 T=0, Σ GaussSmear esmr=0.003 Ry							0.000	6.27	22.8	Tricopper(I) tetraselenotantalate(V); Tricopper(I) tantalum selenide; Tricopper(I) tetraselenotantalate
mp-4175	Zn2Sn2P4	8	NOTCONV_MAY	5 月は 10 反復で収束せず（最後の 3 反復の幅  eV、履歴 1.5747, 1.5791） / 回し直し(run3): CONVERGED 5 反復、ギャップ 1.577509 eV（LDA 0.656902）、5 月との差 -0.00 eV	NOTCONV	1.579	TF32; 本計算 legacy(ctrl+GWinput) ~/bin2_dev → 追加の計算 TOML(05-11) ×1; χ0 T=0, Σ GaussSmear esmr=0.003 Ry	run3	CONVERGED	5	1.577509	0.656902	fp32; 989a18637 (2026-09-29); POSCAR→vasp2ctrl→ctrlgenToml --ssig=0.8 (2026-09 の雛形); t_tetrakbt=300 t_sigmaw=300; LDA から; 最大 10 反復 (NaCoO2 20、金属 15)	0.000	4.53	22.6	Zinc tin(IV) phosphide; Tin zinc phosphide (1/1/2); Zinc tin diphosphide
mp-4266	KAsF6	8	GOOD		GOOD	10.324	TF32; 本計算 legacy(ctrl+GWinput) ~/bin2_dev → 追加の計算 TOML(05-11) ×1; χ0 T=0, Σ GaussSmear esmr=0.003 Ry							0.000	3.44	13.8	Potassium hexafluoroarsenate(V)
mp-4524	Zn2Ge2P4	8	GOOD		GOOD	1.963	TF32; 本計算 legacy(ctrl+GWinput) ~/bin2_dev → 追加の計算 TOML(05-11) ×1; χ0 T=0, Σ GaussSmear esmr=0.003 Ry							0.000	4.18	19.9	Zinv germanium phosphide; Zinc germanium phosphide (1/1/2); Zinc germanium phosphide; Germanium zinc phosphide (1/1/2); 
mp-4586	Li2Al2Te4	8	GOOD		GOOD	3.485	TF32; 本計算 legacy(ctrl+GWinput) ~/bin2_dev → 追加の計算 TOML(05-11) ×1; χ0 T=0, Σ GaussSmear esmr=0.003 Ry							0.000	3.99	30.1	Lithium aluminium telluride; Aluminium lithium telluride
mp-4608	KPF6	8	GOOD		GOOD	12.094	TF32; 本計算 legacy(ctrl+GWinput) ~/bin2_dev → 追加の計算 TOML(05-11) ×1; χ0 T=0, Σ GaussSmear esmr=0.003 Ry							0.000	2.99	12.8	Potassium hexafluorophosphate(V) - II, HP; High pressure experimental phase
mp-4666	Cd2Si2P4	8	GOOD		GOOD	1.982	TF32; 本計算 legacy(ctrl+GWinput) ~/bin2_dev → 追加の計算 TOML(05-11) ×1; χ0 T=0, Σ GaussSmear esmr=0.003 Ry							0.000	3.96	21.2	Cadmium silicon diphosphide; Cadmium silicon phosphide; Cadmium silicon phosphide (1/1/2)
mp-468	Al2F6	8	FAILED_MAY	5 月の失敗: NOGAP_GAP_COLLAPSED(LDA gap 7.89 eV, previous QSGW iteration 12.87 eV) / 回し直し(run1): CONVERGED 6 反復、ギャップ 13.197701 eV（LDA 7.890584）	FAILED		TF32; 本計算 legacy(ctrl+GWinput) ~/bin2_dev → 追加の計算 TOML(05-11) ×1; χ0 T=0, Σ GaussSmear esmr=0.003 Ry	run1	CONVERGED	6	13.197701	7.890584	fp32; 989a18637 (2026-09-29); POSCAR→vasp2ctrl→ctrlgenToml --ssig=0.8 (2026-09 の雛形); t_tetrakbt=300 t_sigmaw=300; LDA から; 最大 10 反復 (NaCoO2 20、金属 15)	0.000	3.26	10.7	Aluminium fluoride; Aluminium fluoride - alpha; Aluminium trifluoride
mp-4763	Zn2Si2P4	8	GOOD		GOOD	1.981	TF32; 本計算 legacy(ctrl+GWinput) ~/bin2_dev → 追加の計算 TOML(05-11) ×1; χ0 T=0, Σ GaussSmear esmr=0.003 Ry							0.000	3.42	18.9	Zinc silicon phosphide (1/1/2); Zinc silicon diphosphide; Silicon zinc phosphide (1/1/2); Zinc silicon phosphide; Silico
mp-4782	CaSnF6	8	NOTCONV_MAY	5 月は 10 反復で収束せず（最後の 3 反復の幅 0.1657 eV、履歴 20.3634, 8.6418, 9.8452, 10.0109, 9.9299） / 回し直し(run3): CONVERGED 6 反復、ギャップ 10.613974 eV（LDA 5.496651）、5 月との差 +0.68 eV	NOTCONV	9.930	TF32; 本計算 legacy(ctrl+GWinput) ~/bin2_dev → 追加の計算 TOML(05-11) ×1; χ0 T=0, Σ GaussSmear esmr=0.003 Ry	run3	CONVERGED	6	10.613974	5.496651	fp32; 989a18637 (2026-09-29); POSCAR→vasp2ctrl→ctrlgenToml --ssig=0.8 (2026-09 の雛形); t_tetrakbt=300 t_sigmaw=300; LDA から; 最大 10 反復 (NaCoO2 20、金属 15)	0.000	3.19	17.8	Calcium hexafluorostannate - LT
mp-4840	Ga2Cu2Se4	8	GOOD		GOOD	1.231	TF32; 本計算 legacy(ctrl+GWinput) ~/bin2_dev → 追加の計算 TOML(05-11) ×1; χ0 T=0, Σ GaussSmear esmr=0.003 Ry							0.000	5.55	21.8	Copper(I) gallium selenide (1/1/2); Copper gallium selenide (1/1/2); Copper(I) gallium selenide
mp-4899	Ga2Ag2Te4	8	GOOD		GOOD	1.238	TF32; 本計算 legacy(ctrl+GWinput) ~/bin2_dev → 追加の計算 TOML(05-11) ×1; χ0 T=0, Σ GaussSmear esmr=0.003 Ry							0.000	5.86	30.6	Silver gallium telluride
mp-4953	Cd2Ge2As4	8	GOOD		GOOD	0.380	TF32; 本計算 legacy(ctrl+GWinput) ~/bin2_dev → 追加の計算 TOML(05-11) ×1; χ0 T=0, Σ GaussSmear esmr=0.003 Ry							0.000	5.49	25.3	Cadmium germanium arsenide - 0.89wt% Mn-doped; Cadmium germanium arsenide (1/1/2); Cadmium germanium arsenide; Cadmium g
mp-4979	Al2Cu2S4	8	GOOD		GOOD	3.090	TF32; 本計算 legacy(ctrl+GWinput) ~/bin2_dev → 追加の計算 TOML(05-11) ×1; χ0 T=0, Σ GaussSmear esmr=0.003 Ry							0.000	3.51	18.3	Copper(I) aluminium sulfide; Copper(I) aluminum sulfide; Aluminium copper(I) sulfide; Copper aluminium disulfide
mp-5038	Cs2Ga2S4	8	GOOD		GOOD	4.977	TF32; 本計算 legacy(ctrl+GWinput) ~/bin2_dev → 追加の計算 TOML(05-11) ×1; χ0 T=0, Σ GaussSmear esmr=0.003 Ry							0.000	3.52	31.5	Caesium gallium sulfide (1/1/2); Cesium gallium sulfide
mp-504535	In2H2O4	8	GOOD		GOOD	3.888	TF32; 本計算 legacy(ctrl+GWinput) ~/bin2_dev → 追加の計算 TOML(05-11) ×1; χ0 T=0, Σ GaussSmear esmr=0.003 Ry							0.003	6.12	10.0	Indium oxide hydroxide; Indium oxide hydroxide - (CaCl2)-type
mp-5048	Li2Ga2Te4	8	GOOD		GOOD	2.810	TF32; 本計算 legacy(ctrl+GWinput) ~/bin2_dev → 追加の計算 TOML(05-11) ×1; χ0 T=0, Σ GaussSmear esmr=0.003 Ry							0.000	4.60	30.0	Lithium gallium telluride
mp-505366	Au4Br4	8	GOOD		GOOD	3.096	TF32; 本計算 legacy(ctrl+GWinput) ~/bin2_dev → 追加の計算 TOML(05-11) ×1; χ0 T=0, Σ GaussSmear esmr=0.003 Ry							0.000	7.83	29.4	Gold bromide
mp-510273	Cs2Sb2O4	8	NOTCONV_MAY	5 月は 10 反復で収束せず（最後の 3 反復の幅 0.1260 eV、履歴 4.4465, 4.4980, 4.3872, 4.3720） / 回し直し(run3): CONVERGED 5 反復、ギャップ 4.311969 eV（LDA 2.346599）、5 月との差 -0.06 eV	NOTCONV	4.372	TF32; 本計算 legacy(ctrl+GWinput) ~/bin2_dev → 追加の計算 TOML(05-11) ×1; χ0 T=0, Σ GaussSmear esmr=0.003 Ry	run3	CONVERGED	5	4.311969	2.346599	fp32; 989a18637 (2026-09-29); POSCAR→vasp2ctrl→ctrlgenToml --ssig=0.8 (2026-09 の雛形); t_tetrakbt=300 t_sigmaw=300; LDA から; 最大 10 反復 (NaCoO2 20、金属 15)	0.000	4.97	24.0	Cesium antimonate(III)
mp-510421	Cr2O6	8	NOTCONV_MAY	5 月は 10 反復で収束せず（最後の 3 反復の幅 0.1388 eV、履歴 4.5760, 4.1494, 4.0739, 4.0106） / 回し直し(run3): CONVERGED 6 反復、ギャップ 4.237647 eV（LDA 1.907167）、5 月との差 +0.23 eV	NOTCONV	4.011	TF32; 本計算 legacy(ctrl+GWinput) ~/bin2_dev → 追加の計算 TOML(05-11) ×1; χ0 T=0, Σ GaussSmear esmr=0.003 Ry	run3	CONVERGED	6	4.237647	1.907167	fp32; 989a18637 (2026-09-29); POSCAR→vasp2ctrl→ctrlgenToml --ssig=0.8 (2026-09 の雛形); t_tetrakbt=300 t_sigmaw=300; LDA から; 最大 10 反復 (NaCoO2 20、金属 15)	0.046	2.89	14.4	Chromium(VI) oxide
mp-510557	Cs2N6	8	FAILED_MAY	5 月の失敗: PROD_NaN_lqpe / 回し直し(run1): CONVERGED 5 反復、ギャップ 6.648357 eV（LDA 4.079606）	FAILED		TF32; 本計算 legacy(ctrl+GWinput) ~/bin2_dev; χ0 T=0, Σ GaussSmear esmr=0.003 Ry	run1	CONVERGED	5	6.648357	4.079606	fp32; 989a18637 (2026-09-29); POSCAR→vasp2ctrl→ctrlgenToml --ssig=0.8 (2026-09 の雛形); t_tetrakbt=300 t_sigmaw=300; LDA から; 最大 10 反復 (NaCoO2 20、金属 15)	0.000	3.33	21.8	Cesium azide - alpha; Cesium nitride (1/3); Cesium azide
mp-510657	VCu3O4	8	GOOD		GOOD	0.717	TF32; 本計算 legacy(ctrl+GWinput) ~/bin2_dev → 追加の計算 TOML(05-11) ×1; χ0 T=0, Σ GaussSmear esmr=0.003 Ry							0.107	5.33	11.9	Tricopper(I) vanadate(V)
mp-5213	Cd2Sn2P4	8	GOOD		GOOD	1.003	TF32; 本計算 legacy(ctrl+GWinput) ~/bin2_dev → 追加の計算 TOML(05-11) ×1; χ0 T=0, Σ GaussSmear esmr=0.003 Ry							0.000	4.76	25.5	Cadmium tin diphosphide; Cadmium tin(IV) phosphide
mp-5238	Ga2Cu2S4	8	GOOD		GOOD	1.932	TF32; 本計算 legacy(ctrl+GWinput) ~/bin2_dev → 追加の計算 TOML(05-11) ×1; χ0 T=0, Σ GaussSmear esmr=0.003 Ry							0.000	4.41	18.6	Copper gallium disulfide; Copper(I) gallium sulfide; Gallite
mp-5256	K2Cu2C4	8	GOOD		GOOD	3.999	TF32; 本計算 legacy(ctrl+GWinput) ~/bin2_dev → 追加の計算 TOML(05-11) ×1; χ0 T=0, Σ GaussSmear esmr=0.003 Ry							0.296	2.25	23.4	Potassium copper carbide (1/1/2)
mp-5342	Ga2Ag2S4	8	GOOD		GOOD	2.371	TF32; 本計算 legacy(ctrl+GWinput) ~/bin2_dev → 追加の計算 TOML(05-11) ×1; χ0 T=0, Σ GaussSmear esmr=0.003 Ry							0.000	4.67	21.5	Silver gallium sulfide; Silver gallium disulfide
mp-541226	CsBrF6	8	NOTCONV_MAY	5 月は 10 反復で収束せず（最後の 3 反復の幅 6.1319 eV、履歴 5.9947, 0.0740, 2.0667, 6.0012, 8.1986） / 回し直し(run3): CONVERGED 6 反復、ギャップ 7.192772 eV（LDA 4.040081）、5 月との差 -1.01 eV	NOTCONV	8.199	TF32; 本計算 legacy(ctrl+GWinput) ~/bin2_dev → 追加の計算 TOML(05-11) ×1; χ0 T=0, Σ GaussSmear esmr=0.003 Ry	run3	CONVERGED	6	7.192772	4.040081	fp32; 989a18637 (2026-09-29); POSCAR→vasp2ctrl→ctrlgenToml --ssig=0.8 (2026-09 の雛形); t_tetrakbt=300 t_sigmaw=300; LDA から; 最大 10 反復 (NaCoO2 20、金属 15)	0.000	3.85	17.6	Cesium hexafluorobromate(V)
mp-5414	Na2Sb2S4	8	GOOD		GOOD	1.807	TF32; 本計算 legacy(ctrl+GWinput) ~/bin2_dev → 追加の計算 TOML(05-11) ×1; χ0 T=0, Σ GaussSmear esmr=0.003 Ry							0.000	3.58	24.2	Sodium antimony sulfide - alpha; Sodium catena-dithioantimonate(III) - alpha
mp-5425	Rb2Cu2C4	8	GOOD		GOOD	4.014	TF32; 本計算 legacy(ctrl+GWinput) ~/bin2_dev → 追加の計算 TOML(05-11) ×1; χ0 T=0, Σ GaussSmear esmr=0.003 Ry							0.299	2.78	25.8	Rubidium copper carbide (1/1/2) - alpha
mp-542772	Cs2Ag2Cl4	8	NOTCONV_MAY	5 月は 10 反復で収束せず（最後の 3 反復の幅 0.7394 eV、履歴 3.9103, 4.6497, 4.5523） / 回し直し(run3): CONVERGED 6 反復、ギャップ 4.734911 eV（LDA 2.093722）、5 月との差 +0.18 eV	NOTCONV	4.552	TF32; 本計算 legacy(ctrl+GWinput) ~/bin2_dev → 追加の計算 TOML(05-11) ×1; χ0 T=0, Σ GaussSmear esmr=0.003 Ry	run3	CONVERGED	6	4.734911	2.093722	fp32; 989a18637 (2026-09-29); POSCAR→vasp2ctrl→ctrlgenToml --ssig=0.8 (2026-09 の雛形); t_tetrakbt=300 t_sigmaw=300; LDA から; 最大 10 反復 (NaCoO2 20、金属 15)	0.004	4.30	30.1	Cesium dichloroargentate; Cesium silver chloride - beta
mp-545730	Ag2C2N2O2	8	FAILED_MAY	5 月の失敗: PROD_bmix_min / 回し直し(run1): CONVERGED 6 反復、ギャップ 3.436113 eV（LDA 1.134596）	FAILED		TF32; 本計算 legacy(ctrl+GWinput) ~/bin2_dev; χ0 T=0, Σ GaussSmear esmr=0.003 Ry	run1	CONVERGED	6	3.436113	1.134596	fp32; 989a18637 (2026-09-29); POSCAR→vasp2ctrl→ctrlgenToml --ssig=0.8 (2026-09 の雛形); t_tetrakbt=300 t_sigmaw=300; LDA から; 最大 10 反復 (NaCoO2 20、金属 15)	0.925	3.99	15.6	Silver isocyanate - quenched HT polymorph
mp-546011	Y2Zn2As2O2	8	GOOD		GOOD	1.962	TF32; 本計算 legacy(ctrl+GWinput) ~/bin2_dev → 追加の計算 TOML(05-11) ×1; χ0 T=0, Σ GaussSmear esmr=0.003 Ry							0.000	5.75	17.7	Yttrium zinc arsenide oxide; Lanthanum zinc arsenic oxide (1/1/1/1)
mp-548469	Ba2Zn2S2O2	8	GOOD		GOOD	4.053	TF32; 本計算 legacy(ctrl+GWinput) ~/bin2_dev → 追加の計算 TOML(05-11) ×1; χ0 T=0, Σ GaussSmear esmr=0.003 Ry							0.000	5.17	20.2	Barium zinc oxysulfide
mp-5488	Li2In2O4	8	GOOD		GOOD	3.855	TF32; 本計算 legacy(ctrl+GWinput) ~/bin2_dev → 追加の計算 TOML(05-11) ×1; χ0 T=0, Σ GaussSmear esmr=0.003 Ry							0.000	5.86	10.9	Lithium dioxoindate; Lithium indium oxide; Indium lithium oxide
mp-549590	Rb2Cl2O4	8	GOOD		GOOD	6.040	TF32; 本計算 legacy(ctrl+GWinput) ~/bin2_dev → 追加の計算 TOML(05-11) ×1; χ0 T=0, Σ GaussSmear esmr=0.003 Ry							0.345	2.93	21.7	Rubidium chlorate(III)
mp-549720	Nb2I4O2	8	GOOD		GOOD	1.691	TF32; 本計算 legacy(ctrl+GWinput) ~/bin2_dev → 追加の計算 TOML(05-11) ×1; χ0 T=0, Σ GaussSmear esmr=0.003 Ry							0.145	5.27	28.6	Niobium(IV) oxide diiodide
mp-550070	Nb2Br4O2	8	GOOD		GOOD	2.379	TF32; 本計算 legacy(ctrl+GWinput) ~/bin2_dev → 追加の計算 TOML(05-11) ×1; χ0 T=0, Σ GaussSmear esmr=0.003 Ry							0.221	4.63	24.1	Niobium(IV) oxide dibromide
mp-550714	Pb4O4	8	GOOD		GOOD	3.372	TF32; 本計算 legacy(ctrl+GWinput) ~/bin2_dev → 追加の計算 TOML(05-11) ×1; χ0 T=0, Σ GaussSmear esmr=0.003 Ry							0.021	7.89	23.5	Lead oxide; Massicot
mp-5513	Tl3VS4	8	GOOD		GOOD	2.946	TF32; 本計算 legacy(ctrl+GWinput) ~/bin2_dev → 追加の計算 TOML(05-11) ×1; χ0 T=0, Σ GaussSmear esmr=0.003 Ry							0.000	6.03	27.3	Thallium tetrathiovanadate; Thallium tetrathiovanadate(V); Trithallium tetrathiovanadate; Thallium vanadium sulfide (3/1
mp-5518	Ga2Ag2Se4	8	DRIFT_GOOD	5 月は収束の基準を満たしたが、最後の 3 反復が同じ向きに -0.09 eV 動いていた（履歴 1.4928, 1.6482, 1.5575, 1.5543）。回し直していない	GOOD	1.554	TF32; 本計算 legacy(ctrl+GWinput) ~/bin2_dev → 追加の計算 TOML(05-11) ×1; χ0 T=0, Σ GaussSmear esmr=0.003 Ry							0.000	5.61	24.8	Silver gallium diselenide; Chalcopyrite; Silver gallium selenide (1/1/2); Silver gallium selenide
mp-551816	YBi2IO4	8	FAILED_MAY	5 月の失敗: NOGAP_GAP_COLLAPSED(LDA gap 1.25 eV) / 回し直し(run1): CONVERGED 5 反復、ギャップ 2.460687 eV（LDA 1.248617）	FAILED		TF32; 本計算 legacy(ctrl+GWinput) ~/bin2_dev → 追加の計算 TOML(05-11) ×1; χ0 T=0, Σ GaussSmear esmr=0.003 Ry	run1	CONVERGED	5	2.460687	1.248617	fp32; 989a18637 (2026-09-29); POSCAR→vasp2ctrl→ctrlgenToml --ssig=0.8 (2026-09 の雛形); t_tetrakbt=300 t_sigmaw=300; LDA から; 最大 10 反復 (NaCoO2 20、金属 15)	0.000	7.66	18.9	Dibismuth yttrium tetraoxide iodide
mp-552131	Cs2Cl2O4	8	GOOD		GOOD	5.559	TF32; 本計算 legacy(ctrl+GWinput) ~/bin2_dev → 追加の計算 TOML(05-11) ×1; χ0 T=0, Σ GaussSmear esmr=0.003 Ry							0.354	3.35	24.8	Cesium chlorate(III)
mp-552169	Ag2Cl2O4	8	FAILED_MAY	5 月の失敗: PROD_NaN_lqpe / 回し直し(run1): CONVERGED 6 反復、ギャップ 3.798930 eV（LDA 0.651816）	FAILED		TF32; 本計算 legacy(ctrl+GWinput) ~/bin2_dev; χ0 T=0, Σ GaussSmear esmr=0.003 Ry	run1	CONVERGED	6	3.798930	0.651816	fp32; 989a18637 (2026-09-29); POSCAR→vasp2ctrl→ctrlgenToml --ssig=0.8 (2026-09 の雛形); t_tetrakbt=300 t_sigmaw=300; LDA から; 最大 10 反復 (NaCoO2 20、金属 15)	0.401	3.54	20.6	Silver dioxochlorate(III)
mp-552604	YBi2ClO4	8	FAILED_MAY	5 月の失敗: PROD_NaN_lqpe / 回し直し(run1): CONVERGED 5 反復、ギャップ 2.628610 eV（LDA 1.309736）	FAILED		TF32; 本計算 legacy(ctrl+GWinput) ~/bin2_dev; χ0 T=0, Σ GaussSmear esmr=0.003 Ry	run1	CONVERGED	5	2.628610	1.309736	fp32; 989a18637 (2026-09-29); POSCAR→vasp2ctrl→ctrlgenToml --ssig=0.8 (2026-09 の雛形); t_tetrakbt=300 t_sigmaw=300; LDA から; 最大 10 反復 (NaCoO2 20、金属 15)	0.000	7.31	17.2	Dibismuth yttrium tetraoxide chloride
mp-553243	YBi2BrO4	8	GOOD		GOOD	2.530	TF32; 本計算 legacy(ctrl+GWinput) ~/bin2_dev → 追加の計算 TOML(05-11) ×1; χ0 T=0, Σ GaussSmear esmr=0.003 Ry							0.000	7.78	17.4	Dibismuth yttrium tetraoxide bromide
mp-553310	Cs2Cu2O4	8	GOOD		GOOD	3.155	TF32; 本計算 legacy(ctrl+GWinput) ~/bin2_dev → 追加の計算 TOML(05-11) ×1; χ0 T=0, Σ GaussSmear esmr=0.003 Ry							0.000	4.32	21.9	Cesium dioxocuprate(III)
mp-555166	BaAg2SnS4	8	GOOD		GOOD	1.626	TF32; 本計算 legacy(ctrl+GWinput) ~/bin2_dev → 追加の計算 TOML(05-11) ×1; χ0 T=0, Σ GaussSmear esmr=0.003 Ry							0.000	4.87	25.5	Disilver barium tetrathiostannate(IV)
mp-555718	SrNiF6	8	FAILED_MAY	5 月の失敗: NOGAP_GAP_COLLAPSED(LDA gap 1.19 eV) / 回し直し(run1): CONVERGED 6 反復、ギャップ 5.221480 eV（LDA 1.192299）	FAILED		TF32; 本計算 legacy(ctrl+GWinput) ~/bin2_dev → 追加の計算 TOML(05-11) ×1; χ0 T=0, Σ GaussSmear esmr=0.003 Ry	run1	CONVERGED	6	5.221480	1.192299	fp32; 989a18637 (2026-09-29); POSCAR→vasp2ctrl→ctrlgenToml --ssig=0.8 (2026-09 の雛形); t_tetrakbt=300 t_sigmaw=300; LDA から; 最大 10 反復 (NaCoO2 20、金属 15)	0.000	4.49	12.0	Strontium hexafluoroniccolate(IV)
mp-555874	Li2As2S4	8	GOOD		GOOD	1.978	TF32; 本計算 legacy(ctrl+GWinput) ~/bin2_dev → 追加の計算 TOML(05-11) ×1; χ0 T=0, Σ GaussSmear esmr=0.003 Ry							0.000	3.05	19.9	Lithium catena-dithioarsenate(III)
mp-555911	TlAsF6	8	FAILED_MAY	5 月の失敗: NOGAP_GAP_COLLAPSED(LDA gap 4.60 eV) / 回し直し(run1): CONVERGED 6 反復、ギャップ 8.464341 eV（LDA 4.593981）	FAILED		TF32; 本計算 legacy(ctrl+GWinput) ~/bin2_dev → 追加の計算 TOML(05-11) ×1; χ0 T=0, Σ GaussSmear esmr=0.003 Ry	run1	CONVERGED	6	8.464341	4.593981	fp32; 989a18637 (2026-09-29); POSCAR→vasp2ctrl→ctrlgenToml --ssig=0.8 (2026-09 の雛形); t_tetrakbt=300 t_sigmaw=300; LDA から; 最大 10 反復 (NaCoO2 20、金属 15)	0.000	5.49	14.9	Thallium hexafluoroarsenate
mp-556742	Ga4S4	8	GOOD		GOOD	3.181	TF32; 本計算 legacy(ctrl+GWinput) ~/bin2_dev → 追加の計算 TOML(05-11) ×1; χ0 T=0, Σ GaussSmear esmr=0.003 Ry							0.001	3.79	22.3	High pressure experimental phase; Gallium sulfide (1/1)
mp-556916	Ga2Ag2S4	8	GOOD		GOOD	2.238	TF32; 本計算 legacy(ctrl+GWinput) ~/bin2_dev → 追加の計算 TOML(05-11) ×1; χ0 T=0, Σ GaussSmear esmr=0.003 Ry							0.003	4.54	22.1	High pressure experimental phase; Silver gallium sulfide - HP
mp-557179	Na2Sb2S4	8	GOOD		GOOD	1.439	TF32; 本計算 legacy(ctrl+GWinput) ~/bin2_dev → 追加の計算 TOML(05-11) ×1; χ0 T=0, Σ GaussSmear esmr=0.003 Ry							0.023	3.60	24.1	Sodium antimony sulfide - beta
mp-557510	Cu3TeS3Cl	8	GOOD		GOOD	1.649	TF32; 本計算 legacy(ctrl+GWinput) ~/bin2_dev → 追加の計算 TOML(05-11) ×1; χ0 T=0, Σ GaussSmear esmr=0.003 Ry							0.048	4.58	20.4	Copper(I) chloride - dicopper(I) trithiotellurate (1/1)
mp-558312	Li4O4	8	DRIFT_GOOD	5 月は収束の基準を満たしたが、最後の 3 反復が同じ向きに -0.08 eV 動いていた（履歴 5.5089, 5.6961, 5.6438, 5.6127）。回し直していない	GOOD	5.613	TF32; 本計算 legacy(ctrl+GWinput) ~/bin2_dev → 追加の計算 TOML(05-11) ×1; χ0 T=0, Σ GaussSmear esmr=0.003 Ry							0.143	2.00	9.5	Dilithium peroxide
mp-5588	BaSiF6	8	GOOD		GOOD	12.111	TF32; 本計算 legacy(ctrl+GWinput) ~/bin2_dev → 追加の計算 TOML(05-11) ×1; χ0 T=0, Σ GaussSmear esmr=0.003 Ry							0.000	4.44	13.1	Barium hexafluorosilicate
mp-559044	Cu2C2S2N2	8	GOOD		GOOD	3.556	TF32; 本計算 legacy(ctrl+GWinput) ~/bin2_dev → 追加の計算 TOML(05-11) ×1; χ0 T=0, Σ GaussSmear esmr=0.003 Ry							0.163	2.89	17.5	Copper(I) thiocyanate - beta
mp-559470	Ag2Pb2Br2O2	8	GOOD		GOOD	1.724	TF32; 本計算 legacy(ctrl+GWinput) ~/bin2_dev → 追加の計算 TOML(05-11) ×1; χ0 T=0, Σ GaussSmear esmr=0.003 Ry							0.191	5.91	28.9	Silver lead oxide bromide
mp-559521	InBi2S4Cl	8	GOOD		GOOD	2.274	TF32; 本計算 legacy(ctrl+GWinput) ~/bin2_dev → 追加の計算 TOML(05-11) ×1; χ0 T=0, Σ GaussSmear esmr=0.003 Ry							0.000	5.99	24.1	Indium dibismuth tetrasulfide chloride
mp-560008	P2N2F4	8	NOTCONV_MAY	5 月は 10 反復で収束せず（最後の 3 反復の幅 0.4334 eV、履歴 9.4656, 9.1338, 8.7762, 9.2062, 9.2096） / 回し直し(run3): CONVERGED 6 反復、ギャップ 9.133497 eV（LDA 5.630316）、5 月との差 -0.08 eV	NOTCONV	9.210	TF32; 本計算 legacy(ctrl+GWinput) ~/bin2_dev → 追加の計算 TOML(05-11) ×1; χ0 T=0, Σ GaussSmear esmr=0.003 Ry	run3	CONVERGED	6	9.133497	5.630316	fp32; 989a18637 (2026-09-29); POSCAR→vasp2ctrl→ctrlgenToml --ssig=0.8 (2026-09 の雛形); t_tetrakbt=300 t_sigmaw=300; LDA から; 最大 10 反復 (NaCoO2 20、金属 15)	0.000	2.50	13.8	Catena-difluorophosphazene conformer B
mp-561075	Na2CdSnS4	8	GOOD		GOOD	3.474	TF32; 本計算 legacy(ctrl+GWinput) ~/bin2_dev → 追加の計算 TOML(05-11) ×1; χ0 T=0, Σ GaussSmear esmr=0.003 Ry							0.002	3.05	27.6	Disodium tetrathiostannocadmate
mp-561703	Au2C2Cl2O2	8	GOOD		GOOD	5.596	TF32; 本計算 legacy(ctrl+GWinput) ~/bin2_dev → 追加の計算 TOML(05-11) ×1; χ0 T=0, Σ GaussSmear esmr=0.003 Ry							0.300	4.15	26.0	Carbonylgold(I) chloride
mp-562090	Cu2C2Cl2O2	8	GOOD		GOOD	5.445	TF32; 本計算 legacy(ctrl+GWinput) ~/bin2_dev → 追加の計算 TOML(05-11) ×1; χ0 T=0, Σ GaussSmear esmr=0.003 Ry							0.273	2.72	19.4	Carbonylcopper(I) chloride
mp-5621	NbCu3S4	8	GOOD		GOOD	2.684	TF32; 本計算 legacy(ctrl+GWinput) ~/bin2_dev → 追加の計算 TOML(05-11) ×1; χ0 T=0, Σ GaussSmear esmr=0.003 Ry							0.000	4.15	20.6	Tricopper tetrathioniobate; Tricopper tetrathioniobate(V); Copper niobium sufide (3/1/4); Tricopper(I) tetrathioniobate(
mp-562561	Mo2O6	8	GOOD		GOOD	3.639	TF32; 本計算 legacy(ctrl+GWinput) ~/bin2_dev → 追加の計算 TOML(05-11) ×1; χ0 T=0, Σ GaussSmear esmr=0.003 Ry							0.028	4.68	12.8	Molybdenum oxide - II, HT
mp-567558	Cs2Ag2Cl4	8	GOOD		GOOD	4.663	TF32; 本計算 legacy(ctrl+GWinput) ~/bin2_dev → 追加の計算 TOML(05-11) ×1; χ0 T=0, Σ GaussSmear esmr=0.003 Ry							0.000	4.09	31.7	Cesium silver chloride - alpha
mp-568301	Bi2Br6	8	GOOD		GOOD	4.208	TF32; 本計算 legacy(ctrl+GWinput) ~/bin2_dev → 追加の計算 TOML(05-11) ×1; χ0 T=0, Σ GaussSmear esmr=0.003 Ry							0.002	4.96	37.6	Bismuth bromide - beta
mp-568388	Bi4I4	8	FAILED_MAY	5 月の失敗: PROD_KILLED / 回し直し(run1): CONVERGED 5 反復、ギャップ 1.441402 eV（LDA 0.640065）、5 月との差 +0.14 eV	FAILED	1.304	TF32; 本計算 TOML(ctrlG+PB) ~/bin2; χ0 T=0, Σ GaussSmear esmr=0.003 Ry	run1	CONVERGED	5	1.441402	0.640065	fp32; 989a18637 (2026-09-29); POSCAR→vasp2ctrl→ctrlgenToml --ssig=0.8 (2026-09 の雛形); t_tetrakbt=300 t_sigmaw=300; LDA から; 最大 10 反復 (NaCoO2 20、金属 15)	0.027	6.37	43.8	Bismuth(I) iodide - beta
mp-568890	Tl2CdGeTe4	8	GOOD		GOOD	0.934	TF32; 本計算 legacy(ctrl+GWinput) ~/bin2_dev → 追加の計算 TOML(05-11) ×1; χ0 T=0, Σ GaussSmear esmr=0.003 Ry							0.005	6.87	33.3	Dithallium cadmium germanium tetratelluride
mp-568968	K2SnHgSe4	8	GOOD		GOOD	2.616	TF32; 本計算 legacy(ctrl+GWinput) ~/bin2_dev → 追加の計算 TOML(05-11) ×1; χ0 T=0, Σ GaussSmear esmr=0.003 Ry							0.000	4.89	30.3	Mercury dipotassium tetraselenostannate
mp-569114	BaAg2SnSe4	8	GOOD		GOOD	1.003	TF32; 本計算 legacy(ctrl+GWinput) ~/bin2_dev → 追加の計算 TOML(05-11) ×1; χ0 T=0, Σ GaussSmear esmr=0.003 Ry							0.000	5.56	29.4	Barium disilver tin selenide
mp-569157	Bi2I6	8	GOOD		GOOD	3.333	TF32; 本計算 legacy(ctrl+GWinput) ~/bin2_dev → 追加の計算 TOML(05-11) ×1; χ0 T=0, Σ GaussSmear esmr=0.003 Ry							0.003	5.32	46.0	Bismuth triiodide; Bismuth triiodide - HT
mp-569246	Tl2HgGeTe4	8	GOOD		GOOD	0.573	TF32; 本計算 legacy(ctrl+GWinput) ~/bin2_dev → 追加の計算 TOML(05-11) ×1; χ0 T=0, Σ GaussSmear esmr=0.003 Ry							0.008	7.43	33.3	Dithallium mercury germanium tetratelluride
mp-569416	C8	8	DRIFT_GOOD	構造: 硝酸を挿入した黒鉛から N・O を除いたもの。密度 1.67（黒鉛 2.26） / 5 月は収束の基準を満たしたが、最後の 3 反復が同じ向きに -0.08 eV 動いていた（履歴 5.0504, 4.9883, 4.9684）。回し直していない	GOOD	4.968	TF32; 本計算 legacy(ctrl+GWinput) ~/bin2_dev → 追加の計算 TOML(05-11) ×1; χ0 T=0, Σ GaussSmear esmr=0.003 Ry							0.002	1.67	11.9	Graphite, nitrated; Carbon
mp-569766	Te4I4	8	GOOD		GOOD	1.523	TF32; 本計算 legacy(ctrl+GWinput) ~/bin2_dev → 追加の計算 TOML(05-11) ×1; χ0 T=0, Σ GaussSmear esmr=0.003 Ry							0.000	5.12	41.3	Tellurium iodide (1/1) - beta
mp-569790	BaAg2GeSe4	8	GOOD		GOOD	1.050	TF32; 本計算 legacy(ctrl+GWinput) ~/bin2_dev → 追加の計算 TOML(05-11) ×1; χ0 T=0, Σ GaussSmear esmr=0.003 Ry							0.000	5.52	27.9	Barium disilver tetraselenogermanate
mp-569940	K6Bi2	8	GOOD		GOOD	0.784	TF32; 本計算 legacy(ctrl+GWinput) ~/bin2_dev → 追加の計算 TOML(05-11) ×1; χ0 T=0, Σ GaussSmear esmr=0.003 Ry							0.000	2.99	45.4	Potassium bismuthide (3/1)
mp-570002	C8	8	GOOD		GOOD	4.587	TF32; 本計算 legacy(ctrl+GWinput) ~/bin2_dev → 追加の計算 TOML(05-11) ×1; χ0 T=0, Σ GaussSmear esmr=0.003 Ry							0.766	2.81	7.1	Octacarbon - deposited as thin film from plasma
mp-570051	Tl2SnHgTe4	8	FAILED_MAY	5 月の失敗: PROD_KILLED / 回し直し(run1): CONVERGED 4 反復、ギャップ 0.645070 eV（LDA 0.076166）、5 月との差 +0.02 eV	FAILED	0.630	TF32; 本計算 TOML(ctrlG+PB) ~/bin2; χ0 T=0, Σ GaussSmear esmr=0.003 Ry	run1	CONVERGED	4	0.645070	0.076166	fp32; 989a18637 (2026-09-29); POSCAR→vasp2ctrl→ctrlgenToml --ssig=0.8 (2026-09 の雛形); t_tetrakbt=300 t_sigmaw=300; LDA から; 最大 10 反復 (NaCoO2 20、金属 15)	0.013	7.45	34.5	Dithallium mercury tin tetratelluride
mp-570076	Tl2CdSnTe4	8	FAILED_MAY	5 月の失敗: PROD_TIMEOUT_8h / 回し直し(run1): CONVERGED 5 反復、ギャップ 0.946430 eV（LDA 0.284114）、5 月との差 +0.03 eV	FAILED	0.921	TF32; 本計算 TOML(ctrlG+PB) ~/bin2; χ0 T=0, Σ GaussSmear esmr=0.003 Ry	run1	CONVERGED	5	0.946430	0.284114	fp32; 989a18637 (2026-09-29); POSCAR→vasp2ctrl→ctrlgenToml --ssig=0.8 (2026-09 の雛形); t_tetrakbt=300 t_sigmaw=300; LDA から; 最大 10 反復 (NaCoO2 20、金属 15)	0.009	6.96	34.3	Dithallium cadmium tin tetratelluride
mp-570140	Au4Br4	8	FAILED_MAY	5 月の失敗: PROD_NaN_lsc / 回し直し(run1): CONVERGED 5 反復、ギャップ 3.474921 eV（LDA 1.881793）	FAILED		TF32; 本計算 TOML(ctrlG+PB) ~/bin2; χ0 T=0, Σ GaussSmear esmr=0.003 Ry	run1	CONVERGED	5	3.474921	1.881793	fp32; 989a18637 (2026-09-29); POSCAR→vasp2ctrl→ctrlgenToml --ssig=0.8 (2026-09 の雛形); t_tetrakbt=300 t_sigmaw=300; LDA から; 最大 10 反復 (NaCoO2 20、金属 15)	0.018	7.81	29.5	Gold bromide - HT
mp-570219	In2Br6	8	FAILED_MAY	5 月の失敗: PROD_TIMEOUT_8h / 回し直し(run1): CONVERGED 5 反復、ギャップ 4.612794 eV（LDA 2.334327）、5 月との差 +0.04 eV	FAILED	4.577	TF32; 本計算 TOML(ctrlG+PB) ~/bin2; χ0 T=0, Σ GaussSmear esmr=0.003 Ry	run1	CONVERGED	5	4.612794	2.334327	fp32; 989a18637 (2026-09-29); POSCAR→vasp2ctrl→ctrlgenToml --ssig=0.8 (2026-09 の雛形); t_tetrakbt=300 t_sigmaw=300; LDA から; 最大 10 反復 (NaCoO2 20、金属 15)	0.000	4.47	32.9	Indium bromide
mp-570589	Se4Br4	8	FAILED_MAY	5 月の失敗: PROD_NaN_lsc / 回し直し(run1): CONVERGED 6 反復、ギャップ 3.172827 eV（LDA 1.394233）	FAILED		TF32; 本計算 TOML(ctrlG+PB) ~/bin2; χ0 T=0, Σ GaussSmear esmr=0.003 Ry	run1	CONVERGED	6	3.172827	1.394233	fp32; 989a18637 (2026-09-29); POSCAR→vasp2ctrl→ctrlgenToml --ssig=0.8 (2026-09 の雛形); t_tetrakbt=300 t_sigmaw=300; LDA から; 最大 10 反復 (NaCoO2 20、金属 15)	0.006	4.01	32.9	Diselenium dibromide - alpha
mp-571100	Cs2Ag2Br4	8	FAILED_MAY	5 月の失敗: PROD_TIMEOUT_8h / 回し直し(run1): CONVERGED 6 反復、ギャップ 3.945622 eV（LDA 1.581668）、5 月との差 -0.19 eV	FAILED	4.140	TF32; 本計算 TOML(ctrlG+PB) ~/bin2; χ0 T=0, Σ GaussSmear esmr=0.003 Ry	run1	CONVERGED	6	3.945622	1.581668	fp32; 989a18637 (2026-09-29); POSCAR→vasp2ctrl→ctrlgenToml --ssig=0.8 (2026-09 の雛形); t_tetrakbt=300 t_sigmaw=300; LDA から; 最大 10 反復 (NaCoO2 20、金属 15)	0.013	4.61	36.0	Cesium silver bromide - alpha
mp-571266	Ga2Cl6	8	FAILED_MAY	5 月の失敗: PROD_TIMEOUT_8h / 回し直し(run1): CONVERGED 6 反復、ギャップ 7.681157 eV（LDA 3.919182）、5 月との差 +0.23 eV	FAILED	7.448	TF32; 本計算 TOML(ctrlG+PB) ~/bin2; χ0 T=0, Σ GaussSmear esmr=0.003 Ry	run1	CONVERGED	6	7.681157	3.919182	fp32; 989a18637 (2026-09-29); POSCAR→vasp2ctrl→ctrlgenToml --ssig=0.8 (2026-09 の雛形); t_tetrakbt=300 t_sigmaw=300; LDA から; 最大 10 反復 (NaCoO2 20、金属 15)	0.001	2.05	35.6	Gallium chloride
mp-571297	Ag2N6	8	FAILED_MAY	5 月の失敗: PROD_NaN_lsc / 回し直し(run1): CONVERGED 6 反復、ギャップ 3.330038 eV（LDA 1.470049）	FAILED		TF32; 本計算 TOML(ctrlG+PB) ~/bin2; χ0 T=0, Σ GaussSmear esmr=0.003 Ry	run1	CONVERGED	6	3.330038	1.470049	fp32; 989a18637 (2026-09-29); POSCAR→vasp2ctrl→ctrlgenToml --ssig=0.8 (2026-09 の雛形); t_tetrakbt=300 t_sigmaw=300; LDA から; 最大 10 反復 (NaCoO2 20、金属 15)	0.374	4.87	12.8	Silver azide - HP; High pressure experimental phase; Silver azide
mp-571442	Y2I6	8	FAILED_MAY	5 月の失敗: PROD_TIMEOUT_8h / 回し直し(run1): CONVERGED 5 反復、ギャップ 4.836823 eV（LDA 2.798008）、5 月との差 +0.13 eV	FAILED	4.708	TF32; 本計算 TOML(ctrlG+PB) ~/bin2; χ0 T=0, Σ GaussSmear esmr=0.003 Ry	run1	CONVERGED	5	4.836823	2.798008	fp32; 989a18637 (2026-09-29); POSCAR→vasp2ctrl→ctrlgenToml --ssig=0.8 (2026-09 の雛形); t_tetrakbt=300 t_sigmaw=300; LDA から; 最大 10 反復 (NaCoO2 20、金属 15)	0.000	4.30	45.3	Yttrium iodide
mp-573321	Te2Pd2I4	8	FAILED_MAY	5 月の失敗: PROD_TIMEOUT_8h / 回し直し(run1): CONVERGED 5 反復、ギャップ 1.137733 eV（LDA 0.465572）、5 月との差 +0.01 eV	FAILED	1.132	TF32; 本計算 TOML(ctrlG+PB) ~/bin2; χ0 T=0, Σ GaussSmear esmr=0.003 Ry	run1	CONVERGED	5	1.137733	0.465572	fp32; 989a18637 (2026-09-29); POSCAR→vasp2ctrl→ctrlgenToml --ssig=0.8 (2026-09 の雛形); t_tetrakbt=300 t_sigmaw=300; LDA から; 最大 10 反復 (NaCoO2 20、金属 15)	0.016	5.92	34.2	Palladium iodotellurate iodide
mp-5782	Al2Ag2S4	8	GOOD		GOOD	3.494	TF32; 本計算 TOML(ctrlG+PB) ~/bin2 → 追加の計算 TOML(05-11) ×1; χ0 T=0, Σ GaussSmear esmr=0.003 Ry							0.000	3.90	21.2	Silver aluminium sulfide
mp-580941	Ag4I4	8	GOOD		GOOD	3.091	TF32; 本計算 TOML(ctrlG+PB) ~/bin2 → 追加の計算 TOML(05-11) ×1; χ0 T=0, Σ GaussSmear esmr=0.003 Ry							0.000	5.81	33.6	Silver iodide; Iodargyrite 4H
mp-5840	Li2Sc2O4	8	NOTCONV_MAY	5 月は 10 反復で収束せず（最後の 3 反復の幅 3.1342 eV、履歴 6.7239, 24.9336, 16.1958, 14.1226, 13.0616） / 回し直し(run3): CONVERGED 6 反復、ギャップ 6.817251 eV（LDA 3.789047）、5 月との差 -6.24 eV	NOTCONV	13.062	TF32; 本計算 TOML(ctrlG+PB) ~/bin2 → 追加の計算 TOML(05-11) ×1; χ0 T=0, Σ GaussSmear esmr=0.003 Ry	run3	CONVERGED	6	6.817251	3.789047	fp32; 989a18637 (2026-09-29); POSCAR→vasp2ctrl→ctrlgenToml --ssig=0.8 (2026-09 の雛形); t_tetrakbt=300 t_sigmaw=300; LDA から; 最大 10 反復 (NaCoO2 20、金属 15)	0.000	3.43	10.2	Lithium scandium oxide
mp-5858	CdPtF6	8	GOOD		GOOD	5.733	TF32; 本計算 TOML(ctrlG+PB) ~/bin2 → 追加の計算 TOML(05-11) ×1; χ0 T=0, Σ GaussSmear esmr=0.003 Ry							0.000	6.41	13.6	Cadmium hexafluoroplatinate
mp-588	Ga2F6	8	NOTCONV_MAY	5 月は 10 反復で収束せず（最後の 3 反復の幅 0.2728 eV、履歴 9.0317, 6.1768, 7.6054, 7.8782, 7.8433） / 回し直し(run3): CONVERGED 6 反復、ギャップ 9.774229 eV（LDA 4.981541）、5 月との差 +1.93 eV	NOTCONV	7.843	TF32; 本計算 TOML(ctrlG+PB) ~/bin2 → 追加の計算 TOML(05-11) ×1; χ0 T=0, Σ GaussSmear esmr=0.003 Ry	run3	CONVERGED	6	9.774229	4.981541	fp32; 989a18637 (2026-09-29); POSCAR→vasp2ctrl→ctrlgenToml --ssig=0.8 (2026-09 の雛形); t_tetrakbt=300 t_sigmaw=300; LDA から; 最大 10 反復 (NaCoO2 20、金属 15)	0.000	4.60	11.4	Gallium fluoride
mp-5955	NaSbF6	8	NOTCONV_MAY	5 月は 10 反復で収束せず（最後の 3 反復の幅 1.0887 eV、履歴 11.1649, 3.6204, 7.0808, 7.9371, 8.1694） / 回し直し(run3): CONVERGED 6 反復、ギャップ 10.623816 eV（LDA 5.054327）、5 月との差 +2.45 eV	NOTCONV	8.169	TF32; 本計算 TOML(ctrlG+PB) ~/bin2 → 追加の計算 TOML(05-11) ×1; χ0 T=0, Σ GaussSmear esmr=0.003 Ry	run3	CONVERGED	6	10.623816	5.054327	fp32; 989a18637 (2026-09-29); POSCAR→vasp2ctrl→ctrlgenToml --ssig=0.8 (2026-09 の雛形); t_tetrakbt=300 t_sigmaw=300; LDA から; 最大 10 反復 (NaCoO2 20、金属 15)	0.000	3.04	17.7	Sodium hexafluoroantimonate
mp-6070	Ag2C2N2O2	8	NOTCONV_MAY	5 月は 10 反復で収束せず（最後の 3 反復の幅 0.1995 eV、履歴 5.1089, 4.8196, 4.5193, 4.5728, 4.7188） / 回し直し(run3): CONVERGED 6 反復、ギャップ 4.640277 eV（LDA 2.236520）、5 月との差 -0.08 eV	NOTCONV	4.719	TF32; 本計算 TOML(ctrlG+PB) ~/bin2 → 追加の計算 TOML(05-11) ×1; χ0 T=0, Σ GaussSmear esmr=0.003 Ry	run3	CONVERGED	6	4.640277	2.236520	fp32; 989a18637 (2026-09-29); POSCAR→vasp2ctrl→ctrlgenToml --ssig=0.8 (2026-09 の雛形); t_tetrakbt=300 t_sigmaw=300; LDA から; 最大 10 反復 (NaCoO2 20、金属 15)	0.834	3.42	18.2	Silver fulminate
mp-613910	BaNiF6	8	GOOD		GOOD	5.373	TF32; 本計算 TOML(ctrlG+PB) ~/bin2 → 追加の計算 TOML(05-11) ×1; χ0 T=0, Σ GaussSmear esmr=0.003 Ry							0.000	4.78	13.5	Barium hexafluoroniccolate(IV) - beta
mp-623024	TiCdF6	8	NOTCONV_MAY	5 月は 10 反復で収束せず（最後の 3 反復の幅 0.3688 eV、履歴 6.8584, 8.7834, 8.0502, 7.7964, 7.6814） / 回し直し(run3): CONVERGED 7 反復、ギャップ 8.826431 eV（LDA 4.394530）、5 月との差 +1.15 eV	NOTCONV	7.681	TF32; 本計算 TOML(ctrlG+PB) ~/bin2 → 追加の計算 TOML(05-11) ×1; χ0 T=0, Σ GaussSmear esmr=0.003 Ry	run3	CONVERGED	7	8.826431	4.394530	fp32; 989a18637 (2026-09-29); POSCAR→vasp2ctrl→ctrlgenToml --ssig=0.8 (2026-09 の雛形); t_tetrakbt=300 t_sigmaw=300; LDA から; 最大 10 反復 (NaCoO2 20、金属 15)	0.000	3.98	14.3	Cadmium hexafluorotitanate
mp-626151	Y2H2O4	8	FAILED_MAY	5 月の失敗: PROD_bmix_min / 回し直し(run1): CONVERGED 6 反復、ギャップ 6.107897 eV（LDA 4.052821）	FAILED		TF32; 本計算 TOML(ctrlG+PB) ~/bin2; χ0 T=0, Σ GaussSmear esmr=0.003 Ry	run1	CONVERGED	6	6.107897	4.052821	fp32; 989a18637 (2026-09-29); POSCAR→vasp2ctrl→ctrlgenToml --ssig=0.8 (2026-09 の雛形); t_tetrakbt=300 t_sigmaw=300; LDA から; 最大 10 反復 (NaCoO2 20、金属 15)	0.000	4.60	11.0	Yttrium oxide deuteriohydroxide
mp-630528	In4S4	8	GOOD		GOOD	0.865	TF32; 本計算 TOML(ctrlG+PB) ~/bin2 → 追加の計算 TOML(05-11) ×1; χ0 T=0, Σ GaussSmear esmr=0.003 Ry							0.028	5.18	23.5	Indium sulfide - HP; High pressure experimental phase
mp-632711	In2H2O4	8	GOOD		GOOD	4.064	TF32; 本計算 TOML(ctrlG+PB) ~/bin2 → 追加の計算 TOML(05-11) ×1; χ0 T=0, Σ GaussSmear esmr=0.003 Ry							0.013	6.25	9.8	High pressure experimental phase; Indium oxide hydroxide; Indium oxide hydroxide - post-(CaCl2)-type
mp-6408	ZnCu2GeS4	8	GOOD		GOOD	1.471	TF32; 本計算 TOML(ctrlG+PB) ~/bin2 → 追加の計算 TOML(05-11) ×1; χ0 T=0, Σ GaussSmear esmr=0.003 Ry							0.000	4.44	18.4	Dicopper(I) zinc germanium sulfide; Dicopper zinc germanium tetrasulfide; Copper zinc germanium sulfide (2/1/1/4)
mp-642725	Ca2H2Cl2O2	8	GOOD		GOOD	8.270	TF32; 本計算 TOML(ctrlG+PB) ~/bin2 → 追加の計算 TOML(05-11) ×1; χ0 T=0, Σ GaussSmear esmr=0.003 Ry							0.104	2.42	15.9	Calcium chloride deuteriooxide
mp-643033	KPH2SO3	8	GOOD		GOOD	7.140	TF32; 本計算 TOML(ctrlG+PB) ~/bin2 → 追加の計算 TOML(05-11) ×1; χ0 T=0, Σ GaussSmear esmr=0.003 Ry							0.000	2.11	15.0	Potassium dihydrogentrioxothiophosphate
mp-643364	H2Pb2Cl2O2	8	GOOD		GOOD	4.365	TF32; 本計算 TOML(ctrlG+PB) ~/bin2 → 追加の計算 TOML(05-11) ×1; χ0 T=0, Σ GaussSmear esmr=0.003 Ry							0.134	6.08	17.7	Lead chloride hydroxide; Paralaurionite
mp-644222	Cd2H2Cl2O2	8	GOOD		GOOD	4.749	TF32; 本計算 TOML(ctrlG+PB) ~/bin2 → 追加の計算 TOML(05-11) ×1; χ0 T=0, Σ GaussSmear esmr=0.003 Ry							0.124	4.35	15.7	Cadmium deuteriooxide chloride; Cadmium hydroxide chloride
mp-6781	Ag2C2N2O2	8	FAILED_MAY	5 月の失敗: PROD_TIMEOUT_8h / 回し直し(run1): CONVERGED 6 反復、ギャップ 5.598843 eV（LDA 2.975232）、5 月との差 -0.13 eV	FAILED	5.725	TF32; 本計算 TOML(ctrlG+PB) ~/bin2; χ0 T=0, Σ GaussSmear esmr=0.003 Ry	run1	CONVERGED	6	5.598843	2.975232	fp32; 989a18637 (2026-09-29); POSCAR→vasp2ctrl→ctrlgenToml --ssig=0.8 (2026-09 の雛形); t_tetrakbt=300 t_sigmaw=300; LDA から; 最大 10 反復 (NaCoO2 20、金属 15)	0.244	3.53	17.6	Silver cyanate
mp-685022	Te4Pb4	8	FAILED_MAY	5 月の失敗: PROD_TIMEOUT_8h / 回し直し(run1): CONVERGED 4 反復、ギャップ 1.062651 eV（LDA 0.666132）、5 月との差 -0.01 eV	FAILED	1.068	TF32; 本計算 TOML(ctrlG+PB) ~/bin2; χ0 T=0, Σ GaussSmear esmr=0.003 Ry	run1	CONVERGED	4	1.062651	0.666132	fp32; 989a18637 (2026-09-29); POSCAR→vasp2ctrl→ctrlgenToml --ssig=0.8 (2026-09 の雛形); t_tetrakbt=300 t_sigmaw=300; LDA から; 最大 10 反復 (NaCoO2 20、金属 15)	0.055	7.96	34.9	Lead telluride; Ordering of Disordered Crystal; High pressure experimental phase
mp-691	Sn4Se4	8	FAILED_MAY	5 月の失敗: PROD_TIMEOUT_8h / 回し直し(run1): CONVERGED 4 反復、ギャップ 1.243348 eV（LDA 0.792248）、5 月との差 +0.01 eV	FAILED	1.235	TF32; 本計算 TOML(ctrlG+PB) ~/bin2; χ0 T=0, Σ GaussSmear esmr=0.003 Ry	run1	CONVERGED	4	1.243348	0.792248	fp32; 989a18637 (2026-09-29); POSCAR→vasp2ctrl→ctrlgenToml --ssig=0.8 (2026-09 の雛形); t_tetrakbt=300 t_sigmaw=300; LDA から; 最大 10 反復 (NaCoO2 20、金属 15)	0.000	5.80	28.3	Tin(II) selenide; Tin selenide; High pressure experimental phase
mp-6949	In2F6	8	NOTCONV_MAY	5 月は 10 反復で収束せず（最後の 3 反復の幅 0.4717 eV、履歴 7.7522, 6.7446, 6.5919, 6.9400, 7.0636） / 回し直し(run3): CONVERGED 6 反復、ギャップ 8.137896 eV（LDA 4.027866）、5 月との差 +1.07 eV	NOTCONV	7.064	TF32; 本計算 TOML(ctrlG+PB) ~/bin2 → 追加の計算 TOML(05-11) ×1; χ0 T=0, Σ GaussSmear esmr=0.003 Ry	run3	CONVERGED	6	8.137896	4.027866	fp32; 989a18637 (2026-09-29); POSCAR→vasp2ctrl→ctrlgenToml --ssig=0.8 (2026-09 の雛形); t_tetrakbt=300 t_sigmaw=300; LDA から; 最大 10 反復 (NaCoO2 20、金属 15)	0.000	4.96	14.4	Indium fluoride
mp-696736	RbBe2F5	8	FAILED_MAY	5 月の失敗: PROD_TIMEOUT_8h / 回し直し(run1): CONVERGED 6 反復、ギャップ 11.951191 eV（LDA 6.975834）、5 月との差 +0.35 eV	FAILED	11.600	TF32; 本計算 TOML(ctrlG+PB) ~/bin2; χ0 T=0, Σ GaussSmear esmr=0.003 Ry	run1	CONVERGED	6	11.951191	6.975834	fp32; 989a18637 (2026-09-29); POSCAR→vasp2ctrl→ctrlgenToml --ssig=0.8 (2026-09 の雛形); t_tetrakbt=300 t_sigmaw=300; LDA から; 最大 10 反復 (NaCoO2 20、金属 15)	0.003	2.90	14.2	Rubidium phyllo-pentafluorodiberyllate
mp-697144	Rb2H4N2	8	FAILED_MAY	5 月の失敗: NOGAP_GAP_COLLAPSED(LDA gap 1.80 eV, previous QSGW iteration 0.13 eV) / 回し直し(run1): CONVERGED 6 反復、ギャップ 4.777354 eV（LDA 1.805169）	FAILED		TF32; 本計算 TOML(ctrlG+PB) ~/bin2 → 追加の計算 TOML(05-11) ×1; χ0 T=0, Σ GaussSmear esmr=0.003 Ry	run1	CONVERGED	6	4.777354	1.805169	fp32; 989a18637 (2026-09-29); POSCAR→vasp2ctrl→ctrlgenToml --ssig=0.8 (2026-09 の雛形); t_tetrakbt=300 t_sigmaw=300; LDA から; 最大 10 反復 (NaCoO2 20、金属 15)	0.000	2.78	15.1	Rubidium dideuterioamide
mp-700	Ge4Se4	8	GOOD		GOOD	1.395	TF32; 本計算 TOML(ctrlG+PB) ~/bin2 → 追加の計算 TOML(05-11) ×1; χ0 T=0, Σ GaussSmear esmr=0.003 Ry							0.000	5.06	24.9	Germanium selenide (1/1); Germanium(II) selenide
mp-715566	Cr2O6	8	GOOD		GOOD	4.365	TF32; 本計算 TOML(ctrlG+PB) ~/bin2 → 追加の計算 TOML(05-11) ×1; χ0 T=0, Σ GaussSmear esmr=0.003 Ry							0.057	2.69	15.4	Chromium(VI) oxide
mp-720	Tl4F4	8	FAILED_MAY	5 月の失敗: PROD_TIMEOUT_8h / 回し直し(run1): CONVERGED 5 反復、ギャップ 4.731647 eV（LDA 2.903315）、5 月との差 +0.03 eV	FAILED	4.700	TF32; 本計算 TOML(ctrlG+PB) ~/bin2; χ0 T=0, Σ GaussSmear esmr=0.003 Ry	run1	CONVERGED	5	4.731647	2.903315	fp32; 989a18637 (2026-09-29); POSCAR→vasp2ctrl→ctrlgenToml --ssig=0.8 (2026-09 の雛形); t_tetrakbt=300 t_sigmaw=300; LDA から; 最大 10 反復 (NaCoO2 20、金属 15)	0.000	8.62	21.5	High pressure experimental phase; Thallium fluoride - II
mp-7204	Ca2Zn2S2O2	8	GOOD		GOOD	4.416	TF32; 本計算 TOML(ctrlG+PB) ~/bin2 → 追加の計算 TOML(05-11) ×1; χ0 T=0, Σ GaussSmear esmr=0.003 Ry							0.011	3.58	17.8	Calcium zinc oxide sulfide
mp-729933	C4O4	8	GOOD		GOOD	11.752	TF32; 本計算 TOML(ctrlG+PB) ~/bin2 → 追加の計算 TOML(05-11) ×1; χ0 T=0, Σ GaussSmear esmr=0.003 Ry							0.670	0.89	26.1	Poly(oxymethylene)
mp-730101	H8	8	FAILED_MAY	構造: NH4D2PO4 の H（D）だけを抜き出したもの。H2 分子 4 個（H–H 0.74 Å）、密度 0.04 g/cm³ / 5 月の失敗: PROD_TIMEOUT_8h / 回し直し(run1): CONVERGED 4 反復、ギャップ 15.230640 eV（LDA 9.710196）、5 月との差 +0.01 eV	FAILED	15.220	TF32; 本計算 TOML(ctrlG+PB) ~/bin2; χ0 T=0, Σ GaussSmear esmr=0.003 Ry	run1	CONVERGED	4	15.230640	9.710196	fp32; 989a18637 (2026-09-29); POSCAR→vasp2ctrl→ctrlgenToml --ssig=0.8 (2026-09 の雛形); t_tetrakbt=300 t_sigmaw=300; LDA から; 最大 10 反復 (NaCoO2 20、金属 15)	0.000	0.04	46.5	Ammonium dideuteriumphosphate
mp-736	Li6P2	8	GOOD		GOOD	1.822	TF32; 本計算 TOML(ctrlG+PB) ~/bin2 → 追加の計算 TOML(05-11) ×1; χ0 T=0, Σ GaussSmear esmr=0.003 Ry							0.000	1.48	14.5	Lithium phosphide (3/1); Trilithium phosphide; Lithium phosphide
mp-7392	Na4Ag2Sb2	8	GOOD		GOOD	1.223	TF32; 本計算 TOML(ctrlG+PB) ~/bin2 → 追加の計算 TOML(05-11) ×1; χ0 T=0, Σ GaussSmear esmr=0.003 Ry							0.000	4.38	26.1	Sodium silver antimony (2:1:1)
mp-7394	BaAg2GeS4	8	GOOD		GOOD	1.730	TF32; 本計算 TOML(ctrlG+PB) ~/bin2 → 追加の計算 TOML(05-11) ×1; χ0 T=0, Σ GaussSmear esmr=0.003 Ry							0.000	4.71	24.4	Disilver barium tetrathiogermanate
mp-743	Rb2N6	8	GOOD		GOOD	6.893	TF32; 本計算 TOML(ctrlG+PB) ~/bin2 → 追加の計算 TOML(05-11) ×1; χ0 T=0, Σ GaussSmear esmr=0.003 Ry							0.000	2.83	18.7	Rubidium azide; Rubidium azide - alpha
mp-7439	K3Cu3P2	8	GOOD		GOOD	1.986	TF32; 本計算 TOML(ctrlG+PB) ~/bin2 → 追加の計算 TOML(05-11) ×1; χ0 T=0, Σ GaussSmear esmr=0.003 Ry							0.000	3.33	23.1	Copper potassium phosphide (3/3/2)
mp-7467	Rb2Cu2O4	8	FAILED_MAY	5 月の失敗: NOGAP_GAP_COLLAPSED(LDA gap 0.80 eV, previous QSGW iteration 4.91 eV) / 回し直し(run1): CONVERGED 6 反復、ギャップ 3.534965 eV（LDA 0.800926）	FAILED		TF32; 本計算 TOML(ctrlG+PB) ~/bin2 → 追加の計算 TOML(05-11) ×1; χ0 T=0, Σ GaussSmear esmr=0.003 Ry	run1	CONVERGED	6	3.534965	0.800926	fp32; 989a18637 (2026-09-29); POSCAR→vasp2ctrl→ctrlgenToml --ssig=0.8 (2026-09 の雛形); t_tetrakbt=300 t_sigmaw=300; LDA から; 最大 10 反復 (NaCoO2 20、金属 15)	0.000	3.87	19.4	Rubidium dioxocuprate(III)
mp-7472	Rb2Au2O4	8	NOTCONV_MAY	5 月は 10 反復で収束せず（最後の 3 反復の幅 1.8813 eV、履歴 3.8953, 13.4869, 8.7181, 7.3384, 6.8368） / 回し直し(run3): CONVERGED 5 反復、ギャップ 4.076355 eV（LDA 1.390762）、5 月との差 -2.76 eV	NOTCONV	6.837	TF32; 本計算 TOML(ctrlG+PB) ~/bin2 → 追加の計算 TOML(05-11) ×1; χ0 T=0, Σ GaussSmear esmr=0.003 Ry	run3	CONVERGED	5	4.076355	1.390762	fp32; 989a18637 (2026-09-29); POSCAR→vasp2ctrl→ctrlgenToml --ssig=0.8 (2026-09 の雛形); t_tetrakbt=300 t_sigmaw=300; LDA から; 最大 10 反復 (NaCoO2 20、金属 15)	0.000	6.03	21.7	Rubidium dioxoaurate
mp-7548	Ba2Se6	8	GOOD		GOOD	2.249	TF32; 本計算 TOML(ctrlG+PB) ~/bin2 → 追加の計算 TOML(05-11) ×1; χ0 T=0, Σ GaussSmear esmr=0.003 Ry							0.000	5.30	29.3	Barium selenide (1/3)
mp-7562	TaTl3S4	8	GOOD		GOOD	3.538	TF32; 本計算 TOML(ctrlG+PB) ~/bin2 → 追加の計算 TOML(05-11) ×1; χ0 T=0, Σ GaussSmear esmr=0.003 Ry							0.000	6.57	29.2	Trithallium tantalum sulfide; Thallium tetrathiotantalate(V); Trithallium(I) tetrathiotantalate(V)
mp-7569	KAsF6	8	NOTCONV_MAY	5 月は 10 反復で収束せず（最後の 3 反復の幅 0.8032 eV、履歴 61.0170, 12.9776, 10.2523, 10.7809, 11.0555） / 回し直し(run3): CONVERGED 6 反復、ギャップ 10.543702 eV（LDA 5.127676）、5 月との差 -0.51 eV	NOTCONV	11.056	TF32; 本計算 TOML(ctrlG+PB) ~/bin2 → 追加の計算 TOML(05-11) ×1; χ0 T=0, Σ GaussSmear esmr=0.003 Ry	run3	CONVERGED	6	10.543702	5.127676	fp32; 989a18637 (2026-09-29); POSCAR→vasp2ctrl→ctrlgenToml --ssig=0.8 (2026-09 の雛形); t_tetrakbt=300 t_sigmaw=300; LDA から; 最大 10 反復 (NaCoO2 20、金属 15)	0.001	3.42	13.9	Potassium hexafluoroarsenate(V)
mp-757	Li6As2	8	GOOD		GOOD	1.719	TF32; 本計算 TOML(ctrlG+PB) ~/bin2 → 追加の計算 TOML(05-11) ×1; χ0 T=0, Σ GaussSmear esmr=0.003 Ry							0.000	2.51	15.8	Lithium arsenide; Lithium arsenide (3/1)
mp-7589	Mg4N2F2	8	NOTCONV_MAY	5 月は 10 反復で収束せず（最後の 3 反復の幅 0.4142 eV、履歴 4.4640, 5.2561, 5.4018, 5.0570, 4.9876） / 回し直し(run3): CONVERGED 6 反復、ギャップ 4.700299 eV（LDA 2.340880）、5 月との差 -0.29 eV	NOTCONV	4.988	TF32; 本計算 TOML(ctrlG+PB) ~/bin2 → 追加の計算 TOML(05-11) ×1; χ0 T=0, Σ GaussSmear esmr=0.003 Ry	run3	CONVERGED	6	4.700299	2.340880	fp32; 989a18637 (2026-09-29); POSCAR→vasp2ctrl→ctrlgenToml --ssig=0.8 (2026-09 の雛形); t_tetrakbt=300 t_sigmaw=300; LDA から; 最大 10 反復 (NaCoO2 20、金属 15)	0.091	3.09	11.0	Magnesium nitride fluoride; Dimagnesium nitride fluoride
mp-7599	Be4O4	8	GOOD		GOOD	10.489	TF32; 本計算 TOML(ctrlG+PB) ~/bin2 → 追加の計算 TOML(05-11) ×1; χ0 T=0, Σ GaussSmear esmr=0.003 Ry							0.015	2.91	7.1	Beryllium oxide; Beryllium oxide - beta, HT
mp-7610	Li2CaSiO4	8	GOOD		GOOD	7.864	TF32; 本計算 TOML(ctrlG+PB) ~/bin2 → 追加の計算 TOML(05-11) ×1; χ0 T=0, Σ GaussSmear esmr=0.003 Ry							0.000	2.86	10.6	Dilithium calcium silicate
mp-7611	Li2CaGeO4	8	GOOD		GOOD	6.693	TF32; 本計算 TOML(ctrlG+PB) ~/bin2 → 追加の計算 TOML(05-11) ×1; χ0 T=0, Σ GaussSmear esmr=0.003 Ry							0.000	3.48	11.4	Dilithium calcium germanate
mp-7639	Na4Cu2P2	8	GOOD		GOOD	1.392	TF32; 本計算 TOML(ctrlG+PB) ~/bin2 → 追加の計算 TOML(05-11) ×1; χ0 T=0, Σ GaussSmear esmr=0.003 Ry							0.000	3.02	19.3	Copper(I) disodium phosphide
mp-7642	K4Ag2As2	8	GOOD		GOOD	2.083	TF32; 本計算 TOML(ctrlG+PB) ~/bin2 → 追加の計算 TOML(05-11) ×1; χ0 T=0, Σ GaussSmear esmr=0.003 Ry							0.000	3.64	29.8	Dipotassium silver arsenide
mp-7650	Rb2Sc2O4	8	GOOD		GOOD	6.210	TF32; 本計算 TOML(ctrlG+PB) ~/bin2 → 追加の計算 TOML(05-11) ×1; χ0 T=0, Σ GaussSmear esmr=0.003 Ry							0.000	4.58	14.7	Rubidium scandium oxide - beta
mp-7773	Na4As2Au2	8	GOOD		GOOD	0.877	TF32; 本計算 TOML(ctrlG+PB) ~/bin2 → 追加の計算 TOML(05-11) ×1; χ0 T=0, Σ GaussSmear esmr=0.003 Ry							0.000	5.90	22.4	Disodium gold arsenide
mp-7774	Na4Sb2Au2	8	GOOD		GOOD	0.774	TF32; 本計算 TOML(ctrlG+PB) ~/bin2 → 追加の計算 TOML(05-11) ×1; χ0 T=0, Σ GaussSmear esmr=0.003 Ry							0.000	5.89	25.7	Sodium gold antimony (2:1:1)
mp-7801	Ca2Ge2N4	8	GOOD		GOOD	4.105	TF32; 本計算 TOML(ctrlG+PB) ~/bin2 → 追加の計算 TOML(05-11) ×1; χ0 T=0, Σ GaussSmear esmr=0.003 Ry							0.000	4.42	13.2	Calcium germanium nitride
mp-7808	Ba2P6	8	GOOD		GOOD	1.409	TF32; 本計算 TOML(ctrlG+PB) ~/bin2 → 追加の計算 TOML(05-11) ×1; χ0 T=0, Σ GaussSmear esmr=0.003 Ry							0.000	3.79	25.2	Barium triphosphide; Barium phosphide (1/3)
mp-7897	K6P2	8	GOOD		GOOD	1.144	TF32; 本計算 TOML(ctrlG+PB) ~/bin2 → 追加の計算 TOML(05-11) ×1; χ0 T=0, Σ GaussSmear esmr=0.003 Ry							0.000	1.76	34.9	Potassium phosphide
mp-7921	MgPdF6	8	NOTCONV_MAY	5 月は 10 反復で収束せず（最後の 3 反復の幅 0.2301 eV、履歴 6.4376, 4.3717, 5.1342, 5.3558, 5.3642） / 回し直し(run3): CONVERGED 6 反復、ギャップ 5.911959 eV（LDA 1.820979）、5 月との差 +0.55 eV	NOTCONV	5.364	TF32; 本計算 TOML(ctrlG+PB) ~/bin2 → 追加の計算 TOML(05-11) ×1; χ0 T=0, Σ GaussSmear esmr=0.003 Ry	run3	CONVERGED	6	5.911959	1.820979	fp32; 989a18637 (2026-09-29); POSCAR→vasp2ctrl→ctrlgenToml --ssig=0.8 (2026-09 の雛形); t_tetrakbt=300 t_sigmaw=300; LDA から; 最大 10 反復 (NaCoO2 20、金属 15)	0.000	4.28	11.9	Magnesium hexafluoropalladate(IV)
mp-7922	CaPdF6	8	NOTCONV_MAY	5 月は 10 反復で収束せず（最後の 3 反復の幅 0.1691 eV、履歴 5.6216, 5.9572, 6.1395, 6.2826, 6.1135） / 回し直し(run3): CONVERGED 6 反復、ギャップ 6.314140 eV（LDA 2.023140）、5 月との差 +0.20 eV	NOTCONV	6.114	TF32; 本計算 TOML(ctrlG+PB) ~/bin2 → 追加の計算 TOML(05-11) ×1; χ0 T=0, Σ GaussSmear esmr=0.003 Ry	run3	CONVERGED	6	6.314140	2.023140	fp32; 989a18637 (2026-09-29); POSCAR→vasp2ctrl→ctrlgenToml --ssig=0.8 (2026-09 の雛形); t_tetrakbt=300 t_sigmaw=300; LDA から; 最大 10 反復 (NaCoO2 20、金属 15)	0.000	3.86	14.0	Calcium hexafluoropalladate(IV)
mp-7936	Li2Nb2S4	8	GOOD		GOOD	1.402	TF32; 本計算 TOML(ctrlG+PB) ~/bin2 → 追加の計算 TOML(05-11) ×1; χ0 T=0, Σ GaussSmear esmr=0.003 Ry							0.000	4.27	15.9	Lithium niobium sulfide (.7/1/2)
mp-7937	Na2Nb2S4	8	GOOD		GOOD	1.371	TF32; 本計算 TOML(ctrlG+PB) ~/bin2 → 追加の計算 TOML(05-11) ×1; χ0 T=0, Σ GaussSmear esmr=0.003 Ry							0.000	4.15	18.0	Sodium niobium sulfide (.7/1/2)
mp-7938	K2Nb2S4	8	GOOD		GOOD	1.517	TF32; 本計算 TOML(ctrlG+PB) ~/bin2 → 追加の計算 TOML(05-11) ×1; χ0 T=0, Σ GaussSmear esmr=0.003 Ry							0.009	4.00	20.3	Potassium niobium sulfide (.7/1/2)
mp-7939	Na2Nb2Se4	8	GOOD		GOOD	1.210	TF32; 本計算 TOML(ctrlG+PB) ~/bin2 → 追加の計算 TOML(05-11) ×1; χ0 T=0, Σ GaussSmear esmr=0.003 Ry							0.000	5.55	20.5	Sodium niobium selenide (.7/1/2)
mp-7955	Li6Sb2	8	GOOD		GOOD	1.449	TF32; 本計算 TOML(ctrlG+PB) ~/bin2 → 追加の計算 TOML(05-11) ×1; χ0 T=0, Σ GaussSmear esmr=0.003 Ry							0.000	3.02	19.6	Lithium antimonide - alpha
mp-7956	Na6Sb2	8	GOOD		GOOD	1.396	TF32; 本計算 TOML(ctrlG+PB) ~/bin2 → 追加の計算 TOML(05-11) ×1; χ0 T=0, Σ GaussSmear esmr=0.003 Ry							0.000	2.73	29.0	Sodium antimonide
mp-796276	Mo2O6	8	SUSPECT_GOOD	5 月は GOOD だが QSGW80 のギャップが LDA より小さい（履歴 1.7149, 0.7988, 1.0927, 1.0956, 1.0694） / 回し直し(run3): CONVERGED 7 反復、ギャップ 0.981008 eV（LDA 1.137048）、5 月との差 -0.09 eV	GOOD	1.069	TF32; 本計算 TOML(ctrlG+PB) ~/bin2 → 追加の計算 TOML(05-11) ×1; χ0 T=0, Σ GaussSmear esmr=0.003 Ry	run3	CONVERGED	7	0.981008	1.137048	fp32; 989a18637 (2026-09-29); POSCAR→vasp2ctrl→ctrlgenToml --ssig=0.8 (2026-09 の雛形); t_tetrakbt=300 t_sigmaw=300; LDA から; 最大 10 反復 (NaCoO2 20、金属 15)	0.053	4.71	12.7	Molybdenum oxide hydroxide *; Molybdenum oxide hydroxide (2/5/1)
mp-8016	Al2Cu2Se4	8	GOOD		GOOD	2.320	TF32; 本計算 TOML(ctrlG+PB) ~/bin2 → 追加の計算 TOML(05-11) ×1; χ0 T=0, Σ GaussSmear esmr=0.003 Ry							0.000	4.78	21.6	Chalcopyrite; Copper aluminum diselenide; Aluminium copper(I) selenide; Copper(I) aluminium selenide
mp-8017	Al2Cu2Te4	8	GOOD		GOOD	2.242	TF32; 本計算 TOML(ctrlG+PB) ~/bin2 → 追加の計算 TOML(05-11) ×1; χ0 T=0, Σ GaussSmear esmr=0.003 Ry							0.000	5.25	27.3	Aluminium copper(I) telluride; Copper(I) aluminium telluride
mp-8179	Li2Tl2O4	8	GOOD		GOOD	1.391	TF32; 本計算 TOML(ctrlG+PB) ~/bin2 → 追加の計算 TOML(05-11) ×1; χ0 T=0, Σ GaussSmear esmr=0.003 Ry							0.023	8.08	12.5	Lithium thallium(III) oxide - beta, HT
mp-8224	CaSnF6	8	NOTCONV_MAY	5 月は 10 反復で収束せず（最後の 3 反復の幅 0.1068 eV、履歴 10.5961, 10.8020, 10.5809, 10.6080, 10.6877） / 回し直し(run3): CONVERGED 6 反復、ギャップ 10.662416 eV（LDA 5.460173）、5 月との差 -0.03 eV	NOTCONV	10.688	TF32; 本計算 TOML(ctrlG+PB) ~/bin2 → 追加の計算 TOML(05-11) ×1; χ0 T=0, Σ GaussSmear esmr=0.003 Ry	run3	CONVERGED	6	10.662416	5.460173	fp32; 989a18637 (2026-09-29); POSCAR→vasp2ctrl→ctrlgenToml --ssig=0.8 (2026-09 の雛形); t_tetrakbt=300 t_sigmaw=300; LDA から; 最大 10 反復 (NaCoO2 20、金属 15)	0.001	3.02	18.8	Calcium hexafluorostannate
mp-8234	Ba2Te6	8	GOOD		GOOD	1.652	TF32; 本計算 TOML(ctrlG+PB) ~/bin2 → 追加の計算 TOML(05-11) ×1; χ0 T=0, Σ GaussSmear esmr=0.003 Ry							0.000	5.90	36.6	Barium telluride (1/3)
mp-8255	CaPtF6	8	GOOD		GOOD	6.611	TF32; 本計算 TOML(ctrlG+PB) ~/bin2 → 追加の計算 TOML(05-11) ×1; χ0 T=0, Σ GaussSmear esmr=0.003 Ry							0.000	5.00	14.5	Calcium hexafluoroplatinate
mp-8256	ZnPtF6	8	NOTCONV_MAY	5 月は 10 反復で収束せず（最後の 3 反復の幅 14.0367 eV、履歴 4.2993, 3.7165, 18.5010, 4.4642, 5.5725） / 回し直し(run3): CONVERGED 6 反復、ギャップ 6.002285 eV（LDA 2.007324）、5 月との差 +0.43 eV	NOTCONV	5.572	TF32; 本計算 TOML(ctrlG+PB) ~/bin2 → 追加の計算 TOML(05-11) ×1; χ0 T=0, Σ GaussSmear esmr=0.003 Ry	run3	CONVERGED	6	6.002285	2.007324	fp32; 989a18637 (2026-09-29); POSCAR→vasp2ctrl→ctrlgenToml --ssig=0.8 (2026-09 の雛形); t_tetrakbt=300 t_sigmaw=300; LDA から; 最大 10 反復 (NaCoO2 20、金属 15)	0.000	6.37	12.2	Zinc hexafluoroplatinate
mp-827	K2N6	8	GOOD		GOOD	7.315	TF32; 本計算 TOML(ctrlG+PB) ~/bin2 → 追加の計算 TOML(05-11) ×1; χ0 T=0, Σ GaussSmear esmr=0.003 Ry							0.000	2.06	16.4	Potassium azide; Potassium nitride (1/3)
mp-8289	Sn2F6	8	GOOD		GOOD	5.880	TF32; 本計算 TOML(ctrlG+PB) ~/bin2 → 追加の計算 TOML(05-11) ×1; χ0 T=0, Σ GaussSmear esmr=0.003 Ry							0.000	3.55	20.6	Tin hexafluorostannate - gamma, HT
mp-8290	BaSnF6	8	NOTCONV_MAY	5 月は 10 反復で収束せず（最後の 3 反復の幅 0.1250 eV、履歴 11.7033, 9.5621, 9.6313, 9.5063, 9.6195） / 回し直し(run3): CONVERGED 6 反復、ギャップ 9.693062 eV（LDA 5.180288）、5 月との差 +0.07 eV	NOTCONV	9.619	TF32; 本計算 TOML(ctrlG+PB) ~/bin2 → 追加の計算 TOML(05-11) ×1; χ0 T=0, Σ GaussSmear esmr=0.003 Ry	run3	CONVERGED	6	9.693062	5.180288	fp32; 989a18637 (2026-09-29); POSCAR→vasp2ctrl→ctrlgenToml --ssig=0.8 (2026-09 の雛形); t_tetrakbt=300 t_sigmaw=300; LDA から; 最大 10 反復 (NaCoO2 20、金属 15)	0.000	5.24	14.6	Barium hexafluorostannate
mp-8291	BaTiF6	8	NOTCONV_MAY	5 月は 10 反復で収束せず（最後の 3 反復の幅 0.1119 eV、履歴 8.3112, 8.5828, 8.5874, 8.6993, 8.5992） / 回し直し(run3): CONVERGED 7 反復、ギャップ 8.728307 eV（LDA 4.357562）、5 月との差 +0.13 eV	NOTCONV	8.599	TF32; 本計算 TOML(ctrlG+PB) ~/bin2 → 追加の計算 TOML(05-11) ×1; χ0 T=0, Σ GaussSmear esmr=0.003 Ry	run3	CONVERGED	7	8.728307	4.357562	fp32; 989a18637 (2026-09-29); POSCAR→vasp2ctrl→ctrlgenToml --ssig=0.8 (2026-09 の雛形); t_tetrakbt=300 t_sigmaw=300; LDA から; 最大 10 反復 (NaCoO2 20、金属 15)	0.000	4.33	14.3	Barium hexafluorotitanate
mp-8311	Si3NiP4	8	GOOD		GOOD	0.708	TF32; 本計算 TOML(ctrlG+PB) ~/bin2 → 追加の計算 TOML(05-11) ×1; χ0 T=0, Σ GaussSmear esmr=0.003 Ry							0.000	3.21	17.3	Nickel silicon phosphide (1/3/4)
mp-8348	TlSbF6	8	FAILED_MAY	5 月の失敗: PROD_TIMEOUT_8h / 回し直し(run1): CONVERGED 6 反復、ギャップ 7.804920 eV（LDA 4.143709）、5 月との差 +6.19 eV	FAILED	1.612	TF32; 本計算 TOML(ctrlG+PB) ~/bin2; χ0 T=0, Σ GaussSmear esmr=0.003 Ry	run1	CONVERGED	6	7.804920	4.143709	fp32; 989a18637 (2026-09-29); POSCAR→vasp2ctrl→ctrlgenToml --ssig=0.8 (2026-09 の雛形); t_tetrakbt=300 t_sigmaw=300; LDA から; 最大 10 反復 (NaCoO2 20、金属 15)	0.000	5.55	16.5	Thallium hexafluoroantimonate
mp-8360	Rb4Te4	8	FAILED_MAY	5 月の失敗: PROD_TIMEOUT_8h / 回し直し(run1): CONVERGED 5 反復、ギャップ 2.270933 eV（LDA 0.742770）、5 月との差 +0.15 eV	FAILED	2.120	TF32; 本計算 TOML(ctrlG+PB) ~/bin2; χ0 T=0, Σ GaussSmear esmr=0.003 Ry	run1	CONVERGED	5	2.270933	0.742770	fp32; 989a18637 (2026-09-29); POSCAR→vasp2ctrl→ctrlgenToml --ssig=0.8 (2026-09 の雛形); t_tetrakbt=300 t_sigmaw=300; LDA から; 最大 10 反復 (NaCoO2 20、金属 15)	0.000	4.39	40.3	Rubidium telluride (2/2) - beta
mp-8361	Cs4Te4	8	FAILED_MAY	5 月の失敗: PROD_TIMEOUT_8h / 回し直し(run1): CONVERGED 5 反復、ギャップ 2.528535 eV（LDA 0.930500）、5 月との差 +0.09 eV	FAILED	2.442	TF32; 本計算 TOML(ctrlG+PB) ~/bin2; χ0 T=0, Σ GaussSmear esmr=0.003 Ry	run1	CONVERGED	5	2.528535	0.930500	fp32; 989a18637 (2026-09-29); POSCAR→vasp2ctrl→ctrlgenToml --ssig=0.8 (2026-09 の雛形); t_tetrakbt=300 t_sigmaw=300; LDA から; 最大 10 反復 (NaCoO2 20、金属 15)	0.000	4.70	46.0	Cesium telluride (2/2)
mp-841	Li4O4	8	GOOD		GOOD	5.843	TF32; 本計算 TOML(ctrlG+PB) ~/bin2 → 追加の計算 TOML(05-11) ×1; χ0 T=0, Σ GaussSmear esmr=0.003 Ry							0.000	2.41	7.9	Dilithium peroxide
mp-8446	K4Cu2P2	8	FAILED_MAY	5 月の失敗: PROD_TIMEOUT_8h / 回し直し(run1): CONVERGED 5 反復、ギャップ 2.160216 eV（LDA 1.073362）、5 月との差 +0.02 eV	FAILED	2.143	TF32; 本計算 TOML(ctrlG+PB) ~/bin2; χ0 T=0, Σ GaussSmear esmr=0.003 Ry	run1	CONVERGED	5	2.160216	1.073362	fp32; 989a18637 (2026-09-29); POSCAR→vasp2ctrl→ctrlgenToml --ssig=0.8 (2026-09 の雛形); t_tetrakbt=300 t_sigmaw=300; LDA から; 最大 10 反復 (NaCoO2 20、金属 15)	0.000	2.75	26.1	Dipotassium copper phosphide
mp-863757	K4Sb2Au2	8	FAILED_MAY	5 月の失敗: PROD_TIMEOUT_8h / 回し直し(run1): CONVERGED 5 反復、ギャップ 1.779096 eV（LDA 0.871825）、5 月との差 -0.01 eV	FAILED	1.788	TF32; 本計算 TOML(ctrlG+PB) ~/bin2; χ0 T=0, Σ GaussSmear esmr=0.003 Ry	run1	CONVERGED	5	1.779096	0.871825	fp32; 989a18637 (2026-09-29); POSCAR→vasp2ctrl→ctrlgenToml --ssig=0.8 (2026-09 の雛形); t_tetrakbt=300 t_sigmaw=300; LDA から; 最大 10 反復 (NaCoO2 20、金属 15)	0.000	4.86	33.9	Potassium gold antimonide (2/1/1)
mp-864954	Mg2Mo2N4	8	GOOD		GOOD	1.578	TF32; 本計算 TOML(ctrlG+PB) ~/bin2 → 追加の計算 TOML(05-11) ×1; χ0 T=0, Σ GaussSmear esmr=0.003 Ry							0.000	6.37	9.7	Magnesium molybdenum dinitride
mp-867515	Na2Co2O4	8	NOTCONV_MAY	5 月は 10 反復で収束せず（最後の 3 反復の幅 0.1091 eV、履歴 2.8570, 3.4392, 3.5383, 3.6123, 3.6475） / 回し直し(run3x(続き)): CONVERGED 19 反復、ギャップ 3.678100 eV（LDA 0.723683）、5 月との差 +0.03 eV	NOTCONV	3.647	TF32; 本計算 TOML(ctrlG+PB) ~/bin2 → 追加の計算 TOML(05-11) ×1; χ0 T=0, Σ GaussSmear esmr=0.003 Ry	run3x(続き)	CONVERGED	19	3.678100	0.723683	fp32; 989a18637 (2026-09-29); POSCAR→vasp2ctrl→ctrlgenToml --ssig=0.8 (2026-09 の雛形); t_tetrakbt=300 t_sigmaw=300; LDA から; 最大 10 反復 (NaCoO2 20、金属 15)	0.014	5.08	9.3	Sodium cobalt(III) oxide (1/1/2)
mp-870	Tl2N6	8	FAILED_MAY	5 月の失敗: PROD_NaN_lqpe / 回し直し(run1): CONVERGED 5 反復、ギャップ 2.958804 eV（LDA 1.479471）	FAILED		TF32; 本計算 TOML(ctrlG+PB) ~/bin2; χ0 T=0, Σ GaussSmear esmr=0.003 Ry	run1	CONVERGED	5	2.958804	1.479471	fp32; 989a18637 (2026-09-29); POSCAR→vasp2ctrl→ctrlgenToml --ssig=0.8 (2026-09 の雛形); t_tetrakbt=300 t_sigmaw=300; LDA から; 最大 10 反復 (NaCoO2 20、金属 15)	0.311	5.82	17.6	Thallium azide; Thallium(I) azide
mp-8703	Na3SbSe4	8	GOOD		GOOD	2.538	TF32; 本計算 TOML(ctrlG+PB) ~/bin2 → 追加の計算 TOML(05-11) ×1; χ0 T=0, Σ GaussSmear esmr=0.003 Ry							0.000	4.00	26.3	Trisodium tetraseleno antimonate
mp-871	Fe4Si4	8	GOOD		GOOD	0.282	TF32; 本計算 TOML(ctrlG+PB) ~/bin2 → 追加の計算 TOML(05-11) ×1; χ0 T=0, Σ GaussSmear esmr=0.003 Ry							0.000	6.53	10.7	Iron silicon (1/1); Naquite; Iron silicide (1/1); Fersilicite; Iron silicide (1/1) - epsilon; High pressure experimental
mp-8978	Cs2Nb2N4	8	GOOD		GOOD	2.498	TF32; 本計算 TOML(ctrlG+PB) ~/bin2 → 追加の計算 TOML(05-11) ×1; χ0 T=0, Σ GaussSmear esmr=0.003 Ry							0.008	4.68	22.5	Cesium niobium nitride
mp-9122	Ca2P6	8	GOOD		GOOD	0.437	TF32; 本計算 TOML(ctrlG+PB) ~/bin2 → 追加の計算 TOML(05-11) ×1; χ0 T=0, Σ GaussSmear esmr=0.003 Ry							0.000	2.72	20.3	Calcium phosphide (1/3)
mp-9143	LiPF6	8	NOTCONV_MAY	5 月は 10 反復で収束せず（最後の 3 反復の幅 2.6132 eV、履歴 13.2709, 25.4050, 19.6095, 17.4852, 16.9963） / 回し直し(run3): CONVERGED 6 反復、ギャップ 13.516106 eV（LDA 8.046911）、5 月との差 -3.48 eV	NOTCONV	16.996	TF32; 本計算 TOML(ctrlG+PB) ~/bin2 → 追加の計算 TOML(05-11) ×1; χ0 T=0, Σ GaussSmear esmr=0.003 Ry	run3	CONVERGED	6	13.516106	8.046911	fp32; 989a18637 (2026-09-29); POSCAR→vasp2ctrl→ctrlgenToml --ssig=0.8 (2026-09 の雛形); t_tetrakbt=300 t_sigmaw=300; LDA から; 最大 10 反復 (NaCoO2 20、金属 15)	0.000	3.04	10.4	Lithium hexafluorophosphate
mp-9144	LiAsF6	8	GOOD		GOOD	10.811	TF32; 本計算 TOML(ctrlG+PB) ~/bin2 → 追加の計算 TOML(05-11) ×1; χ0 T=0, Σ GaussSmear esmr=0.003 Ry							0.000	3.64	11.2	Lithium hexafluoroarsenate
mp-9195	Ba2Cu2Se2F2	8	GOOD		GOOD	2.754	TF32; 本計算 TOML(ctrlG+PB) ~/bin2 → 追加の計算 TOML(05-11) ×1; χ0 T=0, Σ GaussSmear esmr=0.003 Ry							0.112	5.90	21.0	Barium copper fluoride selenide
mp-9273	K3Sb2Au3	8	FAILED_MAY	5 月の失敗: PROD_TIMEOUT_8h / 回し直し(run1): CONVERGED 4 反復、ギャップ 1.624304 eV（LDA 0.985786）、5 月との差 +0.15 eV	FAILED	1.478	TF32; 本計算 TOML(ctrlG+PB) ~/bin2; χ0 T=0, Σ GaussSmear esmr=0.003 Ry	run1	CONVERGED	4	1.624304	0.985786	fp32; 989a18637 (2026-09-29); POSCAR→vasp2ctrl→ctrlgenToml --ssig=0.8 (2026-09 の雛形); t_tetrakbt=300 t_sigmaw=300; LDA から; 最大 10 反復 (NaCoO2 20、金属 15)	0.000	6.46	30.6	Potassium gold antimonide (3/3/2)
mp-9274	Rb3Sb2Au3	8	FAILED_MAY	5 月の失敗: PROD_TIMEOUT_8h / 回し直し(run1): CONVERGED 5 反復、ギャップ 1.827489 eV（LDA 1.118788）、5 月との差 -0.27 eV	FAILED	2.101	TF32; 本計算 TOML(ctrlG+PB) ~/bin2; χ0 T=0, Σ GaussSmear esmr=0.003 Ry	run1	CONVERGED	5	1.827489	1.118788	fp32; 989a18637 (2026-09-29); POSCAR→vasp2ctrl→ctrlgenToml --ssig=0.8 (2026-09 の雛形); t_tetrakbt=300 t_sigmaw=300; LDA から; 最大 10 反復 (NaCoO2 20、金属 15)	0.000	6.71	33.7	Rubidium gold antimonide (3/3/2)
mp-9295	TaCu3Te4	8	GOOD		GOOD	1.807	TF32; 本計算 TOML(ctrlG+PB) ~/bin2 → 追加の計算 TOML(05-11) ×1; χ0 T=0, Σ GaussSmear esmr=0.003 Ry							0.000	6.92	26.5	Tantalum tricopper(I) tetratelluride; Tricopper(I) tetratellurotantalate
mp-9486	K2AlF5	8	GOOD		GOOD	11.087	TF32; 本計算 TOML(ctrlG+PB) ~/bin2 → 追加の計算 TOML(05-11) ×1; χ0 T=0, Σ GaussSmear esmr=0.003 Ry							0.000	2.60	16.0	Dipotassium pentafluoroaluminate
mp-9490	KAg2SbS4	8	GOOD		GOOD	1.822	TF32; 本計算 TOML(ctrlG+PB) ~/bin2 → 追加の計算 TOML(05-11) ×1; χ0 T=0, Σ GaussSmear esmr=0.003 Ry							0.006	3.92	26.7	Potassium tecto-tetrathiodiargentoantimonate
mp-9517	Sr2Ti2N4	8	GOOD		GOOD	2.045	TF32; 本計算 TOML(ctrlG+PB) ~/bin2 → 追加の計算 TOML(05-11) ×1; χ0 T=0, Σ GaussSmear esmr=0.003 Ry							0.000	4.66	14.6	Strontium titanium nitride
mp-9579	Al2Tl2Se4	8	GOOD		GOOD	1.404	TF32; 本計算 TOML(ctrlG+PB) ~/bin2 → 追加の計算 TOML(05-11) ×1; χ0 T=0, Σ GaussSmear esmr=0.003 Ry							0.009	6.08	26.6	Thallium diselenoaluminate
mp-9580	Tl2Ga2Se4	8	GOOD		GOOD	1.356	TF32; 本計算 TOML(ctrlG+PB) ~/bin2 → 追加の計算 TOML(05-11) ×1; χ0 T=0, Σ GaussSmear esmr=0.003 Ry							0.016	6.49	27.6	Thallium diselenogallate - HP
mp-9631	Al2Ag2O4	8	GOOD		GOOD	3.216	TF32; 本計算 TOML(ctrlG+PB) ~/bin2 → 追加の計算 TOML(05-11) ×1; χ0 T=0, Σ GaussSmear esmr=0.003 Ry							0.000	6.31	11.0	Silver aluminium oxide; Silver(I) dioxoaluminate - 2H
mp-9636	CsSbF6	8	SUSPECT_GOOD	5 月は GOOD だが 2 反復目以降に 0.5 eV を超えて振動（履歴 9.5758, 10.1857, 9.4742, 9.5269, 9.5218） / 回し直し(run3): CONVERGED 6 反復、ギャップ 10.198779 eV（LDA 5.227938）、5 月との差 +0.68 eV	GOOD	9.522	TF32; 本計算 TOML(ctrlG+PB) ~/bin2 → 追加の計算 TOML(05-11) ×1; χ0 T=0, Σ GaussSmear esmr=0.003 Ry	run3	CONVERGED	6	10.198779	5.227938	fp32; 989a18637 (2026-09-29); POSCAR→vasp2ctrl→ctrlgenToml --ssig=0.8 (2026-09 の雛形); t_tetrakbt=300 t_sigmaw=300; LDA から; 最大 10 反復 (NaCoO2 20、金属 15)	0.000	4.31	17.8	Cesium hexafluoroantimonate
mp-9687	K4P2Au2	8	FAILED_MAY	5 月の失敗: PROD_TIMEOUT_8h / 回し直し(run1): CONVERGED 5 反復、ギャップ 1.812703 eV（LDA 0.806899）、5 月との差 -0.00 eV	FAILED	1.815	TF32; 本計算 TOML(ctrlG+PB) ~/bin2; χ0 T=0, Σ GaussSmear esmr=0.003 Ry	run1	CONVERGED	5	1.812703	0.806899	fp32; 989a18637 (2026-09-29); POSCAR→vasp2ctrl→ctrlgenToml --ssig=0.8 (2026-09 の雛形); t_tetrakbt=300 t_sigmaw=300; LDA から; 最大 10 反復 (NaCoO2 20、金属 15)	0.000	4.53	28.1	Dipotassium catena-phosphidoaurate
mp-972937	Sc2Al2C2O2	8	GOOD		GOOD	1.538	TF32; 本計算 TOML(ctrlG+PB) ~/bin2 → 追加の計算 TOML(05-11) ×1; χ0 T=0, Σ GaussSmear esmr=0.003 Ry							0.016	3.56	11.6	Scandium aluminium oxide carbide (1/1/1/1)
mp-975140	RbZn4P3	8	GOOD		GOOD	1.180	TF32; 本計算 TOML(ctrlG+PB) ~/bin2 → 追加の計算 TOML(05-11) ×1; χ0 T=0, Σ GaussSmear esmr=0.003 Ry							0.000	4.45	20.5	Rubidium tetrazinc triphosphide
mp-9778	K4Ag2P2	8	FAILED_MAY	5 月の失敗: PROD_TIMEOUT_8h / 回し直し(run1): CONVERGED 5 反復、ギャップ 2.187619 eV（LDA 1.100432）、5 月との差 -0.02 eV	FAILED	2.205	TF32; 本計算 TOML(ctrlG+PB) ~/bin2; χ0 T=0, Σ GaussSmear esmr=0.003 Ry	run1	CONVERGED	5	2.187619	1.100432	fp32; 989a18637 (2026-09-29); POSCAR→vasp2ctrl→ctrlgenToml --ssig=0.8 (2026-09 の雛形); t_tetrakbt=300 t_sigmaw=300; LDA から; 最大 10 反復 (NaCoO2 20、金属 15)	0.000	3.20	28.1	Dipotassium catena-phosphidoargentate
mp-9819	RbAsF6	8	GOOD		GOOD	10.532	TF32; 本計算 TOML(ctrlG+PB) ~/bin2 → 追加の計算 TOML(05-11) ×1; χ0 T=0, Σ GaussSmear esmr=0.003 Ry							0.000	3.84	14.8	Rubidium hexafluoroarsenate(V)
mp-9820	CsAsF6	8	GOOD		GOOD	10.661	TF32; 本計算 TOML(ctrlG+PB) ~/bin2 → 追加の計算 TOML(05-11) ×1; χ0 T=0, Σ GaussSmear esmr=0.003 Ry							0.000	3.96	16.9	Cesium hexafluoroarsenate(V)
mp-9821	RbSbF6	8	NOTCONV_MAY	5 月は 10 反復で収束せず（最後の 3 反復の幅 0.1522 eV、履歴 10.0983, 10.1302, 10.2112, 10.0641, 10.0591） / 回し直し(run3): CONVERGED 6 反復、ギャップ 10.107447 eV（LDA 5.106297）、5 月との差 +0.05 eV	NOTCONV	10.059	TF32; 本計算 TOML(ctrlG+PB) ~/bin2 → 追加の計算 TOML(05-11) ×1; χ0 T=0, Σ GaussSmear esmr=0.003 Ry	run3	CONVERGED	6	10.107447	5.106297	fp32; 989a18637 (2026-09-29); POSCAR→vasp2ctrl→ctrlgenToml --ssig=0.8 (2026-09 の雛形); t_tetrakbt=300 t_sigmaw=300; LDA から; 最大 10 反復 (NaCoO2 20、金属 15)	0.000	4.25	15.7	Rubidium hexafluoroantimonate
mp-983565	Cu2B2Se4	8	GOOD		GOOD	2.271	TF32; 本計算 TOML(ctrlG+PB) ~/bin2 → 追加の計算 TOML(05-11) ×1; χ0 T=0, Σ GaussSmear esmr=0.003 Ry							0.005	5.71	16.9	Boron copper(I) selenide
mp-9911	K3SbS4	8	GOOD		GOOD	4.171	TF32; 本計算 TOML(ctrlG+PB) ~/bin2 → 追加の計算 TOML(05-11) ×1; χ0 T=0, Σ GaussSmear esmr=0.003 Ry							0.008	2.61	29.2	Tripotassium tetrathioantimonate
mp-991652	VCu3Te4	8	GOOD		GOOD	1.135	TF32; 本計算 TOML(ctrlG+PB) ~/bin2 → 追加の計算 TOML(05-11) ×1; χ0 T=0, Σ GaussSmear esmr=0.003 Ry							0.000	6.09	25.6	Tricopper(I) tetratellurovanadate
mp-991676	NbCu3Te4	8	GOOD		GOOD	1.575	TF32; 本計算 TOML(ctrlG+PB) ~/bin2 → 追加の計算 TOML(05-11) ×1; χ0 T=0, Σ GaussSmear esmr=0.003 Ry							0.000	6.19	26.6	Tricopper telluroniobate; Tricopper(I) tetratelluroniobate(V)
mp-9920	Ti2S6	8	GOOD		GOOD	1.145	TF32; 本計算 TOML(ctrlG+PB) ~/bin2 → 追加の計算 TOML(05-11) ×1; χ0 T=0, Σ GaussSmear esmr=0.003 Ry							0.000	3.12	19.2	Titanium sulfide (1/3)
mp-9921	Zr2S6	8	DRIFT_GOOD	5 月は収束の基準を満たしたが、最後の 3 反復が同じ向きに +0.09 eV 動いていた（履歴 2.3225, 2.3966, 2.4104）。回し直していない	GOOD	2.410	TF32; 本計算 TOML(ctrlG+PB) ~/bin2 → 追加の計算 TOML(05-11) ×1; χ0 T=0, Σ GaussSmear esmr=0.003 Ry							0.000	3.61	21.6	Zirconium sulfide (1/3)
mp-9922	Hf2S6	8	FAILED_MAY	5 月の失敗: PROD_TIMEOUT_8h / 回し直し(run1): CONVERGED 5 反復、ギャップ 2.295576 eV（LDA 0.875094）、5 月との差 +0.04 eV	FAILED	2.259	TF32; 本計算 TOML(ctrlG+PB) ~/bin2; χ0 T=0, Σ GaussSmear esmr=0.003 Ry	run1	CONVERGED	5	2.295576	0.875094	fp32; 989a18637 (2026-09-29); POSCAR→vasp2ctrl→ctrlgenToml --ssig=0.8 (2026-09 の雛形); t_tetrakbt=300 t_sigmaw=300; LDA から; 最大 10 反復 (NaCoO2 20、金属 15)	0.000	5.43	21.0	Hafnium sulfide (1/3)
