mpid	formula	natom	prod_status	prod_category	prod_date	prod_input	prod_bindir	prod_iter	ac_status	ac_when	redo_status	redo_when	n_ac_runs	qsgw_iter_final	gap_history_eV	last3_swing_eV	last3_swing_from_QSGWrun_logs_eV	gap_LDA_eV	gap_QSGW80_last_llmf_eV	sigma_m	dir_MB	failbackup_MB	fp32_1iter_check	final_state	final_detail	rerun_action	note
mp-1056418	Sr	1	done		2026-04-03 22:32:05	legacy(ctrl+GWinput)	~/bin2	5	FAIL(rc=1,rst-rmt-mismatch@llmf_start(lmf))	s1 2026-05-11 11:26:34	FAIL(rc=3,no-gap-in-llmf)	v3 2026-05-13 13:22:09	3	1				0.433		10.7	1607	39		FAILED	NOGAP_GAP_COLLAPSED(LDA gap 0.43 eV)	rerun from scratch with --prec=fp32	
mp-1000	BaTe	2	done		2026-04-03 21:30:45	legacy(ctrl+GWinput)	~/bin2	5	FAIL(rc=1,rst-rmt-mismatch@llmf_start(lmf))	v2 2026-05-11 22:39:04	CONVERGED	v3 2026-05-12 17:51:58 iter 5	2	5	2.7371, 2.8773, 2.9097, 2.9882, 2.9331	0.0785	0.082	1.547	2.933	16.6	20	15		GOOD	CONVERGED		
mp-10013	SnS	2	done		2026-04-03 21:36:36	legacy(ctrl+GWinput)	~/bin2	5	FAIL(rc=1,CUDA_OOM@hvccfp0_mp_gpu --job=3)	v2 2026-05-11 22:53:55	CONVERGED	v3 2026-05-12 17:35:44 iter 4	2	4	0.3592, 0.5407, 0.5337, 0.5486	0.0149	0.014	0.059	0.549	15.6	18	107		GOOD	CONVERGED		
mp-10044	BAs	2	done		2026-04-03 21:40:33	legacy(ctrl+GWinput)	~/bin2	5	CONVERGED	s1 2026-05-11 11:29:03 iter 8			1	8	1.8388, 1.8706, 1.8667	0.0318	0.027	1.173	1.867	19.1	16			GOOD	CONVERGED		
mp-1009129	MgO	2	done		2026-04-03 21:44:39	legacy(ctrl+GWinput)	~/bin2	5	CONVERGED	s1 2026-05-11 08:29:20 iter 10			1	10	5.7882, 6.0283, 6.1503, 6.1211, 6.1218	0.0292	0.027	3.039	6.122	58.7	22			GOOD	CONVERGED		
mp-1056920	CsI	2	done		2026-04-03 21:53:16	legacy(ctrl+GWinput)	~/bin2	5	FAIL(rc=1,rst-rmt-mismatch@llmf_start(lmf))	v2 2026-05-12 04:15:37	CONVERGED	v3 2026-05-13 13:41:50 iter 4	2	4	5.5018, 5.6926, 5.6689, 5.7479	0.0789	0.068	3.405	5.748	11.4	21	18		GOOD	CONVERGED		
mp-1057286	CsH	2	done		2026-04-03 21:57:51	legacy(ctrl+GWinput)	~/bin2	5	FAIL(rc=1,rst-rmt-mismatch@llmf_start(lmf))	v2 2026-05-12 04:19:48	CONVERGED	v3 2026-05-13 13:43:20 iter 4	2	4	4.0726, 4.5093, 4.5040, 4.5960	0.0920	0.095	1.959	4.596	11.4	14	11		GOOD	CONVERGED		
mp-10627	SrS	2	done		2026-04-03 22:03:24	legacy(ctrl+GWinput)	~/bin2	5	FAIL(rc=1,rst-rmt-mismatch@llmf_start(lmf))	v2 2026-05-12 04:35:51	CONVERGED	v3 2026-05-13 14:54:53 iter 4	2	4	2.9943, 3.3086, 3.3191, 3.3262	0.0176	0.014	1.622	3.326	11.7	18	14		GOOD	CONVERGED		
mp-10653	SrTe	2	done		2026-04-03 22:10:17	legacy(ctrl+GWinput)	~/bin2	5	FAIL(rc=1,rst-rmt-mismatch@llmf_start(lmf))	v2 2026-05-12 04:50:49	CONVERGED	v3 2026-05-13 15:49:11 iter 6	2	6	1.1950, 1.3564, 1.3245, 1.4452, 1.3584, 1.3630	0.0868	0.082	0.347	1.363	8.0	24	16		GOOD	CONVERGED		
mp-10680	BaSe	2	done		2026-04-03 22:16:33	legacy(ctrl+GWinput)	~/bin2	5	FAIL(rc=1,rst-rmt-mismatch@llmf_start(lmf))	v2 2026-05-12 04:59:52	CONVERGED	v3 2026-05-13 16:58:05 iter 4	2	4	2.4264, 2.7024, 2.6751, 2.7506	0.0755	0.068	1.186	2.751	21.9	19	16		GOOD	CONVERGED		
mp-10695	ZnS	2	done		2026-04-03 22:21:42	legacy(ctrl+GWinput)	~/bin2	5	CONVERGED	s1 2026-05-11 15:33:30 iter 9			1	9	3.6222, 3.7250, 3.6785, 3.6771	0.0479	0.054	1.918	3.677	49.3	22			GOOD	CONVERGED		
mp-10759	GeSe	2	done		2026-04-03 22:26:26	legacy(ctrl+GWinput)	~/bin2	5	CONVERGED	v3 2026-05-14 01:44:20 iter 8			1	8	0.1983, 0.1936, 0.1949	0.0047	0.014	0.131	0.195	10.0	20			GOOD	CONVERGED		
mp-10760	MgSe	2	done		2026-04-03 22:30:21	legacy(ctrl+GWinput)	~/bin2	5	CONVERGED	s1 2026-05-11 15:42:26 iter 8			1	8	3.2897, 3.2375, 3.2552	0.0522	0.054	1.653	3.255	6.9	18			GOOD	CONVERGED		
mp-1087	SrS	2	done		2026-04-03 22:35:24	legacy(ctrl+GWinput)	~/bin2	5	FAIL(rc=1,rst-rmt-mismatch@llmf_start(lmf))	v3 2026-05-15 08:24:14			1	5				2.307	4.123	11.0	13			FAILED	AC_rst-rmt-mismatch@llmf_start(lmf)	rerun from scratch (inputs inconsistent with the old rst)	
mp-1138	LiF	2	done		2026-04-03 22:35:07	legacy(ctrl+GWinput)	~/bin2	5	CONVERGED	s1 2026-05-11 08:03:45 iter 10			1	10	13.6166, 13.2832, 13.5327, 13.5362, 13.4828	0.0534	0.054	8.789	13.483	27.9	14			GOOD	CONVERGED		
mp-1190	ZnSe	2	done		2026-04-03 22:40:23	legacy(ctrl+GWinput)	~/bin2	5	CONVERGED	v3 2026-05-15 19:47:10 iter 8			1	8	2.7426, 2.7096, 2.7293	0.0330	0.041	1.060	2.729	34.5	21			GOOD	CONVERGED		
mp-1253	BaSe	2	done		2026-04-03 22:40:59	legacy(ctrl+GWinput)	~/bin2	5	FAIL(rc=1,rst-rmt-mismatch@llmf_start(lmf))	v3 2026-05-15 21:25:58			1	5				1.873	3.538	14.3	14			FAILED	AC_rst-rmt-mismatch@llmf_start(lmf)	rerun from scratch (inputs inconsistent with the old rst)	
mp-1265	MgO	2	done		2026-04-03 22:43:40	legacy(ctrl+GWinput)	~/bin2	5	CONVERGED	s1 2026-05-11 08:24:33 iter 9			1	9	8.5687, 8.2642, 8.3131, 8.3257	0.0616	0.068	4.891	8.326	34.5	15			GOOD	CONVERGED		
mp-1315	MgS	2	done		2026-04-03 22:44:40	legacy(ctrl+GWinput)	~/bin2	5	CONVERGED	s1 2026-05-11 09:16:33 iter 8			1	8	4.5193, 4.4866, 4.5157	0.0327	0.027	2.568	4.516	10.7	17			GOOD	CONVERGED		
mp-1330	AlN	2	done		2026-04-03 22:46:53	legacy(ctrl+GWinput)	~/bin2	5	CONVERGED	s1 2026-05-11 08:25:01 iter 8			1	8	6.3425, 6.3982, 6.3867	0.0556	0.054	4.308	6.387	27.1	13			GOOD	CONVERGED		
mp-1342	BaO	2	done		2026-04-03 22:48:59	legacy(ctrl+GWinput)	~/bin2	5	FAIL(rc=1,rst-rmt-mismatch@llmf_start(lmf))	v3 2026-05-16 01:54:06			1	5				1.999	4.193	19.9	11			FAILED	AC_rst-rmt-mismatch@llmf_start(lmf)	rerun from scratch (inputs inconsistent with the old rst)	
mp-1415	CaSe	2	done		2026-04-03 22:51:52	legacy(ctrl+GWinput)	~/bin2	5	FAIL(rc=1,rst-rmt-mismatch@llmf_start(lmf))	v3 2026-05-16 07:14:28			1	5				1.919	3.886	13.2	13			FAILED	AC_rst-rmt-mismatch@llmf_start(lmf)	rerun from scratch (inputs inconsistent with the old rst)	
mp-1479	BP	2	done		2026-04-03 22:52:17	legacy(ctrl+GWinput)	~/bin2	5	CONVERGED	s1 2026-05-11 08:34:44 iter 8			1	8	2.0531, 2.0608, 2.0626	0.0095	0.014	1.225	2.063	27.2	15			GOOD	CONVERGED		
mp-149	Si2	2	done		2026-04-03 22:55:37	legacy(ctrl+GWinput)	~/bin2	5	CONVERGED	s1 2026-05-11 09:27:00 iter 8			1	8	1.2017, 1.2004, 1.1988	0.0030	0.000	0.532	1.199	19.9	17			GOOD	CONVERGED		
mp-1500	BaS	2	done		2026-04-03 22:57:39	legacy(ctrl+GWinput)	~/bin2	5	FAIL(rc=1,rst-rmt-mismatch@llmf_start(lmf))	v3 2026-05-16 09:09:31			1	5				2.051	3.817	16.7	14			FAILED	AC_rst-rmt-mismatch@llmf_start(lmf)	rerun from scratch (inputs inconsistent with the old rst)	
mp-1519	CaTe	2	done		2026-04-03 23:01:03	legacy(ctrl+GWinput)	~/bin2	5	FAIL(rc=1,rst-rmt-mismatch@llmf_start(lmf))	v3 2026-05-16 09:23:07			1	5				1.456	2.968	10.2	14			FAILED	AC_rst-rmt-mismatch@llmf_start(lmf)	rerun from scratch (inputs inconsistent with the old rst)	
mp-1541	BeSe	2	done		2026-04-03 23:01:18	legacy(ctrl+GWinput)	~/bin2	5	CONVERGED	s1 2026-05-11 11:39:18 iter 8			1	8	3.9478, 3.9568, 3.9353	0.0215	0.027	2.513	3.935	15.2	16			GOOD	CONVERGED		
mp-1550	AlP	2	done		2026-04-03 23:05:14	legacy(ctrl+GWinput)	~/bin2	5	CONVERGED	s1 2026-05-11 09:29:47 iter 8			1	8	2.4797, 2.4672, 2.4897	0.0225	0.027	1.462	2.490	27.7	19			GOOD	CONVERGED		
mp-16364	SnTe	2	done		2026-04-03 23:09:06	legacy(ctrl+GWinput)	~/bin2	5	CONVERGED	v3 2026-05-16 19:07:06 iter 8			1	8	0.3236, 0.3187, 0.3040	0.0196	0.027	0.012	0.304	8.7	26			GOOD	CONVERGED		
mp-1639	BN	2	done		2026-04-03 23:07:49	legacy(ctrl+GWinput)	~/bin2	5	CONVERGED	s1 2026-05-11 08:03:41 iter 8			1	8	6.2626, 6.3394, 6.2505	0.0889	0.095	4.389	6.250	47.2	11			GOOD	CONVERGED		
mp-1672	CaS	2	done		2026-04-03 23:12:39	legacy(ctrl+GWinput)	~/bin2	5	FAIL(rc=1,rst-rmt-mismatch@llmf_start(lmf))	s1 2026-05-11 11:08:44	CONVERGED	v2 2026-05-11 22:12:34 iter 4	2	4	3.9849, 4.3189, 4.3050, 4.3846	0.0796	0.082	2.176	4.385	17.9	15	12		GOOD	CONVERGED		
mp-169	C2	2	done		2026-04-03 23:12:24	legacy(ctrl+GWinput)	~/bin2	5	OK_MAXITER_NOTCONV	s1 2026-05-11 08:03:30 iter 10			1	10	2.3996, 3.5521, 2.9277, 2.7925, 2.9407	0.1482	0.150	1.664	2.941	101.5	18			NOTCONV	MAXITER_NOTCONV	continue (more iterations)	
mp-1784	CsF	2	done		2026-04-03 23:17:22	legacy(ctrl+GWinput)	~/bin2	5	FAIL(rc=1,rst-rmt-mismatch@llmf_start(lmf))	v3 2026-05-16 20:27:07			1	5				5.245	8.726	12.5	11			FAILED	AC_rst-rmt-mismatch@llmf_start(lmf)	rerun from scratch (inputs inconsistent with the old rst)	
mp-1794	BeO	2	done		2026-04-03 23:15:19	legacy(ctrl+GWinput)	~/bin2	5	CONVERGED	s1 2026-05-11 08:04:07 iter 9			1	9	11.2778, 11.3966, 11.3166, 11.3690	0.0800	0.082	8.192	11.369	24.1	12			GOOD	CONVERGED		
mp-1876	SnS	2	done		2026-04-03 23:20:29	legacy(ctrl+GWinput)	~/bin2	5	CONVERGED	v3 2026-05-16 22:12:53 iter 8			1	8	0.7826, 0.7850, 0.7887	0.0061	0.000	0.626	0.789	8.6	20			GOOD	CONVERGED		
mp-1883	SnTe	2	done		2026-04-03 23:23:13	legacy(ctrl+GWinput)	~/bin2	5	CONVERGED	v3 2026-05-16 22:12:37 iter 8			1	8	0.3818, 0.3726, 0.3658	0.0160	0.014	0.004	0.366	5.2	22			GOOD	CONVERGED		
mp-1958	SrTe	2	done		2026-04-03 23:26:45	legacy(ctrl+GWinput)	~/bin2	5	FAIL(rc=1,rst-rmt-mismatch@llmf_start(lmf))	v3 2026-05-17 00:40:26			1	5				1.656	2.959	6.8	14			FAILED	AC_rst-rmt-mismatch@llmf_start(lmf)	rerun from scratch (inputs inconsistent with the old rst)	
mp-19717	TePb	2	done		2026-04-03 23:29:12	legacy(ctrl+GWinput)	~/bin2	5	CONVERGED	v3 2026-05-17 01:20:47 iter 8			1	8	1.0844, 1.1074, 1.1009	0.0230	0.014	0.740	1.101	6.0	22			GOOD	CONVERGED		
mp-1986	ZnO	2	done		2026-04-03 23:30:37	legacy(ctrl+GWinput)	~/bin2	5	OK_MAXITER_NOTCONV	s1 2026-05-11 11:54:33 iter 10			1	10	2.9589, 2.7614, 2.8962, 2.8394, 2.9402	0.1008	0.095	0.649	2.940	67.4	19			NOTCONV	MAXITER_NOTCONV	continue (more iterations)	
mp-20351	InP	2	done		2026-04-03 23:34:22	legacy(ctrl+GWinput)	~/bin2	5	CONVERGED	v3 2026-05-17 06:34:04 iter 8			1	8	1.2322, 1.2302, 1.2297	0.0025	0.014	0.366	1.230	23.7	21			GOOD	CONVERGED		
mp-2064	RbF	2	done		2026-04-03 23:35:31	legacy(ctrl+GWinput)	~/bin2	5	FAIL(rc=1,rst-rmt-mismatch@llmf_start(lmf))	s1 2026-05-11 15:37:46	CONVERGED	v3 2026-05-13 22:34:38 iter 4	2	4	9.6933, 10.3295, 10.2510, 10.2765	0.0785	0.082	6.498	10.276	18.0	15	11		GOOD	CONVERGED		
mp-2114	YN	2	done		2026-04-03 23:38:22	legacy(ctrl+GWinput)	~/bin2	5	CONVERGED	s1 2026-05-11 15:43:52 iter 8			1	8	0.9872, 1.0032, 0.9973	0.0160	0.014	0.115	0.997	11.8	16			GOOD	CONVERGED		
mp-21276	PbS	2	done		2026-04-03 23:40:46	legacy(ctrl+GWinput)	~/bin2	5	CONVERGED	v3 2026-05-17 11:52:11 iter 8			1	8	0.7421, 0.7510, 0.7525	0.0104	0.000	0.334	0.752	9.3	20			GOOD	CONVERGED		
mp-2172	AlAs	2	done		2026-04-03 23:42:46	legacy(ctrl+GWinput)	~/bin2	5	CONVERGED	s1 2026-05-11 15:48:11 iter 8			1	8	2.2347, 2.2114, 2.2156	0.0234	0.014	1.358	2.216	17.6	19			GOOD	CONVERGED		
mp-2176	ZnTe	2	done		2026-04-03 23:46:32	legacy(ctrl+GWinput)	~/bin2	5	CONVERGED	v3 2026-05-17 13:10:52 iter 8			1	8	2.4242, 2.4505, 2.4341	0.0263	0.027	1.011	2.434	25.8	23			GOOD	CONVERGED		
mp-2201	PbSe	2	done		2026-04-03 23:48:16	legacy(ctrl+GWinput)	~/bin2	5	CONVERGED	v3 2026-05-17 14:41:16 iter 8			1	8	0.7254, 0.7173, 0.7218	0.0082	0.000	0.303	0.722	7.5	22			GOOD	CONVERGED		
mp-2229	ZnO	2	done		2026-04-03 23:50:03	legacy(ctrl+GWinput)	~/bin2	5	CONVERGED	s1 2026-05-11 11:52:02 iter 8			1	8	2.7646, 2.7213, 2.7436	0.0432	0.041	0.734	2.744	31.6	15			GOOD	CONVERGED		
mp-22851	NaCl	2	done		2026-04-03 23:53:11	legacy(ctrl+GWinput)	~/bin2	5	CONVERGED	s1 2026-05-11 09:35:46 iter 9			1	9	6.9956, 6.8168, 6.7820, 6.7902	0.0348	0.041	3.885	6.790	26.7	22			GOOD	CONVERGED		
mp-22862	NaCl	2	done		2026-04-03 23:54:33	legacy(ctrl+GWinput)	~/bin2	5	CONVERGED	s1 2026-05-11 09:37:21 iter 9			1	9	8.6586, 8.3396, 8.3944, 8.3461	0.0548	0.054	5.023	8.346	24.8	20			GOOD	CONVERGED		
mp-22865	CsCl	2	done		2026-04-03 23:59:50	legacy(ctrl+GWinput)	~/bin2	5	FAIL(rc=1,rst-rmt-mismatch@llmf_start(lmf))	v3 2026-05-17 21:17:10			1	5				5.042	7.913	9.6	15			FAILED	AC_rst-rmt-mismatch@llmf_start(lmf)	rerun from scratch (inputs inconsistent with the old rst)	
mp-22867	RbBr	2	done		2026-04-04 00:01:13	legacy(ctrl+GWinput)	~/bin2	5	FAIL(rc=1,rst-rmt-mismatch@llmf_start(lmf))	v3 2026-05-17 21:22:10			1	5				4.085	7.005	9.2	15			FAILED	AC_rst-rmt-mismatch@llmf_start(lmf)	rerun from scratch (inputs inconsistent with the old rst)	
mp-22875	TlBr	2	done		2026-04-04 00:06:28	legacy(ctrl+GWinput)	~/bin2	5	CONVERGED	v3 2026-05-17 22:14:54 iter 8			1	8	3.0623, 3.0603, 3.0658	0.0055	0.000	1.853	3.066	10.4	25			GOOD	CONVERGED		
mp-22895	CuI	2	done		2026-04-04 00:06:52	legacy(ctrl+GWinput)	~/bin2	5	CONVERGED	v3 2026-05-17 23:27:25 iter 8			1	8	2.9076, 2.8127, 2.8571	0.0949	0.095	1.110	2.857	22.4	21			GOOD	CONVERGED		
mp-22898	KI	2	done		2026-04-04 00:12:44	legacy(ctrl+GWinput)	~/bin2	5	FAIL(rc=1,rst-rmt-mismatch@llmf_start(lmf))	v3 2026-05-17 23:20:31			1	5				3.675	6.517	10.8	15			FAILED	AC_rst-rmt-mismatch@llmf_start(lmf)	rerun from scratch (inputs inconsistent with the old rst)	
mp-22899	LiI	2	done		2026-04-04 00:11:15	legacy(ctrl+GWinput)	~/bin2	5	CONVERGED	v3 2026-05-17 23:41:44 iter 8			1	8	6.2311, 6.2163, 6.2178	0.0148	0.014	4.296	6.218	9.0	17			GOOD	CONVERGED		
mp-22901	KI	2	done		2026-04-04 00:18:39	legacy(ctrl+GWinput)	~/bin2	5	FAIL(rc=1,rst-rmt-mismatch@llmf_start(lmf))	v3 2026-05-17 23:25:31			1	5				3.083	5.478	12.5	16			FAILED	AC_rst-rmt-mismatch@llmf_start(lmf)	rerun from scratch (inputs inconsistent with the old rst)	
mp-22903	RbI	2	done		2026-04-04 00:19:53	legacy(ctrl+GWinput)	~/bin2	5	FAIL(rc=1,rst-rmt-mismatch@llmf_start(lmf))	v3 2026-05-17 23:28:41			1	5				3.564	6.164	8.3	16			FAILED	AC_rst-rmt-mismatch@llmf_start(lmf)	rerun from scratch (inputs inconsistent with the old rst)	
mp-22905	LiCl	2	done		2026-04-04 00:22:10	legacy(ctrl+GWinput)	~/bin2	5	CONVERGED	s1 2026-05-11 08:35:24 iter 9			1	9	9.6912, 9.4714, 9.4389, 9.3841	0.0873	0.082	6.415	9.384	15.7	15			GOOD	CONVERGED		
mp-22906	CsBr	2	done		2026-04-04 00:27:06	legacy(ctrl+GWinput)	~/bin2	5	FAIL(rc=1,rst-rmt-mismatch@llmf_start(lmf))	v3 2026-05-17 23:32:25			1	5				4.263	6.962	8.2	17			FAILED	AC_rst-rmt-mismatch@llmf_start(lmf)	rerun from scratch (inputs inconsistent with the old rst)	
mp-22913	CuBr	2	done		2026-04-04 00:27:22	legacy(ctrl+GWinput)	~/bin2	5	CONVERGED	v3 2026-05-18 00:17:04 iter 9			1	9	2.4606, 2.3185, 2.3865, 2.4095	0.0911	0.095	0.439	2.410	30.2	22			GOOD	CONVERGED		
mp-22914	CuCl	2	done		2026-04-04 00:31:28	legacy(ctrl+GWinput)	~/bin2	5	CONVERGED	s1 2026-05-11 15:52:39 iter 8			1	8	2.7175, 2.7049, 2.7269	0.0219	0.014	0.575	2.727	46.5	19			GOOD	CONVERGED		
mp-22916	NaBr	2	done		2026-04-04 00:32:02	legacy(ctrl+GWinput)	~/bin2	5	CONVERGED	s1 2026-05-11 15:53:27 iter 8			1	8	7.0702, 7.1527, 7.0772	0.0825	0.082	4.110	7.077	20.9	19			GOOD	CONVERGED		
mp-22919	AgI	2	done		2026-04-04 00:36:55	legacy(ctrl+GWinput)	~/bin2	5	CONVERGED	v3 2026-05-18 00:16:55 iter 8			1	8	1.9547, 1.9340, 1.9572	0.0233	0.027	0.548	1.957	4.1	21			GOOD	CONVERGED		
mp-22922	AgCl	2	done		2026-04-04 00:36:42	legacy(ctrl+GWinput)	~/bin2	5	CONVERGED	v3 2026-05-18 00:18:37 iter 8			1	8	2.8962, 2.8960, 2.9161	0.0201	0.014	0.752	2.916	10.1	19			GOOD	CONVERGED		
mp-22925	AgI	2	done		2026-04-04 00:43:22	legacy(ctrl+GWinput)	~/bin2	5	CONVERGED	v3 2026-05-18 00:47:15 iter 8			1	8	2.9685, 2.9958, 3.0127	0.0442	0.041	1.129	3.013	12.6	22			GOOD	CONVERGED		
mp-23167	TlCl	2	done		2026-04-04 00:42:59	legacy(ctrl+GWinput)	~/bin2	5	CONVERGED	v3 2026-05-18 08:51:47 iter 8			1	8	3.5425, 3.4759, 3.4815	0.0666	0.068	2.007	3.481	12.4	23			GOOD	CONVERGED		
mp-23193	KCl	2	done		2026-04-04 00:47:58	legacy(ctrl+GWinput)	~/bin2	5	FAIL(rc=1,rst-rmt-mismatch@llmf_start(lmf))	s1 2026-05-11 11:11:29	CONVERGED	v2 2026-05-11 21:51:07 iter 4	2	4	7.7136, 8.1573, 8.1265, 8.1911	0.0645	0.068	4.960	8.191	16.9	16	13		GOOD	CONVERGED		
mp-23197	TlI	2	done		2026-04-04 00:51:29	legacy(ctrl+GWinput)	~/bin2	5	FAIL(rc=3,no-gap-in-llmf)	v3 2026-05-18 10:19:48			1	6				1.609		8.2	107			FAILED	NOGAP_GAP_COLLAPSED(LDA gap 1.61 eV)	rerun from scratch with --prec=fp32	
mp-23231	AgBr	2	done		2026-04-04 00:53:00	legacy(ctrl+GWinput)	~/bin2	5	CONVERGED	v3 2026-05-18 13:11:48 iter 8			1	8	2.4270, 2.4238, 2.4394	0.0156	0.014	0.529	2.439	6.6	19			GOOD	CONVERGED		
mp-23251	KBr	2	done		2026-04-04 00:57:18	legacy(ctrl+GWinput)	~/bin2	5	FAIL(rc=1,rst-rmt-mismatch@llmf_start(lmf))	v3 2026-05-18 12:47:03			1	5				4.264	7.183	11.4	14			FAILED	AC_rst-rmt-mismatch@llmf_start(lmf)	rerun from scratch (inputs inconsistent with the old rst)	
mp-23259	LiBr	2	done		2026-04-04 00:56:48	legacy(ctrl+GWinput)	~/bin2	5	CONVERGED	s1 2026-05-11 11:52:59 iter 8			1	8	7.6338, 7.5445, 7.5947	0.0893	0.082	5.070	7.595	11.3	16			GOOD	CONVERGED		
mp-23268	NaI	2	done		2026-04-04 01:02:06	legacy(ctrl+GWinput)	~/bin2	5	CONVERGED	v3 2026-05-18 13:34:37 iter 8			1	8	5.9319, 5.9445, 5.9080	0.0365	0.041	3.509	5.908	18.6	20			GOOD	CONVERGED		
mp-23289	KCl	2	done		2026-04-04 01:03:10	legacy(ctrl+GWinput)	~/bin2	5	FAIL(rc=1,rst-rmt-mismatch@llmf_start(lmf))	s1 2026-05-11 11:13:44	CONVERGED	v2 2026-05-11 21:51:35 iter 5	2	5	7.3479, 7.5175, 7.8319, 7.7385, 7.7627	0.0935	0.095	4.660	7.763	19.1	19	14		GOOD	CONVERGED		
mp-23295	RbCl	2	done		2026-04-04 01:07:32	legacy(ctrl+GWinput)	~/bin2	5	FAIL(rc=1,rst-rmt-mismatch@llmf_start(lmf))	v3 2026-05-18 13:39:37			1	5				4.676	7.944	11.5	14			FAILED	AC_rst-rmt-mismatch@llmf_start(lmf)	rerun from scratch (inputs inconsistent with the old rst)	
mp-23299	RbCl	2	done		2026-04-04 01:09:28	legacy(ctrl+GWinput)	~/bin2	5	FAIL(rc=1,rst-rmt-mismatch@llmf_start(lmf))	v3 2026-05-18 13:50:30			1	5				4.799	7.903	12.6	15			FAILED	AC_rst-rmt-mismatch@llmf_start(lmf)	rerun from scratch (inputs inconsistent with the old rst)	
mp-23302	RbI	2	done		2026-04-04 01:15:06	legacy(ctrl+GWinput)	~/bin2	5	FAIL(rc=1,rst-rmt-mismatch@llmf_start(lmf))	v3 2026-05-18 14:47:35			1	5				3.136	5.425	9.7	17			FAILED	AC_rst-rmt-mismatch@llmf_start(lmf)	rerun from scratch (inputs inconsistent with the old rst)	
mp-23303	RbBr	2	done		2026-04-04 01:16:16	legacy(ctrl+GWinput)	~/bin2	5	FAIL(rc=1,rst-rmt-mismatch@llmf_start(lmf))	v3 2026-05-18 14:52:35			1	5				3.941	6.727	10.2	16			FAILED	AC_rst-rmt-mismatch@llmf_start(lmf)	rerun from scratch (inputs inconsistent with the old rst)	
mp-23703	LiH	2	done		2026-04-04 01:17:45	legacy(ctrl+GWinput)	~/bin2	5	CONVERGED	s1 2026-05-11 07:58:05 iter 8			1	8	5.5646, 5.5406, 5.5462	0.0240	0.027	2.626	5.546	18.6	9			GOOD	CONVERGED		
mp-23870	NaH	2	done		2026-04-04 01:19:32	legacy(ctrl+GWinput)	~/bin2	5	CONVERGED	s1 2026-05-11 08:13:23 iter 9			1	9	6.6548, 6.8240, 6.7452, 6.7317	0.0923	0.095	3.471	6.732	25.9	14			GOOD	CONVERGED		
mp-24084	KH	2	done		2026-04-04 01:21:27	legacy(ctrl+GWinput)	~/bin2	5	FAIL(rc=1,rst-rmt-mismatch@llmf_start(lmf))	s1 2026-05-11 08:33:46	CONVERGED	v2 2026-05-11 21:46:20 iter 4	2	4	5.6355, 6.2931, 6.3218, 6.3245	0.0314	0.027	3.068	6.325	16.6	12	9		GOOD	CONVERGED		
mp-2469	CdS	2	done		2026-04-04 01:24:51	legacy(ctrl+GWinput)	~/bin2	5	CONVERGED	v3 2026-05-19 00:54:03 iter 8			1	8	2.2909, 2.3521, 2.3362	0.0612	0.068	0.822	2.336	25.3	20			GOOD	CONVERGED		
mp-2472	SrO	2	done		2026-04-04 01:25:27	legacy(ctrl+GWinput)	~/bin2	5	FAIL(rc=1,rst-rmt-mismatch@llmf_start(lmf))	s1 2026-05-11 15:48:52	CONVERGED	v3 2026-05-13 22:43:27 iter 5	2	5	5.1650, 5.3253, 5.3860, 5.4543, 5.4279	0.0683	0.068	3.183	5.428	14.3	15	10		GOOD	CONVERGED		
mp-24721	RbH	2	done		2026-04-04 01:29:10	legacy(ctrl+GWinput)	~/bin2	5	FAIL(rc=1,rst-rmt-mismatch@llmf_start(lmf))	s1 2026-05-11 11:53:14	CONVERGED	v2 2026-05-11 21:51:29 iter 5	2	5	4.7605, 5.3109, 5.3669, 5.4427, 5.4306	0.0757	0.082	2.528	5.431	11.0	14	10		GOOD	CONVERGED		
mp-2490	GaP	2	done		2026-04-04 01:30:20	legacy(ctrl+GWinput)	~/bin2	5	CONVERGED	s1 2026-05-11 16:03:46 iter 8			1	8	2.2825, 2.2854, 2.2909	0.0084	0.000	1.496	2.291	34.9	20			GOOD	CONVERGED		
mp-252	BeTe	2	done		2026-04-04 01:33:28	legacy(ctrl+GWinput)	~/bin2	5	CONVERGED	v3 2026-05-19 01:35:59 iter 8			1	8	2.8596, 2.8930, 2.8815	0.0333	0.041	1.925	2.881	9.7	17			GOOD	CONVERGED		
mp-2534	GaAs	2	done		2026-04-04 01:35:25	legacy(ctrl+GWinput)	~/bin2	5	CONVERGED	v3 2026-05-19 01:40:01 iter 8			1	8	1.0366, 1.0429, 1.0443	0.0078	0.014	0.000	1.044	22.4	21			GOOD	CONVERGED		
mp-2600	BaTe	2	done		2026-04-04 01:40:56	legacy(ctrl+GWinput)	~/bin2	5	FAIL(rc=1,rst-rmt-mismatch@llmf_start(lmf))	v3 2026-05-19 01:43:45			1	5				0.768	1.936	14.0	17			FAILED	AC_rst-rmt-mismatch@llmf_start(lmf)	rerun from scratch (inputs inconsistent with the old rst)	
mp-2605	CaO	2	done		2026-04-04 01:38:52	legacy(ctrl+GWinput)	~/bin2	5	OK_MAXITER_NOTCONV	s1 2026-05-11 09:40:21 iter 10			1	10	6.4469, 6.7180, 6.6771, 6.6035, 6.5321	0.1450	0.150	3.517	6.532	24.1	18			NOTCONV	MAXITER_NOTCONV	continue (more iterations)	
mp-2612	GeTe	2	done		2026-04-04 01:44:09	legacy(ctrl+GWinput)	~/bin2	5	CONVERGED	v3 2026-05-19 02:10:13 iter 8			1	8	0.4352, 0.4409, 0.4408	0.0057	0.000	0.411	0.441	9.0	20			GOOD	CONVERGED		
mp-2624	AlSb	2	done		2026-04-04 01:46:48	legacy(ctrl+GWinput)	~/bin2	5	CONVERGED	v3 2026-05-19 02:13:54 iter 8			1	8	1.8924, 1.8867, 1.8882	0.0057	0.000	1.194	1.888	20.9	22			GOOD	CONVERGED		
mp-2667	CsAu	2	done		2026-04-04 01:51:48	legacy(ctrl+GWinput)	~/bin2	5	FAIL(rc=1,rst-rmt-mismatch@llmf_start(lmf))	v3 2026-05-19 02:18:59			1	5				0.927	2.374	7.3	15			FAILED	AC_rst-rmt-mismatch@llmf_start(lmf)	rerun from scratch (inputs inconsistent with the old rst)	
mp-2691	CdSe	2	done		2026-04-04 01:52:30	legacy(ctrl+GWinput)	~/bin2	5	CONVERGED	v3 2026-05-19 03:21:03 iter 8			1	8	1.7047, 1.7400, 1.7357	0.0353	0.041	0.287	1.736	18.2	22			GOOD	CONVERGED		
mp-2693	SnSe	2	done		2026-04-04 01:57:00	legacy(ctrl+GWinput)	~/bin2	5	CONVERGED	v3 2026-05-19 03:22:21 iter 8			1	8	0.7816, 0.7914, 0.7885	0.0098	0.014	0.580	0.789	6.9	20			GOOD	CONVERGED		
mp-2758	SrSe	2	done		2026-04-04 01:58:01	legacy(ctrl+GWinput)	~/bin2	5	FAIL(rc=1,rst-rmt-mismatch@llmf_start(lmf))	v3 2026-05-19 08:45:30			1	5				2.079	3.737	8.7	14			FAILED	AC_rst-rmt-mismatch@llmf_start(lmf)	rerun from scratch (inputs inconsistent with the old rst)	
mp-2853	GaN	2	done		2026-04-04 02:00:28	legacy(ctrl+GWinput)	~/bin2	5	CONVERGED	s1 2026-05-11 11:57:22 iter 8			1	8	1.5704, 1.5095, 1.5074	0.0629	0.054	0.219	1.507	23.2	14			GOOD	CONVERGED		
mp-30373	RbAu	2	done		2026-04-04 02:05:18	legacy(ctrl+GWinput)	~/bin2	5	FAIL(rc=1,rst-rmt-mismatch@llmf_start(lmf))	v3 2026-05-20 19:17:11			1	5				0.166	1.485	8.1	14			FAILED	AC_rst-rmt-mismatch@llmf_start(lmf)	rerun from scratch (inputs inconsistent with the old rst)	
mp-370	CdS	2	done		2026-04-04 02:05:02	legacy(ctrl+GWinput)	~/bin2	5	CONVERGED	v3 2026-05-21 05:52:27 iter 8			1	8	1.3115, 1.3450, 1.3293	0.0335	0.041		1.329	9.8	19			GOOD	CONVERGED		
mp-406	CdTe	2	done		2026-04-04 02:11:20	legacy(ctrl+GWinput)	~/bin2	5	CONVERGED	v3 2026-05-21 10:29:03 iter 8			1	8	1.6696, 1.6731, 1.6643	0.0089	0.014	0.404	1.664	12.1	22			GOOD	CONVERGED		
mp-422	BeS	2	done		2026-04-04 02:08:43	legacy(ctrl+GWinput)	~/bin2	5	CONVERGED	s1 2026-05-11 08:34:23 iter 9			1	9	4.7018, 4.6231, 4.5774, 4.5796	0.0458	0.054	2.934	4.580	23.7	17			GOOD	CONVERGED		
mp-463	KF	2	done		2026-04-04 02:12:39	legacy(ctrl+GWinput)	~/bin2	5	FAIL(rc=1,rst-rmt-mismatch@llmf_start(lmf))	s1 2026-05-11 09:36:09	CONVERGED	v2 2026-05-11 21:51:49 iter 7	2	7	9.5124, 10.3061, 10.6410, 10.6344, 10.5338, 10.5296, 10.5160	0.0178	0.014	6.110	10.516	24.7	18	10		GOOD	CONVERGED		
mp-568560	TlBr	2	done		2026-04-04 02:17:47	legacy(ctrl+GWinput)	~/bin2	5	CONVERGED	v3 2026-05-23 14:13:49 iter 8			1	8	3.7554, 3.7428, 3.7258	0.0296	0.027	2.060	3.726	9.9	22			GOOD	CONVERGED		
mp-569639	TlCl	2	done		2026-04-04 02:19:00	legacy(ctrl+GWinput)	~/bin2	5	OK_MAXITER_NOTCONV	v3 2026-05-23 23:14:32 iter 10			1	10	3.4055, 2.3861, 1.7880, 1.4565, 1.2534	0.5346	0.531	2.261	1.253	12.3	26			NOTCONV	MAXITER_NOTCONV	continue (more iterations)	
mp-570354	CuBr	2	done		2026-04-04 02:22:11	legacy(ctrl+GWinput)	~/bin2	5	CONVERGED	v3 2026-05-24 05:24:00 iter 8			1	8	1.9925, 1.9187, 1.9247	0.0738	0.068	0.156	1.925	9.8	19			GOOD	CONVERGED		
mp-570891	KBr	2	done		2026-04-04 02:25:24	legacy(ctrl+GWinput)	~/bin2	5	FAIL(rc=1,rst-rmt-mismatch@llmf_start(lmf))	v3 2026-05-24 05:42:08			1	5				3.745	6.511	13.0	15			FAILED	AC_rst-rmt-mismatch@llmf_start(lmf)	rerun from scratch (inputs inconsistent with the old rst)	
mp-571102	TlI	2	done		2026-04-04 02:29:03	legacy(ctrl+GWinput)	~/bin2	5	CONVERGED	v3 2026-05-24 07:46:34 iter 8			1	8	3.2475, 3.2396, 3.2522	0.0126	0.014	1.973	3.252	8.4	24			GOOD	CONVERGED		
mp-571222	CsBr	2	done		2026-04-04 02:32:38	legacy(ctrl+GWinput)	~/bin2	5	FAIL(rc=1,rst-rmt-mismatch@llmf_start(lmf))	v3 2026-05-24 07:15:29			1	5				4.107	6.807	7.3	16			FAILED	AC_rst-rmt-mismatch@llmf_start(lmf)	rerun from scratch (inputs inconsistent with the old rst)	
mp-571386	CuCl	2	done		2026-04-04 02:33:03	legacy(ctrl+GWinput)	~/bin2	5	CONVERGED	s1 2026-05-11 16:08:43 iter 9			1	9	2.2367, 2.3421, 2.3141, 2.3243	0.0281	0.027	0.358	2.324	15.9	19			GOOD	CONVERGED		
mp-573697	CsCl	2	done		2026-04-04 02:39:11	legacy(ctrl+GWinput)	~/bin2	5	FAIL(rc=1,rst-rmt-mismatch@llmf_start(lmf))	v3 2026-05-24 09:06:42			1	5				4.632	7.740	9.2	15			FAILED	AC_rst-rmt-mismatch@llmf_start(lmf)	rerun from scratch (inputs inconsistent with the old rst)	
mp-614603	CsI	2	done		2026-04-04 02:40:58	legacy(ctrl+GWinput)	~/bin2	5	FAIL(rc=1,rst-rmt-mismatch@llmf_start(lmf))	v3 2026-05-24 15:31:34			1	5				3.597	6.210	6.8	17			FAILED	AC_rst-rmt-mismatch@llmf_start(lmf)	rerun from scratch (inputs inconsistent with the old rst)	
mp-632291	H2	2	done		2026-04-04 02:41:58	legacy(ctrl+GWinput)	~/bin2	5	CONVERGED	s1 2026-05-11 08:03:14 iter 8			1	8	14.6862, 14.6329, 14.6316	0.0547	0.054	8.312	14.632	255.0	9			GOOD	CONVERGED		
mp-632319	CsH	2	done		2026-04-04 02:46:19	legacy(ctrl+GWinput)	~/bin2	5	FAIL(rc=1,rst-rmt-mismatch@llmf_start(lmf))	v3 2026-05-24 16:46:37			1	5				2.303	4.592	8.9	11			FAILED	AC_rst-rmt-mismatch@llmf_start(lmf)	rerun from scratch (inputs inconsistent with the old rst)	
mp-66	C2	2	done		2026-04-04 02:44:45	legacy(ctrl+GWinput)	~/bin2	5	CONVERGED	s1 2026-05-11 08:13:53 iter 8			1	8	5.7912, 5.7737, 5.8083	0.0346	0.041	4.172	5.808	36.1	10			GOOD	CONVERGED		
mp-682	NaF	2	done		2026-04-04 02:48:15	legacy(ctrl+GWinput)	~/bin2	5	OK_MAXITER_NOTCONV	s1 2026-05-11 08:49:07 iter 10			1	10	11.2997, 11.6480, 11.5931, 11.4706, 11.4620	0.1311	0.136	6.430	11.462	43.1	17			NOTCONV	MAXITER_NOTCONV	continue (more iterations)	
mp-685145	BN	2	done		2026-04-04 02:51:38	legacy(ctrl+GWinput)	~/bin2	5	CONVERGED	s1 2026-05-11 08:13:49 iter 8			1	8	5.8777, 5.9093, 5.8709	0.0383	0.027	3.594	5.871	161.8	20			GOOD	CONVERGED		
mp-8062	SiC	2	done		2026-04-04 02:51:28	legacy(ctrl+GWinput)	~/bin2	5	CONVERGED	s1 2026-05-11 08:44:26 iter 8			1	8	2.3518, 2.3498, 2.3425	0.0093	0.014	1.324	2.342	42.8	15			GOOD	CONVERGED		
mp-8454	KF	2	done		2026-04-04 02:56:04	legacy(ctrl+GWinput)	~/bin2	5	FAIL(rc=1,rst-rmt-mismatch@llmf_start(lmf))	s1 2026-05-11 09:41:09	CONVERGED	v2 2026-05-11 21:52:10 iter 6	2	6	9.6591, 10.4031, 10.6397, 10.5809, 10.5215, 10.5438	0.0594	0.068	6.313	10.544	27.0	18	11		GOOD	CONVERGED		
mp-8455	CsF	2	done		2026-04-04 02:57:16	legacy(ctrl+GWinput)	~/bin2	5	FAIL(rc=1,rst-rmt-mismatch@llmf_start(lmf))	v3 2026-05-26 09:47:53			1	5				6.008	9.641	12.7	12			FAILED	AC_rst-rmt-mismatch@llmf_start(lmf)	rerun from scratch (inputs inconsistent with the old rst)	
mp-938	GeTe	2	done		2026-04-04 03:06:20	legacy(ctrl+GWinput)	~/bin2	5	CONVERGED	v3 2026-05-26 23:02:30 iter 8			1	8	0.6809, 0.6493, 0.6617	0.0315	0.027	0.545	0.662	31.3	32			GOOD	CONVERGED		
mp-1006878	BaO2	3	done		2026-04-05 12:22:39	legacy(ctrl+GWinput)	~/bin2	5	CONVERGED	v2 2026-05-11 23:33:27 iter 10			1	10	5.1874, 4.8261, 4.9340, 5.0144, 5.0127	0.0804	0.082	2.313	5.013	180.9	41			GOOD	CONVERGED		
mp-1008601	ZrAg2	3	done		2026-04-04 03:16:01	legacy(ctrl+GWinput)	~/bin2	5	CONVERGED	v2 2026-05-11 23:29:53 iter 8			1	8	0.0431, 0.0456, 0.0451	0.0025	0.000	0.006	0.045	13.1	39			GOOD	CONVERGED		
mp-1008680	TiGePt	3	done		2026-04-04 03:14:44	legacy(ctrl+GWinput)	~/bin2	5	CONVERGED	v2 2026-05-11 23:24:56 iter 8			1	8	1.2142, 1.2202, 1.2278	0.0135	0.014	0.852	1.228	45.6	33			GOOD	CONVERGED		
mp-10161	KZnSb	3	done		2026-04-04 03:29:36	legacy(ctrl+GWinput)	~/bin2	5	FAIL(rc=1,rst-rmt-mismatch@llmf_start(lmf))	v2 2026-05-11 23:38:27	CONVERGED	v3 2026-05-12 20:08:49 iter 4	2	4	1.1561, 1.3492, 1.3879, 1.3962	0.0469	0.054	0.281	1.396	76.2	37	32		GOOD	CONVERGED		
mp-1018141	BaC2	3	done		2026-04-06 16:38:31	legacy(ctrl+GWinput)	~/bin2	5	FAIL(rc=1,CUDA_OOM@hvccfp0_mp_gpu --job=3)	v2 2026-05-12 01:07:23	CONVERGED	v3 2026-05-13 00:23:04 iter 4	2	4	2.8517, 3.1627, 3.2186, 3.2544	0.0917	0.095	1.330	3.254	157.4	21	178		GOOD	CONVERGED		
mp-10182	LiZnP	3	done		2026-04-04 03:26:13	legacy(ctrl+GWinput)	~/bin2	5	CONVERGED	v2 2026-05-11 22:17:37 iter 10			2	10	1.9135, 1.9183, 1.9309	0.0173	0.014	1.183	1.931	42.1	30			GOOD	CONVERGED		
mp-1022	K2S	3	done		2026-04-04 03:34:27	legacy(ctrl+GWinput)	~/bin2	5	FAIL(rc=1,rst-rmt-mismatch@llmf_start(lmf))	v2 2026-05-12 02:34:03	CONVERGED	v3 2026-05-13 05:09:49 iter 6	2	6	3.8245, 4.2420, 4.2939, 4.4198, 4.3217, 4.3438	0.0981	0.095	2.138	4.344	29.2	29	22		GOOD	CONVERGED		
mp-1029	BaF2	3	done		2026-04-04 03:35:01	legacy(ctrl+GWinput)	~/bin2	5	FAIL(rc=1,rst-rmt-mismatch@llmf_start(lmf))	v2 2026-05-12 03:24:33	CONVERGED	v3 2026-05-13 08:24:08 iter 6	2	6	9.6005, 10.7443, 10.5519, 10.6407, 10.6613, 10.6208	0.0405	0.041	6.525	10.621	56.3	22	15		GOOD	CONVERGED		
mp-10614	SrLiP	3	done		2026-04-04 03:44:27	legacy(ctrl+GWinput)	~/bin2	5	FAIL(rc=1,rst-rmt-mismatch@llmf_start(lmf))	v2 2026-05-12 04:20:37	CONVERGED	v3 2026-05-13 13:57:48 iter 4	2	4	1.4121, 1.5638, 1.5946, 1.5826	0.0307	0.027	0.713	1.583	35.0	28	22		GOOD	CONVERGED		
mp-10615	BaLiP	3	done		2026-04-04 03:45:01	legacy(ctrl+GWinput)	~/bin2	5	FAIL(rc=1,rst-rmt-mismatch@llmf_start(lmf))	v2 2026-05-12 04:24:48	CONVERGED	v3 2026-05-13 14:14:08 iter 4	2	4	1.2660, 1.4618, 1.4661, 1.4903	0.0285	0.041	0.584	1.490	53.3	28	23		GOOD	CONVERGED		
mp-10616	BaLiAs	3	done		2026-04-04 03:56:32	legacy(ctrl+GWinput)	~/bin2	5	FAIL(rc=1,rst-rmt-mismatch@llmf_start(lmf))	v2 2026-05-12 04:25:38	CONVERGED	v3 2026-05-13 14:22:48 iter 4	2	4	1.1619, 1.3471, 1.3960, 1.4024	0.0554	0.054	0.493	1.402	50.0	29	23		GOOD	CONVERGED		
mp-1062030	TiS2	3	done		2026-04-04 04:06:12	legacy(ctrl+GWinput)	~/bin2	5	FAIL(rc=1,CUDA_OOM@hvccfp0_mp_gpu --job=3)	v2 2026-05-12 04:49:48	CONVERGED	v3 2026-05-13 14:44:33 iter 5	2	5	0.6517, 2.4924, 2.3077, 2.3080, 2.3215	0.0137	0.014	0.010	2.321	196.2	50	859		GOOD	CONVERGED		
mp-1062676	K2Pt	3	done		2026-04-04 04:05:43	legacy(ctrl+GWinput)	~/bin2	5	FAIL(rc=1,rst-rmt-mismatch@llmf_start(lmf))	v2 2026-05-12 04:30:51	CONVERGED	v3 2026-05-13 14:33:40 iter 4	2	4	2.5542, 3.0121, 3.0751, 3.0463	0.0630	0.068	1.321	3.046	25.5	25	20		GOOD	CONVERGED		
mp-1105	BaO2	3	done		2026-04-07 21:40:23	legacy(ctrl+GWinput)	~/bin2	5	OK_MAXITER_NOTCONV	v3 2026-05-15 16:11:14 iter 10			1	10	4.7360, 5.1292, 5.1844, 5.0748, 5.1054	0.1096	0.109	2.124	5.105	126.6	30			NOTCONV	MAXITER_NOTCONV	continue (more iterations)	
mp-1115	PtSe2	3	done		2026-04-04 04:15:09	legacy(ctrl+GWinput)	~/bin2	5	CONVERGED	v3 2026-05-15 15:47:26 iter 8			1	8	0.8653, 0.8623, 0.8658	0.0035	0.014	0.355	0.866	39.4	38			GOOD	CONVERGED		
mp-11327	Rb2Se	3	done		2026-04-04 04:19:21	legacy(ctrl+GWinput)	~/bin2	5	FAIL(rc=1,rst-rmt-mismatch@llmf_start(lmf))	v3 2026-05-15 15:52:26			1	5				1.594	3.449	15.0	25			FAILED	AC_rst-rmt-mismatch@llmf_start(lmf)	rerun from scratch (inputs inconsistent with the old rst)	
mp-11390	LiGaSi	3	done		2026-04-04 04:21:00	legacy(ctrl+GWinput)	~/bin2	5	CONVERGED	v2 2026-05-11 22:33:02 iter 10			2	10	0.5386, 0.5375, 0.5308	0.0079	0.014	0.112	0.531	29.6	31			GOOD	CONVERGED		
mp-11520	YNiSb	3	done		2026-04-04 04:28:33	legacy(ctrl+GWinput)	~/bin2	5	CONVERGED	v3 2026-05-15 16:52:26 iter 8			1	8	0.5893, 0.6005, 0.6020	0.0126	0.014	0.289	0.602	37.6	34			GOOD	CONVERGED		
mp-1153	Li2S	3	done		2026-04-04 04:25:11	legacy(ctrl+GWinput)	~/bin2	5	CONVERGED	s1 2026-05-11 08:49:49 iter 9			1	9	5.3202, 5.1977, 5.2484, 5.2544	0.0567	0.054	3.178	5.254	27.5	21			GOOD	CONVERGED		
mp-1170	SnS2	3	done		2026-04-04 04:34:29	legacy(ctrl+GWinput)	~/bin2	5	CONVERGED	v3 2026-05-15 17:13:58 iter 8			1	8	2.7507, 2.6723, 2.7010	0.0785	0.082	1.400	2.701	58.0	39			GOOD	CONVERGED		
mp-1186	ZrS2	3	done		2026-04-04 04:37:40	legacy(ctrl+GWinput)	~/bin2	5	CONVERGED	v3 2026-05-15 19:34:50 iter 8			1	8	2.1631, 2.1873, 2.1708	0.0242	0.027	0.924	2.171	50.3	37			GOOD	CONVERGED		
mp-11869	HfSnPd	3	done		2026-04-04 04:43:36	legacy(ctrl+GWinput)	~/bin2	5	CONVERGED	v3 2026-05-15 19:40:39 iter 8			1	8	0.4477, 0.4381, 0.4403	0.0096	0.014	0.396	0.440	71.3	40			GOOD	CONVERGED		
mp-12558	LiMgAs	3	done		2026-04-04 04:43:32	legacy(ctrl+GWinput)	~/bin2	5	FAIL(rc=1,CUDA_OOM@hvccfp0_mp_gpu --job=3)	v2 2026-05-11 22:34:04	CONVERGED	v3 2026-05-13 22:32:26 iter 4	3	4	2.1335, 2.2526, 2.2814, 2.2862	0.0336	0.027	1.293	2.286	21.3	20	103		GOOD	CONVERGED		
mp-1266	Na2Se	3	done		2026-04-04 04:50:35	legacy(ctrl+GWinput)	~/bin2	5	CONVERGED	v3 2026-05-15 23:24:43 iter 8			1	8	4.1825, 4.1199, 4.1705	0.0626	0.054	1.957	4.170	39.7	30			GOOD	CONVERGED		
mp-1367	Mg2Si	3	done		2026-04-04 04:48:46	legacy(ctrl+GWinput)	~/bin2	5	CONVERGED	s1 2026-05-11 11:41:53 iter 8			1	8	0.6386, 0.6401, 0.6345	0.0056	0.000	0.163	0.635	11.9	26			GOOD	CONVERGED		
mp-1394	Rb2O	3	done		2026-04-04 04:55:35	legacy(ctrl+GWinput)	~/bin2	5	FAIL(rc=1,rst-rmt-mismatch@llmf_start(lmf))	v3 2026-05-16 03:41:09			1	5				1.302	3.130	19.4	19			FAILED	AC_rst-rmt-mismatch@llmf_start(lmf)	rerun from scratch (inputs inconsistent with the old rst)	
mp-14	Se3	3	done		2026-04-04 05:01:22	legacy(ctrl+GWinput)	~/bin2	5	CONVERGED	v3 2026-05-16 04:56:47 iter 8			1	8	2.1278, 2.1443, 2.1541	0.0263	0.027	1.109	2.154	71.0	42			GOOD	CONVERGED		
mp-1434	MoS2	3	done		2026-04-04 05:06:31	legacy(ctrl+GWinput)	~/bin2	5	CONVERGED	v3 2026-05-16 08:44:49 iter 8			1	8	1.7153, 1.7390, 1.7122	0.0267	0.027	1.176	1.712	93.7	60			GOOD	CONVERGED		
mp-1565	ZrO2	3	done		2026-04-04 05:05:32	legacy(ctrl+GWinput)	~/bin2	5	CONVERGED	v3 2026-05-16 12:34:36 iter 8			1	8	5.2624, 5.2597, 5.2989	0.0392	0.027	3.200	5.299	35.0	19			GOOD	CONVERGED		
mp-15687	KZnAs	3	done		2026-04-04 05:18:14	legacy(ctrl+GWinput)	~/bin2	5	FAIL(rc=1,rst-rmt-mismatch@llmf_start(lmf))	v3 2026-05-16 13:27:33			1	5				0.140	1.284	66.0	30			FAILED	AC_rst-rmt-mismatch@llmf_start(lmf)	rerun from scratch (inputs inconsistent with the old rst)	
mp-1569	Be2C	3	done		2026-04-04 05:09:38	legacy(ctrl+GWinput)	~/bin2	5	CONVERGED	s1 2026-05-11 08:14:11 iter 8			1	8	2.1013, 2.0691, 2.0952	0.0323	0.027	1.198	2.095	23.6	15			GOOD	CONVERGED		
mp-1735	BaC2	3	done		2026-04-08 01:03:16	legacy(ctrl+GWinput)	~/bin2	5	CONVERGED	v3 2026-05-16 21:03:16 iter 9			1	9	3.7890, 3.9534, 3.8699, 3.8715	0.0835	0.095	1.522	3.872	141.8	29			GOOD	CONVERGED		
mp-1747	K2Te	3	done		2026-04-04 05:22:35	legacy(ctrl+GWinput)	~/bin2	5	FAIL(rc=1,rst-rmt-mismatch@llmf_start(lmf))	v3 2026-05-16 20:22:07			1	5				1.955	3.798	19.3	24			FAILED	AC_rst-rmt-mismatch@llmf_start(lmf)	rerun from scratch (inputs inconsistent with the old rst)	
mp-19	Te3	3	done		2026-04-04 05:31:33	legacy(ctrl+GWinput)	~/bin2	5	CONVERGED	v3 2026-05-16 23:13:58 iter 8			1	8	0.9075, 0.9045, 0.9060	0.0030	0.014	0.562	0.906	21.4	46			GOOD	CONVERGED		
mp-1960	Li2O	3	done		2026-04-04 05:25:56	legacy(ctrl+GWinput)	~/bin2	5	CONVERGED	s1 2026-05-11 08:14:11 iter 8			1	8	8.0919, 8.0363, 8.0763	0.0557	0.054	4.804	8.076	45.3	15			GOOD	CONVERGED		
mp-20134	KCN	3	done		2026-04-04 05:43:24	legacy(ctrl+GWinput)	~/bin2	5	FAIL(rc=1,rst-rmt-mismatch@llmf_start(lmf))	s1 2026-05-11 10:16:40	CONVERGED	v2 2026-05-11 23:33:03 iter 6	2	6	8.1169, 8.4774, 8.8943, 8.6848, 8.6530, 8.6863	0.0332	0.027	4.813	8.686	666.8	53	27		GOOD	CONVERGED		
mp-2076	ZrSe2	3	done		2026-04-04 05:41:44	legacy(ctrl+GWinput)	~/bin2	5	CONVERGED	v3 2026-05-17 09:31:06 iter 8			1	8	1.4497, 1.3886, 1.3852	0.0645	0.068	0.375	1.385	29.7	38			GOOD	CONVERGED		
mp-22689	ZrSnPd	3	done		2026-04-04 05:50:44	legacy(ctrl+GWinput)	~/bin2	5	CONVERGED	v3 2026-05-17 20:09:15 iter 8			1	8	0.2524, 0.2546, 0.2562	0.0038	0.000	0.067	0.256	19.6	33			GOOD	CONVERGED		
mp-2278	HgO2	3	done		2026-04-04 05:54:32	legacy(ctrl+GWinput)	~/bin2	5	OK_MAXITER_NOTCONV	v3 2026-05-17 20:55:39 iter 10			1	10	1.7291, 1.5795, 1.6899, 1.6899, 1.8610	0.1711	0.177	0.022	1.861	150.4	41			NOTCONV	MAXITER_NOTCONV	continue (more iterations)	
mp-2286	Li2Se	3	done		2026-04-04 05:55:27	legacy(ctrl+GWinput)	~/bin2	5	CONVERGED	s1 2026-05-11 12:12:16 iter 9			1	9	4.7863, 4.5895, 4.6105, 4.5748	0.0357	0.041	2.809	4.575	22.6	22			GOOD	CONVERGED		
mp-22881	CdCl2	3	done		2026-04-04 06:05:13	legacy(ctrl+GWinput)	~/bin2	5	OK_MAXITER_NOTCONV	v3 2026-05-17 22:55:56 iter 10			1	10	4.5709, 5.6222, 5.7990, 5.4444, 5.5695	0.3546	0.354	3.299	5.570	48.5	56			NOTCONV	MAXITER_NOTCONV	continue (more iterations)	
mp-22883	PbI2	3	done		2026-04-04 06:13:44	legacy(ctrl+GWinput)	~/bin2	5	OK_MAXITER_NOTCONV	v3 2026-05-17 23:16:32 iter 10			1	10	3.5873, 4.4735, 3.9389, 3.8785, 3.7074	0.2315	0.245	2.234	3.707	19.3	77			NOTCONV	MAXITER_NOTCONV	continue (more iterations)	
mp-22893	PbI2	3	done		2026-04-04 06:21:20	legacy(ctrl+GWinput)	~/bin2	5	CONVERGED	v3 2026-05-17 23:15:31 iter 8			1	8	3.5661, 3.5038, 3.4918	0.0743	0.068	2.192	3.492	18.5	47			GOOD	CONVERGED		
mp-22965	BiTeI	3	done		2026-04-04 06:37:44	legacy(ctrl+GWinput)	~/bin2	5	CONVERGED	v3 2026-05-18 03:53:38 iter 8			1	8	1.8652, 1.8790, 1.8798	0.0145	0.014	1.188	1.880	28.5	57			GOOD	CONVERGED		
mp-23162	ZrCl2	3	done		2026-04-04 06:33:52	legacy(ctrl+GWinput)	~/bin2	5	CONVERGED	v3 2026-05-18 09:25:21 iter 10			1	10	1.7770, 1.9192, 1.7892, 1.8618, 1.8820	0.0928	0.082	0.971	1.882	77.8	73			GOOD	CONVERGED		
mp-23205	MgI2	3	done		2026-04-04 06:45:29	legacy(ctrl+GWinput)	~/bin2	5	CONVERGED	v3 2026-05-18 12:21:37 iter 8			1	8	5.5588, 5.5349, 5.5315	0.0273	0.027	3.445	5.531	18.2	43			GOOD	CONVERGED		
mp-23209	SrCl2	3	done		2026-04-04 06:45:06	legacy(ctrl+GWinput)	~/bin2	5	FAIL(rc=1,rst-rmt-mismatch@llmf_start(lmf))	v3 2026-05-18 11:03:46			1	5				5.005	7.748	24.7	21			FAILED	AC_rst-rmt-mismatch@llmf_start(lmf)	rerun from scratch (inputs inconsistent with the old rst)	
mp-2352	Na2O	3	done		2026-04-04 06:50:18	legacy(ctrl+GWinput)	~/bin2	5	CONVERGED	s1 2026-05-11 09:55:41 iter 8			1	8	4.9921, 5.0587, 4.9879	0.0708	0.068	2.071	4.988	62.8	23			GOOD	CONVERGED		
mp-241	CdF2	3	done		2026-04-04 06:50:14	legacy(ctrl+GWinput)	~/bin2	5	CONVERGED	v3 2026-05-18 23:22:47 iter 9			1	9	6.2361, 6.4695, 6.4271, 6.4176	0.0519	0.041	2.900	6.418	40.3	22			GOOD	CONVERGED		
mp-2482	CaC2	3	done		2026-04-08 12:49:47	legacy(ctrl+GWinput)	~/bin2	5	CONVERGED	s1 2026-05-11 10:33:20 iter 8			1	8	3.4251, 3.4650, 3.4675	0.0424	0.041	1.218	3.468	136.9	24			GOOD	CONVERGED		
mp-25210	NiO2	3	done		2026-04-04 06:56:29	legacy(ctrl+GWinput)	~/bin2	5	OK_MAXITER_NOTCONV	s1 2026-05-11 15:07:09 iter 10			1	10	4.4727, 2.2590, 2.1474, 2.3299, 2.1758	0.1825	0.177	0.917	2.176	119.0	35			NOTCONV	MAXITER_NOTCONV	continue (more iterations)	
mp-2530	Li2Te	3	done		2026-04-04 06:59:13	legacy(ctrl+GWinput)	~/bin2	5	CONVERGED	v3 2026-05-19 01:38:45 iter 8			1	8	3.8401, 3.8166, 3.8145	0.0256	0.027	2.389	3.815	18.3	21			GOOD	CONVERGED		
mp-2630	SrC2	3	done		2026-04-08 17:24:59	legacy(ctrl+GWinput)	~/bin2	0	never(continue)		CONVERGED	v3 2026-05-19 02:45:58 iter 6	1	6	3.3838, 3.6153, 3.7708, 3.9214, 3.8500, 3.8334	0.0880	0.082	1.554	3.833	122.3	26			GOOD	CONVERGED		
mp-2697	SrO2	3	done		2026-04-08 20:28:20	legacy(ctrl+GWinput)	~/bin2	5	FAIL(rc=3,no-gap-in-llmf)	v3 2026-05-19 03:11:19			1	6				2.759		108.4	117			FAILED	NOGAP_GAP_COLLAPSED(LDA gap 2.76 eV, previous QSGW iteration 5.76 eV)	rerun from scratch with --prec=fp32	
mp-2741	CaF2	3	done		2026-04-04 07:04:27	legacy(ctrl+GWinput)	~/bin2	5	FAIL(rc=1,rst-rmt-mismatch@llmf_start(lmf))	s1 2026-05-11 11:56:39	CONVERGED	v2 2026-05-11 22:02:18 iter 4	2	4	10.2535, 11.0391, 11.1183, 11.0411	0.0792	0.082	6.930	11.041	55.8	16	13		GOOD	CONVERGED		
mp-2784	Na2Te	3	done		2026-04-04 07:10:35	legacy(ctrl+GWinput)	~/bin2	5	CONVERGED	v3 2026-05-19 17:39:12 iter 9			1	9	3.7080, 3.8191, 3.7950, 3.8091	0.0241	0.027	1.921	3.809	35.5	34			GOOD	CONVERGED		
mp-28240	CSO	3	done		2026-04-04 07:14:36	legacy(ctrl+GWinput)	~/bin2	5	CONVERGED	s1 2026-05-11 10:18:00 iter 8			1	8	8.4399, 8.5208, 8.4416	0.0809	0.082	4.750	8.442	443.9	33			GOOD	CONVERGED		
mp-28797	YHSe	3	done		2026-04-04 07:18:46	legacy(ctrl+GWinput)	~/bin2	5	CONVERGED	v3 2026-05-20 06:31:31 iter 8			1	8	2.5208, 2.5130, 2.5104	0.0103	0.000	1.394	2.510	41.2	33			GOOD	CONVERGED		
mp-2894	ScSnAu	3	done		2026-04-04 07:23:57	legacy(ctrl+GWinput)	~/bin2	5	CONVERGED	v3 2026-05-20 07:11:52 iter 8			1	8	0.1468, 0.1519, 0.1462	0.0057	0.000	0.151	0.146	26.0	34			GOOD	CONVERGED		
mp-29196	AuCN	3	done		2026-04-04 07:27:14	legacy(ctrl+GWinput)	~/bin2	5	CONVERGED	v3 2026-05-20 10:02:23 iter 9			1	9	3.7750, 3.8911, 3.8854, 3.8773	0.0138	0.014	1.772	3.877	186.4	34			GOOD	CONVERGED		
mp-30031	CaI2	3	done		2026-04-04 07:38:56	legacy(ctrl+GWinput)	~/bin2	5	FAIL(rc=1,rst-rmt-mismatch@llmf_start(lmf))	v3 2026-05-20 16:40:49			1	5				3.475	6.093	26.8	26			FAILED	AC_rst-rmt-mismatch@llmf_start(lmf)	rerun from scratch (inputs inconsistent with the old rst)	
mp-30034	MgBr2	3	done		2026-04-04 07:36:23	legacy(ctrl+GWinput)	~/bin2	5	CONVERGED	v3 2026-05-20 17:51:02 iter 8			1	8	6.9811, 6.8855, 6.9552	0.0956	0.095	4.124	6.955	35.3	38			GOOD	CONVERGED		
mp-30068	CIN	3	done		2026-04-04 07:48:42	legacy(ctrl+GWinput)	~/bin2	5	CONVERGED	v3 2026-05-20 19:24:13 iter 10			1	10	7.5541, 7.8588, 7.6598, 7.6972, 7.7100	0.0502	0.054	4.321	7.710	295.6	41			GOOD	CONVERGED		
mp-30459	ScNiBi	3	done		2026-04-04 07:48:06	legacy(ctrl+GWinput)	~/bin2	5	CONVERGED	v3 2026-05-20 20:03:00 iter 8			1	8	0.3549, 0.3415, 0.3529	0.0134	0.014	0.185	0.353	44.6	34			GOOD	CONVERGED		
mp-30460	YNiBi	3	done		2026-04-04 07:57:46	legacy(ctrl+GWinput)	~/bin2	5	CONVERGED	v3 2026-05-20 20:09:49 iter 8			1	8	0.4544, 0.4423, 0.4493	0.0120	0.000	0.200	0.449	35.4	35			GOOD	CONVERGED		
mp-30847	TiSnPt	3	done		2026-04-04 07:56:54	legacy(ctrl+GWinput)	~/bin2	5	CONVERGED	v3 2026-05-20 21:03:23 iter 8			1	8	1.0611, 1.0541, 1.0595	0.0069	0.014	0.765	1.059	35.2	34			GOOD	CONVERGED		
mp-31451	ZrCoBi	3	done		2026-04-04 08:05:00	legacy(ctrl+GWinput)	~/bin2	5	CONVERGED	v3 2026-05-20 23:31:34 iter 8			1	8	1.1432, 1.1534, 1.1531	0.0103	0.014	1.000	1.153	35.5	33			GOOD	CONVERGED		
mp-31454	TaSbRu	3	done		2026-04-04 08:06:13	legacy(ctrl+GWinput)	~/bin2	5	CONVERGED	v3 2026-05-20 23:52:15 iter 8			1	8	1.0468, 1.0376, 1.0395	0.0092	0.014	0.601	1.039	28.4	33			GOOD	CONVERGED		
mp-31455	VSbRu	3	done		2026-04-04 08:12:48	legacy(ctrl+GWinput)	~/bin2	5	CONVERGED	v3 2026-05-21 00:12:18 iter 8			1	8	0.4188, 0.4199, 0.4207	0.0019	0.000	0.137	0.421	45.1	33			GOOD	CONVERGED		
mp-315	PbF2	3	done		2026-04-04 08:11:38	legacy(ctrl+GWinput)	~/bin2	5	CONVERGED	v3 2026-05-21 00:15:06 iter 8			1	8	6.8805, 6.8168, 6.8690	0.0637	0.068	4.383	6.869	33.6	22			GOOD	CONVERGED		
mp-3161	LiAlSi	3	done		2026-04-04 08:17:07	legacy(ctrl+GWinput)	~/bin2	5	CONVERGED	s1 2026-05-11 10:11:50 iter 8			1	8	0.4784, 0.4853, 0.4812	0.0070	0.014	0.026	0.481	23.8	24			GOOD	CONVERGED		
mp-3432	ScNiSb	3	done		2026-04-04 08:21:00	legacy(ctrl+GWinput)	~/bin2	5	CONVERGED	v3 2026-05-21 03:23:11 iter 8			1	8	0.5115, 0.4862, 0.4958	0.0253	0.027	0.270	0.496	49.1	32			GOOD	CONVERGED		
mp-35925	NiO2	3	done		2026-04-04 08:25:07	legacy(ctrl+GWinput)	~/bin2	5	OK_MAXITER_NOTCONV	s1 2026-05-11 15:32:06 iter 10			1	10	3.3566, 4.3529, 4.0668, 3.8651, 3.8006	0.2662	0.272	1.184	3.801	157.5	59			NOTCONV	MAXITER_NOTCONV	continue (more iterations)	
mp-408	Mg2Ge	3	done		2026-04-04 08:26:45	legacy(ctrl+GWinput)	~/bin2	5	CONVERGED	v3 2026-05-21 11:00:10 iter 8			1	8	0.6483, 0.6476, 0.6481	0.0007	0.000	0.140	0.648	18.5	28			GOOD	CONVERGED		
mp-441	Rb2Te	3	done		2026-04-04 08:36:49	legacy(ctrl+GWinput)	~/bin2	5	FAIL(rc=1,rst-rmt-mismatch@llmf_start(lmf))	v3 2026-05-21 12:03:23			1	5				1.661	3.623	14.7	22			FAILED	AC_rst-rmt-mismatch@llmf_start(lmf)	rerun from scratch (inputs inconsistent with the old rst)	
mp-4964	YSbPt	3	done		2026-04-04 08:36:06	legacy(ctrl+GWinput)	~/bin2	5	CONVERGED	v3 2026-05-21 18:19:58 iter 8			1	8	0.6115, 0.6135, 0.6168	0.0052	0.000	0.062	0.617	22.0	35			GOOD	CONVERGED		
mp-505297	NbSbRu	3	done		2026-04-04 08:44:01	legacy(ctrl+GWinput)	~/bin2	5	FAIL(rc=1,rst-rmt-mismatch@llmf_start(lmf))	v3 2026-05-21 18:46:28			1	5				0.310	0.672	29.2	20			FAILED	AC_rst-rmt-mismatch@llmf_start(lmf)	rerun from scratch (inputs inconsistent with the old rst)	
mp-510753	NiO2	3	done		2026-04-04 08:42:28	legacy(ctrl+GWinput)	~/bin2	5	CONVERGED	s1 2026-05-11 15:13:16 iter 8			1	8	2.3619, 2.4173, 2.4159	0.0555	0.054	0.852	2.416	134.1	24			GOOD	CONVERGED		
mp-550893	HfO2	3	done		2026-04-04 08:47:29	legacy(ctrl+GWinput)	~/bin2	5	CONVERGED	v3 2026-05-22 13:43:20 iter 8			1	8	5.6580, 5.6424, 5.6788	0.0364	0.027	3.563	5.679	287.7	23			GOOD	CONVERGED		
mp-567259	CdI2	3	done		2026-04-04 08:58:07	legacy(ctrl+GWinput)	~/bin2	5	CONVERGED	v3 2026-05-23 06:42:37 iter 8			1	8	3.9589, 3.9803, 3.9859	0.0270	0.027	2.184	3.986	18.0	44			GOOD	CONVERGED		
mp-567636	VFeSb	3	done		2026-04-04 08:56:01	legacy(ctrl+GWinput)	~/bin2	5	CONVERGED	v3 2026-05-23 09:55:47 iter 8			1	8	0.5694, 0.5723, 0.5683	0.0040	0.000	0.279	0.568	81.6	33			GOOD	CONVERGED		
mp-567677	GeI2	3	done		2026-04-04 09:13:21	legacy(ctrl+GWinput)	~/bin2	5	CONVERGED	v3 2026-05-23 10:55:19 iter 8			1	8	3.1051, 3.1166, 3.1150	0.0115	0.014	2.016	3.115	30.2	51			GOOD	CONVERGED		
mp-568662	BaCl2	3	done		2026-04-04 09:05:54	legacy(ctrl+GWinput)	~/bin2	5	FAIL(rc=1,rst-rmt-mismatch@llmf_start(lmf))	v3 2026-05-23 13:52:43			1	5				5.223	7.913	33.7	21			FAILED	AC_rst-rmt-mismatch@llmf_start(lmf)	rerun from scratch (inputs inconsistent with the old rst)	
mp-568690	CdBr2	3	done		2026-04-04 09:17:42	legacy(ctrl+GWinput)	~/bin2	5	OK_MAXITER_NOTCONV	v3 2026-05-23 16:53:24 iter 10			1	10	4.6782, 4.0737, 4.7155, 4.7898, 4.4326	0.3571	0.354	2.602	4.433	27.8	62			NOTCONV	MAXITER_NOTCONV	continue (more iterations)	
mp-569360	Hg3	3	done		2026-04-04 09:33:35	legacy(ctrl+GWinput)	~/bin2	5	FAIL(rc=3,no-gap-in-llmf)	v3 2026-05-23 21:00:50			1	6						11.5	620			UNKNOWN	NOGAP_METAL_IN_LDA_TOO	decide by hand (no gap: metal or semimetal)	
mp-569779	ScSbPd	3	done		2026-04-04 09:26:19	legacy(ctrl+GWinput)	~/bin2	5	CONVERGED	v3 2026-05-24 01:23:22 iter 8			1	8	0.3865, 0.3920, 0.3941	0.0076	0.014	0.277	0.394	31.1	34			GOOD	CONVERGED		
mp-569960	ZnBr2	3	done		2026-04-04 09:38:34	legacy(ctrl+GWinput)	~/bin2	5	OK_MAXITER_NOTCONV	v3 2026-05-24 03:37:14 iter 10			1	10	5.1023, 5.7063, 5.3313, 5.6170, 5.7441	0.4128	0.408	3.049	5.744	58.7	73			NOTCONV	MAXITER_NOTCONV	continue (more iterations)	
mp-570213	LiMgBi	3	done		2026-04-04 09:42:11	legacy(ctrl+GWinput)	~/bin2	5	CONVERGED	v3 2026-05-24 04:11:52 iter 8			1	8	1.3553, 1.3537, 1.3616	0.0079	0.014	0.430	1.362	25.1	29			GOOD	CONVERGED		
mp-570259	MgCl2	3	done		2026-04-04 09:46:26	legacy(ctrl+GWinput)	~/bin2	5	CONVERGED	s1 2026-05-11 16:09:22 iter 8			1	8	8.4774, 8.4257, 8.3814	0.0960	0.095	5.256	8.381	66.6	36			GOOD	CONVERGED		
mp-5920	LiAlGe	3	done		2026-04-04 09:48:18	legacy(ctrl+GWinput)	~/bin2	5	CONVERGED	v3 2026-05-24 13:59:47 iter 8			1	8	0.4797, 0.4770, 0.4755	0.0042	0.000		0.475	31.8	26			GOOD	CONVERGED		
mp-5967	TiCoSb	3	done		2026-04-04 09:54:05	legacy(ctrl+GWinput)	~/bin2	5	CONVERGED	v3 2026-05-24 14:49:28 iter 8			1	8	1.2988, 1.2888, 1.3097	0.0209	0.014	1.072	1.310	58.7	32			GOOD	CONVERGED		
mp-617	PtO2	3	done		2026-04-04 09:54:18	legacy(ctrl+GWinput)	~/bin2	5	CONVERGED	v3 2026-05-24 16:17:01 iter 8			1	8	3.0087, 2.9998, 2.9859	0.0228	0.027	1.286	2.986	77.0	25			GOOD	CONVERGED		
mp-634859	CaO2	3	done		2026-04-04 10:01:17	legacy(ctrl+GWinput)	~/bin2	5	FAIL(rc=1,rst-rmt-mismatch@llmf_start(lmf))	s1 2026-05-11 11:18:44	CONVERGED	v2 2026-05-11 22:29:04 iter 6	2	6	5.3644, 6.3200, 6.0874, 6.2943, 6.2462, 6.2546	0.0480	0.054	2.717	6.255	113.3	25	15		GOOD	CONVERGED		
mp-644272	HCN	3	done		2026-04-04 10:02:11	legacy(ctrl+GWinput)	~/bin2	5	CONVERGED	s1 2026-05-11 08:14:33 iter 8			1	8	11.0366, 11.0852, 11.1075	0.0710	0.068	6.458	11.108	635.4	26			GOOD	CONVERGED		
mp-644385	HCN	3	done		2026-04-04 10:07:09	legacy(ctrl+GWinput)	~/bin2	5	CONVERGED	s1 2026-05-11 08:28:46 iter 8			1	8	11.3631, 11.3344, 11.3044	0.0587	0.054	6.682	11.304	408.9	21			GOOD	CONVERGED		
mp-648	Na2S	3	done		2026-04-04 10:08:40	legacy(ctrl+GWinput)	~/bin2	5	CONVERGED	s1 2026-05-11 12:08:36 iter 8			1	8	4.6424, 4.6442, 4.6882	0.0458	0.054	2.364	4.688	43.5	28			GOOD	CONVERGED		
mp-665	SnSe2	3	done		2026-04-04 10:17:28	legacy(ctrl+GWinput)	~/bin2	5	CONVERGED	v3 2026-05-24 21:24:53 iter 8			1	8	1.5176, 1.4843, 1.4835	0.0340	0.041	0.574	1.484	35.3	41			GOOD	CONVERGED		
mp-7173	ScSbPt	3	done		2026-04-04 10:17:46	legacy(ctrl+GWinput)	~/bin2	5	CONVERGED	v3 2026-05-25 03:48:58 iter 8			1	8	0.8073, 0.8054, 0.8089	0.0035	0.000	0.622	0.809	32.3	34			GOOD	CONVERGED		
mp-7188	Al2Os	3	done		2026-04-04 10:24:46	legacy(ctrl+GWinput)	~/bin2	5	CONVERGED	v3 2026-05-25 04:32:47 iter 8			1	8	0.9998, 0.9918, 1.0057	0.0140	0.014	0.407	1.006	27.4	35			GOOD	CONVERGED		
mp-7575	LiZnN	3	done		2026-04-04 10:22:31	legacy(ctrl+GWinput)	~/bin2	5	CONVERGED	s1 2026-05-11 12:55:05 iter 8			1	8	2.0093, 2.0068, 2.0077	0.0025	0.014	0.749	2.008	61.2	21			GOOD	CONVERGED		
mp-762	PtS2	3	done		2026-04-04 10:31:02	legacy(ctrl+GWinput)	~/bin2	5	CONVERGED	v3 2026-05-25 15:30:19 iter 8			1	8	1.7717, 1.7968, 1.7861	0.0250	0.027	1.013	1.786	61.2	36			GOOD	CONVERGED		
mp-7988	Cs2O	3	done		2026-04-04 10:37:06	legacy(ctrl+GWinput)	~/bin2	5	FAIL(rc=1,rst-rmt-mismatch@llmf_start(lmf))	v3 2026-05-26 01:48:13			1	5				0.832	2.034	29.6	31			FAILED	AC_rst-rmt-mismatch@llmf_start(lmf)	rerun from scratch (inputs inconsistent with the old rst)	
mp-8041	Rb2S	3	done		2026-04-04 10:40:24	legacy(ctrl+GWinput)	~/bin2	5	FAIL(rc=1,rst-rmt-mismatch@llmf_start(lmf))	v3 2026-05-26 02:30:13			1	5				1.750	3.840	17.5	23			FAILED	AC_rst-rmt-mismatch@llmf_start(lmf)	rerun from scratch (inputs inconsistent with the old rst)	
mp-8177	HgF2	3	done		2026-04-04 10:42:03	legacy(ctrl+GWinput)	~/bin2	5	CONVERGED	v3 2026-05-26 03:33:39 iter 10			1	10	3.8424, 3.3402, 3.5769, 3.6094, 3.6759	0.0990	0.095	0.794	3.676	27.0	25			GOOD	CONVERGED		
mp-8426	K2Se	3	done		2026-04-04 10:49:15	legacy(ctrl+GWinput)	~/bin2	5	FAIL(rc=1,rst-rmt-mismatch@llmf_start(lmf))	v3 2026-05-26 09:29:55			1	5				1.954	3.854	19.8	22			FAILED	AC_rst-rmt-mismatch@llmf_start(lmf)	rerun from scratch (inputs inconsistent with the old rst)	
mp-9124	LiZnAs	3	done		2026-04-04 10:48:07	legacy(ctrl+GWinput)	~/bin2	5	CONVERGED	v3 2026-05-26 19:28:04 iter 8			1	8	1.6837, 1.6908, 1.6846	0.0071	0.000	0.509	1.685	35.7	27			GOOD	CONVERGED		
mp-924130	TiNiSn	3	done		2026-04-04 10:55:53	legacy(ctrl+GWinput)	~/bin2	5	CONVERGED	v3 2026-05-26 21:09:33 iter 8			1	8	0.5760, 0.5950, 0.5888	0.0191	0.027	0.458	0.589	53.4	32			GOOD	CONVERGED		
mp-9437	NbFeSb	3	done		2026-04-04 10:57:56	legacy(ctrl+GWinput)	~/bin2	5	CONVERGED	v3 2026-05-27 00:21:24 iter 8			1	8	0.8085, 0.7766, 0.8031	0.0319	0.027	0.511	0.803	53.7	33			GOOD	CONVERGED		
mp-9519	AgCN	3	done		2026-04-04 11:06:48	legacy(ctrl+GWinput)	~/bin2	5	CONVERGED	v3 2026-05-27 01:36:20 iter 8			1	8	6.7603, 6.6963, 6.7750	0.0787	0.082	3.592	6.775	297.1	32			GOOD	CONVERGED		
mp-971	K2O	3	done		2026-04-04 11:04:00	legacy(ctrl+GWinput)	~/bin2	5	FAIL(rc=1,rst-rmt-mismatch@llmf_start(lmf))	s1 2026-05-11 16:08:47	CONVERGED	v3 2026-05-13 23:08:22 iter 4	2	4	3.3695, 3.8140, 3.8021, 3.8362	0.0341	0.041	1.737	3.836	33.8	20	17		GOOD	CONVERGED		
mp-981	SrF2	3	done		2026-04-04 11:09:09	legacy(ctrl+GWinput)	~/bin2	5	CONVERGED	v3 2026-05-27 06:45:57 iter 9			1	9	10.5717, 10.6257, 10.6826, 10.6380	0.0570	0.054	6.727	10.638	41.9	23			GOOD	CONVERGED		
mp-9813	WS2	3	done		2026-04-04 11:18:54	legacy(ctrl+GWinput)	~/bin2	5	OK_MAXITER_NOTCONV	v3 2026-05-27 07:08:23 iter 10			1	10	1.3930, 1.3211, 1.4459, 1.3523, 1.3217	0.1242	0.122	1.314	1.322	81.8	71			NOTCONV	MAXITER_NOTCONV	continue (more iterations)	
mp-985829	HfS2	3	done		2026-04-04 11:20:35	legacy(ctrl+GWinput)	~/bin2	5	CONVERGED	v3 2026-05-27 08:50:49 iter 8			1	8	2.4781, 2.4844, 2.4708	0.0136	0.014	0.982	2.471	315.7	45			GOOD	CONVERGED		
mp-985831	HfSe2	3	done		2026-04-04 11:30:20	legacy(ctrl+GWinput)	~/bin2	5	CONVERGED	v3 2026-05-27 09:19:52 iter 8			1	8	1.5986, 1.5849, 1.6044	0.0196	0.027	0.390	1.604	226.2	47			GOOD	CONVERGED		
mp-1001786	LiScS2	4	done		2026-04-04 11:32:39	legacy(ctrl+GWinput)	~/bin2	5	FAIL(rc=1,CUDA_OOM@hvccfp0_mp_gpu --job=3)	v2 2026-05-11 22:54:04	CONVERGED	v3 2026-05-12 18:17:28 iter 6	2	6	2.7887, 3.1778, 2.5089, 2.7130, 2.7803, 2.7531	0.0673	0.068	1.333	2.753	70.6	50	319		GOOD	CONVERGED		
mp-1006888	KYS2	4	done		2026-04-04 11:46:44	legacy(ctrl+GWinput)	~/bin2	5	FAIL(rc=1,rst-rmt-mismatch@llmf_start(lmf))	v2 2026-05-11 22:48:52	CONVERGED	v3 2026-05-12 18:23:34 iter 6	2	6	2.6872, 3.9244, 3.2604, 3.3863, 3.4772, 3.4245	0.0909	0.095	2.151	3.424	58.8	69	54		GOOD	CONVERGED		
mp-1007922	Cu2I2	4	done		2026-04-04 11:57:30	legacy(ctrl+GWinput)	~/bin2	5	CONVERGED	v2 2026-05-12 00:00:46 iter 8			1	8	2.4896, 2.5231, 2.5060	0.0335	0.027	0.934	2.506	116.3	73			GOOD	CONVERGED		
mp-1008500	Ba2O2	4	done		2026-04-04 11:57:18	legacy(ctrl+GWinput)	~/bin2	5	FAIL(rc=1,rst-rmt-mismatch@llmf_start(lmf))	v2 2026-05-11 22:59:08	CONVERGED	v3 2026-05-12 18:46:29 iter 4	2	4	3.9531, 4.2242, 4.2346, 4.2817	0.0575	0.068	2.401	4.282	96.5	32	25		GOOD	CONVERGED		
mp-1008505	Ba2Pd2	4	done		2026-04-04 12:25:55	legacy(ctrl+GWinput)	~/bin2	5	FAIL(rc=1,rst-rmt-mismatch@llmf_start(lmf))	v2 2026-05-11 22:59:14	CONVERGED	v3 2026-05-12 19:03:52 iter 3	2	3	0.2975, 0.2946, 0.2935	0.0040	0.000	0.123	0.293	108.5	53	50		GOOD	CONVERGED		
mp-1008559	B2P2	4	done		2026-04-04 12:05:32	legacy(ctrl+GWinput)	~/bin2	5	CONVERGED	s1 2026-05-11 12:18:41 iter 8			1	8	1.9525, 1.9929, 1.9643	0.0404	0.027	1.135	1.964	110.8	39			GOOD	CONVERGED		
mp-10102	KAgC2	4	done		2026-04-10 11:59:25	legacy(ctrl+GWinput)	~/bin2	5	FAIL(rc=1,CUDA_OOM@hvccfp0_mp_gpu --job=3)	v2 2026-05-11 23:49:53	CONVERGED	v3 2026-05-12 20:14:28 iter 5	2	5	4.3266, 4.5049, 4.6078, 4.5923, 4.5847	0.0232	0.027	2.411	4.585	195.6	42	398		GOOD	CONVERGED		
mp-10159	K3Sb	4	done		2026-04-04 12:29:06	legacy(ctrl+GWinput)	~/bin2	5	FAIL(rc=1,rst-rmt-mismatch@llmf_start(lmf))	v2 2026-05-11 23:38:03	CONVERGED	v3 2026-05-12 20:22:56 iter 5	2	5	1.4147, 1.6249, 1.6780, 1.7359, 1.7242	0.0578	0.068	0.608	1.724	41.1	39	33		GOOD	CONVERGED		
mp-1017514	MgSiN2	4	done		2026-04-04 12:32:59	legacy(ctrl+GWinput)	~/bin2	5	OK_MAXITER_NOTCONV	s1 2026-05-11 12:25:28 iter 10			1	10	5.1661, 5.7968, 5.7694, 5.6424, 5.7593	0.1270	0.122	4.078	5.759	116.9	46			NOTCONV	MAXITER_NOTCONV	continue (more iterations)	
mp-1018033	AgRhO2	4	done		2026-04-04 12:39:18	legacy(ctrl+GWinput)	~/bin2	5	CONVERGED	v2 2026-05-12 00:58:08 iter 10			1	10	1.5928, 1.3423, 1.4710, 1.5570, 1.5574	0.0863	0.082	0.571	1.557	82.3	63			GOOD	CONVERGED		
mp-1018040	Mg2Se2	4	done		2026-04-04 12:47:10	legacy(ctrl+GWinput)	~/bin2	5	CONVERGED	v2 2026-05-12 00:58:51 iter 8			1	8	4.4737, 4.4712, 4.4682	0.0055	0.014	2.433	4.468	64.8	58			GOOD	CONVERGED		
mp-1018094	BaGaSnH	4	done		2026-04-04 13:03:46	legacy(ctrl+GWinput)	~/bin2	5	FAIL(rc=1,rst-rmt-mismatch@llmf_start(lmf))	v2 2026-05-12 00:29:15	CONVERGED	v3 2026-05-12 23:53:18 iter 4	2	4	0.4138, 0.5542, 0.5562, 0.5676	0.0134	0.014	0.000	0.568	184.2	50	41		GOOD	CONVERGED		
mp-1018095	BaGaGeH	4	done		2026-04-04 13:06:46	legacy(ctrl+GWinput)	~/bin2	5	FAIL(rc=1,rst-rmt-mismatch@llmf_start(lmf))	v2 2026-05-12 00:34:26	CONVERGED	v3 2026-05-13 00:03:49 iter 4	2	4	0.4743, 0.6556, 0.6818, 0.6874	0.0318	0.041	0.068	0.687	200.2	49	40		GOOD	CONVERGED		
mp-1018096	Ba2NF	4	done		2026-04-04 13:18:44	legacy(ctrl+GWinput)	~/bin2	5	FAIL(rc=1,rst-rmt-mismatch@llmf_start(lmf))	v2 2026-05-12 00:39:36	CONVERGED	v3 2026-05-13 00:35:22 iter 7	2	7	1.1993, 2.0795, 2.1078, 1.7671, 2.1113, 2.1570, 2.1121	0.0457	0.054	0.906	2.112	88.2	59	36		GOOD	CONVERGED		
mp-1018098	Ba2BrN	4	done		2026-04-04 13:25:53	legacy(ctrl+GWinput)	~/bin2	5	FAIL(rc=1,rst-rmt-mismatch@llmf_start(lmf))	v2 2026-05-12 00:44:45	OK_MAXITER_NOTCONV	v3 2026-05-13 02:13:46 iter 10	2	10	2.9441, 2.3783, 2.2058, 2.6218, 2.9607, 3.1497, 2.4695, 2.4604, 2.2082, 2.4238	0.2522	0.259	1.013	2.424	80.2	104	52		NOTCONV	MAXITER_NOTCONV	continue (more iterations)	
mp-1018099	Ba2NCl	4	done		2026-04-04 13:38:01	legacy(ctrl+GWinput)	~/bin2	5	FAIL(rc=1,rst-rmt-mismatch@llmf_start(lmf))	v2 2026-05-12 00:49:55	CONVERGED	v3 2026-05-13 00:35:13 iter 5	2	5	2.0068, 2.3316, 2.1737, 2.2256, 2.2212	0.0519	0.054	0.963	2.221	81.0	60	46		GOOD	CONVERGED		
mp-1018115	Pb2S2	4	done		2026-04-04 13:49:58	legacy(ctrl+GWinput)	~/bin2	5	CONVERGED	v2 2026-05-12 02:01:50 iter 8			1	8	1.6097, 1.6301, 1.6188	0.0204	0.027	0.989	1.619	92.6	83			GOOD	CONVERGED		
mp-1018275	Ga2P2	4	done		2026-04-04 13:51:45	legacy(ctrl+GWinput)	~/bin2	5	CONVERGED	v2 2026-05-12 01:38:54 iter 8			1	8	1.3485, 1.4160, 1.4166	0.0681	0.068	0.718	1.417	104.9	69			GOOD	CONVERGED		
mp-10226	NaYS2	4	done		2026-04-04 14:04:17	legacy(ctrl+GWinput)	~/bin2	5	FAIL(rc=3,no-gap-in-llmf)	v2 2026-05-12 03:00:22			1	7				2.118		121.1	446			FAILED	NOGAP_GAP_COLLAPSED(LDA gap 2.12 eV, previous QSGW iteration 3.62 eV)	rerun from scratch with --prec=fp32	
mp-10378	Cs3Sb	4	done		2026-04-04 14:11:13	legacy(ctrl+GWinput)	~/bin2	5	FAIL(rc=1,rst-rmt-mismatch@llmf_start(lmf))	v2 2026-05-12 03:36:07	CONVERGED	v3 2026-05-13 09:27:25 iter 6	2	6	1.3772, 1.4998, 1.5521, 1.6856, 1.6585, 1.6555	0.0301	0.027	0.480	1.656	34.4	50	34		GOOD	CONVERGED		
mp-1039	Mg2Te2	4	done		2026-04-04 14:21:35	legacy(ctrl+GWinput)	~/bin2	5	FAIL(rc=1,CUDA_OOM@hvccfp0_mp_gpu --job=3)	v2 2026-05-12 03:41:15	CONVERGED	v3 2026-05-13 09:35:05 iter 4	2	4	3.6225, 3.8931, 3.9316, 3.9209	0.0384	0.041	2.213	3.921	36.5	46	358		GOOD	CONVERGED		
mp-10421	RbAuC2	4	done		2026-04-13 10:13:31	legacy(ctrl+GWinput)	~/bin2	5	FAIL(rc=1,CUDA_OOM@hvccfp0_mp_gpu --job=3)	v2 2026-05-12 03:55:41	CONVERGED	v3 2026-05-13 11:14:37 iter 4	2	4	3.8385, 4.0952, 4.0623, 4.0794	0.0328	0.027	2.106	4.079	176.6	40	259		GOOD	CONVERGED		
mp-10422	NaAuC2	4	done		2026-04-04 14:34:18	legacy(ctrl+GWinput)	~/bin2	5	FAIL(rc=1,CUDA_OOM@hgw_combined_mp_gpu --jobgw=1)	v2 2026-05-12 03:56:32	CONVERGED	v3 2026-05-13 11:51:00 iter 6	2	6	2.6374, 2.7863, 2.9021, 3.0603, 2.9862, 2.9692	0.0911	0.095	1.246	2.969	202.3	45	248		GOOD	CONVERGED		
mp-10423	KAuC2	4	done		2026-04-15 15:50:54	legacy(ctrl+GWinput)	~/bin2	5	FAIL(rc=1,CUDA_OOM@hvccfp0_mp_gpu --job=3)	v2 2026-05-12 04:00:41	CONVERGED	v3 2026-05-13 13:41:58 iter 10	2	10	3.5416, 3.7206, 3.8567, 3.4574, 2.4731, 4.4847, 4.4746, 3.8584, 3.9167, 3.9502	0.0918	0.082	1.934	3.950	197.9	66	359		GOOD	CONVERGED		
mp-10618	LiInSe2	4	done		2026-04-04 14:43:36	legacy(ctrl+GWinput)	~/bin2	5	FAIL(rc=1,CUDA_OOM@hvccfp0_mp_gpu --job=3)	v2 2026-05-12 04:45:49	CONVERGED	v3 2026-05-13 14:33:33 iter 5	2	5	1.5116, 1.5964, 1.7226, 1.6859, 1.6952	0.0367	0.041	0.665	1.695	42.2	51	388		GOOD	CONVERGED		
mp-1063670	Pb2Se2	4	done		2026-04-04 15:02:05	legacy(ctrl+GWinput)	~/bin2	5	FAIL(rc=1,segfault@hvccfp0_mp_gpu --job=3)	v2 2026-05-12 04:40:58	CONVERGED	v3 2026-05-13 15:15:01 iter 3	2	3	1.2742, 1.3277, 1.3641	0.0899	0.082	0.841	1.364	67.8	55	522		GOOD	CONVERGED		
mp-1065405	CsAuC2	4	done		2026-04-21 08:44:59	legacy(ctrl+GWinput)	~/bin2	5	FAIL(rc=1,CUDA_OOM@hvccfp0_mp_gpu --job=3)	v2 2026-05-12 04:51:14	CONVERGED	v3 2026-05-13 16:00:18 iter 5	2	5	3.6869, 3.8780, 4.0038, 4.0667, 4.0371	0.0629	0.068	1.985	4.037	196.8	47	302		GOOD	CONVERGED		
mp-1065514	YTlTe2	4	done		2026-04-04 15:17:03	legacy(ctrl+GWinput)	~/bin2	5	FAIL(rc=1,CUDA_OOM@hvccfp0_mp_gpu --job=3)	v2 2026-05-12 04:51:58	CONVERGED	v3 2026-05-13 16:16:44 iter 5	2	5	0.7439, 1.4224, 1.1739, 1.1767, 1.2372	0.0633	0.068	0.571	1.237	25.9	74	505		GOOD	CONVERGED		
mp-1066131	YTlS2	4	done		2026-04-04 15:21:53	legacy(ctrl+GWinput)	~/bin2	5	FAIL(rc=1,CUDA_OOM@hvccfp0_mp_gpu --job=0)	v2 2026-05-12 04:54:52	CONVERGED	v3 2026-05-13 16:46:56 iter 7	2	7	1.8727, 2.4057, 3.0360, 2.6476, 2.5802, 2.5215, 2.5781	0.0587	0.068	1.374	2.578	59.5	79	532		GOOD	CONVERGED		
mp-1066400	NaN3	4	done		2026-04-04 15:27:47	legacy(ctrl+GWinput)	~/bin2	5	CONVERGED	s1 2026-05-11 10:28:31 iter 8			1	8	6.7167, 6.6571, 6.7122	0.0596	0.068	3.986	6.712	509.9	43			GOOD	CONVERGED		
mp-1066781	Br2Cl2	4	done		2026-04-04 15:57:27	legacy(ctrl+GWinput)	~/bin2	5	FAIL(rc=1,CUDA_OOM@hvccfp0_mp_gpu --job=3)	v2 2026-05-12 04:56:14	CONVERGED	v3 2026-05-13 17:45:40 iter 5	2	5	3.8789, 4.2874, 4.3709, 4.4012, 4.3733	0.0303	0.027	1.666	4.373	202.4	79	815		GOOD	CONVERGED		
mp-1067744	YTlSe2	4	done		2026-04-04 15:47:18	legacy(ctrl+GWinput)	~/bin2	5	FAIL(rc=1,CUDA_OOM@hvccfp0_mp_gpu --job=3)	v2 2026-05-12 04:57:04	CONVERGED	v3 2026-05-13 18:22:46 iter 8	2	8	1.7770, 2.0715, 2.2059, 2.0742, 2.0361, 1.9658, 1.8745, 1.8787	0.0913	0.082	1.157	1.879	38.8	89	403		GOOD	CONVERGED		
mp-10694	ScF3	4	done		2026-04-04 15:53:59	legacy(ctrl+GWinput)	~/bin2	5	CONVERGED	v2 2026-05-11 22:33:03 iter 10			2	10	11.5653, 11.6507, 11.6530	0.0877	0.082	6.032	11.653	132.8	35			GOOD	CONVERGED		
mp-1070	Cd2Se2	4	done		2026-04-04 16:11:31	legacy(ctrl+GWinput)	~/bin2	5	FAIL(rc=1,segfault@hvccfp0_mp_gpu --job=3)	v2 2026-05-12 05:26:12	CONVERGED	v3 2026-05-13 21:47:02 iter 4	2	4	1.3804, 1.7071, 1.7875, 1.7757	0.0805	0.082	0.338	1.776	65.8	47	296		GOOD	CONVERGED		
mp-10969	CdCN2	4	done		2026-04-18 12:18:46	legacy(ctrl+GWinput)	~/bin2	5	FAIL(rc=3,no-gap-in-llmf)	v3 2026-05-15 14:13:59			1	6				2.084		165398.5	165			FAILED	NOGAP_GAP_COLLAPSED(LDA gap 2.08 eV, previous QSGW iteration 3.82 eV)	rerun from scratch with --prec=fp32	
mp-11180	Na2C2	4	done		2026-04-04 16:15:17	legacy(ctrl+GWinput)	~/bin2	5	CONVERGED	s1 2026-05-11 11:21:34 iter 9			1	9	6.0984, 6.2698, 6.2139, 6.2360	0.0559	0.054	3.370	6.236	285.2	50			GOOD	CONVERGED		
mp-11342	Ga2Se2	4	done		2026-04-04 16:34:48	legacy(ctrl+GWinput)	~/bin2	5	CONVERGED	v3 2026-05-15 17:19:42 iter 9			1	9	2.5247, 2.6269, 2.5987, 2.5834	0.0435	0.041	1.113	2.583	141.4	123			GOOD	CONVERGED		
mp-1207108	BaAlGeH	4	done		2026-04-04 16:34:32	legacy(ctrl+GWinput)	~/bin2	5	FAIL(rc=1,rst-rmt-mismatch@llmf_start(lmf))	v3 2026-05-15 20:39:50			1	5				0.772	1.362	180.7	41			FAILED	AC_rst-rmt-mismatch@llmf_start(lmf)	rerun from scratch (inputs inconsistent with the old rst)	
mp-12779	Cd2Te2	4	done		2026-04-04 16:57:32	legacy(ctrl+GWinput)	~/bin2	5	CONVERGED	v3 2026-05-15 23:54:15 iter 8			1	8	1.7276, 1.7150, 1.7229	0.0126	0.014	0.441	1.723	44.2	64			GOOD	CONVERGED		
mp-12908	ScAgSe2	4	done		2026-04-04 16:48:50	legacy(ctrl+GWinput)	~/bin2	5	CONVERGED	v3 2026-05-16 00:03:20 iter 8			1	8	1.7135, 1.7047, 1.7138	0.0091	0.014	0.543	1.714	43.0	55			GOOD	CONVERGED		
mp-13313	ScTlSe2	4	done		2026-04-04 17:06:45	legacy(ctrl+GWinput)	~/bin2	5	CONVERGED	v3 2026-05-16 02:44:43 iter 9			1	9	1.2488, 1.1408, 1.1623, 1.1685	0.0277	0.027	0.483	1.169	48.2	90			GOOD	CONVERGED		
mp-13314	ScTlTe2	4	done		2026-04-04 17:19:46	legacy(ctrl+GWinput)	~/bin2	5	CONVERGED	v3 2026-05-16 02:53:25 iter 8			1	8	0.6868, 0.6579, 0.6831	0.0289	0.027	0.108	0.683	32.3	91			GOOD	CONVERGED		
mp-1378	Li2C2	4	done		2026-04-04 17:14:13	legacy(ctrl+GWinput)	~/bin2	5	CONVERGED	s1 2026-05-11 08:34:13 iter 8			1	8	5.8170, 5.7284, 5.7773	0.0885	0.095	3.195	5.777	220.4	30			GOOD	CONVERGED		
mp-1379	Sn2S2	4	done		2026-04-04 17:40:21	legacy(ctrl+GWinput)	~/bin2	5	CONVERGED	v3 2026-05-16 03:40:46 iter 8			1	8	1.8943, 1.8718, 1.9169	0.0451	0.041	0.925	1.917	115.5	86			GOOD	CONVERGED		
mp-14115	LiRhO2	4	done		2026-04-04 17:27:21	legacy(ctrl+GWinput)	~/bin2	5	CONVERGED	v3 2026-05-16 07:47:51 iter 9			1	9	3.5667, 3.0881, 3.1639, 3.1356	0.0758	0.082	1.310	3.136	96.1	38			GOOD	CONVERGED		
mp-14116	CuRhO2	4	done		2026-04-04 17:36:27	legacy(ctrl+GWinput)	~/bin2	5	CONVERGED	v3 2026-05-16 07:49:31 iter 8			1	8	2.0217, 1.9768, 1.9365	0.0852	0.095	0.806	1.936	145.5	46			GOOD	CONVERGED		
mp-14437	RbYO2	4	done		2026-04-04 17:49:23	legacy(ctrl+GWinput)	~/bin2	5	FAIL(rc=1,rst-rmt-mismatch@llmf_start(lmf))	v3 2026-05-16 07:54:31			1	5				3.518	5.931	85.7	39			FAILED	AC_rst-rmt-mismatch@llmf_start(lmf)	rerun from scratch (inputs inconsistent with the old rst)	
mp-1525634	I4	4	done		2026-04-04 18:09:23	legacy(ctrl+GWinput)	~/bin2	5	CONVERGED	v3 2026-05-16 10:38:22 iter 8			1	8	2.1136, 2.1410, 2.1383	0.0274	0.027	0.912	2.138	57.9	80			GOOD	CONVERGED		
mp-157	P4	4	done		2026-04-04 18:04:49	legacy(ctrl+GWinput)	~/bin2	5	CONVERGED	v3 2026-05-16 15:13:10 iter 8			1	8	0.6899, 0.7356, 0.7469	0.0570	0.054	0.015	0.747	174.1	70			GOOD	CONVERGED		
mp-15724	KNa2Sb	4	done		2026-04-19 07:51:24	legacy(ctrl+GWinput)	~/bin2	5	CONVERGED	v3 2026-05-16 15:13:35 iter 8			1	8	1.8762, 1.8224, 1.8136	0.0626	0.068	0.626	1.814	50.3	45			GOOD	CONVERGED		
mp-15788	LiYS2	4	done		2026-04-04 18:21:34	legacy(ctrl+GWinput)	~/bin2	5	CONVERGED	v3 2026-05-16 16:33:30 iter 10			1	10	3.1421, 2.6998, 2.9240, 2.9811, 2.9911	0.0670	0.068	1.755	2.991	56.4	66			GOOD	CONVERGED		
mp-15794	LiYSe2	4	done		2026-04-04 18:23:54	legacy(ctrl+GWinput)	~/bin2	5	OK_MAXITER_NOTCONV	v3 2026-05-16 16:45:13 iter 10			1	10	2.9652, 2.5832, 2.5383, 2.7612, 2.7103	0.2229	0.218	1.404	2.710	44.2	72			NOTCONV	MAXITER_NOTCONV	continue (more iterations)	
mp-15988	Li2CuSb	4	done		2026-04-04 18:29:15	legacy(ctrl+GWinput)	~/bin2	5	CONVERGED	v3 2026-05-16 17:13:41 iter 8			1	8	0.9325, 0.9461, 0.9448	0.0136	0.014	0.497	0.945	42.2	34			GOOD	CONVERGED		
mp-16238	Li2AgSb	4	done		2026-04-04 18:33:09	legacy(ctrl+GWinput)	~/bin2	5	CONVERGED	v3 2026-05-16 17:30:54 iter 8			1	8	0.8326, 0.8271, 0.8284	0.0055	0.000	0.069	0.828	33.6	35			GOOD	CONVERGED		
mp-165	Si4	4	done		2026-04-04 18:37:53	legacy(ctrl+GWinput)	~/bin2	5	CONVERGED	v3 2026-05-16 19:17:12 iter 8			1	8	0.9690, 0.9737, 0.9783	0.0094	0.014	0.320	0.978	70.0	46			GOOD	CONVERGED		
mp-16763	KYTe2	4	done		2026-04-04 18:55:59	legacy(ctrl+GWinput)	~/bin2	5	FAIL(rc=1,rst-rmt-mismatch@llmf_start(lmf))	v3 2026-05-16 19:15:24			1	5				1.208	2.483	31.5	57			FAILED	AC_rst-rmt-mismatch@llmf_start(lmf)	rerun from scratch (inputs inconsistent with the old rst)	
mp-18921	NaCoO2	4	done		2026-04-04 18:46:32	legacy(ctrl+GWinput)	~/bin2	5	FAIL(rc=1,lmf-SCF-diverged@llmf_start)	v3 2026-05-16 22:52:37			1	7				0.792	2.461	154.1	167			FAILED	AC_lmf-SCF-diverged@llmf_start	rerun from scratch with --prec=fp32	
mp-1933	Cu3N	4	done		2026-04-04 18:54:07	legacy(ctrl+GWinput)	~/bin2	5	CONVERGED	v3 2026-05-17 00:04:13 iter 9			1	9	0.9285, 0.8191, 0.8582, 0.8566	0.0391	0.041	0.288	0.857	101.7	39			GOOD	CONVERGED		
mp-19390	WO3	4	done		2026-04-04 19:00:23	legacy(ctrl+GWinput)	~/bin2	5	CONVERGED	v3 2026-05-16 23:51:55 iter 8			1	8	1.5554, 1.4706, 1.5334	0.0848	0.082	0.388	1.533	75.7	28			GOOD	CONVERGED		
mp-19921	Pb2O2	4	done		2026-04-04 19:12:10	legacy(ctrl+GWinput)	~/bin2	5	CONVERGED	v3 2026-05-17 04:57:51 iter 9			1	9	2.3195, 2.4604, 2.4403, 2.4139	0.0465	0.054	1.440	2.414	107.2	59			GOOD	CONVERGED		
mp-19963	TiFe2Sn	4	done		2026-04-04 19:09:20	legacy(ctrl+GWinput)	~/bin2	5	CONVERGED	v3 2026-05-17 05:00:37 iter 8			1	8	0.0595, 0.0566, 0.0579	0.0030	0.000		0.058	77.5	42			GOOD	CONVERGED		
mp-20162	InAgS2	4	done		2026-04-04 19:23:48	legacy(ctrl+GWinput)	~/bin2	5	CONVERGED	v3 2026-05-17 05:48:36 iter 8			1	8	0.7209, 0.7358, 0.7277	0.0149	0.014	0.052	0.728	45.5	67			GOOD	CONVERGED		
mp-20289	NaInS2	4	done		2026-04-04 19:26:47	legacy(ctrl+GWinput)	~/bin2	5	CONVERGED	v3 2026-05-17 06:33:35 iter 10			1	10	3.4261, 2.5968, 2.9416, 2.9916, 3.0271	0.0856	0.082	1.621	3.027	79.9	80			GOOD	CONVERGED		
mp-20526	Pb2S2	4	done		2026-04-04 20:19:23	legacy(ctrl+GWinput)	~/bin2	5	CONVERGED	v3 2026-05-17 08:25:53 iter 8			1	8	3.2370, 3.2271, 3.2382	0.0111	0.014	1.741	3.238	181.1	111			GOOD	CONVERGED		
mp-2074	Li3Sb	4	done		2026-04-04 19:32:47	legacy(ctrl+GWinput)	~/bin2	5	CONVERGED	v3 2026-05-17 08:59:47 iter 8			1	8	1.4684, 1.4967, 1.4881	0.0283	0.027	0.744	1.488	30.6	27			GOOD	CONVERGED		
mp-20930	InCuO2	4	done		2026-04-04 19:42:56	legacy(ctrl+GWinput)	~/bin2	5	OK_MAXITER_NOTCONV	v3 2026-05-17 11:34:23 iter 10			1	10	2.8165, 1.9590, 1.7192, 1.8505, 1.8051	0.1314	0.136	0.394	1.805	164.0	57			NOTCONV	MAXITER_NOTCONV	continue (more iterations)	
mp-2097	Sn2O2	4	done		2026-04-04 19:56:51	legacy(ctrl+GWinput)	~/bin2	5	CONVERGED	v3 2026-05-17 11:39:41 iter 8			1	8	0.7831, 0.7884, 0.7825	0.0059	0.000	0.245	0.782	118.8	50			GOOD	CONVERGED		
mp-2133	Zn2O2	4	done		2026-04-04 20:07:02	legacy(ctrl+GWinput)	~/bin2	5	CONVERGED	v3 2026-05-17 12:07:43 iter 8			1	8	3.1440, 3.1483, 3.1764	0.0324	0.027	0.750	3.176	264.7	45			GOOD	CONVERGED		
mp-21405	In2Se2	4	done		2026-04-04 20:36:39	legacy(ctrl+GWinput)	~/bin2	5	CONVERGED	v3 2026-05-17 13:11:21 iter 9			1	9	1.9774, 1.8505, 1.8680, 1.8905	0.0400	0.041	0.966	1.890	112.4	100			GOOD	CONVERGED		
mp-2168	Sn2Se2	4	done		2026-04-04 20:43:06	legacy(ctrl+GWinput)	~/bin2	5	CONVERGED	v3 2026-05-17 13:18:37 iter 8			1	8	0.6366, 0.6412, 0.6410	0.0046	0.000	0.291	0.641	71.7	85			GOOD	CONVERGED		
mp-22003	NaN3	4	done		2026-04-04 20:44:35	legacy(ctrl+GWinput)	~/bin2	5	FAIL(rc=3,no-gap-in-llmf)	s1 2026-05-11 10:26:50	CONVERGED	v2 2026-05-11 22:38:55 iter 6	2	6	6.9434, 5.3852, 6.2185, 5.8605, 5.9227, 5.8322	0.0906	0.082	3.911	5.832	255.1	36	198		GOOD	CONVERGED		
mp-22009	Pb2Se2	4	done		2026-04-04 21:50:45	legacy(ctrl+GWinput)	~/bin2	5	CONVERGED	v3 2026-05-17 16:35:22 iter 10			1	10	2.7763, 3.1422, 2.9556, 2.9519, 2.9261	0.0295	0.027	1.459	2.926	113.1	160			GOOD	CONVERGED		
mp-22473	NaInSe2	4	done		2026-04-04 21:02:30	legacy(ctrl+GWinput)	~/bin2	5	OK_MAXITER_NOTCONV	v3 2026-05-17 19:32:50 iter 10			1	10	2.2969, 2.1373, 2.3964, 2.2149, 2.2076	0.1888	0.190	0.887	2.208	61.9	92			NOTCONV	MAXITER_NOTCONV	continue (more iterations)	
mp-2251	Li3N	4	done		2026-04-04 21:07:48	legacy(ctrl+GWinput)	~/bin2	5	CONVERGED	s1 2026-05-11 08:29:04 iter 9			1	9	2.5230, 2.4059, 2.4648, 2.4684	0.0625	0.054	1.135	2.468	72.6	27			GOOD	CONVERGED		
mp-22526	LiCoO2	4	done		2026-04-04 21:15:06	legacy(ctrl+GWinput)	~/bin2	5	OK_MAXITER_NOTCONV	s1 2026-05-11 16:07:27 iter 10			1	10	2.5707, 2.8438, 2.9462, 2.7544, 2.8797	0.1918	0.204	0.922	2.880	143.0	40			NOTCONV	MAXITER_NOTCONV	continue (more iterations)	
mp-22566	TlInS2	4	done		2026-04-04 21:32:45	legacy(ctrl+GWinput)	~/bin2	5	CONVERGED	v3 2026-05-17 19:22:28 iter 8			1	8	1.4358, 1.4266, 1.4509	0.0243	0.027	0.479	1.451	57.4	79			GOOD	CONVERGED		
mp-22660	InAgO2	4	done		2026-04-04 21:43:52	legacy(ctrl+GWinput)	~/bin2	5	OK_MAXITER_NOTCONV	v3 2026-05-17 20:24:48 iter 10			1	10	1.4049, 1.6665, 1.7515, 1.6154, 1.6161	0.1362	0.136	0.276	1.616	104.1	65			NOTCONV	MAXITER_NOTCONV	continue (more iterations)	
mp-22691	In2Se2	4	done		2026-04-04 22:11:24	legacy(ctrl+GWinput)	~/bin2	5	CONVERGED	v3 2026-05-17 20:24:28 iter 8			1	8	1.3357, 1.3506, 1.2802	0.0704	0.068	0.212	1.280	101.7	114			GOOD	CONVERGED		
mp-22848	Cl4	4	done		2026-04-04 22:09:06	legacy(ctrl+GWinput)	~/bin2	5	CONVERGED	v3 2026-05-17 21:12:10 iter 8			1	8	5.7587, 5.7673, 5.7943	0.0357	0.041	2.093	5.794	439.4	70			GOOD	CONVERGED		
mp-22858	Tl2I2	4	done		2026-04-04 22:44:46	legacy(ctrl+GWinput)	~/bin2	5	CONVERGED	v3 2026-05-17 21:40:41 iter 8			1	8	3.1368, 3.2336, 3.1822	0.0968	0.095	2.026	3.182	44.2	95			GOOD	CONVERGED		
mp-22859	Hg2I2	4	done		2026-04-04 22:32:44	legacy(ctrl+GWinput)	~/bin2	5	CONVERGED	v3 2026-05-17 21:35:39 iter 8			1	8	2.9083, 2.8882, 2.8537	0.0546	0.054	1.612	2.854	35.4	64			GOOD	CONVERGED		
mp-22863	Cu2I2	4	done		2026-04-04 22:52:38	legacy(ctrl+GWinput)	~/bin2	5	CONVERGED	v3 2026-05-17 22:11:19 iter 8			1	8	3.0938, 3.0300, 3.0335	0.0638	0.054	1.499	3.033	73.5	65			GOOD	CONVERGED		
mp-22870	In2Br2	4	done		2026-04-04 23:11:52	legacy(ctrl+GWinput)	~/bin2	5	CONVERGED	v3 2026-05-17 22:28:09 iter 8			1	8	1.9991, 2.0490, 2.0320	0.0499	0.054	1.114	2.032	54.6	86			GOOD	CONVERGED		
mp-22894	Ag2I2	4	done		2026-04-04 23:15:14	legacy(ctrl+GWinput)	~/bin2	5	CONVERGED	v3 2026-05-17 23:23:41 iter 8			1	8	2.9934, 3.0658, 3.0875	0.0941	0.095	1.160	3.087	45.2	64			GOOD	CONVERGED		
mp-22897	Hg2Cl2	4	done		2026-04-04 23:34:42	legacy(ctrl+GWinput)	~/bin2	5	CONVERGED	v3 2026-05-17 23:31:52 iter 8			1	8	4.0999, 4.0645, 4.0728	0.0354	0.027	2.365	4.073	73.1	58			GOOD	CONVERGED		
mp-22917	Cu2Br2	4	done		2026-04-04 23:42:55	legacy(ctrl+GWinput)	~/bin2	5	CONVERGED	v3 2026-05-18 00:18:33 iter 8			1	8	2.7638, 2.7414, 2.7835	0.0421	0.054	0.928	2.783	96.4	62			GOOD	CONVERGED		
mp-22936	Ca2NCl	4	done		2026-04-04 23:53:03	legacy(ctrl+GWinput)	~/bin2	5	OK_MAXITER_NOTCONV	v3 2026-05-18 01:38:58 iter 10			1	10	2.6339, 3.7728, 3.1456, 3.2463, 3.2232	0.1008	0.109	2.221	3.223	61.4	72			NOTCONV	MAXITER_NOTCONV	continue (more iterations)	
mp-22990	CsICl2	4	done		2026-04-05 00:09:04	legacy(ctrl+GWinput)	~/bin2	5	CONVERGED	v3 2026-05-18 05:55:33 iter 10			1	10	4.9670, 5.2055, 5.0171, 4.9941, 4.9790	0.0382	0.041	2.094	4.979	81.8	71			GOOD	CONVERGED		
mp-23009	Ca2BrN	4	done		2026-04-05 00:08:00	legacy(ctrl+GWinput)	~/bin2	5	CONVERGED	v3 2026-05-18 05:46:15 iter 8			1	8	3.8789, 3.9204, 3.8674	0.0530	0.054	2.305	3.867	64.8	64			GOOD	CONVERGED		
mp-23033	Sr2NCl	4	done		2026-04-21 10:20:33	legacy(ctrl+GWinput)	~/bin2	5	CONVERGED	v3 2026-05-18 06:55:49 iter 10			1	10	3.2631, 3.1071, 3.1801, 3.2314, 3.1855	0.0514	0.054	1.773	3.185	44.9	86			GOOD	CONVERGED		
mp-23040	Ca2PI	4	done		2026-04-05 00:33:16	legacy(ctrl+GWinput)	~/bin2	5	OK_MAXITER_NOTCONV	v3 2026-05-18 07:06:46 iter 10			1	10	2.8001, 2.7499, 2.4916, 2.4856, 2.2765	0.2151	0.218	1.549	2.277	48.3	91			NOTCONV	MAXITER_NOTCONV	continue (more iterations)	
mp-23056	Sr2BrN	4	done		2026-04-05 00:38:14	legacy(ctrl+GWinput)	~/bin2	5	OK_MAXITER_NOTCONV	v3 2026-05-18 07:26:31 iter 10			1	10	3.1119, 2.7926, 2.7474, 3.1918, 2.5570	0.6348	0.639	1.851	2.557	32.8	85			NOTCONV	MAXITER_NOTCONV	continue (more iterations)	
mp-23153	I4	4	done		2026-04-05 01:24:06	legacy(ctrl+GWinput)	~/bin2	5	CONVERGED	v3 2026-05-18 08:42:24 iter 8			1	8	2.2324, 2.1523, 2.1467	0.0857	0.082	0.886	2.147	50.5	83			GOOD	CONVERGED		
mp-23154	Br4	4	done		2026-04-05 01:12:18	legacy(ctrl+GWinput)	~/bin2	5	CONVERGED	v3 2026-05-18 09:17:52 iter 9			1	9	3.6770, 3.7779, 3.7156, 3.7183	0.0623	0.068	1.212	3.718	125.8	84			GOOD	CONVERGED		
mp-23177	Hg2Br2	4	done		2026-04-05 01:36:55	legacy(ctrl+GWinput)	~/bin2	5	CONVERGED	v3 2026-05-18 09:54:42 iter 9			1	9	3.4873, 3.6311, 3.5942, 3.5874	0.0436	0.041	2.022	3.587	49.1	66			GOOD	CONVERGED		
mp-23202	In2I2	4	done		2026-04-05 02:09:13	legacy(ctrl+GWinput)	~/bin2	5	CONVERGED	v3 2026-05-18 12:10:48 iter 8			1	8	2.1453, 2.1280, 2.1365	0.0173	0.027	1.396	2.136	38.5	88			GOOD	CONVERGED		
mp-23222	Li3Bi	4	done		2026-04-05 01:45:40	legacy(ctrl+GWinput)	~/bin2	5	CONVERGED	v3 2026-05-18 12:42:03 iter 8			1	8	0.9966, 0.9996, 0.9967	0.0030	0.000	0.444	0.997	29.2	28			GOOD	CONVERGED		
mp-23227	Cu2Br2	4	done		2026-04-05 02:01:53	legacy(ctrl+GWinput)	~/bin2	5	CONVERGED	v3 2026-05-18 13:31:17 iter 9			1	9	2.4196, 2.2432, 2.3327, 2.3358	0.0926	0.095	0.386	2.336	81.6	55			GOOD	CONVERGED		
mp-23301	BiF3	4	done		2026-04-05 02:10:29	legacy(ctrl+GWinput)	~/bin2	5	CONVERGED	v3 2026-05-18 16:06:09 iter 10			1	10	4.8034, 6.3321, 6.3945, 6.4351, 6.4002	0.0406	0.041	3.992	6.400	45.5	32			GOOD	CONVERGED		
mp-24093	Cu2H2	4	done		2026-04-05 02:18:58	legacy(ctrl+GWinput)	~/bin2	5	CONVERGED	v3 2026-05-18 22:52:54 iter 8			1	8	1.3535, 1.3776, 1.3658	0.0240	0.027	0.448	1.366	200.5	35			GOOD	CONVERGED		
mp-24199	LiHF2	4	done		2026-04-05 02:17:11	legacy(ctrl+GWinput)	~/bin2	5	CONVERGED	s1 2026-05-11 08:55:17 iter 10			1	10	11.8711, 12.1419, 11.9199, 11.9143, 11.9594	0.0450	0.041	8.081	11.959	324.9	32			GOOD	CONVERGED		
mp-24504	H4	4	done		2026-04-05 02:22:32	legacy(ctrl+GWinput)	~/bin2	5	CONVERGED	s1 2026-05-11 08:03:30 iter 8			1	8	15.7027, 15.7056, 15.7087	0.0060	0.014	8.967	15.709	453.3	20			GOOD	CONVERGED		
mp-2516584	C4	4	done		2026-04-05 02:27:59	legacy(ctrl+GWinput)	~/bin2	5	CONVERGED	s1 2026-05-11 08:55:10 iter 8			1	8	2.4674, 2.3890, 2.4003	0.0785	0.068	1.448	2.400	177.8	50			GOOD	CONVERGED		
mp-2542	Be2O2	4	done		2026-04-05 02:31:01	legacy(ctrl+GWinput)	~/bin2	5	CONVERGED	s1 2026-05-11 09:04:19 iter 9			1	9	10.8315, 10.9678, 10.9421, 10.9626	0.0257	0.027	7.661	10.963	219.9	29			GOOD	CONVERGED		
mp-2653	B2N2	4	done		2026-04-05 02:36:16	legacy(ctrl+GWinput)	~/bin2	5	CONVERGED	s1 2026-05-11 09:05:02 iter 8			1	8	7.4471, 7.4443, 7.4896	0.0452	0.041	5.386	7.490	193.9	26			GOOD	CONVERGED		
mp-2659	LiN3	4	done		2026-04-05 02:46:08	legacy(ctrl+GWinput)	~/bin2	5	CONVERGED	s1 2026-05-11 09:30:02 iter 10			1	10	6.5827, 6.4097, 6.4925, 6.5228, 6.4955	0.0304	0.027	3.602	6.495	567.5	41			GOOD	CONVERGED		
mp-27418	KAuO2	4	done		2026-04-05 03:08:54	legacy(ctrl+GWinput)	~/bin2	5	CONVERGED	v3 2026-05-19 07:20:29 iter 9			1	9	3.4055, 3.5412, 3.4604, 3.4625	0.0807	0.082	0.875	3.462	195.2	66			GOOD	CONVERGED		
mp-27438	TlBiTe2	4	done		2026-04-05 03:28:16	legacy(ctrl+GWinput)	~/bin2	5	CONVERGED	v3 2026-05-19 07:56:29 iter 8			1	8	0.6123, 0.6428, 0.6416	0.0305	0.027	0.358	0.642	23.1	93			GOOD	CONVERGED		
mp-27837	NaHF2	4	done		2026-04-05 03:22:08	legacy(ctrl+GWinput)	~/bin2	5	OK_MAXITER_NOTCONV	s1 2026-05-11 10:11:40 iter 10			1	10	11.9130, 11.0026, 10.8636, 11.1995, 11.2812	0.4175	0.422	6.760	11.281	387.2	38			NOTCONV	MAXITER_NOTCONV	continue (more iterations)	
mp-27869	Ba2PCl	4	done		2026-04-05 04:03:19	legacy(ctrl+GWinput)	~/bin2	5	CONVERGED	v3 2026-05-19 18:18:57 iter 8			1	8	2.4549, 2.4472, 2.4237	0.0312	0.027	1.064	2.424	77.1	80			GOOD	CONVERGED		
mp-2793	Au2Se2	4	done		2026-04-05 04:11:38	legacy(ctrl+GWinput)	~/bin2	5	CONVERGED	v3 2026-05-19 19:19:23 iter 8			1	8	0.6405, 0.6233, 0.6269	0.0172	0.014	0.135	0.627	135.4	81			GOOD	CONVERGED		
mp-28554	Ca2AsI	4	done		2026-04-05 04:37:07	legacy(ctrl+GWinput)	~/bin2	5	CONVERGED	v3 2026-05-20 05:44:05 iter 9			1	9	2.9321, 2.7970, 2.8374, 2.8429	0.0459	0.041	1.453	2.843	53.4	84			GOOD	CONVERGED		
mp-28650	CsBr2F	4	done		2026-04-05 04:46:52	legacy(ctrl+GWinput)	~/bin2	5	CONVERGED	v3 2026-05-20 06:34:49 iter 8			1	8	4.7329, 4.7961, 4.7167	0.0794	0.082	1.634	4.717	89.8	61			GOOD	CONVERGED		
mp-288	Pt2S2	4	done		2026-04-05 05:02:43	legacy(ctrl+GWinput)	~/bin2	5	CONVERGED	v3 2026-05-20 06:50:19 iter 8			1	8	1.2054, 1.1986, 1.1986	0.0069	0.014	0.210	1.199	115.3	61			GOOD	CONVERGED		
mp-29266	Cs2S2	4	done		2026-04-05 05:37:03	legacy(ctrl+GWinput)	~/bin2	5	CONVERGED	v3 2026-05-20 10:30:37 iter 8			1	8	3.8764, 3.8832, 3.8997	0.0233	0.027	1.496	3.900	167.7	76			GOOD	CONVERGED		
mp-2964	NaNO2	4	done		2026-04-05 05:26:09	legacy(ctrl+GWinput)	~/bin2	5	CONVERGED	s1 2026-05-11 11:42:43 iter 9			1	9	7.1262, 7.0377, 6.9453, 6.9637	0.0924	0.095	2.304	6.964	693.7	50			GOOD	CONVERGED		
mp-29643	CuAsSe2	4	done		2026-04-05 06:02:30	legacy(ctrl+GWinput)	~/bin2	5	CONVERGED	v3 2026-05-20 15:34:51 iter 8			1	8	1.0034, 0.9356, 0.9473	0.0677	0.068	0.662	0.947	95.7	76			GOOD	CONVERGED		
mp-29662	TlBiSe2	4	done		2026-04-05 06:13:29	legacy(ctrl+GWinput)	~/bin2	5	CONVERGED	v3 2026-05-20 15:40:29 iter 8			1	8	0.4495, 0.4473, 0.4540	0.0067	0.000	0.107	0.454	32.5	83			GOOD	CONVERGED		
mp-29678	AgBiS2	4	done		2026-04-05 06:30:00	legacy(ctrl+GWinput)	~/bin2	5	CONVERGED	v3 2026-05-20 16:26:40 iter 8			1	8	0.9528, 0.9840, 0.9718	0.0312	0.027	0.416	0.972	38.6	68			GOOD	CONVERGED		
mp-29803	Si2H2	4	done		2026-04-05 06:25:51	legacy(ctrl+GWinput)	~/bin2	5	CONVERGED	s1 2026-05-11 10:15:29 iter 8			1	8	3.7234, 3.7677, 3.7838	0.0605	0.054	2.033	3.784	253.3	34			GOOD	CONVERGED		
mp-29868	LiAuC2	4	done		2026-04-05 06:42:41	legacy(ctrl+GWinput)	~/bin2	5	CONVERGED	v3 2026-05-20 17:15:04 iter 9			1	9	3.2053, 2.9938, 2.9845, 2.9973	0.0128	0.014	1.443	2.997	154.6	40			GOOD	CONVERGED		
mp-30041	RbBiS2	4	done		2026-04-05 07:03:14	legacy(ctrl+GWinput)	~/bin2	5	OK_MAXITER_NOTCONV	v3 2026-05-20 18:35:18 iter 10			1	10	2.5212, 6.2073, 4.0482, 3.5214, 3.2890	0.7592	0.762	1.242	3.289	66.2	97			NOTCONV	MAXITER_NOTCONV	continue (more iterations)	
mp-3056	NaTlO2	4	done		2026-04-05 06:59:54	legacy(ctrl+GWinput)	~/bin2	5	CONVERGED	v3 2026-05-20 21:01:45 iter 10			1	10	2.0278, 0.5805, 1.4607, 1.4096, 1.4647	0.0550	0.054	0.641	1.465	89.3	56			GOOD	CONVERGED		
mp-34857	KNO2	4	done		2026-04-05 07:38:00	legacy(ctrl+GWinput)	~/bin2	5	OK_MAXITER_NOTCONV	s1 2026-05-11 15:06:47 iter 10			1	10	7.0565, 12.3139, 9.6802, 9.0982, 8.6264	1.0537	1.048	2.371	8.626	1509.3	78			NOTCONV	MAXITER_NOTCONV	continue (more iterations)	
mp-3748	AlCuO2	4	done		2026-04-05 07:17:35	legacy(ctrl+GWinput)	~/bin2	5	CONVERGED	v3 2026-05-21 06:25:47 iter 8			1	8	3.4069, 3.3555, 3.3363	0.0705	0.068	2.030	3.336	198.2	45			GOOD	CONVERGED		
mp-380	Zn2Se2	4	done		2026-04-05 07:45:27	legacy(ctrl+GWinput)	~/bin2	5	CONVERGED	v3 2026-05-21 07:45:06 iter 8			1	8	2.7793, 2.7711, 2.7709	0.0084	0.000	1.100	2.771	130.7	65			GOOD	CONVERGED		
mp-3915	BaHgO2	4	done		2026-04-05 08:07:35	legacy(ctrl+GWinput)	~/bin2	5	OK_MAXITER_NOTCONV	v3 2026-05-21 09:33:54 iter 10			1	10	4.3522, 3.9422, 3.7591, 4.0073, 4.0505	0.2914	0.299	2.244	4.051	130.4	66			NOTCONV	MAXITER_NOTCONV	continue (more iterations)	
mp-4124	CaCN2	4	done		2026-04-05 08:05:05	legacy(ctrl+GWinput)	~/bin2	5	OK_MAXITER_NOTCONV	s1 2026-05-11 12:49:00 iter 10			1	10	5.1758, 6.4096, 5.7632, 5.8667, 5.6865	0.1802	0.177	3.259	5.686	289.9	42			NOTCONV	MAXITER_NOTCONV	continue (more iterations)	
mp-4280	GaCuO2	4	done		2026-04-05 08:25:31	legacy(ctrl+GWinput)	~/bin2	5	CONVERGED	v3 2026-05-21 12:43:41 iter 10			1	10	2.0521, 2.3098, 2.1219, 2.1424, 2.0826	0.0598	0.054	1.008	2.083	170.6	56			GOOD	CONVERGED		
mp-4541	NaCuO2	4	done		2026-04-05 08:39:56	legacy(ctrl+GWinput)	~/bin2	5	CONVERGED	v3 2026-05-21 14:03:55 iter 10			1	10	2.8366, 3.1874, 2.9619, 2.9065, 2.9267	0.0555	0.054	0.340	2.927	365.7	62			GOOD	CONVERGED		
mp-4573	TlSbTe2	4	done		2026-04-05 09:23:38	legacy(ctrl+GWinput)	~/bin2	5	FAIL(rc=3,no-gap-in-llmf)	v3 2026-05-21 14:52:23			1	9		0.5947		0.104		27.5	696			UNKNOWN	NOGAP_SMALL_GAP(LDA gap 0.10 eV; possibly semimetal)	decide by hand (no gap: metal or semimetal)	
mp-4636	ScCuO2	4	done		2026-04-05 09:02:25	legacy(ctrl+GWinput)	~/bin2	5	CONVERGED	v3 2026-05-21 14:58:54 iter 10			1	10	3.3604, 4.7190, 4.0905, 4.1828, 4.1155	0.0923	0.082	2.262	4.115	201.2	55			GOOD	CONVERGED		
mp-47	C4	4	done		2026-04-05 09:12:50	legacy(ctrl+GWinput)	~/bin2	5	CONVERGED	s1 2026-05-11 09:05:24 iter 8			1	8	5.2845, 5.2666, 5.2400	0.0445	0.041	3.580	5.240	140.2	23			GOOD	CONVERGED		
mp-5077	NaLi2Sb	4	done		2026-04-05 09:28:57	legacy(ctrl+GWinput)	~/bin2	5	CONVERGED	v3 2026-05-21 21:32:53 iter 8			1	8	1.4421, 1.4305, 1.4245	0.0177	0.014	0.624	1.424	37.7	33			GOOD	CONVERGED		
mp-5175	NaInO2	4	done		2026-04-05 09:42:08	legacy(ctrl+GWinput)	~/bin2	5	OK_MAXITER_NOTCONV	v3 2026-05-21 22:34:38 iter 10			1	10	4.1603, 7.8133, 5.7953, 5.2157, 5.0661	0.7292	0.735	2.010	5.066	165.4	55			NOTCONV	MAXITER_NOTCONV	continue (more iterations)	
mp-545552	Sn2O2	4	done		2026-04-05 10:21:24	legacy(ctrl+GWinput)	~/bin2	5	CONVERGED	v3 2026-05-22 06:04:23 iter 8			1	8	2.3797, 2.3721, 2.3748	0.0076	0.014	1.392	2.375	325.4	82			GOOD	CONVERGED		
mp-546500	NaCNO	4	done		2026-04-05 10:04:37	legacy(ctrl+GWinput)	~/bin2	5	OK_MAXITER_NOTCONV	s1 2026-05-11 11:06:29 iter 10			1	10	9.6311, 7.2993, 7.3406, 8.3729, 8.3547	1.0322	1.020	4.205	8.355	621.2	55			NOTCONV	MAXITER_NOTCONV	continue (more iterations)	
mp-546787	KNO2	4	done		2026-04-05 11:02:20	legacy(ctrl+GWinput)	~/bin2	5	OK_MAXITER_NOTCONV	s1 2026-05-11 15:06:47 iter 10			1	10	6.9290, 7.2673, 6.9773, 6.8072, 6.6861	0.2912	0.299	2.352	6.686	1029.8	79			NOTCONV	MAXITER_NOTCONV	continue (more iterations)	
mp-5475	NaTaN2	4	done		2026-04-05 10:45:29	legacy(ctrl+GWinput)	~/bin2	5	CONVERGED	v3 2026-05-22 07:55:31 iter 8			1	8	2.3488, 2.3110, 2.2993	0.0495	0.054	1.251	2.299	93.9	47			GOOD	CONVERGED		
mp-549706	Mg2O2	4	done		2026-04-05 11:03:38	legacy(ctrl+GWinput)	~/bin2	5	OK_MAXITER_NOTCONV	s1 2026-05-11 12:52:38 iter 10			1	10	6.8317, 6.9330, 6.8118, 6.6700, 6.5797	0.2320	0.231	3.400	6.580	246.5	45			NOTCONV	MAXITER_NOTCONV	continue (more iterations)	
mp-554134	Sn2S2	4	done		2026-04-05 19:14:07	legacy(ctrl+GWinput)	~/bin2	5	OK_MAXITER_NOTCONV	v3 2026-05-22 23:46:05 iter 10			1	10	1.3981, 4.3999, 3.8971, 3.7174, 3.7793	0.1797	0.177	1.510	3.779	271.2	152			NOTCONV	MAXITER_NOTCONV	continue (more iterations)	
mp-554310	TlBiS2	4	done		2026-04-05 11:53:51	legacy(ctrl+GWinput)	~/bin2	5	CONVERGED	v3 2026-05-22 20:00:52 iter 9			1	9	0.8760, 0.7326, 0.7874, 0.8098	0.0772	0.082	0.350	0.810	45.4	87			GOOD	CONVERGED		
mp-557835	Tl2F2	4	done		2026-04-05 12:36:48	legacy(ctrl+GWinput)	~/bin2	5	CONVERGED	v3 2026-05-23 00:20:45 iter 8			1	8	4.6690, 4.6707, 4.7252	0.0561	0.054	2.960	4.725	95.6	54			GOOD	CONVERGED		
mp-558071	Rb2S2	4	done		2026-04-05 13:55:17	legacy(ctrl+GWinput)	~/bin2	5	CONVERGED	v3 2026-05-23 00:28:45 iter 8			1	8	4.0314, 4.0257, 4.0627	0.0369	0.041	1.463	4.063	162.8	73			GOOD	CONVERGED		
mp-559092	ScF3	4	done		2026-04-05 14:40:19	legacy(ctrl+GWinput)	~/bin2	5	OK_MAXITER_NOTCONV	v3 2026-05-23 01:45:58 iter 10			1	10	11.8695, 17.7027, 14.7861, 14.2379, 13.9110	0.8750	0.884	5.910	13.911	337.2	44			NOTCONV	MAXITER_NOTCONV	continue (more iterations)	
mp-559676	Sn2S2	4	done		2026-04-05 16:06:04	legacy(ctrl+GWinput)	~/bin2	5	CONVERGED	v3 2026-05-23 02:22:57 iter 8			1	8	0.8650, 0.8691, 0.8473	0.0218	0.027	0.365	0.847	104.6	81			GOOD	CONVERGED		
mp-560588	Zn2S2	4	done		2026-04-05 16:55:46	legacy(ctrl+GWinput)	~/bin2	5	CONVERGED	v3 2026-05-23 03:01:14 iter 8			1	8	3.7324, 3.8078, 3.7772	0.0754	0.082	1.986	3.777	179.0	62			GOOD	CONVERGED		
mp-561203	F4	4	done		2026-04-05 17:51:16	legacy(ctrl+GWinput)	~/bin2	5	OK_MAXITER_NOTCONV	s1 2026-05-11 11:51:39 iter 10			1	10	9.5504, 10.3164, 10.1199, 9.9295, 9.8555	0.2644	0.272	2.432	9.855	585.9	44			NOTCONV	MAXITER_NOTCONV	continue (more iterations)	
mp-561320	Pb2S2	4	done		2026-04-06 07:57:15	legacy(ctrl+GWinput)	~/bin2	5	CONVERGED	v3 2026-05-23 09:30:35 iter 9			1	9	4.1073, 4.2169, 4.1392, 4.1204	0.0965	0.095	1.739	4.120	278.4	165			GOOD	CONVERGED		
mp-567809	Ag2I2	4	done		2026-04-05 20:39:15	legacy(ctrl+GWinput)	~/bin2	5	CONVERGED	v3 2026-05-23 11:51:19 iter 9			1	9	3.0000, 2.8517, 2.9285, 2.9297	0.0781	0.068	1.289	2.930	39.6	74			GOOD	CONVERGED		
mp-568177	CaAlSiH	4	done		2026-04-05 21:44:03	legacy(ctrl+GWinput)	~/bin2	5	CONVERGED	v3 2026-05-23 12:29:50 iter 8			1	8	1.0289, 1.0320, 1.0312	0.0031	0.000	0.264	1.031	143.1	55			GOOD	CONVERGED		
mp-568273	Li2I2	4	done		2026-04-05 22:23:15	legacy(ctrl+GWinput)	~/bin2	5	CONVERGED	v3 2026-05-23 13:08:10 iter 8			1	8	6.1899, 6.2526, 6.2303	0.0627	0.068	4.286	6.230	29.9	44			GOOD	CONVERGED		
mp-568516	K3Bi	4	done		2026-04-05 23:16:08	legacy(ctrl+GWinput)	~/bin2	5	CONVERGED	v3 2026-05-23 13:35:30 iter 8			1	8	0.9393, 0.9383, 0.9485	0.0102	0.014	0.095	0.948	40.7	48			GOOD	CONVERGED		
mp-568927	Ag2I2	4	done		2026-04-06 01:37:30	legacy(ctrl+GWinput)	~/bin2	5	CONVERGED	v3 2026-05-23 16:09:43 iter 8			1	8	2.1909, 2.1559, 2.1568	0.0350	0.041	0.644	2.157	47.6	92			GOOD	CONVERGED		
mp-568949	Tl2Br2	4	done		2026-04-06 03:37:31	legacy(ctrl+GWinput)	~/bin2	5	CONVERGED	v3 2026-05-23 18:12:51 iter 8			1	8	3.5408, 3.4513, 3.5101	0.0895	0.082	2.053	3.510	55.9	85			GOOD	CONVERGED		
mp-569304	C4	4	done		2026-04-06 04:53:22	legacy(ctrl+GWinput)	~/bin2	5	OK_MAXITER_NOTCONV	s1 2026-05-11 09:32:39 iter 10			1	10	3.9831, 3.6407, 3.6924, 3.8422, 3.8678	0.1754	0.177	1.848	3.868	242.3	135			NOTCONV	MAXITER_NOTCONV	continue (more iterations)	
mp-569346	Cu2I2	4	done		2026-04-06 06:13:51	legacy(ctrl+GWinput)	~/bin2	5	CONVERGED	v3 2026-05-23 22:12:04 iter 8			1	8	2.8094, 2.8581, 2.8277	0.0487	0.054	1.148	2.828	82.2	63			GOOD	CONVERGED		
mp-569677	Sr2IN	4	done		2026-04-06 07:31:07	legacy(ctrl+GWinput)	~/bin2	5	CONVERGED	v3 2026-05-23 23:12:35 iter 8			1	8	2.8390, 2.8137, 2.7955	0.0434	0.054	1.764	2.796	35.7	76			GOOD	CONVERGED		
mp-570301	Ag2Br2	4	done		2026-04-06 10:04:51	legacy(ctrl+GWinput)	~/bin2	5	CONVERGED	v3 2026-05-24 05:22:36 iter 8			1	8	2.4446, 2.4011, 2.4394	0.0435	0.054	0.501	2.439	57.1	90			GOOD	CONVERGED		
mp-570485	SrAlSiH	4	done		2026-04-06 09:12:44	legacy(ctrl+GWinput)	~/bin2	5	CONVERGED	v3 2026-05-24 05:37:07 iter 8			1	8	1.2261, 1.2323, 1.2364	0.0103	0.014	0.532	1.236	121.1	56			GOOD	CONVERGED		
mp-570538	NaN3	4	done		2026-04-06 10:24:34	legacy(ctrl+GWinput)	~/bin2	5	CONVERGED	s1 2026-05-11 11:02:14 iter 8			1	8	7.2205, 7.2680, 7.2224	0.0475	0.041	3.826	7.222	650.2	45			GOOD	CONVERGED		
mp-570687	Ag2Cl2	4	done		2026-04-06 12:41:05	legacy(ctrl+GWinput)	~/bin2	5	CONVERGED	v3 2026-05-24 05:54:30 iter 8			1	8	2.8530, 2.7595, 2.7698	0.0936	0.095	0.670	2.770	93.0	130			GOOD	CONVERGED		
mp-570747	N4	4	done		2026-04-06 11:26:07	legacy(ctrl+GWinput)	~/bin2	5	CONVERGED	s1 2026-05-11 10:03:04 iter 9			1	9	13.1528, 13.2728, 13.2730, 13.2377	0.0352	0.041	6.774	13.238	754.1	53			GOOD	CONVERGED		
mp-570858	Ag2Cl2	4	done		2026-04-06 13:24:42	legacy(ctrl+GWinput)	~/bin2	5	CONVERGED	v3 2026-05-24 06:56:13 iter 10			1	10	2.2404, 2.0995, 2.1834, 2.1998, 2.2794	0.0960	0.109	0.296	2.279	65.8	120			GOOD	CONVERGED		
mp-570935	Li2I2	4	done		2026-04-06 14:20:25	legacy(ctrl+GWinput)	~/bin2	5	CONVERGED	v3 2026-05-24 07:07:50 iter 9			1	9	6.6503, 6.5458, 6.6111, 6.6047	0.0653	0.068	4.188	6.605	48.6	80			GOOD	CONVERGED		
mp-571079	Tl2Cl2	4	done		2026-04-06 15:55:33	legacy(ctrl+GWinput)	~/bin2	5	CONVERGED	v3 2026-05-24 07:05:31 iter 8			1	8	3.8544, 3.8975, 3.8889	0.0431	0.041	2.345	3.889	74.6	115			GOOD	CONVERGED		
mp-571093	BaAlSiH	4	done		2026-04-06 15:50:56	legacy(ctrl+GWinput)	~/bin2	5	CONVERGED	v3 2026-05-24 07:34:05 iter 8			1	8	1.3282, 1.3391, 1.3391	0.0109	0.000	0.685	1.339	167.9	78			GOOD	CONVERGED		
mp-571454	LiAgC2	4	done		2026-04-06 17:00:15	legacy(ctrl+GWinput)	~/bin2	5	CONVERGED	v3 2026-05-24 08:44:17 iter 8			1	8	3.3755, 3.3072, 3.2874	0.0882	0.082	1.457	3.287	156.4	49			GOOD	CONVERGED		
mp-571555	In2Cl2	4	done		2026-04-06 18:27:48	legacy(ctrl+GWinput)	~/bin2	5	CONVERGED	v3 2026-05-24 11:22:20 iter 10			1	10	2.0424, 2.2834, 2.1872, 2.1707, 2.1832	0.0165	0.014	1.148	2.183	80.4	137			GOOD	CONVERGED		
mp-571636	In2Cl2	4	done		2026-04-06 20:53:05	legacy(ctrl+GWinput)	~/bin2	5	CONVERGED	v3 2026-05-24 11:03:14 iter 9			1	9	2.3875, 2.5549, 2.5326, 2.4672	0.0876	0.095	1.382	2.467	102.8	157			GOOD	CONVERGED		
mp-5770	AgNO2	4	done		2026-04-06 22:27:10	legacy(ctrl+GWinput)	~/bin2	5	OK_MAXITER_NOTCONV	v3 2026-05-24 12:08:47 iter 10			1	10	1.6156, 1.0370, 1.1698, 1.0572, 1.0628	0.1126	0.109	1.702	1.063	714.0	83			NOTCONV	MAXITER_NOTCONV	continue (more iterations)	
mp-581024	CsK2Sb	4	done		2026-04-06 23:05:06	legacy(ctrl+GWinput)	~/bin2	5	CONVERGED	v3 2026-05-24 12:59:38 iter 8			1	8	2.0281, 2.0348, 2.0231	0.0117	0.014	0.821	2.023	39.0	62			GOOD	CONVERGED		
mp-581833	RbN3	4	failed	NaN_lqpe	2026-05-05 14:00:58	TOML(ctrlG+PB)	~/bin2	3	never				0	3				3.599		nan	29		OK sigma_m=339.8	FAILED	PROD_NaN_lqpe	rerun from scratch with --prec=fp32	fp32 1-iteration check OK in ~/DATA/gw1500fp32/mp-581833_v2 (no converged result)
mp-5841	RbCuC2	4	done		2026-04-07 01:09:29	legacy(ctrl+GWinput)	~/bin2	5	CONVERGED	v3 2026-05-24 13:24:03 iter 8			1	8	3.8554, 3.8532, 3.8771	0.0239	0.027	1.873	3.877	192.2	67			GOOD	CONVERGED		
mp-632229	H2Br2	4	done		2026-04-07 02:08:16	legacy(ctrl+GWinput)	~/bin2	5	CONVERGED	v3 2026-05-24 17:53:35 iter 9			1	9	8.0499, 7.7405, 7.7530, 7.6945	0.0586	0.054	4.334	7.694	751.0	90			GOOD	CONVERGED		
mp-632296	H2F2	4	done		2026-04-07 02:24:17	legacy(ctrl+GWinput)	~/bin2	5	OK_MAXITER_NOTCONV	s1 2026-05-11 08:54:42 iter 10			1	10	13.2818, 11.9113, 12.1742, 12.1383, 12.3526	0.2143	0.218	6.392	12.353	1512.3	67			NOTCONV	MAXITER_NOTCONV	continue (more iterations)	
mp-632326	H2Cl2	4	done		2026-04-07 04:06:02	legacy(ctrl+GWinput)	~/bin2	5	CONVERGED	s1 2026-05-11 11:48:14 iter 8			1	8	9.2141, 9.2491, 9.2653	0.0512	0.054	5.365	9.265	1311.4	83			GOOD	CONVERGED		
mp-635413	Cs3Bi	4	done		2026-04-07 04:25:52	legacy(ctrl+GWinput)	~/bin2	5	CONVERGED	v3 2026-05-24 19:25:34 iter 8			1	8	1.0261, 1.0443, 1.0666	0.0405	0.041	0.110	1.067	34.2	69			GOOD	CONVERGED		
mp-661	Al2N2	4	done		2026-04-07 05:03:52	legacy(ctrl+GWinput)	~/bin2	5	CONVERGED	s1 2026-05-11 12:44:42 iter 8			1	8	6.0754, 6.0976, 6.0672	0.0304	0.027	4.087	6.067	227.3	54			GOOD	CONVERGED		
mp-665922	SrHgO2	4	done		2026-04-07 06:00:21	legacy(ctrl+GWinput)	~/bin2	5	CONVERGED	v3 2026-05-24 22:21:46 iter 10			1	10	3.5140, 3.2745, 3.5540, 3.4719, 3.4703	0.0838	0.082	2.176	3.470	89.9	87			GOOD	CONVERGED		
mp-672	Cd2S2	4	done		2026-04-07 06:59:42	legacy(ctrl+GWinput)	~/bin2	5	CONVERGED	v3 2026-05-24 21:43:01 iter 8			1	8	2.4557, 2.4306, 2.4236	0.0321	0.027	0.895	2.424	92.7	82			GOOD	CONVERGED		
mp-672233	N4	4	done		2026-04-07 07:05:27	legacy(ctrl+GWinput)	~/bin2	5	CONVERGED	s1 2026-05-11 09:56:24 iter 8			1	8	13.7180, 13.7206, 13.7177	0.0029	0.000	6.931	13.718	441.4	44			GOOD	CONVERGED		
mp-672285	CuCSN	4	done		2026-04-07 08:49:12	legacy(ctrl+GWinput)	~/bin2	5	CONVERGED	v3 2026-05-24 21:45:47 iter 8			1	8	3.2833, 3.2574, 3.2912	0.0338	0.041	2.069	3.291	320.4	72			GOOD	CONVERGED		
mp-690794	Sr2HN	4	done		2026-04-07 08:35:52	legacy(ctrl+GWinput)	~/bin2	5	CONVERGED	v3 2026-05-24 23:02:56 iter 8			1	8	2.7871, 2.7230, 2.7966	0.0736	0.082	1.719	2.797	42.8	65			GOOD	CONVERGED		
mp-6972	YCuO2	4	done		2026-04-07 09:58:22	legacy(ctrl+GWinput)	~/bin2	5	OK_MAXITER_NOTCONV	v3 2026-05-25 01:25:29 iter 10			1	10	3.4850, 4.4042, 4.1165, 3.9546, 3.9658	0.1619	0.163	2.702	3.966	152.0	69			NOTCONV	MAXITER_NOTCONV	continue (more iterations)	
mp-6980	ScCuS2	4	done		2026-04-07 11:00:32	legacy(ctrl+GWinput)	~/bin2	5	CONVERGED	v3 2026-05-25 01:29:39 iter 8			1	8	1.9539, 1.9578, 1.9696	0.0158	0.014	0.784	1.970	161.5	86			GOOD	CONVERGED		
mp-7017	NaNbN2	4	done		2026-04-07 11:21:44	legacy(ctrl+GWinput)	~/bin2	5	CONVERGED	v3 2026-05-25 02:15:58 iter 9			1	9	2.0115, 1.7807, 1.8435, 1.7550	0.0885	0.082	0.880	1.755	91.4	63			GOOD	CONVERGED		
mp-7041	CaHgO2	4	done		2026-04-07 12:37:04	legacy(ctrl+GWinput)	~/bin2	5	OK_MAXITER_NOTCONV	v3 2026-05-25 02:38:28 iter 10			1	10	7.4098, 4.1163, 4.1785, 4.5441, 4.5677	0.3892	0.395	2.134	4.568	131.5	82			NOTCONV	MAXITER_NOTCONV	continue (more iterations)	
mp-706	Hg2F2	4	done		2026-04-07 13:01:11	legacy(ctrl+GWinput)	~/bin2	5	OK_MAXITER_NOTCONV	v3 2026-05-25 02:51:27 iter 10			1	10	3.2244, 2.7793, 2.7450, 2.9804, 3.0086	0.2635	0.259	1.397	3.009	74.6	76			NOTCONV	MAXITER_NOTCONV	continue (more iterations)	
mp-7140	Si2C2	4	done		2026-04-07 13:42:44	legacy(ctrl+GWinput)	~/bin2	5	CONVERGED	s1 2026-05-11 12:50:47 iter 8			1	8	3.5325, 3.5156, 3.5276	0.0169	0.027	2.440	3.528	167.7	54			GOOD	CONVERGED		
mp-723629	Na2I2	4	done		2026-04-07 16:45:38	legacy(ctrl+GWinput)	~/bin2	5	CONVERGED	v3 2026-05-25 07:33:16 iter 10			1	10	5.5052, 5.3286, 5.4513, 5.4388, 5.4234	0.0279	0.027	2.863	5.423	66.5	135			GOOD	CONVERGED		
mp-726184	Pb2S2	4	done		2026-04-07 20:52:10	legacy(ctrl+GWinput)	~/bin2	5	CONVERGED	v3 2026-05-25 07:24:45 iter 8			1	8	3.7112, 3.7420, 3.7374	0.0308	0.027	1.730	3.737	163.8	155			GOOD	CONVERGED		
mp-727322	Sn2S2	4	done		2026-04-07 21:03:19	legacy(ctrl+GWinput)	~/bin2	5	CONVERGED	v3 2026-05-25 07:22:40 iter 8			1	8	2.7332, 2.6798, 2.6908	0.0534	0.054	1.394	2.691	249.5	180			GOOD	CONVERGED		
mp-727323	Pb2S2	4	done		2026-04-07 22:37:16	legacy(ctrl+GWinput)	~/bin2	5	CONVERGED	v3 2026-05-25 07:49:42 iter 9			1	9	3.3472, 3.1986, 3.1965, 3.2306	0.0341	0.027	1.729	3.231	144.8	147			GOOD	CONVERGED		
mp-7487	Ba2O2	4	done		2026-04-07 21:41:48	legacy(ctrl+GWinput)	~/bin2	5	CONVERGED	v3 2026-05-25 11:55:59 iter 8			1	8	4.2304, 4.2718, 4.2458	0.0414	0.041	2.628	4.246	133.7	77			GOOD	CONVERGED		
mp-7748	NaAlO2	4	done		2026-04-07 22:00:51	legacy(ctrl+GWinput)	~/bin2	5	OK_MAXITER_NOTCONV	s1 2026-05-11 13:28:30 iter 10			1	10	8.8062, 6.8088, 7.2344, 6.8435, 7.2818	0.4383	0.435	4.661	7.282	180.6	64			NOTCONV	MAXITER_NOTCONV	continue (more iterations)	
mp-7885	AlAgS2	4	done		2026-04-07 22:30:33	legacy(ctrl+GWinput)	~/bin2	5	CONVERGED	v3 2026-05-25 20:44:36 iter 8			1	8	2.8631, 2.8533, 2.8659	0.0126	0.014	1.521	2.866	118.1	83			GOOD	CONVERGED		
mp-7895	Rb2O2	4	done		2026-04-07 22:56:04	legacy(ctrl+GWinput)	~/bin2	5	CONVERGED	v3 2026-05-25 21:33:51 iter 10			1	10	4.5207, 4.3523, 4.4706, 4.4710, 4.5338	0.0632	0.054	1.624	4.534	164.8	79			GOOD	CONVERGED		
mp-7896	Cs2O2	4	done		2026-04-07 23:05:31	legacy(ctrl+GWinput)	~/bin2	5	CONVERGED	v3 2026-05-25 21:27:12 iter 9			1	9	4.0754, 3.9369, 3.9411, 3.9474	0.0105	0.014	1.529	3.947	161.1	88			GOOD	CONVERGED		
mp-7914	NaScO2	4	done		2026-04-07 23:09:54	legacy(ctrl+GWinput)	~/bin2	5	CONVERGED	v3 2026-05-25 23:39:52 iter 8			1	8	6.5253, 6.5398, 6.5300	0.0145	0.014	3.901	6.530	146.6	58			GOOD	CONVERGED		
mp-7991	B2N2	4	done		2026-04-07 23:13:42	legacy(ctrl+GWinput)	~/bin2	5	CONVERGED	s1 2026-05-11 09:19:36 iter 8			1	8	6.5440, 6.5751, 6.5434	0.0317	0.027	3.803	6.543	174.2	36			GOOD	CONVERGED		
mp-8001	LiAlO2	4	done		2026-04-07 23:22:23	legacy(ctrl+GWinput)	~/bin2	5	OK_MAXITER_NOTCONV	s1 2026-05-11 10:53:59 iter 10			1	10	9.0744, 9.6297, 9.2447, 9.1817, 8.3693	0.8754	0.871	6.634	8.369	138.2	52			NOTCONV	MAXITER_NOTCONV	continue (more iterations)	
mp-8002	LiGaO2	4	done		2026-04-07 23:29:07	legacy(ctrl+GWinput)	~/bin2	5	CONVERGED	v3 2026-05-26 02:48:08 iter 10			1	10	4.6409, 4.3886, 4.6680, 4.7527, 4.7469	0.0847	0.082	3.711	4.747	98.1	55			GOOD	CONVERGED		
mp-8039	AlF3	4	done		2026-04-07 23:34:29	legacy(ctrl+GWinput)	~/bin2	5	OK_MAXITER_NOTCONV	s1 2026-05-11 13:28:20 iter 10			1	10	12.3337, 13.8761, 13.2156, 13.2866, 13.0583	0.2283	0.231	7.532	13.058	207.6	40			NOTCONV	MAXITER_NOTCONV	continue (more iterations)	
mp-804	Ga2N2	4	done		2026-04-07 23:48:14	legacy(ctrl+GWinput)	~/bin2	5	CONVERGED	v3 2026-05-26 02:40:36 iter 8			1	8	3.2836, 3.3356, 3.2910	0.0520	0.054	1.914	3.291	213.5	61			GOOD	CONVERGED		
mp-8145	RbScO2	4	done		2026-04-07 23:54:54	legacy(ctrl+GWinput)	~/bin2	5	CONVERGED	v3 2026-05-26 03:10:34 iter 8			1	8	5.4394, 5.4477, 5.4138	0.0339	0.027	3.192	5.414	109.5	68			GOOD	CONVERGED		
mp-8175	KTlO2	4	done		2026-04-08 00:11:28	legacy(ctrl+GWinput)	~/bin2	5	OK_MAXITER_NOTCONV	v3 2026-05-26 03:28:37 iter 10			1	10	2.1931, 1.8986, 2.1137, 2.2517, 2.3194	0.2057	0.204	0.894	2.319	87.4	84			NOTCONV	MAXITER_NOTCONV	continue (more iterations)	
mp-8176	RbTlO2	4	done		2026-04-08 00:22:10	legacy(ctrl+GWinput)	~/bin2	5	CONVERGED	v3 2026-05-26 03:21:26 iter 9			1	9	1.9858, 1.7895, 1.8831, 1.7956	0.0936	0.082	0.870	1.796	65.6	82			GOOD	CONVERGED		
mp-8188	KScO2	4	done		2026-04-08 00:30:58	legacy(ctrl+GWinput)	~/bin2	5	CONVERGED	v3 2026-05-26 04:05:52 iter 10			1	10	6.2185, 6.1001, 6.2096, 6.2189, 6.2166	0.0093	0.014	3.517	6.217	130.7	73			GOOD	CONVERGED		
mp-8409	KYO2	4	done		2026-04-08 00:43:44	legacy(ctrl+GWinput)	~/bin2	5	CONVERGED	v3 2026-05-26 09:54:53 iter 10			1	10	6.4473, 5.6298, 5.9821, 6.0733, 6.0514	0.0912	0.082	3.897	6.051	91.8	74			GOOD	CONVERGED		
mp-8781	Sn2S2	4	done		2026-04-08 02:12:18	legacy(ctrl+GWinput)	~/bin2	5	CONVERGED	v3 2026-05-26 16:00:35 iter 9			1	9	3.1214, 2.9903, 3.0221, 3.0303	0.0399	0.041	1.491	3.030	220.1	170			GOOD	CONVERGED		
mp-8830	NaRhO2	4	done		2026-04-08 01:00:23	legacy(ctrl+GWinput)	~/bin2	5	OK_MAXITER_NOTCONV	v3 2026-05-26 16:10:01 iter 10			1	10	6.4744, 4.0586, 3.2892, 5.7309, 0.1297	5.6012	5.592	1.194	0.130	93.9	66			NOTCONV	MAXITER_NOTCONV	continue (more iterations)	
mp-8860	Na3As	4	done		2026-04-08 01:16:26	legacy(ctrl+GWinput)	~/bin2	5	CONVERGED	v3 2026-05-26 16:06:33 iter 8			1	8	1.1765, 1.1503, 1.1502	0.0263	0.014	0.122	1.150	48.2	48			GOOD	CONVERGED		
mp-8927	TaCuN2	4	done		2026-04-08 01:41:35	legacy(ctrl+GWinput)	~/bin2	5	CONVERGED	v3 2026-05-26 17:25:55 iter 10			1	10	3.0512, 1.0689, 1.2596, 1.1668, 1.2030	0.0928	0.095	0.464	1.203	109.3	78			GOOD	CONVERGED		
mp-8936	Sn2Se2	4	done		2026-04-08 03:01:58	legacy(ctrl+GWinput)	~/bin2	5	CONVERGED	v3 2026-05-26 17:22:43 iter 8			1	8	1.9197, 1.9476, 1.9516	0.0319	0.027	0.975	1.952	80.4	109			GOOD	CONVERGED		
mp-9146	CdHgO2	4	done		2026-04-08 02:55:57	legacy(ctrl+GWinput)	~/bin2	5	CONVERGED	v3 2026-05-26 20:10:53 iter 9			1	9	2.0792, 1.9692, 2.0239, 2.0226	0.0547	0.054	0.315	2.023	161.9	95			GOOD	CONVERGED		
mp-9158	LiCuO2	4	done		2026-04-08 03:22:15	legacy(ctrl+GWinput)	~/bin2	5	CONVERGED	v3 2026-05-26 20:30:16 iter 10			1	10	2.5869, 2.0691, 2.2622, 2.3167, 2.3195	0.0572	0.054	0.317	2.319	284.6	72			GOOD	CONVERGED		
mp-9166	MgCN2	4	done		2026-04-08 03:16:40	legacy(ctrl+GWinput)	~/bin2	5	OK_MAXITER_NOTCONV	s1 2026-05-11 11:03:44 iter 10			1	10	6.9193, 6.5422, 7.2905, 6.6185, 6.6353	0.6720	0.680	3.603	6.635	292.4	52			NOTCONV	MAXITER_NOTCONV	continue (more iterations)	
mp-9339	Nb2P2	4	done		2026-04-08 03:52:53	legacy(ctrl+GWinput)	~/bin2	5	FAIL(rc=3,no-gap-in-llmf)	v3 2026-05-26 22:20:27			1	6						66.9	402			UNKNOWN	NOGAP_METAL_IN_LDA_TOO	decide by hand (no gap: metal or semimetal)	
mp-9382	SrZrN2	4	done		2026-04-08 03:45:20	legacy(ctrl+GWinput)	~/bin2	5	CONVERGED	v3 2026-05-26 23:39:54 iter 8			1	8	1.1664, 1.0950, 1.1487	0.0714	0.082	0.215	1.149	54.8	63			GOOD	CONVERGED		
mp-9383	SrHfN2	4	done		2026-04-08 04:14:28	legacy(ctrl+GWinput)	~/bin2	5	FAIL(rc=3,no-gap-in-llmf)	v3 2026-05-26 23:30:41			1	7				0.171		767.8	327			FAILED	NOGAP_GAP_COLLAPSED(LDA gap 0.17 eV, previous QSGW iteration 1.20 eV)	rerun from scratch with --prec=fp32	
mp-973185	ScAgO2	4	done		2026-04-08 04:17:28	legacy(ctrl+GWinput)	~/bin2	5	CONVERGED	v3 2026-05-27 05:43:03 iter 10			1	10	3.8102, 3.0190, 3.4571, 3.5058, 3.5157	0.0586	0.054	2.129	3.516	123.0	72			GOOD	CONVERGED		
mp-978847	SrGaGeH	4	done		2026-04-08 04:52:05	legacy(ctrl+GWinput)	~/bin2	5	CONVERGED	v3 2026-05-27 06:25:21 iter 8			1	8	1.1248, 1.1307, 1.1277	0.0059	0.000	0.290	1.128	158.3	85			GOOD	CONVERGED		
mp-980057	SrAlGeH	4	done		2026-04-08 04:53:06	legacy(ctrl+GWinput)	~/bin2	5	CONVERGED	v3 2026-05-27 06:29:32 iter 8			1	8	1.4456, 1.4402, 1.4399	0.0057	0.000	0.640	1.440	136.0	80			GOOD	CONVERGED		
mp-984	B2N2	4	done		2026-04-08 05:04:51	legacy(ctrl+GWinput)	~/bin2	5	CONVERGED	s1 2026-05-11 09:20:22 iter 8			1	8	6.5404, 6.5235, 6.5433	0.0199	0.027	4.328	6.543	172.4	35			GOOD	CONVERGED		
mp-9889	Ga2S2	4	done		2026-04-08 05:30:28	legacy(ctrl+GWinput)	~/bin2	5	OK_MAXITER_NOTCONV	v3 2026-05-27 10:46:48 iter 10			1	10	2.8969, 2.8148, 2.6709, 2.8024, 2.7951	0.1315	0.136	1.440	2.795	119.7	117			NOTCONV	MAXITER_NOTCONV	continue (more iterations)	
mp-999135	TaCuN2	4	done		2026-04-08 05:26:22	legacy(ctrl+GWinput)	~/bin2	5	CONVERGED	v3 2026-05-27 12:41:51 iter 9			1	9	1.7092, 0.9571, 1.0203, 1.0204	0.0633	0.068	0.409	1.020	70.8	68			GOOD	CONVERGED		
mp-999265	RbYS2	4	done		2026-04-08 06:09:05	legacy(ctrl+GWinput)	~/bin2	5	CONVERGED	v3 2026-05-27 12:56:25 iter 10			1	10	3.3399, 3.9409, 3.6131, 3.5859, 3.5691	0.0440	0.054	2.130	3.569	53.6	116			GOOD	CONVERGED		
mp-999448	NaYSe2	4	done		2026-04-08 06:08:45	legacy(ctrl+GWinput)	~/bin2	5	CONVERGED	v3 2026-05-27 12:53:36 iter 9			1	9	3.1934, 3.0115, 3.0501, 3.1075	0.0960	0.095	1.706	3.107	59.8	98			GOOD	CONVERGED		
mp-999460	NaScS2	4	done		2026-04-08 06:42:23	legacy(ctrl+GWinput)	~/bin2	5	OK_MAXITER_NOTCONV	v3 2026-05-27 12:58:06 iter 10			1	10	3.6025, 2.3776, 2.6084, 2.6808, 2.8900	0.2816	0.272	1.507	2.890	84.4	91			NOTCONV	MAXITER_NOTCONV	continue (more iterations)	
mp-1017439	SrSiO3	5	done		2026-04-08 06:29:54	legacy(ctrl+GWinput)	~/bin2	5	FAIL(rc=1,CUDA_OOM@hvccfp0_mp_gpu --job=3)	v2 2026-05-12 00:05:09	CONVERGED	v3 2026-05-12 23:12:40 iter 7	2	7	4.4894, 4.6380, 4.9390, 4.8591, 4.7885, 4.7312, 4.7661	0.0574	0.054	2.321	4.766	122.8	39	168		GOOD	CONVERGED		
mp-10175	KCdF3	5	done		2026-04-08 06:57:41	legacy(ctrl+GWinput)	~/bin2	5	FAIL(rc=1,CUDA_OOM@hvccfp0_mp_gpu --job=3)	v2 2026-05-12 00:07:37	CONVERGED	v3 2026-05-12 23:32:48 iter 8	2	8	6.0865, 6.9255, 7.1296, 6.9790, 7.0062, 6.8770, 6.9444, 6.8987	0.0674	0.068	2.911	6.899	97.5	47	220		GOOD	CONVERGED		
mp-1017548	CaBe2P2	5	done		2026-04-08 07:16:52	legacy(ctrl+GWinput)	~/bin2	5	FAIL(rc=1,CUDA_OOM@hvccfp0_mp_gpu --job=3)	v2 2026-05-12 00:24:07	CONVERGED	v3 2026-05-12 23:13:17 iter 4	2	4	1.5335, 1.6394, 1.6533, 1.6629	0.0235	0.027	0.651	1.663	73.0	39	355		GOOD	CONVERGED		
mp-1017552	Bi2O3	5	done		2026-04-08 07:35:43	legacy(ctrl+GWinput)	~/bin2	5	FAIL(rc=1,CUDA_OOM@hvccfp0_mp_gpu --job=0)	v2 2026-05-12 00:05:54	CONVERGED	v3 2026-05-12 23:42:23 iter 5	2	5	1.7801, 1.7611, 1.8658, 1.9362, 1.8663	0.0704	0.068	1.113	1.866	106.4	44	383		GOOD	CONVERGED		
mp-1017565	In2Se3	5	done		2026-04-08 08:14:44	legacy(ctrl+GWinput)	~/bin2	5	CONVERGED	v2 2026-05-12 01:01:54 iter 8			1	8	0.9222, 0.9280, 0.9350	0.0127	0.014	0.077	0.935	74.7	100			GOOD	CONVERGED		
mp-1017567	Hf2SN2	5	done		2026-04-08 08:17:38	legacy(ctrl+GWinput)	~/bin2	5	CONVERGED	v2 2026-05-12 00:52:23 iter 8			1	8	2.0592, 2.1027, 2.0785	0.0435	0.054	0.940	2.079	465.4	93			GOOD	CONVERGED		
mp-1017628	MgBe2P2	5	done		2026-04-08 08:40:12	legacy(ctrl+GWinput)	~/bin2	5	FAIL(rc=1,CUDA_OOM@hvccfp0_mp_gpu --job=0)	v2 2026-05-12 00:12:37	CONVERGED	v3 2026-05-12 23:15:46 iter 3	2	3	1.6630, 1.7212, 1.7365	0.0734	0.082	0.757	1.736	62.6	33	269		GOOD	CONVERGED		
mp-1018630	CaBe2As2	5	done		2026-04-08 08:47:10	legacy(ctrl+GWinput)	~/bin2	5	FAIL(rc=1,CUDA_OOM@hvccfp0_mp_gpu --job=3)	v2 2026-05-12 01:13:51	CONVERGED	v3 2026-05-13 00:24:44 iter 3	2	3	1.4225, 1.4887, 1.4880	0.0662	0.054	0.606	1.488	59.9	35	381		GOOD	CONVERGED		
mp-10250	BaLiF3	5	done		2026-04-08 09:02:24	legacy(ctrl+GWinput)	~/bin2	5	OK_MAXITER_NOTCONV	v2 2026-05-12 03:19:33 iter 10			1	10	11.5070, 11.1200, 10.8117, 11.1145, 11.0945	0.3028	0.299	6.622	11.094	108.4	53			NOTCONV	MAXITER_NOTCONV	continue (more iterations)	
mp-10408	K2CN2	5	done		2026-04-08 09:42:08	legacy(ctrl+GWinput)	~/bin2	5	FAIL(rc=1,CUDA_OOM@hvccfp0_mp_gpu --job=3)	v2 2026-05-12 03:46:15	CONVERGED	v3 2026-05-13 10:55:24 iter 6	2	6	5.0858, 5.5234, 5.5485, 5.6492, 5.5891, 5.6083	0.0601	0.054	3.124	5.608	562.6	66	602		GOOD	CONVERGED		
mp-10437	BaCu2Se2	5	done		2026-04-08 09:59:59	legacy(ctrl+GWinput)	~/bin2	5	FAIL(rc=1,CUDA_OOM@hvccfp0_mp_gpu --job=3)	v2 2026-05-12 04:14:48	CONVERGED	v3 2026-05-13 12:42:33 iter 5	2	5	1.1070, 1.2368, 1.2700, 1.3608, 1.3221	0.0907	0.095	0.394	1.322	80.3	68	604		GOOD	CONVERGED		
mp-10550	SrMg2N2	5	done		2026-04-08 10:15:58	legacy(ctrl+GWinput)	~/bin2	5	FAIL(rc=1,CUDA_OOM@hvccfp0_mp_gpu --job=3)	v2 2026-05-12 04:11:54	CONVERGED	v3 2026-05-13 13:33:36 iter 4	2	4	2.7103, 2.9549, 2.9783, 2.9574	0.0234	0.027	1.692	2.957	96.0	40	226		GOOD	CONVERGED		
mp-1068011	SrAlH3	5	done		2026-04-08 10:29:09	legacy(ctrl+GWinput)	~/bin2	5	FAIL(rc=1,CUDA_OOM@hvccfp0_mp_gpu --job=3)	v2 2026-05-12 05:15:58	CONVERGED	v3 2026-05-13 17:07:42 iter 4	2	4	0.5466, 1.1685, 1.1491, 1.1975	0.0484	0.054	0.563	1.197	47.1	29	222		GOOD	CONVERGED		
mp-1068340	CsGeBr3	5	done		2026-04-08 12:16:36	legacy(ctrl+GWinput)	~/bin2	5	FAIL(rc=1,CUDA_OOM@hvccfp0_mp_gpu --job=3)	v2 2026-05-12 05:01:20	CONVERGED	v3 2026-05-13 18:03:43 iter 4	2	4	2.2092, 2.4712, 2.5697, 2.5595	0.0985	0.095	1.133	2.559	140.4	77	935		GOOD	CONVERGED		
mp-1068577	ZrPbO3	5	done		2026-04-08 11:00:37	legacy(ctrl+GWinput)	~/bin2	5	FAIL(rc=1,CUDA_OOM@hvccfp0_mp_gpu --job=3)	v2 2026-05-12 05:02:15	FAIL(rc=3,no-gap-in-llmf)	v3 2026-05-13 17:32:52	2	3				2.178		91.4	189	140		FAILED	NOGAP_GAP_COLLAPSED(LDA gap 2.18 eV, previous QSGW iteration 0.98 eV)	rerun from scratch with --prec=fp32	
mp-1068813	K2Te2Pd	5	done		2026-04-08 13:10:40	legacy(ctrl+GWinput)	~/bin2	5	FAIL(rc=1,CUDA_OOM@hvccfp0_mp_gpu --job=0)	v2 2026-05-12 06:15:00	CONVERGED	v3 2026-05-13 18:42:39 iter 4	2	4	1.4524, 1.6348, 1.6187, 1.5891	0.0457	0.041	0.605	1.589	96.5	76	1709		GOOD	CONVERGED		
mp-1068941	K2PdS2	5	done		2026-04-08 13:32:06	legacy(ctrl+GWinput)	~/bin2	5	FAIL(rc=1,CUDA_OOM@hvccfp0_mp_gpu --job=3)	v2 2026-05-12 05:06:33	CONVERGED	v3 2026-05-13 18:40:05 iter 4	2	4	2.3238, 2.5979, 2.6125, 2.6213	0.0233	0.027	0.897	2.621	150.4	68	669		GOOD	CONVERGED		
mp-1068977	K2PdC2	5	done		2026-04-08 13:56:03	legacy(ctrl+GWinput)	~/bin2	5	FAIL(rc=1,ACC-symbol-not-found@hvccfp0_mp_gpu --job=3)	v2 2026-05-12 05:07:15	CONVERGED	v3 2026-05-13 18:54:19 iter 4	2	4	2.4981, 2.7790, 2.8762, 2.8589	0.0973	0.095	1.402	2.859	159.6	45	334		GOOD	CONVERGED		
mp-1069193	PdN2Cl2	5	done		2026-04-08 16:50:24	legacy(ctrl+GWinput)	~/bin2	5	FAIL(rc=1,CUDA_OOM@hvccfp0_mp_gpu --job=3)	v2 2026-05-12 05:11:33	CONVERGED	v3 2026-05-13 20:46:36 iter 5	2	5	0.9354, 1.1146, 1.1866, 1.2477, 1.2286	0.0611	0.068	0.128	1.229	1717.7	142	1739		GOOD	CONVERGED		
mp-1069533	Hf2SN2	5	done		2026-04-08 15:15:52	legacy(ctrl+GWinput)	~/bin2	5	FAIL(rc=1,CUDA_OOM@hvccfp0_mp_gpu --job=3)	v2 2026-05-12 05:12:24	CONVERGED	v3 2026-05-13 20:21:04 iter 5	2	5	3.0454, 3.1387, 3.2287, 3.2845, 3.2462	0.0558	0.054	1.913	3.246	722.0	81	500		GOOD	CONVERGED		
mp-1069538	CsPbI3	5	done		2026-04-08 16:41:25	legacy(ctrl+GWinput)	~/bin2	5	FAIL(rc=1,CUDA_OOM@hvccfp0_mp_gpu --job=3)	v2 2026-05-12 05:16:45	CONVERGED	v3 2026-05-13 20:05:04 iter 4	2	4	2.0952, 2.2377, 2.3104, 2.2866	0.0726	0.082	1.235	2.287	27.1	56	479		GOOD	CONVERGED		
mp-1069695	SrMg2Bi2	5	done		2026-04-08 17:54:02	legacy(ctrl+GWinput)	~/bin2	5	FAIL(rc=1,CUDA_OOM@hvccfp0_mp_gpu --job=3)	v2 2026-05-12 05:17:33	CONVERGED	v3 2026-05-13 20:22:35 iter 4	2	4	1.1851, 1.3127, 1.3374, 1.3403	0.0276	0.041	0.401	1.340	57.9	64	577		GOOD	CONVERGED		
mp-1069706	K2PdSe2	5	done		2026-04-08 18:06:06	legacy(ctrl+GWinput)	~/bin2	5	FAIL(rc=1,CUDA_OOM@hvccfp0_mp_gpu --job=3)	v2 2026-05-12 05:21:08	CONVERGED	v3 2026-05-13 20:25:47 iter 4	2	4	1.8260, 2.0119, 1.9908, 2.0478	0.0570	0.068	0.639	2.048	116.3	70	737		GOOD	CONVERGED		
mp-1069771	Rb2PdSe2	5	done		2026-04-08 19:24:54	legacy(ctrl+GWinput)	~/bin2	5	FAIL(rc=1,CUDA_OOM@hvccfp0_mp_gpu --job=3)	v2 2026-05-12 05:21:59	CONVERGED	v3 2026-05-13 20:41:49 iter 4	2	4	1.9993, 2.2168, 2.1889, 2.1883	0.0285	0.027	0.730	2.188	91.1	73	813		GOOD	CONVERGED		
mp-1069819	SnN2F2	5	done		2026-04-08 18:57:06	legacy(ctrl+GWinput)	~/bin2	5	FAIL(rc=1,CUDA_OOM@hvccfp0_mp_gpu --job=3)	v2 2026-05-12 05:22:33	CONVERGED	v3 2026-05-13 21:21:40 iter 3	2	3	3.5403, 3.6286, 3.6086	0.0883	0.095	1.000	3.609	563.7	41	512		GOOD	CONVERGED		
mp-1070099	CaGa2As2	5	done		2026-04-08 20:13:53	legacy(ctrl+GWinput)	~/bin2	5	CONVERGED	v3 2026-05-13 23:16:28 iter 10			2	10	0.3712, 0.4047, 0.3753	0.0335	0.041	0.113	0.375	95.2	159			GOOD	CONVERGED		
mp-1070356	Rb2Te2Pd	5	done		2026-04-08 21:27:11	legacy(ctrl+GWinput)	~/bin2	5	FAIL(rc=1,CUDA_OOM@hvccfp0_mp_gpu --job=3)	v2 2026-05-12 05:27:45	CONVERGED	v3 2026-05-13 22:21:56 iter 4	2	4	1.2735, 1.4238, 1.3815, 1.4084	0.0423	0.041	0.549	1.408	71.4	77	1003		GOOD	CONVERGED		
mp-1070375	CsSnCl3	5	done		2026-04-08 21:15:41	legacy(ctrl+GWinput)	~/bin2	5	CONVERGED	v3 2026-05-13 23:16:02 iter 10			2	10	2.0111, 1.9889, 1.9940	0.0223	0.027	0.738	1.994	50.6	103			GOOD	CONVERGED		
mp-1070498	Rb2Te2Pt	5	done		2026-04-08 23:05:07	legacy(ctrl+GWinput)	~/bin2	5	CONVERGED	v3 2026-05-13 23:50:04 iter 9			2	9	2.1520, 2.1121, 2.0932	0.0588	0.054	0.761	2.093	76.2	149			GOOD	CONVERGED		
mp-10918	Rb2PdC2	5	done		2026-04-08 22:21:14	legacy(ctrl+GWinput)	~/bin2	5	CONVERGED	v3 2026-05-15 14:21:05 iter 8			1	8	2.8765, 2.9388, 2.9007	0.0623	0.068	1.551	2.901	154.1	83			GOOD	CONVERGED		
mp-10919	Rb2PtC2	5	done		2026-04-08 23:17:47	legacy(ctrl+GWinput)	~/bin2	5	CONVERGED	v3 2026-05-15 14:26:39 iter 8			1	8	2.3174, 2.3652, 2.3587	0.0478	0.054	1.049	2.359	135.3	85			GOOD	CONVERGED		
mp-11824	Ca3PN	5	done		2026-04-08 23:42:14	legacy(ctrl+GWinput)	~/bin2	5	CONVERGED	v3 2026-05-15 19:05:09 iter 8			1	8	1.9418, 1.9102, 1.9022	0.0396	0.041	0.718	1.902	65.8	67			GOOD	CONVERGED		
mp-11917	MgBe2N2	5	done		2026-04-08 23:38:29	legacy(ctrl+GWinput)	~/bin2	5	CONVERGED	s1 2026-05-11 11:12:43 iter 9			1	9	5.9839, 5.8503, 5.8541, 5.8741	0.0238	0.027	4.101	5.874	127.9	51			GOOD	CONVERGED		
mp-1201	Sb2Te3	5	done		2026-04-09 01:41:45	legacy(ctrl+GWinput)	~/bin2	5	CONVERGED	v3 2026-05-15 20:53:50 iter 9			1	9	0.5851, 0.4605, 0.5092, 0.5018	0.0487	0.041	0.236	0.502	33.3	191			GOOD	CONVERGED		
mp-12725	NbAgO3	5	done		2026-04-09 00:30:36	legacy(ctrl+GWinput)	~/bin2	5	FAIL(rc=3,no-gap-in-llmf)	v3 2026-05-15 22:51:31			1	6				1.095		497.6	185			FAILED	NOGAP_GAP_COLLAPSED(LDA gap 1.09 eV)	rerun from scratch with --prec=fp32	
mp-13146	Ca3N2	5	done		2026-04-09 01:14:29	legacy(ctrl+GWinput)	~/bin2	5	CONVERGED	v3 2026-05-16 01:18:38 iter 8			1	8	2.3557, 2.4279, 2.3996	0.0722	0.068	1.380	2.400	118.6	72			GOOD	CONVERGED		
mp-14099	ZnAgF3	5	done		2026-04-09 01:56:18	legacy(ctrl+GWinput)	~/bin2	5	FAIL(rc=3,no-gap-in-llmf)	v3 2026-05-16 06:07:30			1	6				1.449		303.7	198			FAILED	NOGAP_GAP_COLLAPSED(LDA gap 1.45 eV)	rerun from scratch with --prec=fp32	
mp-1818	SiF4	5	done		2026-04-09 02:08:51	legacy(ctrl+GWinput)	~/bin2	5	CONVERGED	v3 2026-05-16 21:27:20 iter 8			1	8	13.0269, 13.0377, 13.0212	0.0165	0.014	7.589	13.021	647.0	42			GOOD	CONVERGED		
mp-19183	Li2NiO2	5	done		2026-04-09 02:38:54	legacy(ctrl+GWinput)	~/bin2	5	OK_MAXITER_NOTCONV	v3 2026-05-17 00:02:56 iter 10			1	10	3.0354, 4.2034, 3.8744, 3.9458, 3.7841	0.1617	0.163	0.247	3.784	248.4	74			NOTCONV	MAXITER_NOTCONV	continue (more iterations)	
mp-19845	TiPbO3	5	done		2026-04-09 02:41:54	legacy(ctrl+GWinput)	~/bin2	5	CONVERGED	v3 2026-05-17 03:01:50 iter 8			1	8	2.7861, 2.7192, 2.7217	0.0669	0.068	1.557	2.722	99.4	57			GOOD	CONVERGED		
mp-20337	ZrPbO3	5	done		2026-04-09 03:55:19	legacy(ctrl+GWinput)	~/bin2	5	CONVERGED	v3 2026-05-17 06:34:11 iter 8			1	8	4.0204, 3.9739, 3.9639	0.0565	0.054	2.632	3.964	303.1	123			GOOD	CONVERGED		
mp-20459	TiPbO3	5	done		2026-04-14 07:02:36	legacy(ctrl+GWinput)	~/bin2	10	OK_NOTHING_TO_DO	v3 2026-05-17 06:21:32 Iter0=10			1	10			0.000	1.623	3.221	379.9	116			GOOD	CONVERGED_BY_SURVEY(10 iterations existed; gwscconv did not test)		
mp-21043	RbPbF3	5	done		2026-04-09 03:51:29	legacy(ctrl+GWinput)	~/bin2	5	CONVERGED	v3 2026-05-17 12:27:09 iter 10			1	10	5.4809, 5.8406, 5.6863, 5.7232, 5.7170	0.0369	0.041	2.979	5.717	73.1	74			GOOD	CONVERGED		
mp-22313	Na2PtO2	5	done		2026-04-09 04:48:07	legacy(ctrl+GWinput)	~/bin2	5	CONVERGED	v3 2026-05-17 17:11:34 iter 8			1	8	3.8260, 3.8401, 3.8058	0.0343	0.027	1.368	3.806	216.1	93			GOOD	CONVERGED		
mp-22535	HfPbO3	5	failed	NaN_lqpe	2026-05-04 13:09:22	TOML(ctrlG+PB)	~/bin2	2	never				0	2				2.306		nan	28		OK sigma_m=206.4	FAILED	PROD_NaN_lqpe	rerun from scratch with --prec=fp32	fp32 1-iteration check OK in ~/DATA/gw1500fp32/mp-22535_v2 (no converged result)
mp-22958	KBrO3	5	done		2026-04-09 05:12:34	legacy(ctrl+GWinput)	~/bin2	5	CONVERGED	v3 2026-05-18 04:23:49 iter 10			1	10	6.9080, 7.1777, 6.9903, 6.9790, 6.9751	0.0152	0.014	3.624	6.975	566.3	91			GOOD	CONVERGED		
mp-22981	TlIO3	5	failed	NaN_lqpe	2026-05-04 12:30:48	TOML(ctrlG+PB)	~/bin2	1	never				0	1				2.703		nan	31		OK sigma_m=366.0	FAILED	PROD_NaN_lqpe	rerun from scratch with --prec=fp32	fp32 1-iteration check OK in ~/DATA/gw1500fp32/mp-22981_v2 (no converged result)
mp-22988	CsGeCl3	5	done		2026-04-09 07:21:16	legacy(ctrl+GWinput)	~/bin2	5	CONVERGED	v3 2026-05-18 05:35:02 iter 9			1	9	3.9893, 3.7933, 3.8525, 3.8435	0.0592	0.054	1.977	3.844	232.9	148			GOOD	CONVERGED		
mp-22995	Ag3SI	5	done		2026-04-09 07:27:43	legacy(ctrl+GWinput)	~/bin2	5	CONVERGED	v3 2026-05-18 05:35:03 iter 8			1	8	1.5772, 1.5057, 1.5338	0.0714	0.068	0.396	1.534	114.7	140			GOOD	CONVERGED		
mp-23011	RbClO3	5	done		2026-04-09 09:14:11	legacy(ctrl+GWinput)	~/bin2	5	FAIL(rc=3,no-gap-in-llmf)	v3 2026-05-18 05:41:38			1	6				5.161		19950.4	495			FAILED	NOGAP_GAP_COLLAPSED(LDA gap 5.16 eV)	rerun from scratch with --prec=fp32	
mp-23037	CsPbCl3	5	done		2026-04-09 09:00:29	legacy(ctrl+GWinput)	~/bin2	5	CONVERGED	v3 2026-05-18 06:52:47 iter 9			1	9	3.7059, 3.8536, 3.8032, 3.7692	0.0844	0.082	1.937	3.769	51.8	96			GOOD	CONVERGED		
mp-23737	KMgH3	5	done		2026-04-09 09:32:29	legacy(ctrl+GWinput)	~/bin2	5	CONVERGED	s1 2026-05-11 11:09:18 iter 8			1	8	5.2808, 5.2923, 5.2925	0.0117	0.014	2.160	5.292	85.3	44			GOOD	CONVERGED		
mp-23818	BaLiH3	5	done		2026-04-09 09:39:06	legacy(ctrl+GWinput)	~/bin2	5	CONVERGED	v3 2026-05-18 20:48:59 iter 8			1	8	4.3535, 4.3077, 4.3288	0.0458	0.041	2.012	4.329	77.4	41			GOOD	CONVERGED		
mp-23879	CaH2O2	5	done		2026-04-09 10:06:29	legacy(ctrl+GWinput)	~/bin2	5	CONVERGED	s1 2026-05-11 12:05:39 iter 10			1	10	7.1070, 7.4419, 7.3054, 7.3189, 7.3304	0.0250	0.027	4.022	7.330	550.9	53			GOOD	CONVERGED		
mp-23949	RbCaH3	5	done		2026-04-09 10:14:44	legacy(ctrl+GWinput)	~/bin2	5	CONVERGED	v3 2026-05-18 22:27:35 iter 9			1	9	6.3075, 6.1947, 6.2245, 6.2431	0.0484	0.054	2.923	6.243	74.0	53			GOOD	CONVERGED		
mp-24419	SrLiH3	5	done		2026-04-09 10:42:00	legacy(ctrl+GWinput)	~/bin2	5	CONVERGED	s1 2026-05-11 15:07:39 iter 8			1	8	4.3824, 4.3170, 4.3540	0.0654	0.068	1.637	4.354	66.0	44			GOOD	CONVERGED		
mp-2646	Mg3Sb2	5	done		2026-04-09 11:24:57	legacy(ctrl+GWinput)	~/bin2	5	CONVERGED	v3 2026-05-19 02:51:19 iter 8			1	8	0.8515, 0.8550, 0.8549	0.0035	0.000	0.135	0.855	57.8	98			GOOD	CONVERGED		
mp-2706	SnF4	5	done		2026-04-09 11:20:59	legacy(ctrl+GWinput)	~/bin2	5	CONVERGED	v3 2026-05-19 04:36:33 iter 10			1	10	7.1396, 7.5076, 7.3936, 7.3069, 7.3051	0.0885	0.082	3.042	7.305	272.6	62			GOOD	CONVERGED		
mp-27193	RbIO3	5	done		2026-04-09 12:26:24	legacy(ctrl+GWinput)	~/bin2	5	CONVERGED	v3 2026-05-19 04:41:45 iter 9			1	9	4.8263, 4.9645, 4.9494, 4.9552	0.0151	0.014	2.758	4.955	431.4	99			GOOD	CONVERGED		
mp-27214	CsSnBr3	5	done		2026-04-09 12:51:19	legacy(ctrl+GWinput)	~/bin2	5	CONVERGED	v3 2026-05-19 06:08:42 iter 9			1	9	1.6261, 1.4965, 1.4836, 1.4733	0.0232	0.027	0.474	1.473	34.4	100			GOOD	CONVERGED		
mp-27710	CrB4	5	done		2026-04-09 13:37:53	legacy(ctrl+GWinput)	~/bin2	5	FAIL(rc=3,no-gap-in-llmf)	s1 2026-05-11 15:01:38			1	6						151.8	278			UNKNOWN	NOGAP_METAL_IN_LDA_TOO	decide by hand (no gap: metal or semimetal)	
mp-27910	Bi2Te2S	5	done		2026-04-09 15:02:12	legacy(ctrl+GWinput)	~/bin2	5	CONVERGED	v3 2026-05-19 18:52:35 iter 8			1	8	0.7532, 0.8372, 0.8192	0.0841	0.095	0.422	0.819	38.7	169			GOOD	CONVERGED		
mp-27962	CI4	5	done		2026-04-09 15:40:29	legacy(ctrl+GWinput)	~/bin2	5	OK_MAXITER_NOTCONV	v3 2026-05-19 21:58:29 iter 10			1	10	3.2155, 3.4407, 3.5269, 3.3775, 3.3506	0.1763	0.177	1.022	3.351	178.4	122			NOTCONV	MAXITER_NOTCONV	continue (more iterations)	
mp-28166	K3BrO	5	done		2026-04-09 15:58:02	legacy(ctrl+GWinput)	~/bin2	5	CONVERGED	v3 2026-05-20 01:02:26 iter 9			1	9	3.1244, 3.2780, 3.2342, 3.2195	0.0585	0.054	0.876	3.219	59.6	78			GOOD	CONVERGED		
mp-28171	K3IO	5	done		2026-04-09 16:43:29	legacy(ctrl+GWinput)	~/bin2	5	CONVERGED	v3 2026-05-20 01:28:16 iter 9			1	9	3.3422, 3.1695, 3.1777, 3.1670	0.0107	0.014	1.005	3.167	56.1	85			GOOD	CONVERGED		
mp-28377	CsGeI3	5	done		2026-04-09 18:47:17	legacy(ctrl+GWinput)	~/bin2	5	CONVERGED	v3 2026-05-20 04:41:06 iter 8			1	8	1.9170, 1.9942, 1.9628	0.0772	0.082	1.058	1.963	97.9	146			GOOD	CONVERGED		
mp-28593	Li3BrO	5	done		2026-04-09 17:15:48	legacy(ctrl+GWinput)	~/bin2	5	OK_MAXITER_NOTCONV	v3 2026-05-20 05:51:20 iter 10			1	10	7.8578, 7.2093, 7.1666, 6.9913, 7.0322	0.1752	0.177	4.519	7.032	63.0	51			NOTCONV	MAXITER_NOTCONV	continue (more iterations)	
mp-28602	Na3ClO	5	done		2026-04-09 17:58:18	legacy(ctrl+GWinput)	~/bin2	5	CONVERGED	v3 2026-05-20 06:10:59 iter 8			1	8	4.9891, 5.0888, 5.0139	0.0997	0.095	2.320	5.014	119.9	64			GOOD	CONVERGED		
mp-28872	RbBrO3	5	done		2026-04-09 19:00:25	legacy(ctrl+GWinput)	~/bin2	5	CONVERGED	v3 2026-05-20 07:06:17 iter 8			1	8	6.9121, 6.8664, 6.9202	0.0537	0.054	3.805	6.920	524.5	82			GOOD	CONVERGED		
mp-28873	CsBrO3	5	done		2026-04-09 20:15:25	legacy(ctrl+GWinput)	~/bin2	5	OK_MAXITER_NOTCONV	v3 2026-05-20 08:17:02 iter 10			1	10	3.4566, 0.3840, 5.7697, 6.1218, 4.9775	1.1443	1.143	4.023	4.978	1817.1	109			NOTCONV	MAXITER_NOTCONV	continue (more iterations)	
mp-29208	CaMg2Bi2	5	done		2026-04-09 20:47:20	legacy(ctrl+GWinput)	~/bin2	5	CONVERGED	v3 2026-05-20 09:52:50 iter 8			1	8	1.2788, 1.2745, 1.2881	0.0136	0.014	0.435	1.288	69.3	104			GOOD	CONVERGED		
mp-29209	BaMg2Bi2	5	done		2026-04-09 22:32:48	legacy(ctrl+GWinput)	~/bin2	5	CONVERGED	v3 2026-05-20 10:09:10 iter 8			1	8	1.2540, 1.2544, 1.2516	0.0029	0.000	0.409	1.252	73.1	111			GOOD	CONVERGED		
mp-29666	Bi2Te2Se	5	done		2026-04-09 23:59:43	legacy(ctrl+GWinput)	~/bin2	5	CONVERGED	v3 2026-05-20 16:12:08 iter 8			1	8	0.7830, 0.7666, 0.7856	0.0190	0.027	0.384	0.786	35.7	177			GOOD	CONVERGED		
mp-29738	TlClO3	5	failed	bmix_min	2026-05-04 21:46:14	TOML(ctrlG+PB)	~/bin2	0	never				0	0				4.127		251899.6	15		OK sigma_m=704.7	FAILED	PROD_bmix_min	rerun from scratch with --prec=fp32	fp32 1-iteration check OK in ~/DATA/gw1500fp32/mp-29738_v2 (no converged result)
mp-29798	TlBrO3	5	failed	NaN_lqpe	2026-05-04 22:46:40	TOML(ctrlG+PB)	~/bin2	1	never				0	1				3.388		nan	28		OK sigma_m=407.6	FAILED	PROD_NaN_lqpe	rerun from scratch with --prec=fp32	fp32 1-iteration check OK in ~/DATA/gw1500fp32/mp-29798_v2 (no converged result)
mp-30055	Rb3BrO	5	done		2026-04-10 01:01:18	legacy(ctrl+GWinput)	~/bin2	5	CONVERGED	v3 2026-05-20 19:12:05 iter 10			1	10	2.5543, 2.4386, 2.5651, 2.5668, 2.5799	0.0149	0.014	0.346	2.580	40.0	95			GOOD	CONVERGED		
mp-30056	CsCaBr3	5	done		2026-04-10 01:36:36	legacy(ctrl+GWinput)	~/bin2	5	CONVERGED	v3 2026-05-20 18:52:00 iter 8			1	8	6.9776, 6.9642, 6.9789	0.0148	0.014	4.157	6.979	48.0	87			GOOD	CONVERGED		
mp-30247	MgH2O2	5	done		2026-04-10 01:29:45	legacy(ctrl+GWinput)	~/bin2	5	OK_MAXITER_NOTCONV	s1 2026-05-11 10:21:04 iter 10			1	10	8.4924, 8.1004, 7.8063, 8.0291, 8.0207	0.2228	0.218	4.322	8.021	553.5	50			NOTCONV	MAXITER_NOTCONV	continue (more iterations)	
mp-31149	Ca3BiN	5	done		2026-04-10 02:51:25	legacy(ctrl+GWinput)	~/bin2	5	CONVERGED	v3 2026-05-20 22:39:09 iter 8			1	8	1.2975, 1.3129, 1.2947	0.0182	0.014	0.356	1.295	61.5	76			GOOD	CONVERGED		
mp-3136	NaNbO3	5	done		2026-04-10 02:16:50	legacy(ctrl+GWinput)	~/bin2	5	CONVERGED	v3 2026-05-20 23:38:31 iter 9			1	9	2.7827, 2.9022, 2.8309, 2.8358	0.0714	0.068	1.282	2.836	95.2	53			GOOD	CONVERGED		
mp-31406	Bi2TeSe2	5	done		2026-04-10 05:38:09	legacy(ctrl+GWinput)	~/bin2	5	CONVERGED	v3 2026-05-20 23:56:26 iter 8			1	8	1.3647, 1.4384, 1.4026	0.0737	0.082	0.812	1.403	43.0	176			GOOD	CONVERGED		
mp-3163	BaSnO3	5	done		2026-04-10 03:44:19	legacy(ctrl+GWinput)	~/bin2	5	CONVERGED	v3 2026-05-21 01:27:03 iter 10			1	10	2.4968, 2.1913, 2.2875, 2.3423, 2.3481	0.0606	0.068	0.509	2.348	122.0	68			GOOD	CONVERGED		
mp-3216	Li2ZrN2	5	done		2026-04-10 04:32:42	legacy(ctrl+GWinput)	~/bin2	5	CONVERGED	v3 2026-05-21 01:07:30 iter 8			1	8	3.0197, 3.0107, 2.9902	0.0295	0.027	1.680	2.990	92.7	51			GOOD	CONVERGED		
mp-3323	SrZrO3	5	done		2026-04-10 05:21:41	legacy(ctrl+GWinput)	~/bin2	5	CONVERGED	v3 2026-05-21 02:25:07 iter 8			1	8	5.4170, 5.4906, 5.4983	0.0813	0.082	3.048	5.498	76.8	53			GOOD	CONVERGED		
mp-341	PbF4	5	done		2026-04-10 06:21:49	legacy(ctrl+GWinput)	~/bin2	5	OK_MAXITER_NOTCONV	v3 2026-05-21 03:08:05 iter 10			1	10	5.5884, 5.1507, 5.1526, 5.3607, 5.3602	0.2081	0.204	1.843	5.360	218.5	71			NOTCONV	MAXITER_NOTCONV	continue (more iterations)	
mp-34202	Bi2Te3	5	done		2026-04-10 09:30:59	legacy(ctrl+GWinput)	~/bin2	5	CONVERGED	v3 2026-05-21 03:50:33 iter 9			1	9	0.7664, 0.8894, 0.8724, 0.8679	0.0215	0.014	0.500	0.868	32.6	204			GOOD	CONVERGED		
mp-3448	KMgF3	5	done		2026-04-10 07:34:20	legacy(ctrl+GWinput)	~/bin2	5	OK_MAXITER_NOTCONV	v3 2026-05-21 04:13:48 iter 10			1	10	11.9008, 11.6303, 11.8311, 11.9592, 12.0207	0.1896	0.177	7.117	12.021	146.6	57			NOTCONV	MAXITER_NOTCONV	continue (more iterations)	
mp-3525	Sb2Te2Se	5	done		2026-04-10 10:40:11	legacy(ctrl+GWinput)	~/bin2	5	CONVERGED	v3 2026-05-21 04:59:11 iter 8			1	8	0.3427, 0.3396, 0.3551	0.0156	0.014	0.093	0.355	35.7	169			GOOD	CONVERGED		
mp-3614	KTaO3	5	done		2026-04-10 10:19:44	legacy(ctrl+GWinput)	~/bin2	5	CONVERGED	v3 2026-05-21 05:15:53 iter 8			1	8	3.9014, 3.9726, 3.9964	0.0950	0.095	1.963	3.996	93.3	55			GOOD	CONVERGED		
mp-3654	RbCaF3	5	done		2026-04-10 11:11:58	legacy(ctrl+GWinput)	~/bin2	5	CONVERGED	v3 2026-05-21 06:21:18 iter 10			1	10	10.6596, 10.4742, 10.5804, 10.5908, 10.5903	0.0104	0.000	6.323	10.590	105.0	63			GOOD	CONVERGED		
mp-3834	BaZrO3	5	done		2026-04-10 11:25:07	legacy(ctrl+GWinput)	~/bin2	5	CONVERGED	v3 2026-05-21 08:49:50 iter 10			1	10	5.1694, 5.4883, 5.3367, 5.3475, 5.3300	0.0175	0.014	2.984	5.330	94.2	67			GOOD	CONVERGED		
mp-4170	NaTaO3	5	done		2026-04-10 11:55:32	legacy(ctrl+GWinput)	~/bin2	5	CONVERGED	v3 2026-05-21 11:37:43 iter 8			1	8	4.1484, 4.1305, 4.1807	0.0502	0.041	2.117	4.181	103.4	50			GOOD	CONVERGED		
mp-4255	BaCu2S2	5	done		2026-04-10 12:45:33	legacy(ctrl+GWinput)	~/bin2	5	CONVERGED	v3 2026-05-21 11:58:18 iter 9			1	9	1.4751, 1.6084, 1.5264, 1.5231	0.0853	0.082	0.467	1.523	110.7	111			GOOD	CONVERGED		
mp-4342	KNbO3	5	done		2026-04-10 13:06:03	legacy(ctrl+GWinput)	~/bin2	5	CONVERGED	v3 2026-05-21 12:52:59 iter 10			1	10	2.8228, 2.8510, 2.9595, 2.8884, 2.8844	0.0751	0.082	1.170	2.884	303.1	102			GOOD	CONVERGED		
mp-4366	Na2PtC2	5	done		2026-04-10 13:37:53	legacy(ctrl+GWinput)	~/bin2	5	CONVERGED	v3 2026-05-21 12:16:11 iter 8			1	8	1.3579, 1.3616, 1.3668	0.0089	0.000	0.307	1.367	169.5	76			GOOD	CONVERGED		
mp-4405	Rb3AuO	5	done		2026-04-10 14:35:57	legacy(ctrl+GWinput)	~/bin2	5	CONVERGED	v3 2026-05-21 12:37:05 iter 8			1	8	1.7994, 1.8578, 1.8472	0.0584	0.068	0.070	1.847	37.6	82			GOOD	CONVERGED		
mp-4551	SrHfO3	5	done		2026-04-10 14:28:10	legacy(ctrl+GWinput)	~/bin2	5	CONVERGED	v3 2026-05-21 13:38:37 iter 8			1	8	6.0938, 6.1689, 6.1410	0.0752	0.068	3.563	6.141	414.8	63			GOOD	CONVERGED		
mp-4559	BaCO3	5	done		2026-04-10 15:28:26	legacy(ctrl+GWinput)	~/bin2	5	FAIL(rc=3,no-gap-in-llmf)	v3 2026-05-21 13:25:01			1	6				4.355		1985.4	365			FAILED	NOGAP_GAP_COLLAPSED(LDA gap 4.36 eV)	rerun from scratch with --prec=fp32	
mp-4823	Na2PdC2	5	done		2026-04-10 15:28:47	legacy(ctrl+GWinput)	~/bin2	5	CONVERGED	v3 2026-05-21 16:21:31 iter 8			1	8	2.1216, 2.0948, 2.1148	0.0268	0.027	0.848	2.115	176.8	69			GOOD	CONVERGED		
mp-4950	KCaF3	5	done		2026-04-10 16:14:19	legacy(ctrl+GWinput)	~/bin2	5	OK_MAXITER_NOTCONV	v3 2026-05-21 18:03:09 iter 10			1	10	17.2325, 11.1734, 14.4786, 14.1452, 14.0314	0.4472	0.449	5.873	14.031	176.6	62			NOTCONV	MAXITER_NOTCONV	continue (more iterations)	
mp-4961	Na2HgO2	5	done		2026-04-10 16:32:25	legacy(ctrl+GWinput)	~/bin2	5	OK_MAXITER_NOTCONV	v3 2026-05-21 18:41:24 iter 10			1	10	3.6948, 7.9118, 5.7284, 5.0361, 4.9567	0.7717	0.776	1.650	4.957	194.3	104			NOTCONV	MAXITER_NOTCONV	continue (more iterations)	
mp-5020	BaTiO3	5	done		2026-04-10 17:16:23	legacy(ctrl+GWinput)	~/bin2	5	CONVERGED	v3 2026-05-21 19:13:25 iter 8			1	8	4.1662, 4.2032, 4.2040	0.0379	0.041	2.258	4.204	372.0	81			GOOD	CONVERGED		
mp-505824	Cs2PdC2	5	done		2026-04-10 17:53:05	legacy(ctrl+GWinput)	~/bin2	5	CONVERGED	v3 2026-05-21 20:44:31 iter 8			1	8	3.1306, 3.1408, 3.1199	0.0208	0.027	1.703	3.120	145.3	86			GOOD	CONVERGED		
mp-505825	Cs2PtC2	5	done		2026-04-10 18:37:54	legacy(ctrl+GWinput)	~/bin2	5	CONVERGED	v3 2026-05-21 21:08:02 iter 8			1	8	2.4999, 2.4321, 2.4335	0.0679	0.068	1.196	2.434	145.6	87			GOOD	CONVERGED		
mp-5072	Rb2HgO2	5	done		2026-04-10 19:30:37	legacy(ctrl+GWinput)	~/bin2	5	OK_MAXITER_NOTCONV	v3 2026-05-21 22:20:22 iter 10			1	10	3.0524, 3.8463, 4.0817, 3.9019, 3.9800	0.1798	0.177	1.971	3.980	101.2	119			NOTCONV	MAXITER_NOTCONV	continue (more iterations)	
mp-5229	SrTiO3	5	done		2026-04-10 19:18:19	legacy(ctrl+GWinput)	~/bin2	5	CONVERGED	v3 2026-05-21 23:15:15 iter 8			1	8	3.6060, 3.6086, 3.5973	0.0113	0.014	1.720	3.597	108.8	52			GOOD	CONVERGED		
mp-5246	KNbO3	5	done		2026-04-10 20:37:45	legacy(ctrl+GWinput)	~/bin2	5	CONVERGED	v3 2026-05-21 23:43:35 iter 8			1	8	3.5224, 3.4887, 3.4602	0.0622	0.068	1.615	3.460	403.9	106			GOOD	CONVERGED		
mp-540584	K2PdO2	5	done		2026-04-10 20:41:25	legacy(ctrl+GWinput)	~/bin2	5	CONVERGED	v3 2026-05-22 02:12:43 iter 10			1	10	3.7292, 3.6992, 3.8053, 3.7806, 3.7822	0.0247	0.027	1.303	3.782	173.4	100			GOOD	CONVERGED		
mp-541837	Bi2Se3	5	done		2026-04-10 23:12:30	legacy(ctrl+GWinput)	~/bin2	5	CONVERGED	v3 2026-05-22 03:03:53 iter 8			1	8	0.8131, 0.7999, 0.7149	0.0981	0.095	0.318	0.715	48.6	169			GOOD	CONVERGED		
mp-541989	Na2CN2	5	done		2026-04-10 22:02:46	legacy(ctrl+GWinput)	~/bin2	5	OK_MAXITER_NOTCONV	s1 2026-05-11 14:51:38 iter 10			1	10	6.0655, 5.6459, 5.0588, 5.4039, 5.4514	0.3925	0.395	2.921	5.451	611.8	101			NOTCONV	MAXITER_NOTCONV	continue (more iterations)	
mp-542112	CaZrO3	5	done		2026-04-10 22:46:55	legacy(ctrl+GWinput)	~/bin2	5	CONVERGED	v3 2026-05-22 04:39:28 iter 9			1	9	5.5997, 5.3941, 5.4343, 5.4365	0.0424	0.054	3.042	5.436	91.9	55			GOOD	CONVERGED		
mp-546973	SrSnO3	5	done		2026-04-10 23:29:50	legacy(ctrl+GWinput)	~/bin2	5	CONVERGED	v3 2026-05-22 08:06:10 iter 9			1	9	3.3434, 3.0497, 3.0988, 3.0908	0.0491	0.054	0.708	3.091	97.7	63			GOOD	CONVERGED		
mp-550506	KClO3	5	done		2026-04-11 00:13:27	legacy(ctrl+GWinput)	~/bin2	5	OK_MAXITER_NOTCONV	v3 2026-05-22 12:45:37 iter 10			1	10	8.9647, 10.0113, 9.4169, 9.3030, 9.2594	0.1575	0.150	5.055	9.259	1052.3	90			NOTCONV	MAXITER_NOTCONV	continue (more iterations)	
mp-551905	OsO4	5	done		2026-04-11 01:31:27	legacy(ctrl+GWinput)	~/bin2	5	OK_MAXITER_NOTCONV	v3 2026-05-22 16:46:08 iter 10			1	10	12.1155, 6.5198, 8.7246, 8.7129, 8.9470	0.2341	0.245	3.169	8.947	1694.2	124			NOTCONV	MAXITER_NOTCONV	continue (more iterations)	
mp-552098	Bi2SeO2	5	done		2026-04-11 02:07:45	legacy(ctrl+GWinput)	~/bin2	5	FAIL(rc=3,no-gap-in-llmf)	v3 2026-05-22 15:16:32			1	6				0.377		509.8	469			FAILED	NOGAP_GAP_COLLAPSED(LDA gap 0.38 eV)	rerun from scratch with --prec=fp32	
mp-552729	KIO3	5	done		2026-04-11 02:44:13	legacy(ctrl+GWinput)	~/bin2	5	CONVERGED	v3 2026-05-22 17:06:34 iter 9			1	9	4.4663, 4.6479, 4.6189, 4.5490	0.0990	0.109	2.437	4.549	447.8	87			GOOD	CONVERGED		
mp-553875	Zr2SN2	5	done		2026-04-11 02:52:06	legacy(ctrl+GWinput)	~/bin2	5	CONVERGED	v3 2026-05-22 18:12:06 iter 8			1	8	1.6864, 1.7199, 1.7242	0.0377	0.041	0.703	1.724	92.5	72			GOOD	CONVERGED		
mp-558189	Ag3SI	5	done		2026-05-05 03:22:12	TOML(ctrlG+PB)	~/bin2	5	FAIL(rc=3,no-gap-in-llmf)	v3 2026-05-23 00:04:12			1	6				0.479		266.8	377			FAILED	NOGAP_GAP_COLLAPSED(LDA gap 0.48 eV)	rerun from scratch with --prec=fp32	
mp-560399	NaMgF3	5	done		2026-04-11 03:32:58	legacy(ctrl+GWinput)	~/bin2	5	OK_MAXITER_NOTCONV	v3 2026-05-23 03:34:32 iter 10			1	10	10.2969, 12.7744, 11.5390, 11.4363, 11.1247	0.4144	0.408	5.697	11.125	172.4	56			NOTCONV	MAXITER_NOTCONV	continue (more iterations)	
mp-561947	CsHgF3	5	done		2026-04-11 04:26:57	legacy(ctrl+GWinput)	~/bin2	5	CONVERGED	v3 2026-05-23 05:37:02 iter 9			1	9	3.5636, 3.3327, 3.4177, 3.4314	0.0988	0.095	0.507	3.431	61.9	65			GOOD	CONVERGED		
mp-568544	CsCdCl3	5	done		2026-04-11 05:32:09	legacy(ctrl+GWinput)	~/bin2	5	CONVERGED	v3 2026-05-23 14:13:10 iter 8			1	8	4.1721, 4.2473, 4.2116	0.0752	0.068	1.458	4.212	57.4	82			GOOD	CONVERGED		
mp-570008	Sr3BiN	5	done		2026-04-11 06:39:03	legacy(ctrl+GWinput)	~/bin2	5	CONVERGED	v3 2026-05-24 03:30:59 iter 8			1	8	1.0134, 1.0240, 1.0137	0.0106	0.014	0.263	1.014	36.5	84			GOOD	CONVERGED		
mp-570223	CsGeBr3	5	done		2026-04-11 07:58:38	legacy(ctrl+GWinput)	~/bin2	5	CONVERGED	v3 2026-05-24 04:36:52 iter 8			1	8	1.4913, 1.4467, 1.4449	0.0464	0.054	0.563	1.445	39.8	86			GOOD	CONVERGED		
mp-570231	CsCdBr3	5	done		2026-04-11 09:23:16	legacy(ctrl+GWinput)	~/bin2	5	CONVERGED	v3 2026-05-24 04:48:45 iter 8			1	8	2.6923, 2.7642, 2.7817	0.0894	0.082	0.506	2.782	36.8	84			GOOD	CONVERGED		
mp-571436	SnI4	5	done		2026-04-11 11:28:24	legacy(ctrl+GWinput)	~/bin2	5	CONVERGED	v3 2026-05-24 08:57:12 iter 9			1	9	3.4696, 3.3177, 3.3388, 3.3588	0.0411	0.041	1.096	3.359	81.7	107			GOOD	CONVERGED		
mp-571458	RbGeI3	5	done		2026-04-11 13:10:00	legacy(ctrl+GWinput)	~/bin2	5	CONVERGED	v3 2026-05-24 08:51:23 iter 8			1	8	1.1070, 1.1045, 1.1118	0.0073	0.014	0.500	1.112	29.3	92			GOOD	CONVERGED		
mp-571550	Sb2TeSe2	5	done		2026-04-11 15:53:12	legacy(ctrl+GWinput)	~/bin2	5	CONVERGED	v3 2026-05-24 10:13:32 iter 8			1	8	0.8128, 0.7202, 0.8101	0.0925	0.095	0.501	0.810	40.1	169			GOOD	CONVERGED		
mp-5777	BaTiO3	5	done		2026-04-11 17:37:04	legacy(ctrl+GWinput)	~/bin2	5	CONVERGED	v3 2026-05-24 12:24:15 iter 9			1	9	4.1875, 3.9172, 3.9889, 3.9729	0.0717	0.068	2.052	3.973	547.0	118			GOOD	CONVERGED		
mp-5795	CaMg2N2	5	done		2026-04-11 18:26:22	legacy(ctrl+GWinput)	~/bin2	5	CONVERGED	v3 2026-05-24 12:11:08 iter 8			1	8	3.6485, 3.6139, 3.5935	0.0550	0.054	2.181	3.593	133.6	64			GOOD	CONVERGED		
mp-5811	CsPbF3	5	done		2026-04-11 19:38:36	legacy(ctrl+GWinput)	~/bin2	5	CONVERGED	v3 2026-05-24 13:01:51 iter 8			1	8	5.0579, 5.0959, 5.0769	0.0380	0.041	2.693	5.077	71.0	64			GOOD	CONVERGED		
mp-5827	CaTiO3	5	done		2026-04-11 20:21:00	legacy(ctrl+GWinput)	~/bin2	5	CONVERGED	v3 2026-05-24 13:00:03 iter 8			1	8	3.8151, 3.8515, 3.8205	0.0364	0.041	1.718	3.820	125.9	51			GOOD	CONVERGED		
mp-5860	K2HgO2	5	done		2026-04-11 21:46:14	legacy(ctrl+GWinput)	~/bin2	5	OK_MAXITER_NOTCONV	v3 2026-05-24 14:02:25 iter 10			1	10	4.0425, 4.1540, 4.2867, 3.9781, 3.9671	0.3196	0.313	2.049	3.967	120.8	115			NOTCONV	MAXITER_NOTCONV	continue (more iterations)	
mp-5878	KZnF3	5	done		2026-04-11 22:29:30	legacy(ctrl+GWinput)	~/bin2	5	CONVERGED	v3 2026-05-24 14:02:23 iter 10			1	10	8.3303, 8.0135, 8.2442, 8.2290, 8.1921	0.0521	0.054	3.706	8.192	144.7	60			GOOD	CONVERGED		
mp-5893	CaSiO3	5	done		2026-04-11 23:05:41	legacy(ctrl+GWinput)	~/bin2	5	CONVERGED	v3 2026-05-24 14:04:18 iter 10			1	10	6.2118, 6.1079, 6.2000, 6.2118, 6.1868	0.0250	0.027	3.356	6.187	159.3	54			GOOD	CONVERGED		
mp-5986	BaTiO3	5	done		2026-04-12 00:23:41	legacy(ctrl+GWinput)	~/bin2	5	CONVERGED	v3 2026-05-24 15:01:20 iter 8			1	8	3.4106, 3.3648, 3.3874	0.0458	0.054	1.677	3.387	440.3	92			GOOD	CONVERGED		
mp-600089	CsPbBr3	5	done		2026-04-12 02:20:41	legacy(ctrl+GWinput)	~/bin2	5	CONVERGED	v3 2026-05-24 15:06:51 iter 8			1	8	3.0541, 3.0632, 3.1031	0.0490	0.054	1.574	3.103	35.3	92			GOOD	CONVERGED		
mp-614013	CsSnI3	5	done		2026-04-12 04:44:42	legacy(ctrl+GWinput)	~/bin2	5	CONVERGED	v3 2026-05-24 16:15:32 iter 8			1	8	1.1920, 1.2538, 1.2403	0.0618	0.054	0.475	1.240	25.1	96			GOOD	CONVERGED		
mp-625548	CdH2O2	5	failed	NaN_lqpe	2026-05-05 17:35:22	TOML(ctrlG+PB)	~/bin2	1	never				0	1				1.512		nan	14		OK sigma_m=381.9	FAILED	PROD_NaN_lqpe	rerun from scratch with --prec=fp32	fp32 1-iteration check OK in ~/DATA/gw1500fp32/mp-625548_v2 (no converged result)
mp-632808	BaLiH3	5	done		2026-04-12 05:59:42	legacy(ctrl+GWinput)	~/bin2	5	CONVERGED	v3 2026-05-24 18:40:52 iter 9			1	9	3.6100, 3.4813, 3.4326, 3.4588	0.0487	0.054	1.071	3.459	78.7	54			GOOD	CONVERGED		
mp-644203	CsCaH3	5	done		2026-04-12 06:45:14	legacy(ctrl+GWinput)	~/bin2	5	CONVERGED	v3 2026-05-24 20:41:05 iter 9			1	9	5.8794, 5.9921, 5.9439, 5.9279	0.0641	0.054	2.814	5.928	71.6	54			GOOD	CONVERGED		
mp-644497	BaTiO3	5	done		2026-04-12 09:04:47	legacy(ctrl+GWinput)	~/bin2	5	OK_MAXITER_NOTCONV	v3 2026-05-24 21:57:37 iter 10			1	10	2.2493, 2.6584, 3.0826, 2.7961, 2.6582	0.4244	0.435	0.324	2.658	694.2	132			NOTCONV	MAXITER_NOTCONV	continue (more iterations)	
mp-6920	KNO3	5	done		2026-04-12 10:05:11	legacy(ctrl+GWinput)	~/bin2	5	CONVERGED	v3 2026-05-24 23:42:00 iter 10			1	10	7.2426, 7.6133, 7.4317, 7.3996, 7.3692	0.0624	0.054	2.850	7.369	834.1	79			GOOD	CONVERGED		
mp-6951	RbCdF3	5	done		2026-04-12 10:50:09	legacy(ctrl+GWinput)	~/bin2	5	OK_MAXITER_NOTCONV	v3 2026-05-25 00:15:06 iter 10			1	10	6.8906, 7.4553, 7.7575, 7.5648, 7.4067	0.3508	0.354	2.998	7.407	92.4	68			NOTCONV	MAXITER_NOTCONV	continue (more iterations)	
mp-7067	CaCd2As2	5	done		2026-04-12 12:10:58	legacy(ctrl+GWinput)	~/bin2	5	CONVERGED	v3 2026-05-25 02:20:30 iter 8			1	8	0.9595, 0.9329, 0.9381	0.0266	0.027	0.070	0.938	63.0	94			GOOD	CONVERGED		
mp-7104	CsCaF3	5	done		2026-04-12 13:00:30	legacy(ctrl+GWinput)	~/bin2	5	CONVERGED	v3 2026-05-25 03:54:05 iter 9			1	9	11.2113, 11.4042, 11.3989, 11.3479	0.0562	0.054	6.911	11.348	103.9	59			GOOD	CONVERGED		
mp-7223	Ca3AsN	5	done		2026-04-12 13:58:37	legacy(ctrl+GWinput)	~/bin2	5	CONVERGED	v3 2026-05-25 05:23:27 iter 8			1	8	1.8316, 1.8278, 1.8087	0.0229	0.027	0.650	1.809	63.0	68			GOOD	CONVERGED		
mp-7232	Cs2HgO2	5	done		2026-04-12 15:45:45	legacy(ctrl+GWinput)	~/bin2	5	OK_MAXITER_NOTCONV	v3 2026-05-25 07:03:39 iter 10			1	10	4.2227, 4.0707, 4.1772, 4.2906, 4.2863	0.1134	0.109	1.993	4.286	123.7	121			NOTCONV	MAXITER_NOTCONV	continue (more iterations)	
mp-7375	KNbO3	5	done		2026-04-12 16:52:10	legacy(ctrl+GWinput)	~/bin2	5	CONVERGED	v3 2026-05-25 08:35:00 iter 9			1	9	3.8030, 3.6014, 3.6095, 3.6687	0.0673	0.068	1.879	3.669	279.2	84			GOOD	CONVERGED		
mp-7430	CaCd2Sb2	5	done		2026-04-12 18:42:32	legacy(ctrl+GWinput)	~/bin2	5	CONVERGED	v3 2026-05-25 09:46:28 iter 8			1	8	0.8020, 0.7963, 0.8007	0.0057	0.000	0.177	0.801	68.6	103			GOOD	CONVERGED		
mp-7482	RbHgF3	5	done		2026-04-12 19:34:36	legacy(ctrl+GWinput)	~/bin2	5	CONVERGED	v3 2026-05-25 11:58:14 iter 9			1	9	3.5132, 3.3383, 3.4310, 3.4254	0.0926	0.095	0.414	3.425	63.7	64			GOOD	CONVERGED		
mp-7608	Li2PdO2	5	done		2026-04-12 20:35:04	legacy(ctrl+GWinput)	~/bin2	5	CONVERGED	v3 2026-05-25 15:20:53 iter 10			1	10	3.6624, 3.3175, 3.5001, 3.5363, 3.5378	0.0376	0.041	1.087	3.538	179.5	75			GOOD	CONVERGED		
mp-7752	Sr3SbN	5	done		2026-04-12 21:52:06	legacy(ctrl+GWinput)	~/bin2	5	CONVERGED	v3 2026-05-25 17:46:04 iter 8			1	8	1.0577, 1.0482, 1.0636	0.0153	0.014	0.254	1.064	37.9	83			GOOD	CONVERGED		
mp-7770	SrZn2As2	5	done		2026-04-12 23:21:15	legacy(ctrl+GWinput)	~/bin2	5	CONVERGED	v3 2026-05-25 17:53:13 iter 8			1	8	1.2493, 1.2460, 1.2434	0.0059	0.014	0.163	1.243	90.5	100			GOOD	CONVERGED		
mp-7771	SrCd2As2	5	done		2026-04-13 00:55:56	legacy(ctrl+GWinput)	~/bin2	5	CONVERGED	v3 2026-05-25 18:22:45 iter 8			1	8	0.8759, 0.8696, 0.8747	0.0062	0.000	0.000	0.875	50.2	96			GOOD	CONVERGED		
mp-7928	K2PtS2	5	done		2026-04-13 03:07:31	legacy(ctrl+GWinput)	~/bin2	5	CONVERGED	v3 2026-05-26 00:25:51 iter 8			1	8	2.8714, 2.8171, 2.8770	0.0599	0.054	1.018	2.877	161.3	122			GOOD	CONVERGED		
mp-7929	Rb2PtS2	5	done		2026-04-13 05:26:43	legacy(ctrl+GWinput)	~/bin2	5	CONVERGED	v3 2026-05-26 00:38:40 iter 8			1	8	2.7598, 2.7766, 2.7564	0.0202	0.014	1.028	2.756	131.9	127			GOOD	CONVERGED		
mp-7986	CaSnO3	5	done		2026-04-13 06:11:34	legacy(ctrl+GWinput)	~/bin2	5	CONVERGED	v3 2026-05-26 02:37:58 iter 9			1	9	3.8757, 4.0006, 3.9924, 3.9226	0.0780	0.082	1.128	3.923	123.3	56			GOOD	CONVERGED		
mp-8196	AgNO3	5	failed	bmix_min	2026-05-07 22:30:26	TOML(ctrlG+PB)	~/bin2	0	never				0	0				1.525		55244.7	14		OK sigma_m=539.6	FAILED	PROD_bmix_min	rerun from scratch with --prec=fp32	fp32 1-iteration check OK in ~/DATA/gw1500fp32/mp-8196_v2 (no converged result)
mp-8276	SrZn2P2	5	done		2026-04-13 07:50:22	legacy(ctrl+GWinput)	~/bin2	5	CONVERGED	v3 2026-05-26 05:43:49 iter 8			1	8	1.5773, 1.5568, 1.5579	0.0205	0.027	0.680	1.558	111.8	99			GOOD	CONVERGED		
mp-8277	SrCd2P2	5	done		2026-04-13 09:19:31	legacy(ctrl+GWinput)	~/bin2	5	CONVERGED	v3 2026-05-26 05:53:04 iter 8			1	8	1.4064, 1.4050, 1.4019	0.0044	0.000	0.550	1.402	62.1	94			GOOD	CONVERGED		
mp-8278	BaMg2P2	5	done		2026-04-13 10:34:28	legacy(ctrl+GWinput)	~/bin2	5	CONVERGED	v3 2026-05-26 06:12:24 iter 8			1	8	2.0764, 2.1026, 2.0947	0.0262	0.027	1.052	2.095	78.7	90			GOOD	CONVERGED		
mp-8279	BaCd2P2	5	done		2026-04-13 12:01:48	legacy(ctrl+GWinput)	~/bin2	5	CONVERGED	v3 2026-05-26 06:29:39 iter 8			1	8	1.3189, 1.2946, 1.3073	0.0243	0.027	0.531	1.307	82.4	95			GOOD	CONVERGED		
mp-8280	BaMg2As2	5	done		2026-04-13 13:27:58	legacy(ctrl+GWinput)	~/bin2	5	CONVERGED	v3 2026-05-26 06:36:07 iter 8			1	8	1.9959, 2.0065, 2.0046	0.0106	0.000	1.012	2.005	66.2	96			GOOD	CONVERGED		
mp-8281	BaCd2As2	5	done		2026-04-13 15:10:47	legacy(ctrl+GWinput)	~/bin2	5	CONVERGED	v3 2026-05-26 06:37:48 iter 8			1	8	0.8427, 0.8461, 0.8492	0.0065	0.000	0.037	0.849	69.6	96			GOOD	CONVERGED		
mp-8397	CsSrF3	5	done		2026-04-13 16:12:01	legacy(ctrl+GWinput)	~/bin2	5	CONVERGED	v3 2026-05-26 09:27:05 iter 10			1	10	11.0555, 9.9801, 10.3381, 10.3677, 10.3056	0.0621	0.068	6.140	10.306	82.4	73			GOOD	CONVERGED		
mp-8399	CsCdF3	5	done		2026-04-13 17:09:11	legacy(ctrl+GWinput)	~/bin2	5	CONVERGED	v3 2026-05-26 09:24:55 iter 9			1	9	7.0584, 6.9168, 6.8940, 6.9834	0.0894	0.082	3.155	6.983	80.2	64			GOOD	CONVERGED		
mp-8401	CsMgF3	5	done		2026-04-13 17:57:33	legacy(ctrl+GWinput)	~/bin2	5	CONVERGED	v3 2026-05-26 09:32:52 iter 9			1	9	10.7330, 10.8506, 10.7784, 10.8207	0.0722	0.068	6.473	10.821	97.6	56			GOOD	CONVERGED		
mp-8402	RbMgF3	5	done		2026-04-13 18:41:12	legacy(ctrl+GWinput)	~/bin2	5	CONVERGED	v3 2026-05-26 09:49:28 iter 10			1	10	12.0839, 11.7420, 11.9877, 11.9630, 12.0070	0.0439	0.041	7.112	12.007	127.9	58			GOOD	CONVERGED		
mp-8579	BaAg2S2	5	done		2026-04-13 20:09:16	legacy(ctrl+GWinput)	~/bin2	5	CONVERGED	v3 2026-05-26 10:40:46 iter 8			1	8	1.9729, 1.9963, 1.9759	0.0234	0.027	0.732	1.976	90.8	94			GOOD	CONVERGED		
mp-8612	Sb2TeSe2	5	done		2026-04-13 23:50:04	legacy(ctrl+GWinput)	~/bin2	5	CONVERGED	v3 2026-05-26 11:31:01 iter 8			1	8	0.7394, 0.7423, 0.7332	0.0090	0.014	0.434	0.733	69.5	204			GOOD	CONVERGED		
mp-8621	K2PtSe2	5	done		2026-04-14 01:53:28	legacy(ctrl+GWinput)	~/bin2	5	CONVERGED	v3 2026-05-26 11:50:15 iter 9			1	9	2.6007, 2.4854, 2.4340, 2.4145	0.0709	0.082	0.740	2.414	122.5	137			GOOD	CONVERGED		
mp-8622	Rb2PtSe2	5	done		2026-04-14 04:02:29	legacy(ctrl+GWinput)	~/bin2	5	CONVERGED	v3 2026-05-26 11:35:00 iter 8			1	8	2.4824, 2.4364, 2.4050	0.0774	0.068	0.794	2.405	96.8	130			GOOD	CONVERGED		
mp-8623	K2Te2Pt	5	done		2026-04-14 06:30:08	legacy(ctrl+GWinput)	~/bin2	5	CONVERGED	v3 2026-05-26 11:42:25 iter 8			1	8	1.8090, 1.8189, 1.8551	0.0462	0.041	0.603	1.855	97.8	133			GOOD	CONVERGED		
mp-863260	SrMg2As2	5	done		2026-04-14 07:36:21	legacy(ctrl+GWinput)	~/bin2	5	CONVERGED	v3 2026-05-26 11:42:01 iter 8			1	8	2.2218, 2.2451, 2.2292	0.0233	0.027	1.260	2.229	47.5	93			GOOD	CONVERGED		
mp-865185	MgBe2As2	5	done		2026-04-14 08:16:10	legacy(ctrl+GWinput)	~/bin2	5	CONVERGED	v3 2026-05-26 12:22:48 iter 8			1	8	1.3803, 1.3804, 1.3760	0.0044	0.000	0.572	1.376	48.5	65			GOOD	CONVERGED		
mp-8818	Ca2ZnN2	5	done		2026-04-14 09:13:36	legacy(ctrl+GWinput)	~/bin2	5	OK_MAXITER_NOTCONV	v3 2026-05-26 15:59:21 iter 10			1	10	2.5443, 2.0687, 1.7297, 2.0154, 2.0162	0.2865	0.286	0.703	2.016	172.3	97			NOTCONV	MAXITER_NOTCONV	continue (more iterations)	
mp-9200	K3AuO	5	done		2026-04-14 10:16:51	legacy(ctrl+GWinput)	~/bin2	5	CONVERGED	v3 2026-05-26 21:19:58 iter 8			1	8	2.1455, 2.1663, 2.1668	0.0213	0.014	0.445	2.167	55.2	78			GOOD	CONVERGED		
mp-9306	Sr2ZnN2	5	done		2026-04-14 11:19:27	legacy(ctrl+GWinput)	~/bin2	5	CONVERGED	v3 2026-05-26 23:01:19 iter 10			1	10	1.6958, 1.9466, 1.6548, 1.6385, 1.6339	0.0209	0.027	0.714	1.634	134.1	109			GOOD	CONVERGED		
mp-9307	Ba2ZnN2	5	done		2026-04-14 12:30:51	legacy(ctrl+GWinput)	~/bin2	5	OK_MAXITER_NOTCONV	v3 2026-05-26 23:04:11 iter 10			1	10	1.3642, 2.7823, 1.8641, 1.7912, 1.7614	0.1027	0.109	0.462	1.761	196.5	110			NOTCONV	MAXITER_NOTCONV	continue (more iterations)	
mp-935811	KNbO3	5	done		2026-04-14 13:04:36	legacy(ctrl+GWinput)	~/bin2	5	CONVERGED	v3 2026-05-26 22:54:36 iter 8			1	8	2.6487, 2.7062, 2.6620	0.0575	0.054	1.228	2.662	82.3	50			GOOD	CONVERGED		
mp-9379	SrSn2As2	5	done		2026-04-14 14:55:38	legacy(ctrl+GWinput)	~/bin2	5	FAIL(rc=3,no-gap-in-llmf)	v3 2026-05-26 23:00:32			1	7				0.139		45.2	876			UNKNOWN	NOGAP_SMALL_GAP(LDA gap 0.14 eV; possibly semimetal)	decide by hand (no gap: metal or semimetal)	
mp-9514	MgAl2C2	5	done		2026-04-14 15:32:36	legacy(ctrl+GWinput)	~/bin2	5	CONVERGED	v3 2026-05-27 01:16:38 iter 8			1	8	2.5892, 2.5939, 2.5732	0.0206	0.027	1.767	2.573	114.0	61			GOOD	CONVERGED		
mp-9564	CaMg2As2	5	done		2026-04-14 16:34:11	legacy(ctrl+GWinput)	~/bin2	5	CONVERGED	v3 2026-05-27 02:12:28 iter 8			1	8	2.2065, 2.2683, 2.2515	0.0618	0.068	1.162	2.251	60.8	92			GOOD	CONVERGED		
mp-9565	CaMg2Sb2	5	done		2026-04-14 17:58:23	legacy(ctrl+GWinput)	~/bin2	5	CONVERGED	v3 2026-05-27 02:37:20 iter 8			1	8	1.6282, 1.6211, 1.6253	0.0070	0.014	0.758	1.625	70.7	100			GOOD	CONVERGED		
mp-9566	SrMg2Sb2	5	done		2026-04-14 19:29:06	legacy(ctrl+GWinput)	~/bin2	5	CONVERGED	v3 2026-05-27 02:41:43 iter 8			1	8	1.7887, 1.7840, 1.7726	0.0161	0.014	0.933	1.773	59.9	109			GOOD	CONVERGED		
mp-9567	BaMg2Sb2	5	done		2026-04-14 21:06:50	legacy(ctrl+GWinput)	~/bin2	5	CONVERGED	v3 2026-05-27 02:39:14 iter 8			1	8	1.6468, 1.6716, 1.6716	0.0248	0.027	0.831	1.672	75.1	106			GOOD	CONVERGED		
mp-9569	CaZn2P2	5	done		2026-04-14 22:10:34	legacy(ctrl+GWinput)	~/bin2	5	CONVERGED	v3 2026-05-27 02:46:19 iter 8			1	8	1.6962, 1.6890, 1.6926	0.0071	0.014	0.707	1.693	130.0	94			GOOD	CONVERGED		
mp-9570	CaCd2P2	5	done		2026-04-14 23:18:21	legacy(ctrl+GWinput)	~/bin2	5	CONVERGED	v3 2026-05-27 02:47:10 iter 8			1	8	1.4963, 1.5006, 1.5038	0.0076	0.014	0.664	1.504	75.4	94			GOOD	CONVERGED		
mp-9571	CaZn2As2	5	done		2026-04-15 00:26:41	legacy(ctrl+GWinput)	~/bin2	5	CONVERGED	v3 2026-05-27 02:58:18 iter 8			1	8	1.3881, 1.3925, 1.3958	0.0077	0.014	0.292	1.396	106.9	99			GOOD	CONVERGED		
mp-9610	Li2CN2	5	done		2026-04-15 00:58:28	legacy(ctrl+GWinput)	~/bin2	5	CONVERGED	s1 2026-05-11 09:31:09 iter 9			1	9	5.5625, 5.7640, 5.7754, 5.8581	0.0941	0.095	3.376	5.858	261.9	50			GOOD	CONVERGED		
mp-976876	K2PtC2	5	done		2026-04-15 02:01:28	legacy(ctrl+GWinput)	~/bin2	5	CONVERGED	v3 2026-05-27 05:29:16 iter 8			1	8	2.1124, 2.1420, 2.1203	0.0296	0.027	0.893	2.120	156.1	80			GOOD	CONVERGED		
mp-9816	GeF4	5	done		2026-04-15 02:39:53	legacy(ctrl+GWinput)	~/bin2	5	OK_MAXITER_NOTCONV	v3 2026-05-27 07:35:43 iter 10			1	10	11.1024, 10.3504, 10.4979, 10.6734, 10.6386	0.1756	0.163	5.104	10.639	449.2	52			NOTCONV	MAXITER_NOTCONV	continue (more iterations)	
mp-10074	Ge2Se4	6	done		2026-04-15 04:48:51	legacy(ctrl+GWinput)	~/bin2	5	FAIL(rc=1,CUDA_OOM@hvccfp0_mp_gpu --job=3)	v2 2026-05-11 22:53:59	CONVERGED	v3 2026-05-12 18:26:58 iter 5	2	5	2.6580, 2.7387, 2.9074, 2.8866, 2.8754	0.0320	0.041	1.517	2.875	219.2	91	943		GOOD	CONVERGED		
mp-10086	Y2S2F2	6	done		2026-04-15 06:16:29	legacy(ctrl+GWinput)	~/bin2	5	CONVERGED	v2 2026-05-11 23:57:37 iter 8			1	8	2.8049, 2.7268, 2.7584	0.0781	0.082	1.174	2.758	135.9	118			GOOD	CONVERGED		
mp-1018651	Ba2H3I	6	done		2026-04-15 07:34:36	legacy(ctrl+GWinput)	~/bin2	5	CONVERGED	v2 2026-05-12 01:58:38 iter 8			1	8	4.0817, 4.1035, 4.1077	0.0260	0.027	2.023	4.108	138.4	89			GOOD	CONVERGED		
mp-1018656	Ca2H3Br	6	done		2026-04-15 09:44:27	legacy(ctrl+GWinput)	~/bin2	5	FAIL(rc=3,no-gap-in-llmf)	v2 2026-05-12 01:32:23			1	6				1.398		489.1	425			FAILED	NOGAP_GAP_COLLAPSED(LDA gap 1.40 eV)	rerun from scratch with --prec=fp32	
mp-1018721	Hf2O4	6	done		2026-04-15 11:26:12	legacy(ctrl+GWinput)	~/bin2	5	FAIL(rc=1,CUDA_OOM@hvccfp0_mp_gpu --job=3)	v2 2026-05-12 01:19:02	CONVERGED	v3 2026-05-13 01:49:57 iter 5	2	5	6.4720, 6.9668, 6.7926, 6.8670, 6.8653	0.0744	0.082	4.517	6.865	1514.3	76	313		GOOD	CONVERGED		
mp-1018722	Hg3Se3	6	done		2026-04-15 14:20:18	legacy(ctrl+GWinput)	~/bin2	5	FAIL(rc=1,CUDA_OOM@hvccfp0_mp_gpu --job=3)	v2 2026-05-12 01:24:10	CONVERGED	v3 2026-05-13 02:09:55 iter 4	2	4	1.6534, 1.7828, 1.7953, 1.8080	0.0252	0.027	0.943	1.808	143.2	78	1395		GOOD	CONVERGED		
mp-1018736	K2Cd2As2	6	done		2026-04-15 17:10:04	legacy(ctrl+GWinput)	~/bin2	5	FAIL(rc=1,CUDA_OOM@hvccfp0_mp_gpu --job=3)	v2 2026-05-12 01:29:25	CONVERGED	v3 2026-05-13 02:26:48 iter 4	2	4	0.6385, 0.8683, 0.8814, 0.8982	0.0299	0.027	0.023	0.898	92.6	86	689		GOOD	CONVERGED		
mp-1018737	K2Mg2P2	6	done		2026-04-15 19:19:22	legacy(ctrl+GWinput)	~/bin2	5	CONVERGED	v2 2026-05-12 02:56:04 iter 8			1	8	2.8203, 2.8786, 2.8509	0.0583	0.068	1.551	2.851	108.3	136			GOOD	CONVERGED		
mp-1018807	Mo2Se4	6	done		2026-04-15 20:54:34	legacy(ctrl+GWinput)	~/bin2	5	CONVERGED	v2 2026-05-12 02:29:03 iter 8			1	8	1.9621, 1.9680, 1.9652	0.0059	0.014	1.177	1.965	89.0	110			GOOD	CONVERGED		
mp-1018809	Mo2S4	6	done		2026-04-15 22:15:06	legacy(ctrl+GWinput)	~/bin2	5	CONVERGED	v2 2026-05-12 02:30:22 iter 8			1	8	2.0763, 2.0088, 1.9896	0.0867	0.095	1.229	1.990	139.9	103			GOOD	CONVERGED		
mp-1018888	Pd2Cl4	6	done		2026-04-16 03:13:44	legacy(ctrl+GWinput)	~/bin2	5	FAIL(rc=1,CUDA_OOM@hvccfp0_mp_gpu --job=3)	v2 2026-05-12 01:50:13	CONVERGED	v3 2026-05-13 03:19:45 iter 5	2	5	3.0245, 3.3997, 3.6337, 3.6284, 3.6037	0.0300	0.027	0.603	3.604	494.5	134	1713		GOOD	CONVERGED		
mp-1018891	Pd2Cl4	6	done		2026-04-16 07:00:18	legacy(ctrl+GWinput)	~/bin2	5	FAIL(rc=1,CUDA_OOM@hvccfp0_mp_gpu --job=3)	v2 2026-05-12 02:40:20	CONVERGED	v3 2026-05-13 03:13:48 iter 5	2	5	1.8428, 2.2677, 2.3578, 2.4483, 2.4158	0.0906	0.095	0.403	2.416	560.7	130	1900		GOOD	CONVERGED		
mp-1019089	K2Mg2As2	6	done		2026-04-16 09:17:31	legacy(ctrl+GWinput)	~/bin2	5	CONVERGED	v2 2026-05-12 03:30:52 iter 8			1	8	2.3328, 2.3213, 2.3432	0.0219	0.014	1.050	2.343	92.8	145			GOOD	CONVERGED		
mp-1019105	K2Mg2Bi2	6	done		2026-04-16 12:29:02	legacy(ctrl+GWinput)	~/bin2	5	FAIL(rc=1,CUDA_OOM@hvccfp0_mp_gpu --job=3)	v2 2026-05-12 02:07:03	CONVERGED	v3 2026-05-13 03:42:17 iter 4	2	4	1.1000, 1.2270, 1.2935, 1.2902	0.0665	0.068	0.367	1.290	111.2	96	884		GOOD	CONVERGED		
mp-1019258	Sr2F4	6	done		2026-04-16 13:32:26	legacy(ctrl+GWinput)	~/bin2	5	FAIL(rc=1,ACC-symbol-not-found@hvccfp0_mp_gpu --job=3)	v2 2026-05-12 02:12:20	CONVERGED	v3 2026-05-13 04:01:26 iter 6	2	6	8.8629, 9.7026, 9.5291, 9.6138, 9.6500, 9.6403	0.0362	0.027	5.738	9.640	147.9	53	238		GOOD	CONVERGED		
mp-1019269	Sr2H3I	6	done		2026-05-04 13:57:55	TOML(ctrlG+PB)	~/bin2	5	FAIL(rc=1,CUDA_OOM@hvccfp0_mp_gpu --job=3)	v2 2026-05-12 02:17:20	FAIL(rc=3,no-gap-in-llmf)	v3 2026-05-13 02:59:51	2	2				1.794		94.3	421	353		FAILED	NOGAP_GAP_COLLAPSED(LDA gap 1.79 eV, previous QSGW iteration 1.71 eV)	rerun from scratch with --prec=fp32	
mp-1019322	Te4W2	6	done		2026-04-18 10:01:55	legacy(ctrl+GWinput)	~/bin2	5	FAIL(rc=1,CUDA_OOM@hvccfp0_mp_gpu --job=3)	v2 2026-05-12 02:22:29	CONVERGED	v3 2026-05-13 03:44:33 iter 3	2	3	1.6629, 1.6969, 1.6792	0.0340	0.041	1.131	1.679	55.9	57	572		GOOD	CONVERGED		
mp-1019888	KNa2BN2	6	done		2026-04-18 09:50:33	legacy(ctrl+GWinput)	~/bin2	5	FAIL(rc=1,segfault@hvccfp0_mp_gpu --job=3)	v2 2026-05-12 02:27:29	CONVERGED	v3 2026-05-13 05:21:11 iter 6	2	6	3.7159, 3.6126, 3.8008, 3.9039, 3.8868, 3.8651	0.0388	0.041	1.641	3.865	251.3	63	324		GOOD	CONVERGED		
mp-10219	Y2O2F2	6	done		2026-04-18 10:14:03	legacy(ctrl+GWinput)	~/bin2	5	CONVERGED	v2 2026-05-12 03:28:30 iter 8			1	8	7.5724, 7.5747, 7.5850	0.0126	0.000	5.032	7.585	218.2	97			GOOD	CONVERGED		
mp-10293	Ba2C4	6	done		2026-04-18 10:47:38	legacy(ctrl+GWinput)	~/bin2	5	FAIL(rc=1,CUDA_OOM@hvccfp0_mp_gpu --job=3)	v2 2026-05-12 03:59:41	CONVERGED	v3 2026-05-13 09:26:07 iter 6	2	6	3.9589, 4.2358, 4.5474, 4.4045, 4.4017, 4.3925	0.0120	0.014	2.017	4.393	694.3	84	1512		GOOD	CONVERGED		
mp-10485	Ba2Li2Sb2	6	done		2026-04-18 10:52:53	legacy(ctrl+GWinput)	~/bin2	5	FAIL(rc=1,CUDA_OOM@hvccfp0_mp_gpu --job=3)	v2 2026-05-12 04:06:54	CONVERGED	v3 2026-05-13 13:17:48 iter 4	2	4	1.4650, 1.5970, 1.6147, 1.6179	0.0208	0.027	0.700	1.618	96.7	67	795		GOOD	CONVERGED		
mp-10497	Sr2C4	6	done		2026-04-18 11:31:31	legacy(ctrl+GWinput)	~/bin2	5	FAIL(rc=1,CUDA_OOM@hvccfp0_mp_gpu --job=3)	v2 2026-05-12 04:10:37	FAIL(rc=3,no-gap-in-llmf)	v3 2026-05-13 12:46:36	2	2				2.120		1280.7	1171	927		FAILED	NOGAP_GAP_COLLAPSED(LDA gap 2.12 eV, previous QSGW iteration 1.71 eV)	rerun from scratch with --prec=fp32	
mp-10667	Sr2Ag2P2	6	done		2026-04-18 11:26:09	legacy(ctrl+GWinput)	~/bin2	5	FAIL(rc=1,CUDA_OOM@hvccfp0_mp_gpu --job=3)	v2 2026-05-12 04:55:58	CONVERGED	v3 2026-05-13 16:26:59 iter 4	2	4	0.6636, 0.8148, 0.8267, 0.8371	0.0223	0.027	0.021	0.837	69.2	67	455		GOOD	CONVERGED		
mp-1071032	Ge2S4	6	done		2026-04-18 12:08:07	legacy(ctrl+GWinput)	~/bin2	5	FAIL(rc=1,CUDA_OOM@hvccfp0_mp_gpu --job=3)	v2 2026-05-12 05:39:18	CONVERGED	v3 2026-05-13 22:02:46 iter 4	2	4	2.5834, 2.7770, 2.7931, 2.8165	0.0395	0.041	0.894	2.817	289.9	84	595		GOOD	CONVERGED		
mp-1071269	Hg3Te3	6	done		2026-04-18 12:35:03	legacy(ctrl+GWinput)	~/bin2	5	FAIL(rc=1,CUDA_OOM@hvccfp0_mp_gpu --job=3)	v2 2026-05-12 05:44:27	CONVERGED	v3 2026-05-13 21:58:53 iter 3	2	3	1.0835, 1.1595, 1.1641	0.0806	0.082	0.593	1.164	82.8	70	1012		GOOD	CONVERGED		
mp-1071319	Zn3Te3	6	done		2026-04-18 12:56:06	legacy(ctrl+GWinput)	~/bin2	5	CONVERGED	v3 2026-05-14 00:09:32 iter 9			2	9	1.1007, 1.1037, 1.1040	0.0033	0.000	0.106	1.104	129.2	161			GOOD	CONVERGED		
mp-1071625	C2Se4	6	done		2026-04-18 13:26:38	legacy(ctrl+GWinput)	~/bin2	5	FAIL(rc=1,CUDA_OOM@hvccfp0_mp_gpu --job=3)	v2 2026-05-12 05:56:39	CONVERGED	v3 2026-05-13 22:34:09 iter 5	2	5	4.4724, 4.7373, 4.6387, 4.5865, 4.5787	0.0599	0.054	2.278	4.579	619.7	84	1067		GOOD	CONVERGED		
mp-1071820	Si2O4	6	done		2026-04-18 13:15:22	legacy(ctrl+GWinput)	~/bin2	5	FAIL(rc=1,CUDA_OOM@hvccfp0_mp_gpu --job=3)	v2 2026-05-12 06:21:39	OK_MAXITER_NOTCONV	v3 2026-05-13 23:38:41 iter 10	2	10	7.2799, 7.7638, 7.0240, 6.6353, 5.7265, 5.9130, 7.1338, 7.2966, 7.6517, 7.7954	0.4987	0.503	4.447	7.795	1063.2	81	560		NOTCONV	MAXITER_NOTCONV	continue (more iterations)	
mp-1071955	AlPS4	6	done		2026-04-18 14:07:33	legacy(ctrl+GWinput)	~/bin2	5	CONVERGED	v3 2026-05-14 01:06:41 iter 10			2	10	5.4465, 4.6563, 4.7228, 4.7973, 4.8042	0.0814	0.082	2.420	4.804	659.8	176			GOOD	CONVERGED		
mp-1072104	Ge2O4	6	done		2026-04-18 13:56:27	legacy(ctrl+GWinput)	~/bin2	5	CONVERGED	v3 2026-05-14 00:32:05 iter 9			2	9	3.7528, 3.8851, 3.8985, 3.8493	0.0493	0.054	1.220	3.849	759.9	127			GOOD	CONVERGED		
mp-1072399	Be5Pt	6	done		2026-04-18 14:05:59	legacy(ctrl+GWinput)	~/bin2	5	CONVERGED	v3 2026-05-14 00:23:52 iter 8			1	8	0.3548, 0.3509, 0.3547	0.0039	0.000	0.139	0.355	33.3	47			GOOD	CONVERGED		
mp-1072429	Ga4Ru2	6	done		2026-04-18 14:45:07	legacy(ctrl+GWinput)	~/bin2	5	CONVERGED	v3 2026-05-14 00:51:03 iter 8			1	8	0.4369, 0.4407, 0.4428	0.0059	0.014	0.133	0.443	155.1	155			GOOD	CONVERGED		
mp-1072589	Cu2GeS3	6	done		2026-04-18 15:04:35	legacy(ctrl+GWinput)	~/bin2	5	CONVERGED	v3 2026-05-14 01:21:19 iter 8			1	8	0.4462, 0.5014, 0.4772	0.0552	0.054	0.229	0.477	408.4	193			GOOD	CONVERGED		
mp-1072660	V2As4	6	done		2026-04-18 15:33:09	legacy(ctrl+GWinput)	~/bin2	5	FAIL(rc=3,no-gap-in-llmf)	v3 2026-05-14 00:43:57			1	6						242.1	1458			UNKNOWN	NOGAP_METAL_IN_LDA_TOO	decide by hand (no gap: metal or semimetal)	
mp-1072956	Mg2F4	6	done		2026-04-18 15:28:59	legacy(ctrl+GWinput)	~/bin2	5	CONVERGED	v3 2026-05-14 01:52:23 iter 9			1	9	12.6378, 12.3427, 12.3689, 12.4193	0.0766	0.082	6.633	12.419	833.6	116			GOOD	CONVERGED		
mp-1077078	K2C2N2	6	done		2026-04-18 16:35:16	legacy(ctrl+GWinput)	~/bin2	5	CONVERGED	v3 2026-05-14 02:06:41 iter 8			1	8	8.9728, 8.9705, 8.9641	0.0086	0.000	4.868	8.964	1477.3	170			GOOD	CONVERGED		
mp-1077098	Hg6	6	done		2026-04-18 17:45:31	legacy(ctrl+GWinput)	~/bin2	5	CONVERGED	v3 2026-05-14 03:08:32 iter 8			1	8	1.7918, 1.7894, 1.7940	0.0046	0.000	1.094	1.794	47.5	229			GOOD	CONVERGED		
mp-1077107	Hg3O3	6	done		2026-04-18 17:08:21	legacy(ctrl+GWinput)	~/bin2	5	CONVERGED	v3 2026-05-14 02:47:11 iter 8			1	8	2.5256, 2.5880, 2.5992	0.0736	0.068	1.199	2.599	215.8	99			GOOD	CONVERGED		
mp-1077316	C2O4	6	done		2026-04-18 17:22:33	legacy(ctrl+GWinput)	~/bin2	5	OK_MAXITER_NOTCONV	s1 2026-05-11 14:41:52 iter 10			1	10	11.2827, 11.4816, 11.3461, 11.3586, 11.4490	0.1030	0.095	7.454	11.449	788.2	64			NOTCONV	MAXITER_NOTCONV	continue (more iterations)	
mp-1077383	Cs2Au2S2	6	done		2026-04-18 18:55:15	legacy(ctrl+GWinput)	~/bin2	5	CONVERGED	v3 2026-05-14 03:31:00 iter 8			1	8	3.5392, 3.4820, 3.5092	0.0572	0.054	1.699	3.509	269.8	177			GOOD	CONVERGED		
mp-1077553	Sr2BBrN2	6	failed	NaN_lqpe	2026-05-04 12:47:03	TOML(ctrlG+PB)	~/bin2	1	never				0	1				2.259		nan	47		OK sigma_m=177.5	FAILED	PROD_NaN_lqpe	rerun from scratch with --prec=fp32	fp32 1-iteration check OK in ~/DATA/gw1500fp32/mp-1077553_v2 (no converged result)
mp-1077811	Cu2Ag2S2	6	done		2026-04-18 19:31:46	legacy(ctrl+GWinput)	~/bin2	5	CONVERGED	v3 2026-05-14 03:38:30 iter 8			1	8	1.3670, 1.3703, 1.3783	0.0112	0.014	0.607	1.378	307.4	195			GOOD	CONVERGED		
mp-1077814	Cs4S2	6	done		2026-04-18 19:58:04	legacy(ctrl+GWinput)	~/bin2	5	CONVERGED	v3 2026-05-14 04:20:46 iter 9			1	9	3.9017, 3.7893, 3.7769, 3.7826	0.0124	0.014	1.843	3.783	70.5	148			GOOD	CONVERGED		
mp-1077906	C2O4	6	done		2026-04-18 19:54:41	legacy(ctrl+GWinput)	~/bin2	5	CONVERGED	s1 2026-05-11 14:46:37 iter 8			1	8	10.0808, 10.0663, 10.0887	0.0224	0.014	6.274	10.089	1253.0	72			GOOD	CONVERGED		
mp-10910	Al4Ru2	6	done		2026-04-18 20:22:17	legacy(ctrl+GWinput)	~/bin2	5	CONVERGED	v3 2026-05-15 12:36:15 iter 8			1	8	0.4549, 0.4551, 0.4624	0.0074	0.014	0.090	0.462	107.1	130			GOOD	CONVERGED		
mp-1179094	Sr2H4	6	done		2026-04-18 20:19:30	legacy(ctrl+GWinput)	~/bin2	5	CONVERGED	v3 2026-05-15 19:09:17 iter 8			1	8	3.2791, 3.2998, 3.2836	0.0207	0.027	1.048	3.284	161.1	94			GOOD	CONVERGED		
mp-1179443	Si2Se4	6	done		2026-04-18 21:07:01	legacy(ctrl+GWinput)	~/bin2	5	CONVERGED	v3 2026-05-15 19:28:49 iter 8			1	8	3.6909, 3.7152, 3.7111	0.0243	0.027	1.792	3.711	288.1	142			GOOD	CONVERGED		
mp-1182867	AlWO4	6	done		2026-04-18 20:43:22	legacy(ctrl+GWinput)	~/bin2	5	FAIL(rc=3,no-gap-in-llmf)	v3 2026-05-15 19:12:02			1	6						328.2	472			UNKNOWN	NOGAP_METAL_IN_LDA_TOO	decide by hand (no gap: metal or semimetal)	
mp-1205316	Ba2Ag2Sb2	6	done		2026-04-18 21:35:10	legacy(ctrl+GWinput)	~/bin2	5	CONVERGED	v3 2026-05-15 20:58:25 iter 8			1	8	0.6930, 0.6978, 0.6914	0.0064	0.000	0.050	0.691	100.0	133			GOOD	CONVERGED		
mp-1205322	Ca2H4	6	done		2026-04-18 21:25:39	legacy(ctrl+GWinput)	~/bin2	5	CONVERGED	s1 2026-05-11 14:42:40 iter 8			1	8	2.8080, 2.7812, 2.7924	0.0268	0.027	0.413	2.792	230.1	89			GOOD	CONVERGED		
mp-12433	Na2Sn2N2	6	done		2026-04-18 21:56:10	legacy(ctrl+GWinput)	~/bin2	5	CONVERGED	v3 2026-05-15 21:38:20 iter 8			1	8	1.8154, 1.8201, 1.8136	0.0065	0.014	0.905	1.814	194.4	117			GOOD	CONVERGED		
mp-1249	Mg2F4	6	done		2026-04-18 21:52:54	legacy(ctrl+GWinput)	~/bin2	5	OK_MAXITER_NOTCONV	v3 2026-05-15 22:34:06 iter 10			1	10	11.6906, 11.9279, 11.9256, 11.8189, 11.8356	0.1067	0.109	6.925	11.836	541.6	90			NOTCONV	MAXITER_NOTCONV	continue (more iterations)	
mp-12557	Sr2Cu2As2	6	done		2026-04-18 22:28:49	legacy(ctrl+GWinput)	~/bin2	5	CONVERGED	v3 2026-05-15 22:50:15 iter 8			1	8	0.5411, 0.5290, 0.5282	0.0128	0.014	0.381	0.528	75.3	114			GOOD	CONVERGED		
mp-12561	Ta2As4	6	done		2026-04-18 22:43:41	legacy(ctrl+GWinput)	~/bin2	5	FAIL(rc=3,no-gap-in-llmf)	v3 2026-05-15 22:43:38			1	6						135.6	1520			UNKNOWN	NOGAP_METAL_IN_LDA_TOO	decide by hand (no gap: metal or semimetal)	
mp-1285	Pt2O4	6	done		2026-04-18 22:58:50	legacy(ctrl+GWinput)	~/bin2	5	CONVERGED	v3 2026-05-15 23:59:36 iter 8			1	8	1.6458, 1.6702, 1.6789	0.0331	0.027	0.487	1.679	351.3	121			GOOD	CONVERGED		
mp-13097	Na2Zn2As2	6	done		2026-04-18 23:23:45	legacy(ctrl+GWinput)	~/bin2	5	CONVERGED	v3 2026-05-16 01:15:39 iter 8			1	8	1.3649, 1.3727, 1.3755	0.0106	0.014	0.313	1.376	165.0	154			GOOD	CONVERGED		
mp-13276	Sr2Li2P2	6	done		2026-04-18 23:25:33	legacy(ctrl+GWinput)	~/bin2	5	CONVERGED	v3 2026-05-16 01:47:06 iter 8			1	8	2.3983, 2.3327, 2.3497	0.0656	0.068	1.246	2.350	61.7	95			GOOD	CONVERGED		
mp-13277	Ba2Li2P2	6	done		2026-04-18 23:53:12	legacy(ctrl+GWinput)	~/bin2	5	CONVERGED	v3 2026-05-16 01:54:57 iter 8			1	8	1.9097, 1.8808, 1.8902	0.0289	0.027	0.910	1.890	96.3	96			GOOD	CONVERGED		
mp-13548	Cs4Pt2	6	done		2026-04-19 00:25:49	legacy(ctrl+GWinput)	~/bin2	5	CONVERGED	v3 2026-05-16 03:10:57 iter 8			1	8	3.1100, 3.0980, 3.1028	0.0120	0.014	1.681	3.103	67.4	135			GOOD	CONVERGED		
mp-1413	P4Ru2	6	done		2026-04-19 00:36:27	legacy(ctrl+GWinput)	~/bin2	5	CONVERGED	v3 2026-05-16 08:13:29 iter 8			1	8	0.8159, 0.8212, 0.8217	0.0057	0.000	0.464	0.822	307.9	183			GOOD	CONVERGED		
mp-147	Se6	6	done		2026-04-19 01:05:23	legacy(ctrl+GWinput)	~/bin2	5	CONVERGED	v3 2026-05-16 09:30:47 iter 9			1	9	2.7441, 2.6306, 2.5608, 2.5551	0.0755	0.068	1.286	2.555	152.9	132			GOOD	CONVERGED		
mp-1492	Cd3Te3	6	done		2026-04-19 01:27:44	legacy(ctrl+GWinput)	~/bin2	5	CONVERGED	v3 2026-05-16 10:10:59 iter 8			1	8	0.7270, 0.7281, 0.7278	0.0012	0.014	0.003	0.728	58.7	139			GOOD	CONVERGED		
mp-1522	Fe2S4	6	done		2026-04-19 01:46:08	legacy(ctrl+GWinput)	~/bin2	5	CONVERGED	v3 2026-05-16 10:54:11 iter 8			1	8	1.2921, 1.2905, 1.2938	0.0032	0.000	0.745	1.294	520.2	190			GOOD	CONVERGED		
mp-1541909	Cs2Te2Au2	6	done		2026-04-19 03:54:40	legacy(ctrl+GWinput)	~/bin2	5	CONVERGED	v3 2026-05-16 14:29:01 iter 9			1	9	2.6689, 2.7929, 2.7400, 2.7217	0.0712	0.068	1.236	2.722	193.3	268			GOOD	CONVERGED		
mp-1575	Ca2C4	6	done		2026-04-19 02:17:56	legacy(ctrl+GWinput)	~/bin2	5	CONVERGED	v3 2026-05-16 15:39:47 iter 8			1	8	4.3335, 4.2928, 4.2901	0.0434	0.054	1.901	4.290	672.4	109			GOOD	CONVERGED		
mp-1602	Si2S4	6	done		2026-04-19 03:01:54	legacy(ctrl+GWinput)	~/bin2	5	CONVERGED	v3 2026-05-16 18:25:08 iter 9			1	9	5.0713, 4.9795, 4.9362, 4.9007	0.0787	0.082	2.691	4.901	500.5	137			GOOD	CONVERGED		
mp-16236	K2Ag2Se2	6	done		2026-04-19 03:51:37	legacy(ctrl+GWinput)	~/bin2	5	CONVERGED	v3 2026-05-16 18:06:28 iter 8			1	8	1.6807, 1.6309, 1.6544	0.0497	0.054	0.305	1.654	95.3	148			GOOD	CONVERGED		
mp-1634	Mo2Se4	6	done		2026-04-19 04:19:35	legacy(ctrl+GWinput)	~/bin2	5	CONVERGED	v3 2026-05-16 19:17:43 iter 8			1	8	1.7512, 1.7490, 1.7481	0.0031	0.014	1.065	1.748	87.6	106			GOOD	CONVERGED		
mp-1821	W2Se4	6	done		2026-04-19 04:21:42	legacy(ctrl+GWinput)	~/bin2	5	CONVERGED	v3 2026-05-16 21:38:00 iter 8			1	8	2.0216, 2.0489, 2.0420	0.0273	0.027	1.265	2.042	91.5	105			GOOD	CONVERGED		
mp-1873	Zn2F4	6	done		2026-04-19 04:42:58	legacy(ctrl+GWinput)	~/bin2	5	OK_MAXITER_NOTCONV	v3 2026-05-16 22:23:32 iter 10			1	10	8.2590, 9.1949, 8.7264, 8.5968, 8.4806	0.2458	0.245	3.432	8.481	574.0	102			NOTCONV	MAXITER_NOTCONV	continue (more iterations)	
mp-1950	Sr2S4	6	done		2026-04-19 04:52:26	legacy(ctrl+GWinput)	~/bin2	5	CONVERGED	v3 2026-05-17 01:08:57 iter 8			1	8	2.9876, 3.0208, 3.0013	0.0333	0.027	1.146	3.001	216.2	113			GOOD	CONVERGED		
mp-1969	Nb2Sb4	6	done		2026-04-19 06:01:55	legacy(ctrl+GWinput)	~/bin2	5	FAIL(rc=3,no-gap-in-llmf)	v3 2026-05-17 01:02:17			1	6						149.7	2169			UNKNOWN	NOGAP_METAL_IN_LDA_TOO	decide by hand (no gap: metal or semimetal)	
mp-19880	Fe2Te4	6	done		2026-04-19 05:58:22	legacy(ctrl+GWinput)	~/bin2	5	CONVERGED	v3 2026-05-17 04:28:37 iter 8			1	8	0.3905, 0.3852, 0.3871	0.0054	0.014	0.049	0.387	286.4	203			GOOD	CONVERGED		
mp-20027	Fe2P4	6	done		2026-04-19 06:46:20	legacy(ctrl+GWinput)	~/bin2	5	CONVERGED	v3 2026-05-17 05:08:00 iter 8			1	8	0.6245, 0.6369, 0.6365	0.0124	0.014	0.358	0.636	485.2	189			GOOD	CONVERGED		
mp-2008	Fe2As4	6	done		2026-04-19 06:59:17	legacy(ctrl+GWinput)	~/bin2	5	CONVERGED	v3 2026-05-17 05:43:02 iter 8			1	8	0.4344, 0.4211, 0.4205	0.0139	0.014	0.222	0.420	376.2	195			GOOD	CONVERGED		
mp-20790	InPS4	6	done		2026-04-19 07:42:16	legacy(ctrl+GWinput)	~/bin2	5	CONVERGED	v3 2026-05-17 10:56:26 iter 9			1	9	4.0015, 3.7880, 3.8240, 3.8505	0.0625	0.068	2.189	3.850	526.9	167			GOOD	CONVERGED		
mp-20928	Sb4Ru2	6	done		2026-04-19 08:22:10	legacy(ctrl+GWinput)	~/bin2	5	CONVERGED	v3 2026-05-17 11:27:31 iter 8			1	8	0.2466, 0.2475, 0.2512	0.0046	0.000	0.003	0.251	238.0	226			GOOD	CONVERGED		
mp-2150	Ba2Te4	6	done		2026-04-19 08:41:33	legacy(ctrl+GWinput)	~/bin2	5	CONVERGED	v3 2026-05-17 13:08:14 iter 8			1	8	1.4952, 1.4736, 1.4798	0.0215	0.027	0.358	1.480	94.8	126			GOOD	CONVERGED		
mp-2232	C2S4	6	done		2026-04-19 09:39:27	legacy(ctrl+GWinput)	~/bin2	5	CONVERGED	v3 2026-05-17 18:48:46 iter 10			1	10	6.4601, 6.7813, 6.6328, 6.6230, 6.6233	0.0098	0.000	3.312	6.623	1223.8	148			GOOD	CONVERGED		
mp-224	W2S4	6	done		2026-04-19 09:13:56	legacy(ctrl+GWinput)	~/bin2	5	CONVERGED	v3 2026-05-17 18:01:25 iter 8			1	8	2.2014, 2.2162, 2.2186	0.0172	0.014	1.287	2.219	148.6	105			GOOD	CONVERGED		
mp-22888	Ca2Br4	6	done		2026-04-19 10:47:18	legacy(ctrl+GWinput)	~/bin2	5	CONVERGED	v3 2026-05-17 23:58:04 iter 9			1	9	7.2383, 7.1183, 7.0997, 7.1457	0.0460	0.041	4.318	7.146	202.9	228			GOOD	CONVERGED		
mp-22904	Ca2Cl4	6	done		2026-04-19 10:38:53	legacy(ctrl+GWinput)	~/bin2	5	OK_MAXITER_NOTCONV	v3 2026-05-18 00:51:02 iter 10			1	10	8.9133, 8.2358, 8.2011, 8.4619, 8.4455	0.2608	0.259	5.056	8.446	204.8	162			NOTCONV	MAXITER_NOTCONV	continue (more iterations)	
mp-22909	Zn2Cl4	6	done		2026-04-19 12:23:56	legacy(ctrl+GWinput)	~/bin2	5	CONVERGED	v3 2026-05-18 00:20:49 iter 8			1	8	6.9354, 6.8654, 6.9350	0.0700	0.068	3.831	6.935	454.9	134			GOOD	CONVERGED		
mp-22935	Cs2Br2F2	6	done		2026-04-19 12:47:47	legacy(ctrl+GWinput)	~/bin2	5	CONVERGED	v3 2026-05-18 01:28:33 iter 8			1	8	5.4658, 5.3665, 5.3996	0.0993	0.109	2.400	5.400	97.3	139			GOOD	CONVERGED		
mp-22939	Bi2Cl2O2	6	done		2026-04-19 13:16:08	legacy(ctrl+GWinput)	~/bin2	5	CONVERGED	v3 2026-05-18 02:38:32 iter 9			1	9	3.8064, 3.6953, 3.7067, 3.7285	0.0332	0.027	2.510	3.728	124.3	107			GOOD	CONVERGED		
mp-22945	Te2Rh2Cl2	6	done		2026-04-19 14:09:49	legacy(ctrl+GWinput)	~/bin2	5	CONVERGED	v3 2026-05-18 02:53:03 iter 9			1	9	2.8813, 1.5785, 1.6003, 1.5861	0.0217	0.027	0.640	1.586	193.4	199			GOOD	CONVERGED		
mp-22951	Ba2I2F2	6	done		2026-04-19 14:13:14	legacy(ctrl+GWinput)	~/bin2	5	CONVERGED	v3 2026-05-18 03:24:39 iter 9			1	9	6.0506, 6.1517, 6.1083, 6.1117	0.0434	0.041	3.848	6.112	159.9	143			GOOD	CONVERGED		
mp-22957	Sr2Cl2F2	6	done		2026-04-19 14:51:18	legacy(ctrl+GWinput)	~/bin2	5	CONVERGED	v3 2026-05-18 03:34:49 iter 8			1	8	8.6906, 8.6127, 8.6609	0.0779	0.082	5.666	8.661	137.4	123			GOOD	CONVERGED		
mp-22964	Pb2Cl2F2	6	done		2026-04-19 14:55:16	legacy(ctrl+GWinput)	~/bin2	5	CONVERGED	v3 2026-05-18 04:09:48 iter 9			1	9	5.1346, 5.2464, 5.1834, 5.1882	0.0631	0.068	3.251	5.188	114.2	136			GOOD	CONVERGED		
mp-22969	Pb2I2F2	6	done		2026-04-19 15:51:05	legacy(ctrl+GWinput)	~/bin2	5	CONVERGED	v3 2026-05-18 04:36:47 iter 8			1	8	3.3688, 3.4103, 3.3740	0.0415	0.041	1.911	3.374	88.4	104			GOOD	CONVERGED		
mp-22987	Bi2I2O2	6	done		2026-04-19 15:48:45	legacy(ctrl+GWinput)	~/bin2	5	CONVERGED	v3 2026-05-18 04:55:53 iter 8			1	8	2.5158, 2.5617, 2.5568	0.0459	0.041	1.415	2.557	109.1	102			GOOD	CONVERGED		
mp-22993	AgClO4	6	failed	NaN_lqpe	2026-05-04 13:18:53	TOML(ctrlG+PB)	~/bin2	1	never				0	1				2.558		nan	27		OK sigma_m=960.5	FAILED	PROD_NaN_lqpe	rerun from scratch with --prec=fp32	fp32 1-iteration check OK in ~/DATA/gw1500fp32/mp-22993_v2 (no converged result)
mp-23008	Pb2Br2F2	6	done		2026-04-19 16:38:57	legacy(ctrl+GWinput)	~/bin2	5	CONVERGED	v3 2026-05-18 05:47:48 iter 8			1	8	3.9734, 4.0555, 4.0162	0.0821	0.082	2.369	4.016	97.7	128			GOOD	CONVERGED		
mp-23024	Sr2Br2F2	6	done		2026-04-19 16:46:57	legacy(ctrl+GWinput)	~/bin2	5	CONVERGED	v3 2026-05-18 06:31:01 iter 8			1	8	7.6111, 7.6215, 7.6375	0.0264	0.027	5.040	7.638	117.9	125			GOOD	CONVERGED		
mp-23052	Zr2I2N2	6	done		2026-04-21 09:33:07	legacy(ctrl+GWinput)	~/bin2	5	FAIL(rc=3,no-gap-in-llmf)	v3 2026-05-18 06:12:54			1	6				1.183		630.8	1310			FAILED	NOGAP_GAP_COLLAPSED(LDA gap 1.18 eV)	rerun from scratch with --prec=fp32	
mp-23070	Ba2Br2F2	6	done		2026-04-21 09:20:35	legacy(ctrl+GWinput)	~/bin2	5	CONVERGED	v3 2026-05-18 07:47:02 iter 8			1	8	7.4425, 7.3920, 7.4297	0.0505	0.054	4.665	7.430	177.5	98			GOOD	CONVERGED		
mp-23072	Bi2Br2O2	6	done		2026-04-21 09:51:19	legacy(ctrl+GWinput)	~/bin2	5	CONVERGED	v3 2026-05-18 08:28:59 iter 9			1	9	3.5795, 3.2494, 3.2892, 3.2641	0.0398	0.041	2.134	3.264	115.8	111			GOOD	CONVERGED		
mp-23074	Bi2O2F2	6	done		2026-04-21 09:52:36	legacy(ctrl+GWinput)	~/bin2	5	CONVERGED	v3 2026-05-18 08:11:35 iter 8			1	8	5.0048, 5.0206, 4.9994	0.0212	0.027	3.416	4.999	157.9	75			GOOD	CONVERGED		
mp-23173	Hg2I4	6	done		2026-04-19 23:36:12	legacy(ctrl+GWinput)	~/bin2	5	CONVERGED	v3 2026-05-18 10:56:05 iter 8			1	8	3.8549, 3.8296, 3.8489	0.0253	0.027	2.008	3.849	185.8	176			GOOD	CONVERGED		
mp-2319	P4Os2	6	done		2026-04-21 10:23:12	legacy(ctrl+GWinput)	~/bin2	5	CONVERGED	v3 2026-05-18 10:58:46 iter 8			1	8	1.0959, 1.0895, 1.0922	0.0063	0.014	0.772	1.092	301.2	146			GOOD	CONVERGED		
mp-23192	Hg2I4	6	done		2026-04-19 23:02:12	legacy(ctrl+GWinput)	~/bin2	5	CONVERGED	v3 2026-05-18 11:26:49 iter 8			1	8	2.5384, 2.5999, 2.5990	0.0614	0.054	0.996	2.599	59.0	129			GOOD	CONVERGED		
mp-23214	Ca2Cl4	6	done		2026-04-19 23:56:01	legacy(ctrl+GWinput)	~/bin2	5	CONVERGED	v3 2026-05-18 12:49:24 iter 8			1	8	8.4768, 8.4049, 8.3830	0.0938	0.095	5.117	8.383	301.3	160			GOOD	CONVERGED		
mp-23267	Be2Cl4	6	done		2026-04-20 00:00:24	legacy(ctrl+GWinput)	~/bin2	5	CONVERGED	v3 2026-05-18 14:42:35 iter 10			1	10	9.2329, 9.6988, 9.4724, 9.4342, 9.4307	0.0417	0.041	6.095	9.431	394.3	104			GOOD	CONVERGED		
mp-23292	Hg2Br4	6	done		2026-04-20 01:06:55	legacy(ctrl+GWinput)	~/bin2	5	CONVERGED	v3 2026-05-18 15:53:04 iter 8			1	8	4.4950, 4.5020, 4.4900	0.0120	0.014	2.199	4.490	269.3	167			GOOD	CONVERGED		
mp-23432	Ba2Cl2F2	6	done		2026-04-20 00:30:36	legacy(ctrl+GWinput)	~/bin2	5	CONVERGED	v3 2026-05-18 17:57:07 iter 8			1	8	8.3259, 8.3421, 8.3466	0.0207	0.014	5.177	8.347	193.7	96			GOOD	CONVERGED		
mp-23710	Mg2H4	6	done		2026-04-20 00:39:43	legacy(ctrl+GWinput)	~/bin2	5	CONVERGED	s1 2026-05-11 09:55:07 iter 8			1	8	6.5607, 6.4999, 6.5419	0.0608	0.054	3.446	6.542	320.2	55			GOOD	CONVERGED		
mp-23759	Sr2H4	6	done		2026-04-20 00:50:22	legacy(ctrl+GWinput)	~/bin2	5	CONVERGED	v3 2026-05-18 20:20:30 iter 8			1	8	3.3434, 3.3826, 3.3378	0.0447	0.054	1.078	3.338	91.8	51			GOOD	CONVERGED		
mp-23856	Li2H2O2	6	done		2026-04-20 00:59:35	legacy(ctrl+GWinput)	~/bin2	5	OK_MAXITER_NOTCONV	s1 2026-05-11 09:05:53 iter 10			1	10	8.1984, 7.9139, 7.8655, 7.7302, 7.9016	0.1714	0.177	4.019	7.902	718.7	51			NOTCONV	MAXITER_NOTCONV	continue (more iterations)	
mp-23859	Ca2H2Cl2	6	done		2026-04-20 01:18:45	legacy(ctrl+GWinput)	~/bin2	5	CONVERGED	v3 2026-05-18 21:22:03 iter 8			1	8	6.4528, 6.4691, 6.4407	0.0284	0.027	3.524	6.441	156.2	86			GOOD	CONVERGED		
mp-23860	Sr2H2Cl2	6	done		2026-04-20 01:31:10	legacy(ctrl+GWinput)	~/bin2	5	CONVERGED	v3 2026-05-18 21:57:59 iter 9			1	9	6.2636, 6.4192, 6.4536, 6.3851	0.0685	0.068	3.667	6.385	119.2	101			GOOD	CONVERGED		
mp-23861	Ba2H2Cl2	6	done		2026-04-20 01:44:42	legacy(ctrl+GWinput)	~/bin2	5	CONVERGED	v3 2026-05-18 21:49:54 iter 8			1	8	5.8169, 5.8998, 5.9093	0.0924	0.082	3.158	5.909	185.4	92			GOOD	CONVERGED		
mp-23862	Ba2H2I2	6	done		2026-04-20 02:07:48	legacy(ctrl+GWinput)	~/bin2	5	CONVERGED	v3 2026-05-18 22:07:39 iter 8			1	8	4.6734, 4.6755, 4.6543	0.0211	0.027	2.604	4.654	144.2	102			GOOD	CONVERGED		
mp-23891	Na2H2O2	6	done		2026-04-20 01:58:52	legacy(ctrl+GWinput)	~/bin2	5	OK_MAXITER_NOTCONV	s1 2026-05-11 12:58:05 iter 10			1	10	6.9672, 6.8267, 6.7069, 6.8560, 6.8458	0.1490	0.150	2.891	6.846	978.5	85			NOTCONV	MAXITER_NOTCONV	continue (more iterations)	
mp-23940	Na2H2O2	6	done		2026-04-20 02:17:45	legacy(ctrl+GWinput)	~/bin2	5	OK_MAXITER_NOTCONV	s1 2026-05-11 14:02:05 iter 10			1	10	6.4612, 6.5393, 6.4005, 6.5407, 6.5747	0.1741	0.177	2.923	6.575	1351.4	107			NOTCONV	MAXITER_NOTCONV	continue (more iterations)	
mp-24204	Ca2H2I2	6	done		2026-04-20 02:37:11	legacy(ctrl+GWinput)	~/bin2	5	CONVERGED	v3 2026-05-18 23:21:40 iter 8			1	8	5.4005, 5.4031, 5.4060	0.0055	0.000	3.278	5.406	124.5	95			GOOD	CONVERGED		
mp-24205	Sr2H2I2	6	done		2026-04-20 02:50:17	legacy(ctrl+GWinput)	~/bin2	5	CONVERGED	v3 2026-05-18 23:58:30 iter 8			1	8	5.4034, 5.4332, 5.3875	0.0457	0.041	3.199	5.388	93.6	97			GOOD	CONVERGED		
mp-24422	Ca2H2Br2	6	done		2026-04-20 03:01:24	legacy(ctrl+GWinput)	~/bin2	5	CONVERGED	v3 2026-05-19 00:29:28 iter 9			1	9	6.5047, 6.6633, 6.6281, 6.6317	0.0352	0.041	3.882	6.632	140.4	98			GOOD	CONVERGED		
mp-24423	Sr2H2Br2	6	done		2026-04-20 03:15:44	legacy(ctrl+GWinput)	~/bin2	5	CONVERGED	v3 2026-05-19 00:17:33 iter 8			1	8	5.8412, 5.8406, 5.8525	0.0119	0.014	3.508	5.852	97.0	94			GOOD	CONVERGED		
mp-24424	Ba2H2Br2	6	done		2026-04-20 03:33:05	legacy(ctrl+GWinput)	~/bin2	5	CONVERGED	v3 2026-05-19 00:28:59 iter 8			1	8	5.2738, 5.3581, 5.3557	0.0843	0.082	2.953	5.356	159.9	94			GOOD	CONVERGED		
mp-2455	As4Os2	6	done		2026-04-20 03:48:42	legacy(ctrl+GWinput)	~/bin2	5	CONVERGED	v3 2026-05-19 01:13:32 iter 8			1	8	0.9979, 0.9963, 1.0016	0.0053	0.014	0.631	1.002	217.6	147			GOOD	CONVERGED		
mp-24809	Ca2H4	6	done		2026-04-20 03:41:53	legacy(ctrl+GWinput)	~/bin2	5	CONVERGED	s1 2026-05-11 15:02:57 iter 8			1	8	2.8034, 2.7738, 2.7654	0.0380	0.041	0.393	2.765	133.3	47			GOOD	CONVERGED		
mp-2574	Zr2O4	6	done		2026-04-20 03:56:36	legacy(ctrl+GWinput)	~/bin2	5	CONVERGED	v3 2026-05-19 02:42:00 iter 10			1	10	6.0607, 6.3848, 6.2480, 6.2399, 6.2323	0.0157	0.014	3.828	6.232	244.8	76			GOOD	CONVERGED		
mp-267	Te4Ru2	6	done		2026-04-20 04:31:45	legacy(ctrl+GWinput)	~/bin2	5	CONVERGED	v3 2026-05-19 03:20:25 iter 8			1	8	0.6816, 0.6898, 0.6848	0.0081	0.014	0.209	0.685	145.5	153			GOOD	CONVERGED		
mp-2695	Sb4Os2	6	done		2026-04-20 04:53:55	legacy(ctrl+GWinput)	~/bin2	5	CONVERGED	v3 2026-05-19 04:12:38 iter 8			1	8	0.6368, 0.6297, 0.6379	0.0082	0.014	0.312	0.638	248.4	183			GOOD	CONVERGED		
mp-27484	Tl4O2	6	done		2026-04-20 05:16:45	legacy(ctrl+GWinput)	~/bin2	5	CONVERGED	v3 2026-05-19 09:03:47 iter 8			1	8	1.1447, 1.1668, 1.1570	0.0221	0.027	0.630	1.157	87.4	242			GOOD	CONVERGED		
mp-27502	C2N2Cl2	6	done		2026-04-20 05:28:12	legacy(ctrl+GWinput)	~/bin2	5	CONVERGED	v3 2026-05-19 09:46:59 iter 8			1	8	9.1492, 9.1949, 9.1703	0.0457	0.054	5.569	9.170	1009.5	88			GOOD	CONVERGED		
mp-27546	Ca2Cl2F2	6	done		2026-04-20 05:38:45	legacy(ctrl+GWinput)	~/bin2	5	CONVERGED	v3 2026-05-19 09:55:09 iter 8			1	8	9.0619, 9.0681, 9.0752	0.0133	0.014	5.442	9.075	191.2	89			GOOD	CONVERGED		
mp-27702	In2Cl2O2	6	done		2026-04-20 06:06:58	legacy(ctrl+GWinput)	~/bin2	5	CONVERGED	v3 2026-05-19 11:10:03 iter 8			1	8	4.4421, 4.5283, 4.5067	0.0862	0.095	2.427	4.507	358.0	130			GOOD	CONVERGED		
mp-27703	In2Br2O2	6	done		2026-04-20 06:18:41	legacy(ctrl+GWinput)	~/bin2	5	CONVERGED	v3 2026-05-19 12:08:12 iter 8			1	8	4.0420, 4.0071, 3.9693	0.0727	0.068	1.958	3.969	292.4	131			GOOD	CONVERGED		
mp-27716	K2Tl2O2	6	done		2026-04-20 06:57:06	legacy(ctrl+GWinput)	~/bin2	5	OK_MAXITER_NOTCONV	v3 2026-05-19 14:12:34 iter 10			1	10	9.1049, 2.5409, 3.4137, 2.9419, 2.5672	0.8465	0.844	1.122	2.567	272.5	163			NOTCONV	MAXITER_NOTCONV	continue (more iterations)	
mp-27724	BPS4	6	done		2026-04-20 06:50:44	legacy(ctrl+GWinput)	~/bin2	5	CONVERGED	v3 2026-05-19 14:15:37 iter 9			1	9	4.0624, 4.1961, 4.1221, 4.1278	0.0739	0.068	1.955	4.128	645.8	120			GOOD	CONVERGED		
mp-27726	S2O4	6	done		2026-04-20 07:17:11	legacy(ctrl+GWinput)	~/bin2	5	OK_MAXITER_NOTCONV	v3 2026-05-19 15:48:57 iter 10			1	10	7.1482, 6.5806, 6.8169, 6.8646, 6.9537	0.1368	0.136	2.597	6.954	2965.2	109			NOTCONV	MAXITER_NOTCONV	continue (more iterations)	
mp-27743	BiF5	6	done		2026-04-20 07:12:57	legacy(ctrl+GWinput)	~/bin2	5	OK_MAXITER_NOTCONV	v3 2026-05-19 15:53:59 iter 10			1	10	6.0730, 5.6084, 5.5242, 5.4010, 5.4394	0.1233	0.122	1.788	5.439	336.8	63			NOTCONV	MAXITER_NOTCONV	continue (more iterations)	
mp-27754	WCl4O	6	done		2026-04-20 07:52:21	legacy(ctrl+GWinput)	~/bin2	5	CONVERGED	v3 2026-05-19 16:04:17 iter 8			1	8	3.9440, 3.8656, 3.8829	0.0784	0.082	1.675	3.883	318.9	117			GOOD	CONVERGED		
mp-27849	Ti2Br2N2	6	done		2026-04-20 07:52:39	legacy(ctrl+GWinput)	~/bin2	5	CONVERGED	v3 2026-05-19 17:35:19 iter 8			1	8	1.7755, 1.7858, 1.7908	0.0153	0.027	0.536	1.791	361.4	123			GOOD	CONVERGED		
mp-27850	Ti2N2Cl2	6	done		2026-04-20 08:26:24	legacy(ctrl+GWinput)	~/bin2	5	CONVERGED	v3 2026-05-19 17:59:55 iter 8			1	8	1.9162, 2.0106, 1.9481	0.0945	0.095	0.529	1.948	423.2	120			GOOD	CONVERGED		
mp-27863	Al2Cl2O2	6	done		2026-04-20 08:18:18	legacy(ctrl+GWinput)	~/bin2	5	CONVERGED	v3 2026-05-19 18:37:07 iter 9			1	9	9.0276, 8.9138, 8.8728, 8.9348	0.0620	0.068	5.674	8.935	602.7	122			GOOD	CONVERGED		
mp-27934	Cd2Br4	6	done		2026-04-20 08:54:20	legacy(ctrl+GWinput)	~/bin2	5	CONVERGED	v3 2026-05-19 19:46:07 iter 8			1	8	4.9755, 4.9614, 4.9569	0.0186	0.027	2.616	4.957	85.4	114			GOOD	CONVERGED		
mp-27985	Y2Cl2O2	6	done		2026-04-20 08:57:01	legacy(ctrl+GWinput)	~/bin2	5	FAIL(rc=3,no-gap-in-llmf)	v3 2026-05-19 20:04:29			1	6				4.890		619.3	659			FAILED	NOGAP_GAP_COLLAPSED(LDA gap 4.89 eV)	rerun from scratch with --prec=fp32	
mp-27989	C2Br2N2	6	done		2026-04-20 09:30:17	legacy(ctrl+GWinput)	~/bin2	5	CONVERGED	v3 2026-05-19 22:16:39 iter 9			1	9	8.4695, 8.5875, 8.5062, 8.5160	0.0813	0.082	4.829	8.516	801.7	99			GOOD	CONVERGED		
mp-28051	Sb2Te2I2	6	done		2026-04-20 10:22:50	legacy(ctrl+GWinput)	~/bin2	5	CONVERGED	v3 2026-05-19 23:11:40 iter 8			1	8	1.3462, 1.4061, 1.4106	0.0643	0.068	0.767	1.411	95.7	173			GOOD	CONVERGED		
mp-2815	Mo2S4	6	done		2026-04-20 09:48:01	legacy(ctrl+GWinput)	~/bin2	5	CONVERGED	v3 2026-05-19 23:54:58 iter 8			1	8	2.2126, 2.1925, 2.1894	0.0232	0.027	1.276	2.189	136.8	85			GOOD	CONVERGED		
mp-28248	Cd2I4	6	done		2026-04-20 10:36:11	legacy(ctrl+GWinput)	~/bin2	5	CONVERGED	v3 2026-05-20 02:24:11 iter 8			1	8	3.9436, 3.9388, 3.9416	0.0048	0.014	2.116	3.942	48.0	118			GOOD	CONVERGED		
mp-28260	WBr4O	6	done		2026-04-20 11:11:41	legacy(ctrl+GWinput)	~/bin2	5	CONVERGED	v3 2026-05-20 02:54:57 iter 8			1	8	2.6857, 2.6756, 2.7560	0.0803	0.082	0.998	2.756	218.5	129			GOOD	CONVERGED		
mp-28266	P4Pd2	6	done		2026-04-20 11:06:52	legacy(ctrl+GWinput)	~/bin2	5	CONVERGED	v3 2026-05-20 03:14:15 iter 8			1	8	0.7485, 0.7497, 0.7595	0.0110	0.014	0.346	0.759	340.5	132			GOOD	CONVERGED		
mp-28944	Bi2Te2Cl2	6	done		2026-04-21 07:36:55	legacy(ctrl+GWinput)	~/bin2	5	CONVERGED	v3 2026-05-20 08:06:45 iter 8			1	8	2.2650, 2.2868, 2.2774	0.0217	0.027	1.293	2.277	68.3	124			GOOD	CONVERGED		
mp-29055	K2Sb4	6	done		2026-04-20 12:30:04	legacy(ctrl+GWinput)	~/bin2	5	CONVERGED	v3 2026-05-20 09:49:51 iter 8			1	8	0.7135, 0.7263, 0.7206	0.0128	0.014	0.127	0.721	187.4	197			GOOD	CONVERGED		
mp-29149	Li4NCl	6	done		2026-04-20 11:23:43	legacy(ctrl+GWinput)	~/bin2	5	CONVERGED	s1 2026-05-11 11:45:04 iter 9			1	9	3.2395, 3.3774, 3.4550, 3.3622	0.0929	0.095	1.768	3.362	127.5	66			GOOD	CONVERGED		
mp-29403	GaCuI4	6	done		2026-04-20 12:28:03	legacy(ctrl+GWinput)	~/bin2	5	CONVERGED	v3 2026-05-20 13:39:25 iter 10			1	10	3.5619, 3.4041, 3.5046, 3.5020, 3.5057	0.0038	0.014	1.727	3.506	198.0	158			GOOD	CONVERGED		
mp-29443	P2I4	6	done		2026-04-20 14:21:16	legacy(ctrl+GWinput)	~/bin2	5	CONVERGED	v3 2026-05-20 13:50:11 iter 9			1	9	3.4637, 3.3054, 3.3475, 3.3630	0.0576	0.054	1.585	3.363	392.2	220			GOOD	CONVERGED		
mp-29529	Na2Sn2P2	6	done		2026-04-21 07:39:57	legacy(ctrl+GWinput)	~/bin2	5	CONVERGED	v3 2026-05-20 14:29:16 iter 8			1	8	1.2473, 1.2530, 1.2510	0.0057	0.000	0.446	1.251	165.5	120			GOOD	CONVERGED		
mp-29754	Sr2Li2N2	6	done		2026-04-20 12:50:39	legacy(ctrl+GWinput)	~/bin2	5	CONVERGED	v3 2026-05-20 16:28:22 iter 8			1	8	1.1256, 1.1465, 1.1675	0.0420	0.041	0.248	1.168	117.6	76			GOOD	CONVERGED		
mp-29771	Mg2C4	6	done		2026-04-20 13:03:52	legacy(ctrl+GWinput)	~/bin2	5	CONVERGED	v3 2026-05-20 16:35:46 iter 8			1	8	4.6581, 4.6348, 4.6625	0.0277	0.027	2.518	4.663	389.1	61			GOOD	CONVERGED		
mp-30053	Na2C2N2	6	done		2026-04-20 13:28:03	legacy(ctrl+GWinput)	~/bin2	5	OK_MAXITER_NOTCONV	v3 2026-05-20 19:00:35 iter 10			1	10	9.1843, 9.0948, 9.0496, 9.2476, 8.8278	0.4198	0.422	4.880	8.828	859.3	106			NOTCONV	MAXITER_NOTCONV	continue (more iterations)	
mp-30139	Be2Br4	6	done		2026-04-20 13:58:42	legacy(ctrl+GWinput)	~/bin2	5	CONVERGED	v3 2026-05-20 19:36:30 iter 8			1	8	7.9282, 7.9581, 7.8910	0.0671	0.068	4.935	7.891	204.6	91			GOOD	CONVERGED		
mp-30302	Hf2Br2N2	6	failed	NaN_lqpe	2026-05-04 23:40:01	TOML(ctrlG+PB)	~/bin2	2	never				0	2				1.852		nan	75		OK sigma_m=332.5	FAILED	PROD_NaN_lqpe	rerun from scratch with --prec=fp32	fp32 1-iteration check OK in ~/DATA/gw1500fp32/mp-30302_v2 (no converged result)
mp-30530	TlClO4	6	failed	NaN_lqpe	2026-05-04 23:15:13	TOML(ctrlG+PB)	~/bin2	2	never				0	2				4.539		nan	25		OK sigma_m=628.5	FAILED	PROD_NaN_lqpe	rerun from scratch with --prec=fp32	fp32 1-iteration check OK in ~/DATA/gw1500fp32/mp-30530_v2 (no converged result)
mp-3277	BAsO4	6	done		2026-04-20 22:15:50	legacy(ctrl+GWinput)	~/bin2	5	CONVERGED	v3 2026-05-21 02:42:47 iter 10			1	10	8.1048, 8.5686, 8.2994, 8.3074, 8.2600	0.0474	0.054	4.535	8.260	930.0	67			GOOD	CONVERGED		
mp-3307	BaSO4	6	failed	NaN_lqpe	2026-05-04 23:32:00	TOML(ctrlG+PB)	~/bin2	2	never				0	2				4.129		nan	26		OK sigma_m=577.5	FAILED	PROD_NaN_lqpe	rerun from scratch with --prec=fp32	fp32 1-iteration check OK in ~/DATA/gw1500fp32/mp-3307_v2 (no converged result)
mp-3481	K2Sn2As2	6	done		2026-04-21 08:18:09	legacy(ctrl+GWinput)	~/bin2	5	CONVERGED	v3 2026-05-21 04:16:45 iter 8			1	8	1.0163, 1.0169, 1.0206	0.0043	0.000	0.342	1.021	118.8	127			GOOD	CONVERGED		
mp-3486	K2Sn2Sb2	6	done		2026-04-21 08:35:25	legacy(ctrl+GWinput)	~/bin2	5	CONVERGED	v3 2026-05-21 04:34:47 iter 8			1	8	0.8505, 0.8521, 0.8508	0.0017	0.000	0.305	0.851	123.4	138			GOOD	CONVERGED		
mp-358	Hg3Te3	6	done		2026-04-20 23:06:31	legacy(ctrl+GWinput)	~/bin2	5	CONVERGED	v3 2026-05-21 05:25:03 iter 8			1	8	1.1096, 1.1341, 1.1167	0.0245	0.014	0.551	1.117	83.0	113			GOOD	CONVERGED		
mp-3589	BPO4	6	done		2026-04-20 22:37:18	legacy(ctrl+GWinput)	~/bin2	5	CONVERGED	v3 2026-05-21 05:17:15 iter 9			1	9	10.8845, 11.0915, 11.0776, 11.0116	0.0799	0.082	7.372	11.012	1472.3	61			GOOD	CONVERGED		
mp-361	Cu4O2	6	done		2026-04-20 22:49:21	legacy(ctrl+GWinput)	~/bin2	5	CONVERGED	v3 2026-05-21 05:09:15 iter 8			1	8	1.9001, 1.8514, 1.9220	0.0706	0.068	0.571	1.922	292.7	59			GOOD	CONVERGED		
mp-36248	H4BrN	6	failed	NaN_lqpe	2026-05-04 23:22:09	TOML(ctrlG+PB)	~/bin2	1	never				0	1				4.232		nan	15		OK sigma_m=597.9	FAILED	PROD_NaN_lqpe	rerun from scratch with --prec=fp32	fp32 1-iteration check OK in ~/DATA/gw1500fp32/mp-36248_v2 (no converged result)
mp-3637	Y2O2F2	6	done		2026-04-21 10:38:23	legacy(ctrl+GWinput)	~/bin2	5	CONVERGED	v3 2026-05-21 05:55:02 iter 9			1	9	7.3336, 7.2138, 7.2698, 7.2717	0.0580	0.054	4.973	7.272	169.4	76			GOOD	CONVERGED		
mp-390	Ti2O4	6	done		2026-04-21 10:36:47	legacy(ctrl+GWinput)	~/bin2	5	CONVERGED	v3 2026-05-21 09:15:43 iter 10			1	10	3.8367, 4.0258, 3.9423, 3.9172, 3.9059	0.0364	0.041	2.019	3.906	279.7	68			GOOD	CONVERGED		
mp-4359	Sr2PdO3	6	done		2026-04-21 11:01:17	legacy(ctrl+GWinput)	~/bin2	5	CONVERGED	v3 2026-05-21 13:05:01 iter 10			1	10	2.1326, 3.1425, 2.7010, 2.6114, 2.6101	0.0909	0.095	0.062	2.610	207.3	113			GOOD	CONVERGED		
mp-4495	K2Li2Te2	6	done		2026-04-21 11:13:57	legacy(ctrl+GWinput)	~/bin2	5	CONVERGED	v3 2026-05-21 13:17:20 iter 8			1	8	4.0007, 4.0673, 4.0201	0.0666	0.068	2.289	4.020	97.7	99			GOOD	CONVERGED		
mp-470	Ge2O4	6	done		2026-04-21 11:15:15	legacy(ctrl+GWinput)	~/bin2	5	CONVERGED	v3 2026-05-21 15:10:54 iter 8			1	8	4.2478, 4.2255, 4.2457	0.0222	0.014	1.571	4.246	524.2	69			GOOD	CONVERGED		
mp-471	Cd2As4	6	done		2026-04-21 11:42:46	legacy(ctrl+GWinput)	~/bin2	5	CONVERGED	v3 2026-05-21 15:34:52 iter 8			1	8	0.7628, 0.7701, 0.7677	0.0073	0.014	0.102	0.768	93.6	100			GOOD	CONVERGED		
mp-4824	Na2Zn2P2	6	done		2026-04-21 11:41:51	legacy(ctrl+GWinput)	~/bin2	5	CONVERGED	v3 2026-05-21 16:45:47 iter 8			1	8	1.9479, 1.9646, 1.9736	0.0258	0.027	0.717	1.974	195.4	123			GOOD	CONVERGED		
mp-486	Ni2P4	6	done		2026-04-21 12:09:17	legacy(ctrl+GWinput)	~/bin2	5	CONVERGED	v3 2026-05-21 17:35:29 iter 8			1	8	0.4942, 0.4997, 0.4942	0.0055	0.014	0.336	0.494	442.9	131			GOOD	CONVERGED		
mp-5046	BeSO4	6	done		2026-04-21 11:56:50	legacy(ctrl+GWinput)	~/bin2	5	CONVERGED	v3 2026-05-21 20:37:38 iter 9			1	9	10.5595, 10.6743, 10.6767, 10.6005	0.0762	0.082	7.007	10.600	1593.5	61			GOOD	CONVERGED		
mp-5339	Cs2Na2Te2	6	done		2026-04-21 13:00:21	legacy(ctrl+GWinput)	~/bin2	5	CONVERGED	v3 2026-05-22 00:33:46 iter 8			1	8	3.5519, 3.5821, 3.5741	0.0302	0.027	1.789	3.574	124.4	138			GOOD	CONVERGED		
mp-5347	KAlF4	6	done		2026-04-21 12:25:19	legacy(ctrl+GWinput)	~/bin2	5	CONVERGED	v3 2026-05-22 00:40:34 iter 9			1	9	11.5764, 11.8306, 11.8354, 11.8134	0.0220	0.027	6.783	11.813	522.6	72			GOOD	CONVERGED		
mp-540789	Pb2I4	6	done		2026-04-21 13:51:34	legacy(ctrl+GWinput)	~/bin2	5	CONVERGED	v3 2026-05-22 02:56:47 iter 8			1	8	3.6298, 3.5854, 3.5683	0.0615	0.068	2.242	3.568	38.4	326			GOOD	CONVERGED		
mp-541037	Cs2Cu2O2	6	done		2026-04-21 13:44:27	legacy(ctrl+GWinput)	~/bin2	5	CONVERGED	v3 2026-05-22 02:12:30 iter 8			1	8	2.8559, 2.7753, 2.8613	0.0860	0.082	1.058	2.861	462.0	109			GOOD	CONVERGED		
mp-541911	Hf2N2Cl2	6	done		2026-04-21 14:18:32	legacy(ctrl+GWinput)	~/bin2	5	CONVERGED	v3 2026-05-22 03:32:35 iter 8			1	8	3.9245, 3.9687, 3.9561	0.0442	0.054	2.206	3.956	736.6	152			GOOD	CONVERGED		
mp-541912	Zr2Br2N2	6	done		2026-04-21 14:21:37	legacy(ctrl+GWinput)	~/bin2	5	CONVERGED	v3 2026-05-22 04:48:34 iter 10			1	10	2.6381, 3.0310, 2.9499, 2.9254, 2.9089	0.0410	0.041	1.551	2.909	103.4	166			GOOD	CONVERGED		
mp-542791	Zr2N2Cl2	6	done		2026-04-21 14:42:37	legacy(ctrl+GWinput)	~/bin2	5	CONVERGED	v3 2026-05-22 05:41:11 iter 9			1	9	3.0768, 3.2634, 3.3018, 3.2508	0.0511	0.054	1.820	3.251	121.2	137			GOOD	CONVERGED		
mp-545359	KNa2CuO2	6	done		2026-04-21 14:45:49	legacy(ctrl+GWinput)	~/bin2	5	CONVERGED	v3 2026-05-22 05:49:57 iter 8			1	8	3.7394, 3.8098, 3.7636	0.0704	0.068	1.382	3.764	327.6	96			GOOD	CONVERGED		
mp-545756	ZnSO4	6	done		2026-04-21 14:54:54	legacy(ctrl+GWinput)	~/bin2	5	CONVERGED	v3 2026-05-22 06:39:57 iter 10			1	10	8.4686, 9.2093, 8.8217, 8.7929, 8.7657	0.0560	0.054	4.571	8.766	897.0	58			GOOD	CONVERGED		
mp-546118	NaClO4	6	done		2026-04-21 14:55:47	legacy(ctrl+GWinput)	~/bin2	5	OK_MAXITER_NOTCONV	v3 2026-05-22 07:10:13 iter 10			1	10	7.6997, 8.0070, 7.9248, 7.7866, 7.7225	0.2023	0.190	4.271	7.722	740.0	55			NOTCONV	MAXITER_NOTCONV	continue (more iterations)	
mp-546279	Sc2Br2O2	6	done		2026-04-21 15:34:26	legacy(ctrl+GWinput)	~/bin2	5	CONVERGED	v3 2026-05-22 07:34:30 iter 9			1	9	6.4353, 6.2626, 6.3418, 6.3435	0.0810	0.082	3.097	6.344	374.6	135			GOOD	CONVERGED		
mp-546633	KClO4	6	done		2026-04-21 15:05:54	legacy(ctrl+GWinput)	~/bin2	5	CONVERGED	v3 2026-05-22 06:49:39 iter 8			1	8	8.9891, 8.9167, 8.9280	0.0724	0.082	5.218	8.928	870.2	47			GOOD	CONVERGED		
mp-546711	CsClO4	6	done		2026-04-21 15:18:09	legacy(ctrl+GWinput)	~/bin2	5	CONVERGED	v3 2026-05-22 07:15:15 iter 8			1	8	0.3245, 0.3134, 0.2628	0.0617	0.068	5.413	0.263	875.3	49			GOOD	CONVERGED		SUSPECT: QSGW80 gap 0.26 < LDA gap 5.41
mp-546794	Si2O4	6	done		2026-04-21 15:31:47	legacy(ctrl+GWinput)	~/bin2	5	OK_MAXITER_NOTCONV	v3 2026-05-22 08:04:57 iter 10			1	10	9.5056, 9.3843, 9.3260, 9.2195, 9.4359	0.2164	0.218	5.695	9.436	1291.3	68			NOTCONV	MAXITER_NOTCONV	continue (more iterations)	
mp-5479	RbAlF4	6	done		2026-04-21 15:48:01	legacy(ctrl+GWinput)	~/bin2	5	OK_MAXITER_NOTCONV	v3 2026-05-22 08:59:49 iter 10			1	10	11.2627, 12.5530, 12.3678, 12.1039, 12.0733	0.2945	0.299	6.890	12.073	521.1	80			NOTCONV	MAXITER_NOTCONV	continue (more iterations)	
mp-550172	Sn2O4	6	done		2026-04-21 15:59:28	legacy(ctrl+GWinput)	~/bin2	5	CONVERGED	v3 2026-05-22 12:38:07 iter 10			1	10	2.6407, 2.9128, 2.8196, 2.8006, 2.7846	0.0350	0.027	0.637	2.785	521.0	113			GOOD	CONVERGED		
mp-550759	RbClO4	6	done		2026-04-21 15:58:50	legacy(ctrl+GWinput)	~/bin2	5	CONVERGED	v3 2026-05-22 13:20:25 iter 8			1	8	8.9509, 9.0401, 8.9667	0.0892	0.082	5.325	8.967	831.2	48			GOOD	CONVERGED		
mp-551456	Ba2CuClO2	6	done		2026-04-21 16:52:12	legacy(ctrl+GWinput)	~/bin2	5	FAIL(NaN,NaN-in-Sigma(lcombined/lqpe))	v3 2026-05-22 13:10:41			1	5				2.254		nan	802			FAILED	AC_NaN-in-Sigma(lcombined/lqpe)	rerun from scratch with --prec=fp32	
mp-551470	Tl4O2	6	done		2026-04-21 16:51:15	legacy(ctrl+GWinput)	~/bin2	5	CONVERGED	v3 2026-05-22 14:57:03 iter 8			1	8	1.1319, 1.1358, 1.1347	0.0039	0.000	0.629	1.135	159.8	135			GOOD	CONVERGED		
mp-551758	AgClO4	6	failed	bmix_min	2026-05-04 23:30:53	TOML(ctrlG+PB)	~/bin2	0	never				0	0				2.026		1248477.1	11		OK sigma_m=568.9	FAILED	PROD_bmix_min	rerun from scratch with --prec=fp32	fp32 1-iteration check OK in ~/DATA/gw1500fp32/mp-551758_v2 (no converged result)
mp-551798	AlPO4	6	failed	NaN_lqpe	2026-05-05 00:37:52	TOML(ctrlG+PB)	~/bin2	2	never				0	2						nan	39		OK sigma_m=243.9	FAILED	PROD_NaN_lqpe	rerun from scratch with --prec=fp32	fp32 1-iteration check OK in ~/DATA/gw1500fp32/mp-551798_v2 (no converged result)
mp-552120	Y2Cl2O2	6	done		2026-04-21 17:22:03	legacy(ctrl+GWinput)	~/bin2	5	CONVERGED	v3 2026-05-22 16:34:51 iter 9			1	9	4.7872, 6.5909, 6.5649, 6.5010	0.0899	0.082	4.256	6.501	135.8	143			GOOD	CONVERGED		
mp-552537	Sr2CuBrO2	6	done		2026-04-21 17:53:27	legacy(ctrl+GWinput)	~/bin2	5	CONVERGED	v3 2026-05-22 16:54:37 iter 9			1	9	4.7101, 4.5274, 4.4637, 4.5096	0.0636	0.068	2.401	4.510	189.0	144			GOOD	CONVERGED		
mp-552934	Ba2CuBrO2	6	failed	NaN_lqpe	2026-05-05 01:58:45	TOML(ctrlG+PB)	~/bin2	2	never				0	2				2.226		nan	75		OK sigma_m=216.3	FAILED	PROD_NaN_lqpe	rerun from scratch with --prec=fp32	fp32 1-iteration check OK in ~/DATA/gw1500fp32/mp-552934_v2 (no converged result)
mp-553303	CsCu3O2	6	done		2026-04-22 01:12:56	legacy(ctrl+GWinput)	~/bin2	5	CONVERGED	v3 2026-05-22 18:42:22 iter 10			1	10	3.3506, 3.5078, 3.3978, 3.3778, 3.3876	0.0200	0.027	1.463	3.388	399.4	89			GOOD	CONVERGED		
mp-559278	K4S2	6	done		2026-04-22 01:39:51	legacy(ctrl+GWinput)	~/bin2	5	CONVERGED	v3 2026-05-23 01:34:15 iter 8			1	8	3.8608, 3.8364, 3.8376	0.0244	0.027	1.778	3.838	93.4	99			GOOD	CONVERGED		
mp-5606	AlTlF4	6	failed	NaN_lqpe	2026-05-05 00:53:26	TOML(ctrlG+PB)	~/bin2	2	never				0	2				4.105		nan	35		OK sigma_m=374.5	FAILED	PROD_NaN_lqpe	rerun from scratch with --prec=fp32	fp32 1-iteration check OK in ~/DATA/gw1500fp32/mp-5606_v2 (no converged result)
mp-567279	Zn2Cl4	6	done		2026-04-22 02:24:00	legacy(ctrl+GWinput)	~/bin2	5	CONVERGED	v3 2026-05-23 08:18:10 iter 9			1	9	6.8477, 6.7604, 6.7408, 6.7994	0.0586	0.068	3.579	6.799	360.5	133			GOOD	CONVERGED		
mp-567299	KC2IN2	6	failed	NaN_lqpe	2026-05-05 01:06:33	TOML(ctrlG+PB)	~/bin2	1	never				0	1				4.402		nan	52		OK sigma_m=683.6	FAILED	PROD_NaN_lqpe	rerun from scratch with --prec=fp32	fp32 1-iteration check OK in ~/DATA/gw1500fp32/mp-567299_v2 (no converged result)
mp-567441	Hf2I2N2	6	done		2026-04-22 03:18:36	legacy(ctrl+GWinput)	~/bin2	5	FAIL(rc=3,no-gap-in-llmf)	v3 2026-05-23 07:02:17			1	6				0.861		4886.0	980			FAILED	NOGAP_GAP_COLLAPSED(LDA gap 0.86 eV)	rerun from scratch with --prec=fp32	
mp-567484	Pt2Cl4	6	done		2026-04-22 03:12:30	legacy(ctrl+GWinput)	~/bin2	5	CONVERGED	v3 2026-05-23 09:09:48 iter 8			1	8	3.3247, 3.2373, 3.2259	0.0988	0.095	0.657	3.226	464.3	151			GOOD	CONVERGED		
mp-567503	Pb2I4	6	done		2026-04-22 04:19:00	legacy(ctrl+GWinput)	~/bin2	5	CONVERGED	v3 2026-05-23 09:44:22 iter 8			1	8	3.5991, 3.5659, 3.5819	0.0332	0.041	2.204	3.582	48.5	130			GOOD	CONVERGED		
mp-568018	Rb2Sb4	6	done		2026-04-22 05:10:38	legacy(ctrl+GWinput)	~/bin2	5	CONVERGED	v3 2026-05-23 12:12:28 iter 8			1	8	1.0909, 1.0460, 1.0423	0.0486	0.041	0.196	1.042	177.4	202			GOOD	CONVERGED		
mp-568100	ReNCl4	6	done		2026-04-22 04:55:55	legacy(ctrl+GWinput)	~/bin2	5	CONVERGED	v3 2026-05-23 12:52:08 iter 8			1	8	2.9209, 2.8642, 2.9035	0.0567	0.054	0.964	2.903	327.2	114			GOOD	CONVERGED		
mp-568264	Si2Se4	6	done		2026-04-22 05:30:16	legacy(ctrl+GWinput)	~/bin2	5	CONVERGED	v3 2026-05-23 13:27:37 iter 8			1	8	3.6697, 3.7391, 3.6920	0.0694	0.068	1.796	3.692	290.1	113			GOOD	CONVERGED		
mp-568346	Hf2Br2N2	6	done		2026-04-22 06:02:55	legacy(ctrl+GWinput)	~/bin2	5	CONVERGED	v3 2026-05-23 13:47:43 iter 8			1	8	3.8226, 3.8056, 3.8300	0.0244	0.014	1.936	3.830	1476.3	170			GOOD	CONVERGED		
mp-569008	Pd2Cl4	6	done		2026-04-22 06:13:57	legacy(ctrl+GWinput)	~/bin2	5	CONVERGED	v3 2026-05-23 19:35:46 iter 9			1	9	3.1085, 3.2300, 3.3032, 3.2113	0.0919	0.095	0.531	3.211	446.1	164			GOOD	CONVERGED		
mp-569017	Pd2I4	6	done		2026-04-22 07:16:26	legacy(ctrl+GWinput)	~/bin2	5	CONVERGED	v3 2026-05-23 20:48:22 iter 9			1	9	1.8198, 1.9745, 1.9016, 1.8924	0.0821	0.082	0.616	1.892	158.0	179			GOOD	CONVERGED		
mp-569272	Cs4Se2	6	done		2026-04-22 08:32:19	legacy(ctrl+GWinput)	~/bin2	5	OK_MAXITER_NOTCONV	v3 2026-05-24 01:55:07 iter 10			1	10	3.9961, 3.6518, 3.6229, 3.7969, 3.8131	0.1902	0.190	1.501	3.813	156.3	250			NOTCONV	MAXITER_NOTCONV	continue (more iterations)	
mp-569595	Pb2I4	6	done		2026-04-22 08:41:28	legacy(ctrl+GWinput)	~/bin2	5	CONVERGED	v3 2026-05-23 23:48:17 iter 8			1	8	3.6284, 3.6676, 3.6452	0.0392	0.041	2.250	3.645	39.2	326			GOOD	CONVERGED		
mp-570157	Zr2Br2N2	6	done		2026-04-22 09:10:05	legacy(ctrl+GWinput)	~/bin2	5	CONVERGED	v3 2026-05-24 04:08:15 iter 8			1	8	3.3475, 3.4219, 3.4139	0.0745	0.082	1.733	3.414	200.3	118			GOOD	CONVERGED		
mp-570172	Hg2I2Br2	6	done		2026-04-22 10:10:28	legacy(ctrl+GWinput)	~/bin2	5	CONVERGED	v3 2026-05-24 05:10:29 iter 8			1	8	4.0960, 4.0834, 4.1092	0.0258	0.027	2.054	4.109	234.5	168			GOOD	CONVERGED		
mp-570875	Ga4Os2	6	done		2026-04-22 09:37:09	legacy(ctrl+GWinput)	~/bin2	5	CONVERGED	v3 2026-05-24 06:28:31 iter 8			1	8	1.0614, 1.0640, 1.0606	0.0034	0.000	0.652	1.061	154.6	128			GOOD	CONVERGED		
mp-570886	Be2I4	6	done		2026-04-22 10:19:47	legacy(ctrl+GWinput)	~/bin2	5	CONVERGED	v3 2026-05-24 07:10:29 iter 9			1	9	6.2323, 6.1093, 6.0739, 6.1369	0.0629	0.068	3.872	6.137	112.8	104			GOOD	CONVERGED		
mp-571166	Ca2Br4	6	done		2026-04-22 10:53:47	legacy(ctrl+GWinput)	~/bin2	5	OK_MAXITER_NOTCONV	v3 2026-05-24 09:12:10 iter 10			1	10	7.6093, 7.0396, 6.8220, 6.9876, 6.9826	0.1656	0.177	4.212	6.983	133.2	146			NOTCONV	MAXITER_NOTCONV	continue (more iterations)	
mp-571195	Zn3Te3	6	done		2026-04-22 11:14:07	legacy(ctrl+GWinput)	~/bin2	5	CONVERGED	v3 2026-05-24 08:39:07 iter 8			1	8	2.1695, 2.1749, 2.1746	0.0054	0.014	0.836	2.175	219.2	164			GOOD	CONVERGED		
mp-573755	Cs2Te2Au2	6	done		2026-04-22 12:36:18	legacy(ctrl+GWinput)	~/bin2	5	CONVERGED	v3 2026-05-24 11:18:57 iter 8			1	8	2.2713, 2.3277, 2.3439	0.0727	0.068	1.038	2.344	192.1	176			GOOD	CONVERGED		
mp-574599	Cs2Au2Se2	6	done		2026-04-22 12:18:01	legacy(ctrl+GWinput)	~/bin2	5	CONVERGED	v3 2026-05-24 10:58:58 iter 8			1	8	3.2750, 3.2712, 3.2628	0.0122	0.014	1.561	3.263	204.5	148			GOOD	CONVERGED		
mp-580886	Zr2I2N2	6	done		2026-04-22 12:52:02	legacy(ctrl+GWinput)	~/bin2	5	CONVERGED	v3 2026-05-24 12:33:30 iter 8			1	8	2.0538, 2.0758, 2.0040	0.0717	0.082	0.806	2.004	86.2	159			GOOD	CONVERGED		
mp-5962	Na2Mg2As2	6	done		2026-04-22 13:05:49	legacy(ctrl+GWinput)	~/bin2	5	CONVERGED	v3 2026-05-24 14:48:24 iter 8			1	8	2.1828, 2.1811, 2.1925	0.0114	0.014	0.927	2.192	117.7	116			GOOD	CONVERGED		
mp-602	Te4Mo2	6	done		2026-04-22 13:15:22	legacy(ctrl+GWinput)	~/bin2	5	CONVERGED	v3 2026-05-24 15:44:22 iter 8			1	8	1.4059, 1.4355, 1.4312	0.0296	0.041	0.948	1.431	52.9	91			GOOD	CONVERGED		
mp-613652	Pb2Cl2F2	6	done		2026-04-22 13:41:48	legacy(ctrl+GWinput)	~/bin2	5	CONVERGED	v3 2026-05-24 16:07:31 iter 8			1	8	5.7546, 5.8186, 5.8396	0.0850	0.082	3.562	5.840	162.0	103			GOOD	CONVERGED		
mp-626620	Rb2H2O2	6	done		2026-04-22 13:40:47	legacy(ctrl+GWinput)	~/bin2	5	OK_MAXITER_NOTCONV	v3 2026-05-24 18:10:58 iter 10			1	10	6.7731, 6.5975, 6.9117, 5.6116, 6.3739	1.3001	1.306	3.408	6.374	1106.5	114			NOTCONV	MAXITER_NOTCONV	continue (more iterations)	
mp-634	Hg3S3	6	done		2026-04-22 14:08:00	legacy(ctrl+GWinput)	~/bin2	5	FAIL(rc=3,no-gap-in-llmf)	v3 2026-05-24 18:23:39			1	6						85.3	941			UNKNOWN	NOGAP_METAL_IN_LDA_TOO	decide by hand (no gap: metal or semimetal)	
mp-634657	Na2H2S2	6	done		2026-04-22 14:12:47	legacy(ctrl+GWinput)	~/bin2	5	CONVERGED	v3 2026-05-24 19:09:06 iter 8			1	8	5.7427, 5.6757, 5.7204	0.0670	0.068	2.971	5.720	1232.7	125			GOOD	CONVERGED		
mp-634676	K2H2S2	6	done		2026-04-22 14:47:20	legacy(ctrl+GWinput)	~/bin2	5	CONVERGED	v3 2026-05-24 20:01:33 iter 9			1	9	5.8521, 5.7330, 5.6392, 5.6716	0.0938	0.095	2.950	5.672	1194.7	142			GOOD	CONVERGED		
mp-643043	Rb2H2O2	6	done		2026-04-22 14:49:48	legacy(ctrl+GWinput)	~/bin2	5	FAIL(rc=3,no-gap-in-llmf)	v3 2026-05-24 19:34:06			1	6				2.998		12114.7	1013			FAILED	NOGAP_GAP_COLLAPSED(LDA gap 3.00 eV)	rerun from scratch with --prec=fp32	
mp-644607	C2O4	6	done		2026-04-22 14:59:22	legacy(ctrl+GWinput)	~/bin2	5	OK_MAXITER_NOTCONV	s1 2026-05-11 15:57:26 iter 10			1	10	10.5616, 10.1943, 10.0932, 10.2625, 10.2588	0.1693	0.163	6.226	10.259	1043.2	56			NOTCONV	MAXITER_NOTCONV	continue (more iterations)	
mp-684	Ba2S4	6	done		2026-04-22 15:46:06	legacy(ctrl+GWinput)	~/bin2	5	CONVERGED	v3 2026-05-24 23:09:29 iter 8			1	8	3.6859, 3.7824, 3.7189	0.0965	0.095	1.520	3.719	562.5	147			GOOD	CONVERGED		
mp-6947	Si2O4	6	done		2026-04-22 15:09:47	legacy(ctrl+GWinput)	~/bin2	5	CONVERGED	v3 2026-05-25 00:01:24 iter 10			1	10	7.9066, 8.3712, 8.1605, 8.1466, 8.0991	0.0615	0.068	4.958	8.099	682.3	71			GOOD	CONVERGED		
mp-6948	K2Na2O2	6	done		2026-04-22 15:30:48	legacy(ctrl+GWinput)	~/bin2	5	CONVERGED	v3 2026-05-24 23:48:35 iter 8			1	8	4.9478, 5.0052, 4.9568	0.0574	0.054	2.317	4.957	238.2	94			GOOD	CONVERGED		
mp-696804	Rb2H2S2	6	done		2026-04-22 16:19:03	legacy(ctrl+GWinput)	~/bin2	5	CONVERGED	v3 2026-05-25 01:10:47 iter 9			1	9	5.4037, 5.6893, 5.6076, 5.6103	0.0817	0.082	2.767	5.610	1169.6	150			GOOD	CONVERGED		
mp-6973	Cs2Na2S2	6	done		2026-04-22 16:29:34	legacy(ctrl+GWinput)	~/bin2	5	CONVERGED	v3 2026-05-25 01:22:46 iter 8			1	8	4.2452, 4.3297, 4.3198	0.0844	0.082	2.261	4.320	149.8	133			GOOD	CONVERGED		
mp-7	S6	6	done		2026-04-22 16:42:06	legacy(ctrl+GWinput)	~/bin2	5	OK_MAXITER_NOTCONV	v3 2026-05-25 02:27:55 iter 10			1	10	3.7542, 5.0870, 5.7420, 4.8792, 4.5779	1.1641	1.170	1.971	4.578	479.1	110			NOTCONV	MAXITER_NOTCONV	continue (more iterations)	
mp-7077	K2Au2S2	6	done		2026-04-22 17:15:38	legacy(ctrl+GWinput)	~/bin2	5	CONVERGED	v3 2026-05-25 04:02:23 iter 9			1	9	3.9813, 3.7410, 3.7140, 3.6688	0.0721	0.068	1.948	3.669	282.5	146			GOOD	CONVERGED		
mp-7089	K2Mg2Sb2	6	done		2026-04-22 17:25:52	legacy(ctrl+GWinput)	~/bin2	5	CONVERGED	v3 2026-05-25 03:42:35 iter 8			1	8	2.3483, 2.3473, 2.3430	0.0053	0.014	1.177	2.343	114.4	132			GOOD	CONVERGED		
mp-7090	Na2Mg2Sb2	6	done		2026-04-22 17:53:42	legacy(ctrl+GWinput)	~/bin2	5	CONVERGED	v3 2026-05-25 03:54:20 iter 8			1	8	1.9525, 1.9504, 1.9454	0.0071	0.014	1.073	1.945	134.9	128			GOOD	CONVERGED		
mp-721469	Rb4S2	6	done		2026-04-22 17:58:10	legacy(ctrl+GWinput)	~/bin2	5	CONVERGED	v3 2026-05-25 05:00:55 iter 8			1	8	3.5987, 3.6041, 3.6156	0.0169	0.027	1.601	3.616	60.7	104			GOOD	CONVERGED		
mp-722181	K2Li2S2	6	done		2026-04-22 18:11:59	legacy(ctrl+GWinput)	~/bin2	5	CONVERGED	v3 2026-05-25 05:03:01 iter 8			1	8	4.7397, 4.7836, 4.8129	0.0732	0.082	2.631	4.813	98.0	75			GOOD	CONVERGED		
mp-730189	C2Br2N2	6	done		2026-04-22 18:22:47	legacy(ctrl+GWinput)	~/bin2	5	CONVERGED	v3 2026-05-25 08:54:06 iter 9			1	9	8.4710, 8.3846, 8.3677, 8.2908	0.0938	0.095	4.771	8.291	497.7	78			GOOD	CONVERGED		
mp-7421	K2Zn2As2	6	done		2026-04-22 18:39:36	legacy(ctrl+GWinput)	~/bin2	5	CONVERGED	v3 2026-05-25 09:05:51 iter 8			1	8	1.5522, 1.5358, 1.5360	0.0163	0.014	0.230	1.536	133.8	102			GOOD	CONVERGED		
mp-7433	Na2Cu2Se2	6	done		2026-04-22 18:48:05	legacy(ctrl+GWinput)	~/bin2	5	CONVERGED	v3 2026-05-25 10:00:00 iter 8			1	8	1.2822, 1.3480, 1.3147	0.0659	0.068	0.008	1.315	150.6	114			GOOD	CONVERGED		
mp-7434	Na2Cu2Te2	6	done		2026-04-22 19:12:14	legacy(ctrl+GWinput)	~/bin2	5	CONVERGED	v3 2026-05-25 10:16:57 iter 8			1	8	1.7742, 1.7448, 1.7518	0.0294	0.027	0.579	1.752	122.9	118			GOOD	CONVERGED		
mp-7435	K2Cu2Se2	6	done		2026-04-22 19:10:53	legacy(ctrl+GWinput)	~/bin2	5	CONVERGED	v3 2026-05-25 10:08:38 iter 8			1	8	1.7249, 1.7836, 1.7726	0.0587	0.054	0.143	1.773	119.8	92			GOOD	CONVERGED		
mp-7436	K2Cu2Te2	6	done		2026-04-22 19:38:40	legacy(ctrl+GWinput)	~/bin2	5	CONVERGED	v3 2026-05-25 10:42:20 iter 8			1	8	1.9788, 2.0471, 2.0155	0.0682	0.068	0.544	2.016	97.7	98			GOOD	CONVERGED		
mp-7437	K2Zn2P2	6	done		2026-04-22 19:37:23	legacy(ctrl+GWinput)	~/bin2	5	CONVERGED	v3 2026-05-25 10:50:27 iter 8			1	8	2.0009, 1.9623, 1.9747	0.0386	0.041	0.757	1.975	154.0	100			GOOD	CONVERGED		
mp-7438	K2Zn2Sb2	6	done		2026-04-22 20:14:06	legacy(ctrl+GWinput)	~/bin2	5	CONVERGED	v3 2026-05-25 10:58:19 iter 8			1	8	1.6679, 1.6620, 1.6660	0.0059	0.014	0.394	1.666	137.0	111			GOOD	CONVERGED		
mp-7547	Ba2Se4	6	done		2026-04-22 20:40:13	legacy(ctrl+GWinput)	~/bin2	5	CONVERGED	v3 2026-05-25 13:35:08 iter 9			1	9	2.3041, 2.4508, 2.4955, 2.4131	0.0824	0.082	0.635	2.413	301.7	165			GOOD	CONVERGED		
mp-7582	Ge2S4	6	done		2026-04-22 20:43:32	legacy(ctrl+GWinput)	~/bin2	5	CONVERGED	v3 2026-05-25 14:25:26 iter 8			1	8	4.1450, 4.1512, 4.1659	0.0209	0.014	2.448	4.166	355.8	108			GOOD	CONVERGED		
mp-7583	Si2S4	6	done		2026-04-22 21:01:48	legacy(ctrl+GWinput)	~/bin2	5	CONVERGED	v3 2026-05-25 14:40:34 iter 9			1	9	4.7652, 4.9103, 4.8253, 4.8291	0.0850	0.082	3.026	4.829	408.5	106			GOOD	CONVERGED		
mp-760	Fe2Se4	6	done		2026-04-22 21:19:13	legacy(ctrl+GWinput)	~/bin2	5	CONVERGED	v3 2026-05-25 15:11:24 iter 8			1	8	0.6757, 0.6869, 0.6789	0.0112	0.000	0.203	0.679	375.7	155			GOOD	CONVERGED		
mp-766	As4Ru2	6	done		2026-04-22 21:33:34	legacy(ctrl+GWinput)	~/bin2	5	CONVERGED	v3 2026-05-25 16:42:21 iter 8			1	8	0.7503, 0.7585, 0.7567	0.0082	0.014	0.457	0.757	205.1	147			GOOD	CONVERGED		
mp-7723	NaAlF4	6	done		2026-04-22 21:34:51	legacy(ctrl+GWinput)	~/bin2	5	OK_MAXITER_NOTCONV	v3 2026-05-25 18:14:47 iter 10			1	10	10.1825, 11.5519, 10.9620, 11.0450, 10.8483	0.1967	0.204	5.535	10.848	528.1	78			NOTCONV	MAXITER_NOTCONV	continue (more iterations)	
mp-7786	CsCu3S2	6	done		2026-04-22 22:02:03	legacy(ctrl+GWinput)	~/bin2	5	CONVERGED	v3 2026-05-25 19:42:17 iter 9			1	9	3.2455, 3.1154, 3.0859, 3.0702	0.0452	0.041	1.627	3.070	327.0	106			GOOD	CONVERGED		
mp-7811	SrSO4	6	done		2026-04-22 21:47:31	legacy(ctrl+GWinput)	~/bin2	5	FAIL(rc=3,no-gap-in-llmf)	v3 2026-05-25 18:57:45			1	6				3.557		3423.2	239			FAILED	NOGAP_GAP_COLLAPSED(LDA gap 3.56 eV)	rerun from scratch with --prec=fp32	
mp-7826	Hg3O3	6	done		2026-04-22 22:07:31	legacy(ctrl+GWinput)	~/bin2	5	CONVERGED	v3 2026-05-25 20:13:33 iter 8			1	8	2.6130, 2.5379, 2.5854	0.0751	0.068	1.203	2.585	226.4	74			GOOD	CONVERGED		
mp-7848	AlPO4	6	done		2026-04-22 22:19:39	legacy(ctrl+GWinput)	~/bin2	5	CONVERGED	v3 2026-05-25 20:16:24 iter 8			1	8	9.6353, 9.5713, 9.6178	0.0640	0.068	5.623	9.618	1726.6	66			GOOD	CONVERGED		
mp-7849	AlAsO4	6	done		2026-04-22 22:26:42	legacy(ctrl+GWinput)	~/bin2	5	OK_MAXITER_NOTCONV	v3 2026-05-25 20:55:32 iter 10			1	10	8.0778, 8.2783, 8.3679, 8.0973, 8.0148	0.3531	0.354	4.436	8.015	1008.1	81			NOTCONV	MAXITER_NOTCONV	continue (more iterations)	
mp-7868	Pt2O4	6	done		2026-04-22 22:33:29	legacy(ctrl+GWinput)	~/bin2	5	CONVERGED	v3 2026-05-25 20:42:45 iter 8			1	8	3.3948, 3.4053, 3.4008	0.0105	0.000	1.312	3.401	229.8	63			GOOD	CONVERGED		
mp-7905	Si2O4	6	done		2026-04-22 22:42:51	legacy(ctrl+GWinput)	~/bin2	5	CONVERGED	v3 2026-05-25 21:45:11 iter 8			1	8	8.2140, 8.2307, 8.2369	0.0228	0.014	4.554	8.237	1122.6	63			GOOD	CONVERGED		
mp-8211	Ga2Ge2Te2	6	done		2026-04-22 23:21:20	legacy(ctrl+GWinput)	~/bin2	5	CONVERGED	v3 2026-05-26 04:47:16 iter 9			1	9	1.1150, 0.9807, 1.0489, 1.0606	0.0800	0.082	0.108	1.061	126.1	241			GOOD	CONVERGED		
mp-8231	Zr2S2O2	6	done		2026-04-22 23:02:51	legacy(ctrl+GWinput)	~/bin2	5	CONVERGED	v3 2026-05-26 04:24:25 iter 8			1	8	1.7514, 1.7410, 1.7370	0.0145	0.014	0.681	1.737	111.5	83			GOOD	CONVERGED		
mp-8352	Si2O4	6	done		2026-04-22 23:11:54	legacy(ctrl+GWinput)	~/bin2	5	CONVERGED	v3 2026-05-26 08:57:35 iter 10			1	10	9.0971, 8.6844, 8.9573, 8.9343, 8.9113	0.0460	0.041	5.299	8.911	622.4	49			GOOD	CONVERGED		
mp-8374	Na4S2	6	done		2026-04-22 23:32:08	legacy(ctrl+GWinput)	~/bin2	5	CONVERGED	v3 2026-05-26 08:58:57 iter 9			1	9	3.4692, 3.5863, 3.5402, 3.5262	0.0601	0.068	1.464	3.526	141.0	98			GOOD	CONVERGED		
mp-8430	K2Li2S2	6	done		2026-04-22 23:44:53	legacy(ctrl+GWinput)	~/bin2	5	CONVERGED	v3 2026-05-26 10:12:39 iter 8			1	8	5.0860, 5.1060, 5.0791	0.0270	0.027	2.907	5.079	133.0	94			GOOD	CONVERGED		
mp-8452	Na2Li2S2	6	done		2026-04-22 23:52:36	legacy(ctrl+GWinput)	~/bin2	5	CONVERGED	v3 2026-05-26 10:30:17 iter 9			1	9	5.0925, 5.2183, 5.1848, 5.1648	0.0535	0.054	2.999	5.165	167.0	98			GOOD	CONVERGED		
mp-8453	Rb2Na2O2	6	done		2026-04-23 00:07:27	legacy(ctrl+GWinput)	~/bin2	5	CONVERGED	v3 2026-05-26 10:23:54 iter 8			1	8	4.6459, 4.7090, 4.7409	0.0950	0.095	2.145	4.741	203.0	98			GOOD	CONVERGED		
mp-856	Sn2O4	6	done		2026-04-23 00:09:08	legacy(ctrl+GWinput)	~/bin2	5	CONVERGED	v3 2026-05-26 10:28:30 iter 8			1	8	3.1145, 3.1765, 3.1520	0.0620	0.054	0.846	3.152	370.1	72			GOOD	CONVERGED		
mp-8644	Ba2F4	6	done		2026-04-23 00:22:05	legacy(ctrl+GWinput)	~/bin2	5	CONVERGED	v3 2026-05-26 12:41:55 iter 10			1	10	9.5989, 9.9760, 9.8384, 9.8168, 9.7728	0.0656	0.068	5.774	9.773	175.3	71			GOOD	CONVERGED		
mp-8658	Cs2Na2Se2	6	done		2026-04-23 00:58:31	legacy(ctrl+GWinput)	~/bin2	5	CONVERGED	v3 2026-05-26 12:57:07 iter 8			1	8	3.7927, 3.8199, 3.8506	0.0579	0.054	1.882	3.851	134.8	136			GOOD	CONVERGED		
mp-8751	Rb2Li2S2	6	done		2026-04-23 00:48:11	legacy(ctrl+GWinput)	~/bin2	5	CONVERGED	v3 2026-05-26 14:13:03 iter 9			1	9	4.7841, 4.6946, 4.6716, 4.6710	0.0236	0.027	2.565	4.671	107.2	106			GOOD	CONVERGED		
mp-8756	K2Li2Se2	6	done		2026-04-23 01:15:10	legacy(ctrl+GWinput)	~/bin2	5	CONVERGED	v3 2026-05-26 14:49:45 iter 8			1	8	4.3554, 4.3979, 4.4220	0.0666	0.068	2.411	4.422	113.6	96			GOOD	CONVERGED		
mp-8799	Rb2Na2S2	6	done		2026-04-23 01:36:45	legacy(ctrl+GWinput)	~/bin2	5	CONVERGED	v3 2026-05-26 15:26:16 iter 8			1	8	4.2504, 4.1954, 4.2523	0.0569	0.068	2.131	4.252	143.7	126			GOOD	CONVERGED		
mp-8911	Cu2Ag2S2	6	done		2026-04-23 01:47:51	legacy(ctrl+GWinput)	~/bin2	5	CONVERGED	v3 2026-05-26 17:03:07 iter 8			1	8	0.9689, 0.9998, 1.0010	0.0321	0.041	0.339	1.001	226.2	126			GOOD	CONVERGED		
mp-9008	Rb2Te2Au2	6	done		2026-04-23 03:00:30	legacy(ctrl+GWinput)	~/bin2	5	CONVERGED	v3 2026-05-26 19:14:52 iter 8			1	8	1.9589, 1.9560, 1.9470	0.0119	0.014	0.814	1.947	169.3	175			GOOD	CONVERGED		
mp-9010	Rb2Au2S2	6	done		2026-04-23 02:39:08	legacy(ctrl+GWinput)	~/bin2	5	CONVERGED	v3 2026-05-26 18:58:21 iter 8			1	8	3.6133, 3.6374, 3.6368	0.0241	0.014	1.816	3.637	261.1	142			GOOD	CONVERGED		
mp-917	Ca2C4	6	done		2026-04-23 03:01:54	legacy(ctrl+GWinput)	~/bin2	5	CONVERGED	v3 2026-05-26 20:28:32 iter 8			1	8	4.5200, 4.5314, 4.5314	0.0114	0.014	2.152	4.531	631.3	84			GOOD	CONVERGED		
mp-9244	Li2B2C2	6	done		2026-04-23 03:07:42	legacy(ctrl+GWinput)	~/bin2	5	CONVERGED	s1 2026-05-11 09:52:37 iter 8			1	8	1.9829, 1.9763, 1.9802	0.0066	0.014	0.967	1.980	121.5	37			GOOD	CONVERGED		
mp-9250	Rb2Li2Se2	6	done		2026-04-23 03:32:53	legacy(ctrl+GWinput)	~/bin2	5	CONVERGED	v3 2026-05-26 21:45:01 iter 8			1	8	4.1662, 4.1086, 4.1375	0.0576	0.054	2.139	4.138	90.1	99			GOOD	CONVERGED		
mp-9252	Hg3S3	6	done		2026-04-23 03:42:32	legacy(ctrl+GWinput)	~/bin2	5	CONVERGED	v3 2026-05-26 21:55:23 iter 8			1	8	2.7992, 2.7928, 2.8028	0.0100	0.014	1.533	2.803	215.7	108			GOOD	CONVERGED		
mp-9384	CsAu3S2	6	done		2026-04-23 04:06:37	legacy(ctrl+GWinput)	~/bin2	5	CONVERGED	v3 2026-05-26 23:57:48 iter 8			1	8	3.4798, 3.4388, 3.4413	0.0410	0.041	2.030	3.441	191.5	103			GOOD	CONVERGED		
mp-9385	RbAu3Se2	6	done		2026-04-23 04:16:56	legacy(ctrl+GWinput)	~/bin2	5	CONVERGED	v3 2026-05-27 00:09:24 iter 8			1	8	2.6993, 2.6986, 2.6753	0.0240	0.014	1.476	2.675	128.6	101			GOOD	CONVERGED		
mp-9386	CsAu3Se2	6	done		2026-04-23 04:41:51	legacy(ctrl+GWinput)	~/bin2	5	CONVERGED	v3 2026-05-27 00:46:08 iter 9			1	9	3.1947, 3.3423, 3.3827, 3.3178	0.0649	0.068	1.940	3.318	138.5	113			GOOD	CONVERGED		
mp-947	Au4S2	6	done		2026-04-23 04:37:20	legacy(ctrl+GWinput)	~/bin2	5	CONVERGED	v3 2026-05-27 00:39:27 iter 8			1	8	3.1736, 3.2012, 3.2004	0.0277	0.027	2.001	3.200	176.7	81			GOOD	CONVERGED		
mp-9562	Li2Be2As2	6	done		2026-04-23 04:52:20	legacy(ctrl+GWinput)	~/bin2	5	CONVERGED	v3 2026-05-27 01:55:25 iter 8			1	8	1.7859, 1.7598, 1.7696	0.0261	0.027	0.949	1.770	77.3	65			GOOD	CONVERGED		
mp-9573	Na2Be2As2	6	done		2026-04-23 04:56:25	legacy(ctrl+GWinput)	~/bin2	5	CONVERGED	v3 2026-05-27 03:27:42 iter 8			1	8	2.3155, 2.2981, 2.2877	0.0278	0.027	1.243	2.288	97.4	69			GOOD	CONVERGED		
mp-9574	Na2Be2Sb2	6	done		2026-04-23 05:14:30	legacy(ctrl+GWinput)	~/bin2	5	CONVERGED	v3 2026-05-27 03:30:13 iter 8			1	8	1.7584, 1.7482, 1.7531	0.0102	0.014	0.907	1.753	107.7	83			GOOD	CONVERGED		
mp-9575	Li2Be2Sb2	6	done		2026-04-23 05:13:36	legacy(ctrl+GWinput)	~/bin2	5	CONVERGED	v3 2026-05-27 03:37:18 iter 8			1	8	1.4238, 1.4155, 1.4175	0.0083	0.014	0.951	1.417	89.2	70			GOOD	CONVERGED		
mp-9731	Rb2Au2Se2	6	done		2026-04-23 06:10:55	legacy(ctrl+GWinput)	~/bin2	5	CONVERGED	v3 2026-05-27 05:25:05 iter 8			1	8	3.2808, 3.3780, 3.3267	0.0972	0.095	1.607	3.327	193.8	142			GOOD	CONVERGED		
mp-9845	Rb2Ca2As2	6	done		2026-04-23 06:05:13	legacy(ctrl+GWinput)	~/bin2	5	CONVERGED	v3 2026-05-27 09:16:16 iter 9			1	9	2.3798, 2.5360, 2.4425, 2.4372	0.0988	0.095	1.137	2.437	104.8	147			GOOD	CONVERGED		
mp-9846	Rb2Ca2Sb2	6	done		2026-04-23 07:19:12	legacy(ctrl+GWinput)	~/bin2	5	CONVERGED	v3 2026-05-27 09:27:22 iter 8			1	8	2.5589, 2.6097, 2.5765	0.0508	0.054	1.333	2.576	129.3	151			GOOD	CONVERGED		
mp-9881	K2Au2Se2	6	done		2026-04-23 07:01:17	legacy(ctrl+GWinput)	~/bin2	5	CONVERGED	v3 2026-05-27 10:04:05 iter 8			1	8	3.3782, 3.4262, 3.3825	0.0480	0.054	1.706	3.383	220.8	139			GOOD	CONVERGED		
mp-9899	Ba2Ag2P2	6	done		2026-04-23 07:27:32	legacy(ctrl+GWinput)	~/bin2	5	CONVERGED	v3 2026-05-27 10:42:13 iter 8			1	8	0.8136, 0.8025, 0.8039	0.0111	0.014	0.057	0.804	109.6	95			GOOD	CONVERGED		
mp-9915	Li2Be2P2	6	done		2026-04-23 07:33:37	legacy(ctrl+GWinput)	~/bin2	5	CONVERGED	s1 2026-05-11 15:43:06 iter 8			1	8	2.0076, 2.0067, 2.0039	0.0037	0.014	1.070	2.004	97.0	64			GOOD	CONVERGED		
mp-9919	Li2Zn2Sb2	6	done		2026-04-23 07:53:29	legacy(ctrl+GWinput)	~/bin2	5	CONVERGED	v3 2026-05-27 12:02:56 iter 8			1	8	1.0287, 1.0284, 1.0276	0.0011	0.000	0.352	1.028	133.8	101			GOOD	CONVERGED		
mp-9984	Sn2S4	6	done		2026-04-23 08:03:12	legacy(ctrl+GWinput)	~/bin2	5	CONVERGED	v3 2026-05-27 12:12:52 iter 8			1	8	2.6399, 2.6489, 2.6493	0.0094	0.014	1.219	2.649	162.7	114			GOOD	CONVERGED		
mp-1025299	Tl2CdTe4	7	done		2026-04-23 09:30:03	legacy(ctrl+GWinput)	~/bin2	5	FAIL(rc=1,CUDA_OOM@hvccfp0_mp_gpu --job=3)	v2 2026-05-12 02:50:29	CONVERGED	v3 2026-05-13 06:38:18 iter 4	2	4	0.3629, 0.4905, 0.5107, 0.5262	0.0356	0.041	0.000	0.526	103.3	131	2211		GOOD	CONVERGED		
mp-1025377	CdAg2I4	7	done		2026-04-23 09:20:43	legacy(ctrl+GWinput)	~/bin2	5	FAIL(rc=1,CUDA_OOM@hvccfp0_mp_gpu --job=3)	v2 2026-05-12 04:05:37	CONVERGED	v3 2026-05-13 07:10:43 iter 5	2	5	3.0287, 3.7886, 3.5509, 3.4964, 3.4890	0.0619	0.068	1.568	3.489	104.3	116	2364		GOOD	CONVERGED		
mp-10426	Nb2O5	7	done		2026-04-23 09:55:00	legacy(ctrl+GWinput)	~/bin2	5	FAIL(rc=1,CUDA_OOM@hvccfp0_mp_gpu --job=3)	v2 2026-05-12 04:01:41	CONVERGED	v3 2026-05-13 12:50:52 iter 5	2	5	2.8578, 3.0166, 3.1656, 3.1073, 3.0903	0.0754	0.082	1.657	3.090	993.5	102	866		GOOD	CONVERGED		
mp-1077866	BaZnBO3F	7	done		2026-04-23 09:52:59	legacy(ctrl+GWinput)	~/bin2	5	CONVERGED	v3 2026-05-14 04:27:28 iter 9			1	9	6.4108, 6.2937, 6.3270, 6.3468	0.0531	0.041	3.453	6.347	615.0	92			GOOD	CONVERGED		
mp-1077901	InCo3SnS2	7	failed	NaN_lqpe	2026-05-04 13:38:56	TOML(ctrlG+PB)	~/bin2	2	never				0	2				0.207		nan	52		OK sigma_m=275.1	FAILED	PROD_NaN_lqpe	rerun from scratch with --prec=fp32	fp32 1-iteration check OK in ~/DATA/gw1500fp32/mp-1077901_v2 (no converged result)
mp-1077904	CdPb2Cl2O2	7	done		2026-04-23 10:59:25	legacy(ctrl+GWinput)	~/bin2	5	OK_MAXITER_NOTCONV	v3 2026-05-14 07:04:50 iter 10			1	10	3.6826, 3.7988, 3.9826, 4.2221, 4.0409	0.2395	0.231	2.407	4.041	274.6	190			NOTCONV	MAXITER_NOTCONV	continue (more iterations)	
mp-1077942	Rb2TeSe4	7	done		2026-04-23 11:36:52	legacy(ctrl+GWinput)	~/bin2	5	CONVERGED	v3 2026-05-14 06:00:45 iter 8			1	8	1.9831, 2.0534, 2.0354	0.0703	0.068	0.824	2.035	207.7	194			GOOD	CONVERGED		
mp-1078049	ZnGa2S4	7	done		2026-04-23 11:41:36	legacy(ctrl+GWinput)	~/bin2	5	CONVERGED	v3 2026-05-14 05:37:34 iter 8			1	8	3.4835, 3.5071, 3.5008	0.0237	0.027	1.831	3.501	469.8	164			GOOD	CONVERGED		
mp-1078085	Cs2PdCl4	7	done		2026-04-23 12:50:41	legacy(ctrl+GWinput)	~/bin2	5	CONVERGED	v3 2026-05-14 06:45:22 iter 8			1	8	4.5124, 4.6043, 4.5904	0.0918	0.082	1.567	4.590	300.5	161			GOOD	CONVERGED		
mp-10955	SnHg2Se4	7	done		2026-04-23 12:45:47	legacy(ctrl+GWinput)	~/bin2	5	CONVERGED	v3 2026-05-15 15:11:43 iter 8			1	8	0.9849, 1.0102, 0.9965	0.0253	0.027	0.114	0.997	194.4	167			GOOD	CONVERGED		
mp-11175	LiZnPS4	7	done		2026-04-23 13:28:06	legacy(ctrl+GWinput)	~/bin2	5	CONVERGED	v3 2026-05-15 16:33:00 iter 8			1	8	4.5913, 4.6808, 4.6053	0.0895	0.095	2.560	4.605	607.4	140			GOOD	CONVERGED		
mp-11719	K4ZnP2	7	done		2026-04-23 13:46:24	legacy(ctrl+GWinput)	~/bin2	5	CONVERGED	v3 2026-05-15 18:36:58 iter 8			1	8	1.8427, 1.8777, 1.8850	0.0423	0.054	0.803	1.885	215.5	163			GOOD	CONVERGED		
mp-13650	Ca2GeO4	7	done		2026-04-23 13:46:04	legacy(ctrl+GWinput)	~/bin2	5	CONVERGED	v3 2026-05-16 03:43:21 iter 9			1	9	5.1106, 5.3926, 5.3707, 5.3227	0.0700	0.068	2.730	5.323	276.9	94			GOOD	CONVERGED		
mp-13660	Ca4Sb2O	7	done		2026-04-23 14:29:24	legacy(ctrl+GWinput)	~/bin2	5	CONVERGED	v3 2026-05-16 04:11:09 iter 9			1	9	2.1672, 2.0472, 2.0052, 2.0138	0.0421	0.041	0.865	2.014	129.0	164			GOOD	CONVERGED		
mp-13949	CdGa2Te4	7	done		2026-04-23 15:02:42	legacy(ctrl+GWinput)	~/bin2	5	CONVERGED	v3 2026-05-16 05:17:28 iter 8			1	8	1.9878, 1.9555, 1.9990	0.0435	0.041	0.946	1.999	170.8	174			GOOD	CONVERGED		
mp-14790	GeTe4As2	7	done		2026-04-23 15:43:05	legacy(ctrl+GWinput)	~/bin2	5	CONVERGED	v3 2026-05-16 09:51:25 iter 8			1	8	0.7343, 0.7368, 0.7366	0.0025	0.000	0.601	0.737	44.7	288			GOOD	CONVERGED		
mp-15157	Cs2CaF4	7	done		2026-04-23 15:33:00	legacy(ctrl+GWinput)	~/bin2	5	OK_MAXITER_NOTCONV	v3 2026-05-16 11:41:27 iter 10			1	10	8.9583, 6.3363, 9.7501, 9.6822, 9.8654	0.1832	0.177	6.005	9.865	187.3	121			NOTCONV	MAXITER_NOTCONV	continue (more iterations)	
mp-15776	ZnGa2Se4	7	done		2026-04-23 16:24:12	legacy(ctrl+GWinput)	~/bin2	5	CONVERGED	v3 2026-05-16 16:26:01 iter 8			1	8	2.7534, 2.6834, 2.7461	0.0701	0.068	1.313	2.746	329.3	173			GOOD	CONVERGED		
mp-15777	ZnGa2Te4	7	done		2026-04-23 16:53:25	legacy(ctrl+GWinput)	~/bin2	5	CONVERGED	v3 2026-05-16 16:45:33 iter 8			1	8	1.9898, 1.9478, 1.9434	0.0464	0.041	0.944	1.943	206.7	180			GOOD	CONVERGED		
mp-1591	Al4C3	7	done		2026-04-23 16:38:45	legacy(ctrl+GWinput)	~/bin2	5	CONVERGED	v3 2026-05-16 16:44:12 iter 9			1	9	2.2730, 2.1609, 2.2454, 2.2404	0.0844	0.082	1.316	2.240	281.5	118			GOOD	CONVERGED		
mp-1595	Nb2O5	7	done		2026-04-23 17:06:48	legacy(ctrl+GWinput)	~/bin2	5	CONVERGED	v3 2026-05-16 17:17:26 iter 10			1	10	3.8074, 3.9472, 3.8266, 3.8971, 3.8813	0.0704	0.068	1.761	3.881	775.4	119			GOOD	CONVERGED		
mp-16337	Ga2HgTe4	7	done		2026-04-23 18:11:28	legacy(ctrl+GWinput)	~/bin2	5	CONVERGED	v3 2026-05-16 19:10:17 iter 8			1	8	1.4366, 1.4599, 1.4571	0.0233	0.014	0.577	1.457	162.7	174			GOOD	CONVERGED		
mp-16755	MgAl2S4	7	done		2026-04-23 17:53:13	legacy(ctrl+GWinput)	~/bin2	5	CONVERGED	v3 2026-05-16 21:01:29 iter 8			1	8	3.9291, 3.9387, 3.9362	0.0096	0.000	1.795	3.936	261.2	261			GOOD	CONVERGED		
mp-19765	In2HgTe4	7	done		2026-04-23 19:22:15	legacy(ctrl+GWinput)	~/bin2	5	CONVERGED	v3 2026-05-17 03:05:38 iter 8			1	8	1.2354, 1.3111, 1.2768	0.0757	0.068	0.412	1.277	123.6	181			GOOD	CONVERGED		
mp-20098	Ba2PbO4	7	done		2026-04-23 18:37:35	legacy(ctrl+GWinput)	~/bin2	5	CONVERGED	v3 2026-05-17 06:15:32 iter 9			1	9	2.6568, 2.4744, 2.5707, 2.5722	0.0978	0.095	1.350	2.572	197.5	104			GOOD	CONVERGED		
mp-20731	In2HgSe4	7	done		2026-04-23 19:43:43	legacy(ctrl+GWinput)	~/bin2	5	CONVERGED	v3 2026-05-17 09:33:54 iter 8			1	8	1.5091, 1.5145, 1.5637	0.0546	0.054	0.473	1.564	219.6	173			GOOD	CONVERGED		
mp-20832	ZnIn2Te4	7	done		2026-04-23 20:46:22	legacy(ctrl+GWinput)	~/bin2	5	CONVERGED	v3 2026-05-17 11:13:44 iter 8			1	8	1.7398, 1.7302, 1.7694	0.0392	0.041	0.735	1.769	167.9	187			GOOD	CONVERGED		
mp-21374	CdIn2Te4	7	done		2026-04-23 21:15:56	legacy(ctrl+GWinput)	~/bin2	5	CONVERGED	v3 2026-05-17 13:36:18 iter 8			1	8	1.7148, 1.7590, 1.7292	0.0442	0.041	0.715	1.729	133.1	181			GOOD	CONVERGED		
mp-22253	ZnIn2S4	7	done		2026-04-23 21:36:02	legacy(ctrl+GWinput)	~/bin2	5	CONVERGED	v3 2026-05-17 15:15:13 iter 8			1	8	1.1175, 1.1272, 1.1400	0.0225	0.027	0.016	1.140	334.6	178			GOOD	CONVERGED		
mp-22304	CdIn2Se4	7	done		2026-04-23 22:21:08	legacy(ctrl+GWinput)	~/bin2	5	CONVERGED	v3 2026-05-17 17:11:49 iter 9			1	9	2.1943, 2.0417, 2.0276, 2.0203	0.0214	0.027	0.801	2.020	233.1	188			GOOD	CONVERGED		
mp-22607	ZnIn2Se4	7	done		2026-04-23 22:33:38	legacy(ctrl+GWinput)	~/bin2	5	CONVERGED	v3 2026-05-17 20:01:49 iter 8			1	8	2.0613, 2.1428, 2.1324	0.0815	0.068	0.843	2.132	284.5	176			GOOD	CONVERGED		
mp-22934	K2PtCl4	7	done		2026-04-23 23:13:29	legacy(ctrl+GWinput)	~/bin2	5	OK_MAXITER_NOTCONV	v3 2026-05-18 02:43:38 iter 10			1	10	5.1806, 4.6352, 4.5730, 4.7387, 4.8197	0.2468	0.245	1.552	4.820	376.2	182			NOTCONV	MAXITER_NOTCONV	continue (more iterations)	
mp-22937	Na4I2O	7	done		2026-04-23 23:10:28	legacy(ctrl+GWinput)	~/bin2	5	OK_MAXITER_NOTCONV	v3 2026-05-18 02:33:55 iter 10			1	10	4.1418, 5.5157, 4.8725, 4.7452, 4.6229	0.2496	0.245	2.337	4.623	176.8	165			NOTCONV	MAXITER_NOTCONV	continue (more iterations)	
mp-22956	K2PdCl4	7	done		2026-04-23 23:59:19	legacy(ctrl+GWinput)	~/bin2	5	CONVERGED	v3 2026-05-18 03:20:40 iter 8			1	8	4.3673, 4.3474, 4.3147	0.0526	0.054	1.244	4.315	325.5	154			GOOD	CONVERGED		
mp-23353	Cu2HgI4	7	done		2026-04-24 00:15:50	legacy(ctrl+GWinput)	~/bin2	5	CONVERGED	v3 2026-05-18 17:24:00 iter 8			1	8	1.9176, 1.8300, 1.8503	0.0875	0.082	0.563	1.850	127.6	144			GOOD	CONVERGED		
mp-23485	Ag2HgI4	7	done		2026-04-24 01:31:54	legacy(ctrl+GWinput)	~/bin2	5	CONVERGED	v3 2026-05-18 21:01:21 iter 9			1	9	2.7945, 2.6306, 2.5897, 2.6281	0.0408	0.041	1.039	2.628	114.4	185			GOOD	CONVERGED		
mp-2371	Ga2Te5	7	done		2026-04-24 01:05:40	legacy(ctrl+GWinput)	~/bin2	5	CONVERGED	v3 2026-05-18 19:58:44 iter 8			1	8	1.5550, 1.5503, 1.5504	0.0047	0.000	0.896	1.550	98.7	134			GOOD	CONVERGED		
mp-23752	Cs2MgH4	7	done		2026-04-24 01:27:04	legacy(ctrl+GWinput)	~/bin2	5	CONVERGED	v3 2026-05-18 20:56:31 iter 10			1	10	5.2150, 5.4597, 5.3591, 5.3387, 5.3448	0.0204	0.027	2.672	5.345	168.0	110			GOOD	CONVERGED		
mp-23956	K2MgH4	7	done		2026-04-24 01:43:30	legacy(ctrl+GWinput)	~/bin2	5	CONVERGED	v3 2026-05-18 22:35:34 iter 8			1	8	6.1820, 6.1824, 6.2007	0.0187	0.027	3.156	6.201	175.1	83			GOOD	CONVERGED		
mp-24517	Rb2CaH4	7	done		2026-04-24 01:54:20	legacy(ctrl+GWinput)	~/bin2	5	CONVERGED	v3 2026-05-19 01:24:30 iter 10			1	10	6.3265, 6.0711, 6.1875, 6.2001, 6.2294	0.0419	0.041	2.965	6.229	140.9	112			GOOD	CONVERGED		
mp-27138	K2PdBr4	7	done		2026-04-24 02:45:27	legacy(ctrl+GWinput)	~/bin2	5	CONVERGED	v3 2026-05-19 06:22:14 iter 10			1	10	3.6225, 3.8914, 3.7516, 3.7563, 3.7575	0.0059	0.000	0.994	3.758	211.2	185			GOOD	CONVERGED		
mp-27207	K2MgCl4	7	done		2026-04-24 02:31:04	legacy(ctrl+GWinput)	~/bin2	5	CONVERGED	v3 2026-05-19 05:44:50 iter 10			1	10	7.6556, 8.0462, 7.8796, 7.9155, 7.9650	0.0855	0.082	4.600	7.965	157.2	171			GOOD	CONVERGED		
mp-27243	K2PtBr4	7	done		2026-04-24 03:31:44	legacy(ctrl+GWinput)	~/bin2	5	CONVERGED	v3 2026-05-19 06:34:21 iter 9			1	9	3.9042, 4.0612, 3.9815, 3.9676	0.0936	0.082	1.226	3.968	222.5	171			GOOD	CONVERGED		
mp-27294	Ca3AsBr3	7	done		2026-04-24 03:17:22	legacy(ctrl+GWinput)	~/bin2	5	CONVERGED	v3 2026-05-19 06:53:12 iter 9			1	9	3.4769, 3.6136, 3.5501, 3.5464	0.0673	0.068	1.490	3.546	68.0	117			GOOD	CONVERGED		
mp-27947	SnSb2Te4	7	done		2026-04-24 05:01:26	legacy(ctrl+GWinput)	~/bin2	5	CONVERGED	v3 2026-05-19 21:11:01 iter 8			1	8	0.5207, 0.5141, 0.5191	0.0066	0.000	0.307	0.519	44.9	333			GOOD	CONVERGED		
mp-27948	GeBi2Te4	7	done		2026-04-24 05:09:20	legacy(ctrl+GWinput)	~/bin2	5	CONVERGED	v3 2026-05-19 21:43:59 iter 8			1	8	1.0482, 1.0592, 1.0533	0.0110	0.014	0.734	1.053	53.3	334			GOOD	CONVERGED		
mp-28069	Ca3AsCl3	7	done		2026-04-24 05:32:05	legacy(ctrl+GWinput)	~/bin2	5	CONVERGED	v3 2026-05-19 23:32:22 iter 9			1	9	3.9289, 4.0353, 3.9738, 3.9732	0.0621	0.068	1.639	3.973	78.0	113			GOOD	CONVERGED		
mp-28163	K2PdF4	7	done		2026-04-24 05:44:40	legacy(ctrl+GWinput)	~/bin2	5	CONVERGED	v3 2026-05-20 01:23:15 iter 10			1	10	6.5530, 6.7836, 6.6380, 6.6057, 6.6030	0.0350	0.041	1.805	6.603	682.2	139			GOOD	CONVERGED		
mp-28302	K4CdP2	7	done		2026-04-24 06:35:36	legacy(ctrl+GWinput)	~/bin2	5	CONVERGED	v3 2026-05-20 04:42:39 iter 9			1	9	2.1947, 1.6463, 1.6870, 1.7010	0.0547	0.054	0.697	1.701	163.4	180			GOOD	CONVERGED		
mp-28483	WBr6	7	done		2026-04-24 06:28:47	legacy(ctrl+GWinput)	~/bin2	5	CONVERGED	v3 2026-05-20 05:36:46 iter 10			1	10	2.2037, 2.2659, 2.1623, 2.1680, 2.1475	0.0205	0.014	0.876	2.148	193.0	148			GOOD	CONVERGED		
mp-28591	Na4HgP2	7	done		2026-04-24 07:08:57	legacy(ctrl+GWinput)	~/bin2	5	OK_MAXITER_NOTCONV	v3 2026-05-20 06:26:20 iter 10			1	10	1.7988, 2.9500, 2.3592, 2.2073, 2.1054	0.2538	0.245	0.800	2.105	207.4	183			NOTCONV	MAXITER_NOTCONV	continue (more iterations)	
mp-28599	Na4Br2O	7	done		2026-04-24 07:05:47	legacy(ctrl+GWinput)	~/bin2	5	CONVERGED	v3 2026-05-20 06:09:49 iter 9			1	9	6.5986, 4.6786, 4.6672, 4.7131	0.0459	0.041	2.213	4.713	201.8	140			GOOD	CONVERGED		
mp-28627	K4Br2O	7	done		2026-04-24 07:52:10	legacy(ctrl+GWinput)	~/bin2	5	OK_MAXITER_NOTCONV	v3 2026-05-20 07:19:26 iter 10			1	10	3.6526, 3.2468, 3.2966, 3.4251, 3.3871	0.1285	0.136	0.952	3.387	114.2	167			NOTCONV	MAXITER_NOTCONV	continue (more iterations)	
mp-29009	Li2MgBr4	7	done		2026-04-24 07:47:17	legacy(ctrl+GWinput)	~/bin2	5	CONVERGED	v3 2026-05-20 08:52:38 iter 8			1	8	7.0779, 7.1679, 7.1292	0.0900	0.095	4.361	7.129	140.2	131			GOOD	CONVERGED		
mp-29342	Ca3PCl3	7	done		2026-04-24 08:15:17	legacy(ctrl+GWinput)	~/bin2	5	CONVERGED	v3 2026-05-20 11:56:09 iter 9			1	9	4.1410, 3.9330, 4.0189, 4.0261	0.0931	0.095	1.625	4.026	84.0	113			GOOD	CONVERGED		
mp-29484	K4HgAs2	7	done		2026-04-24 09:00:35	legacy(ctrl+GWinput)	~/bin2	5	CONVERGED	v3 2026-05-20 12:23:21 iter 8			1	8	1.5675, 1.6423, 1.5455	0.0968	0.095	0.591	1.546	141.7	178			GOOD	CONVERGED		
mp-29584	K4BeAs2	7	done		2026-04-24 09:02:53	legacy(ctrl+GWinput)	~/bin2	5	CONVERGED	v3 2026-05-20 15:32:56 iter 8			1	8	2.0541, 1.9841, 2.0417	0.0699	0.068	0.726	2.042	156.9	147			GOOD	CONVERGED		
mp-29585	K4CdAs2	7	done		2026-04-24 10:08:02	legacy(ctrl+GWinput)	~/bin2	5	CONVERGED	v3 2026-05-20 16:49:10 iter 10			1	10	1.4420, 0.4743, 1.0255, 1.1139, 1.1070	0.0884	0.095	0.501	1.107	136.0	208			GOOD	CONVERGED		
mp-29873	Rb2CdCl4	7	done		2026-04-24 09:50:08	legacy(ctrl+GWinput)	~/bin2	5	CONVERGED	v3 2026-05-20 17:41:00 iter 8			1	8	5.6527, 5.7261, 5.6861	0.0734	0.082	2.910	5.686	118.0	150			GOOD	CONVERGED		
mp-29889	Tl2PdCl4	7	done		2026-04-24 10:46:27	legacy(ctrl+GWinput)	~/bin2	5	CONVERGED	v3 2026-05-20 17:54:01 iter 8			1	8	2.9644, 2.9290, 2.9848	0.0557	0.054	0.778	2.985	300.8	161			GOOD	CONVERGED		
mp-30004	Rb4Br2O	7	done		2026-04-24 11:11:44	legacy(ctrl+GWinput)	~/bin2	5	OK_MAXITER_NOTCONV	v3 2026-05-20 19:17:07 iter 10			1	10	2.6275, 0.4777, 1.0943, 2.3450, 6.3625	5.2682	5.279	0.503	6.363	145.0	183			NOTCONV	MAXITER_NOTCONV	continue (more iterations)	
mp-30315	Ca3BN3	7	done		2026-04-24 11:08:18	legacy(ctrl+GWinput)	~/bin2	5	CONVERGED	v3 2026-05-20 20:11:23 iter 8			1	8	1.4470, 1.4263, 1.4120	0.0351	0.027	0.434	1.412	331.0	93			GOOD	CONVERGED		
mp-3038	Al2HgSe4	7	done		2026-04-24 11:58:33	legacy(ctrl+GWinput)	~/bin2	5	CONVERGED	v3 2026-05-20 20:23:39 iter 8			1	8	2.6677, 2.6118, 2.6710	0.0591	0.054	1.326	2.671	238.8	154			GOOD	CONVERGED		
mp-31002	Rb2Te5	7	done		2026-04-24 13:13:10	legacy(ctrl+GWinput)	~/bin2	5	CONVERGED	v3 2026-05-20 23:16:19 iter 8			1	8	0.9784, 0.9890, 1.0054	0.0270	0.027	0.226	1.005	122.8	206			GOOD	CONVERGED		
mp-31212	K2MgF4	7	done		2026-04-24 12:20:26	legacy(ctrl+GWinput)	~/bin2	5	OK_MAXITER_NOTCONV	v3 2026-05-20 23:34:39 iter 10			1	10	5.2535, 8.5796, 9.2650, 10.4952, 9.6980	1.2301	1.225	6.454	9.698	223.8	104			NOTCONV	MAXITER_NOTCONV	continue (more iterations)	
mp-31507	Sb2Te4Pb	7	done		2026-04-24 13:58:16	legacy(ctrl+GWinput)	~/bin2	5	CONVERGED	v3 2026-05-21 01:43:18 iter 8			1	8	0.6785, 0.6736, 0.6780	0.0049	0.000	0.398	0.678	46.5	334			GOOD	CONVERGED		
mp-3159	Al2CdSe4	7	done		2026-04-24 14:06:16	legacy(ctrl+GWinput)	~/bin2	5	CONVERGED	v3 2026-05-21 01:34:50 iter 8			1	8	3.4889, 3.4633, 3.4343	0.0546	0.054	1.884	3.434	252.4	154			GOOD	CONVERGED		
mp-3167	Hg2GeSe4	7	done		2026-04-24 14:55:19	legacy(ctrl+GWinput)	~/bin2	5	CONVERGED	v3 2026-05-21 01:46:28 iter 8			1	8	1.2230, 1.2160, 1.1954	0.0277	0.027	0.294	1.195	223.8	164			GOOD	CONVERGED		
mp-3359	Ba2SnO4	7	done		2026-04-24 14:29:00	legacy(ctrl+GWinput)	~/bin2	5	CONVERGED	v3 2026-05-21 03:05:30 iter 10			1	10	4.7685, 5.0239, 4.8372, 4.8686, 4.8710	0.0339	0.027	2.585	4.871	242.3	112			GOOD	CONVERGED		
mp-3376	Sr2SnO4	7	done		2026-04-24 14:50:56	legacy(ctrl+GWinput)	~/bin2	5	OK_MAXITER_NOTCONV	v3 2026-05-21 03:08:31 iter 10			1	10	5.4255, 5.1584, 5.0668, 5.1947, 5.2168	0.1500	0.150	2.713	5.217	209.6	111			NOTCONV	MAXITER_NOTCONV	continue (more iterations)	
mp-3772	CdGa2Se4	7	done		2026-04-24 15:47:58	legacy(ctrl+GWinput)	~/bin2	5	CONVERGED	v3 2026-05-21 07:22:15 iter 8			1	8	2.6086, 2.5783, 2.5754	0.0332	0.041	1.225	2.575	275.5	168			GOOD	CONVERGED		
mp-3813	Ba2ZrS4	7	done		2026-04-24 15:35:51	legacy(ctrl+GWinput)	~/bin2	5	CONVERGED	v3 2026-05-21 08:29:24 iter 9			1	9	1.9243, 1.8193, 1.7955, 1.8662	0.0707	0.068	0.509	1.866	169.4	161			GOOD	CONVERGED		
mp-4452	CdGa2S4	7	done		2026-04-24 16:24:37	legacy(ctrl+GWinput)	~/bin2	5	CONVERGED	v3 2026-05-21 13:19:56 iter 8			1	8	3.5317, 3.6064, 3.5684	0.0747	0.068	1.982	3.568	438.4	165			GOOD	CONVERGED		
mp-4730	Ga2HgSe4	7	done		2026-04-24 16:44:48	legacy(ctrl+GWinput)	~/bin2	5	CONVERGED	v3 2026-05-21 16:03:03 iter 8			1	8	1.9965, 1.9508, 1.9651	0.0457	0.054	0.801	1.965	266.0	168			GOOD	CONVERGED		
mp-4809	Ga2HgS4	7	done		2026-04-24 17:14:17	legacy(ctrl+GWinput)	~/bin2	5	CONVERGED	v3 2026-05-21 16:22:36 iter 8			1	8	2.8576, 2.8543, 2.8313	0.0262	0.027	1.444	2.831	418.7	165			GOOD	CONVERGED		
mp-5350	ZnGa2S4	7	done		2026-04-24 17:32:09	legacy(ctrl+GWinput)	~/bin2	5	CONVERGED	v3 2026-05-22 01:28:41 iter 8			1	8	3.7596, 3.7481, 3.8236	0.0755	0.082	2.158	3.824	505.4	171			GOOD	CONVERGED		
mp-5380	Ca4P2O	7	done		2026-04-24 17:46:33	legacy(ctrl+GWinput)	~/bin2	5	CONVERGED	v3 2026-05-22 01:00:39 iter 8			1	8	2.5327, 2.4518, 2.5045	0.0809	0.082	1.143	2.504	136.6	131			GOOD	CONVERGED		
mp-541937	ZnIn2S4	7	done		2026-04-24 18:51:35	legacy(ctrl+GWinput)	~/bin2	5	CONVERGED	v3 2026-05-22 04:49:39 iter 8			1	8	1.1135, 1.0849, 1.1465	0.0616	0.054	0.036	1.147	328.6	322			GOOD	CONVERGED		
mp-545788	Ba3ZnN2O	7	done		2026-04-24 18:27:56	legacy(ctrl+GWinput)	~/bin2	5	CONVERGED	v3 2026-05-22 07:00:48 iter 9			1	9	1.6754, 1.5790, 1.5714, 1.5709	0.0081	0.014	0.445	1.571	314.6	131			GOOD	CONVERGED		
mp-546862	HgPb2Cl2O2	7	done		2026-04-24 19:34:48	legacy(ctrl+GWinput)	~/bin2	5	FAIL(rc=3,no-gap-in-llmf)	v3 2026-05-22 07:35:53			1	6				2.228		940.0	2289			FAILED	NOGAP_GAP_COLLAPSED(LDA gap 2.23 eV)	rerun from scratch with --prec=fp32	
mp-546864	Y2CN2O2	7	done		2026-04-24 19:09:37	legacy(ctrl+GWinput)	~/bin2	5	CONVERGED	v3 2026-05-22 08:14:41 iter 10			1	10	5.6599, 5.8478, 5.7246, 5.7293, 5.7266	0.0048	0.000	3.695	5.727	360.7	82			GOOD	CONVERGED		
mp-549308	LiGeBO4	7	done		2026-04-24 19:32:36	legacy(ctrl+GWinput)	~/bin2	5	OK_MAXITER_NOTCONV	v3 2026-05-22 10:10:20 iter 10			1	10	6.7541, 5.4573, 5.5118, 5.5653, 5.6640	0.1523	0.150	2.584	5.664	969.0	108			NOTCONV	MAXITER_NOTCONV	continue (more iterations)	
mp-550751	BaBeSiO4	7	done		2026-04-24 20:18:46	legacy(ctrl+GWinput)	~/bin2	5	CONVERGED	v3 2026-05-22 13:19:41 iter 10			1	10	7.1929, 6.8421, 7.0958, 7.0745, 7.0502	0.0455	0.054	4.262	7.050	1927.6	165			GOOD	CONVERGED		
mp-551629	CsLiMoO4	7	done		2026-04-24 19:50:56	legacy(ctrl+GWinput)	~/bin2	5	CONVERGED	v3 2026-05-22 14:45:30 iter 8			1	8	6.8977, 6.9174, 6.9111	0.0197	0.014	4.257	6.911	335.9	60			GOOD	CONVERGED		
mp-551826	NbTlBr4O	7	done		2026-04-24 22:18:32	legacy(ctrl+GWinput)	~/bin2	5	FAIL(rc=3,no-gap-in-llmf)	v3 2026-05-22 14:46:28			1	6				1.108		2404.3	4076			FAILED	NOGAP_GAP_COLLAPSED(LDA gap 1.11 eV)	rerun from scratch with --prec=fp32	
mp-551873	Ca4Bi2O	7	done		2026-04-24 21:06:10	legacy(ctrl+GWinput)	~/bin2	5	CONVERGED	v3 2026-05-22 16:01:17 iter 8			1	8	1.9282, 1.9142, 1.9306	0.0164	0.014	0.780	1.931	124.7	151			GOOD	CONVERGED		
mp-5532	Sr2TiO4	7	done		2026-04-24 21:27:16	legacy(ctrl+GWinput)	~/bin2	5	OK_MAXITER_NOTCONV	v3 2026-05-22 17:39:47 iter 10			1	10	6.8600, 2.0083, 3.6171, 3.7774, 4.2562	0.6391	0.639	1.886	4.256	228.0	109			NOTCONV	MAXITER_NOTCONV	continue (more iterations)	
mp-554867	Ta2O5	7	done		2026-04-24 21:57:36	legacy(ctrl+GWinput)	~/bin2	5	CONVERGED	v3 2026-05-22 19:57:37 iter 8			1	8	1.8994, 1.8706, 1.8496	0.0498	0.054	0.039	1.850	458.6	103			GOOD	CONVERGED		
mp-557373	Cu2WS4	7	done		2026-04-24 22:35:45	legacy(ctrl+GWinput)	~/bin2	5	CONVERGED	v3 2026-05-23 00:00:49 iter 9			1	9	2.7993, 2.6530, 2.7073, 2.7028	0.0543	0.054	1.476	2.703	420.4	142			GOOD	CONVERGED		
mp-558836	MoF6	7	done		2026-04-24 22:29:22	legacy(ctrl+GWinput)	~/bin2	5	CONVERGED	v3 2026-05-23 00:41:27 iter 8			1	8	7.8787, 7.7951, 7.8385	0.0836	0.082	4.039	7.839	258.8	46			GOOD	CONVERGED		
mp-567655	Sr2CN2Cl2	7	done		2026-04-24 23:17:28	legacy(ctrl+GWinput)	~/bin2	5	CONVERGED	v3 2026-05-23 12:16:04 iter 10			1	10	6.5630, 6.1031, 6.1981, 6.2642, 6.2857	0.0876	0.082	4.010	6.286	574.5	166			GOOD	CONVERGED		
mp-568032	CdIn2Se4	7	done		2026-04-24 23:34:26	legacy(ctrl+GWinput)	~/bin2	5	CONVERGED	v3 2026-05-23 12:02:23 iter 8			1	8	1.9316, 1.9608, 1.9668	0.0352	0.041	0.719	1.967	216.0	166			GOOD	CONVERGED		
mp-568598	Cu2HgI4	7	done		2026-04-25 00:23:13	legacy(ctrl+GWinput)	~/bin2	5	CONVERGED	v3 2026-05-23 16:24:26 iter 9			1	9	1.7282, 1.4988, 1.4920, 1.5535	0.0615	0.054	0.273	1.554	153.0	171			GOOD	CONVERGED		
mp-568661	CdIn2Se4	7	done		2026-04-25 00:26:43	legacy(ctrl+GWinput)	~/bin2	5	CONVERGED	v3 2026-05-23 16:01:56 iter 8			1	8	1.8373, 1.7971, 1.7948	0.0425	0.041	0.605	1.795	182.2	147			GOOD	CONVERGED		
mp-570097	SrLi4P2	7	done		2026-04-25 00:44:26	legacy(ctrl+GWinput)	~/bin2	5	OK_MAXITER_NOTCONV	v3 2026-05-24 04:28:49 iter 10			1	10	1.2886, 3.9361, 2.6857, 2.4557, 2.2728	0.4129	0.408	0.866	2.273	103.8	126			NOTCONV	MAXITER_NOTCONV	continue (more iterations)	
mp-570256	Ag2HgI4	7	done		2026-04-25 01:54:17	legacy(ctrl+GWinput)	~/bin2	5	CONVERGED	v3 2026-05-24 07:35:18 iter 10			1	10	2.5602, 2.4235, 2.5243, 2.5276, 2.5396	0.0154	0.014	0.948	2.540	111.2	193			GOOD	CONVERGED		
mp-570572	C3N4	7	done		2026-04-25 00:57:54	legacy(ctrl+GWinput)	~/bin2	5	FAIL(rc=1,CUDA_OOM@hvccfp0_mp_gpu --job=3)	v2 2026-05-11 22:43:02	OK_MAXITER_NOTCONV	v3 2026-05-14 00:37:47 iter 10	3	10	3.3068, 3.6286, 3.0740, 2.0808, 5.4038, 4.8415, 3.6905, 3.6390, 3.9521, 3.9165	0.3132	0.313	1.297	3.917	966.9	76	401		NOTCONV	MAXITER_NOTCONV	continue (more iterations)	
mp-571461	K4ZnAs2	7	done		2026-04-25 01:59:54	legacy(ctrl+GWinput)	~/bin2	5	FAIL(rc=3,no-gap-in-llmf)	v3 2026-05-24 09:01:42			1	7				0.594		134.6	1974			FAILED	NOGAP_GAP_COLLAPSED(LDA gap 0.59 eV, previous QSGW iteration 2.99 eV)	rerun from scratch with --prec=fp32	
mp-571518	WCl6	7	done		2026-04-25 02:31:37	legacy(ctrl+GWinput)	~/bin2	5	OK_MAXITER_NOTCONV	v3 2026-05-24 11:15:53 iter 10			1	10	4.7599, 3.4644, 4.0578, 3.9534, 3.9553	0.1044	0.095	1.586	3.955	448.6	142			NOTCONV	MAXITER_NOTCONV	continue (more iterations)	
mp-571653	C3N4	7	done		2026-04-25 02:06:36	legacy(ctrl+GWinput)	~/bin2	5	OK_NOTHING_TO_DO	v2 2026-05-11 22:38:45 Iter0=10			2	10			0.014	2.363	4.485	396.9	47			GOOD	CONVERGED_BY_SURVEY(10 iterations existed; gwscconv did not test)		
mp-5928	Al2CdS4	7	done		2026-04-25 02:48:22	legacy(ctrl+GWinput)	~/bin2	5	CONVERGED	v3 2026-05-24 15:26:34 iter 9			1	9	4.5560, 4.4379, 4.4652, 4.4685	0.0305	0.027	2.572	4.468	429.8	165			GOOD	CONVERGED		
mp-624688	Ta2O5	7	done		2026-04-25 03:07:24	legacy(ctrl+GWinput)	~/bin2	5	CONVERGED	v3 2026-05-24 18:03:35 iter 10			1	10	4.7006, 4.0983, 4.4357, 4.4918, 4.4683	0.0561	0.054	2.316	4.468	1055.3	148			GOOD	CONVERGED		
mp-643257	K2H4Pd	7	done		2026-04-25 03:05:37	legacy(ctrl+GWinput)	~/bin2	5	CONVERGED	v3 2026-05-24 20:50:58 iter 10			1	10	5.2567, 5.7142, 5.5025, 5.4799, 5.4750	0.0275	0.027	2.504	5.475	461.0	82			GOOD	CONVERGED		
mp-643260	Na2H4Pd	7	done		2026-04-25 03:18:59	legacy(ctrl+GWinput)	~/bin2	5	CONVERGED	v3 2026-05-24 20:44:25 iter 9			1	9	4.6804, 4.5745, 4.5479, 4.5315	0.0430	0.041	2.094	4.531	459.6	71			GOOD	CONVERGED		
mp-655275	HgC2S2N2	7	done		2026-04-25 03:54:13	legacy(ctrl+GWinput)	~/bin2	5	CONVERGED	v3 2026-05-24 22:58:08 iter 10			1	10	4.1384, 4.3873, 4.2725, 4.2691, 4.2506	0.0219	0.027	1.914	4.251	915.7	138			GOOD	CONVERGED		
mp-676250	Bi2Te4Pb	7	done		2026-04-25 04:58:26	legacy(ctrl+GWinput)	~/bin2	5	CONVERGED	v3 2026-05-24 23:34:57 iter 8			1	8	1.0343, 1.0318, 1.0406	0.0088	0.000	0.660	1.041	46.3	336			GOOD	CONVERGED		
mp-6867	KCaCO3F	7	done		2026-04-25 04:15:21	legacy(ctrl+GWinput)	~/bin2	5	CONVERGED	v3 2026-05-24 22:51:10 iter 8			1	8	7.4172, 7.4329, 7.4005	0.0324	0.027	4.050	7.400	544.1	73			GOOD	CONVERGED		
mp-697096	Na2H4Pt	7	done		2026-04-25 04:30:52	legacy(ctrl+GWinput)	~/bin2	5	CONVERGED	v3 2026-05-25 01:07:19 iter 10			1	10	4.2864, 4.5573, 4.4482, 4.4413, 4.4274	0.0208	0.027	1.939	4.427	500.9	77			GOOD	CONVERGED		
mp-697133	Cs2CaH4	7	done		2026-04-25 04:58:33	legacy(ctrl+GWinput)	~/bin2	5	OK_MAXITER_NOTCONV	v3 2026-05-25 01:20:29 iter 10			1	10	5.4038, 5.9691, 6.0047, 5.2414, 5.1255	0.8791	0.871	2.667	5.126	128.0	117			NOTCONV	MAXITER_NOTCONV	continue (more iterations)	
mp-720166	V2O5	7	done		2026-04-25 05:26:19	legacy(ctrl+GWinput)	~/bin2	5	CONVERGED	v3 2026-05-25 05:34:37 iter 10			1	10	2.5906, 2.2507, 2.3301, 2.4219, 2.4189	0.0918	0.095	1.180	2.419	822.0	125			GOOD	CONVERGED		
mp-7502	K2Sn2O3	7	done		2026-04-25 05:27:21	legacy(ctrl+GWinput)	~/bin2	5	CONVERGED	v3 2026-05-25 13:24:28 iter 10			1	10	2.4926, 2.6208, 2.4479, 2.4705, 2.4711	0.0232	0.027	1.027	2.471	292.0	109			GOOD	CONVERGED		
mp-7604	Mg3NF3	7	done		2026-04-25 05:36:32	legacy(ctrl+GWinput)	~/bin2	5	CONVERGED	v3 2026-05-25 15:08:07 iter 9			1	9	6.9499, 7.0834, 7.0849, 7.0257	0.0592	0.068	3.849	7.026	182.4	64			GOOD	CONVERGED		
mp-7684	Tl3AsSe3	7	done		2026-04-25 06:33:46	legacy(ctrl+GWinput)	~/bin2	5	CONVERGED	v3 2026-05-25 17:37:12 iter 8			1	8	1.3043, 1.3306, 1.3190	0.0262	0.027	0.654	1.319	172.0	176			GOOD	CONVERGED		
mp-7700	SiB6	7	failed	NaN_lqpe	2026-05-07 07:48:56	TOML(ctrlG+PB)	~/bin2	1	never				0	1				0.045		nan	17		OK sigma_m=79.5	FAILED	PROD_NaN_lqpe	rerun from scratch with --prec=fp32	fp32 1-iteration check OK in ~/DATA/gw1500fp32/mp-7700_v2 (no converged result)
mp-7863	Rb2Sn2O3	7	done		2026-04-25 06:12:27	legacy(ctrl+GWinput)	~/bin2	5	OK_MAXITER_NOTCONV	v3 2026-05-25 21:18:38 iter 10			1	10	2.3649, 2.5022, 2.6140, 2.4681, 2.4561	0.1579	0.150	1.031	2.456	271.2	117			NOTCONV	MAXITER_NOTCONV	continue (more iterations)	
mp-7906	Al2HgS4	7	done		2026-04-25 06:53:48	legacy(ctrl+GWinput)	~/bin2	5	CONVERGED	v3 2026-05-25 23:17:03 iter 9			1	9	3.4354, 3.4827, 3.5385, 3.4859	0.0557	0.054	1.902	3.486	392.3	165			GOOD	CONVERGED		
mp-7907	Al2ZnSe4	7	done		2026-04-25 07:21:44	legacy(ctrl+GWinput)	~/bin2	5	CONVERGED	v3 2026-05-25 23:05:06 iter 8			1	8	3.7518, 3.7602, 3.7885	0.0367	0.027	2.066	3.788	308.0	159			GOOD	CONVERGED		
mp-7908	Al2ZnTe4	7	done		2026-04-25 07:53:01	legacy(ctrl+GWinput)	~/bin2	5	CONVERGED	v3 2026-05-25 23:29:26 iter 8			1	8	2.7026, 2.6848, 2.7222	0.0374	0.041	1.557	2.722	183.5	165			GOOD	CONVERGED		
mp-7909	Al2CdTe4	7	done		2026-04-25 08:29:31	legacy(ctrl+GWinput)	~/bin2	5	CONVERGED	v3 2026-05-25 23:31:47 iter 8			1	8	2.7647, 2.7142, 2.7145	0.0505	0.054	1.517	2.714	145.9	160			GOOD	CONVERGED		
mp-7910	Al2HgTe4	7	done		2026-04-25 08:56:56	legacy(ctrl+GWinput)	~/bin2	5	CONVERGED	v3 2026-05-25 23:46:58 iter 8			1	8	2.0260, 2.0412, 2.0505	0.0245	0.027	1.034	2.050	138.0	160			GOOD	CONVERGED		
mp-7983	Mg2SiO4	7	done		2026-04-25 08:42:22	legacy(ctrl+GWinput)	~/bin2	5	FAIL(NaN,NaN-in-Sigma(lcombined/lqpe))	v3 2026-05-26 01:43:06			1	6				3.414		nan	324			FAILED	AC_NaN-in-Sigma(lcombined/lqpe)	rerun from scratch with --prec=fp32	
mp-8298	Sr4P2O	7	done		2026-04-25 09:24:02	legacy(ctrl+GWinput)	~/bin2	5	CONVERGED	v3 2026-05-26 07:42:09 iter 8			1	8	2.3342, 2.2928, 2.3160	0.0414	0.041	1.107	2.316	80.1	145			GOOD	CONVERGED		
mp-8299	Sr4As2O	7	done		2026-04-25 09:38:18	legacy(ctrl+GWinput)	~/bin2	5	CONVERGED	v3 2026-05-26 08:39:10 iter 10			1	10	2.2667, 2.1616, 2.2562, 2.2620, 2.2542	0.0078	0.000	1.099	2.254	73.5	172			GOOD	CONVERGED		
mp-8300	Ba4As2O	7	done		2026-04-25 10:22:48	legacy(ctrl+GWinput)	~/bin2	5	CONVERGED	v3 2026-05-26 08:16:16 iter 8			1	8	1.7042, 1.6136, 1.6278	0.0907	0.082	0.628	1.628	133.8	152			GOOD	CONVERGED		
mp-8335	Ba2ZrO4	7	done		2026-04-25 10:00:09	legacy(ctrl+GWinput)	~/bin2	5	OK_MAXITER_NOTCONV	v3 2026-05-26 09:09:27 iter 10			1	10	5.2045, 5.7406, 5.4663, 5.3378, 5.3527	0.1285	0.136	2.941	5.353	204.5	108			NOTCONV	MAXITER_NOTCONV	continue (more iterations)	
mp-8393	Tl3SbS3	7	done		2026-04-25 11:03:39	legacy(ctrl+GWinput)	~/bin2	5	CONVERGED	v3 2026-05-26 09:42:53 iter 8			1	8	2.1683, 2.1480, 2.1342	0.0341	0.027	1.377	2.134	238.8	184			GOOD	CONVERGED		
mp-8560	SF6	7	done		2026-04-25 10:31:53	legacy(ctrl+GWinput)	~/bin2	5	CONVERGED	v3 2026-05-26 10:54:48 iter 10			1	10	12.4829, 12.6621, 12.5084, 12.5396, 12.5460	0.0376	0.041	6.096	12.546	573.7	50			GOOD	CONVERGED		
mp-863745	RbSrCO3F	7	done		2026-04-25 10:55:37	legacy(ctrl+GWinput)	~/bin2	5	CONVERGED	v3 2026-05-26 12:26:24 iter 10			1	10	5.0401, 5.3666, 5.2624, 5.3187, 5.3324	0.0700	0.068	3.851	5.332	598.9	90			GOOD	CONVERGED		
mp-865427	KSrCO3F	7	done		2026-04-25 11:17:52	legacy(ctrl+GWinput)	~/bin2	5	CONVERGED	v3 2026-05-26 12:37:49 iter 9			1	9	6.9572, 7.1270, 7.0846, 7.0861	0.0424	0.041	3.831	7.086	500.4	81			GOOD	CONVERGED		
mp-8682	Ca2SiO4	7	done		2026-04-25 11:19:24	legacy(ctrl+GWinput)	~/bin2	5	OK_MAXITER_NOTCONV	v3 2026-05-26 13:48:19 iter 10			1	10	7.6446, 7.4103, 7.1680, 7.0446, 7.3601	0.3155	0.313	4.217	7.360	330.1	97			NOTCONV	MAXITER_NOTCONV	continue (more iterations)	
mp-8752	Na4CdP2	7	done		2026-04-25 12:03:40	legacy(ctrl+GWinput)	~/bin2	5	CONVERGED	v3 2026-05-26 14:10:00 iter 8			1	8	1.8872, 1.7942, 1.8445	0.0930	0.095	0.673	1.845	205.7	156			GOOD	CONVERGED		
mp-8753	K4HgP2	7	done		2026-04-25 12:19:20	legacy(ctrl+GWinput)	~/bin2	5	CONVERGED	v3 2026-05-26 16:20:56 iter 10			1	10	1.8568, 0.7993, 1.6384, 1.6377, 1.6410	0.0033	0.014	0.804	1.641	156.9	195			GOOD	CONVERGED		
mp-8789	Ca4As2O	7	done		2026-04-25 12:37:06	legacy(ctrl+GWinput)	~/bin2	5	CONVERGED	v3 2026-05-26 15:59:05 iter 10			1	10	2.3902, 2.6077, 2.5050, 2.5158, 2.5001	0.0158	0.014	1.111	2.500	127.5	157			GOOD	CONVERGED		
mp-8861	Rb2MgF4	7	done		2026-04-25 12:39:52	legacy(ctrl+GWinput)	~/bin2	5	CONVERGED	v3 2026-05-26 17:21:03 iter 10			1	10	10.2663, 10.8874, 10.6697, 10.6195, 10.5837	0.0860	0.082	6.249	10.584	237.2	110			GOOD	CONVERGED		
mp-8873	LiGeBO4	7	done		2026-04-25 12:55:32	legacy(ctrl+GWinput)	~/bin2	5	OK_MAXITER_NOTCONV	v3 2026-05-26 17:04:48 iter 10			1	10	7.4058, 7.6471, 7.7296, 7.8428, 7.8703	0.1408	0.136	4.345	7.870	932.4	86			NOTCONV	MAXITER_NOTCONV	continue (more iterations)	
mp-8874	LiSiBO4	7	done		2026-04-25 12:55:03	legacy(ctrl+GWinput)	~/bin2	5	CONVERGED	v3 2026-05-26 16:50:56 iter 8			1	8	9.4798, 9.5772, 9.4832	0.0973	0.095	6.223	9.483	1101.1	67			GOOD	CONVERGED		
mp-8962	Rb2HgF4	7	done		2026-04-25 13:22:13	legacy(ctrl+GWinput)	~/bin2	5	OK_MAXITER_NOTCONV	v3 2026-05-26 18:58:32 iter 10			1	10	4.6337, 3.5013, 4.1973, 4.3807, 4.4073	0.2100	0.218	1.723	4.407	128.3	112			NOTCONV	MAXITER_NOTCONV	continue (more iterations)	
mp-8963	Cs2HgF4	7	done		2026-04-25 13:27:45	legacy(ctrl+GWinput)	~/bin2	5	OK_MAXITER_NOTCONV	v3 2026-05-26 19:05:16 iter 10			1	10	4.5373, 4.6299, 4.1729, 4.2905, 4.3082	0.1353	0.136	1.904	4.308	120.6	120			NOTCONV	MAXITER_NOTCONV	continue (more iterations)	
mp-8976	Cu2WS4	7	done		2026-04-25 14:04:42	legacy(ctrl+GWinput)	~/bin2	5	CONVERGED	v3 2026-05-26 18:41:26 iter 8			1	8	2.6127, 2.6455, 2.6146	0.0328	0.027	1.393	2.615	500.6	147			GOOD	CONVERGED		
mp-9254	Al2Te5	7	done		2026-04-25 14:50:35	legacy(ctrl+GWinput)	~/bin2	5	CONVERGED	v3 2026-05-26 22:14:20 iter 8			1	8	1.7344, 1.6817, 1.7419	0.0602	0.054	0.911	1.742	155.9	195			GOOD	CONVERGED		
mp-9321	Ba2HfS4	7	done		2026-04-25 14:50:02	legacy(ctrl+GWinput)	~/bin2	5	CONVERGED	v3 2026-05-26 23:38:11 iter 10			1	10	2.4349, 2.0932, 2.2219, 2.2281, 2.2132	0.0149	0.014	0.710	2.213	391.1	193			GOOD	CONVERGED		
mp-9479	MgAl2Se4	7	done		2026-04-25 15:42:39	legacy(ctrl+GWinput)	~/bin2	5	CONVERGED	v3 2026-05-27 01:05:08 iter 8			1	8	2.7706, 2.7614, 2.7650	0.0091	0.014	0.865	2.765	163.7	279			GOOD	CONVERGED		
mp-9583	K2ZnF4	7	done		2026-04-25 15:15:33	legacy(ctrl+GWinput)	~/bin2	5	FAIL(rc=3,no-gap-in-llmf)	v3 2026-05-27 03:48:18			1	7				4.234		229.0	634			FAILED	NOGAP_GAP_COLLAPSED(LDA gap 4.23 eV, previous QSGW iteration 8.84 eV)	rerun from scratch with --prec=fp32	
mp-9774	Ba4Sb2O	7	done		2026-04-25 16:28:09	legacy(ctrl+GWinput)	~/bin2	5	CONVERGED	v3 2026-05-27 07:24:51 iter 10			1	10	1.6761, 1.8925, 1.7361, 1.7300, 1.7084	0.0277	0.027	0.617	1.708	150.9	210			GOOD	CONVERGED		
mp-9791	Tl3AsS3	7	done		2026-04-25 16:40:26	legacy(ctrl+GWinput)	~/bin2	5	CONVERGED	v3 2026-05-27 06:42:52 iter 8			1	8	1.8020, 1.7980, 1.7917	0.0103	0.000	0.959	1.792	248.8	174			GOOD	CONVERGED		
mp-9872	K4BeP2	7	done		2026-04-25 17:12:55	legacy(ctrl+GWinput)	~/bin2	5	OK_MAXITER_NOTCONV	v3 2026-05-27 10:36:41 iter 10			1	10	1.6527, 1.3225, 1.4751, 1.6056, 1.6524	0.1773	0.177	0.949	1.652	161.0	172			NOTCONV	MAXITER_NOTCONV	continue (more iterations)	
mp-10009	Ga4Te4	8	done		2026-04-25 17:35:41	legacy(ctrl+GWinput)	~/bin2	5	FAIL(rc=1,CUDA_OOM@hvccfp0_mp_gpu --job=0)	v2 2026-05-11 22:43:52	CONVERGED	v3 2026-05-12 18:43:06 iter 4	2	4	1.1896, 1.3760, 1.3714, 1.3877	0.0163	0.014	0.373	1.388	130.7	112	1931		GOOD	CONVERGED		
mp-10101	Cs2Ag2C4	8	done		2026-04-25 18:27:42	legacy(ctrl+GWinput)	~/bin2	5	FAIL(rc=1,CUDA_OOM@hgw_combined_mp_gpu --jobgw=1)	v2 2026-05-12 01:45:07	CONVERGED	v3 2026-05-12 21:36:53 iter 5	2	5	4.5488, 4.7698, 4.8884, 4.8199, 4.8332	0.0685	0.068	2.530	4.833	423.2	110	1793		GOOD	CONVERGED		
mp-1016197	Mg2Si2As4	8	done		2026-04-25 18:15:42	legacy(ctrl+GWinput)	~/bin2	5	FAIL(rc=1,CUDA_OOM@hgw_combined_mp_gpu --jobgw=1)	v2 2026-05-12 00:18:10	CONVERGED	v3 2026-05-12 19:53:26 iter 3	2	3	1.7617, 1.8209, 1.8311	0.0695	0.082	1.131	1.831	220.4	95	1798		GOOD	CONVERGED		
mp-1016200	Mg2Ge2As4	8	done		2026-04-25 19:03:04	legacy(ctrl+GWinput)	~/bin2	5	FAIL(rc=1,CUDA_OOM@hvccfp0_mp_gpu --job=3)	v2 2026-05-11 23:43:37	CONVERGED	v3 2026-05-12 21:16:44 iter 4	2	4	1.4520, 1.5720, 1.6463, 1.6276	0.0743	0.068	0.574	1.628	217.4	119	1360		GOOD	CONVERGED		
mp-10163	Na2Al2Te4	8	done		2026-04-25 19:20:46	legacy(ctrl+GWinput)	~/bin2	5	FAIL(rc=1,CUDA_OOM@hvccfp0_mp_gpu --job=3)	v2 2026-05-11 23:48:48	CONVERGED	v3 2026-05-12 22:21:23 iter 4	2	4	2.2140, 2.3384, 2.3280, 2.3104	0.0280	0.027	1.229	2.310	135.8	103	1147		GOOD	CONVERGED		
mp-10164	Na2Ga2Te4	8	done		2026-04-25 19:57:13	legacy(ctrl+GWinput)	~/bin2	5	FAIL(rc=1,CUDA_OOM@hvccfp0_mp_gpu --job=3)	v2 2026-05-11 23:53:57	CONVERGED	v3 2026-05-12 22:41:25 iter 4	2	4	0.9301, 1.0399, 1.0955, 1.0985	0.0587	0.068	0.122	1.099	153.6	109	1158		GOOD	CONVERGED		
mp-10165	K2Al2Te4	8	done		2026-04-25 20:21:09	legacy(ctrl+GWinput)	~/bin2	5	FAIL(rc=1,CUDA_OOM@hvccfp0_mp_gpu --job=3)	v2 2026-05-11 23:55:09	CONVERGED	v3 2026-05-12 22:57:12 iter 4	2	4	2.7444, 2.8629, 2.8910, 2.9155	0.0526	0.054	1.635	2.915	121.4	105	1283		GOOD	CONVERGED		
mp-10166	Na2Al2Se4	8	done		2026-04-25 20:32:18	legacy(ctrl+GWinput)	~/bin2	5	FAIL(rc=1,CUDA_OOM@hvccfp0_mp_gpu --job=3)	v2 2026-05-11 23:59:07	CONVERGED	v3 2026-05-12 22:49:58 iter 5	2	5	3.4733, 3.6649, 3.8749, 3.8427, 3.8217	0.0533	0.054	2.002	3.822	206.6	111	876		GOOD	CONVERGED		
mp-1025396	NbTl3Se4	8	done		2026-04-25 21:11:27	legacy(ctrl+GWinput)	~/bin2	5	FAIL(rc=1,CUDA_OOM@hgw_combined_mp_gpu --jobgw=1)	v2 2026-05-12 03:06:14	CONVERGED	v3 2026-05-13 06:42:50 iter 4	2	4	2.8379, 2.9411, 2.9736, 2.9729	0.0324	0.041	1.980	2.973	132.0	93	1172		GOOD	CONVERGED		
mp-1025397	Ge4Ru4	8	done		2026-04-25 20:59:57	legacy(ctrl+GWinput)	~/bin2	5	FAIL(rc=1,CUDA_OOM@hvccfp0_mp_gpu --job=3)	v2 2026-05-12 03:50:35	CONVERGED	v3 2026-05-13 05:58:26 iter 3	2	3	0.2457, 0.2610, 0.2649	0.0192	0.014	0.141	0.265	208.8	87	949		GOOD	CONVERGED		
mp-1025549	Tl3VSe4	8	done		2026-04-25 21:46:20	legacy(ctrl+GWinput)	~/bin2	5	FAIL(rc=1,CUDA_OOM@hvccfp0_mp_gpu --job=3)	v2 2026-05-12 03:11:24	CONVERGED	v3 2026-05-13 07:23:09 iter 3	2	3	2.2324, 2.2922, 2.3302	0.0977	0.095	1.523	2.330	165.7	83	832		GOOD	CONVERGED		
mp-10281	Zn4S4	8	done		2026-04-25 21:55:40	legacy(ctrl+GWinput)	~/bin2	5	FAIL(rc=1,CUDA_OOM@hvccfp0_mp_gpu --job=3)	v2 2026-05-12 03:51:32	CONVERGED	v3 2026-05-13 07:53:33 iter 4	2	4	3.3578, 3.6170, 3.6839, 3.6840	0.0671	0.068	1.953	3.684	393.1	125	1499		GOOD	CONVERGED		
mp-10322	Ba2Hf2N4	8	done		2026-04-25 22:31:35	legacy(ctrl+GWinput)	~/bin2	5	FAIL(rc=1,CUDA_OOM@hvccfp0_mp_gpu --job=3)	v2 2026-05-12 03:33:42	CONVERGED	v3 2026-05-13 08:50:43 iter 4	2	4	2.3447, 2.5146, 2.5836, 2.5923	0.0777	0.082	1.110	2.592	945.7	116	740		GOOD	CONVERGED		
mp-10381	K4Cu2Sb2	8	done		2026-04-25 23:51:40	legacy(ctrl+GWinput)	~/bin2	5	FAIL(rc=1,CUDA_OOM@hvccfp0_mp_gpu --job=0)	v2 2026-05-12 03:43:57	CONVERGED	v3 2026-05-13 10:59:01 iter 4	2	4	1.8500, 1.9769, 2.0253, 2.0385	0.0616	0.068	1.068	2.039	329.2	166	3320		GOOD	CONVERGED		
mp-10417	K2Sb2O4	8	done		2026-04-25 23:23:39	legacy(ctrl+GWinput)	~/bin2	5	FAIL(rc=1,CUDA_OOM@hvccfp0_mp_gpu --job=3)	v2 2026-05-12 05:34:11	CONVERGED	v3 2026-05-13 11:15:31 iter 4	2	4	3.2629, 3.5672, 3.5624, 3.6203	0.0579	0.054	1.880	3.620	742.0	117	2317		GOOD	CONVERGED		
mp-10418	Rb2Sb2O4	8	done		2026-04-26 00:25:30	legacy(ctrl+GWinput)	~/bin2	5	FAIL(rc=1,CUDA_OOM@hvccfp0_mp_gpu --job=3)	v2 2026-05-12 05:51:34	CONVERGED	v3 2026-05-13 12:10:47 iter 5	2	5	3.8524, 3.9674, 4.1160, 4.0806, 4.0999	0.0354	0.041	2.154	4.100	728.1	135	2568		GOOD	CONVERGED		
mp-10474	NaPF6	8	done		2026-04-26 00:03:43	legacy(ctrl+GWinput)	~/bin2	5	FAIL(rc=1,CUDA_OOM@hvccfp0_mp_gpu --job=3)	v2 2026-05-12 04:20:41	CONVERGED	v3 2026-05-13 13:06:58 iter 8	2	8	12.0019, 14.5841, 13.3865, 12.9309, 12.7966, 12.7464, 12.6808, 12.7484	0.0677	0.068	7.205	12.748	558.7	60	302		GOOD	CONVERGED		
mp-10572	Na2P2N4	8	done		2026-04-26 00:23:28	legacy(ctrl+GWinput)	~/bin2	5	FAIL(rc=1,CUDA_OOM@hvccfp0_mp_gpu --job=3)	v2 2026-05-12 04:46:54	CONVERGED	v3 2026-05-13 14:23:52 iter 6	2	6	6.6585, 6.7240, 6.8384, 6.9459, 7.0023, 6.9036	0.0987	0.109	4.620	6.904	978.4	91	814		GOOD	CONVERGED		
mp-10644	TaTl3Se4	8	done		2026-04-26 01:14:36	legacy(ctrl+GWinput)	~/bin2	5	FAIL(rc=1,CUDA_OOM@hvccfp0_mp_gpu --job=3)	v2 2026-05-12 04:46:09	CONVERGED	v3 2026-05-13 16:07:15 iter 4	2	4	2.9513, 3.0598, 3.0629, 3.0662	0.0065	0.000	2.104	3.066	134.7	96	885		GOOD	CONVERGED		
mp-10748	TaCu3S4	8	done		2026-04-26 00:54:31	legacy(ctrl+GWinput)	~/bin2	5	CONVERGED	v3 2026-05-14 01:54:23 iter 8			1	8	3.0592, 3.0023, 3.0666	0.0643	0.054	1.885	3.067	260.9	123			GOOD	CONVERGED		
mp-1078181	Si2Br6	8	done		2026-04-26 02:46:53	legacy(ctrl+GWinput)	~/bin2	5	CONVERGED	v3 2026-05-14 09:48:51 iter 10			1	10	6.4739, 6.6819, 6.4919, 6.4833, 6.4832	0.0086	0.000	3.807	6.483	649.6	275			GOOD	CONVERGED		
mp-1078191	Ba4Te2O2	8	done		2026-04-26 02:39:12	legacy(ctrl+GWinput)	~/bin2	5	OK_MAXITER_NOTCONV	v3 2026-05-14 09:19:50 iter 10			1	10	3.1869, 3.3247, 3.1487, 3.0967, 2.9981	0.1506	0.150	1.742	2.998	226.6	207			NOTCONV	MAXITER_NOTCONV	continue (more iterations)	
mp-1078195	Si2I6	8	done		2026-04-26 04:30:43	legacy(ctrl+GWinput)	~/bin2	5	CONVERGED	v3 2026-05-14 11:01:06 iter 10			1	10	4.9379, 4.1919, 5.1101, 5.0901, 5.1581	0.0680	0.068	2.780	5.158	280.3	205			GOOD	CONVERGED		
mp-1078300	Sc2F6	8	done		2026-04-26 03:10:07	legacy(ctrl+GWinput)	~/bin2	5	OK_MAXITER_NOTCONV	v3 2026-05-14 10:06:13 iter 10			1	10	11.6013, 8.9393, 11.2231, 13.5334, 11.9499	2.3103	2.313	6.052	11.950	647.1	92			NOTCONV	MAXITER_NOTCONV	continue (more iterations)	
mp-1078419	Na3PSe4	8	done		2026-04-26 03:38:49	legacy(ctrl+GWinput)	~/bin2	5	CONVERGED	v3 2026-05-14 09:26:29 iter 9			1	9	2.8270, 2.7487, 2.7207, 2.7264	0.0280	0.027	1.008	2.726	216.0	132			GOOD	CONVERGED		
mp-1078469	Cu2P2N4	8	done		2026-04-26 03:58:06	legacy(ctrl+GWinput)	~/bin2	5	CONVERGED	v3 2026-05-14 09:05:39 iter 8			1	8	3.1010, 3.1502, 3.1468	0.0492	0.054	1.896	3.147	756.6	99			GOOD	CONVERGED		
mp-1078498	ZnCu2SiTe4	8	done		2026-04-26 04:56:47	legacy(ctrl+GWinput)	~/bin2	5	CONVERGED	v3 2026-05-14 11:27:34 iter 8			1	8	0.9515, 0.9384, 0.9588	0.0204	0.014	0.166	0.959	196.2	172			GOOD	CONVERGED		
mp-1078500	Pb4S4	8	done		2026-04-26 06:21:55	legacy(ctrl+GWinput)	~/bin2	5	CONVERGED	v3 2026-05-14 12:47:29 iter 8			1	8	1.7025, 1.7251, 1.7177	0.0227	0.027	1.116	1.718	251.3	288			GOOD	CONVERGED		
mp-1078562	Sr2Ag2S2F2	8	done		2026-04-26 05:40:22	legacy(ctrl+GWinput)	~/bin2	5	CONVERGED	v3 2026-05-14 11:58:42 iter 8			1	8	2.6089, 2.6905, 2.6480	0.0816	0.082	1.069	2.648	167.8	154			GOOD	CONVERGED		
mp-1078621	Tl2In2S4	8	done		2026-04-26 06:29:26	legacy(ctrl+GWinput)	~/bin2	5	CONVERGED	v3 2026-05-14 12:15:25 iter 8			1	8	1.7651, 1.7543, 1.7637	0.0107	0.014	0.728	1.764	202.0	161			GOOD	CONVERGED		
mp-1078644	Sn4O4	8	done		2026-04-26 07:25:43	legacy(ctrl+GWinput)	~/bin2	5	CONVERGED	v3 2026-05-14 12:37:55 iter 8			1	8	2.2401, 2.2350, 2.2331	0.0070	0.014	1.326	2.233	506.6	194			GOOD	CONVERGED		
mp-1078676	Tl2SnHgSe4	8	done		2026-04-26 07:47:43	legacy(ctrl+GWinput)	~/bin2	5	CONVERGED	v3 2026-05-14 13:47:52 iter 8			1	8	1.6086, 1.6116, 1.6148	0.0062	0.014	0.644	1.615	156.3	188			GOOD	CONVERGED		
mp-1078693	Ba2Cd2Sb2F2	8	done		2026-04-26 08:35:07	legacy(ctrl+GWinput)	~/bin2	5	CONVERGED	v3 2026-05-14 14:05:06 iter 8			1	8	1.1908, 1.1625, 1.1758	0.0283	0.041	0.120	1.176	207.5	171			GOOD	CONVERGED		
mp-1078709	Na4Bi2Au2	8	done		2026-04-26 09:16:12	legacy(ctrl+GWinput)	~/bin2	5	CONVERGED	v3 2026-05-14 15:06:12 iter 8			1	8	0.7135, 0.7210, 0.7185	0.0074	0.014	0.230	0.718	285.6	237			GOOD	CONVERGED		
mp-1078724	Li2As2Se4	8	done		2026-04-26 10:08:18	legacy(ctrl+GWinput)	~/bin2	5	CONVERGED	v3 2026-05-14 15:27:52 iter 8			1	8	1.4431, 1.4239, 1.4092	0.0339	0.027	0.754	1.409	493.6	281			GOOD	CONVERGED		
mp-1078799	LiNbF6	8	done		2026-04-26 09:33:56	legacy(ctrl+GWinput)	~/bin2	5	CONVERGED	v3 2026-05-14 15:18:19 iter 9			1	9	8.9217, 8.6471, 8.6771, 8.7056	0.0585	0.054	4.995	8.706	572.6	75			GOOD	CONVERGED		
mp-1079080	CsCd4As3	8	done		2026-04-26 10:46:29	legacy(ctrl+GWinput)	~/bin2	5	CONVERGED	v3 2026-05-14 15:10:46 iter 8			1	8	0.7973, 0.7965, 0.7977	0.0012	0.000	0.069	0.798	122.4	189			GOOD	CONVERGED		
mp-1079088	NaAsF6	8	done		2026-04-26 10:27:32	legacy(ctrl+GWinput)	~/bin2	5	CONVERGED	v3 2026-05-14 17:23:42 iter 10			1	10	11.7973, 10.4477, 11.1668, 11.1176, 11.1072	0.0595	0.068	5.472	11.107	972.1	93			GOOD	CONVERGED		
mp-1079156	Ag2Cl2O4	8	done		2026-04-26 11:24:08	legacy(ctrl+GWinput)	~/bin2	5	OK_MAXITER_NOTCONV	v3 2026-05-14 17:53:15 iter 10			1	10	5.5393, 4.7417, 3.6603, 4.0895, 4.1823	0.5221	0.517	0.657	4.182	1003.2	159			NOTCONV	MAXITER_NOTCONV	continue (more iterations)	
mp-1079172	Pb4Se4	8	done		2026-04-26 12:57:31	legacy(ctrl+GWinput)	~/bin2	5	CONVERGED	v3 2026-05-14 18:33:58 iter 8			1	8	1.7389, 1.7521, 1.7502	0.0132	0.014	1.090	1.750	186.4	297			GOOD	CONVERGED		
mp-1079260	In4Se4	8	done		2026-04-26 12:37:39	legacy(ctrl+GWinput)	~/bin2	5	CONVERGED	v3 2026-05-14 17:48:08 iter 8			1	8	1.8557, 1.7923, 1.8057	0.0634	0.054	0.504	1.806	182.4	189			GOOD	CONVERGED		
mp-1079320	Ba2Zn2As2F2	8	done		2026-04-26 13:31:22	legacy(ctrl+GWinput)	~/bin2	5	CONVERGED	v3 2026-05-14 17:40:04 iter 8			1	8	1.3860, 1.3144, 1.3363	0.0716	0.068	0.090	1.336	249.7	167			GOOD	CONVERGED		
mp-1079426	Tl2SiHgSe4	8	done		2026-04-26 14:08:06	legacy(ctrl+GWinput)	~/bin2	5	CONVERGED	v3 2026-05-14 18:14:28 iter 8			1	8	1.7403, 1.7423, 1.7461	0.0058	0.000	0.828	1.746	191.3	178			GOOD	CONVERGED		
mp-1079483	LiAuF6	8	done		2026-04-26 13:49:30	legacy(ctrl+GWinput)	~/bin2	5	OK_MAXITER_NOTCONV	v3 2026-05-14 20:55:27 iter 10			1	10	5.9146, 6.1389, 6.1993, 5.9972, 5.9698	0.2295	0.231	1.905	5.970	548.0	82			NOTCONV	MAXITER_NOTCONV	continue (more iterations)	
mp-1079541	ZnCu2SnS4	8	done		2026-04-26 14:49:33	legacy(ctrl+GWinput)	~/bin2	5	CONVERGED	v3 2026-05-14 19:57:12 iter 8			1	8	1.0752, 1.1559, 1.1254	0.0807	0.082	0.125	1.125	487.3	202			GOOD	CONVERGED		
mp-1079574	Te4Pb4	8	done		2026-04-26 16:55:10	legacy(ctrl+GWinput)	~/bin2	5	CONVERGED	v3 2026-05-14 22:41:31 iter 8			1	8	1.2466, 1.2414, 1.2441	0.0052	0.014	0.796	1.244	135.0	306			GOOD	CONVERGED		
mp-1079603	Ba2Cd2P2F2	8	done		2026-04-26 15:43:43	legacy(ctrl+GWinput)	~/bin2	5	CONVERGED	v3 2026-05-14 20:25:00 iter 8			1	8	2.2068, 2.2504, 2.2345	0.0436	0.041	0.928	2.235	211.1	156			GOOD	CONVERGED		
mp-1079645	K2CdSnSe4	8	done		2026-04-26 17:00:57	legacy(ctrl+GWinput)	~/bin2	5	CONVERGED	v3 2026-05-14 20:57:20 iter 8			1	8	2.8878, 2.9143, 2.9055	0.0265	0.027	1.439	2.906	202.2	180			GOOD	CONVERGED		
mp-1079647	Ba2Ag2Se2F2	8	done		2026-04-27 16:58:28	legacy(ctrl+GWinput)	~/bin2	5	CONVERGED	v3 2026-05-14 21:10:43 iter 8			1	8	2.5493, 2.5314, 2.5726	0.0412	0.041	1.086	2.573	203.4	157			GOOD	CONVERGED		
mp-1079679	K4Cd2Sn2	8	done		2026-04-27 20:00:15	legacy(ctrl+GWinput)	~/bin2	5	CONVERGED	v3 2026-05-15 02:15:32 iter 8			1	8	0.4395, 0.4667, 0.4558	0.0272	0.027	0.003	0.456	319.9	328			GOOD	CONVERGED		
mp-1079694	Cs4I4	8	done		2026-04-28 00:13:25	legacy(ctrl+GWinput)	~/bin2	5	FAIL(TIMEOUT 16h,)	v3 2026-05-15 12:25:08			1	10		0.1347	0.027	2.839	5.409	144.7	7502			GOOD	CONVERGED_BY_SURVEY(gwsc finished iter 10 after the 16h kill of gwscconv; band plot not redone)		
mp-1079707	Ca4O4	8	done		2026-04-27 17:49:45	legacy(ctrl+GWinput)	~/bin2	5	CONVERGED	v3 2026-05-15 03:58:30 iter 10			1	10	9.9672, 3.3138, 4.7837, 4.7766, 4.7229	0.0609	0.068	2.128	4.723	375.7	176			GOOD	CONVERGED		
mp-1079720	Ag4O4	8	done		2026-04-26 20:15:46	legacy(ctrl+GWinput)	~/bin2	6	CONVERGED	v3 2026-05-15 02:24:00 iter 9			1	9	0.5945, 0.6148, 0.6240	0.0294	0.027	0.022	0.624	582.8	180			GOOD	CONVERGED		
mp-1079885	Li2Sb2S4	8	done		2026-04-26 20:34:10	legacy(ctrl+GWinput)	~/bin2	5	CONVERGED	v3 2026-05-15 02:42:36 iter 8			1	8	0.7698, 0.7704, 0.7768	0.0070	0.000	0.122	0.777	346.5	196			GOOD	CONVERGED		
mp-1079889	ZnAg2SnS4	8	done		2026-04-26 21:09:25	legacy(ctrl+GWinput)	~/bin2	5	CONVERGED	v3 2026-05-15 02:53:15 iter 8			1	8	1.2949, 1.2734, 1.2988	0.0254	0.014	0.007	1.299	304.8	176			GOOD	CONVERGED		
mp-1080045	Sr2H2Br2O2	8	failed	NaN_lsc	2026-04-26 23:29:04	legacy(ctrl+GWinput)	~/bin2	2	never				0	2				4.140		nan	99		OK sigma_m=799.9	FAILED	PROD_NaN_lsc	rerun from scratch with --prec=fp32	fp32 1-iteration check OK in ~/DATA/gw1500fp32/mp-1080045_v2 (no converged result)
mp-1080135	Sr2Zn2As2F2	8	done		2026-04-26 21:56:00	legacy(ctrl+GWinput)	~/bin2	5	CONVERGED	v3 2026-05-15 05:07:14 iter 8			1	8	1.7995, 1.8033, 1.8034	0.0039	0.014	0.541	1.803	190.6	168			GOOD	CONVERGED		
mp-1080438	Sr2Ag2Te2F2	8	done		2026-04-26 22:48:24	legacy(ctrl+GWinput)	~/bin2	5	CONVERGED	v3 2026-05-15 05:25:41 iter 8			1	8	2.4711, 2.4689, 2.4636	0.0075	0.014	1.089	2.464	122.2	160			GOOD	CONVERGED		
mp-1080459	Ge4Te4	8	done		2026-04-27 01:36:26	legacy(ctrl+GWinput)	~/bin2	7	CONVERGED	v3 2026-05-15 06:10:09 iter 10			1	10	0.7266, 0.7149, 0.7277	0.0128	0.000	0.390	0.728	232.5	338			GOOD	CONVERGED		
mp-1080511	BaMgC2O4	8	done		2026-04-27 00:21:13	legacy(ctrl+GWinput)	~/bin2	6	FAIL(rc=3,no-gap-in-llmf)	v3 2026-05-15 03:48:20			1	7				1.008		11619.7	1413			FAILED	NOGAP_GAP_COLLAPSED(LDA gap 1.01 eV)	rerun from scratch with --prec=fp32	
mp-1080650	Ba2Cu2S2F2	8	done		2026-04-27 01:07:20	legacy(ctrl+GWinput)	~/bin2	5	CONVERGED	v3 2026-05-15 06:49:57 iter 8			1	8	3.0572, 3.0499, 3.0789	0.0290	0.027	1.535	3.079	286.8	152			GOOD	CONVERGED		
mp-1080679	LiTaF6	8	done		2026-04-27 01:28:10	legacy(ctrl+GWinput)	~/bin2	5	OK_MAXITER_NOTCONV	v3 2026-05-15 08:59:44 iter 10			1	10	10.6205, 6.1081, 8.3128, 8.6016, 9.0038	0.6910	0.694	6.246	9.004	435.3	82			NOTCONV	MAXITER_NOTCONV	continue (more iterations)	
mp-1080691	Rb2SnHgTe4	8	done		2026-04-27 03:14:28	legacy(ctrl+GWinput)	~/bin2	5	CONVERGED	v3 2026-05-15 08:19:14 iter 8			1	8	1.5564, 1.5542, 1.5669	0.0127	0.014	0.531	1.567	111.4	193			GOOD	CONVERGED		
mp-1080747	Sc2Al2C2O2	8	done		2026-04-27 02:02:07	legacy(ctrl+GWinput)	~/bin2	5	CONVERGED	v3 2026-05-15 07:51:15 iter 8			1	8	2.6885, 2.6476, 2.6311	0.0574	0.068	1.105	2.631	410.9	108			GOOD	CONVERGED		
mp-1084770	K4Bi2Au2	8	done		2026-04-27 04:19:03	legacy(ctrl+GWinput)	~/bin2	5	CONVERGED	v3 2026-05-15 09:58:20 iter 8			1	8	1.6951, 1.7094, 1.7052	0.0144	0.014	0.842	1.705	250.9	249			GOOD	CONVERGED		
mp-1084785	K2Al2O4	8	done		2026-04-27 03:30:13	legacy(ctrl+GWinput)	~/bin2	5	CONVERGED	v3 2026-05-15 10:45:28 iter 10			1	10	6.1629, 5.7238, 5.5904, 5.5542, 5.6341	0.0799	0.082	2.695	5.634	406.8	83			GOOD	CONVERGED		
mp-1086652	Ba2Ag2S2F2	8	done		2026-04-27 04:21:24	legacy(ctrl+GWinput)	~/bin2	5	CONVERGED	v3 2026-05-15 10:58:32 iter 8			1	8	2.8281, 2.7651, 2.7704	0.0631	0.068	1.257	2.770	227.3	156			GOOD	CONVERGED		
mp-1087215	NaAsF6	8	done		2026-04-27 04:34:41	legacy(ctrl+GWinput)	~/bin2	5	OK_MAXITER_NOTCONV	v3 2026-05-15 12:20:02 iter 10			1	10	10.9224, 20.3132, 15.7750, 14.5913, 13.9463	1.8287	1.823	5.315	13.946	576.4	68			NOTCONV	MAXITER_NOTCONV	continue (more iterations)	
mp-1087504	KZn4P3	8	done		2026-04-27 05:16:11	legacy(ctrl+GWinput)	~/bin2	5	CONVERGED	v3 2026-05-15 11:17:20 iter 8			1	8	1.3892, 1.3762, 1.4221	0.0458	0.054	0.361	1.422	282.5	256			GOOD	CONVERGED		
mp-1087540	CdCu2SiTe4	8	done		2026-04-27 05:51:13	legacy(ctrl+GWinput)	~/bin2	5	CONVERGED	v3 2026-05-15 12:20:43 iter 8			1	8	1.0241, 1.0745, 1.0777	0.0536	0.054	0.171	1.078	156.8	168			GOOD	CONVERGED		
mp-1091384	NbTl3S4	8	done		2026-04-27 06:02:06	legacy(ctrl+GWinput)	~/bin2	5	CONVERGED	v3 2026-05-15 13:24:55 iter 8			1	8	3.4036, 3.4343, 3.4462	0.0426	0.041	2.291	3.446	190.7	130			GOOD	CONVERGED		
mp-1091416	Sr2Cu2Te2F2	8	done		2026-04-27 06:42:21	legacy(ctrl+GWinput)	~/bin2	5	CONVERGED	v3 2026-05-15 13:48:59 iter 8			1	8	2.7336, 2.6949, 2.6985	0.0388	0.041	1.445	2.699	148.5	158			GOOD	CONVERGED		
mp-1095151	Ba2Cd2As2F2	8	done		2026-04-27 06:58:19	legacy(ctrl+GWinput)	~/bin2	5	CONVERGED	v3 2026-05-15 14:36:59 iter 8			1	8	1.9661, 1.9698, 1.9505	0.0193	0.027	0.773	1.950	192.6	158			GOOD	CONVERGED		
mp-1095181	N6Cl2	8	done		2026-04-27 07:38:40	legacy(ctrl+GWinput)	~/bin2	5	OK_MAXITER_NOTCONV	v3 2026-05-15 16:02:04 iter 10			1	10	7.0367, 8.7138, 7.6739, 7.5383, 7.7224	0.1841	0.190	2.229	7.722	2164.7	153			NOTCONV	MAXITER_NOTCONV	continue (more iterations)	
mp-1101093	CsZn4P3	8	done		2026-04-27 07:54:36	legacy(ctrl+GWinput)	~/bin2	5	CONVERGED	v3 2026-05-15 15:55:51 iter 8			1	8	1.1122, 1.0979, 1.1029	0.0143	0.014	0.290	1.103	304.7	206			GOOD	CONVERGED		
mp-11108	Sr2P6	8	done		2026-04-27 08:45:05	legacy(ctrl+GWinput)	~/bin2	5	CONVERGED	v3 2026-05-15 16:08:44 iter 8			1	8	0.3732, 0.3256, 0.3477	0.0476	0.041	0.021	0.348	472.2	231			GOOD	CONVERGED		
mp-1136	Na6As2	8	done		2026-04-27 08:30:31	legacy(ctrl+GWinput)	~/bin2	5	CONVERGED	v3 2026-05-15 17:17:26 iter 8			1	8	1.1327, 1.1183, 1.1336	0.0153	0.014	0.084	1.134	167.0	148			GOOD	CONVERGED		
mp-11703	K2Sb2S4	8	done		2026-04-27 10:17:50	legacy(ctrl+GWinput)	~/bin2	5	CONVERGED	v3 2026-05-15 19:18:59 iter 9			1	9	2.7347, 2.8562, 2.8411, 2.8019	0.0543	0.054	1.443	2.802	468.3	276			GOOD	CONVERGED		
mp-1175	Sr2S6	8	done		2026-04-27 10:16:36	legacy(ctrl+GWinput)	~/bin2	5	CONVERGED	v3 2026-05-15 19:04:38 iter 8			1	8	2.7514, 2.6906, 2.7383	0.0608	0.054	0.878	2.738	928.8	280			GOOD	CONVERGED		
mp-1179832	Rb8	8	failed	CmdFailed(lmf --jobgw=1, signal 9)	2026-05-04 13:43:43	TOML(ctrlG+PB)	~/bin2	0	never				0	0							134			FAILED	PROD_CmdFailed(lmf --jobgw=1, signal 9)	rerun from scratch with --prec=fp32	
mp-11875	C4O4	8	done		2026-04-27 10:49:08	legacy(ctrl+GWinput)	~/bin2	5	CONVERGED	v3 2026-05-15 20:34:50 iter 10			1	10	12.1023, 12.4429, 12.2717, 12.2936, 12.2932	0.0219	0.027	5.919	12.293	1224.0	75			GOOD	CONVERGED		
mp-11980	CsNbF6	8	done		2026-04-27 11:21:00	legacy(ctrl+GWinput)	~/bin2	5	OK_MAXITER_NOTCONV	v3 2026-05-15 20:51:14 iter 10			1	10	9.4029, 8.9795, 8.9974, 9.1387, 9.1403	0.1429	0.150	5.072	9.140	554.1	101			NOTCONV	MAXITER_NOTCONV	continue (more iterations)	
mp-12015	KAg2AsO4	8	done		2026-04-27 11:51:31	legacy(ctrl+GWinput)	~/bin2	5	CONVERGED	v3 2026-05-15 21:20:58 iter 10			1	10	3.2097, 2.6402, 2.8498, 2.8901, 2.8296	0.0605	0.054	0.044	2.830	522.9	128			GOOD	CONVERGED		
mp-1205315	Li2Bi2O4	8	done		2026-04-27 11:53:53	legacy(ctrl+GWinput)	~/bin2	5	CONVERGED	v3 2026-05-15 20:42:02 iter 8			1	8	1.9365, 1.8875, 1.9074	0.0489	0.041	0.807	1.907	331.8	103			GOOD	CONVERGED		
mp-1224	Hg4O4	8	done		2026-04-27 12:42:17	legacy(ctrl+GWinput)	~/bin2	5	CONVERGED	v3 2026-05-15 22:36:26 iter 9			1	9	2.3813, 2.5593, 2.4804, 2.4870	0.0788	0.082	1.103	2.487	462.2	172			GOOD	CONVERGED		
mp-12444	Sr2Cu2S2F2	8	done		2026-04-27 12:34:56	legacy(ctrl+GWinput)	~/bin2	5	CONVERGED	v3 2026-05-15 22:13:29 iter 8			1	8	3.0307, 3.0643, 3.0382	0.0336	0.027	1.505	3.038	237.2	153			GOOD	CONVERGED		
mp-12509	Y2Zn2P2O2	8	done		2026-04-27 13:18:04	legacy(ctrl+GWinput)	~/bin2	5	CONVERGED	v3 2026-05-15 22:48:50 iter 9			1	9	2.1815, 2.0017, 2.0378, 2.0405	0.0388	0.041	1.199	2.040	225.7	214			GOOD	CONVERGED		
mp-12532	KAg2PS4	8	done		2026-04-27 13:33:42	legacy(ctrl+GWinput)	~/bin2	5	CONVERGED	v3 2026-05-15 22:57:42 iter 8			1	8	2.5984, 2.6068, 2.6395	0.0411	0.041	1.004	2.639	429.7	162			GOOD	CONVERGED		
mp-12883	P8	8	done		2026-04-27 14:35:12	legacy(ctrl+GWinput)	~/bin2	5	CONVERGED	v3 2026-05-16 01:49:06 iter 10			1	10	4.9293, 5.1661, 5.0830, 5.0508, 5.0424	0.0406	0.041	3.042	5.042	744.5	262			GOOD	CONVERGED		
mp-12903	Y2Ag2Te4	8	done		2026-04-27 15:00:27	legacy(ctrl+GWinput)	~/bin2	5	CONVERGED	v3 2026-05-16 00:53:49 iter 8			1	8	1.5943, 1.5770, 1.5802	0.0173	0.014	0.777	1.580	91.0	206			GOOD	CONVERGED		
mp-12954	Cu2B2S4	8	done		2026-04-27 15:05:55	legacy(ctrl+GWinput)	~/bin2	5	CONVERGED	v3 2026-05-16 00:35:50 iter 8			1	8	2.6144, 2.7042, 2.6818	0.0898	0.095	1.659	2.682	398.1	125			GOOD	CONVERGED		
mp-12957	O8	8	done		2026-04-27 15:26:12	legacy(ctrl+GWinput)	~/bin2	5	CONVERGED	v3 2026-05-16 01:04:43 iter 8			1	8	4.3492, 4.2976, 4.3485	0.0516	0.054	1.322	4.349	1565.6	82			GOOD	CONVERGED		
mp-13287	Ba2Cu2Te2F2	8	done		2026-04-27 16:02:06	legacy(ctrl+GWinput)	~/bin2	5	CONVERGED	v3 2026-05-16 02:31:52 iter 8			1	8	2.1874, 2.2207, 2.2050	0.0333	0.027	0.924	2.205	208.3	157			GOOD	CONVERGED		
mp-13312	Sc2Tl2S4	8	done		2026-04-27 16:07:17	legacy(ctrl+GWinput)	~/bin2	5	CONVERGED	v3 2026-05-16 02:32:52 iter 8			1	8	1.5578, 1.6116, 1.6087	0.0537	0.054	0.818	1.609	137.9	149			GOOD	CONVERGED		
mp-13610	ZnPbF6	8	done		2026-04-27 16:28:03	legacy(ctrl+GWinput)	~/bin2	5	OK_MAXITER_NOTCONV	v3 2026-05-16 03:36:09 iter 10			1	10	4.4228, 3.4626, 4.0115, 4.3384, 4.4593	0.4479	0.449	1.932	4.459	448.1	102			NOTCONV	MAXITER_NOTCONV	continue (more iterations)	
mp-13903	ZnSnF6	8	done		2026-04-27 20:26:11	legacy(ctrl+GWinput)	~/bin2	5	OK_MAXITER_NOTCONV	v3 2026-05-16 04:24:28 iter 10			1	10	6.8517, 9.9907, 7.7057, 7.3775, 7.4443	0.3282	0.327	3.695	7.444	621.2	101			NOTCONV	MAXITER_NOTCONV	continue (more iterations)	
mp-13907	CdSnF6	8	done		2026-04-27 20:52:23	legacy(ctrl+GWinput)	~/bin2	5	OK_MAXITER_NOTCONV	v3 2026-05-16 04:57:51 iter 10			1	10	4.7790, 7.4448, 6.7781, 6.2019, 5.4398	1.3383	1.333	3.771	5.440	338.5	99			NOTCONV	MAXITER_NOTCONV	continue (more iterations)	
mp-13983	ZnPdF6	8	done		2026-04-27 21:13:07	legacy(ctrl+GWinput)	~/bin2	5	OK_MAXITER_NOTCONV	v3 2026-05-16 05:07:15 iter 10			1	10	3.9438, 4.7235, 4.7664, 4.5217, 4.5273	0.2447	0.245	1.568	4.527	527.1	95			NOTCONV	MAXITER_NOTCONV	continue (more iterations)	
mp-13984	CdPdF6	8	done		2026-04-27 21:39:08	legacy(ctrl+GWinput)	~/bin2	5	OK_MAXITER_NOTCONV	v3 2026-05-16 05:24:39 iter 10			1	10	10.2481, 5.4021, 5.4225, 5.2364, 4.5677	0.8548	0.857	1.759	4.568	404.0	94			NOTCONV	MAXITER_NOTCONV	continue (more iterations)	
mp-14006	BaGeF6	8	done		2026-04-27 22:10:17	legacy(ctrl+GWinput)	~/bin2	5	FAIL(rc=3,no-gap-in-llmf)	v3 2026-05-16 04:49:34			1	6				5.740		6343.0	663			FAILED	NOGAP_GAP_COLLAPSED(LDA gap 5.74 eV)	rerun from scratch with --prec=fp32	
mp-14017	K6Sb2	8	done		2026-04-27 23:51:57	legacy(ctrl+GWinput)	~/bin2	5	CONVERGED	v3 2026-05-16 07:07:22 iter 8			1	8	1.2555, 1.2817, 1.2961	0.0405	0.041	0.305	1.296	135.9	176			GOOD	CONVERGED		
mp-14018	K6As2	8	done		2026-04-28 01:03:29	legacy(ctrl+GWinput)	~/bin2	5	CONVERGED	v3 2026-05-16 07:09:28 iter 8			1	8	1.0104, 0.9795, 0.9974	0.0310	0.027	0.042	0.997	115.1	163			GOOD	CONVERGED		
mp-14069	Cs2Al2O4	8	done		2026-04-28 00:29:11	legacy(ctrl+GWinput)	~/bin2	5	CONVERGED	v3 2026-05-16 06:29:03 iter 8			1	8	7.0357, 7.1200, 7.0598	0.0843	0.082	4.324	7.060	385.4	73			GOOD	CONVERGED		
mp-14070	Rb2Al2O4	8	done		2026-04-28 00:45:02	legacy(ctrl+GWinput)	~/bin2	5	FAIL(rc=3,no-gap-in-llmf)	v3 2026-05-16 05:42:30			1	6				3.276		1184.3	405			FAILED	NOGAP_GAP_COLLAPSED(LDA gap 3.28 eV, previous QSGW iteration 0.42 eV)	rerun from scratch with --prec=fp32	
mp-14091	Al2Ag2Se4	8	done		2026-04-28 01:31:33	legacy(ctrl+GWinput)	~/bin2	5	CONVERGED	v3 2026-05-16 07:49:12 iter 9			1	9	2.5175, 2.6970, 2.6264, 2.6219	0.0751	0.068	1.036	2.622	222.8	175			GOOD	CONVERGED		
mp-14092	Al2Ag2Te4	8	done		2026-04-28 02:14:35	legacy(ctrl+GWinput)	~/bin2	5	CONVERGED	v3 2026-05-16 07:31:29 iter 8			1	8	2.1814, 2.2302, 2.2153	0.0488	0.054	0.983	2.215	133.4	168			GOOD	CONVERGED		
mp-14205	K3Cu3As2	8	done		2026-04-28 02:18:38	legacy(ctrl+GWinput)	~/bin2	5	CONVERGED	v3 2026-05-16 09:27:33 iter 10			1	10	2.0167, 2.2699, 2.1684, 2.1607, 2.1307	0.0376	0.027	1.280	2.131	220.9	185			GOOD	CONVERGED		
mp-14206	K3Ag3As2	8	done		2026-04-28 03:11:18	legacy(ctrl+GWinput)	~/bin2	5	CONVERGED	v3 2026-05-16 09:04:31 iter 8			1	8	1.9462, 1.8905, 1.9351	0.0557	0.054	1.107	1.935	158.4	166			GOOD	CONVERGED		
mp-14232	Li2B2O4	8	done		2026-04-28 02:34:03	legacy(ctrl+GWinput)	~/bin2	5	OK_MAXITER_NOTCONV	v3 2026-05-16 09:18:07 iter 10			1	10	10.3964, 11.2790, 10.8699, 10.8492, 10.7137	0.1561	0.163	7.062	10.714	796.0	72			NOTCONV	MAXITER_NOTCONV	continue (more iterations)	
mp-154	N8	8	done		2026-04-28 02:54:44	legacy(ctrl+GWinput)	~/bin2	5	CONVERGED	v3 2026-05-16 11:51:18 iter 10			1	10	13.7083, 14.3323, 13.9753, 13.9609, 13.9302	0.0451	0.041	7.319	13.930	1315.1	72			GOOD	CONVERGED		
mp-1546049	I2Cl6	8	done		2026-04-28 05:27:56	legacy(ctrl+GWinput)	~/bin2	5	CONVERGED	v3 2026-05-16 14:05:51 iter 8			1	8	3.7702, 3.8630, 3.8308	0.0929	0.095	1.475	3.831	853.6	317			GOOD	CONVERGED		
mp-15622	Hf2Se6	8	done		2026-04-28 05:03:39	legacy(ctrl+GWinput)	~/bin2	5	CONVERGED	v3 2026-05-16 13:22:33 iter 8			1	8	1.3691, 1.3938, 1.3766	0.0247	0.014	0.293	1.377	1319.4	353			GOOD	CONVERGED		
mp-15668	Na4Se4	8	done		2026-04-28 05:39:34	legacy(ctrl+GWinput)	~/bin2	5	CONVERGED	v3 2026-05-16 14:12:50 iter 8			1	8	2.2169, 2.2410, 2.2712	0.0543	0.054	0.317	2.271	187.9	143			GOOD	CONVERGED		
mp-15684	K4Cu2As2	8	done		2026-04-28 06:49:51	legacy(ctrl+GWinput)	~/bin2	5	CONVERGED	v3 2026-05-16 14:49:27 iter 8			1	8	2.1015, 2.0572, 2.0644	0.0444	0.041	0.958	2.064	320.4	220			GOOD	CONVERGED		
mp-15685	Na4Cu2As2	8	done		2026-04-28 06:41:04	legacy(ctrl+GWinput)	~/bin2	5	CONVERGED	v3 2026-05-16 15:07:20 iter 8			1	8	1.3144, 1.3298, 1.3423	0.0279	0.027	0.588	1.342	370.8	213			GOOD	CONVERGED		
mp-1572	Ga4Se4	8	done		2026-04-28 07:32:07	legacy(ctrl+GWinput)	~/bin2	5	CONVERGED	v3 2026-05-16 15:32:42 iter 8			1	8	2.2514, 2.3074, 2.3102	0.0587	0.068	0.805	2.310	235.5	181			GOOD	CONVERGED		
mp-1598	Na6P2	8	done		2026-04-28 07:26:08	legacy(ctrl+GWinput)	~/bin2	5	CONVERGED	v3 2026-05-16 17:31:55 iter 8			1	8	1.3989, 1.3921, 1.3953	0.0068	0.014	0.388	1.395	173.2	145			GOOD	CONVERGED		
mp-16319	Rb6Sb2	8	done		2026-04-28 09:38:06	legacy(ctrl+GWinput)	~/bin2	5	CONVERGED	v3 2026-05-16 20:17:07 iter 8			1	8	0.9473, 0.9067, 0.9063	0.0409	0.041	0.596	0.906	88.9	195			GOOD	CONVERGED		
mp-16742	Ba2Ag2Te2F2	8	done		2026-04-28 08:33:27	legacy(ctrl+GWinput)	~/bin2	5	CONVERGED	v3 2026-05-16 20:32:10 iter 8			1	8	2.6605, 2.6984, 2.6668	0.0379	0.027	1.321	2.667	179.3	159			GOOD	CONVERGED		
mp-16764	Rb2Y2Te4	8	done		2026-04-28 09:55:05	legacy(ctrl+GWinput)	~/bin2	5	CONVERGED	v3 2026-05-16 21:22:34 iter 8			1	8	2.5962, 2.5735, 2.5805	0.0227	0.027	1.266	2.581	57.8	168			GOOD	CONVERGED		
mp-1683	Zr2Se6	8	done		2026-04-28 10:59:57	legacy(ctrl+GWinput)	~/bin2	5	CONVERGED	v3 2026-05-16 21:25:11 iter 8			1	8	1.4956, 1.5529, 1.5187	0.0573	0.054	0.440	1.519	307.3	266			GOOD	CONVERGED		
mp-1836	Tl4Se4	8	done		2026-04-28 10:56:17	legacy(ctrl+GWinput)	~/bin2	5	CONVERGED	v3 2026-05-16 22:38:51 iter 8			1	8	0.8362, 0.8352, 0.8396	0.0043	0.014	0.066	0.840	149.3	165			GOOD	CONVERGED		
mp-1880	Sb2F6	8	done		2026-04-28 11:42:13	legacy(ctrl+GWinput)	~/bin2	5	OK_MAXITER_NOTCONV	v3 2026-05-16 23:21:42 iter 10			1	10	7.1597, 7.3202, 7.4007, 7.2090, 7.1903	0.2103	0.218	4.480	7.190	1221.7	175			NOTCONV	MAXITER_NOTCONV	continue (more iterations)	
mp-189	Si4Ru4	8	done		2026-04-28 11:20:37	legacy(ctrl+GWinput)	~/bin2	5	CONVERGED	v3 2026-05-16 22:44:47 iter 8			1	8	0.4025, 0.4091, 0.4076	0.0065	0.000	0.231	0.408	202.6	124			GOOD	CONVERGED		
mp-18943	Ba2Ni2O4	8	done		2026-04-28 12:01:45	legacy(ctrl+GWinput)	~/bin2	5	CONVERGED	v3 2026-05-17 00:00:22 iter 10			1	10	2.0859, 2.3192, 2.1750, 2.1560, 2.1815	0.0254	0.027	0.151	2.181	693.8	161			GOOD	CONVERGED		
mp-19052	K3VO4	8	done		2026-04-28 12:18:18	legacy(ctrl+GWinput)	~/bin2	5	OK_MAXITER_NOTCONV	v3 2026-05-17 00:35:26 iter 10			1	10	5.7678, 5.9652, 6.0167, 6.0850, 6.1738	0.1571	0.163	3.513	6.174	703.3	137			NOTCONV	MAXITER_NOTCONV	continue (more iterations)	
mp-19178	Co2Ag2O4	8	done		2026-04-28 12:22:30	legacy(ctrl+GWinput)	~/bin2	5	CONVERGED	v3 2026-05-16 23:45:56 iter 9			1	9	1.7487, 1.8681, 1.7809, 1.8367	0.0873	0.082	0.415	1.837	270.6	96			GOOD	CONVERGED		
mp-19412	VAg3O4	8	done		2026-04-28 12:49:08	legacy(ctrl+GWinput)	~/bin2	5	CONVERGED	v3 2026-05-17 00:37:12 iter 8			1	8	2.1105, 2.1643, 2.1055	0.0588	0.054	0.397	2.106	462.2	109			GOOD	CONVERGED		
mp-1943	Ga4Se4	8	done		2026-04-28 13:03:31	legacy(ctrl+GWinput)	~/bin2	5	CONVERGED	v3 2026-05-17 01:13:46 iter 8			1	8	2.3272, 2.3346, 2.2943	0.0403	0.041	0.815	2.294	183.6	155			GOOD	CONVERGED		
mp-19443	W2O6	8	done		2026-04-28 13:14:52	legacy(ctrl+GWinput)	~/bin2	5	CONVERGED	v3 2026-05-17 01:01:25 iter 8			1	8	1.7249, 1.7436, 1.7685	0.0436	0.041	0.276	1.769	680.0	92			GOOD	CONVERGED		
mp-1954	P3N5	8	done		2026-04-28 13:30:03	legacy(ctrl+GWinput)	~/bin2	5	CONVERGED	v3 2026-05-17 01:15:25 iter 8			1	8	4.2347, 4.3081, 4.2629	0.0734	0.082	2.477	4.263	1582.9	140			GOOD	CONVERGED		
mp-19734	MgPbF6	8	done		2026-04-28 13:40:31	legacy(ctrl+GWinput)	~/bin2	5	OK_MAXITER_NOTCONV	v3 2026-05-17 03:12:20 iter 10			1	10	30.5251, 8.6004, 10.5076, 1.1080, 1.7637	9.3996	9.402	3.149	1.764	220.9	97			NOTCONV	MAXITER_NOTCONV	continue (more iterations)	
mp-19795	In4S4	8	done		2026-04-28 14:56:41	legacy(ctrl+GWinput)	~/bin2	5	CONVERGED	v3 2026-05-17 03:02:11 iter 8			1	8	2.1989, 2.2002, 2.1968	0.0034	0.014	1.268	2.197	406.2	282			GOOD	CONVERGED		
mp-19799	BaPbF6	8	done		2026-04-28 14:06:16	legacy(ctrl+GWinput)	~/bin2	5	CONVERGED	v3 2026-05-17 03:45:05 iter 10			1	10	6.6530, 6.7721, 6.6960, 6.6582, 6.6436	0.0525	0.054	2.934	6.644	456.3	97			GOOD	CONVERGED		
mp-19833	In2Ag2S4	8	done		2026-04-28 15:02:19	legacy(ctrl+GWinput)	~/bin2	5	CONVERGED	v3 2026-05-17 03:56:59 iter 9			1	9	1.5017, 1.5723, 1.6110, 1.5874	0.0387	0.027	0.229	1.587	302.7	190			GOOD	CONVERGED		
mp-19851	K2In2Te4	8	done		2026-04-28 16:07:50	legacy(ctrl+GWinput)	~/bin2	5	CONVERGED	v3 2026-05-17 04:53:56 iter 8			1	8	2.0489, 2.0179, 2.0326	0.0310	0.041	0.891	2.033	110.3	164			GOOD	CONVERGED		
mp-19896	Li2GePbS4	8	done		2026-04-28 15:48:12	legacy(ctrl+GWinput)	~/bin2	5	CONVERGED	v3 2026-05-17 04:36:55 iter 8			1	8	3.3571, 3.3758, 3.3504	0.0254	0.027	2.093	3.350	334.8	145			GOOD	CONVERGED		
mp-20042	Tl2In2S4	8	done		2026-04-28 16:34:11	legacy(ctrl+GWinput)	~/bin2	5	CONVERGED	v3 2026-05-17 05:45:06 iter 8			1	8	1.1694, 1.1781, 1.1671	0.0110	0.014	0.483	1.167	110.7	154			GOOD	CONVERGED		
mp-20187	Li2In2Se4	8	done		2026-04-28 16:58:49	legacy(ctrl+GWinput)	~/bin2	5	CONVERGED	v3 2026-05-17 06:22:38 iter 8			1	8	3.0053, 2.9479, 2.9502	0.0575	0.054	1.463	2.950	220.0	151			GOOD	CONVERGED		
mp-20343	Na2Au2O4	8	done		2026-04-28 17:15:30	legacy(ctrl+GWinput)	~/bin2	5	OK_MAXITER_NOTCONV	v3 2026-05-17 07:51:58 iter 10			1	10	3.2272, 12.6936, 8.3476, 6.8515, 6.6364	1.7112	1.714	0.835	6.636	863.4	168			NOTCONV	MAXITER_NOTCONV	continue (more iterations)	
mp-20458	PtPbF6	8	failed	NaN_lsc	2026-04-28 17:09:33	legacy(ctrl+GWinput)	~/bin2	1	never				0	1				1.706		nan	33		OK sigma_m=358.2	FAILED	PROD_NaN_lsc	rerun from scratch with --prec=fp32	fp32 1-iteration check OK in ~/DATA/gw1500fp32/mp-20458_v2 (no converged result)
mp-20463	CaPbF6	8	done		2026-04-28 17:25:12	legacy(ctrl+GWinput)	~/bin2	5	OK_MAXITER_NOTCONV	v3 2026-05-17 08:32:29 iter 10			1	10	9.4870, 13.7927, 11.2680, 10.5853, 10.2668	1.0012	0.993	3.551	10.267	307.6	75			NOTCONV	MAXITER_NOTCONV	continue (more iterations)	
mp-20485	In4Se4	8	done		2026-04-28 18:11:46	legacy(ctrl+GWinput)	~/bin2	5	CONVERGED	v3 2026-05-17 08:14:33 iter 8			1	8	1.4812, 1.3927, 1.4456	0.0885	0.095	0.305	1.446	138.0	159			GOOD	CONVERGED		
mp-2068	Rh2F6	8	done		2026-04-28 17:45:56	legacy(ctrl+GWinput)	~/bin2	5	CONVERGED	v3 2026-05-17 08:40:23 iter 10			1	10	1.2648, 3.4546, 3.5658, 3.5767, 3.6170	0.0512	0.054	0.773	3.617	445.4	88			GOOD	CONVERGED		
mp-2072	K4Te4	8	done		2026-04-28 19:07:22	legacy(ctrl+GWinput)	~/bin2	5	CONVERGED	v3 2026-05-17 08:51:38 iter 8			1	8	2.2987, 2.2618, 2.2808	0.0369	0.041	0.547	2.281	110.5	164			GOOD	CONVERGED		
mp-20782	Li2In2Te4	8	done		2026-04-28 19:27:49	legacy(ctrl+GWinput)	~/bin2	5	CONVERGED	v3 2026-05-17 10:54:12 iter 8			1	8	2.4933, 2.4387, 2.4772	0.0546	0.054	1.304	2.477	132.1	159			GOOD	CONVERGED		
mp-20878	Pb4O4	8	done		2026-04-28 20:13:46	legacy(ctrl+GWinput)	~/bin2	5	CONVERGED	v3 2026-05-17 11:16:59 iter 8			1	8	3.1796, 3.1549, 3.1682	0.0247	0.027	2.108	3.168	475.9	192			GOOD	CONVERGED		
mp-21228	Sr2Cu2Se2F2	8	done		2026-04-28 20:13:59	legacy(ctrl+GWinput)	~/bin2	5	CONVERGED	v3 2026-05-17 12:20:22 iter 8			1	8	2.5317, 2.6137, 2.5819	0.0820	0.082	1.077	2.582	181.0	154			GOOD	CONVERGED		
mp-21855	VCu3Se4	8	done		2026-04-28 20:50:34	legacy(ctrl+GWinput)	~/bin2	5	CONVERGED	v3 2026-05-17 13:59:37 iter 8			1	8	1.6293, 1.6835, 1.6569	0.0541	0.054	0.782	1.657	233.9	129			GOOD	CONVERGED		
mp-22232	Tl2In2Se4	8	done		2026-04-28 21:15:23	legacy(ctrl+GWinput)	~/bin2	5	CONVERGED	v3 2026-05-17 15:27:59 iter 8			1	8	1.4365, 1.4586, 1.4441	0.0222	0.014	0.547	1.444	139.9	164			GOOD	CONVERGED		
mp-22255	Rb2In2Te4	8	done		2026-04-28 22:11:49	legacy(ctrl+GWinput)	~/bin2	5	CONVERGED	v3 2026-05-17 16:08:14 iter 8			1	8	2.2482, 2.2409, 2.2284	0.0198	0.014	1.014	2.228	97.1	172			GOOD	CONVERGED		
mp-2231	Sn4S4	8	done		2026-04-28 22:52:03	legacy(ctrl+GWinput)	~/bin2	5	CONVERGED	v3 2026-05-17 17:33:46 iter 8			1	8	1.4442, 1.4153, 1.4292	0.0289	0.027	1.010	1.429	304.4	283			GOOD	CONVERGED		
mp-22386	In2Ag2Te4	8	done		2026-04-28 23:38:14	legacy(ctrl+GWinput)	~/bin2	5	CONVERGED	v3 2026-05-17 18:30:08 iter 8			1	8	0.9544, 0.9609, 0.9640	0.0097	0.014	0.042	0.964	121.2	187			GOOD	CONVERGED		
mp-2242	Ge4S4	8	done		2026-04-29 00:08:35	legacy(ctrl+GWinput)	~/bin2	5	CONVERGED	v3 2026-05-17 19:18:53 iter 8			1	8	1.7106, 1.6937, 1.7003	0.0169	0.027	1.010	1.700	425.1	279			GOOD	CONVERGED		
mp-2247	Ag2N6	8	failed	NaN_lsc	2026-04-29 00:14:14	legacy(ctrl+GWinput)	~/bin2	4	never				0	4				1.384		nan	77		OK sigma_m=723.3	FAILED	PROD_NaN_lsc	rerun from scratch with --prec=fp32	fp32 1-iteration check OK in ~/DATA/gw1500fp32/mp-2247_v2 (no converged result)
mp-22483	Na2In2Te4	8	done		2026-04-29 01:09:41	legacy(ctrl+GWinput)	~/bin2	5	CONVERGED	v3 2026-05-17 19:30:28 iter 8			1	8	1.5393, 1.5337, 1.5428	0.0092	0.000	0.548	1.543	124.8	161			GOOD	CONVERGED		
mp-22604	InAsF6	8	failed	NaN_lsc	2026-04-29 00:34:56	legacy(ctrl+GWinput)	~/bin2	2	never				0	2				3.348		nan	47		OK sigma_m=621.6	FAILED	PROD_NaN_lsc	rerun from scratch with --prec=fp32	fp32 1-iteration check OK in ~/DATA/gw1500fp32/mp-22604_v2 (no converged result)
mp-22791	Tl2In2Te4	8	done		2026-04-29 01:51:05	legacy(ctrl+GWinput)	~/bin2	5	CONVERGED	v3 2026-05-17 21:24:33 iter 8			1	8	1.2085, 1.1839, 1.1774	0.0311	0.027	0.490	1.177	84.8	171			GOOD	CONVERGED		
mp-22849	Bi2I6	8	done		2026-04-29 03:26:54	legacy(ctrl+GWinput)	~/bin2	5	CONVERGED	v3 2026-05-17 22:52:16 iter 8			1	8	3.4723, 3.4306, 3.4904	0.0598	0.068	2.360	3.490	67.8	186			GOOD	CONVERGED		
mp-22984	Na2Bi2O4	8	done		2026-04-29 02:42:11	legacy(ctrl+GWinput)	~/bin2	5	CONVERGED	v3 2026-05-18 05:16:38 iter 9			1	9	2.2106, 2.3407, 2.3270, 2.3148	0.0260	0.027	1.040	2.315	556.5	177			GOOD	CONVERGED		
mp-23057	Cs2Li2Br4	8	done		2026-04-29 03:58:33	legacy(ctrl+GWinput)	~/bin2	5	CONVERGED	v3 2026-05-18 08:00:00 iter 8			1	8	6.9814, 7.0742, 7.0226	0.0928	0.095	4.006	7.023	143.9	170			GOOD	CONVERGED		
mp-23116	Cu2Bi2Se2O2	8	done		2026-04-29 04:13:06	legacy(ctrl+GWinput)	~/bin2	5	CONVERGED	v3 2026-05-18 08:33:54 iter 8			1	8	0.8590, 0.8453, 0.8519	0.0137	0.014	0.172	0.852	173.6	157			GOOD	CONVERGED		
mp-23184	B2Cl6	8	done		2026-04-29 04:34:40	legacy(ctrl+GWinput)	~/bin2	5	OK_MAXITER_NOTCONV	v3 2026-05-18 11:09:07 iter 10			1	10	8.1727, 9.7465, 9.0686, 8.8689, 8.8197	0.2489	0.259	4.395	8.820	717.9	134			NOTCONV	MAXITER_NOTCONV	continue (more iterations)	
mp-23189	B2I6	8	done		2026-04-29 05:29:27	legacy(ctrl+GWinput)	~/bin2	5	CONVERGED	v3 2026-05-18 12:03:49 iter 9			1	9	4.7628, 4.9152, 4.8775, 4.8697	0.0455	0.041	2.530	4.870	243.5	144			GOOD	CONVERGED		
mp-23218	As2I6	8	done		2026-04-29 06:11:26	legacy(ctrl+GWinput)	~/bin2	5	OK_MAXITER_NOTCONV	v3 2026-05-18 15:01:50 iter 10			1	10	3.4245, 1.1146, 2.2955, 2.6231, 2.6918	0.3962	0.395	2.101	2.692	110.0	204			NOTCONV	MAXITER_NOTCONV	continue (more iterations)	
mp-23225	B2Br6	8	done		2026-04-29 06:20:36	legacy(ctrl+GWinput)	~/bin2	5	CONVERGED	v3 2026-05-18 13:45:30 iter 9			1	9	6.6461, 6.7947, 6.7197, 6.7227	0.0750	0.068	3.563	6.723	317.6	135			GOOD	CONVERGED		
mp-23281	Sb2I6	8	done		2026-04-29 08:03:21	legacy(ctrl+GWinput)	~/bin2	5	CONVERGED	v3 2026-05-18 17:30:01 iter 9			1	9	3.0620, 2.8640, 2.8450, 2.8995	0.0545	0.054	2.024	2.899	72.7	201			GOOD	CONVERGED		
mp-23297	Br2F6	8	done		2026-04-29 07:01:36	legacy(ctrl+GWinput)	~/bin2	5	CONVERGED	v3 2026-05-18 16:06:20 iter 9			1	9	5.8202, 5.6641, 5.7471, 5.7597	0.0955	0.095	2.032	5.760	1070.9	136			GOOD	CONVERGED		
mp-23309	Sc2Cl6	8	done		2026-04-29 07:58:03	legacy(ctrl+GWinput)	~/bin2	5	CONVERGED	v3 2026-05-18 18:44:47 iter 10			1	10	5.9855, 6.6573, 6.2043, 6.2940, 6.2962	0.0919	0.095	3.592	6.296	323.1	182			GOOD	CONVERGED		
mp-23364	Cs2Li2Cl4	8	done		2026-04-29 09:04:17	legacy(ctrl+GWinput)	~/bin2	5	CONVERGED	v3 2026-05-18 19:09:56 iter 9			1	9	7.8795, 7.7507, 7.8048, 7.8384	0.0876	0.082	4.882	7.838	189.6	176			GOOD	CONVERGED		
mp-2341	Li6N2	8	done		2026-04-29 08:13:51	legacy(ctrl+GWinput)	~/bin2	5	CONVERGED	s1 2026-05-11 10:41:04 iter 8			1	8	2.7642, 2.7845, 2.8056	0.0413	0.041	1.411	2.806	165.1	54			GOOD	CONVERGED		
mp-23435	Bi4Te2I2	8	failed	KILLED	2026-05-10 15:19:59	TOML(ctrlG+PB)	~/bin2	1	never				0	1				0.015	0.238	59.6	3220			FAILED	PROD_KILLED	rerun from scratch (was only slow/interrupted)	
mp-23454	Cs2Ag2Br4	8	done		2026-04-29 13:59:58	legacy(ctrl+GWinput)	~/bin2	7	CONVERGED	v3 2026-05-18 19:21:43 iter 10			1	10	4.0313, 4.1188, 4.0683	0.0875	0.095	1.788	4.068	173.0	288			GOOD	CONVERGED		
mp-236	S4N4	8	done		2026-04-29 11:21:04	legacy(ctrl+GWinput)	~/bin2	5	CONVERGED	v3 2026-05-18 19:50:58 iter 8			1	8	5.4771, 5.4311, 5.4070	0.0701	0.082	2.908	5.407	2079.2	168			GOOD	CONVERGED		
mp-23803	Ga2H2O4	8	done		2026-04-29 10:44:30	legacy(ctrl+GWinput)	~/bin2	5	CONVERGED	v3 2026-05-18 20:47:08 iter 9			1	9	5.8770, 5.7502, 5.8429, 5.8492	0.0990	0.095	3.334	5.849	2019.2	170			GOOD	CONVERGED		
mp-23807	Al2H2O4	8	done		2026-04-29 12:28:55	legacy(ctrl+GWinput)	~/bin2	8	OK_MAXITER_NOTCONV	v3 2026-05-18 20:26:35 iter 10			1	10	8.5507, 8.4200			5.597	8.420	2145.4	156			NOTCONV	MAXITER_NOTCONV	continue (more iterations)	
mp-23846	K2H2F4	8	done		2026-04-29 12:38:44	legacy(ctrl+GWinput)	~/bin2	5	CONVERGED	v3 2026-05-18 21:50:58 iter 10			1	10	11.8724, 11.6108, 11.8059, 11.7967, 11.7485	0.0574	0.068	6.887	11.748	816.8	85			GOOD	CONVERGED		
mp-239	Ba2S6	8	done		2026-04-29 14:31:05	legacy(ctrl+GWinput)	~/bin2	5	CONVERGED	v3 2026-05-18 23:08:16 iter 10			1	10	2.9877, 3.1648, 3.0688, 3.0480, 3.0432	0.0257	0.027	1.272	3.043	643.6	230			GOOD	CONVERGED		
mp-23933	Al2H6	8	done		2026-04-29 13:39:20	legacy(ctrl+GWinput)	~/bin2	5	CONVERGED	s1 2026-05-11 10:47:23 iter 9			1	9	5.0544, 5.1572, 5.1727, 5.1248	0.0479	0.041	2.146	5.125	616.9	65			GOOD	CONVERGED		
mp-2400	Na4S4	8	done		2026-04-29 15:01:24	legacy(ctrl+GWinput)	~/bin2	5	CONVERGED	v3 2026-05-18 22:51:41 iter 8			1	8	3.3679, 3.3440, 3.3556	0.0239	0.027	1.067	3.356	281.9	142			GOOD	CONVERGED		
mp-24066	Sr2H2Cl2O2	8	done		2026-04-29 15:06:44	legacy(ctrl+GWinput)	~/bin2	5	OK_MAXITER_NOTCONV	v3 2026-05-18 23:39:14 iter 10			1	10	5.6615, 4.8322, 5.3526, 5.4451, 5.5428	0.1902	0.190	4.770	5.543	984.3	137			NOTCONV	MAXITER_NOTCONV	continue (more iterations)	
mp-2437	Ir2F6	8	done		2026-04-29 15:32:41	legacy(ctrl+GWinput)	~/bin2	5	OK_MAXITER_NOTCONV	v3 2026-05-19 00:23:54 iter 10			1	10	4.0828, 5.4634, 4.6499, 4.5462, 4.5107	0.1392	0.136	0.999	4.511	490.4	88			NOTCONV	MAXITER_NOTCONV	continue (more iterations)	
mp-24428	K2H4N2	8	done		2026-05-01 08:48:17	legacy(ctrl+GWinput)	~/bin2_dev	8	OK_MAXITER_NOTCONV	v3 2026-05-19 00:19:46 iter 10			1	10	5.0490, 4.9640			1.936	4.964	2039.7	146			NOTCONV	MAXITER_NOTCONV	continue (more iterations)	
mp-24668	Cs2H2F4	8	done		2026-04-29 17:00:13	legacy(ctrl+GWinput)	~/bin2	7	OK_MAXITER_NOTCONV	v3 2026-05-19 01:10:51 iter 10			1	10	9.8755, 10.2717, 10.4543	0.5788	0.571	6.283	10.454	778.0	78			NOTCONV	MAXITER_NOTCONV	continue (more iterations)	
mp-2488	Si4Os4	8	done		2026-05-10 06:50:42	TOML(ctrlG+PB)	~/bin2	5	CONVERGED	v3 2026-05-19 01:19:53 iter 8			1	8	0.8343, 0.8200, 0.8207	0.0143	0.014	0.497	0.821	204.9	127			GOOD	CONVERGED		
mp-25	N8	8	done		2026-04-29 16:37:19	legacy(ctrl+GWinput)	~/bin2	5	OK_MAXITER_NOTCONV	v3 2026-05-19 01:34:56 iter 10			1	10	13.7797, 13.1523, 13.2239, 13.3416, 13.3426	0.1188	0.122	7.121	13.343	1175.7	69			NOTCONV	MAXITER_NOTCONV	continue (more iterations)	
mp-2507	Ga4S4	8	done		2026-05-09 11:27:04	TOML(ctrlG+PB)	~/bin2	5	CONVERGED	v3 2026-05-19 01:45:32 iter 8			1	8	3.1223, 3.0444, 3.0849	0.0779	0.068	1.583	3.085	267.3	152			GOOD	CONVERGED		
mp-25469	Al2Cl6	8	done		2026-05-04 16:34:02	TOML(ctrlG+PB)	~/bin2	5	CONVERGED	v3 2026-05-19 02:31:48 iter 8			1	8	7.9992, 8.0405, 8.0105	0.0413	0.041	5.033	8.011	691.9	218			GOOD	CONVERGED		
mp-2552	Te2O6	8	done		2026-05-04 15:27:42	TOML(ctrlG+PB)	~/bin2	5	CONVERGED	v3 2026-05-19 02:35:47 iter 10			1	10	3.2597, 3.2791, 3.1296, 3.1485, 3.1739	0.0443	0.041	1.446	3.174	507.5	86			GOOD	CONVERGED		
mp-2672	K4O4	8	done		2026-05-04 16:11:45	TOML(ctrlG+PB)	~/bin2	5	CONVERGED	v3 2026-05-19 04:22:34 iter 10			1	10	5.6314, 5.2605, 5.4139, 5.4434, 5.4357	0.0295	0.027	2.318	5.436	622.9	170			GOOD	CONVERGED		
mp-27397	Ir2Br6	8	done		2026-05-04 18:04:53	TOML(ctrlG+PB)	~/bin2	5	CONVERGED	v3 2026-05-19 06:44:52 iter 8			1	8	3.1080, 3.1097, 3.0609	0.0488	0.054	1.265	3.061	379.0	227			GOOD	CONVERGED		
mp-27419	LiBiF6	8	failed	bmix_min	2026-05-01 00:44:19	legacy(ctrl+GWinput)	~/bin2_dev	0	never				0	0				2.662			13		OK sigma_m=548.1	FAILED	PROD_bmix_min	rerun from scratch with --prec=fp32	fp32 1-iteration check OK in ~/DATA/gw1500fp32/mp-27419_v2 (no converged result)
mp-27420	NaBiF6	8	done		2026-04-29 21:24:11	legacy(ctrl+GWinput)	~/bin2	5	OK_MAXITER_NOTCONV	v3 2026-05-19 08:14:47 iter 10			1	10	8.1073, 6.7955, 7.3506, 7.1206, 6.9131	0.4375	0.435	2.858	6.913	591.6	103			NOTCONV	MAXITER_NOTCONV	continue (more iterations)	
mp-27421	RbBiF6	8	done		2026-05-04 16:36:23	TOML(ctrlG+PB)	~/bin2	5	CONVERGED	v3 2026-05-19 08:03:49 iter 9			1	9	6.6066, 6.7070, 6.7508, 6.6522	0.0985	0.095	2.802	6.652	506.8	97			GOOD	CONVERGED		
mp-27422	CsBiF6	8	done		2026-05-04 16:44:19	TOML(ctrlG+PB)	~/bin2	5	OK_MAXITER_NOTCONV	v3 2026-05-19 08:40:30 iter 10			1	10	0.1745, 1.9772, 7.1362, 7.1906, 7.4723	0.3361	0.340	2.914	7.472	544.5	107			NOTCONV	MAXITER_NOTCONV	continue (more iterations)	
mp-27455	Y2Cl6	8	done		2026-05-04 21:00:49	TOML(ctrlG+PB)	~/bin2	5	OK_MAXITER_NOTCONV	v3 2026-05-19 11:52:16 iter 10			1	10	8.7785, 7.7956, 8.0739, 7.9432, 7.7732	0.3007	0.299	4.546	7.773	503.6	286			NOTCONV	MAXITER_NOTCONV	continue (more iterations)	
mp-27529	P2I6	8	done		2026-05-04 21:53:51	TOML(ctrlG+PB)	~/bin2	5	CONVERGED	v3 2026-05-19 12:26:05 iter 9			1	9	3.8732, 3.7316, 3.7979, 3.8042	0.0725	0.082	2.001	3.804	246.1	200			GOOD	CONVERGED		
mp-27666	Ir2Cl6	8	done		2026-04-30 05:48:54	legacy(ctrl+GWinput)	~/bin2	5	CONVERGED	v3 2026-05-19 12:48:14 iter 10			1	10	3.6681, 4.2205, 4.0397, 3.9701, 3.9616	0.0781	0.082	1.623	3.962	716.0	259			GOOD	CONVERGED		
mp-27725	Au4I4	8	done		2026-04-30 06:04:22	legacy(ctrl+GWinput)	~/bin2	6	CONVERGED	v3 2026-05-19 14:34:44 iter 9			1	9	3.0896, 3.1028, 3.0735	0.0293	0.027	1.609	3.074	198.9	210			GOOD	CONVERGED		
mp-27729	I2Cl6	8	done		2026-04-30 07:31:50	legacy(ctrl+GWinput)	~/bin2	5	CONVERGED	v3 2026-05-19 16:51:42 iter 8			1	8	4.2753, 4.2937, 4.3482	0.0729	0.082	1.621	4.348	857.4	322			GOOD	CONVERGED		
mp-27770	Rh2Cl6	8	done		2026-04-30 05:36:56	legacy(ctrl+GWinput)	~/bin2	5	CONVERGED	v3 2026-05-19 17:52:57 iter 10			1	10	3.2646, 3.3191, 3.4313, 3.3933, 3.3884	0.0430	0.041	1.333	3.388	638.1	260			GOOD	CONVERGED		
mp-27801	Tl2Ag2I4	8	done		2026-04-30 05:32:13	legacy(ctrl+GWinput)	~/bin2	5	CONVERGED	v3 2026-05-19 17:12:20 iter 8			1	8	2.7035, 2.7138, 2.7365	0.0329	0.027	1.438	2.736	73.1	161			GOOD	CONVERGED		
mp-27871	Rh2Br6	8	done		2026-04-30 05:12:14	legacy(ctrl+GWinput)	~/bin2	5	CONVERGED	v3 2026-05-19 20:43:21 iter 9			1	9	2.7525, 2.6757, 2.6230, 2.6114	0.0642	0.068	1.016	2.611	347.4	246			GOOD	CONVERGED		
mp-27999	K5CuSb2	8	done		2026-04-30 01:58:24	legacy(ctrl+GWinput)	~/bin2	5	CONVERGED	v3 2026-05-20 00:42:49 iter 10			1	10	1.6216, 2.5315, 1.9968, 1.9250, 1.8993	0.0974	0.095	0.635	1.899	205.9	254			GOOD	CONVERGED		
mp-28099	S4Br4	8	done		2026-04-30 01:53:51	legacy(ctrl+GWinput)	~/bin2	5	CONVERGED	v3 2026-05-20 00:39:18 iter 8			1	8	4.1134, 4.1010, 4.0971	0.0163	0.014	1.964	4.097	925.7	273			GOOD	CONVERGED		
mp-28237	Rb2Li2Br4	8	done		2026-04-30 01:24:29	legacy(ctrl+GWinput)	~/bin2	5	CONVERGED	v3 2026-05-20 04:28:23 iter 10			1	10	6.7833, 7.0863, 6.9434, 6.9562, 6.9420	0.0143	0.014	4.075	6.942	178.2	233			GOOD	CONVERGED		
mp-28243	Rb2Li2Cl4	8	done		2026-04-30 01:21:45	legacy(ctrl+GWinput)	~/bin2	5	CONVERGED	v3 2026-05-20 04:12:43 iter 10			1	10	7.9665, 8.1413, 8.0281, 8.0292, 8.0250	0.0042	0.000	4.887	8.025	255.4	235			GOOD	CONVERGED		
mp-28553	Ca4I2N2	8	done		2026-04-30 00:50:00	legacy(ctrl+GWinput)	~/bin2	5	CONVERGED	v3 2026-05-20 05:30:39 iter 9			1	9	3.6160, 3.5360, 3.5097, 3.5455	0.0358	0.041	2.261	3.545	119.5	135			GOOD	CONVERGED		
mp-28994	K2Li4As2	8	done		2026-04-30 01:30:53	legacy(ctrl+GWinput)	~/bin2	5	CONVERGED	v3 2026-05-20 08:37:12 iter 8			1	8	1.7977, 1.8026, 1.8130	0.0153	0.014	0.644	1.813	240.5	172			GOOD	CONVERGED		
mp-29025	Li5Br2N	8	done		2026-05-08 21:47:23	TOML(ctrlG+PB)	~/bin2	5	FAIL(rc=3,no-gap-in-llmf)	v3 2026-05-20 07:46:52			1	6				2.448		1094.1	1079			FAILED	NOGAP_GAP_COLLAPSED(LDA gap 2.45 eV)	rerun from scratch with --prec=fp32	
mp-29027	Ta2I4O2	8	done		2026-05-04 22:19:49	TOML(ctrlG+PB)	~/bin2	5	FAIL(rc=3,no-gap-in-llmf)	v3 2026-05-20 09:09:26			1	7				0.741		766.0	3522			FAILED	NOGAP_GAP_COLLAPSED(LDA gap 0.74 eV, previous QSGW iteration 0.99 eV)	rerun from scratch with --prec=fp32	
mp-29047	Tl3VO4	8	failed	NaN_lqpe	2026-05-01 10:15:43	legacy(ctrl+GWinput)	~/bin2_dev	1	never				0	1				2.332		nan	84		OK sigma_m=661.3	FAILED	PROD_NaN_lqpe	rerun from scratch with --prec=fp32	fp32 1-iteration check OK in ~/DATA/gw1500fp32/mp-29047_v2 (no converged result)
mp-29151	Li5NCl2	8	done		2026-05-01 10:31:34	legacy(ctrl+GWinput)	~/bin2_dev	5	FAIL(rc=3,no-gap-in-llmf)	v3 2026-05-20 08:41:45			1	6				2.064		112.9	702			FAILED	NOGAP_GAP_COLLAPSED(LDA gap 2.06 eV, previous QSGW iteration 3.69 eV)	rerun from scratch with --prec=fp32	
mp-2918	Y2Cu2O4	8	done		2026-05-01 10:27:21	legacy(ctrl+GWinput)	~/bin2_dev	5	OK_MAXITER_NOTCONV	v3 2026-05-20 10:18:15 iter 10			1	10	4.5307, 3.1156, 3.8782, 4.0487, 3.7439	0.3048	0.313	2.728	3.744	249.0	112			NOTCONV	MAXITER_NOTCONV	continue (more iterations)	
mp-29504	Cl4F4	8	done		2026-05-04 21:39:02	TOML(ctrlG+PB)	~/bin2	5	OK_MAXITER_NOTCONV	v3 2026-05-20 14:09:07 iter 10			1	10	5.6740, 6.1135, 5.5236, 5.7430, 5.7043	0.2194	0.218	1.850	5.704	1830.5	198			NOTCONV	MAXITER_NOTCONV	continue (more iterations)	
mp-29506	Cs2Bi2O4	8	done		2026-05-04 22:06:28	TOML(ctrlG+PB)	~/bin2	5	CONVERGED	v3 2026-05-20 14:48:04 iter 10			1	10	4.0273, 4.2536, 4.1338, 4.1257, 4.1265	0.0081	0.014	2.282	4.126	567.8	206			GOOD	CONVERGED		
mp-29521	Rb2Bi2O4	8	done		2026-05-04 22:51:55	TOML(ctrlG+PB)	~/bin2	5	CONVERGED	v3 2026-05-20 14:18:58 iter 8			1	8	3.8810, 3.8554, 3.9288	0.0734	0.082	1.981	3.929	562.7	172			GOOD	CONVERGED		
mp-2961	Mg2Si2P4	8	done		2026-05-01 11:07:27	legacy(ctrl+GWinput)	~/bin2_dev	5	CONVERGED	v3 2026-05-20 15:30:46 iter 8			1	8	2.1365, 2.1431, 2.1283	0.0148	0.027	1.217	2.128	316.3	156			GOOD	CONVERGED		
mp-29764	Rb2H2F4	8	done		2026-05-04 23:30:01	TOML(ctrlG+PB)	~/bin2	5	FAIL(rc=3,no-gap-in-llmf)	v3 2026-05-20 15:59:51			1	6				6.584		4815.8	638			FAILED	NOGAP_GAP_COLLAPSED(LDA gap 6.58 eV)	rerun from scratch with --prec=fp32	
mp-30200	Bi2CO5	8	done		2026-05-05 00:32:10	TOML(ctrlG+PB)	~/bin2	5	CONVERGED	v3 2026-05-20 20:05:09 iter 8			1	8	2.6092, 2.6436, 2.5920	0.0516	0.041	0.945	2.592	788.6	150			GOOD	CONVERGED		
mp-3078	Cd2Si2As4	8	failed	NaN_lsc	2026-05-03 23:05:15	TOML(ctrlG+PB)	~/bin2	0	never				0	0				0.393		nan	29		OK sigma_m=208.3	FAILED	PROD_NaN_lsc	rerun from scratch with --prec=fp32	fp32 1-iteration check OK in ~/DATA/gw1500fp32/mp-3078_v2 (no converged result)
mp-30952	Ga2Cl6	8	done		2026-05-01 19:11:54	legacy(ctrl+GWinput)	~/bin2_dev	8	OK_MAXITER_NOTCONV	v3 2026-05-20 21:34:00 iter 10			1	10	7.7362, 7.6817			3.881	7.682	1166.8	277			NOTCONV	MAXITER_NOTCONV	continue (more iterations)	
mp-30965	Na2Cl2O4	8	done		2026-04-30 16:00:37	legacy(ctrl+GWinput)	~/bin2_dev	5	CONVERGED	v3 2026-05-20 22:40:46 iter 10			1	10	5.9750, 6.7779, 6.4580, 6.4967, 6.4031	0.0937	0.082	2.197	6.403	1702.1	172			GOOD	CONVERGED		
mp-3098	Al2Cu2O4	8	done		2026-05-01 15:21:55	legacy(ctrl+GWinput)	~/bin2_dev	9	OK_MAXITER_NOTCONV	v3 2026-05-20 20:32:18 iter 10			1	10	3.8069			2.041	3.807	410.5	96			NOTCONV	MAXITER_NOTCONV	continue (more iterations)	
mp-30988	K2Bi2O4	8	done		2026-05-01 16:07:06	legacy(ctrl+GWinput)	~/bin2_dev	5	CONVERGED	v3 2026-05-20 22:50:57 iter 9			1	9	3.1309, 3.2662, 3.2119, 3.2096	0.0566	0.054	1.700	3.210	544.0	183			GOOD	CONVERGED		
mp-3104	Ba2Zr2N4	8	done		2026-05-01 15:32:14	legacy(ctrl+GWinput)	~/bin2_dev	8	OK_MAXITER_NOTCONV	v3 2026-05-20 22:33:14 iter 10			1	10	2.4338, 2.4486			0.940	2.449	323.2	144			NOTCONV	MAXITER_NOTCONV	continue (more iterations)	
mp-31368	K2Cl2O4	8	done		2026-05-01 15:42:20	legacy(ctrl+GWinput)	~/bin2_dev	5	CONVERGED	v3 2026-05-21 00:04:53 iter 9			1	9	6.0314, 5.9288, 5.8967, 5.9556	0.0588	0.068	2.097	5.956	1118.7	148			GOOD	CONVERGED		
mp-322	Tl4S4	8	done		2026-05-01 15:57:06	legacy(ctrl+GWinput)	~/bin2_dev	6	CONVERGED	v3 2026-05-21 01:57:08 iter 9			1	9	1.4361, 1.4304, 1.4304	0.0057	0.014	0.461	1.430	221.8	175			GOOD	CONVERGED		
mp-32780	Au4Cl4	8	done		2026-04-30 17:00:59	legacy(ctrl+GWinput)	~/bin2_dev	5	CONVERGED	v3 2026-05-21 02:58:32 iter 9			1	9	3.1622, 3.3314, 3.2326, 3.2393	0.0988	0.095	1.702	3.239	307.1	153			GOOD	CONVERGED		
mp-34903	Mg2Ge2P4	8	done		2026-04-30 17:24:17	legacy(ctrl+GWinput)	~/bin2_dev	5	CONVERGED	v3 2026-05-21 04:24:58 iter 8			1	8	2.1132, 2.1598, 2.1930	0.0797	0.082	1.335	2.193	303.8	169			GOOD	CONVERGED		
mp-3524	Li2P2N4	8	done		2026-05-01 17:26:20	legacy(ctrl+GWinput)	~/bin2_dev	7	CONVERGED	v3 2026-05-21 04:28:31 iter 10			1	10	5.4454, 5.5038, 5.5145	0.0691	0.068	3.618	5.514	883.0	90			GOOD	CONVERGED		
mp-3595	Zn2Si2As4	8	done		2026-05-01 18:01:26	legacy(ctrl+GWinput)	~/bin2_dev	8	OK_MAXITER_NOTCONV	v3 2026-05-21 05:16:53 iter 10			1	10	1.7188, 1.7334			0.952	1.733	276.8	197			NOTCONV	MAXITER_NOTCONV	continue (more iterations)	
mp-3642	Sc2Cu2O4	8	done		2026-05-01 17:31:16	legacy(ctrl+GWinput)	~/bin2_dev	6	CONVERGED	v3 2026-05-21 05:50:16 iter 9			1	9	4.1660, 4.1701, 4.1690	0.0041	0.000	2.400	4.169	364.4	99			GOOD	CONVERGED		
mp-3668	Cd2Ge2P4	8	done		2026-05-01 18:16:28	legacy(ctrl+GWinput)	~/bin2_dev	5	CONVERGED	v3 2026-05-21 06:24:12 iter 8			1	8	1.5592, 1.5902, 1.5718	0.0309	0.027	0.621	1.572	295.5	171			GOOD	CONVERGED		
mp-3744	Na2Nb2O4	8	done		2026-05-01 17:36:15	legacy(ctrl+GWinput)	~/bin2_dev	5	CONVERGED	v3 2026-05-21 06:26:39 iter 9			1	9	2.6378, 2.7492, 2.6823, 2.7098	0.0669	0.068	1.431	2.710	242.3	99			GOOD	CONVERGED		
mp-3762	VCu3S4	8	done		2026-05-01 19:21:39	legacy(ctrl+GWinput)	~/bin2_dev	5	CONVERGED	v3 2026-05-21 07:04:17 iter 8			1	8	2.0080, 1.9601, 1.9592	0.0487	0.054	0.998	1.959	325.9	125			GOOD	CONVERGED		
mp-3785	Tl2Ga2Te4	8	done		2026-05-01 20:01:50	legacy(ctrl+GWinput)	~/bin2_dev	5	CONVERGED	v3 2026-05-21 08:18:04 iter 8			1	8	1.0828, 1.0930, 1.0849	0.0101	0.000	0.452	1.085	110.9	167			GOOD	CONVERGED		
mp-3829	Cd2Sn2As4	8	done		2026-05-01 20:16:45	legacy(ctrl+GWinput)	~/bin2_dev	6	CONVERGED	v3 2026-05-21 08:29:32 iter 9			1	9	0.0595, 0.0628, 0.0628	0.0034	0.014	0.111	0.063	172.7	194			GOOD	CONVERGED		
mp-3839	Ga2Cu2Te4	8	done		2026-05-01 20:26:55	legacy(ctrl+GWinput)	~/bin2_dev	5	CONVERGED	v3 2026-05-21 09:14:36 iter 8			1	8	1.2422, 1.2056, 1.2189	0.0366	0.027	0.223	1.219	188.2	180			GOOD	CONVERGED		
mp-3924	Li2Nb2O4	8	done		2026-05-01 20:01:50	legacy(ctrl+GWinput)	~/bin2_dev	5	CONVERGED	v3 2026-05-21 09:25:19 iter 9			1	9	2.8267, 2.7048, 2.7822, 2.7972	0.0924	0.095	1.584	2.797	189.7	77			GOOD	CONVERGED		
mp-3980	LiSbF6	8	done		2026-05-01 20:52:18	legacy(ctrl+GWinput)	~/bin2_dev	5	OK_MAXITER_NOTCONV	v3 2026-05-21 10:04:56 iter 10			1	10	10.9972, 9.5229, 9.7837, 9.7319, 10.2062	0.4743	0.476	5.111	10.206	782.0	85			NOTCONV	MAXITER_NOTCONV	continue (more iterations)	
mp-3982	K2Cu2O4	8	done		2026-05-01 21:17:15	legacy(ctrl+GWinput)	~/bin2_dev	5	OK_MAXITER_NOTCONV	v3 2026-05-21 10:51:51 iter 10			1	10	4.5659, 5.3839, 4.7090, 4.4027, 3.8098	0.8992	0.898	0.731	3.810	747.6	166			NOTCONV	MAXITER_NOTCONV	continue (more iterations)	
mp-4008	Zn2Ge2As4	8	done		2026-05-01 21:57:32	legacy(ctrl+GWinput)	~/bin2_dev	5	CONVERGED	v3 2026-05-21 10:41:07 iter 8			1	8	1.0239, 1.0362, 1.0284	0.0123	0.014	0.008	1.028	276.0	186			GOOD	CONVERGED		
mp-4009	Ba2Pd2S4	8	done		2026-05-01 22:22:20	legacy(ctrl+GWinput)	~/bin2_dev	6	CONVERGED	v3 2026-05-21 11:33:26 iter 10			1	10	1.3544, 1.4619, 1.4433, 1.4501	0.0186	0.014	0.227	1.450	419.5	249			GOOD	CONVERGED		
mp-4043	NbCu3Se4	8	done		2026-05-01 22:07:06	legacy(ctrl+GWinput)	~/bin2_dev	5	CONVERGED	v3 2026-05-21 10:37:12 iter 8			1	8	2.2343, 2.2734, 2.2928	0.0584	0.068	1.319	2.293	175.0	127			GOOD	CONVERGED		
mp-4081	TaCu3Se4	8	done		2026-05-01 22:17:17	legacy(ctrl+GWinput)	~/bin2_dev	5	CONVERGED	v3 2026-05-21 11:40:29 iter 8			1	8	2.5990, 2.6667, 2.6297	0.0677	0.068	1.571	2.630	181.3	127			GOOD	CONVERGED		
mp-4175	Zn2Sn2P4	8	done		2026-05-01 22:57:44	legacy(ctrl+GWinput)	~/bin2_dev	8	OK_MAXITER_NOTCONV	v3 2026-05-21 11:38:02 iter 10			1	10	1.5747, 1.5791			0.657	1.579	341.2	213			NOTCONV	MAXITER_NOTCONV	continue (more iterations)	
mp-4266	KAsF6	8	done		2026-05-01 23:07:40	legacy(ctrl+GWinput)	~/bin2_dev	6	CONVERGED	v3 2026-05-21 11:55:45 iter 9			1	9	10.3719, 10.2721, 10.3244	0.0997	0.095	5.176	10.324	826.2	85			GOOD	CONVERGED		
mp-4524	Zn2Ge2P4	8	done		2026-05-01 23:43:09	legacy(ctrl+GWinput)	~/bin2_dev	5	CONVERGED	v3 2026-05-21 13:53:44 iter 8			1	8	1.9558, 1.9753, 1.9633	0.0196	0.014	1.117	1.963	383.2	181			GOOD	CONVERGED		
mp-4586	Li2Al2Te4	8	done		2026-05-02 00:02:32	legacy(ctrl+GWinput)	~/bin2_dev	5	CONVERGED	v3 2026-05-21 14:36:32 iter 8			1	8	3.4030, 3.4856, 3.4845	0.0826	0.082	2.306	3.485	147.4	141			GOOD	CONVERGED		
mp-4608	KPF6	8	done		2026-05-01 23:42:30	legacy(ctrl+GWinput)	~/bin2_dev	5	CONVERGED	v3 2026-05-21 14:15:39 iter 8			1	8	12.0874, 12.0687, 12.0939	0.0252	0.027	7.257	12.094	1145.2	77			GOOD	CONVERGED		
mp-4666	Cd2Si2P4	8	done		2026-05-01 23:57:46	legacy(ctrl+GWinput)	~/bin2_dev	5	CONVERGED	v3 2026-05-21 15:00:39 iter 8			1	8	2.0085, 1.9819, 1.9818	0.0267	0.027	1.266	1.982	297.8	158			GOOD	CONVERGED		
mp-468	Al2F6	8	done		2026-05-02 00:08:07	legacy(ctrl+GWinput)	~/bin2_dev	7	FAIL(rc=3,no-gap-in-llmf)	v3 2026-05-21 14:28:55			1	8				7.890		5631.3	445			FAILED	NOGAP_GAP_COLLAPSED(LDA gap 7.89 eV, previous QSGW iteration 12.87 eV)	rerun from scratch with --prec=fp32	
mp-4763	Zn2Si2P4	8	done		2026-05-02 00:48:04	legacy(ctrl+GWinput)	~/bin2_dev	6	CONVERGED	v3 2026-05-21 16:13:43 iter 9			1	9	1.9783, 1.9570, 1.9814	0.0244	0.027	1.199	1.981	388.3	182			GOOD	CONVERGED		
mp-4782	CaSnF6	8	done		2026-05-02 01:37:58	legacy(ctrl+GWinput)	~/bin2_dev	5	OK_MAXITER_NOTCONV	v3 2026-05-21 17:05:05 iter 10			1	10	20.3634, 8.6418, 9.8452, 10.0109, 9.9299	0.1657	0.163	5.495	9.930	627.1	100			NOTCONV	MAXITER_NOTCONV	continue (more iterations)	
mp-4840	Ga2Cu2Se4	8	done		2026-05-02 01:48:51	legacy(ctrl+GWinput)	~/bin2_dev	6	CONVERGED	v3 2026-05-21 17:24:38 iter 9			1	9	1.1866, 1.2715, 1.2315	0.0849	0.082	0.077	1.231	266.4	188			GOOD	CONVERGED		
mp-4899	Ga2Ag2Te4	8	done		2026-05-02 02:53:17	legacy(ctrl+GWinput)	~/bin2_dev	5	CONVERGED	v3 2026-05-21 18:13:16 iter 8			1	8	1.1935, 1.2088, 1.2379	0.0444	0.041	0.135	1.238	152.4	181			GOOD	CONVERGED		
mp-4953	Cd2Ge2As4	8	done		2026-05-02 02:27:59	legacy(ctrl+GWinput)	~/bin2_dev	5	CONVERGED	v3 2026-05-21 18:27:21 iter 8			1	8	0.3775, 0.3812, 0.3801	0.0037	0.000	0.132	0.380	208.6	175			GOOD	CONVERGED		
mp-4979	Al2Cu2S4	8	done		2026-05-02 02:03:30	legacy(ctrl+GWinput)	~/bin2_dev	5	CONVERGED	v3 2026-05-21 18:37:04 iter 8			1	8	3.0470, 3.0670, 3.0895	0.0425	0.041	1.767	3.090	410.4	157			GOOD	CONVERGED		
mp-5038	Cs2Ga2S4	8	done		2026-05-02 04:28:40	legacy(ctrl+GWinput)	~/bin2_dev	5	CONVERGED	v3 2026-05-21 20:57:17 iter 8			1	8	4.9586, 4.9207, 4.9775	0.0568	0.054	2.882	4.977	623.7	258			GOOD	CONVERGED		
mp-504535	In2H2O4	8	done		2026-05-02 04:03:14	legacy(ctrl+GWinput)	~/bin2_dev	5	CONVERGED	v3 2026-05-21 19:41:23 iter 8			1	8	3.8948, 3.9014, 3.8875	0.0139	0.014	1.880	3.888	1697.4	158			GOOD	CONVERGED		
mp-5048	Li2Ga2Te4	8	done		2026-05-02 04:44:18	legacy(ctrl+GWinput)	~/bin2_dev	5	CONVERGED	v3 2026-05-21 20:33:42 iter 8			1	8	2.7717, 2.8244, 2.8098	0.0527	0.054	1.569	2.810	171.3	153			GOOD	CONVERGED		
mp-505366	Au4Br4	8	done		2026-05-02 05:09:11	legacy(ctrl+GWinput)	~/bin2_dev	6	CONVERGED	v3 2026-05-21 21:09:23 iter 9			1	9	3.0976, 3.1023, 3.0962	0.0061	0.000	1.457	3.096	271.8	201			GOOD	CONVERGED		
mp-510273	Cs2Sb2O4	8	done		2026-05-02 05:28:37	legacy(ctrl+GWinput)	~/bin2_dev	6	OK_MAXITER_NOTCONV	v3 2026-05-21 23:06:47 iter 10			1	10	4.4465, 4.4980, 4.3872, 4.3720	0.1260	0.136	2.347	4.372	760.6	201			NOTCONV	MAXITER_NOTCONV	continue (more iterations)	
mp-510421	Cr2O6	8	done		2026-05-02 05:08:37	legacy(ctrl+GWinput)	~/bin2_dev	6	OK_MAXITER_NOTCONV	v3 2026-05-21 22:28:18 iter 10			1	10	4.5760, 4.1494, 4.0739, 4.0106	0.1388	0.136	1.907	4.011	1989.2	162			NOTCONV	MAXITER_NOTCONV	continue (more iterations)	
mp-510557	Cs2N6	8	failed	NaN_lqpe	2026-05-02 05:58:15	legacy(ctrl+GWinput)	~/bin2_dev	5	never				0	5				4.080		nan	76		OK sigma_m=640.0	FAILED	PROD_NaN_lqpe	rerun from scratch with --prec=fp32	fp32 1-iteration check OK in ~/DATA/gw1500fp32/mp-510557_v2 (no converged result)
mp-510657	VCu3O4	8	done		2026-05-02 06:19:13	legacy(ctrl+GWinput)	~/bin2_dev	5	CONVERGED	v3 2026-05-21 22:14:47 iter 8			1	8	0.6686, 0.7246, 0.7169	0.0560	0.054	0.219	0.717	512.5	107			GOOD	CONVERGED		
mp-5213	Cd2Sn2P4	8	done		2026-05-02 07:20:09	legacy(ctrl+GWinput)	~/bin2_dev	5	CONVERGED	v3 2026-05-21 23:14:36 iter 8			1	8	1.0003, 1.0015, 1.0032	0.0029	0.000	0.173	1.003	239.7	174			GOOD	CONVERGED		
mp-5238	Ga2Cu2S4	8	done		2026-05-02 07:14:07	legacy(ctrl+GWinput)	~/bin2_dev	5	CONVERGED	v3 2026-05-21 23:41:52 iter 8			1	8	1.9183, 1.9401, 1.9322	0.0218	0.027	0.784	1.932	415.4	170			GOOD	CONVERGED		
mp-5256	K2Cu2C4	8	done		2026-05-02 07:34:38	legacy(ctrl+GWinput)	~/bin2_dev	6	CONVERGED	v3 2026-05-22 00:02:03 iter 9			1	9	4.0170, 3.9512, 3.9991	0.0658	0.068	1.942	3.999	490.3	133			GOOD	CONVERGED		
mp-5342	Ga2Ag2S4	8	done		2026-05-02 07:54:08	legacy(ctrl+GWinput)	~/bin2_dev	7	CONVERGED	v3 2026-05-22 00:56:00 iter 10			1	10	2.3669, 2.3873, 2.3710	0.0203	0.014	0.882	2.371	363.1	199			GOOD	CONVERGED		
mp-541226	CsBrF6	8	done		2026-05-02 08:33:37	legacy(ctrl+GWinput)	~/bin2_dev	5	OK_MAXITER_NOTCONV	v3 2026-05-22 03:22:18 iter 10			1	10	5.9947, 0.0740, 2.0667, 6.0012, 8.1986	6.1319	6.136	4.040	8.199	950.3	102			NOTCONV	MAXITER_NOTCONV	continue (more iterations)	
mp-5414	Na2Sb2S4	8	done		2026-05-02 09:59:53	legacy(ctrl+GWinput)	~/bin2_dev	5	CONVERGED	v3 2026-05-22 03:53:01 iter 9			1	9	1.9929, 1.7826, 1.8209, 1.8069	0.0382	0.041	0.799	1.807	450.9	269			GOOD	CONVERGED		
mp-5425	Rb2Cu2C4	8	done		2026-05-02 10:09:54	legacy(ctrl+GWinput)	~/bin2_dev	5	CONVERGED	v3 2026-05-22 05:29:32 iter 9			1	9	4.0671, 3.9316, 4.0188, 4.0136	0.0872	0.082	1.951	4.014	447.9	145			GOOD	CONVERGED		
mp-542772	Cs2Ag2Cl4	8	done		2026-05-02 11:36:31	legacy(ctrl+GWinput)	~/bin2_dev	7	OK_MAXITER_NOTCONV	v3 2026-05-22 06:02:40 iter 10			1	10	3.9103, 4.6497, 4.5523	0.7394	0.748	2.095	4.552	236.4	279			NOTCONV	MAXITER_NOTCONV	continue (more iterations)	
mp-545730	Ag2C2N2O2	8	failed	bmix_min	2026-05-02 07:39:39	legacy(ctrl+GWinput)	~/bin2_dev	0	never				0	0				1.135		458343.5	24		OK sigma_m=798.9	FAILED	PROD_bmix_min	rerun from scratch with --prec=fp32	fp32 1-iteration check OK in ~/DATA/gw1500fp32/mp-545730_v2 (no converged result)
mp-546011	Y2Zn2As2O2	8	done		2026-04-30 23:44:13	legacy(ctrl+GWinput)	~/bin2_dev	5	CONVERGED	v3 2026-05-22 07:03:47 iter 8			1	8	1.9382, 1.9752, 1.9624	0.0370	0.041	1.107	1.962	212.4	166			GOOD	CONVERGED		
mp-548469	Ba2Zn2S2O2	8	done		2026-05-02 10:50:18	legacy(ctrl+GWinput)	~/bin2_dev	5	CONVERGED	v3 2026-05-22 10:23:27 iter 10			1	10	3.9613, 4.2540, 4.0964, 4.0693, 4.0529	0.0435	0.041	2.044	4.053	529.3	228			GOOD	CONVERGED		
mp-5488	Li2In2O4	8	done		2026-05-02 10:39:24	legacy(ctrl+GWinput)	~/bin2_dev	5	CONVERGED	v3 2026-05-22 09:51:51 iter 10			1	10	3.9690, 3.7065, 3.8514, 3.8434, 3.8549	0.0116	0.014	1.954	3.855	218.4	96			GOOD	CONVERGED		
mp-549590	Rb2Cl2O4	8	done		2026-05-02 11:59:07	legacy(ctrl+GWinput)	~/bin2_dev	5	CONVERGED	v3 2026-05-22 10:39:09 iter 9			1	9	6.1326, 6.0142, 5.9872, 6.0403	0.0531	0.054	2.149	6.040	1077.2	155			GOOD	CONVERGED		
mp-549720	Nb2I4O2	8	done		2026-05-02 15:26:15	legacy(ctrl+GWinput)	~/bin2_dev	5	CONVERGED	v3 2026-05-22 12:10:08 iter 9			1	9	1.8603, 1.7310, 1.6939, 1.6911	0.0398	0.041	0.597	1.691	798.9	297			GOOD	CONVERGED		
mp-550070	Nb2Br4O2	8	done		2026-05-02 15:36:04	legacy(ctrl+GWinput)	~/bin2_dev	5	CONVERGED	v3 2026-05-22 12:39:28 iter 9			1	9	2.4583, 2.3489, 2.3378, 2.3794	0.0416	0.041	0.700	2.379	683.6	289			GOOD	CONVERGED		
mp-550714	Pb4O4	8	done		2026-05-02 16:00:19	legacy(ctrl+GWinput)	~/bin2_dev	6	CONVERGED	v3 2026-05-22 13:46:24 iter 10			1	10	3.3310, 3.4021, 3.4401, 3.3724	0.0677	0.068	2.184	3.372	748.6	286			GOOD	CONVERGED		
mp-5513	Tl3VS4	8	done		2026-05-02 15:05:49	legacy(ctrl+GWinput)	~/bin2_dev	5	CONVERGED	v3 2026-05-22 15:11:52 iter 10			1	10	2.6982, 2.4194, 2.8948, 2.9471, 2.9462	0.0523	0.054	1.895	2.946	646.5	156			GOOD	CONVERGED		
mp-5518	Ga2Ag2Se4	8	done		2026-05-02 15:37:23	legacy(ctrl+GWinput)	~/bin2_dev	5	CONVERGED	v3 2026-05-22 16:03:05 iter 9			1	9	1.4928, 1.6482, 1.5575, 1.5543	0.0939	0.095	0.162	1.554	239.3	191			GOOD	CONVERGED		
mp-551816	YBi2IO4	8	done		2026-05-02 15:59:32	legacy(ctrl+GWinput)	~/bin2_dev	5	FAIL(rc=3,no-gap-in-llmf)	v3 2026-05-22 14:23:25			1	6				1.250		589.8	1151			FAILED	NOGAP_GAP_COLLAPSED(LDA gap 1.25 eV)	rerun from scratch with --prec=fp32	
mp-552131	Cs2Cl2O4	8	done		2026-05-02 18:36:47	legacy(ctrl+GWinput)	~/bin2_dev	6	CONVERGED	v3 2026-05-22 17:19:11 iter 10			1	10	5.6574, 5.5118, 5.5177, 5.5589	0.0471	0.054	2.122	5.559	1407.0	173			GOOD	CONVERGED		
mp-552169	Ag2Cl2O4	8	failed	NaN_lqpe	2026-05-02 18:51:16	legacy(ctrl+GWinput)	~/bin2_dev	4	never				0	4				0.651		nan	104		OK sigma_m=811.2	FAILED	PROD_NaN_lqpe	rerun from scratch with --prec=fp32	fp32 1-iteration check OK in ~/DATA/gw1500fp32/mp-552169_v2 (no converged result)
mp-552604	YBi2ClO4	8	failed	NaN_lqpe	2026-05-02 16:51:05	legacy(ctrl+GWinput)	~/bin2_dev	2	never				0	2				1.309		nan	69		OK sigma_m=206.7	FAILED	PROD_NaN_lqpe	rerun from scratch with --prec=fp32	fp32 1-iteration check OK in ~/DATA/gw1500fp32/mp-552604_v2 (no converged result)
mp-553243	YBi2BrO4	8	done		2026-05-02 18:48:00	legacy(ctrl+GWinput)	~/bin2_dev	5	CONVERGED	v3 2026-05-22 18:01:16 iter 8			1	8	2.5354, 2.5142, 2.5304	0.0212	0.014	1.293	2.530	227.0	136			GOOD	CONVERGED		
mp-553310	Cs2Cu2O4	8	done		2026-05-02 19:20:37	legacy(ctrl+GWinput)	~/bin2_dev	5	CONVERGED	v3 2026-05-22 18:57:30 iter 9			1	9	3.2368, 3.1596, 3.1297, 3.1551	0.0299	0.027	0.865	3.155	629.7	161			GOOD	CONVERGED		
mp-555166	BaAg2SnS4	8	done		2026-05-02 19:46:33	legacy(ctrl+GWinput)	~/bin2_dev	5	CONVERGED	v3 2026-05-22 20:44:16 iter 8			1	8	1.6144, 1.6450, 1.6259	0.0305	0.027	0.333	1.626	473.4	218			GOOD	CONVERGED		
mp-555718	SrNiF6	8	done		2026-04-30 22:58:59	legacy(ctrl+GWinput)	~/bin2_dev	5	FAIL(rc=3,no-gap-in-llmf)	v3 2026-05-22 19:12:28			1	6				1.192		2176.5	571			FAILED	NOGAP_GAP_COLLAPSED(LDA gap 1.19 eV)	rerun from scratch with --prec=fp32	
mp-555874	Li2As2S4	8	done		2026-05-02 20:11:51	legacy(ctrl+GWinput)	~/bin2_dev	5	CONVERGED	v3 2026-05-22 22:49:32 iter 9			1	9	1.9041, 2.0436, 2.0035, 1.9776	0.0660	0.068	1.024	1.978	786.1	299			GOOD	CONVERGED		
mp-555911	TlAsF6	8	done		2026-05-02 21:13:58	legacy(ctrl+GWinput)	~/bin2_dev	5	FAIL(rc=3,no-gap-in-llmf)	v3 2026-05-22 20:07:33			1	6				4.595		3634.6	902			FAILED	NOGAP_GAP_COLLAPSED(LDA gap 4.60 eV)	rerun from scratch with --prec=fp32	
mp-556742	Ga4S4	8	done		2026-04-30 23:24:09	legacy(ctrl+GWinput)	~/bin2_dev	5	CONVERGED	v3 2026-05-22 23:34:12 iter 9			1	9	3.1099, 3.1898, 3.2110, 3.1809	0.0301	0.027	1.582	3.181	268.3	165			GOOD	CONVERGED		
mp-556916	Ga2Ag2S4	8	done		2026-05-01 08:48:17	legacy(ctrl+GWinput)	~/bin2_dev	5	CONVERGED	v3 2026-05-22 23:18:18 iter 8			1	8	2.2121, 2.2143, 2.2382	0.0261	0.027	0.797	2.238	837.6	363			GOOD	CONVERGED		
mp-557179	Na2Sb2S4	8	done		2026-05-01 00:39:18	legacy(ctrl+GWinput)	~/bin2_dev	5	CONVERGED	v3 2026-05-22 23:05:14 iter 8			1	8	1.4506, 1.4463, 1.4387	0.0120	0.014	0.832	1.439	412.7	250			GOOD	CONVERGED		
mp-557510	Cu3TeS3Cl	8	done		2026-05-02 21:53:48	legacy(ctrl+GWinput)	~/bin2_dev	5	CONVERGED	v3 2026-05-23 00:41:19 iter 8			1	8	1.6395, 1.6281, 1.6488	0.0208	0.014	0.731	1.649	400.8	188			GOOD	CONVERGED		
mp-558312	Li4O4	8	done		2026-05-02 20:46:45	legacy(ctrl+GWinput)	~/bin2_dev	5	CONVERGED	s1 2026-05-11 15:42:15 iter 9			1	9	5.5089, 5.6961, 5.6438, 5.6127	0.0835	0.082	1.518	5.613	283.6	62			GOOD	CONVERGED		
mp-5588	BaSiF6	8	done		2026-04-30 23:05:36	legacy(ctrl+GWinput)	~/bin2_dev	5	CONVERGED	v3 2026-05-23 01:12:08 iter 10			1	10	11.9927, 12.2762, 12.1019, 12.1136, 12.1106	0.0117	0.014	7.452	12.111	893.3	90			GOOD	CONVERGED		
mp-559044	Cu2C2S2N2	8	done		2026-05-02 21:52:32	legacy(ctrl+GWinput)	~/bin2_dev	5	CONVERGED	v3 2026-05-23 01:25:53 iter 9			1	9	3.6550, 3.5492, 3.5481, 3.5561	0.0080	0.000	2.035	3.556	520.4	116			GOOD	CONVERGED		
mp-559470	Ag2Pb2Br2O2	8	done		2026-05-02 23:10:42	legacy(ctrl+GWinput)	~/bin2_dev	5	CONVERGED	v3 2026-05-23 02:13:37 iter 8			1	8	1.7398, 1.7246, 1.7244	0.0154	0.014	0.082	1.724	163.8	169			GOOD	CONVERGED		
mp-559521	InBi2S4Cl	8	done		2026-05-03 00:21:33	legacy(ctrl+GWinput)	~/bin2_dev	5	CONVERGED	v3 2026-05-23 02:49:42 iter 8			1	8	2.3039, 2.2656, 2.2743	0.0383	0.027	1.412	2.274	244.1	255			GOOD	CONVERGED		
mp-560008	P2N2F4	8	done		2026-05-03 00:28:21	legacy(ctrl+GWinput)	~/bin2_dev	5	OK_MAXITER_NOTCONV	v3 2026-05-23 04:26:39 iter 10			1	10	9.4656, 9.1338, 8.7762, 9.2062, 9.2096	0.4334	0.435	5.630	9.210	2958.0	143			NOTCONV	MAXITER_NOTCONV	continue (more iterations)	
mp-561075	Na2CdSnS4	8	done		2026-05-03 02:28:44	legacy(ctrl+GWinput)	~/bin2_dev	5	CONVERGED	v3 2026-05-23 05:07:05 iter 8			1	8	3.4401, 3.4329, 3.4744	0.0415	0.041	1.658	3.474	779.3	335			GOOD	CONVERGED		
mp-561703	Au2C2Cl2O2	8	done		2026-05-03 01:48:07	legacy(ctrl+GWinput)	~/bin2_dev	5	CONVERGED	v3 2026-05-23 05:03:48 iter 8			1	8	5.6035, 5.5555, 5.5958	0.0481	0.054	2.996	5.596	833.3	152			GOOD	CONVERGED		
mp-562090	Cu2C2Cl2O2	8	done		2026-05-03 02:18:55	legacy(ctrl+GWinput)	~/bin2_dev	5	CONVERGED	v3 2026-05-23 06:22:13 iter 8			1	8	5.4177, 5.4856, 5.4452	0.0679	0.068	2.312	5.445	1836.8	198			GOOD	CONVERGED		
mp-5621	NbCu3S4	8	done		2026-05-03 02:38:13	legacy(ctrl+GWinput)	~/bin2_dev	5	CONVERGED	v3 2026-05-23 06:33:12 iter 8			1	8	2.6506, 2.7007, 2.6841	0.0501	0.041	1.608	2.684	256.6	123			GOOD	CONVERGED		
mp-562561	Mo2O6	8	done		2026-05-03 04:15:00	legacy(ctrl+GWinput)	~/bin2_dev	5	CONVERGED	v3 2026-05-23 08:00:24 iter 9			1	9	3.8034, 3.5851, 3.6268, 3.6394	0.0543	0.041	1.749	3.639	1363.8	141			GOOD	CONVERGED		
mp-567558	Cs2Ag2Cl4	8	done		2026-05-03 04:56:59	legacy(ctrl+GWinput)	~/bin2_dev	5	CONVERGED	v3 2026-05-23 11:14:35 iter 10			1	10	4.5006, 4.6527, 4.6964, 4.7546, 4.6630	0.0915	0.082	2.018	4.663	210.6	234			GOOD	CONVERGED		
mp-568301	Bi2Br6	8	done		2026-05-03 08:27:22	legacy(ctrl+GWinput)	~/bin2_dev	5	CONVERGED	v3 2026-05-23 17:31:01 iter 10			1	10	4.3216, 4.5297, 4.2266, 4.2299, 4.2083	0.0216	0.027	2.628	4.208	215.5	298			GOOD	CONVERGED		
mp-568388	Bi4I4	8	failed	KILLED	2026-05-10 15:19:59	TOML(ctrlG+PB)	~/bin2	1	never				0	1				0.640	1.304	122.8	6814			FAILED	PROD_KILLED	rerun from scratch (was only slow/interrupted)	
mp-568890	Tl2CdGeTe4	8	done		2026-05-03 08:16:45	legacy(ctrl+GWinput)	~/bin2_dev	5	CONVERGED	v3 2026-05-23 16:50:47 iter 8			1	8	0.9329, 0.9361, 0.9343	0.0032	0.000	0.267	0.934	120.6	191			GOOD	CONVERGED		
mp-568968	K2SnHgSe4	8	done		2026-05-03 08:50:57	legacy(ctrl+GWinput)	~/bin2_dev	5	CONVERGED	v3 2026-05-23 19:01:30 iter 8			1	8	2.5771, 2.6324, 2.6157	0.0553	0.054	1.267	2.616	193.2	180			GOOD	CONVERGED		
mp-569114	BaAg2SnSe4	8	done		2026-05-03 10:53:59	legacy(ctrl+GWinput)	~/bin2_dev	5	CONVERGED	v3 2026-05-23 20:30:47 iter 8			1	8	0.9865, 0.9818, 1.0027	0.0210	0.027		1.003	299.9	223			GOOD	CONVERGED		
mp-569157	Bi2I6	8	done		2026-05-03 11:26:32	legacy(ctrl+GWinput)	~/bin2_dev	5	CONVERGED	v3 2026-05-23 21:29:06 iter 8			1	8	3.3872, 3.3395, 3.3335	0.0537	0.054	2.170	3.333	61.9	179			GOOD	CONVERGED		
mp-569246	Tl2HgGeTe4	8	done		2026-05-03 13:44:50	legacy(ctrl+GWinput)	~/bin2_dev	5	CONVERGED	v3 2026-05-23 22:00:48 iter 8			1	8	0.5669, 0.5734, 0.5732	0.0065	0.000	0.015	0.573	114.1	191			GOOD	CONVERGED		
mp-569416	C8	8	done		2026-05-03 14:12:37	legacy(ctrl+GWinput)	~/bin2_dev	5	CONVERGED	v3 2026-05-24 00:51:49 iter 8			1	8	5.0504, 4.9883, 4.9684	0.0820	0.082	1.797	4.968	710.7	471			GOOD	CONVERGED		
mp-569766	Te4I4	8	done		2026-05-03 15:53:58	legacy(ctrl+GWinput)	~/bin2_dev	5	CONVERGED	v3 2026-05-24 02:42:35 iter 8			1	8	1.5567, 1.5299, 1.5228	0.0340	0.027	0.648	1.523	121.7	264			GOOD	CONVERGED		
mp-569790	BaAg2GeSe4	8	done		2026-05-03 15:49:18	legacy(ctrl+GWinput)	~/bin2_dev	5	CONVERGED	v3 2026-05-24 03:01:57 iter 8			1	8	1.0482, 1.0632, 1.0504	0.0150	0.014		1.050	328.8	223			GOOD	CONVERGED		
mp-569940	K6Bi2	8	done		2026-05-03 16:37:49	legacy(ctrl+GWinput)	~/bin2_dev	5	CONVERGED	v3 2026-05-24 03:26:35 iter 8			1	8	0.7805, 0.7828, 0.7837	0.0033	0.014	0.001	0.784	135.1	180			GOOD	CONVERGED		
mp-570002	C8	8	done		2026-05-03 14:32:25	legacy(ctrl+GWinput)	~/bin2_dev	5	CONVERGED	v3 2026-05-24 03:13:38 iter 8			1	8	4.6333, 4.5506, 4.5869	0.0827	0.095	3.064	4.587	288.3	40			GOOD	CONVERGED		
mp-570051	Tl2SnHgTe4	8	failed	KILLED	2026-05-10 15:19:59	TOML(ctrlG+PB)	~/bin2	2	never				0	2				0.076	0.630	93.3	2831			FAILED	PROD_KILLED	rerun from scratch (was only slow/interrupted)	
mp-570076	Tl2CdSnTe4	8	failed	TIMEOUT_8h	2026-05-10 14:53:37	TOML(ctrlG+PB)	~/bin2	2	never				0	2				0.283	0.921	98.0	111			FAILED	PROD_TIMEOUT_8h	rerun from scratch (was only slow/interrupted)	
mp-570140	Au4Br4	8	failed	NaN_lsc	2026-05-03 22:53:33	TOML(ctrlG+PB)	~/bin2	0	never				0	0				1.882		nan	26		OK sigma_m=199.0	FAILED	PROD_NaN_lsc	rerun from scratch with --prec=fp32	fp32 1-iteration check OK in ~/DATA/gw1500fp32/mp-570140_v2 (no converged result)
mp-570219	In2Br6	8	failed	TIMEOUT_8h	2026-05-09 23:57:32	TOML(ctrlG+PB)	~/bin2	3	never				0	3			0.517	2.335	4.577	310.6	156			FAILED	PROD_TIMEOUT_8h	rerun from scratch (was only slow/interrupted)	
mp-570589	Se4Br4	8	failed	NaN_lsc	2026-05-03 23:29:31	TOML(ctrlG+PB)	~/bin2	0	never				0	0				1.394		nan	45		OK sigma_m=484.3	FAILED	PROD_NaN_lsc	rerun from scratch with --prec=fp32	fp32 1-iteration check OK in ~/DATA/gw1500fp32/mp-570589_v2 (no converged result)
mp-571100	Cs2Ag2Br4	8	failed	TIMEOUT_8h	2026-05-10 03:14:18	TOML(ctrlG+PB)	~/bin2	4	never				0	4			0.327	1.582	4.140	158.0	512			FAILED	PROD_TIMEOUT_8h	rerun from scratch (was only slow/interrupted)	
mp-571266	Ga2Cl6	8	failed	TIMEOUT_8h	2026-05-09 10:55:15	TOML(ctrlG+PB)	~/bin2	2	never				0	2				3.919	7.448	1713.5	192			FAILED	PROD_TIMEOUT_8h	rerun from scratch (was only slow/interrupted)	
mp-571297	Ag2N6	8	failed	NaN_lsc	2026-05-03 23:54:45	TOML(ctrlG+PB)	~/bin2	0	never				0	0				1.469		nan	17		OK sigma_m=498.8	FAILED	PROD_NaN_lsc	rerun from scratch with --prec=fp32	fp32 1-iteration check OK in ~/DATA/gw1500fp32/mp-571297_v2 (no converged result)
mp-571442	Y2I6	8	failed	TIMEOUT_8h	2026-05-10 09:44:02	TOML(ctrlG+PB)	~/bin2	3	never				0	3			0.082	2.799	4.708	81.5	135			FAILED	PROD_TIMEOUT_8h	rerun from scratch (was only slow/interrupted)	
mp-573321	Te2Pd2I4	8	failed	TIMEOUT_8h	2026-05-10 11:16:16	TOML(ctrlG+PB)	~/bin2	2	never				0	2				0.466	1.132	273.7	205			FAILED	PROD_TIMEOUT_8h	rerun from scratch (was only slow/interrupted)	
mp-5782	Al2Ag2S4	8	done		2026-05-05 14:28:41	TOML(ctrlG+PB)	~/bin2	5	CONVERGED	v3 2026-05-24 12:19:36 iter 8			1	8	3.4677, 3.4622, 3.4938	0.0316	0.041	1.799	3.494	354.5	158			GOOD	CONVERGED		
mp-580941	Ag4I4	8	done		2026-05-05 16:30:55	TOML(ctrlG+PB)	~/bin2	5	CONVERGED	v3 2026-05-24 13:15:15 iter 8			1	8	3.0738, 3.0779, 3.0911	0.0173	0.014	1.381	3.091	91.6	178			GOOD	CONVERGED		
mp-5840	Li2Sc2O4	8	done		2026-05-05 15:19:54	TOML(ctrlG+PB)	~/bin2	5	OK_MAXITER_NOTCONV	v3 2026-05-24 13:34:37 iter 10			1	10	6.7239, 24.9336, 16.1958, 14.1226, 13.0616	3.1342	3.129	3.789	13.062	653.8	93			NOTCONV	MAXITER_NOTCONV	continue (more iterations)	
mp-5858	CdPtF6	8	done		2026-05-05 15:48:17	TOML(ctrlG+PB)	~/bin2	5	CONVERGED	v3 2026-05-24 14:10:45 iter 10			1	10	5.7843, 5.6978, 5.8124, 5.7268, 5.7332	0.0856	0.082	2.113	5.733	463.2	94			GOOD	CONVERGED		
mp-588	Ga2F6	8	done		2026-05-05 17:47:31	TOML(ctrlG+PB)	~/bin2	5	OK_MAXITER_NOTCONV	v3 2026-05-24 14:06:05 iter 10			1	10	9.0317, 6.1768, 7.6054, 7.8782, 7.8433	0.2728	0.272	4.979	7.843	540.9	93			NOTCONV	MAXITER_NOTCONV	continue (more iterations)	
mp-5955	NaSbF6	8	done		2026-05-05 18:00:07	TOML(ctrlG+PB)	~/bin2	5	OK_MAXITER_NOTCONV	v3 2026-05-24 15:13:42 iter 10			1	10	11.1649, 3.6204, 7.0808, 7.9371, 8.1694	1.0887	1.088	5.055	8.169	237.2	72			NOTCONV	MAXITER_NOTCONV	continue (more iterations)	
mp-6070	Ag2C2N2O2	8	done		2026-05-05 20:03:30	TOML(ctrlG+PB)	~/bin2	5	OK_MAXITER_NOTCONV	v3 2026-05-24 16:41:37 iter 10			1	10	5.1089, 4.8196, 4.5193, 4.5728, 4.7188	0.1995	0.204	2.237	4.719	783.7	128			NOTCONV	MAXITER_NOTCONV	continue (more iterations)	
mp-613910	BaNiF6	8	done		2026-05-05 19:20:29	TOML(ctrlG+PB)	~/bin2	5	CONVERGED	v3 2026-05-24 16:28:18 iter 9			1	9	4.9392, 5.4170, 5.3456, 5.3727	0.0714	0.068	1.283	5.373	658.5	84			GOOD	CONVERGED		
mp-623024	TiCdF6	8	done		2026-05-05 19:48:01	TOML(ctrlG+PB)	~/bin2	5	OK_MAXITER_NOTCONV	v3 2026-05-24 17:25:31 iter 10			1	10	6.8584, 8.7834, 8.0502, 7.7964, 7.6814	0.3688	0.367	4.394	7.681	529.1	95			NOTCONV	MAXITER_NOTCONV	continue (more iterations)	
mp-626151	Y2H2O4	8	failed	bmix_min	2026-05-05 18:28:17	TOML(ctrlG+PB)	~/bin2	0	never				0	0				4.053		2502720.3	25		OK sigma_m=1215.1	FAILED	PROD_bmix_min	rerun from scratch with --prec=fp32	fp32 1-iteration check OK in ~/DATA/gw1500fp32/mp-626151_v2 (no converged result)
mp-630528	In4S4	8	done		2026-05-06 01:13:29	TOML(ctrlG+PB)	~/bin2	5	CONVERGED	v3 2026-05-24 18:19:46 iter 8			1	8	0.8626, 0.8674, 0.8652	0.0048	0.014	0.214	0.865	417.4	312			GOOD	CONVERGED		
mp-632711	In2H2O4	8	done		2026-05-05 22:46:51	TOML(ctrlG+PB)	~/bin2	5	CONVERGED	v3 2026-05-24 18:37:31 iter 10			1	10	3.9122, 4.2835, 4.1015, 4.0727, 4.0638	0.0377	0.027	1.940	4.064	1094.6	149			GOOD	CONVERGED		
mp-6408	ZnCu2GeS4	8	done		2026-05-06 00:15:48	TOML(ctrlG+PB)	~/bin2	5	CONVERGED	v3 2026-05-24 19:50:30 iter 8			1	8	1.4957, 1.4660, 1.4706	0.0296	0.027	0.403	1.471	424.7	170			GOOD	CONVERGED		
mp-642725	Ca2H2Cl2O2	8	done		2026-05-06 00:32:10	TOML(ctrlG+PB)	~/bin2	5	CONVERGED	v3 2026-05-24 19:48:08 iter 8			1	8	8.2475, 8.2995, 8.2695	0.0521	0.054	5.239	8.270	678.7	108			GOOD	CONVERGED		
mp-643033	KPH2SO3	8	done		2026-05-06 01:45:53	TOML(ctrlG+PB)	~/bin2	5	CONVERGED	v3 2026-05-24 20:12:13 iter 8			1	8	7.1398, 7.1130, 7.1404	0.0273	0.027	4.174	7.140	3306.6	185			GOOD	CONVERGED		
mp-643364	H2Pb2Cl2O2	8	done		2026-05-06 02:21:46	TOML(ctrlG+PB)	~/bin2	5	CONVERGED	v3 2026-05-24 21:05:31 iter 8			1	8	4.3603, 4.2794, 4.3649	0.0854	0.082	2.786	4.365	918.3	154			GOOD	CONVERGED		
mp-644222	Cd2H2Cl2O2	8	done		2026-05-06 05:33:39	TOML(ctrlG+PB)	~/bin2	5	CONVERGED	v3 2026-05-24 20:57:31 iter 8			1	8	4.8154, 4.7252, 4.7492	0.0902	0.095	2.195	4.749	528.1	104			GOOD	CONVERGED		
mp-6781	Ag2C2N2O2	8	failed	TIMEOUT_8h	2026-05-06 08:18:49	TOML(ctrlG+PB)	~/bin2	4	never				0	4			0.313	2.975	5.725	1416.8	109			FAILED	PROD_TIMEOUT_8h	rerun from scratch (was only slow/interrupted)	
mp-685022	Te4Pb4	8	failed	TIMEOUT_8h	2026-05-06 08:36:17	TOML(ctrlG+PB)	~/bin2	3	never				0	3			0.041	0.667	1.068	135.5	210			FAILED	PROD_TIMEOUT_8h	rerun from scratch (was only slow/interrupted)	
mp-691	Sn4Se4	8	failed	TIMEOUT_8h	2026-05-06 09:17:14	TOML(ctrlG+PB)	~/bin2	3	never				0	3			0.054	0.792	1.235	211.7	180			FAILED	PROD_TIMEOUT_8h	rerun from scratch (was only slow/interrupted)	
mp-6949	In2F6	8	done		2026-05-06 08:52:42	TOML(ctrlG+PB)	~/bin2	5	OK_MAXITER_NOTCONV	v3 2026-05-25 00:29:23 iter 10			1	10	7.7522, 6.7446, 6.5919, 6.9400, 7.0636	0.4717	0.476	4.027	7.064	450.7	97			NOTCONV	MAXITER_NOTCONV	continue (more iterations)	
mp-696736	RbBe2F5	8	failed	TIMEOUT_8h	2026-05-06 10:25:31	TOML(ctrlG+PB)	~/bin2	3	never				0	3			0.884	6.976	11.600	3629.8	150			FAILED	PROD_TIMEOUT_8h	rerun from scratch (was only slow/interrupted)	
mp-697144	Rb2H4N2	8	done		2026-05-06 12:51:45	TOML(ctrlG+PB)	~/bin2	5	FAIL(rc=3,no-gap-in-llmf)	v3 2026-05-25 00:26:24			1	6				1.805		6046.8	1475			FAILED	NOGAP_GAP_COLLAPSED(LDA gap 1.80 eV, previous QSGW iteration 0.13 eV)	rerun from scratch with --prec=fp32	
mp-700	Ge4Se4	8	done		2026-05-06 16:13:09	TOML(ctrlG+PB)	~/bin2	5	CONVERGED	v3 2026-05-25 02:53:37 iter 8			1	8	1.4007, 1.3994, 1.3947	0.0060	0.000	0.796	1.395	303.0	282			GOOD	CONVERGED		
mp-715566	Cr2O6	8	done		2026-05-06 15:15:32	TOML(ctrlG+PB)	~/bin2	5	CONVERGED	v3 2026-05-25 04:52:04 iter 10			1	10	4.3633, 4.6450, 4.3782, 4.3788, 4.3646	0.0143	0.014	1.849	4.365	2086.3	164			GOOD	CONVERGED		
mp-720	Tl4F4	8	failed	TIMEOUT_8h	2026-05-06 16:55:44	TOML(ctrlG+PB)	~/bin2	4	never				0	4			0.122	2.903	4.700	367.3	137			FAILED	PROD_TIMEOUT_8h	rerun from scratch (was only slow/interrupted)	
mp-7204	Ca2Zn2S2O2	8	done		2026-05-06 15:34:38	TOML(ctrlG+PB)	~/bin2	5	CONVERGED	v3 2026-05-25 05:21:04 iter 9			1	9	4.5342, 4.4270, 4.4348, 4.4159	0.0189	0.014	2.487	4.416	372.2	162			GOOD	CONVERGED		
mp-729933	C4O4	8	done		2026-05-06 17:49:51	TOML(ctrlG+PB)	~/bin2	5	CONVERGED	v3 2026-05-25 07:35:49 iter 8			1	8	11.7718, 11.6860, 11.7516	0.0858	0.082	5.711	11.752	2518.3	102			GOOD	CONVERGED		
mp-730101	H8	8	failed	TIMEOUT_8h	2026-05-06 20:54:53	TOML(ctrlG+PB)	~/bin2	4	never				0	4			0.014	9.711	15.220	2092.3	103			FAILED	PROD_TIMEOUT_8h	rerun from scratch (was only slow/interrupted)	
mp-736	Li6P2	8	done		2026-05-06 20:52:17	TOML(ctrlG+PB)	~/bin2	5	CONVERGED	v3 2026-05-25 08:18:14 iter 8			1	8	1.7909, 1.8244, 1.8220	0.0335	0.027	0.775	1.822	110.0	72			GOOD	CONVERGED		
mp-7392	Na4Ag2Sb2	8	done		2026-05-06 23:13:56	TOML(ctrlG+PB)	~/bin2	5	CONVERGED	v3 2026-05-25 09:31:10 iter 8			1	8	1.2341, 1.2289, 1.2234	0.0107	0.014	0.549	1.223	309.9	234			GOOD	CONVERGED		
mp-7394	BaAg2GeS4	8	done		2026-05-06 21:55:48	TOML(ctrlG+PB)	~/bin2	5	CONVERGED	v3 2026-05-25 09:07:38 iter 8			1	8	1.7477, 1.7544, 1.7296	0.0248	0.027	0.365	1.730	347.3	170			GOOD	CONVERGED		
mp-743	Rb2N6	8	done		2026-05-06 22:23:09	TOML(ctrlG+PB)	~/bin2	5	CONVERGED	v3 2026-05-25 09:39:18 iter 8			1	8	6.9506, 6.8646, 6.8926	0.0860	0.082	4.051	6.893	661.9	78			GOOD	CONVERGED		
mp-7439	K3Cu3P2	8	done		2026-05-07 00:14:22	TOML(ctrlG+PB)	~/bin2	5	CONVERGED	v3 2026-05-25 12:07:20 iter 10			1	10	2.0005, 2.0804, 1.9710, 1.9794, 1.9862	0.0151	0.014	1.275	1.986	251.9	183			GOOD	CONVERGED		
mp-7467	Rb2Cu2O4	8	done		2026-05-07 02:43:01	TOML(ctrlG+PB)	~/bin2	5	FAIL(rc=3,no-gap-in-llmf)	v3 2026-05-25 11:13:38			1	7				0.801		363.6	1526			FAILED	NOGAP_GAP_COLLAPSED(LDA gap 0.80 eV, previous QSGW iteration 4.91 eV)	rerun from scratch with --prec=fp32	
mp-7472	Rb2Au2O4	8	done		2026-05-07 03:07:01	TOML(ctrlG+PB)	~/bin2	5	OK_MAXITER_NOTCONV	v3 2026-05-25 13:04:09 iter 10			1	10	3.8953, 13.4869, 8.7181, 7.3384, 6.8368	1.8813	1.891	1.391	6.837	731.2	177			NOTCONV	MAXITER_NOTCONV	continue (more iterations)	
mp-7548	Ba2Se6	8	done		2026-05-07 04:29:07	TOML(ctrlG+PB)	~/bin2	5	CONVERGED	v3 2026-05-25 14:03:11 iter 8			1	8	2.2790, 2.2580, 2.2493	0.0297	0.041	0.874	2.249	312.2	199			GOOD	CONVERGED		
mp-7562	TaTl3S4	8	done		2026-05-07 04:31:24	TOML(ctrlG+PB)	~/bin2	5	CONVERGED	v3 2026-05-25 13:44:29 iter 8			1	8	3.5729, 3.5366, 3.5377	0.0364	0.041	2.376	3.538	201.9	130			GOOD	CONVERGED		
mp-7569	KAsF6	8	done		2026-05-07 03:50:48	TOML(ctrlG+PB)	~/bin2	5	OK_MAXITER_NOTCONV	v3 2026-05-25 14:17:47 iter 10			1	10	61.0170, 12.9776, 10.2523, 10.7809, 11.0555	0.8032	0.803	5.127	11.056	840.7	89			NOTCONV	MAXITER_NOTCONV	continue (more iterations)	
mp-757	Li6As2	8	done		2026-05-07 04:40:49	TOML(ctrlG+PB)	~/bin2	5	CONVERGED	v3 2026-05-25 14:09:32 iter 8			1	8	1.7089, 1.7027, 1.7190	0.0163	0.014	0.748	1.719	98.6	73			GOOD	CONVERGED		
mp-7589	Mg4N2F2	8	done		2026-05-07 06:19:46	TOML(ctrlG+PB)	~/bin2	5	OK_MAXITER_NOTCONV	v3 2026-05-25 14:54:56 iter 10			1	10	4.4640, 5.2561, 5.4018, 5.0570, 4.9876	0.4142	0.408	2.338	4.988	296.6	109			NOTCONV	MAXITER_NOTCONV	continue (more iterations)	
mp-7599	Be4O4	8	done		2026-05-07 06:23:13	TOML(ctrlG+PB)	~/bin2	5	CONVERGED	v3 2026-05-25 14:53:45 iter 9			1	9	10.5354, 10.4159, 10.4295, 10.4892	0.0733	0.068	7.231	10.489	580.3	69			GOOD	CONVERGED		
mp-7610	Li2CaSiO4	8	done		2026-05-07 07:22:09	TOML(ctrlG+PB)	~/bin2	5	CONVERGED	v3 2026-05-25 15:21:15 iter 8			1	8	7.8350, 7.8956, 7.8641	0.0606	0.054	5.113	7.864	765.5	82			GOOD	CONVERGED		
mp-7611	Li2CaGeO4	8	done		2026-05-07 08:10:56	TOML(ctrlG+PB)	~/bin2	5	CONVERGED	v3 2026-05-25 16:24:10 iter 10			1	10	6.8274, 6.5985, 6.7006, 6.6960, 6.6927	0.0079	0.000	3.982	6.693	604.9	103			GOOD	CONVERGED		
mp-7639	Na4Cu2P2	8	done		2026-05-07 09:30:29	TOML(ctrlG+PB)	~/bin2	5	CONVERGED	v3 2026-05-25 16:40:12 iter 8			1	8	1.3748, 1.3979, 1.3918	0.0231	0.027	0.580	1.392	426.4	212			GOOD	CONVERGED		
mp-7642	K4Ag2As2	8	done		2026-05-07 12:25:51	TOML(ctrlG+PB)	~/bin2	5	CONVERGED	v3 2026-05-25 17:28:59 iter 8			1	8	2.0953, 2.0757, 2.0829	0.0196	0.014	1.020	2.083	257.9	224			GOOD	CONVERGED		
mp-7650	Rb2Sc2O4	8	done		2026-05-07 11:01:58	TOML(ctrlG+PB)	~/bin2	5	CONVERGED	v3 2026-05-25 17:11:53 iter 10			1	10	6.3143, 6.1026, 6.2043, 6.1996, 6.2101	0.0105	0.000	3.349	6.210	264.1	118			GOOD	CONVERGED		
mp-7773	Na4As2Au2	8	done		2026-05-07 14:42:02	TOML(ctrlG+PB)	~/bin2	5	CONVERGED	v3 2026-05-25 19:16:03 iter 8			1	8	0.8779, 0.8785, 0.8767	0.0019	0.014	0.261	0.877	302.6	215			GOOD	CONVERGED		
mp-7774	Na4Sb2Au2	8	done		2026-05-07 15:13:20	TOML(ctrlG+PB)	~/bin2	5	CONVERGED	v3 2026-05-25 19:34:51 iter 8			1	8	0.7740, 0.7743, 0.7740	0.0003	0.000	0.210	0.774	306.8	235			GOOD	CONVERGED		
mp-7801	Ca2Ge2N4	8	done		2026-05-07 14:32:46	TOML(ctrlG+PB)	~/bin2	5	CONVERGED	v3 2026-05-25 20:04:08 iter 10			1	10	4.3005, 3.9539, 4.0902, 4.0880, 4.1048	0.0167	0.027	2.738	4.105	546.7	137			GOOD	CONVERGED		
mp-7808	Ba2P6	8	done		2026-05-07 16:54:20	TOML(ctrlG+PB)	~/bin2	5	CONVERGED	v3 2026-05-25 20:01:53 iter 8			1	8	1.3729, 1.3984, 1.4088	0.0359	0.041	0.507	1.409	605.7	229			GOOD	CONVERGED		
mp-7897	K6P2	8	done		2026-05-07 17:40:31	TOML(ctrlG+PB)	~/bin2	5	CONVERGED	v3 2026-05-25 22:34:38 iter 8			1	8	1.1504, 1.1627, 1.1437	0.0190	0.014	0.148	1.144	119.4	162			GOOD	CONVERGED		
mp-7921	MgPdF6	8	done		2026-05-07 17:17:27	TOML(ctrlG+PB)	~/bin2	5	OK_MAXITER_NOTCONV	v3 2026-05-26 00:36:38 iter 10			1	10	6.4376, 4.3717, 5.1342, 5.3558, 5.3642	0.2301	0.231	1.821	5.364	572.5	90			NOTCONV	MAXITER_NOTCONV	continue (more iterations)	
mp-7922	CaPdF6	8	done		2026-05-07 18:29:44	TOML(ctrlG+PB)	~/bin2	5	OK_MAXITER_NOTCONV	v3 2026-05-26 00:53:06 iter 10			1	10	5.6216, 5.9572, 6.1395, 6.2826, 6.1135	0.1691	0.177	2.023	6.114	561.4	95			NOTCONV	MAXITER_NOTCONV	continue (more iterations)	
mp-7936	Li2Nb2S4	8	done		2026-05-07 18:44:03	TOML(ctrlG+PB)	~/bin2	5	CONVERGED	v3 2026-05-26 00:36:33 iter 8			1	8	1.3893, 1.4009, 1.4021	0.0127	0.014	0.792	1.402	136.1	111			GOOD	CONVERGED		
mp-7937	Na2Nb2S4	8	done		2026-05-07 19:26:05	TOML(ctrlG+PB)	~/bin2	5	CONVERGED	v3 2026-05-26 00:48:31 iter 8			1	8	1.3521, 1.3902, 1.3714	0.0381	0.041	0.601	1.371	172.1	136			GOOD	CONVERGED		
mp-7938	K2Nb2S4	8	done		2026-05-07 20:57:03	TOML(ctrlG+PB)	~/bin2	5	CONVERGED	v3 2026-05-26 01:52:41 iter 9			1	9	1.4170, 1.5675, 1.5140, 1.5171	0.0536	0.054	0.713	1.517	149.7	152			GOOD	CONVERGED		
mp-7939	Na2Nb2Se4	8	done		2026-05-07 21:39:52	TOML(ctrlG+PB)	~/bin2	5	CONVERGED	v3 2026-05-26 01:47:55 iter 8			1	8	1.2278, 1.2240, 1.2100	0.0178	0.014	0.521	1.210	132.2	137			GOOD	CONVERGED		
mp-7955	Li6Sb2	8	done		2026-05-07 21:17:17	TOML(ctrlG+PB)	~/bin2	5	CONVERGED	v3 2026-05-26 01:37:41 iter 8			1	8	1.4289, 1.4564, 1.4486	0.0275	0.027	0.625	1.449	107.0	84			GOOD	CONVERGED		
mp-7956	Na6Sb2	8	done		2026-05-07 23:32:36	TOML(ctrlG+PB)	~/bin2	5	CONVERGED	v3 2026-05-26 02:05:11 iter 8			1	8	1.3891, 1.3910, 1.3955	0.0064	0.014	0.358	1.396	183.3	164			GOOD	CONVERGED		
mp-796276	Mo2O6	8	done		2026-05-07 23:12:16	TOML(ctrlG+PB)	~/bin2	5	CONVERGED	v3 2026-05-26 02:25:13 iter 10			1	10	1.7149, 0.7988, 1.0927, 1.0956, 1.0694	0.0263	0.027	1.139	1.069	853.0	126			GOOD	CONVERGED		
mp-8016	Al2Cu2Se4	8	done		2026-05-07 23:53:57	TOML(ctrlG+PB)	~/bin2	5	CONVERGED	v3 2026-05-26 03:14:35 iter 9			1	9	2.2465, 2.3732, 2.3255, 2.3200	0.0533	0.041	0.932	2.320	256.7	174			GOOD	CONVERGED		
mp-8017	Al2Cu2Te4	8	done		2026-05-08 01:40:15	TOML(ctrlG+PB)	~/bin2	5	CONVERGED	v3 2026-05-26 03:04:48 iter 8			1	8	2.2350, 2.2261, 2.2419	0.0158	0.014	1.050	2.242	159.8	166			GOOD	CONVERGED		
mp-8179	Li2Tl2O4	8	done		2026-05-08 01:03:41	TOML(ctrlG+PB)	~/bin2	5	CONVERGED	v3 2026-05-26 03:55:29 iter 9			1	9	1.6248, 1.4102, 1.3925, 1.3910	0.0191	0.027	0.374	1.391	157.2	90			GOOD	CONVERGED		
mp-8224	CaSnF6	8	done		2026-05-08 02:26:55	TOML(ctrlG+PB)	~/bin2	5	OK_MAXITER_NOTCONV	v3 2026-05-26 04:42:52 iter 10			1	10	10.5961, 10.8020, 10.5809, 10.6080, 10.6877	0.1068	0.109	5.459	10.688	294.1	74			NOTCONV	MAXITER_NOTCONV	continue (more iterations)	
mp-8234	Ba2Te6	8	done		2026-05-08 06:26:10	TOML(ctrlG+PB)	~/bin2	5	CONVERGED	v3 2026-05-26 05:51:16 iter 8			1	8	1.6506, 1.6595, 1.6525	0.0089	0.014	0.810	1.652	160.8	210			GOOD	CONVERGED		
mp-8255	CaPtF6	8	done		2026-05-08 03:29:48	TOML(ctrlG+PB)	~/bin2	5	CONVERGED	v3 2026-05-26 05:21:40 iter 9			1	9	6.3909, 6.6437, 6.5762, 6.6112	0.0675	0.068	2.482	6.611	539.3	89			GOOD	CONVERGED		
mp-8256	ZnPtF6	8	done		2026-05-08 03:40:59	TOML(ctrlG+PB)	~/bin2	5	OK_MAXITER_NOTCONV	v3 2026-05-26 05:56:50 iter 10			1	10	4.2993, 3.7165, 18.5010, 4.4642, 5.5725	14.0367	14.041	2.007	5.572	565.4	96			NOTCONV	MAXITER_NOTCONV	continue (more iterations)	
mp-827	K2N6	8	done		2026-05-08 04:50:19	TOML(ctrlG+PB)	~/bin2	5	CONVERGED	v3 2026-05-26 05:50:14 iter 9			1	9	7.1325, 7.3001, 7.3850, 7.3146	0.0849	0.082	4.031	7.315	729.4	82			GOOD	CONVERGED		
mp-8289	Sn2F6	8	done		2026-05-08 05:02:29	TOML(ctrlG+PB)	~/bin2	5	CONVERGED	v3 2026-05-26 06:59:38 iter 9			1	9	6.0908, 5.8608, 5.8442, 5.8800	0.0358	0.027	2.786	5.880	278.1	73			GOOD	CONVERGED		
mp-8290	BaSnF6	8	done		2026-05-08 05:58:50	TOML(ctrlG+PB)	~/bin2	5	OK_MAXITER_NOTCONV	v3 2026-05-26 07:32:50 iter 10			1	10	11.7033, 9.5621, 9.6313, 9.5063, 9.6195	0.1250	0.122	5.181	9.619	613.2	100			NOTCONV	MAXITER_NOTCONV	continue (more iterations)	
mp-8291	BaTiF6	8	done		2026-05-08 08:27:01	TOML(ctrlG+PB)	~/bin2	5	OK_MAXITER_NOTCONV	v3 2026-05-26 07:53:33 iter 10			1	10	8.3112, 8.5828, 8.5874, 8.6993, 8.5992	0.1119	0.109	4.358	8.599	628.1	93			NOTCONV	MAXITER_NOTCONV	continue (more iterations)	
mp-8311	Si3NiP4	8	done		2026-05-08 10:13:57	TOML(ctrlG+PB)	~/bin2	5	CONVERGED	v3 2026-05-26 08:26:14 iter 8			1	8	0.6997, 0.6943, 0.7081	0.0137	0.014	0.273	0.708	394.1	156			GOOD	CONVERGED		
mp-8348	TlSbF6	8	failed	TIMEOUT_8h	2026-05-08 12:52:06	TOML(ctrlG+PB)	~/bin2	4	never				0	4			0.218	4.144	1.612	972.5	56			FAILED	PROD_TIMEOUT_8h	rerun from scratch (was only slow/interrupted)	
mp-8360	Rb4Te4	8	failed	TIMEOUT_8h	2026-05-08 13:03:18	TOML(ctrlG+PB)	~/bin2	2	never				0	2				0.743	2.120	165.3	190			FAILED	PROD_TIMEOUT_8h	rerun from scratch (was only slow/interrupted)	
mp-8361	Cs4Te4	8	failed	TIMEOUT_8h	2026-05-08 14:00:16	TOML(ctrlG+PB)	~/bin2	2	never				0	2				0.930	2.442	201.3	227			FAILED	PROD_TIMEOUT_8h	rerun from scratch (was only slow/interrupted)	
mp-841	Li4O4	8	done		2026-05-08 14:12:17	TOML(ctrlG+PB)	~/bin2	5	CONVERGED	s1 2026-05-11 15:32:46 iter 8			1	8	5.8181, 5.8181, 5.8426	0.0245	0.014	1.982	5.843	290.3	54			GOOD	CONVERGED		
mp-8446	K4Cu2P2	8	failed	TIMEOUT_8h	2026-05-08 16:31:16	TOML(ctrlG+PB)	~/bin2	4	never				0	4			0.068	1.074	2.143	374.6	143			FAILED	PROD_TIMEOUT_8h	rerun from scratch (was only slow/interrupted)	
mp-863757	K4Sb2Au2	8	failed	TIMEOUT_8h	2026-05-08 18:14:11	TOML(ctrlG+PB)	~/bin2	4	never				0	4			0.068	0.872	1.788	272.8	182			FAILED	PROD_TIMEOUT_8h	rerun from scratch (was only slow/interrupted)	
mp-864954	Mg2Mo2N4	8	done		2026-05-08 16:48:55	TOML(ctrlG+PB)	~/bin2	5	CONVERGED	v3 2026-05-26 12:20:44 iter 8			1	8	1.5857, 1.5818, 1.5780	0.0077	0.014	0.947	1.578	180.0	85			GOOD	CONVERGED		
mp-867515	Na2Co2O4	8	done		2026-05-08 17:44:59	TOML(ctrlG+PB)	~/bin2	5	OK_MAXITER_NOTCONV	v3 2026-05-26 13:51:31 iter 10			1	10	2.8570, 3.4392, 3.5383, 3.6123, 3.6475	0.1091	0.109	0.723	3.647	403.5	107			NOTCONV	MAXITER_NOTCONV	continue (more iterations)	
mp-870	Tl2N6	8	failed	NaN_lqpe	2026-05-08 16:06:32	TOML(ctrlG+PB)	~/bin2	1	never				0	1				1.480		nan	37		OK sigma_m=527.3	FAILED	PROD_NaN_lqpe	rerun from scratch with --prec=fp32	fp32 1-iteration check OK in ~/DATA/gw1500fp32/mp-870_v2 (no converged result)
mp-8703	Na3SbSe4	8	done		2026-05-08 18:59:17	TOML(ctrlG+PB)	~/bin2	5	CONVERGED	v3 2026-05-26 13:32:28 iter 8			1	8	2.5513, 2.5440, 2.5383	0.0131	0.014	0.919	2.538	175.3	126			GOOD	CONVERGED		
mp-871	Fe4Si4	8	done		2026-05-08 19:13:16	TOML(ctrlG+PB)	~/bin2	5	CONVERGED	v3 2026-05-26 13:38:41 iter 8			1	8	0.2889, 0.2758, 0.2816	0.0131	0.014	0.124	0.282	455.8	132			GOOD	CONVERGED		
mp-8978	Cs2Nb2N4	8	done		2026-05-08 19:38:52	TOML(ctrlG+PB)	~/bin2	5	CONVERGED	v3 2026-05-26 18:42:54 iter 8			1	8	2.5198, 2.4856, 2.4978	0.0342	0.027	1.415	2.498	170.3	79			GOOD	CONVERGED		
mp-9122	Ca2P6	8	done		2026-05-09 02:50:46	TOML(ctrlG+PB)	~/bin2	5	CONVERGED	v3 2026-05-26 20:24:22 iter 8			1	8	0.4334, 0.4367, 0.4371	0.0037	0.000	0.076	0.437	812.0	317			GOOD	CONVERGED		
mp-9143	LiPF6	8	done		2026-05-08 19:45:40	TOML(ctrlG+PB)	~/bin2	5	OK_MAXITER_NOTCONV	v3 2026-05-26 20:24:00 iter 10			1	10	13.2709, 25.4050, 19.6095, 17.4852, 16.9963	2.6132	2.612	8.048	16.996	1954.4	77			NOTCONV	MAXITER_NOTCONV	continue (more iterations)	
mp-9144	LiAsF6	8	done		2026-05-08 20:41:25	TOML(ctrlG+PB)	~/bin2	5	CONVERGED	v3 2026-05-26 20:29:07 iter 10			1	10	10.5777, 11.3000, 10.8896, 10.8863, 10.8109	0.0787	0.068	5.552	10.811	872.5	79			GOOD	CONVERGED		
mp-9195	Ba2Cu2Se2F2	8	done		2026-05-09 18:50:42	TOML(ctrlG+PB)	~/bin2	5	CONVERGED	v3 2026-05-26 21:32:37 iter 8			1	8	2.8345, 2.7554, 2.7545	0.0800	0.082	1.313	2.754	244.2	156			GOOD	CONVERGED		
mp-9273	K3Sb2Au3	8	failed	TIMEOUT_8h	2026-05-10 09:20:40	TOML(ctrlG+PB)	~/bin2	3	never				0	3			0.109	0.986	1.478	155.0	119			FAILED	PROD_TIMEOUT_8h	rerun from scratch (was only slow/interrupted)	
mp-9274	Rb3Sb2Au3	8	failed	TIMEOUT_8h	2026-05-10 11:15:18	TOML(ctrlG+PB)	~/bin2	2	never				0	2				1.119	2.101	150.2	100			FAILED	PROD_TIMEOUT_8h	rerun from scratch (was only slow/interrupted)	
mp-9295	TaCu3Te4	8	done		2026-05-10 07:30:56	TOML(ctrlG+PB)	~/bin2	5	CONVERGED	v3 2026-05-26 22:32:04 iter 8			1	8	1.8476, 1.8028, 1.8069	0.0448	0.041	1.115	1.807	126.5	131			GOOD	CONVERGED		
mp-9486	K2AlF5	8	done		2026-05-08 22:56:50	TOML(ctrlG+PB)	~/bin2	5	CONVERGED	v3 2026-05-27 01:48:21 iter 10			1	10	11.0900, 11.2735, 11.0798, 11.0963, 11.0875	0.0165	0.027	6.419	11.087	760.6	128			GOOD	CONVERGED		
mp-9490	KAg2SbS4	8	done		2026-05-09 18:28:01	TOML(ctrlG+PB)	~/bin2	5	CONVERGED	v3 2026-05-27 02:00:54 iter 9			1	9	1.9267, 1.7699, 1.8250, 1.8221	0.0552	0.054	0.382	1.822	310.2	185			GOOD	CONVERGED		
mp-9517	Sr2Ti2N4	8	done		2026-05-09 03:43:48	TOML(ctrlG+PB)	~/bin2	5	CONVERGED	v3 2026-05-27 01:45:34 iter 8			1	8	2.0977, 2.0681, 2.0448	0.0528	0.054	0.695	2.045	440.9	128			GOOD	CONVERGED		
mp-9579	Al2Tl2Se4	8	done		2026-05-10 01:15:59	TOML(ctrlG+PB)	~/bin2	5	CONVERGED	v3 2026-05-27 04:02:45 iter 8			1	8	1.3884, 1.4139, 1.4037	0.0255	0.027	0.430	1.404	151.6	151			GOOD	CONVERGED		
mp-9580	Tl2Ga2Se4	8	done		2026-05-10 03:14:42	TOML(ctrlG+PB)	~/bin2	5	CONVERGED	v3 2026-05-27 04:13:42 iter 8			1	8	1.3891, 1.3560, 1.3565	0.0332	0.027	0.433	1.356	156.5	163			GOOD	CONVERGED		
mp-9631	Al2Ag2O4	8	done		2026-05-09 03:57:58	TOML(ctrlG+PB)	~/bin2	5	CONVERGED	v3 2026-05-27 04:23:29 iter 8			1	8	3.2122, 3.1606, 3.2159	0.0553	0.054	1.549	3.216	284.5	87			GOOD	CONVERGED		
mp-9636	CsSbF6	8	done		2026-05-09 08:42:28	TOML(ctrlG+PB)	~/bin2	5	CONVERGED	v3 2026-05-27 05:26:26 iter 10			1	10	9.5758, 10.1857, 9.4742, 9.5269, 9.5218	0.0526	0.054	5.229	9.522	830.9	105			GOOD	CONVERGED		
mp-9687	K4P2Au2	8	failed	TIMEOUT_8h	2026-05-09 20:05:48	TOML(ctrlG+PB)	~/bin2	4	never				0	4			0.095	0.807	1.815	303.3	152			FAILED	PROD_TIMEOUT_8h	rerun from scratch (was only slow/interrupted)	
mp-972937	Sc2Al2C2O2	8	done		2026-05-08 23:26:18	TOML(ctrlG+PB)	~/bin2	5	CONVERGED	v3 2026-05-27 04:39:02 iter 8			1	8	1.4617, 1.5301, 1.5382	0.0765	0.082	0.280	1.538	314.4	163			GOOD	CONVERGED		
mp-975140	RbZn4P3	8	done		2026-05-09 16:16:00	TOML(ctrlG+PB)	~/bin2	5	CONVERGED	v3 2026-05-27 05:40:45 iter 8			1	8	1.1736, 1.1866, 1.1801	0.0129	0.014	0.013	1.180	299.4	207			GOOD	CONVERGED		
mp-9778	K4Ag2P2	8	failed	TIMEOUT_8h	2026-05-09 12:01:42	TOML(ctrlG+PB)	~/bin2	4	never				0	4			0.068	1.100	2.205	297.1	153			FAILED	PROD_TIMEOUT_8h	rerun from scratch (was only slow/interrupted)	
mp-9819	RbAsF6	8	done		2026-05-09 00:01:24	TOML(ctrlG+PB)	~/bin2	5	CONVERGED	v3 2026-05-27 07:40:35 iter 9			1	9	10.4057, 10.5476, 10.5501, 10.5316	0.0186	0.014	5.423	10.532	802.4	88			GOOD	CONVERGED		
mp-9820	CsAsF6	8	done		2026-05-09 02:04:38	TOML(ctrlG+PB)	~/bin2	5	CONVERGED	v3 2026-05-27 08:19:01 iter 10			1	10	10.7212, 10.5547, 10.6684, 10.6592, 10.6614	0.0091	0.014	5.544	10.661	810.8	100			GOOD	CONVERGED		
mp-9821	RbSbF6	8	done		2026-05-09 03:09:09	TOML(ctrlG+PB)	~/bin2	5	OK_MAXITER_NOTCONV	v3 2026-05-27 08:27:00 iter 10			1	10	10.0983, 10.1302, 10.2112, 10.0641, 10.0591	0.1522	0.163	5.106	10.059	714.2	101			NOTCONV	MAXITER_NOTCONV	continue (more iterations)	
mp-983565	Cu2B2Se4	8	done		2026-05-09 15:52:47	TOML(ctrlG+PB)	~/bin2	5	CONVERGED	v3 2026-05-27 08:14:24 iter 8			1	8	2.3053, 2.2697, 2.2710	0.0356	0.027	1.409	2.271	252.5	129			GOOD	CONVERGED		
mp-9911	K3SbS4	8	done		2026-05-09 09:05:15	TOML(ctrlG+PB)	~/bin2	5	CONVERGED	v3 2026-05-27 11:26:02 iter 9			1	9	4.1105, 4.2178, 4.1781, 4.1709	0.0469	0.041	1.997	4.171	242.0	137			GOOD	CONVERGED		
mp-991652	VCu3Te4	8	done		2026-05-09 23:38:40	TOML(ctrlG+PB)	~/bin2	5	CONVERGED	v3 2026-05-27 10:46:18 iter 8			1	8	1.1192, 1.1119, 1.1346	0.0226	0.014	0.526	1.135	163.7	133			GOOD	CONVERGED		
mp-991676	NbCu3Te4	8	done		2026-05-10 01:39:39	TOML(ctrlG+PB)	~/bin2	5	CONVERGED	v3 2026-05-27 11:41:00 iter 8			1	8	1.5711, 1.5554, 1.5752	0.0199	0.027	0.924	1.575	122.2	131			GOOD	CONVERGED		
mp-9920	Ti2S6	8	done		2026-05-09 02:52:03	TOML(ctrlG+PB)	~/bin2	5	CONVERGED	v3 2026-05-27 12:30:03 iter 8			1	8	1.1039, 1.1424, 1.1446	0.0406	0.041	0.108	1.145	829.1	273			GOOD	CONVERGED		
mp-9921	Zr2S6	8	done		2026-05-09 11:05:32	TOML(ctrlG+PB)	~/bin2	5	CONVERGED	v3 2026-05-27 12:39:49 iter 8			1	8	2.3225, 2.3966, 2.4104	0.0878	0.082	1.030	2.410	671.6	263			GOOD	CONVERGED		
mp-9922	Hf2S6	8	failed	TIMEOUT_8h	2026-05-09 19:10:29	TOML(ctrlG+PB)	~/bin2	4	never				0	4			0.054	0.875	2.259	2164.1	219			FAILED	PROD_TIMEOUT_8h	rerun from scratch (was only slow/interrupted)	
