        0.00000       -0.47608   1   1
        0.00000       -0.44561   1   2
        0.00000       -0.38597   1   3
        0.00000       -0.37252   1   4
        0.00000       -0.30840   1   5
        0.00000       -0.29830   1   6
        0.00000       -0.25128   1   7
        0.00000       -0.24792   1   8
        0.00000       -0.23271   1   9
        0.00000       -0.20940   1  10
        0.00000       -0.20760   1  11
        0.00000       -0.20274   1  12
        0.00000       -0.20226   1  13
        0.00000       -0.20047   1  14
        0.00000       -0.17583   1  15
        0.00000       -0.16469   1  16
        0.00000       -0.16289   1  17
        0.00000       -0.16156   1  18
        0.00000       -0.15975   1  19
        0.00000       -0.15311   1  20
        0.00000       -0.15066   1  21
        0.00000       -0.12143   1  22
        0.00000       -0.12090   1  23
        0.00000       -0.11972   1  24
        0.00000       -0.11957   1  25
        0.00000       -0.11789   1  26
        0.00000       -0.11728   1  27
        0.00000       -0.11499   1  28
        0.00000       -0.10753   1  29
        0.00000       -0.10243   1  30
        0.00000       -0.09138   1  31
        0.00000       -0.08909   1  32
        0.00000       -0.06247   1  33
        0.00000       -0.05828   1  34
        0.00000       -0.03885   1  35
        0.00000       -0.00669   1  36
        0.00000       -0.00374   1  37
        0.00000        0.01946   1  38
        0.00000        0.03157   1  39
        0.00000        0.03375   1  40
        0.00000        0.05230   1  41
        0.00000        0.06402   1  42
        0.00000        0.06825   1  43
        0.00000        0.08355   1  44
        0.00000        0.08791   1  45
        0.00000        0.10046   1  46
        0.00000        0.13817   1  47
        0.00000        0.15269   1  48
        0.00000        0.16093   1  49
        0.00000        0.17258   1  50
        0.00000        0.17764   1  51
        0.00000        0.18240   1  52
        0.00000        0.21581   1  53
        0.00000        0.22283   1  54
        0.00000        0.22374   1  55
        0.00000        0.25832   1  56
        0.00000        0.40020   1  57
        0.00000        0.43559   1  58
        0.00000        0.49332   1  59
        0.00000        0.51799   1  60
        0.00000        0.59554   1  61
        0.00000        0.59680   1  62
        0.00000        0.68077   1  63
        0.00000        0.70141   1  64
        0.00000        0.70391   1  65
        0.00000        0.70600   1  66
        0.00000        0.75511   1  67
        0.00000        0.76144   1  68
        0.00000        0.76519   1  69
        0.00000        0.76680   1  70
        0.00000        0.80463   1  71
        0.00000        0.81545   1  72
        0.00000        0.88563   1  73
        0.00000        0.88650   1  74
        0.00000        0.96887   1  75
        0.00000        0.98134   1  76
        0.00000        1.02363   1  77
        0.00000        1.03010   1  78
        0.00000        1.06192   1  79
        0.00000        1.06600   1  80
        0.00000        1.09641   1  81
        0.00000        1.09787   1  82
        0.00000        1.10673   1  83
        0.00000        1.10998   1  84
        0.00000        1.20098   1  85
        0.00000        1.20274   1  86
        0.00000        1.20387   1  87
        0.00000        1.20576   1  88
        0.00000        1.21581   1  89
        0.00000        1.22955   1  90
        0.00000        1.30642   1  91
        0.00000        1.30655   1  92
        0.00000        1.30816   1  93
        0.00000        1.30829   1  94
        0.00000        1.34445   1  95
        0.00000        1.38323   1  96
        0.00000        1.39253   1  97
        0.00000        1.39904   1  98
        0.00000        1.42171   1  99
        0.00000        1.43252   1 100
        0.00000        1.43847   1 101
        0.00000        1.47224   1 102
        0.00000        1.49786   1 103
        0.00000        1.49853   1 104
        0.00000        1.58809   1 105
        0.00000        1.59380   1 106
        0.00000        1.59467   1 107
        0.00000        1.59693   1 108
        0.00000        1.64388   1 109
        0.00000        1.64651   1 110
        0.00000        1.70810   1 111
        0.00000        1.71160   1 112
        0.00000        1.71607   1 113
        0.00000        1.71906   1 114
        0.00000        1.74215   1 115
        0.00000        1.74276   1 116
        0.00000        1.78701   1 117
        0.00000        1.83219   1 118
        0.00000        1.87258   1 119
        0.00000        1.88048   1 120
        0.00000        1.91110   1 121
        0.00000        1.91778   1 122
        0.00000        2.02601   1 123
        0.00000        2.03013   1 124
        0.00000        2.04940   1 125
        0.00000        2.05588   1 126
        0.00000        2.47254   1 127
        0.00000        2.47434   1 128
        0.00000        2.51402   1 129
        0.00000        2.51478   1 130
        0.00000        2.51751   1 131
        0.00000        2.51834   1 132
        0.00000        2.57522   1 133
        0.00000        2.57555   1 134
        0.00000        2.57662   1 135
        0.00000        2.57697   1 136
        0.00000        3.02154   1 137
        0.00000        3.02632   1 138
        0.00000        3.12988   1 139
        0.00000        3.13006   1 140
        0.00000        3.13163   1 141
        0.00000        3.13181   1 142
        0.00000        3.46817   1 143
        0.00000        3.46827   1 144
        0.00000        3.70416   1 145
        0.00000        3.70464   1 146
        0.00000        3.77916   1 147
        0.00000        3.77936   1 148
        0.00000        3.90515   1 149
        0.00000        3.90590   1 150
        0.00000        4.77002   1 151
        0.00000        4.77127   1 152
        0.00000        4.83518   1 153
        0.00000        4.83538   1 154
        0.00000        4.88670   1 155
        0.00000        4.88690   1 156
        0.04167       -0.47398   1   1
        0.04167       -0.44367   1   2
        0.04167       -0.38494   1   3
        0.04167       -0.37142   1   4
        0.04167       -0.30885   1   5
        0.04167       -0.29879   1   6
        0.04167       -0.25055   1   7
        0.04167       -0.24815   1   8
        0.04167       -0.23221   1   9
        0.04167       -0.21160   1  10
        0.04167       -0.20916   1  11
        0.04167       -0.20806   1  12
        0.04167       -0.20190   1  13
        0.04167       -0.20052   1  14
        0.04167       -0.18318   1  15
        0.04167       -0.16380   1  16
        0.04167       -0.16295   1  17
        0.04167       -0.16030   1  18
        0.04167       -0.15946   1  19
        0.04167       -0.15316   1  20
        0.04167       -0.14934   1  21
        0.04167       -0.12570   1  22
        0.04167       -0.12491   1  23
        0.04167       -0.12329   1  24
        0.04167       -0.11992   1  25
        0.04167       -0.11879   1  26
        0.04167       -0.11713   1  27
        0.04167       -0.11390   1  28
        0.04167       -0.10693   1  29
        0.04167       -0.10090   1  30
        0.04167       -0.09161   1  31
        0.04167       -0.08930   1  32
        0.04167       -0.06090   1  33
        0.04167       -0.05915   1  34
        0.04167       -0.03822   1  35
        0.04167       -0.00659   1  36
        0.04167       -0.00272   1  37
        0.04167        0.01853   1  38
        0.04167        0.03195   1  39
        0.04167        0.03322   1  40
        0.04167        0.04933   1  41
        0.04167        0.06369   1  42
        0.04167        0.06863   1  43
        0.04167        0.08041   1  44
        0.04167        0.08812   1  45
        0.04167        0.10529   1  46
        0.04167        0.13730   1  47
        0.04167        0.15364   1  48
        0.04167        0.16490   1  49
        0.04167        0.17355   1  50
        0.04167        0.17981   1  51
        0.04167        0.18362   1  52
        0.04167        0.21696   1  53
        0.04167        0.22296   1  54
        0.04167        0.22544   1  55
        0.04167        0.26041   1  56
        0.04167        0.40245   1  57
        0.04167        0.43716   1  58
        0.04167        0.49585   1  59
        0.04167        0.52099   1  60
        0.04167        0.59887   1  61
        0.04167        0.60022   1  62
        0.04167        0.68184   1  63
        0.04167        0.70213   1  64
        0.04167        0.70450   1  65
        0.04167        0.70771   1  66
        0.04167        0.74190   1  67
        0.04167        0.76161   1  68
        0.04167        0.76498   1  69
        0.04167        0.76683   1  70
        0.04167        0.79259   1  71
        0.04167        0.81558   1  72
        0.04167        0.88552   1  73
        0.04167        0.88761   1  74
        0.04167        0.96448   1  75
        0.04167        0.97923   1  76
        0.04167        1.01131   1  77
        0.04167        1.02950   1  78
        0.04167        1.04794   1  79
        0.04167        1.06627   1  80
        0.04167        1.09392   1  81
        0.04167        1.09820   1  82
        0.04167        1.10410   1  83
        0.04167        1.10956   1  84
        0.04167        1.19991   1  85
        0.04167        1.20162   1  86
        0.04167        1.20264   1  87
        0.04167        1.20443   1  88
        0.04167        1.22044   1  89
        0.04167        1.23347   1  90
        0.04167        1.29892   1  91
        0.04167        1.30019   1  92
        0.04167        1.30390   1  93
        0.04167        1.30407   1  94
        0.04167        1.35242   1  95
        0.04167        1.37764   1  96
        0.04167        1.39119   1  97
        0.04167        1.39680   1  98
        0.04167        1.41292   1  99
        0.04167        1.42725   1 100
        0.04167        1.44050   1 101
        0.04167        1.48675   1 102
        0.04167        1.49246   1 103
        0.04167        1.49657   1 104
        0.04167        1.59048   1 105
        0.04167        1.59558   1 106
        0.04167        1.59752   1 107
        0.04167        1.59968   1 108
        0.04167        1.64702   1 109
        0.04167        1.64985   1 110
        0.04167        1.70994   1 111
        0.04167        1.71720   1 112
        0.04167        1.71966   1 113
        0.04167        1.72502   1 114
        0.04167        1.74791   1 115
        0.04167        1.75105   1 116
        0.04167        1.78697   1 117
        0.04167        1.83315   1 118
        0.04167        1.86229   1 119
        0.04167        1.87977   1 120
        0.04167        1.89969   1 121
        0.04167        1.91731   1 122
        0.04167        2.01526   1 123
        0.04167        2.02181   1 124
        0.04167        2.03763   1 125
        0.04167        2.04571   1 126
        0.04167        2.46569   1 127
        0.04167        2.46791   1 128
        0.04167        2.49711   1 129
        0.04167        2.50073   1 130
        0.04167        2.50948   1 131
        0.04167        2.51264   1 132
        0.04167        2.56404   1 133
        0.04167        2.56565   1 134
        0.04167        2.56787   1 135
        0.04167        2.56919   1 136
        0.04167        3.01917   1 137
        0.04167        3.02521   1 138
        0.04167        3.10299   1 139
        0.04167        3.10481   1 140
        0.04167        3.11230   1 141
        0.04167        3.11410   1 142
        0.04167        3.46537   1 143
        0.04167        3.46570   1 144
        0.04167        3.67149   1 145
        0.04167        3.67207   1 146
        0.04167        3.74606   1 147
        0.04167        3.74627   1 148
        0.04167        3.86428   1 149
        0.04167        3.86511   1 150
        0.04167        4.72190   1 151
        0.04167        4.72326   1 152
        0.04167        4.78643   1 153
        0.04167        4.78663   1 154
        0.04167        4.84133   1 155
        0.04167        4.84153   1 156
        0.08333       -0.46797   1   1
        0.08333       -0.43797   1   2
        0.08333       -0.38196   1   3
        0.08333       -0.36824   1   4
        0.08333       -0.31076   1   5
        0.08333       -0.30072   1   6
        0.08333       -0.24985   1   7
        0.08333       -0.24859   1   8
        0.08333       -0.23135   1   9
        0.08333       -0.22179   1  10
        0.08333       -0.21764   1  11
        0.08333       -0.20769   1  12
        0.08333       -0.20762   1  13
        0.08333       -0.20025   1  14
        0.08333       -0.19692   1  15
        0.08333       -0.16516   1  16
        0.08333       -0.16341   1  17
        0.08333       -0.16015   1  18
        0.08333       -0.15555   1  19
        0.08333       -0.15273   1  20
        0.08333       -0.15067   1  21
        0.08333       -0.13814   1  22
        0.08333       -0.13141   1  23
        0.08333       -0.13103   1  24
        0.08333       -0.12040   1  25
        0.08333       -0.11937   1  26
        0.08333       -0.11919   1  27
        0.08333       -0.11333   1  28
        0.08333       -0.10550   1  29
        0.08333       -0.09683   1  30
        0.08333       -0.09154   1  31
        0.08333       -0.08935   1  32
        0.08333       -0.06104   1  33
        0.08333       -0.05707   1  34
        0.08333       -0.03656   1  35
        0.08333       -0.00821   1  36
        0.08333        0.00176   1  37
        0.08333        0.01639   1  38
        0.08333        0.03171   1  39
        0.08333        0.03275   1  40
        0.08333        0.04239   1  41
        0.08333        0.06064   1  42
        0.08333        0.06745   1  43
        0.08333        0.07699   1  44
        0.08333        0.09192   1  45
        0.08333        0.11304   1  46
        0.08333        0.13549   1  47
        0.08333        0.15618   1  48
        0.08333        0.17064   1  49
        0.08333        0.17661   1  50
        0.08333        0.18742   1  51
        0.08333        0.18924   1  52
        0.08333        0.22088   1  53
        0.08333        0.22139   1  54
        0.08333        0.23347   1  55
        0.08333        0.26682   1  56
        0.08333        0.40939   1  57
        0.08333        0.44165   1  58
        0.08333        0.50278   1  59
        0.08333        0.52917   1  60
        0.08333        0.60820   1  61
        0.08333        0.61016   1  62
        0.08333        0.67517   1  63
        0.08333        0.69775   1  64
        0.08333        0.69993   1  65
        0.08333        0.71407   1  66
        0.08333        0.71756   1  67
        0.08333        0.75424   1  68
        0.08333        0.76255   1  69
        0.08333        0.76744   1  70
        0.08333        0.77717   1  71
        0.08333        0.82732   1  72
        0.08333        0.87936   1  73
        0.08333        0.88723   1  74
        0.08333        0.94545   1  75
        0.08333        0.97079   1  76
        0.08333        0.98504   1  77
        0.08333        1.00931   1  78
        0.08333        1.03538   1  79
        0.08333        1.07218   1  80
        0.08333        1.08545   1  81
        0.08333        1.09668   1  82
        0.08333        1.10075   1  83
        0.08333        1.11145   1  84
        0.08333        1.19648   1  85
        0.08333        1.19821   1  86
        0.08333        1.19895   1  87
        0.08333        1.20068   1  88
        0.08333        1.22987   1  89
        0.08333        1.24056   1  90
        0.08333        1.28380   1  91
        0.08333        1.28751   1  92
        0.08333        1.29374   1  93
        0.08333        1.29387   1  94
        0.08333        1.32518   1  95
        0.08333        1.36793   1  96
        0.08333        1.37633   1  97
        0.08333        1.39179   1  98
        0.08333        1.40615   1  99
        0.08333        1.42787   1 100
        0.08333        1.46415   1 101
        0.08333        1.48152   1 102
        0.08333        1.49195   1 103
        0.08333        1.50972   1 104
        0.08333        1.59508   1 105
        0.08333        1.60135   1 106
        0.08333        1.60535   1 107
        0.08333        1.60649   1 108
        0.08333        1.65388   1 109
        0.08333        1.65759   1 110
        0.08333        1.71487   1 111
        0.08333        1.72229   1 112
        0.08333        1.73929   1 113
        0.08333        1.74050   1 114
        0.08333        1.76820   1 115
        0.08333        1.77602   1 116
        0.08333        1.77810   1 117
        0.08333        1.82593   1 118
        0.08333        1.83369   1 119
        0.08333        1.86778   1 120
        0.08333        1.88573   1 121
        0.08333        1.92281   1 122
        0.08333        1.98257   1 123
        0.08333        2.00156   1 124
        0.08333        2.00267   1 125
        0.08333        2.02038   1 126
        0.08333        2.44100   1 127
        0.08333        2.44474   1 128
        0.08333        2.44496   1 129
        0.08333        2.44758   1 130
        0.08333        2.50473   1 131
        0.08333        2.50727   1 132
        0.08333        2.53285   1 133
        0.08333        2.53494   1 134
        0.08333        2.54614   1 135
        0.08333        2.54735   1 136
        0.08333        3.00609   1 137
        0.08333        3.01342   1 138
        0.08333        3.03932   1 139
        0.08333        3.04264   1 140
        0.08333        3.06474   1 141
        0.08333        3.06661   1 142
        0.08333        3.45796   1 143
        0.08333        3.45865   1 144
        0.08333        3.57517   1 145
        0.08333        3.57598   1 146
        0.08333        3.64436   1 147
        0.08333        3.64462   1 148
        0.08333        3.73131   1 149
        0.08333        3.73212   1 150
        0.08333        4.57137   1 151
        0.08333        4.57246   1 152
        0.08333        4.64001   1 153
        0.08333        4.64028   1 154
        0.08333        4.70188   1 155
        0.08333        4.70201   1 156
        0.12500       -0.45829   1   1
        0.12500       -0.42882   1   2
        0.12500       -0.37732   1   3
        0.12500       -0.36337   1   4
        0.12500       -0.31562   1   5
        0.12500       -0.30532   1   6
        0.12500       -0.25596   1   7
        0.12500       -0.24607   1   8
        0.12500       -0.23853   1   9
        0.12500       -0.23357   1  10
        0.12500       -0.21971   1  11
        0.12500       -0.21957   1  12
        0.12500       -0.21214   1  13
        0.12500       -0.20669   1  14
        0.12500       -0.19903   1  15
        0.12500       -0.17152   1  16
        0.12500       -0.16313   1  17
        0.12500       -0.16236   1  18
        0.12500       -0.15967   1  19
        0.12500       -0.15508   1  20
        0.12500       -0.15089   1  21
        0.12500       -0.14630   1  22
        0.12500       -0.13763   1  23
        0.12500       -0.13455   1  24
        0.12500       -0.12292   1  25
        0.12500       -0.12105   1  26
        0.12500       -0.12013   1  27
        0.12500       -0.11577   1  28
        0.12500       -0.10374   1  29
        0.12500       -0.09065   1  30
        0.12500       -0.09028   1  31
        0.12500       -0.08857   1  32
        0.12500       -0.06274   1  33
        0.12500       -0.05222   1  34
        0.12500       -0.03432   1  35
        0.12500       -0.01099   1  36
        0.12500        0.00823   1  37
        0.12500        0.01437   1  38
        0.12500        0.02963   1  39
        0.12500        0.03305   1  40
        0.12500        0.03466   1  41
        0.12500        0.05472   1  42
        0.12500        0.06007   1  43
        0.12500        0.08163   1  44
        0.12500        0.09598   1  45
        0.12500        0.12021   1  46
        0.12500        0.13404   1  47
        0.12500        0.15949   1  48
        0.12500        0.16553   1  49
        0.12500        0.19252   1  50
        0.12500        0.19563   1  51
        0.12500        0.19703   1  52
        0.12500        0.21813   1  53
        0.12500        0.23279   1  54
        0.12500        0.24667   1  55
        0.12500        0.27705   1  56
        0.12500        0.41965   1  57
        0.12500        0.44788   1  58
        0.12500        0.51223   1  59
        0.12500        0.54042   1  60
        0.12500        0.61147   1  61
        0.12500        0.62482   1  62
        0.12500        0.63562   1  63
        0.12500        0.67540   1  64
        0.12500        0.69553   1  65
        0.12500        0.71862   1  66
        0.12500        0.71907   1  67
        0.12500        0.72693   1  68
        0.12500        0.76496   1  69
        0.12500        0.77173   1  70
        0.12500        0.79591   1  71
        0.12500        0.84564   1  72
        0.12500        0.84779   1  73
        0.12500        0.87322   1  74
        0.12500        0.92666   1  75
        0.12500        0.94972   1  76
        0.12500        0.96752   1  77
        0.12500        0.97645   1  78
        0.12500        1.04565   1  79
        0.12500        1.07326   1  80
        0.12500        1.08204   1  81
        0.12500        1.08871   1  82
        0.12500        1.10463   1  83
        0.12500        1.11461   1  84
        0.12500        1.19063   1  85
        0.12500        1.19271   1  86
        0.12500        1.19420   1  87
        0.12500        1.19595   1  88
        0.12500        1.23717   1  89
        0.12500        1.24578   1  90
        0.12500        1.25848   1  91
        0.12500        1.27522   1  92
        0.12500        1.27871   1  93
        0.12500        1.27885   1  94
        0.12500        1.29048   1  95
        0.12500        1.31615   1  96
        0.12500        1.35651   1  97
        0.12500        1.38139   1  98
        0.12500        1.41719   1  99
        0.12500        1.45961   1 100
        0.12500        1.47200   1 101
        0.12500        1.48489   1 102
        0.12500        1.48784   1 103
        0.12500        1.52830   1 104
        0.12500        1.59157   1 105
        0.12500        1.60498   1 106
        0.12500        1.60971   1 107
        0.12500        1.61935   1 108
        0.12500        1.66207   1 109
        0.12500        1.66782   1 110
        0.12500        1.71636   1 111
        0.12500        1.73860   1 112
        0.12500        1.75119   1 113
        0.12500        1.75534   1 114
        0.12500        1.75742   1 115
        0.12500        1.78306   1 116
        0.12500        1.80369   1 117
        0.12500        1.81388   1 118
        0.12500        1.81873   1 119
        0.12500        1.84556   1 120
        0.12500        1.89524   1 121
        0.12500        1.93040   1 122
        0.12500        1.93846   1 123
        0.12500        1.95688   1 124
        0.12500        1.97256   1 125
        0.12500        1.98210   1 126
        0.12500        2.35085   1 127
        0.12500        2.35523   1 128
        0.12500        2.40884   1 129
        0.12500        2.41143   1 130
        0.12500        2.48642   1 131
        0.12500        2.48869   1 132
        0.12500        2.50163   1 133
        0.12500        2.50407   1 134
        0.12500        2.51898   1 135
        0.12500        2.52001   1 136
        0.12500        2.93948   1 137
        0.12500        2.94188   1 138
        0.12500        2.99935   1 139
        0.12500        3.00108   1 140
        0.12500        3.00173   1 141
        0.12500        3.01235   1 142
        0.12500        3.39166   1 143
        0.12500        3.39348   1 144
        0.12500        3.46473   1 145
        0.12500        3.46518   1 146
        0.12500        3.49048   1 147
        0.12500        3.49062   1 148
        0.12500        3.51574   1 149
        0.12500        3.51595   1 150
        0.12500        4.34905   1 151
        0.12500        4.34933   1 152
        0.12500        4.40820   1 153
        0.12500        4.40848   1 154
        0.12500        4.46778   1 155
        0.12500        4.46796   1 156
        0.16667       -0.44505   1   1
        0.16667       -0.41688   1   2
        0.16667       -0.37164   1   3
        0.16667       -0.35801   1   4
        0.16667       -0.32511   1   5
        0.16667       -0.31348   1   6
        0.16667       -0.26811   1   7
        0.16667       -0.25719   1   8
        0.16667       -0.24388   1   9
        0.16667       -0.24185   1  10
        0.16667       -0.23502   1  11
        0.16667       -0.22358   1  12
        0.16667       -0.21458   1  13
        0.16667       -0.20543   1  14
        0.16667       -0.19733   1  15
        0.16667       -0.18651   1  16
        0.16667       -0.17993   1  17
        0.16667       -0.16238   1  18
        0.16667       -0.15887   1  19
        0.16667       -0.15215   1  20
        0.16667       -0.14727   1  21
        0.16667       -0.14485   1  22
        0.16667       -0.14381   1  23
        0.16667       -0.13498   1  24
        0.16667       -0.12671   1  25
        0.16667       -0.12267   1  26
        0.16667       -0.12120   1  27
        0.16667       -0.12039   1  28
        0.16667       -0.10200   1  29
        0.16667       -0.08927   1  30
        0.16667       -0.08748   1  31
        0.16667       -0.08170   1  32
        0.16667       -0.06374   1  33
        0.16667       -0.04712   1  34
        0.16667       -0.03207   1  35
        0.16667       -0.01391   1  36
        0.16667        0.01381   1  37
        0.16667        0.01526   1  38
        0.16667        0.02475   1  39
        0.16667        0.02746   1  40
        0.16667        0.03540   1  41
        0.16667        0.04709   1  42
        0.16667        0.05239   1  43
        0.16667        0.08790   1  44
        0.16667        0.09871   1  45
        0.16667        0.12621   1  46
        0.16667        0.13358   1  47
        0.16667        0.15980   1  48
        0.16667        0.16301   1  49
        0.16667        0.20022   1  50
        0.16667        0.20255   1  51
        0.16667        0.21215   1  52
        0.16667        0.21554   1  53
        0.16667        0.25287   1  54
        0.16667        0.26417   1  55
        0.16667        0.28986   1  56
        0.16667        0.42906   1  57
        0.16667        0.45354   1  58
        0.16667        0.51987   1  59
        0.16667        0.55099   1  60
        0.16667        0.55363   1  61
        0.16667        0.61263   1  62
        0.16667        0.64618   1  63
        0.16667        0.65193   1  64
        0.16667        0.69288   1  65
        0.16667        0.70894   1  66
        0.16667        0.71764   1  67
        0.16667        0.73408   1  68
        0.16667        0.76928   1  69
        0.16667        0.77813   1  70
        0.16667        0.79682   1  71
        0.16667        0.82178   1  72
        0.16667        0.83289   1  73
        0.16667        0.87538   1  74
        0.16667        0.92307   1  75
        0.16667        0.93396   1  76
        0.16667        0.95170   1  77
        0.16667        0.95877   1  78
        0.16667        1.05798   1  79
        0.16667        1.06071   1  80
        0.16667        1.08213   1  81
        0.16667        1.09577   1  82
        0.16667        1.10887   1  83
        0.16667        1.11794   1  84
        0.16667        1.18269   1  85
        0.16667        1.18440   1  86
        0.16667        1.19249   1  87
        0.16667        1.19327   1  88
        0.16667        1.20967   1  89
        0.16667        1.24400   1  90
        0.16667        1.24638   1  91
        0.16667        1.24709   1  92
        0.16667        1.26107   1  93
        0.16667        1.26126   1  94
        0.16667        1.28420   1  95
        0.16667        1.29444   1  96
        0.16667        1.33633   1  97
        0.16667        1.35883   1  98
        0.16667        1.42500   1  99
        0.16667        1.46634   1 100
        0.16667        1.47217   1 101
        0.16667        1.48427   1 102
        0.16667        1.49931   1 103
        0.16667        1.53670   1 104
        0.16667        1.57763   1 105
        0.16667        1.59796   1 106
        0.16667        1.61554   1 107
        0.16667        1.63024   1 108
        0.16667        1.66612   1 109
        0.16667        1.67898   1 110
        0.16667        1.68423   1 111
        0.16667        1.71123   1 112
        0.16667        1.76149   1 113
        0.16667        1.76885   1 114
        0.16667        1.77057   1 115
        0.16667        1.77282   1 116
        0.16667        1.79591   1 117
        0.16667        1.82026   1 118
        0.16667        1.83443   1 119
        0.16667        1.85929   1 120
        0.16667        1.89515   1 121
        0.16667        1.91094   1 122
        0.16667        1.91544   1 123
        0.16667        1.93199   1 124
        0.16667        1.94324   1 125
        0.16667        1.94562   1 126
        0.16667        2.27407   1 127
        0.16667        2.27858   1 128
        0.16667        2.36605   1 129
        0.16667        2.36839   1 130
        0.16667        2.42455   1 131
        0.16667        2.42654   1 132
        0.16667        2.45168   1 133
        0.16667        2.45396   1 134
        0.16667        2.51796   1 135
        0.16667        2.51925   1 136
        0.16667        2.84294   1 137
        0.16667        2.84445   1 138
        0.16667        2.92635   1 139
        0.16667        2.92768   1 140
        0.16667        2.96587   1 141
        0.16667        2.97754   1 142
        0.16667        3.20219   1 143
        0.16667        3.20597   1 144
        0.16667        3.25825   1 145
        0.16667        3.25880   1 146
        0.16667        3.29651   1 147
        0.16667        3.29687   1 148
        0.16667        3.47472   1 149
        0.16667        3.47502   1 150
        0.16667        4.10074   1 151
        0.16667        4.10120   1 152
        0.16667        4.13701   1 153
        0.16667        4.13720   1 154
        0.16667        4.19532   1 155
        0.16667        4.19552   1 156
        0.20833       -0.42945   1   1
        0.20833       -0.40350   1   2
        0.20833       -0.36679   1   3
        0.20833       -0.35620   1   4
        0.20833       -0.33854   1   5
        0.20833       -0.32235   1   6
        0.20833       -0.28333   1   7
        0.20833       -0.27498   1   8
        0.20833       -0.25900   1   9
        0.20833       -0.25372   1  10
        0.20833       -0.24130   1  11
        0.20833       -0.22689   1  12
        0.20833       -0.20728   1  13
        0.20833       -0.20400   1  14
        0.20833       -0.19814   1  15
        0.20833       -0.19523   1  16
        0.20833       -0.19310   1  17
        0.20833       -0.16205   1  18
        0.20833       -0.15794   1  19
        0.20833       -0.14939   1  20
        0.20833       -0.14735   1  21
        0.20833       -0.14595   1  22
        0.20833       -0.13891   1  23
        0.20833       -0.13457   1  24
        0.20833       -0.12833   1  25
        0.20833       -0.12814   1  26
        0.20833       -0.12281   1  27
        0.20833       -0.12255   1  28
        0.20833       -0.10073   1  29
        0.20833       -0.08891   1  30
        0.20833       -0.08635   1  31
        0.20833       -0.07162   1  32
        0.20833       -0.06408   1  33
        0.20833       -0.04243   1  34
        0.20833       -0.03007   1  35
        0.20833       -0.01612   1  36
        0.20833        0.01555   1  37
        0.20833        0.01580   1  38
        0.20833        0.02258   1  39
        0.20833        0.02565   1  40
        0.20833        0.03678   1  41
        0.20833        0.03914   1  42
        0.20833        0.04625   1  43
        0.20833        0.09305   1  44
        0.20833        0.09951   1  45
        0.20833        0.13081   1  46
        0.20833        0.13429   1  47
        0.20833        0.15637   1  48
        0.20833        0.16500   1  49
        0.20833        0.20124   1  50
        0.20833        0.20977   1  51
        0.20833        0.21384   1  52
        0.20833        0.23144   1  53
        0.20833        0.27850   1  54
        0.20833        0.28573   1  55
        0.20833        0.30458   1  56
        0.20833        0.43230   1  57
        0.20833        0.45573   1  58
        0.20833        0.47908   1  59
        0.20833        0.53370   1  60
        0.20833        0.55509   1  61
        0.20833        0.56050   1  62
        0.20833        0.66255   1  63
        0.20833        0.66760   1  64
        0.20833        0.68387   1  65
        0.20833        0.69341   1  66
        0.20833        0.70073   1  67
        0.20833        0.73014   1  68
        0.20833        0.76747   1  69
        0.20833        0.77879   1  70
        0.20833        0.78476   1  71
        0.20833        0.80152   1  72
        0.20833        0.85400   1  73
        0.20833        0.90924   1  74
        0.20833        0.91845   1  75
        0.20833        0.92351   1  76
        0.20833        0.93711   1  77
        0.20833        0.94826   1  78
        0.20833        1.04376   1  79
        0.20833        1.07742   1  80
        0.20833        1.07828   1  81
        0.20833        1.11017   1  82
        0.20833        1.11193   1  83
        0.20833        1.12175   1  84
        0.20833        1.17200   1  85
        0.20833        1.17316   1  86
        0.20833        1.17456   1  87
        0.20833        1.18760   1  88
        0.20833        1.20238   1  89
        0.20833        1.21432   1  90
        0.20833        1.24257   1  91
        0.20833        1.24324   1  92
        0.20833        1.24430   1  93
        0.20833        1.24472   1  94
        0.20833        1.29489   1  95
        0.20833        1.30382   1  96
        0.20833        1.32067   1  97
        0.20833        1.34272   1  98
        0.20833        1.39916   1  99
        0.20833        1.44789   1 100
        0.20833        1.46455   1 101
        0.20833        1.48412   1 102
        0.20833        1.49481   1 103
        0.20833        1.52981   1 104
        0.20833        1.56194   1 105
        0.20833        1.59797   1 106
        0.20833        1.61288   1 107
        0.20833        1.62302   1 108
        0.20833        1.63327   1 109
        0.20833        1.65101   1 110
        0.20833        1.68905   1 111
        0.20833        1.70328   1 112
        0.20833        1.74216   1 113
        0.20833        1.76313   1 114
        0.20833        1.76499   1 115
        0.20833        1.77097   1 116
        0.20833        1.80224   1 117
        0.20833        1.81250   1 118
        0.20833        1.84992   1 119
        0.20833        1.86783   1 120
        0.20833        1.87264   1 121
        0.20833        1.88760   1 122
        0.20833        1.91127   1 123
        0.20833        1.91322   1 124
        0.20833        1.95598   1 125
        0.20833        1.96308   1 126
        0.20833        2.25996   1 127
        0.20833        2.26340   1 128
        0.20833        2.32611   1 129
        0.20833        2.32812   1 130
        0.20833        2.35030   1 131
        0.20833        2.35220   1 132
        0.20833        2.38088   1 133
        0.20833        2.38368   1 134
        0.20833        2.50784   1 135
        0.20833        2.50905   1 136
        0.20833        2.73352   1 137
        0.20833        2.73466   1 138
        0.20833        2.85120   1 139
        0.20833        2.85199   1 140
        0.20833        2.87302   1 141
        0.20833        2.87905   1 142
        0.20833        3.02229   1 143
        0.20833        3.02764   1 144
        0.20833        3.05648   1 145
        0.20833        3.05728   1 146
        0.20833        3.14861   1 147
        0.20833        3.15663   1 148
        0.20833        3.47364   1 149
        0.20833        3.47410   1 150
        0.20833        3.82977   1 151
        0.20833        3.83124   1 152
        0.20833        3.90574   1 153
        0.20833        3.90630   1 154
        0.20833        3.98648   1 155
        0.20833        3.98661   1 156
        0.25000       -0.41386   1   1
        0.25000       -0.39152   1   2
        0.25000       -0.36989   1   3
        0.25000       -0.36496   1   4
        0.25000       -0.34838   1   5
        0.25000       -0.32508   1   6
        0.25000       -0.29774   1   7
        0.25000       -0.28868   1   8
        0.25000       -0.27908   1   9
        0.25000       -0.27311   1  10
        0.25000       -0.23980   1  11
        0.25000       -0.22713   1  12
        0.25000       -0.20418   1  13
        0.25000       -0.20266   1  14
        0.25000       -0.20240   1  15
        0.25000       -0.19374   1  16
        0.25000       -0.19297   1  17
        0.25000       -0.16252   1  18
        0.25000       -0.15688   1  19
        0.25000       -0.15326   1  20
        0.25000       -0.14692   1  21
        0.25000       -0.14584   1  22
        0.25000       -0.13643   1  23
        0.25000       -0.13478   1  24
        0.25000       -0.13164   1  25
        0.25000       -0.12440   1  26
        0.25000       -0.12413   1  27
        0.25000       -0.12029   1  28
        0.25000       -0.10037   1  29
        0.25000       -0.08958   1  30
        0.25000       -0.08613   1  31
        0.25000       -0.06429   1  32
        0.25000       -0.06025   1  33
        0.25000       -0.03923   1  34
        0.25000       -0.02738   1  35
        0.25000       -0.01718   1  36
        0.25000        0.00751   1  37
        0.25000        0.02065   1  38
        0.25000        0.02461   1  39
        0.25000        0.02872   1  40
        0.25000        0.03009   1  41
        0.25000        0.04032   1  42
        0.25000        0.04242   1  43
        0.25000        0.09542   1  44
        0.25000        0.09831   1  45
        0.25000        0.13412   1  46
        0.25000        0.13638   1  47
        0.25000        0.15530   1  48
        0.25000        0.16610   1  49
        0.25000        0.20158   1  50
        0.25000        0.21326   1  51
        0.25000        0.21634   1  52
        0.25000        0.25018   1  53
        0.25000        0.30727   1  54
        0.25000        0.31163   1  55
        0.25000        0.32055   1  56
        0.25000        0.40078   1  57
        0.25000        0.44811   1  58
        0.25000        0.45031   1  59
        0.25000        0.50515   1  60
        0.25000        0.53209   1  61
        0.25000        0.55880   1  62
        0.25000        0.64814   1  63
        0.25000        0.67002   1  64
        0.25000        0.67097   1  65
        0.25000        0.68521   1  66
        0.25000        0.70040   1  67
        0.25000        0.70446   1  68
        0.25000        0.76810   1  69
        0.25000        0.77316   1  70
        0.25000        0.79405   1  71
        0.25000        0.80472   1  72
        0.25000        0.89174   1  73
        0.25000        0.90702   1  74
        0.25000        0.91030   1  75
        0.25000        0.92642   1  76
        0.25000        0.94392   1  77
        0.25000        0.94840   1  78
        0.25000        1.03416   1  79
        0.25000        1.07702   1  80
        0.25000        1.09563   1  81
        0.25000        1.11359   1  82
        0.25000        1.11379   1  83
        0.25000        1.13464   1  84
        0.25000        1.15822   1  85
        0.25000        1.16199   1  86
        0.25000        1.16387   1  87
        0.25000        1.17177   1  88
        0.25000        1.21637   1  89
        0.25000        1.22088   1  90
        0.25000        1.22518   1  91
        0.25000        1.22757   1  92
        0.25000        1.24056   1  93
        0.25000        1.24125   1  94
        0.25000        1.31072   1  95
        0.25000        1.31330   1  96
        0.25000        1.32372   1  97
        0.25000        1.33611   1  98
        0.25000        1.35887   1  99
        0.25000        1.40214   1 100
        0.25000        1.46527   1 101
        0.25000        1.47011   1 102
        0.25000        1.48649   1 103
        0.25000        1.50358   1 104
        0.25000        1.52441   1 105
        0.25000        1.58109   1 106
        0.25000        1.59642   1 107
        0.25000        1.59870   1 108
        0.25000        1.61851   1 109
        0.25000        1.62572   1 110
        0.25000        1.68428   1 111
        0.25000        1.69370   1 112
        0.25000        1.69741   1 113
        0.25000        1.72006   1 114
        0.25000        1.74839   1 115
        0.25000        1.75277   1 116
        0.25000        1.81884   1 117
        0.25000        1.83000   1 118
        0.25000        1.86660   1 119
        0.25000        1.87458   1 120
        0.25000        1.87594   1 121
        0.25000        1.88515   1 122
        0.25000        1.90404   1 123
        0.25000        1.91447   1 124
        0.25000        1.99676   1 125
        0.25000        1.99942   1 126
        0.25000        2.27207   1 127
        0.25000        2.27213   1 128
        0.25000        2.28902   1 129
        0.25000        2.28964   1 130
        0.25000        2.29200   1 131
        0.25000        2.29652   1 132
        0.25000        2.30695   1 133
        0.25000        2.31146   1 134
        0.25000        2.49073   1 135
        0.25000        2.49164   1 136
        0.25000        2.62553   1 137
        0.25000        2.62642   1 138
        0.25000        2.72744   1 139
        0.25000        2.73025   1 140
        0.25000        2.77770   1 141
        0.25000        2.77818   1 142
        0.25000        2.86319   1 143
        0.25000        2.86513   1 144
        0.25000        2.88970   1 145
        0.25000        2.89185   1 146
        0.25000        3.10613   1 147
        0.25000        3.12303   1 148
        0.25000        3.47088   1 149
        0.25000        3.47113   1 150
        0.25000        3.61713   1 151
        0.25000        3.61859   1 152
        0.25000        3.75201   1 153
        0.25000        3.75210   1 154
        0.25000        3.82197   1 155
        0.25000        3.82234   1 156
        0.29167       -0.40238   1   1
        0.29167       -0.38683   1   2
        0.29167       -0.38469   1   3
        0.29167       -0.38042   1   4
        0.29167       -0.34797   1   5
        0.29167       -0.32320   1   6
        0.29167       -0.31180   1   7
        0.29167       -0.30535   1   8
        0.29167       -0.29380   1   9
        0.29167       -0.27673   1  10
        0.29167       -0.23871   1  11
        0.29167       -0.22633   1  12
        0.29167       -0.20531   1  13
        0.29167       -0.20196   1  14
        0.29167       -0.20129   1  15
        0.29167       -0.19061   1  16
        0.29167       -0.18416   1  17
        0.29167       -0.16443   1  18
        0.29167       -0.15575   1  19
        0.29167       -0.15471   1  20
        0.29167       -0.14948   1  21
        0.29167       -0.14846   1  22
        0.29167       -0.14277   1  23
        0.29167       -0.13454   1  24
        0.29167       -0.12677   1  25
        0.29167       -0.12611   1  26
        0.29167       -0.12589   1  27
        0.29167       -0.10571   1  28
        0.29167       -0.10139   1  29
        0.29167       -0.09116   1  30
        0.29167       -0.08622   1  31
        0.29167       -0.06380   1  32
        0.29167       -0.04895   1  33
        0.29167       -0.03828   1  34
        0.29167       -0.02280   1  35
        0.29167       -0.01708   1  36
        0.29167        0.00019   1  37
        0.29167        0.02078   1  38
        0.29167        0.02464   1  39
        0.29167        0.02971   1  40
        0.29167        0.03415   1  41
        0.29167        0.03987   1  42
        0.29167        0.04598   1  43
        0.29167        0.09510   1  44
        0.29167        0.09584   1  45
        0.29167        0.13651   1  46
        0.29167        0.14033   1  47
        0.29167        0.15468   1  48
        0.29167        0.16782   1  49
        0.29167        0.20191   1  50
        0.29167        0.21392   1  51
        0.29167        0.22178   1  52
        0.29167        0.26038   1  53
        0.29167        0.33041   1  54
        0.29167        0.33940   1  55
        0.29167        0.34053   1  56
        0.29167        0.34932   1  57
        0.29167        0.41922   1  58
        0.29167        0.44202   1  59
        0.29167        0.47932   1  60
        0.29167        0.51682   1  61
        0.29167        0.54249   1  62
        0.29167        0.62652   1  63
        0.29167        0.65390   1  64
        0.29167        0.65551   1  65
        0.29167        0.68441   1  66
        0.29167        0.69093   1  67
        0.29167        0.70844   1  68
        0.29167        0.76856   1  69
        0.29167        0.77149   1  70
        0.29167        0.80412   1  71
        0.29167        0.81233   1  72
        0.29167        0.89291   1  73
        0.29167        0.89847   1  74
        0.29167        0.92113   1  75
        0.29167        0.93429   1  76
        0.29167        0.94201   1  77
        0.29167        0.99127   1  78
        0.29167        1.03283   1  79
        0.29167        1.07930   1  80
        0.29167        1.10291   1  81
        0.29167        1.11004   1  82
        0.29167        1.12334   1  83
        0.29167        1.14423   1  84
        0.29167        1.15156   1  85
        0.29167        1.15850   1  86
        0.29167        1.16051   1  87
        0.29167        1.17089   1  88
        0.29167        1.21225   1  89
        0.29167        1.22011   1  90
        0.29167        1.23265   1  91
        0.29167        1.23485   1  92
        0.29167        1.24088   1  93
        0.29167        1.24479   1  94
        0.29167        1.29636   1  95
        0.29167        1.31543   1  96
        0.29167        1.33903   1  97
        0.29167        1.33996   1  98
        0.29167        1.35792   1  99
        0.29167        1.36541   1 100
        0.29167        1.44019   1 101
        0.29167        1.46562   1 102
        0.29167        1.47327   1 103
        0.29167        1.47605   1 104
        0.29167        1.48912   1 105
        0.29167        1.53369   1 106
        0.29167        1.56569   1 107
        0.29167        1.56855   1 108
        0.29167        1.59696   1 109
        0.29167        1.60507   1 110
        0.29167        1.63705   1 111
        0.29167        1.65364   1 112
        0.29167        1.66502   1 113
        0.29167        1.66959   1 114
        0.29167        1.74656   1 115
        0.29167        1.75651   1 116
        0.29167        1.83868   1 117
        0.29167        1.84493   1 118
        0.29167        1.88361   1 119
        0.29167        1.88569   1 120
        0.29167        1.90294   1 121
        0.29167        1.90490   1 122
        0.29167        1.90962   1 123
        0.29167        1.91836   1 124
        0.29167        2.03834   1 125
        0.29167        2.03960   1 126
        0.29167        2.21365   1 127
        0.29167        2.21515   1 128
        0.29167        2.23405   1 129
        0.29167        2.23530   1 130
        0.29167        2.26405   1 131
        0.29167        2.26784   1 132
        0.29167        2.31810   1 133
        0.29167        2.32048   1 134
        0.29167        2.46855   1 135
        0.29167        2.46917   1 136
        0.29167        2.53158   1 137
        0.29167        2.53231   1 138
        0.29167        2.59776   1 139
        0.29167        2.59988   1 140
        0.29167        2.70422   1 141
        0.29167        2.70481   1 142
        0.29167        2.71140   1 143
        0.29167        2.71185   1 144
        0.29167        2.77060   1 145
        0.29167        2.77228   1 146
        0.29167        3.10318   1 147
        0.29167        3.12397   1 148
        0.29167        3.46719   1 149
        0.29167        3.46726   1 150
        0.29167        3.47333   1 151
        0.29167        3.47440   1 152
        0.29167        3.65184   1 153
        0.29167        3.65241   1 154
        0.29167        3.69782   1 155
        0.29167        3.69835   1 156
        0.33333       -0.40549   1   1
        0.33333       -0.39980   1   2
        0.33333       -0.39625   1   3
        0.33333       -0.38862   1   4
        0.33333       -0.34013   1   5
        0.33333       -0.33067   1   6
        0.33333       -0.32897   1   7
        0.33333       -0.31282   1   8
        0.33333       -0.29463   1   9
        0.33333       -0.26334   1  10
        0.33333       -0.23798   1  11
        0.33333       -0.22474   1  12
        0.33333       -0.20451   1  13
        0.33333       -0.20034   1  14
        0.33333       -0.19945   1  15
        0.33333       -0.18825   1  16
        0.33333       -0.17345   1  17
        0.33333       -0.16689   1  18
        0.33333       -0.15467   1  19
        0.33333       -0.15450   1  20
        0.33333       -0.15331   1  21
        0.33333       -0.15301   1  22
        0.33333       -0.14906   1  23
        0.33333       -0.13204   1  24
        0.33333       -0.12794   1  25
        0.33333       -0.12778   1  26
        0.33333       -0.12284   1  27
        0.33333       -0.10412   1  28
        0.33333       -0.09663   1  29
        0.33333       -0.09329   1  30
        0.33333       -0.07960   1  31
        0.33333       -0.06326   1  32
        0.33333       -0.03904   1  33
        0.33333       -0.03766   1  34
        0.33333       -0.01699   1  35
        0.33333       -0.01538   1  36
        0.33333       -0.00588   1  37
        0.33333        0.01410   1  38
        0.33333        0.02449   1  39
        0.33333        0.03557   1  40
        0.33333        0.03868   1  41
        0.33333        0.04363   1  42
        0.33333        0.05301   1  43
        0.33333        0.09197   1  44
        0.33333        0.09626   1  45
        0.33333        0.13849   1  46
        0.33333        0.14523   1  47
        0.33333        0.15268   1  48
        0.33333        0.17157   1  49
        0.33333        0.20205   1  50
        0.33333        0.21530   1  51
        0.33333        0.22611   1  52
        0.33333        0.23788   1  53
        0.33333        0.32290   1  54
        0.33333        0.32739   1  55
        0.33333        0.36898   1  56
        0.33333        0.36962   1  57
        0.33333        0.39497   1  58
        0.33333        0.41983   1  59
        0.33333        0.46293   1  60
        0.33333        0.49983   1  61
        0.33333        0.51702   1  62
        0.33333        0.61433   1  63
        0.33333        0.63024   1  64
        0.33333        0.64400   1  65
        0.33333        0.67896   1  66
        0.33333        0.68789   1  67
        0.33333        0.70932   1  68
        0.33333        0.76683   1  69
        0.33333        0.76898   1  70
        0.33333        0.81290   1  71
        0.33333        0.81933   1  72
        0.33333        0.88130   1  73
        0.33333        0.89019   1  74
        0.33333        0.92326   1  75
        0.33333        0.94317   1  76
        0.33333        0.98065   1  77
        0.33333        1.03346   1  78
        0.33333        1.03859   1  79
        0.33333        1.08550   1  80
        0.33333        1.09985   1  81
        0.33333        1.10612   1  82
        0.33333        1.13163   1  83
        0.33333        1.13815   1  84
        0.33333        1.14735   1  85
        0.33333        1.16039   1  86
        0.33333        1.16755   1  87
        0.33333        1.18169   1  88
        0.33333        1.21102   1  89
        0.33333        1.23092   1  90
        0.33333        1.23294   1  91
        0.33333        1.23456   1  92
        0.33333        1.24619   1  93
        0.33333        1.26893   1  94
        0.33333        1.28627   1  95
        0.33333        1.31054   1  96
        0.33333        1.32602   1  97
        0.33333        1.35137   1  98
        0.33333        1.38502   1  99
        0.33333        1.38634   1 100
        0.33333        1.41930   1 101
        0.33333        1.43336   1 102
        0.33333        1.45346   1 103
        0.33333        1.46189   1 104
        0.33333        1.48455   1 105
        0.33333        1.49088   1 106
        0.33333        1.51852   1 107
        0.33333        1.53220   1 108
        0.33333        1.55786   1 109
        0.33333        1.56625   1 110
        0.33333        1.58523   1 111
        0.33333        1.58768   1 112
        0.33333        1.63731   1 113
        0.33333        1.64509   1 114
        0.33333        1.75792   1 115
        0.33333        1.76648   1 116
        0.33333        1.86694   1 117
        0.33333        1.86938   1 118
        0.33333        1.89635   1 119
        0.33333        1.89640   1 120
        0.33333        1.90855   1 121
        0.33333        1.92577   1 122
        0.33333        1.93576   1 123
        0.33333        1.93925   1 124
        0.33333        2.07548   1 125
        0.33333        2.07622   1 126
        0.33333        2.17107   1 127
        0.33333        2.17293   1 128
        0.33333        2.18737   1 129
        0.33333        2.18893   1 130
        0.33333        2.23710   1 131
        0.33333        2.24015   1 132
        0.33333        2.33972   1 133
        0.33333        2.34098   1 134
        0.33333        2.42705   1 135
        0.33333        2.42761   1 136
        0.33333        2.45209   1 137
        0.33333        2.45274   1 138
        0.33333        2.48454   1 139
        0.33333        2.48639   1 140
        0.33333        2.56428   1 141
        0.33333        2.56441   1 142
        0.33333        2.65583   1 143
        0.33333        2.65633   1 144
        0.33333        2.69209   1 145
        0.33333        2.69257   1 146
        0.33333        3.10696   1 147
        0.33333        3.12946   1 148
        0.33333        3.38783   1 149
        0.33333        3.38875   1 150
        0.33333        3.46689   1 151
        0.33333        3.46700   1 152
        0.33333        3.57582   1 153
        0.33333        3.57711   1 154
        0.33333        3.61864   1 155
        0.33333        3.61893   1 156
        0.37500       -0.41967   1   1
        0.37500       -0.41499   1   2
        0.37500       -0.40283   1   3
        0.37500       -0.39747   1   4
        0.37500       -0.34897   1   5
        0.37500       -0.34721   1   6
        0.37500       -0.32651   1   7
        0.37500       -0.30133   1   8
        0.37500       -0.28986   1   9
        0.37500       -0.24305   1  10
        0.37500       -0.23752   1  11
        0.37500       -0.22171   1  12
        0.37500       -0.20277   1  13
        0.37500       -0.19971   1  14
        0.37500       -0.19737   1  15
        0.37500       -0.18612   1  16
        0.37500       -0.16890   1  17
        0.37500       -0.16416   1  18
        0.37500       -0.15845   1  19
        0.37500       -0.15705   1  20
        0.37500       -0.15436   1  21
        0.37500       -0.15352   1  22
        0.37500       -0.15337   1  23
        0.37500       -0.12973   1  24
        0.37500       -0.12964   1  25
        0.37500       -0.12800   1  26
        0.37500       -0.12177   1  27
        0.37500       -0.10773   1  28
        0.37500       -0.09775   1  29
        0.37500       -0.09560   1  30
        0.37500       -0.06409   1  31
        0.37500       -0.06246   1  32
        0.37500       -0.04024   1  33
        0.37500       -0.02726   1  34
        0.37500       -0.01556   1  35
        0.37500       -0.00981   1  36
        0.37500       -0.00711   1  37
        0.37500        0.00830   1  38
        0.37500        0.02501   1  39
        0.37500        0.03469   1  40
        0.37500        0.04221   1  41
        0.37500        0.05191   1  42
        0.37500        0.06298   1  43
        0.37500        0.08847   1  44
        0.37500        0.10305   1  45
        0.37500        0.14025   1  46
        0.37500        0.14750   1  47
        0.37500        0.15221   1  48
        0.37500        0.17651   1  49
        0.37500        0.18705   1  50
        0.37500        0.20182   1  51
        0.37500        0.21695   1  52
        0.37500        0.22939   1  53
        0.37500        0.29803   1  54
        0.37500        0.32185   1  55
        0.37500        0.38940   1  56
        0.37500        0.39211   1  57
        0.37500        0.40222   1  58
        0.37500        0.40331   1  59
        0.37500        0.43965   1  60
        0.37500        0.49093   1  61
        0.37500        0.49865   1  62
        0.37500        0.59629   1  63
        0.37500        0.60601   1  64
        0.37500        0.63987   1  65
        0.37500        0.67607   1  66
        0.37500        0.67698   1  67
        0.37500        0.70215   1  68
        0.37500        0.76452   1  69
        0.37500        0.76619   1  70
        0.37500        0.82149   1  71
        0.37500        0.82661   1  72
        0.37500        0.87477   1  73
        0.37500        0.88612   1  74
        0.37500        0.93172   1  75
        0.37500        0.94724   1  76
        0.37500        1.02808   1  77
        0.37500        1.04079   1  78
        0.37500        1.07052   1  79
        0.37500        1.09300   1  80
        0.37500        1.09725   1  81
        0.37500        1.10936   1  82
        0.37500        1.12760   1  83
        0.37500        1.13227   1  84
        0.37500        1.14657   1  85
        0.37500        1.15947   1  86
        0.37500        1.16480   1  87
        0.37500        1.19129   1  88
        0.37500        1.21997   1  89
        0.37500        1.22848   1  90
        0.37500        1.23618   1  91
        0.37500        1.25043   1  92
        0.37500        1.25888   1  93
        0.37500        1.26865   1  94
        0.37500        1.31076   1  95
        0.37500        1.31350   1  96
        0.37500        1.34213   1  97
        0.37500        1.36867   1  98
        0.37500        1.39404   1  99
        0.37500        1.40746   1 100
        0.37500        1.41347   1 101
        0.37500        1.42590   1 102
        0.37500        1.42670   1 103
        0.37500        1.44283   1 104
        0.37500        1.45395   1 105
        0.37500        1.48475   1 106
        0.37500        1.48602   1 107
        0.37500        1.49935   1 108
        0.37500        1.50443   1 109
        0.37500        1.51852   1 110
        0.37500        1.54057   1 111
        0.37500        1.54276   1 112
        0.37500        1.60659   1 113
        0.37500        1.61962   1 114
        0.37500        1.77680   1 115
        0.37500        1.78213   1 116
        0.37500        1.89938   1 117
        0.37500        1.90042   1 118
        0.37500        1.90572   1 119
        0.37500        1.90574   1 120
        0.37500        1.91700   1 121
        0.37500        1.93467   1 122
        0.37500        1.96358   1 123
        0.37500        1.96655   1 124
        0.37500        2.10512   1 125
        0.37500        2.10563   1 126
        0.37500        2.14452   1 127
        0.37500        2.14638   1 128
        0.37500        2.15246   1 129
        0.37500        2.15375   1 130
        0.37500        2.23180   1 131
        0.37500        2.23442   1 132
        0.37500        2.34234   1 133
        0.37500        2.34312   1 134
        0.37500        2.36552   1 135
        0.37500        2.36596   1 136
        0.37500        2.37514   1 137
        0.37500        2.37676   1 138
        0.37500        2.39792   1 139
        0.37500        2.39851   1 140
        0.37500        2.45752   1 141
        0.37500        2.45776   1 142
        0.37500        2.60737   1 143
        0.37500        2.60788   1 144
        0.37500        2.64183   1 145
        0.37500        2.64215   1 146
        0.37500        3.11618   1 147
        0.37500        3.13921   1 148
        0.37500        3.35989   1 149
        0.37500        3.36091   1 150
        0.37500        3.47517   1 151
        0.37500        3.47529   1 152
        0.37500        3.52026   1 153
        0.37500        3.52178   1 154
        0.37500        3.56401   1 155
        0.37500        3.56412   1 156
        0.41667       -0.43133   1   1
        0.41667       -0.42680   1   2
        0.41667       -0.40999   1   3
        0.41667       -0.40586   1   4
        0.41667       -0.36334   1   5
        0.41667       -0.36182   1   6
        0.41667       -0.31267   1   7
        0.41667       -0.28898   1   8
        0.41667       -0.28589   1   9
        0.41667       -0.23734   1  10
        0.41667       -0.22052   1  11
        0.41667       -0.21680   1  12
        0.41667       -0.20158   1  13
        0.41667       -0.19943   1  14
        0.41667       -0.19717   1  15
        0.41667       -0.18444   1  16
        0.41667       -0.17016   1  17
        0.41667       -0.16382   1  18
        0.41667       -0.16291   1  19
        0.41667       -0.15816   1  20
        0.41667       -0.15317   1  21
        0.41667       -0.15266   1  22
        0.41667       -0.15235   1  23
        0.41667       -0.13130   1  24
        0.41667       -0.13125   1  25
        0.41667       -0.12602   1  26
        0.41667       -0.12339   1  27
        0.41667       -0.10992   1  28
        0.41667       -0.10056   1  29
        0.41667       -0.09768   1  30
        0.41667       -0.06213   1  31
        0.41667       -0.04956   1  32
        0.41667       -0.04138   1  33
        0.41667       -0.01779   1  34
        0.41667       -0.01582   1  35
        0.41667       -0.01022   1  36
        0.41667        0.00389   1  37
        0.41667        0.00421   1  38
        0.41667        0.02549   1  39
        0.41667        0.03138   1  40
        0.41667        0.04462   1  41
        0.41667        0.05574   1  42
        0.41667        0.07621   1  43
        0.41667        0.08547   1  44
        0.41667        0.11757   1  45
        0.41667        0.13787   1  46
        0.41667        0.14161   1  47
        0.41667        0.14598   1  48
        0.41667        0.15526   1  49
        0.41667        0.18102   1  50
        0.41667        0.20203   1  51
        0.41667        0.21839   1  52
        0.41667        0.23160   1  53
        0.41667        0.26472   1  54
        0.41667        0.30671   1  55
        0.41667        0.38550   1  56
        0.41667        0.39660   1  57
        0.41667        0.41199   1  58
        0.41667        0.42635   1  59
        0.41667        0.43660   1  60
        0.41667        0.48948   1  61
        0.41667        0.49202   1  62
        0.41667        0.57349   1  63
        0.41667        0.58079   1  64
        0.41667        0.63625   1  65
        0.41667        0.66139   1  66
        0.41667        0.67465   1  67
        0.41667        0.69027   1  68
        0.41667        0.76289   1  69
        0.41667        0.76423   1  70
        0.41667        0.83024   1  71
        0.41667        0.83380   1  72
        0.41667        0.87333   1  73
        0.41667        0.88690   1  74
        0.41667        0.94050   1  75
        0.41667        0.95010   1  76
        0.41667        1.04625   1  77
        0.41667        1.06469   1  78
        0.41667        1.07850   1  79
        0.41667        1.09992   1  80
        0.41667        1.10410   1  81
        0.41667        1.11602   1  82
        0.41667        1.12458   1  83
        0.41667        1.13264   1  84
        0.41667        1.14554   1  85
        0.41667        1.14918   1  86
        0.41667        1.17957   1  87
        0.41667        1.19742   1  88
        0.41667        1.20989   1  89
        0.41667        1.22053   1  90
        0.41667        1.25693   1  91
        0.41667        1.26274   1  92
        0.41667        1.27040   1  93
        0.41667        1.29462   1  94
        0.41667        1.33852   1  95
        0.41667        1.34015   1  96
        0.41667        1.35809   1  97
        0.41667        1.36520   1  98
        0.41667        1.37044   1  99
        0.41667        1.38680   1 100
        0.41667        1.41403   1 101
        0.41667        1.41778   1 102
        0.41667        1.42936   1 103
        0.41667        1.43742   1 104
        0.41667        1.44513   1 105
        0.41667        1.46001   1 106
        0.41667        1.46994   1 107
        0.41667        1.47716   1 108
        0.41667        1.48339   1 109
        0.41667        1.49316   1 110
        0.41667        1.50535   1 111
        0.41667        1.50807   1 112
        0.41667        1.57756   1 113
        0.41667        1.59462   1 114
        0.41667        1.79744   1 115
        0.41667        1.79996   1 116
        0.41667        1.91151   1 117
        0.41667        1.91196   1 118
        0.41667        1.92377   1 119
        0.41667        1.93251   1 120
        0.41667        1.93392   1 121
        0.41667        1.94163   1 122
        0.41667        1.98950   1 123
        0.41667        1.99168   1 124
        0.41667        2.12418   1 125
        0.41667        2.12492   1 126
        0.41667        2.12554   1 127
        0.41667        2.12602   1 128
        0.41667        2.12962   1 129
        0.41667        2.13025   1 130
        0.41667        2.25253   1 131
        0.41667        2.25465   1 132
        0.41667        2.25976   1 133
        0.41667        2.26106   1 134
        0.41667        2.27707   1 135
        0.41667        2.27855   1 136
        0.41667        2.31398   1 137
        0.41667        2.31431   1 138
        0.41667        2.39499   1 139
        0.41667        2.39513   1 140
        0.41667        2.40550   1 141
        0.41667        2.40627   1 142
        0.41667        2.56318   1 143
        0.41667        2.56383   1 144
        0.41667        2.61127   1 145
        0.41667        2.61212   1 146
        0.41667        3.13522   1 147
        0.41667        3.15839   1 148
        0.41667        3.37067   1 149
        0.41667        3.37177   1 150
        0.41667        3.47976   1 151
        0.41667        3.48108   1 152
        0.41667        3.49233   1 153
        0.41667        3.49251   1 154
        0.41667        3.52076   1 155
        0.41667        3.52086   1 156
        0.45833       -0.43869   1   1
        0.45833       -0.43422   1   2
        0.45833       -0.41508   1   3
        0.45833       -0.41146   1   4
        0.45833       -0.37248   1   5
        0.45833       -0.37112   1   6
        0.45833       -0.30151   1   7
        0.45833       -0.28490   1   8
        0.45833       -0.27951   1   9
        0.45833       -0.23736   1  10
        0.45833       -0.21108   1  11
        0.45833       -0.20213   1  12
        0.45833       -0.20120   1  13
        0.45833       -0.19935   1  14
        0.45833       -0.19761   1  15
        0.45833       -0.18335   1  16
        0.45833       -0.17082   1  17
        0.45833       -0.16641   1  18
        0.45833       -0.16619   1  19
        0.45833       -0.16053   1  20
        0.45833       -0.15197   1  21
        0.45833       -0.15167   1  22
        0.45833       -0.14749   1  23
        0.45833       -0.13376   1  24
        0.45833       -0.13243   1  25
        0.45833       -0.13240   1  26
        0.45833       -0.11986   1  27
        0.45833       -0.11029   1  28
        0.45833       -0.10291   1  29
        0.45833       -0.09909   1  30
        0.45833       -0.06164   1  31
        0.45833       -0.04202   1  32
        0.45833       -0.04061   1  33
        0.45833       -0.01726   1  34
        0.45833       -0.00943   1  35
        0.45833       -0.00896   1  36
        0.45833        0.00133   1  37
        0.45833        0.02062   1  38
        0.45833        0.02599   1  39
        0.45833        0.02682   1  40
        0.45833        0.04600   1  41
        0.45833        0.05665   1  42
        0.45833        0.08335   1  43
        0.45833        0.08391   1  44
        0.45833        0.10038   1  45
        0.45833        0.13417   1  46
        0.45833        0.14246   1  47
        0.45833        0.14590   1  48
        0.45833        0.15639   1  49
        0.45833        0.18217   1  50
        0.45833        0.20583   1  51
        0.45833        0.21927   1  52
        0.45833        0.23286   1  53
        0.45833        0.23771   1  54
        0.45833        0.28360   1  55
        0.45833        0.37703   1  56
        0.45833        0.39230   1  57
        0.45833        0.42409   1  58
        0.45833        0.44285   1  59
        0.45833        0.44726   1  60
        0.45833        0.49840   1  61
        0.45833        0.50013   1  62
        0.45833        0.54932   1  63
        0.45833        0.55476   1  64
        0.45833        0.62959   1  65
        0.45833        0.65221   1  66
        0.45833        0.67267   1  67
        0.45833        0.67966   1  68
        0.45833        0.76209   1  69
        0.45833        0.76328   1  70
        0.45833        0.83656   1  71
        0.45833        0.83859   1  72
        0.45833        0.87587   1  73
        0.45833        0.89163   1  74
        0.45833        0.94359   1  75
        0.45833        0.94888   1  76
        0.45833        1.05629   1  77
        0.45833        1.07338   1  78
        0.45833        1.07747   1  79
        0.45833        1.11063   1  80
        0.45833        1.11137   1  81
        0.45833        1.11412   1  82
        0.45833        1.12536   1  83
        0.45833        1.12896   1  84
        0.45833        1.13150   1  85
        0.45833        1.16831   1  86
        0.45833        1.18537   1  87
        0.45833        1.21171   1  88
        0.45833        1.21667   1  89
        0.45833        1.22679   1  90
        0.45833        1.26918   1  91
        0.45833        1.27784   1  92
        0.45833        1.28502   1  93
        0.45833        1.30218   1  94
        0.45833        1.33312   1  95
        0.45833        1.35729   1  96
        0.45833        1.35998   1  97
        0.45833        1.36142   1  98
        0.45833        1.36200   1  99
        0.45833        1.37516   1 100
        0.45833        1.39915   1 101
        0.45833        1.40216   1 102
        0.45833        1.41883   1 103
        0.45833        1.44437   1 104
        0.45833        1.44507   1 105
        0.45833        1.44953   1 106
        0.45833        1.45909   1 107
        0.45833        1.46089   1 108
        0.45833        1.48749   1 109
        0.45833        1.48803   1 110
        0.45833        1.49026   1 111
        0.45833        1.49774   1 112
        0.45833        1.55264   1 113
        0.45833        1.57272   1 114
        0.45833        1.81464   1 115
        0.45833        1.81505   1 116
        0.45833        1.91081   1 117
        0.45833        1.91330   1 118
        0.45833        1.92915   1 119
        0.45833        1.94564   1 120
        0.45833        1.96059   1 121
        0.45833        1.96380   1 122
        0.45833        2.01575   1 123
        0.45833        2.01626   1 124
        0.45833        2.10795   1 125
        0.45833        2.10918   1 126
        0.45833        2.11562   1 127
        0.45833        2.11723   1 128
        0.45833        2.14005   1 129
        0.45833        2.14006   1 130
        0.45833        2.18665   1 131
        0.45833        2.18869   1 132
        0.45833        2.20249   1 133
        0.45833        2.20346   1 134
        0.45833        2.22765   1 135
        0.45833        2.22801   1 136
        0.45833        2.30663   1 137
        0.45833        2.30822   1 138
        0.45833        2.37743   1 139
        0.45833        2.37851   1 140
        0.45833        2.41334   1 141
        0.45833        2.41410   1 142
        0.45833        2.53220   1 143
        0.45833        2.53330   1 144
        0.45833        2.59917   1 145
        0.45833        2.60048   1 146
        0.45833        3.15674   1 147
        0.45833        3.18005   1 148
        0.45833        3.39015   1 149
        0.45833        3.39139   1 150
        0.45833        3.44898   1 151
        0.45833        3.44986   1 152
        0.45833        3.49109   1 153
        0.45833        3.49123   1 154
        0.45833        3.50994   1 155
        0.45833        3.51003   1 156
        0.50000       -0.44121   1   1
        0.50000       -0.43675   1   2
        0.50000       -0.41687   1   3
        0.50000       -0.41339   1   4
        0.50000       -0.37562   1   5
        0.50000       -0.37431   1   6
        0.50000       -0.29644   1   7
        0.50000       -0.28562   1   8
        0.50000       -0.27588   1   9
        0.50000       -0.23743   1  10
        0.50000       -0.20752   1  11
        0.50000       -0.20372   1  12
        0.50000       -0.20036   1  13
        0.50000       -0.19936   1  14
        0.50000       -0.18941   1  15
        0.50000       -0.18297   1  16
        0.50000       -0.17104   1  17
        0.50000       -0.16833   1  18
        0.50000       -0.16735   1  19
        0.50000       -0.16138   1  20
        0.50000       -0.15169   1  21
        0.50000       -0.15140   1  22
        0.50000       -0.14543   1  23
        0.50000       -0.13845   1  24
        0.50000       -0.13283   1  25
        0.50000       -0.13281   1  26
        0.50000       -0.11828   1  27
        0.50000       -0.11035   1  28
        0.50000       -0.10379   1  29
        0.50000       -0.09963   1  30
        0.50000       -0.06160   1  31
        0.50000       -0.04240   1  32
        0.50000       -0.03776   1  33
        0.50000       -0.01852   1  34
        0.50000       -0.00848   1  35
        0.50000       -0.00508   1  36
        0.50000        0.00042   1  37
        0.50000        0.02448   1  38
        0.50000        0.02589   1  39
        0.50000        0.04055   1  40
        0.50000        0.04657   1  41
        0.50000        0.05713   1  42
        0.50000        0.06057   1  43
        0.50000        0.08263   1  44
        0.50000        0.09924   1  45
        0.50000        0.14043   1  46
        0.50000        0.14280   1  47
        0.50000        0.15135   1  48
        0.50000        0.15370   1  49
        0.50000        0.18090   1  50
        0.50000        0.21439   1  51
        0.50000        0.21756   1  52
        0.50000        0.22319   1  53
        0.50000        0.23331   1  54
        0.50000        0.27347   1  55
        0.50000        0.36843   1  56
        0.50000        0.39582   1  57
        0.50000        0.43029   1  58
        0.50000        0.44762   1  59
        0.50000        0.44821   1  60
        0.50000        0.50991   1  61
        0.50000        0.51407   1  62
        0.50000        0.53324   1  63
        0.50000        0.53652   1  64
        0.50000        0.62564   1  65
        0.50000        0.64991   1  66
        0.50000        0.67199   1  67
        0.50000        0.67541   1  68
        0.50000        0.76189   1  69
        0.50000        0.76303   1  70
        0.50000        0.83862   1  71
        0.50000        0.84008   1  72
        0.50000        0.87806   1  73
        0.50000        0.89483   1  74
        0.50000        0.94315   1  75
        0.50000        0.94702   1  76
        0.50000        1.06505   1  77
        0.50000        1.07388   1  78
        0.50000        1.07671   1  79
        0.50000        1.11000   1  80
        0.50000        1.11121   1  81
        0.50000        1.11306   1  82
        0.50000        1.11844   1  83
        0.50000        1.12948   1  84
        0.50000        1.13055   1  85
        0.50000        1.17325   1  86
        0.50000        1.20083   1  87
        0.50000        1.21457   1  88
        0.50000        1.22058   1  89
        0.50000        1.26097   1  90
        0.50000        1.26505   1  91
        0.50000        1.27062   1  92
        0.50000        1.28052   1  93
        0.50000        1.29880   1  94
        0.50000        1.31918   1  95
        0.50000        1.35414   1  96
        0.50000        1.36121   1  97
        0.50000        1.36799   1  98
        0.50000        1.36972   1  99
        0.50000        1.38316   1 100
        0.50000        1.39101   1 101
        0.50000        1.39822   1 102
        0.50000        1.41719   1 103
        0.50000        1.42905   1 104
        0.50000        1.43715   1 105
        0.50000        1.43957   1 106
        0.50000        1.46480   1 107
        0.50000        1.46588   1 108
        0.50000        1.48342   1 109
        0.50000        1.48436   1 110
        0.50000        1.49544   1 111
        0.50000        1.50584   1 112
        0.50000        1.53989   1 113
        0.50000        1.56192   1 114
        0.50000        1.82127   1 115
        0.50000        1.82169   1 116
        0.50000        1.90915   1 117
        0.50000        1.91275   1 118
        0.50000        1.93134   1 119
        0.50000        1.94701   1 120
        0.50000        1.97278   1 121
        0.50000        1.97736   1 122
        0.50000        2.03065   1 123
        0.50000        2.03157   1 124
        0.50000        2.10418   1 125
        0.50000        2.10558   1 126
        0.50000        2.11174   1 127
        0.50000        2.11322   1 128
        0.50000        2.14426   1 129
        0.50000        2.14426   1 130
        0.50000        2.15580   1 131
        0.50000        2.15874   1 132
        0.50000        2.17328   1 133
        0.50000        2.17361   1 134
        0.50000        2.19235   1 135
        0.50000        2.19250   1 136
        0.50000        2.34277   1 137
        0.50000        2.34485   1 138
        0.50000        2.35342   1 139
        0.50000        2.35407   1 140
        0.50000        2.41707   1 141
        0.50000        2.41814   1 142
        0.50000        2.52267   1 143
        0.50000        2.52406   1 144
        0.50000        2.59710   1 145
        0.50000        2.59853   1 146
        0.50000        3.16613   1 147
        0.50000        3.18953   1 148
        0.50000        3.39965   1 149
        0.50000        3.40119   1 150
        0.50000        3.43612   1 151
        0.50000        3.43654   1 152
        0.50000        3.47964   1 153
        0.50000        3.47979   1 154
        0.50000        3.51709   1 155
        0.50000        3.51737   1 156
        0.50000       -0.44121   1   1
        0.50000       -0.43675   1   2
        0.50000       -0.41687   1   3
        0.50000       -0.41339   1   4
        0.50000       -0.37562   1   5
        0.50000       -0.37431   1   6
        0.50000       -0.29644   1   7
        0.50000       -0.28562   1   8
        0.50000       -0.27588   1   9
        0.50000       -0.23743   1  10
        0.50000       -0.20752   1  11
        0.50000       -0.20372   1  12
        0.50000       -0.20036   1  13
        0.50000       -0.19936   1  14
        0.50000       -0.18941   1  15
        0.50000       -0.18297   1  16
        0.50000       -0.17104   1  17
        0.50000       -0.16833   1  18
        0.50000       -0.16735   1  19
        0.50000       -0.16138   1  20
        0.50000       -0.15169   1  21
        0.50000       -0.15140   1  22
        0.50000       -0.14543   1  23
        0.50000       -0.13845   1  24
        0.50000       -0.13283   1  25
        0.50000       -0.13281   1  26
        0.50000       -0.11828   1  27
        0.50000       -0.11035   1  28
        0.50000       -0.10379   1  29
        0.50000       -0.09963   1  30
        0.50000       -0.06160   1  31
        0.50000       -0.04240   1  32
        0.50000       -0.03776   1  33
        0.50000       -0.01852   1  34
        0.50000       -0.00848   1  35
        0.50000       -0.00508   1  36
        0.50000        0.00042   1  37
        0.50000        0.02448   1  38
        0.50000        0.02589   1  39
        0.50000        0.04055   1  40
        0.50000        0.04657   1  41
        0.50000        0.05713   1  42
        0.50000        0.06057   1  43
        0.50000        0.08263   1  44
        0.50000        0.09924   1  45
        0.50000        0.14043   1  46
        0.50000        0.14280   1  47
        0.50000        0.15135   1  48
        0.50000        0.15370   1  49
        0.50000        0.18090   1  50
        0.50000        0.21439   1  51
        0.50000        0.21756   1  52
        0.50000        0.22319   1  53
        0.50000        0.23331   1  54
        0.50000        0.27347   1  55
        0.50000        0.36843   1  56
        0.50000        0.39582   1  57
        0.50000        0.43029   1  58
        0.50000        0.44762   1  59
        0.50000        0.44821   1  60
        0.50000        0.50991   1  61
        0.50000        0.51407   1  62
        0.50000        0.53324   1  63
        0.50000        0.53652   1  64
        0.50000        0.62564   1  65
        0.50000        0.64991   1  66
        0.50000        0.67199   1  67
        0.50000        0.67541   1  68
        0.50000        0.76189   1  69
        0.50000        0.76303   1  70
        0.50000        0.83862   1  71
        0.50000        0.84008   1  72
        0.50000        0.87806   1  73
        0.50000        0.89483   1  74
        0.50000        0.94315   1  75
        0.50000        0.94702   1  76
        0.50000        1.06505   1  77
        0.50000        1.07388   1  78
        0.50000        1.07671   1  79
        0.50000        1.11000   1  80
        0.50000        1.11121   1  81
        0.50000        1.11306   1  82
        0.50000        1.11844   1  83
        0.50000        1.12948   1  84
        0.50000        1.13055   1  85
        0.50000        1.17325   1  86
        0.50000        1.20083   1  87
        0.50000        1.21457   1  88
        0.50000        1.22058   1  89
        0.50000        1.26097   1  90
        0.50000        1.26505   1  91
        0.50000        1.27062   1  92
        0.50000        1.28052   1  93
        0.50000        1.29880   1  94
        0.50000        1.31918   1  95
        0.50000        1.35414   1  96
        0.50000        1.36121   1  97
        0.50000        1.36799   1  98
        0.50000        1.36972   1  99
        0.50000        1.38316   1 100
        0.50000        1.39101   1 101
        0.50000        1.39822   1 102
        0.50000        1.41719   1 103
        0.50000        1.42905   1 104
        0.50000        1.43715   1 105
        0.50000        1.43957   1 106
        0.50000        1.46480   1 107
        0.50000        1.46588   1 108
        0.50000        1.48342   1 109
        0.50000        1.48436   1 110
        0.50000        1.49544   1 111
        0.50000        1.50584   1 112
        0.50000        1.53989   1 113
        0.50000        1.56192   1 114
        0.50000        1.82127   1 115
        0.50000        1.82169   1 116
        0.50000        1.90915   1 117
        0.50000        1.91275   1 118
        0.50000        1.93134   1 119
        0.50000        1.94701   1 120
        0.50000        1.97278   1 121
        0.50000        1.97736   1 122
        0.50000        2.03065   1 123
        0.50000        2.03157   1 124
        0.50000        2.10418   1 125
        0.50000        2.10558   1 126
        0.50000        2.11174   1 127
        0.50000        2.11322   1 128
        0.50000        2.14426   1 129
        0.50000        2.14426   1 130
        0.50000        2.15580   1 131
        0.50000        2.15874   1 132
        0.50000        2.17328   1 133
        0.50000        2.17361   1 134
        0.50000        2.19235   1 135
        0.50000        2.19250   1 136
        0.50000        2.34277   1 137
        0.50000        2.34485   1 138
        0.50000        2.35342   1 139
        0.50000        2.35407   1 140
        0.50000        2.41707   1 141
        0.50000        2.41814   1 142
        0.50000        2.52267   1 143
        0.50000        2.52406   1 144
        0.50000        2.59710   1 145
        0.50000        2.59853   1 146
        0.50000        3.16613   1 147
        0.50000        3.18953   1 148
        0.50000        3.39965   1 149
        0.50000        3.40119   1 150
        0.50000        3.43612   1 151
        0.50000        3.43654   1 152
        0.50000        3.47964   1 153
        0.50000        3.47979   1 154
        0.50000        3.51709   1 155
        0.50000        3.51737   1 156
        0.54167       -0.44008   1   1
        0.54167       -0.43560   1   2
        0.54167       -0.41585   1   3
        0.54167       -0.41238   1   4
        0.54167       -0.37487   1   5
        0.54167       -0.37358   1   6
        0.54167       -0.29607   1   7
        0.54167       -0.28406   1   8
        0.54167       -0.27544   1   9
        0.54167       -0.23592   1  10
        0.54167       -0.20730   1  11
        0.54167       -0.20362   1  12
        0.54167       -0.20079   1  13
        0.54167       -0.20020   1  14
        0.54167       -0.18762   1  15
        0.54167       -0.18726   1  16
        0.54167       -0.17342   1  17
        0.54167       -0.16735   1  18
        0.54167       -0.16697   1  19
        0.54167       -0.16224   1  20
        0.54167       -0.15490   1  21
        0.54167       -0.15452   1  22
        0.54167       -0.14447   1  23
        0.54167       -0.13794   1  24
        0.54167       -0.13582   1  25
        0.54167       -0.13510   1  26
        0.54167       -0.12376   1  27
        0.54167       -0.10871   1  28
        0.54167       -0.10695   1  29
        0.54167       -0.09054   1  30
        0.54167       -0.06351   1  31
        0.54167       -0.04181   1  32
        0.54167       -0.03691   1  33
        0.54167       -0.02044   1  34
        0.54167       -0.00965   1  35
        0.54167       -0.00597   1  36
        0.54167       -0.00076   1  37
        0.54167        0.01828   1  38
        0.54167        0.02620   1  39
        0.54167        0.03443   1  40
        0.54167        0.04905   1  41
        0.54167        0.05906   1  42
        0.54167        0.06284   1  43
        0.54167        0.08425   1  44
        0.54167        0.11220   1  45
        0.54167        0.13670   1  46
        0.54167        0.13879   1  47
        0.54167        0.14819   1  48
        0.54167        0.15736   1  49
        0.54167        0.17992   1  50
        0.54167        0.20720   1  51
        0.54167        0.22044   1  52
        0.54167        0.22818   1  53
        0.54167        0.24261   1  54
        0.54167        0.27577   1  55
        0.54167        0.37094   1  56
        0.54167        0.39983   1  57
        0.54167        0.43517   1  58
        0.54167        0.44997   1  59
        0.54167        0.45051   1  60
        0.54167        0.51409   1  61
        0.54167        0.51824   1  62
        0.54167        0.53576   1  63
        0.54167        0.53904   1  64
        0.54167        0.62582   1  65
        0.54167        0.65138   1  66
        0.54167        0.67288   1  67
        0.54167        0.67514   1  68
        0.54167        0.76007   1  69
        0.54167        0.76122   1  70
        0.54167        0.83765   1  71
        0.54167        0.83894   1  72
        0.54167        0.87743   1  73
        0.54167        0.89462   1  74
        0.54167        0.94149   1  75
        0.54167        0.94583   1  76
        0.54167        1.05318   1  77
        0.54167        1.05595   1  78
        0.54167        1.06160   1  79
        0.54167        1.07966   1  80
        0.54167        1.10552   1  81
        0.54167        1.10652   1  82
        0.54167        1.11847   1  83
        0.54167        1.11946   1  84
        0.54167        1.13850   1  85
        0.54167        1.16529   1  86
        0.54167        1.16759   1  87
        0.54167        1.22205   1  88
        0.54167        1.22339   1  89
        0.54167        1.23085   1  90
        0.54167        1.23343   1  91
        0.54167        1.26148   1  92
        0.54167        1.28029   1  93
        0.54167        1.29362   1  94
        0.54167        1.33052   1  95
        0.54167        1.33920   1  96
        0.54167        1.34674   1  97
        0.54167        1.35399   1  98
        0.54167        1.37792   1  99
        0.54167        1.40282   1 100
        0.54167        1.41070   1 101
        0.54167        1.41508   1 102
        0.54167        1.42279   1 103
        0.54167        1.42389   1 104
        0.54167        1.43192   1 105
        0.54167        1.43258   1 106
        0.54167        1.47205   1 107
        0.54167        1.47518   1 108
        0.54167        1.47988   1 109
        0.54167        1.48283   1 110
        0.54167        1.51546   1 111
        0.54167        1.52399   1 112
        0.54167        1.55395   1 113
        0.54167        1.57432   1 114
        0.54167        1.82287   1 115
        0.54167        1.82314   1 116
        0.54167        1.90754   1 117
        0.54167        1.90831   1 118
        0.54167        1.92179   1 119
        0.54167        1.93775   1 120
        0.54167        1.97952   1 121
        0.54167        1.98577   1 122
        0.54167        2.02522   1 123
        0.54167        2.02614   1 124
        0.54167        2.10253   1 125
        0.54167        2.10357   1 126
        0.54167        2.11440   1 127
        0.54167        2.11626   1 128
        0.54167        2.14277   1 129
        0.54167        2.14304   1 130
        0.54167        2.16130   1 131
        0.54167        2.16418   1 132
        0.54167        2.19046   1 133
        0.54167        2.19071   1 134
        0.54167        2.19736   1 135
        0.54167        2.19756   1 136
        0.54167        2.32473   1 137
        0.54167        2.32655   1 138
        0.54167        2.34115   1 139
        0.54167        2.34192   1 140
        0.54167        2.45120   1 141
        0.54167        2.45193   1 142
        0.54167        2.53438   1 143
        0.54167        2.53578   1 144
        0.54167        2.60119   1 145
        0.54167        2.60251   1 146
        0.54167        3.16764   1 147
        0.54167        3.19132   1 148
        0.54167        3.40365   1 149
        0.54167        3.40512   1 150
        0.54167        3.44495   1 151
        0.54167        3.44541   1 152
        0.54167        3.48597   1 153
        0.54167        3.48620   1 154
        0.54167        3.52726   1 155
        0.54167        3.52753   1 156
        0.58333       -0.43676   1   1
        0.58333       -0.43219   1   2
        0.58333       -0.41285   1   3
        0.58333       -0.40942   1   4
        0.58333       -0.37268   1   5
        0.58333       -0.37146   1   6
        0.58333       -0.29513   1   7
        0.58333       -0.27945   1   8
        0.58333       -0.27427   1   9
        0.58333       -0.23157   1  10
        0.58333       -0.21154   1  11
        0.58333       -0.20338   1  12
        0.58333       -0.20034   1  13
        0.58333       -0.19983   1  14
        0.58333       -0.19783   1  15
        0.58333       -0.18225   1  16
        0.58333       -0.17859   1  17
        0.58333       -0.16704   1  18
        0.58333       -0.16619   1  19
        0.58333       -0.16478   1  20
        0.58333       -0.16374   1  21
        0.58333       -0.16335   1  22
        0.58333       -0.14573   1  23
        0.58333       -0.14464   1  24
        0.58333       -0.14021   1  25
        0.58333       -0.13517   1  26
        0.58333       -0.13300   1  27
        0.58333       -0.10617   1  28
        0.58333       -0.10384   1  29
        0.58333       -0.07890   1  30
        0.58333       -0.06800   1  31
        0.58333       -0.03978   1  32
        0.58333       -0.03534   1  33
        0.58333       -0.02422   1  34
        0.58333       -0.01336   1  35
        0.58333       -0.00941   1  36
        0.58333       -0.00399   1  37
        0.58333        0.00892   1  38
        0.58333        0.01330   1  39
        0.58333        0.03047   1  40
        0.58333        0.06115   1  41
        0.58333        0.06465   1  42
        0.58333        0.06717   1  43
        0.58333        0.08870   1  44
        0.58333        0.12304   1  45
        0.58333        0.13001   1  46
        0.58333        0.13842   1  47
        0.58333        0.14878   1  48
        0.58333        0.16199   1  49
        0.58333        0.17692   1  50
        0.58333        0.20090   1  51
        0.58333        0.22152   1  52
        0.58333        0.23751   1  53
        0.58333        0.26349   1  54
        0.58333        0.28229   1  55
        0.58333        0.37818   1  56
        0.58333        0.41118   1  57
        0.58333        0.44894   1  58
        0.58333        0.45627   1  59
        0.58333        0.45668   1  60
        0.58333        0.52532   1  61
        0.58333        0.52947   1  62
        0.58333        0.54252   1  63
        0.58333        0.54573   1  64
        0.58333        0.62612   1  65
        0.58333        0.65513   1  66
        0.58333        0.67411   1  67
        0.58333        0.67500   1  68
        0.58333        0.75438   1  69
        0.58333        0.75556   1  70
        0.58333        0.83424   1  71
        0.58333        0.83512   1  72
        0.58333        0.87543   1  73
        0.58333        0.89361   1  74
        0.58333        0.93397   1  75
        0.58333        0.94038   1  76
        0.58333        1.01661   1  77
        0.58333        1.02023   1  78
        0.58333        1.02626   1  79
        0.58333        1.03722   1  80
        0.58333        1.08616   1  81
        0.58333        1.08864   1  82
        0.58333        1.09123   1  83
        0.58333        1.09398   1  84
        0.58333        1.10784   1  85
        0.58333        1.14658   1  86
        0.58333        1.14971   1  87
        0.58333        1.16195   1  88
        0.58333        1.18721   1  89
        0.58333        1.21605   1  90
        0.58333        1.22697   1  91
        0.58333        1.23208   1  92
        0.58333        1.24184   1  93
        0.58333        1.28692   1  94
        0.58333        1.29553   1  95
        0.58333        1.32537   1  96
        0.58333        1.33925   1  97
        0.58333        1.35212   1  98
        0.58333        1.40102   1  99
        0.58333        1.40172   1 100
        0.58333        1.41404   1 101
        0.58333        1.42539   1 102
        0.58333        1.42592   1 103
        0.58333        1.44248   1 104
        0.58333        1.44702   1 105
        0.58333        1.45508   1 106
        0.58333        1.47492   1 107
        0.58333        1.48159   1 108
        0.58333        1.48755   1 109
        0.58333        1.49526   1 110
        0.58333        1.56029   1 111
        0.58333        1.56589   1 112
        0.58333        1.58629   1 113
        0.58333        1.60366   1 114
        0.58333        1.82597   1 115
        0.58333        1.82611   1 116
        0.58333        1.88682   1 117
        0.58333        1.88821   1 118
        0.58333        1.91963   1 119
        0.58333        1.93185   1 120
        0.58333        1.98779   1 121
        0.58333        1.99449   1 122
        0.58333        2.00534   1 123
        0.58333        2.00626   1 124
        0.58333        2.08397   1 125
        0.58333        2.08459   1 126
        0.58333        2.12407   1 127
        0.58333        2.12692   1 128
        0.58333        2.16926   1 129
        0.58333        2.16968   1 130
        0.58333        2.17596   1 131
        0.58333        2.17836   1 132
        0.58333        2.21318   1 133
        0.58333        2.21380   1 134
        0.58333        2.22524   1 135
        0.58333        2.22543   1 136
        0.58333        2.30472   1 137
        0.58333        2.30646   1 138
        0.58333        2.31418   1 139
        0.58333        2.31525   1 140
        0.58333        2.51947   1 141
        0.58333        2.51982   1 142
        0.58333        2.55582   1 143
        0.58333        2.55742   1 144
        0.58333        2.62579   1 145
        0.58333        2.62659   1 146
        0.58333        3.17950   1 147
        0.58333        3.20355   1 148
        0.58333        3.41716   1 149
        0.58333        3.41846   1 150
        0.58333        3.47194   1 151
        0.58333        3.47250   1 152
        0.58333        3.50244   1 153
        0.58333        3.50279   1 154
        0.58333        3.55175   1 155
        0.58333        3.55212   1 156
        0.62500       -0.43142   1   1
        0.62500       -0.42669   1   2
        0.62500       -0.40807   1   3
        0.62500       -0.40471   1   4
        0.62500       -0.36926   1   5
        0.62500       -0.36817   1   6
        0.62500       -0.29411   1   7
        0.62500       -0.27285   1   8
        0.62500       -0.27208   1   9
        0.62500       -0.22729   1  10
        0.62500       -0.21991   1  11
        0.62500       -0.21228   1  12
        0.62500       -0.20336   1  13
        0.62500       -0.19951   1  14
        0.62500       -0.19683   1  15
        0.62500       -0.18303   1  16
        0.62500       -0.17715   1  17
        0.62500       -0.17653   1  18
        0.62500       -0.17343   1  19
        0.62500       -0.17071   1  20
        0.62500       -0.16959   1  21
        0.62500       -0.16810   1  22
        0.62500       -0.15424   1  23
        0.62500       -0.15293   1  24
        0.62500       -0.14714   1  25
        0.62500       -0.13767   1  26
        0.62500       -0.12780   1  27
        0.62500       -0.10428   1  28
        0.62500       -0.09616   1  29
        0.62500       -0.07361   1  30
        0.62500       -0.06795   1  31
        0.62500       -0.03685   1  32
        0.62500       -0.03514   1  33
        0.62500       -0.02899   1  34
        0.62500       -0.02023   1  35
        0.62500       -0.01386   1  36
        0.62500       -0.00852   1  37
        0.62500       -0.00737   1  38
        0.62500        0.00426   1  39
        0.62500        0.03606   1  40
        0.62500        0.06817   1  41
        0.62500        0.07227   1  42
        0.62500        0.07857   1  43
        0.62500        0.09338   1  44
        0.62500        0.10649   1  45
        0.62500        0.12121   1  46
        0.62500        0.15239   1  47
        0.62500        0.16255   1  48
        0.62500        0.16904   1  49
        0.62500        0.17475   1  50
        0.62500        0.19793   1  51
        0.62500        0.22341   1  52
        0.62500        0.24620   1  53
        0.62500        0.28943   1  54
        0.62500        0.29286   1  55
        0.62500        0.38951   1  56
        0.62500        0.42893   1  57
        0.62500        0.46528   1  58
        0.62500        0.46555   1  59
        0.62500        0.47032   1  60
        0.62500        0.54221   1  61
        0.62500        0.54638   1  62
        0.62500        0.55322   1  63
        0.62500        0.55613   1  64
        0.62500        0.62599   1  65
        0.62500        0.66008   1  66
        0.62500        0.67189   1  67
        0.62500        0.67748   1  68
        0.62500        0.74480   1  69
        0.62500        0.74607   1  70
        0.62500        0.82761   1  71
        0.62500        0.82810   1  72
        0.62500        0.87221   1  73
        0.62500        0.89096   1  74
        0.62500        0.91347   1  75
        0.62500        0.92666   1  76
        0.62500        0.97530   1  77
        0.62500        0.97629   1  78
        0.62500        0.98636   1  79
        0.62500        0.99515   1  80
        0.62500        1.01616   1  81
        0.62500        1.04836   1  82
        0.62500        1.05806   1  83
        0.62500        1.06341   1  84
        0.62500        1.08525   1  85
        0.62500        1.09752   1  86
        0.62500        1.10782   1  87
        0.62500        1.14647   1  88
        0.62500        1.15384   1  89
        0.62500        1.17070   1  90
        0.62500        1.18643   1  91
        0.62500        1.22248   1  92
        0.62500        1.23307   1  93
        0.62500        1.24989   1  94
        0.62500        1.25076   1  95
        0.62500        1.28978   1  96
        0.62500        1.31318   1  97
        0.62500        1.33021   1  98
        0.62500        1.39731   1  99
        0.62500        1.42310   1 100
        0.62500        1.42347   1 101
        0.62500        1.43370   1 102
        0.62500        1.43957   1 103
        0.62500        1.45068   1 104
        0.62500        1.46267   1 105
        0.62500        1.46862   1 106
        0.62500        1.50057   1 107
        0.62500        1.50084   1 108
        0.62500        1.51218   1 109
        0.62500        1.52083   1 110
        0.62500        1.61361   1 111
        0.62500        1.61778   1 112
        0.62500        1.62274   1 113
        0.62500        1.63819   1 114
        0.62500        1.82868   1 115
        0.62500        1.82905   1 116
        0.62500        1.85586   1 117
        0.62500        1.85745   1 118
        0.62500        1.92240   1 119
        0.62500        1.93203   1 120
        0.62500        1.97250   1 121
        0.62500        1.97325   1 122
        0.62500        1.99035   1 123
        0.62500        1.99614   1 124
        0.62500        2.05748   1 125
        0.62500        2.05802   1 126
        0.62500        2.14302   1 127
        0.62500        2.14673   1 128
        0.62500        2.18928   1 129
        0.62500        2.19088   1 130
        0.62500        2.21107   1 131
        0.62500        2.21141   1 132
        0.62500        2.24144   1 133
        0.62500        2.24271   1 134
        0.62500        2.27648   1 135
        0.62500        2.27661   1 136
        0.62500        2.29376   1 137
        0.62500        2.29541   1 138
        0.62500        2.30330   1 139
        0.62500        2.30479   1 140
        0.62500        2.57396   1 141
        0.62500        2.57576   1 142
        0.62500        2.59697   1 143
        0.62500        2.59709   1 144
        0.62500        2.67241   1 145
        0.62500        2.67266   1 146
        0.62500        3.20132   1 147
        0.62500        3.22537   1 148
        0.62500        3.44254   1 149
        0.62500        3.44359   1 150
        0.62500        3.51608   1 151
        0.62500        3.51682   1 152
        0.62500        3.52508   1 153
        0.62500        3.52555   1 154
        0.62500        3.58083   1 155
        0.62500        3.58143   1 156
        0.66667       -0.42432   1   1
        0.66667       -0.41939   1   2
        0.66667       -0.40186   1   3
        0.66667       -0.39863   1   4
        0.66667       -0.36492   1   5
        0.66667       -0.36404   1   6
        0.66667       -0.29387   1   7
        0.66667       -0.27226   1   8
        0.66667       -0.26241   1   9
        0.66667       -0.23888   1  10
        0.66667       -0.22835   1  11
        0.66667       -0.21354   1  12
        0.66667       -0.20507   1  13
        0.66667       -0.20057   1  14
        0.66667       -0.19683   1  15
        0.66667       -0.19143   1  16
        0.66667       -0.19042   1  17
        0.66667       -0.18336   1  18
        0.66667       -0.18225   1  19
        0.66667       -0.18197   1  20
        0.66667       -0.17266   1  21
        0.66667       -0.16192   1  22
        0.66667       -0.15816   1  23
        0.66667       -0.15669   1  24
        0.66667       -0.15543   1  25
        0.66667       -0.13358   1  26
        0.66667       -0.12159   1  27
        0.66667       -0.10329   1  28
        0.66667       -0.08607   1  29
        0.66667       -0.07898   1  30
        0.66667       -0.05814   1  31
        0.66667       -0.03825   1  32
        0.66667       -0.03406   1  33
        0.66667       -0.03319   1  34
        0.66667       -0.02848   1  35
        0.66667       -0.02416   1  36
        0.66667       -0.01743   1  37
        0.66667       -0.01333   1  38
        0.66667        0.00331   1  39
        0.66667        0.04299   1  40
        0.66667        0.07311   1  41
        0.66667        0.08035   1  42
        0.66667        0.08411   1  43
        0.66667        0.09279   1  44
        0.66667        0.10635   1  45
        0.66667        0.11312   1  46
        0.66667        0.15636   1  47
        0.66667        0.15838   1  48
        0.66667        0.17623   1  49
        0.66667        0.19698   1  50
        0.66667        0.20196   1  51
        0.66667        0.22620   1  52
        0.66667        0.25359   1  53
        0.66667        0.30685   1  54
        0.66667        0.31802   1  55
        0.66667        0.40415   1  56
        0.66667        0.45220   1  57
        0.66667        0.47569   1  58
        0.66667        0.47586   1  59
        0.66667        0.49815   1  60
        0.66667        0.56371   1  61
        0.66667        0.56795   1  62
        0.66667        0.56815   1  63
        0.66667        0.57036   1  64
        0.66667        0.62500   1  65
        0.66667        0.66512   1  66
        0.66667        0.66814   1  67
        0.66667        0.67961   1  68
        0.66667        0.73172   1  69
        0.66667        0.73328   1  70
        0.66667        0.81763   1  71
        0.66667        0.81803   1  72
        0.66667        0.86637   1  73
        0.66667        0.87408   1  74
        0.66667        0.88401   1  75
        0.66667        0.90132   1  76
        0.66667        0.91954   1  77
        0.66667        0.94443   1  78
        0.66667        0.95265   1  79
        0.66667        0.95860   1  80
        0.66667        0.96059   1  81
        0.66667        0.99615   1  82
        0.66667        1.01561   1  83
        0.66667        1.02447   1  84
        0.66667        1.02714   1  85
        0.66667        1.06133   1  86
        0.66667        1.06387   1  87
        0.66667        1.11820   1  88
        0.66667        1.13299   1  89
        0.66667        1.13587   1  90
        0.66667        1.16187   1  91
        0.66667        1.18986   1  92
        0.66667        1.21156   1  93
        0.66667        1.22620   1  94
        0.66667        1.23941   1  95
        0.66667        1.25186   1  96
        0.66667        1.27222   1  97
        0.66667        1.28783   1  98
        0.66667        1.38042   1  99
        0.66667        1.41024   1 100
        0.66667        1.41328   1 101
        0.66667        1.43116   1 102
        0.66667        1.44080   1 103
        0.66667        1.46846   1 104
        0.66667        1.47935   1 105
        0.66667        1.48214   1 106
        0.66667        1.54556   1 107
        0.66667        1.54665   1 108
        0.66667        1.54821   1 109
        0.66667        1.55122   1 110
        0.66667        1.65364   1 111
        0.66667        1.66833   1 112
        0.66667        1.66962   1 113
        0.66667        1.67274   1 114
        0.66667        1.82073   1 115
        0.66667        1.82164   1 116
        0.66667        1.83240   1 117
        0.66667        1.83280   1 118
        0.66667        1.92556   1 119
        0.66667        1.93392   1 120
        0.66667        1.93566   1 121
        0.66667        1.93604   1 122
        0.66667        1.98979   1 123
        0.66667        1.99436   1 124
        0.66667        2.02963   1 125
        0.66667        2.03014   1 126
        0.66667        2.16639   1 127
        0.66667        2.16963   1 128
        0.66667        2.20125   1 129
        0.66667        2.20306   1 130
        0.66667        2.25286   1 131
        0.66667        2.25312   1 132
        0.66667        2.27282   1 133
        0.66667        2.27358   1 134
        0.66667        2.29466   1 135
        0.66667        2.29802   1 136
        0.66667        2.32033   1 137
        0.66667        2.32168   1 138
        0.66667        2.34452   1 139
        0.66667        2.34466   1 140
        0.66667        2.58985   1 141
        0.66667        2.59175   1 142
        0.66667        2.67951   1 143
        0.66667        2.67977   1 144
        0.66667        2.72668   1 145
        0.66667        2.72687   1 146
        0.66667        3.21584   1 147
        0.66667        3.24010   1 148
        0.66667        3.47872   1 149
        0.66667        3.47956   1 150
        0.66667        3.55519   1 151
        0.66667        3.55572   1 152
        0.66667        3.56875   1 153
        0.66667        3.56964   1 154
        0.66667        3.61446   1 155
        0.66667        3.61498   1 156
        0.70833       -0.41597   1   1
        0.70833       -0.41077   1   2
        0.70833       -0.39484   1   3
        0.70833       -0.39181   1   4
        0.70833       -0.36013   1   5
        0.70833       -0.35953   1   6
        0.70833       -0.29568   1   7
        0.70833       -0.27466   1   8
        0.70833       -0.25372   1   9
        0.70833       -0.25119   1  10
        0.70833       -0.24309   1  11
        0.70833       -0.21415   1  12
        0.70833       -0.21077   1  13
        0.70833       -0.20464   1  14
        0.70833       -0.20083   1  15
        0.70833       -0.19903   1  16
        0.70833       -0.19837   1  17
        0.70833       -0.19741   1  18
        0.70833       -0.19653   1  19
        0.70833       -0.17865   1  20
        0.70833       -0.17674   1  21
        0.70833       -0.16672   1  22
        0.70833       -0.15606   1  23
        0.70833       -0.15522   1  24
        0.70833       -0.14817   1  25
        0.70833       -0.12717   1  26
        0.70833       -0.11606   1  27
        0.70833       -0.10505   1  28
        0.70833       -0.08304   1  29
        0.70833       -0.07415   1  30
        0.70833       -0.04934   1  31
        0.70833       -0.04367   1  32
        0.70833       -0.04043   1  33
        0.70833       -0.03603   1  34
        0.70833       -0.03496   1  35
        0.70833       -0.02820   1  36
        0.70833       -0.01904   1  37
        0.70833       -0.01742   1  38
        0.70833        0.00345   1  39
        0.70833        0.05129   1  40
        0.70833        0.06137   1  41
        0.70833        0.08554   1  42
        0.70833        0.09087   1  43
        0.70833        0.10566   1  44
        0.70833        0.10679   1  45
        0.70833        0.11480   1  46
        0.70833        0.15160   1  47
        0.70833        0.16195   1  48
        0.70833        0.17850   1  49
        0.70833        0.19710   1  50
        0.70833        0.22964   1  51
        0.70833        0.23614   1  52
        0.70833        0.25945   1  53
        0.70833        0.32386   1  54
        0.70833        0.34779   1  55
        0.70833        0.42117   1  56
        0.70833        0.47950   1  57
        0.70833        0.48577   1  58
        0.70833        0.48595   1  59
        0.70833        0.53038   1  60
        0.70833        0.58365   1  61
        0.70833        0.58509   1  62
        0.70833        0.58602   1  63
        0.70833        0.59047   1  64
        0.70833        0.62402   1  65
        0.70833        0.66330   1  66
        0.70833        0.66859   1  67
        0.70833        0.68024   1  68
        0.70833        0.71505   1  69
        0.70833        0.71742   1  70
        0.70833        0.80447   1  71
        0.70833        0.80508   1  72
        0.70833        0.82461   1  73
        0.70833        0.83846   1  74
        0.70833        0.86736   1  75
        0.70833        0.86762   1  76
        0.70833        0.86774   1  77
        0.70833        0.91781   1  78
        0.70833        0.91901   1  79
        0.70833        0.92681   1  80
        0.70833        0.93205   1  81
        0.70833        0.94571   1  82
        0.70833        0.96991   1  83
        0.70833        0.98181   1  84
        0.70833        0.98840   1  85
        0.70833        1.00804   1  86
        0.70833        1.01974   1  87
        0.70833        1.07966   1  88
        0.70833        1.09955   1  89
        0.70833        1.11052   1  90
        0.70833        1.15705   1  91
        0.70833        1.17374   1  92
        0.70833        1.17541   1  93
        0.70833        1.21557   1  94
        0.70833        1.22342   1  95
        0.70833        1.23576   1  96
        0.70833        1.24457   1  97
        0.70833        1.25086   1  98
        0.70833        1.35257   1  99
        0.70833        1.37890   1 100
        0.70833        1.39509   1 101
        0.70833        1.40155   1 102
        0.70833        1.42836   1 103
        0.70833        1.45217   1 104
        0.70833        1.51534   1 105
        0.70833        1.51744   1 106
        0.70833        1.58014   1 107
        0.70833        1.58451   1 108
        0.70833        1.58792   1 109
        0.70833        1.59077   1 110
        0.70833        1.66988   1 111
        0.70833        1.68346   1 112
        0.70833        1.72649   1 113
        0.70833        1.72874   1 114
        0.70833        1.78605   1 115
        0.70833        1.78649   1 116
        0.70833        1.84050   1 117
        0.70833        1.84083   1 118
        0.70833        1.90401   1 119
        0.70833        1.90413   1 120
        0.70833        1.92980   1 121
        0.70833        1.93718   1 122
        0.70833        1.98814   1 123
        0.70833        1.99135   1 124
        0.70833        2.00258   1 125
        0.70833        2.00301   1 126
        0.70833        2.19008   1 127
        0.70833        2.19161   1 128
        0.70833        2.22763   1 129
        0.70833        2.23009   1 130
        0.70833        2.29314   1 131
        0.70833        2.29334   1 132
        0.70833        2.29868   1 133
        0.70833        2.29952   1 134
        0.70833        2.32488   1 135
        0.70833        2.32984   1 136
        0.70833        2.35516   1 137
        0.70833        2.35616   1 138
        0.70833        2.42442   1 139
        0.70833        2.42450   1 140
        0.70833        2.60697   1 141
        0.70833        2.60879   1 142
        0.70833        2.78288   1 143
        0.70833        2.78297   1 144
        0.70833        2.79406   1 145
        0.70833        2.79440   1 146
        0.70833        3.21309   1 147
        0.70833        3.23840   1 148
        0.70833        3.52134   1 149
        0.70833        3.52200   1 150
        0.70833        3.59788   1 151
        0.70833        3.59838   1 152
        0.70833        3.62325   1 153
        0.70833        3.62424   1 154
        0.70833        3.65955   1 155
        0.70833        3.65974   1 156
        0.75000       -0.40712   1   1
        0.75000       -0.40165   1   2
        0.75000       -0.38801   1   3
        0.75000       -0.38527   1   4
        0.75000       -0.35537   1   5
        0.75000       -0.35507   1   6
        0.75000       -0.30072   1   7
        0.75000       -0.28246   1   8
        0.75000       -0.26673   1   9
        0.75000       -0.25376   1  10
        0.75000       -0.23974   1  11
        0.75000       -0.22713   1  12
        0.75000       -0.22479   1  13
        0.75000       -0.21687   1  14
        0.75000       -0.21308   1  15
        0.75000       -0.20375   1  16
        0.75000       -0.20028   1  17
        0.75000       -0.19807   1  18
        0.75000       -0.19151   1  19
        0.75000       -0.18557   1  20
        0.75000       -0.17266   1  21
        0.75000       -0.17198   1  22
        0.75000       -0.15522   1  23
        0.75000       -0.15465   1  24
        0.75000       -0.13340   1  25
        0.75000       -0.11718   1  26
        0.75000       -0.11271   1  27
        0.75000       -0.11086   1  28
        0.75000       -0.08469   1  29
        0.75000       -0.06134   1  30
        0.75000       -0.04912   1  31
        0.75000       -0.04750   1  32
        0.75000       -0.04260   1  33
        0.75000       -0.04057   1  34
        0.75000       -0.03537   1  35
        0.75000       -0.02600   1  36
        0.75000       -0.02170   1  37
        0.75000       -0.01817   1  38
        0.75000        0.00339   1  39
        0.75000        0.04452   1  40
        0.75000        0.06134   1  41
        0.75000        0.09283   1  42
        0.75000        0.10192   1  43
        0.75000        0.10308   1  44
        0.75000        0.11881   1  45
        0.75000        0.12505   1  46
        0.75000        0.14681   1  47
        0.75000        0.16601   1  48
        0.75000        0.18037   1  49
        0.75000        0.19709   1  50
        0.75000        0.23333   1  51
        0.75000        0.26338   1  52
        0.75000        0.27164   1  53
        0.75000        0.34323   1  54
        0.75000        0.37805   1  55
        0.75000        0.43979   1  56
        0.75000        0.49440   1  57
        0.75000        0.49461   1  58
        0.75000        0.50951   1  59
        0.75000        0.56507   1  60
        0.75000        0.59015   1  61
        0.75000        0.59448   1  62
        0.75000        0.60436   1  63
        0.75000        0.60960   1  64
        0.75000        0.62940   1  65
        0.75000        0.66080   1  66
        0.75000        0.66947   1  67
        0.75000        0.67921   1  68
        0.75000        0.69459   1  69
        0.75000        0.69901   1  70
        0.75000        0.77312   1  71
        0.75000        0.77542   1  72
        0.75000        0.78952   1  73
        0.75000        0.78987   1  74
        0.75000        0.83254   1  75
        0.75000        0.84406   1  76
        0.75000        0.84545   1  77
        0.75000        0.85908   1  78
        0.75000        0.88815   1  79
        0.75000        0.90597   1  80
        0.75000        0.90960   1  81
        0.75000        0.91714   1  82
        0.75000        0.93800   1  83
        0.75000        0.95109   1  84
        0.75000        0.95384   1  85
        0.75000        0.95822   1  86
        0.75000        0.97954   1  87
        0.75000        1.02124   1  88
        0.75000        1.07982   1  89
        0.75000        1.08706   1  90
        0.75000        1.14366   1  91
        0.75000        1.15159   1  92
        0.75000        1.16103   1  93
        0.75000        1.18279   1  94
        0.75000        1.21336   1  95
        0.75000        1.22825   1  96
        0.75000        1.22967   1  97
        0.75000        1.25565   1  98
        0.75000        1.31554   1  99
        0.75000        1.34688   1 100
        0.75000        1.36783   1 101
        0.75000        1.36927   1 102
        0.75000        1.41092   1 103
        0.75000        1.43080   1 104
        0.75000        1.54245   1 105
        0.75000        1.54436   1 106
        0.75000        1.59856   1 107
        0.75000        1.60223   1 108
        0.75000        1.61716   1 109
        0.75000        1.62070   1 110
        0.75000        1.65818   1 111
        0.75000        1.66898   1 112
        0.75000        1.77061   1 113
        0.75000        1.77238   1 114
        0.75000        1.77475   1 115
        0.75000        1.77594   1 116
        0.75000        1.85612   1 117
        0.75000        1.85628   1 118
        0.75000        1.89484   1 119
        0.75000        1.89503   1 120
        0.75000        1.93292   1 121
        0.75000        1.93967   1 122
        0.75000        1.97998   1 123
        0.75000        1.98021   1 124
        0.75000        1.98584   1 125
        0.75000        1.98744   1 126
        0.75000        2.22547   1 127
        0.75000        2.22631   1 128
        0.75000        2.27707   1 129
        0.75000        2.27863   1 130
        0.75000        2.33624   1 131
        0.75000        2.33816   1 132
        0.75000        2.34407   1 133
        0.75000        2.34422   1 134
        0.75000        2.38665   1 135
        0.75000        2.39205   1 136
        0.75000        2.40835   1 137
        0.75000        2.40925   1 138
        0.75000        2.51049   1 139
        0.75000        2.51053   1 140
        0.75000        2.63379   1 141
        0.75000        2.63532   1 142
        0.75000        2.88162   1 143
        0.75000        2.88194   1 144
        0.75000        2.90825   1 145
        0.75000        2.90855   1 146
        0.75000        3.19837   1 147
        0.75000        3.22509   1 148
        0.75000        3.56383   1 149
        0.75000        3.56419   1 150
        0.75000        3.65475   1 151
        0.75000        3.65524   1 152
        0.75000        3.68313   1 153
        0.75000        3.68429   1 154
        0.75000        3.71604   1 155
        0.75000        3.71615   1 156
        0.79167       -0.39890   1   1
        0.79167       -0.39330   1   2
        0.79167       -0.38280   1   3
        0.79167       -0.38040   1   4
        0.79167       -0.35084   1   5
        0.79167       -0.35066   1   6
        0.79167       -0.30807   1   7
        0.79167       -0.29349   1   8
        0.79167       -0.27715   1   9
        0.79167       -0.26180   1  10
        0.79167       -0.23959   1  11
        0.79167       -0.23607   1  12
        0.79167       -0.22948   1  13
        0.79167       -0.22784   1  14
        0.79167       -0.22277   1  15
        0.79167       -0.20749   1  16
        0.79167       -0.20210   1  17
        0.79167       -0.19993   1  18
        0.79167       -0.19155   1  19
        0.79167       -0.18265   1  20
        0.79167       -0.17518   1  21
        0.79167       -0.16973   1  22
        0.79167       -0.15471   1  23
        0.79167       -0.15425   1  24
        0.79167       -0.12055   1  25
        0.79167       -0.11914   1  26
        0.79167       -0.11167   1  27
        0.79167       -0.10424   1  28
        0.79167       -0.08264   1  29
        0.79167       -0.05322   1  30
        0.79167       -0.04989   1  31
        0.79167       -0.04885   1  32
        0.79167       -0.04677   1  33
        0.79167       -0.03358   1  34
        0.79167       -0.03272   1  35
        0.79167       -0.02707   1  36
        0.79167       -0.02124   1  37
        0.79167       -0.01788   1  38
        0.79167        0.00256   1  39
        0.79167        0.02884   1  40
        0.79167        0.07443   1  41
        0.79167        0.09814   1  42
        0.79167        0.10230   1  43
        0.79167        0.11678   1  44
        0.79167        0.13099   1  45
        0.79167        0.13629   1  46
        0.79167        0.14358   1  47
        0.79167        0.16919   1  48
        0.79167        0.18172   1  49
        0.79167        0.19653   1  50
        0.79167        0.23668   1  51
        0.79167        0.26514   1  52
        0.79167        0.30772   1  53
        0.79167        0.36463   1  54
        0.79167        0.40802   1  55
        0.79167        0.45963   1  56
        0.79167        0.50082   1  57
        0.79167        0.50107   1  58
        0.79167        0.54092   1  59
        0.79167        0.58154   1  60
        0.79167        0.59373   1  61
        0.79167        0.60034   1  62
        0.79167        0.61485   1  63
        0.79167        0.62221   1  64
        0.79167        0.64639   1  65
        0.79167        0.66421   1  66
        0.79167        0.66934   1  67
        0.79167        0.67205   1  68
        0.79167        0.67917   1  69
        0.79167        0.68232   1  70
        0.79167        0.71020   1  71
        0.79167        0.73070   1  72
        0.79167        0.77386   1  73
        0.79167        0.77404   1  74
        0.79167        0.79837   1  75
        0.79167        0.79988   1  76
        0.79167        0.82529   1  77
        0.79167        0.82655   1  78
        0.79167        0.85243   1  79
        0.79167        0.87930   1  80
        0.79167        0.89012   1  81
        0.79167        0.89054   1  82
        0.79167        0.90227   1  83
        0.79167        0.91751   1  84
        0.79167        0.93476   1  85
        0.79167        0.93929   1  86
        0.79167        0.94201   1  87
        0.79167        0.98388   1  88
        0.79167        1.05195   1  89
        0.79167        1.05812   1  90
        0.79167        1.11514   1  91
        0.79167        1.14048   1  92
        0.79167        1.14678   1  93
        0.79167        1.15227   1  94
        0.79167        1.20427   1  95
        0.79167        1.22231   1  96
        0.79167        1.23729   1  97
        0.79167        1.26472   1  98
        0.79167        1.27935   1  99
        0.79167        1.32282   1 100
        0.79167        1.33727   1 101
        0.79167        1.34185   1 102
        0.79167        1.39451   1 103
        0.79167        1.41331   1 104
        0.79167        1.55886   1 105
        0.79167        1.56081   1 106
        0.79167        1.57540   1 107
        0.79167        1.57775   1 108
        0.79167        1.63330   1 109
        0.79167        1.63389   1 110
        0.79167        1.63746   1 111
        0.79167        1.64257   1 112
        0.79167        1.77300   1 113
        0.79167        1.77446   1 114
        0.79167        1.79759   1 115
        0.79167        1.79918   1 116
        0.79167        1.88191   1 117
        0.79167        1.88210   1 118
        0.79167        1.92458   1 119
        0.79167        1.92503   1 120
        0.79167        1.92538   1 121
        0.79167        1.93136   1 122
        0.79167        1.97565   1 123
        0.79167        1.97573   1 124
        0.79167        1.99339   1 125
        0.79167        1.99412   1 126
        0.79167        2.29228   1 127
        0.79167        2.29293   1 128
        0.79167        2.33125   1 129
        0.79167        2.33222   1 130
        0.79167        2.40819   1 131
        0.79167        2.40996   1 132
        0.79167        2.41004   1 133
        0.79167        2.41011   1 134
        0.79167        2.46972   1 135
        0.79167        2.47521   1 136
        0.79167        2.47695   1 137
        0.79167        2.47785   1 138
        0.79167        2.59712   1 139
        0.79167        2.59723   1 140
        0.79167        2.67343   1 141
        0.79167        2.67458   1 142
        0.79167        2.97985   1 143
        0.79167        2.98005   1 144
        0.79167        3.02487   1 145
        0.79167        3.02591   1 146
        0.79167        3.18282   1 147
        0.79167        3.21038   1 148
        0.79167        3.59613   1 149
        0.79167        3.59620   1 150
        0.79167        3.72186   1 151
        0.79167        3.72248   1 152
        0.79167        3.75195   1 153
        0.79167        3.75316   1 154
        0.79167        3.77669   1 155
        0.79167        3.77686   1 156
        0.83333       -0.39272   1   1
        0.83333       -0.38740   1   2
        0.83333       -0.38081   1   3
        0.83333       -0.37853   1   4
        0.83333       -0.34606   1   5
        0.83333       -0.34564   1   6
        0.83333       -0.31474   1   7
        0.83333       -0.30377   1   8
        0.83333       -0.28556   1   9
        0.83333       -0.26810   1  10
        0.83333       -0.24646   1  11
        0.83333       -0.24334   1  12
        0.83333       -0.23816   1  13
        0.83333       -0.22836   1  14
        0.83333       -0.22185   1  15
        0.83333       -0.21071   1  16
        0.83333       -0.20441   1  17
        0.83333       -0.20277   1  18
        0.83333       -0.19377   1  19
        0.83333       -0.17843   1  20
        0.83333       -0.17642   1  21
        0.83333       -0.16651   1  22
        0.83333       -0.15439   1  23
        0.83333       -0.15398   1  24
        0.83333       -0.13113   1  25
        0.83333       -0.11251   1  26
        0.83333       -0.10821   1  27
        0.83333       -0.09128   1  28
        0.83333       -0.07587   1  29
        0.83333       -0.05498   1  30
        0.83333       -0.04950   1  31
        0.83333       -0.04708   1  32
        0.83333       -0.03909   1  33
        0.83333       -0.03054   1  34
        0.83333       -0.02933   1  35
        0.83333       -0.02483   1  36
        0.83333       -0.01935   1  37
        0.83333       -0.01763   1  38
        0.83333        0.00073   1  39
        0.83333        0.01498   1  40
        0.83333        0.09165   1  41
        0.83333        0.10064   1  42
        0.83333        0.10829   1  43
        0.83333        0.13125   1  44
        0.83333        0.14186   1  45
        0.83333        0.14289   1  46
        0.83333        0.14814   1  47
        0.83333        0.17144   1  48
        0.83333        0.18254   1  49
        0.83333        0.19516   1  50
        0.83333        0.23897   1  51
        0.83333        0.26360   1  52
        0.83333        0.34408   1  53
        0.83333        0.38786   1  54
        0.83333        0.43646   1  55
        0.83333        0.48050   1  56
        0.83333        0.50436   1  57
        0.83333        0.50476   1  58
        0.83333        0.56277   1  59
        0.83333        0.57006   1  60
        0.83333        0.58431   1  61
        0.83333        0.61475   1  62
        0.83333        0.62180   1  63
        0.83333        0.63661   1  64
        0.83333        0.64809   1  65
        0.83333        0.64953   1  66
        0.83333        0.65592   1  67
        0.83333        0.67149   1  68
        0.83333        0.67710   1  69
        0.83333        0.68234   1  70
        0.83333        0.68844   1  71
        0.83333        0.69172   1  72
        0.83333        0.74251   1  73
        0.83333        0.76145   1  74
        0.83333        0.76522   1  75
        0.83333        0.76571   1  76
        0.83333        0.81295   1  77
        0.83333        0.81606   1  78
        0.83333        0.82177   1  79
        0.83333        0.83548   1  80
        0.83333        0.87399   1  81
        0.83333        0.87580   1  82
        0.83333        0.88163   1  83
        0.83333        0.89261   1  84
        0.83333        0.89678   1  85
        0.83333        0.91108   1  86
        0.83333        0.93194   1  87
        0.83333        0.97813   1  88
        0.83333        1.01779   1  89
        0.83333        1.02509   1  90
        0.83333        1.08754   1  91
        0.83333        1.12147   1  92
        0.83333        1.12550   1  93
        0.83333        1.13119   1  94
        0.83333        1.19948   1  95
        0.83333        1.22231   1  96
        0.83333        1.22543   1  97
        0.83333        1.25823   1  98
        0.83333        1.27083   1  99
        0.83333        1.31524   1 100
        0.83333        1.32311   1 101
        0.83333        1.32830   1 102
        0.83333        1.38043   1 103
        0.83333        1.39878   1 104
        0.83333        1.50481   1 105
        0.83333        1.50816   1 106
        0.83333        1.56767   1 107
        0.83333        1.56973   1 108
        0.83333        1.62812   1 109
        0.83333        1.63509   1 110
        0.83333        1.64272   1 111
        0.83333        1.64609   1 112
        0.83333        1.75446   1 113
        0.83333        1.75563   1 114
        0.83333        1.82879   1 115
        0.83333        1.83050   1 116
        0.83333        1.88226   1 117
        0.83333        1.88254   1 118
        0.83333        1.90407   1 119
        0.83333        1.90937   1 120
        0.83333        1.98034   1 121
        0.83333        1.98109   1 122
        0.83333        2.01116   1 123
        0.83333        2.01127   1 124
        0.83333        2.01934   1 125
        0.83333        2.01996   1 126
        0.83333        2.37246   1 127
        0.83333        2.37418   1 128
        0.83333        2.39183   1 129
        0.83333        2.39226   1 130
        0.83333        2.46508   1 131
        0.83333        2.46513   1 132
        0.83333        2.48692   1 133
        0.83333        2.48747   1 134
        0.83333        2.55528   1 135
        0.83333        2.55732   1 136
        0.83333        2.55802   1 137
        0.83333        2.56090   1 138
        0.83333        2.68014   1 139
        0.83333        2.68073   1 140
        0.83333        2.72135   1 141
        0.83333        2.72221   1 142
        0.83333        3.07562   1 143
        0.83333        3.07634   1 144
        0.83333        3.11729   1 145
        0.83333        3.11896   1 146
        0.83333        3.16996   1 147
        0.83333        3.19736   1 148
        0.83333        3.61123   1 149
        0.83333        3.61130   1 150
        0.83333        3.79333   1 151
        0.83333        3.79389   1 152
        0.83333        3.83004   1 153
        0.83333        3.83099   1 154
        0.83333        3.83833   1 155
        0.83333        3.83845   1 156
        0.87500       -0.38965   1   1
        0.87500       -0.38504   1   2
        0.87500       -0.38242   1   3
        0.87500       -0.37993   1   4
        0.87500       -0.34055   1   5
        0.87500       -0.33933   1   6
        0.87500       -0.31963   1   7
        0.87500       -0.31231   1   8
        0.87500       -0.29087   1   9
        0.87500       -0.27020   1  10
        0.87500       -0.24965   1  11
        0.87500       -0.24676   1  12
        0.87500       -0.24346   1  13
        0.87500       -0.23251   1  14
        0.87500       -0.22158   1  15
        0.87500       -0.21364   1  16
        0.87500       -0.20741   1  17
        0.87500       -0.20653   1  18
        0.87500       -0.19097   1  19
        0.87500       -0.17833   1  20
        0.87500       -0.17587   1  21
        0.87500       -0.16299   1  22
        0.87500       -0.15413   1  23
        0.87500       -0.15372   1  24
        0.87500       -0.14150   1  25
        0.87500       -0.11421   1  26
        0.87500       -0.10186   1  27
        0.87500       -0.08005   1  28
        0.87500       -0.06750   1  29
        0.87500       -0.05242   1  30
        0.87500       -0.04740   1  31
        0.87500       -0.04370   1  32
        0.87500       -0.03396   1  33
        0.87500       -0.03023   1  34
        0.87500       -0.02617   1  35
        0.87500       -0.01817   1  36
        0.87500       -0.01787   1  37
        0.87500       -0.01711   1  38
        0.87500       -0.00209   1  39
        0.87500        0.00331   1  40
        0.87500        0.10559   1  41
        0.87500        0.11061   1  42
        0.87500        0.11408   1  43
        0.87500        0.14296   1  44
        0.87500        0.14587   1  45
        0.87500        0.15344   1  46
        0.87500        0.16048   1  47
        0.87500        0.17299   1  48
        0.87500        0.18275   1  49
        0.87500        0.19313   1  50
        0.87500        0.23931   1  51
        0.87500        0.25831   1  52
        0.87500        0.37961   1  53
        0.87500        0.41255   1  54
        0.87500        0.46099   1  55
        0.87500        0.50214   1  56
        0.87500        0.50429   1  57
        0.87500        0.50608   1  58
        0.87500        0.53960   1  59
        0.87500        0.57258   1  60
        0.87500        0.58658   1  61
        0.87500        0.58945   1  62
        0.87500        0.62003   1  63
        0.87500        0.62740   1  64
        0.87500        0.63325   1  65
        0.87500        0.64194   1  66
        0.87500        0.65601   1  67
        0.87500        0.65757   1  68
        0.87500        0.67107   1  69
        0.87500        0.68528   1  70
        0.87500        0.69699   1  71
        0.87500        0.69860   1  72
        0.87500        0.70718   1  73
        0.87500        0.73644   1  74
        0.87500        0.75609   1  75
        0.87500        0.76032   1  76
        0.87500        0.79375   1  77
        0.87500        0.79636   1  78
        0.87500        0.81465   1  79
        0.87500        0.82205   1  80
        0.87500        0.84730   1  81
        0.87500        0.86060   1  82
        0.87500        0.86252   1  83
        0.87500        0.87726   1  84
        0.87500        0.88234   1  85
        0.87500        0.89406   1  86
        0.87500        0.92268   1  87
        0.87500        0.97142   1  88
        0.87500        0.98105   1  89
        0.87500        0.99140   1  90
        0.87500        1.06063   1  91
        0.87500        1.09011   1  92
        0.87500        1.10861   1  93
        0.87500        1.11453   1  94
        0.87500        1.19453   1  95
        0.87500        1.20467   1  96
        0.87500        1.22121   1  97
        0.87500        1.23954   1  98
        0.87500        1.27752   1  99
        0.87500        1.32354   1 100
        0.87500        1.32549   1 101
        0.87500        1.33185   1 102
        0.87500        1.36880   1 103
        0.87500        1.38249   1 104
        0.87500        1.41914   1 105
        0.87500        1.42740   1 106
        0.87500        1.57312   1 107
        0.87500        1.57524   1 108
        0.87500        1.63284   1 109
        0.87500        1.63822   1 110
        0.87500        1.64812   1 111
        0.87500        1.65130   1 112
        0.87500        1.73593   1 113
        0.87500        1.73690   1 114
        0.87500        1.84622   1 115
        0.87500        1.84951   1 116
        0.87500        1.86591   1 117
        0.87500        1.86621   1 118
        0.87500        1.88382   1 119
        0.87500        1.88764   1 120
        0.87500        2.03670   1 121
        0.87500        2.03735   1 122
        0.87500        2.06064   1 123
        0.87500        2.06123   1 124
        0.87500        2.07678   1 125
        0.87500        2.07684   1 126
        0.87500        2.42066   1 127
        0.87500        2.42370   1 128
        0.87500        2.50444   1 129
        0.87500        2.50460   1 130
        0.87500        2.51222   1 131
        0.87500        2.51228   1 132
        0.87500        2.54929   1 133
        0.87500        2.54977   1 134
        0.87500        2.64596   1 135
        0.87500        2.64619   1 136
        0.87500        2.64889   1 137
        0.87500        2.65284   1 138
        0.87500        2.75953   1 139
        0.87500        2.76078   1 140
        0.87500        2.77858   1 141
        0.87500        2.77940   1 142
        0.87500        3.14138   1 143
        0.87500        3.15516   1 144
        0.87500        3.18601   1 145
        0.87500        3.19784   1 146
        0.87500        3.20086   1 147
        0.87500        3.20241   1 148
        0.87500        3.61080   1 149
        0.87500        3.61084   1 150
        0.87500        3.86255   1 151
        0.87500        3.86263   1 152
        0.87500        3.90334   1 153
        0.87500        3.90377   1 154
        0.87500        3.91699   1 155
        0.87500        3.91752   1 156
        0.91667       -0.38921   1   1
        0.91667       -0.38594   1   2
        0.91667       -0.38536   1   3
        0.91667       -0.38309   1   4
        0.91667       -0.33478   1   5
        0.91667       -0.33261   1   6
        0.91667       -0.32388   1   7
        0.91667       -0.31919   1   8
        0.91667       -0.29200   1   9
        0.91667       -0.26733   1  10
        0.91667       -0.24998   1  11
        0.91667       -0.24744   1  12
        0.91667       -0.24651   1  13
        0.91667       -0.23715   1  14
        0.91667       -0.22398   1  15
        0.91667       -0.21634   1  16
        0.91667       -0.21105   1  17
        0.91667       -0.21069   1  18
        0.91667       -0.18642   1  19
        0.91667       -0.17952   1  20
        0.91667       -0.17394   1  21
        0.91667       -0.16065   1  22
        0.91667       -0.15390   1  23
        0.91667       -0.15356   1  24
        0.91667       -0.15037   1  25
        0.91667       -0.11591   1  26
        0.91667       -0.09952   1  27
        0.91667       -0.07171   1  28
        0.91667       -0.06113   1  29
        0.91667       -0.04565   1  30
        0.91667       -0.04476   1  31
        0.91667       -0.03796   1  32
        0.91667       -0.03221   1  33
        0.91667       -0.02957   1  34
        0.91667       -0.02201   1  35
        0.91667       -0.01854   1  36
        0.91667       -0.01653   1  37
        0.91667       -0.01187   1  38
        0.91667       -0.00679   1  39
        0.91667       -0.00455   1  40
        0.91667        0.11234   1  41
        0.91667        0.11870   1  42
        0.91667        0.12441   1  43
        0.91667        0.15050   1  44
        0.91667        0.15825   1  45
        0.91667        0.16272   1  46
        0.91667        0.17148   1  47
        0.91667        0.17530   1  48
        0.91667        0.18219   1  49
        0.91667        0.19110   1  50
        0.91667        0.23726   1  51
        0.91667        0.24958   1  52
        0.91667        0.41218   1  53
        0.91667        0.43809   1  54
        0.91667        0.47712   1  55
        0.91667        0.49828   1  56
        0.91667        0.50798   1  57
        0.91667        0.52091   1  58
        0.91667        0.52421   1  59
        0.91667        0.54913   1  60
        0.91667        0.56334   1  61
        0.91667        0.58493   1  62
        0.91667        0.61776   1  63
        0.91667        0.61902   1  64
        0.91667        0.63133   1  65
        0.91667        0.63217   1  66
        0.91667        0.63277   1  67
        0.91667        0.64558   1  68
        0.91667        0.66113   1  69
        0.91667        0.67206   1  70
        0.91667        0.68819   1  71
        0.91667        0.70645   1  72
        0.91667        0.72164   1  73
        0.91667        0.73330   1  74
        0.91667        0.76056   1  75
        0.91667        0.76450   1  76
        0.91667        0.77533   1  77
        0.91667        0.78065   1  78
        0.91667        0.82009   1  79
        0.91667        0.82192   1  80
        0.91667        0.83544   1  81
        0.91667        0.85112   1  82
        0.91667        0.85420   1  83
        0.91667        0.87782   1  84
        0.91667        0.87981   1  85
        0.91667        0.88966   1  86
        0.91667        0.90222   1  87
        0.91667        0.94470   1  88
        0.91667        0.95372   1  89
        0.91667        0.95946   1  90
        0.91667        1.03734   1  91
        0.91667        1.06130   1  92
        0.91667        1.08926   1  93
        0.91667        1.09499   1  94
        0.91667        1.19059   1  95
        0.91667        1.19176   1  96
        0.91667        1.21898   1  97
        0.91667        1.22435   1  98
        0.91667        1.27201   1  99
        0.91667        1.30596   1 100
        0.91667        1.33948   1 101
        0.91667        1.34260   1 102
        0.91667        1.34488   1 103
        0.91667        1.35763   1 104
        0.91667        1.36470   1 105
        0.91667        1.38522   1 106
        0.91667        1.57789   1 107
        0.91667        1.57991   1 108
        0.91667        1.64319   1 109
        0.91667        1.64745   1 110
        0.91667        1.65221   1 111
        0.91667        1.65533   1 112
        0.91667        1.72124   1 113
        0.91667        1.72204   1 114
        0.91667        1.83182   1 115
        0.91667        1.83717   1 116
        0.91667        1.84724   1 117
        0.91667        1.84762   1 118
        0.91667        1.88516   1 119
        0.91667        1.88667   1 120
        0.91667        2.10131   1 121
        0.91667        2.10194   1 122
        0.91667        2.12126   1 123
        0.91667        2.12177   1 124
        0.91667        2.14657   1 125
        0.91667        2.14672   1 126
        0.91667        2.54787   1 127
        0.91667        2.55184   1 128
        0.91667        2.60683   1 129
        0.91667        2.60709   1 130
        0.91667        2.62192   1 131
        0.91667        2.62195   1 132
        0.91667        2.65715   1 133
        0.91667        2.65780   1 134
        0.91667        2.72679   1 135
        0.91667        2.72698   1 136
        0.91667        2.73948   1 137
        0.91667        2.74137   1 138
        0.91667        2.82937   1 139
        0.91667        2.83090   1 140
        0.91667        2.84093   1 141
        0.91667        2.84179   1 142
        0.91667        3.13275   1 143
        0.91667        3.15647   1 144
        0.91667        3.27186   1 145
        0.91667        3.27264   1 146
        0.91667        3.28058   1 147
        0.91667        3.28129   1 148
        0.91667        3.59991   1 149
        0.91667        3.60000   1 150
        0.91667        3.92178   1 151
        0.91667        3.92289   1 152
        0.91667        3.96689   1 153
        0.91667        3.96761   1 154
        0.91667        4.00333   1 155
        0.91667        4.00349   1 156
        0.95833       -0.38986   1   1
        0.95833       -0.38901   1   2
        0.95833       -0.38648   1   3
        0.95833       -0.38589   1   4
        0.95833       -0.33028   1   5
        0.95833       -0.32741   1   6
        0.95833       -0.32724   1   7
        0.95833       -0.32378   1   8
        0.95833       -0.29081   1   9
        0.95833       -0.26154   1  10
        0.95833       -0.24908   1  11
        0.95833       -0.24806   1  12
        0.95833       -0.24687   1  13
        0.95833       -0.24269   1  14
        0.95833       -0.22618   1  15
        0.95833       -0.21845   1  16
        0.95833       -0.21427   1  17
        0.95833       -0.21409   1  18
        0.95833       -0.18278   1  19
        0.95833       -0.18054   1  20
        0.95833       -0.17208   1  21
        0.95833       -0.15941   1  22
        0.95833       -0.15667   1  23
        0.95833       -0.15375   1  24
        0.95833       -0.15358   1  25
        0.95833       -0.11710   1  26
        0.95833       -0.09906   1  27
        0.95833       -0.06881   1  28
        0.95833       -0.05227   1  29
        0.95833       -0.04421   1  30
        0.95833       -0.04049   1  31
        0.95833       -0.03329   1  32
        0.95833       -0.03155   1  33
        0.95833       -0.02748   1  34
        0.95833       -0.02053   1  35
        0.95833       -0.01859   1  36
        0.95833       -0.01636   1  37
        0.95833       -0.01319   1  38
        0.95833       -0.00772   1  39
        0.95833       -0.00702   1  40
        0.95833        0.11817   1  41
        0.95833        0.12205   1  42
        0.95833        0.12947   1  43
        0.95833        0.16343   1  44
        0.95833        0.16681   1  45
        0.95833        0.16970   1  46
        0.95833        0.17357   1  47
        0.95833        0.18196   1  48
        0.95833        0.18396   1  49
        0.95833        0.19004   1  50
        0.95833        0.23347   1  51
        0.95833        0.23901   1  52
        0.95833        0.43731   1  53
        0.95833        0.46341   1  54
        0.95833        0.48199   1  55
        0.95833        0.48775   1  56
        0.95833        0.51312   1  57
        0.95833        0.51323   1  58
        0.95833        0.51649   1  59
        0.95833        0.54464   1  60
        0.95833        0.55777   1  61
        0.95833        0.57829   1  62
        0.95833        0.59934   1  63
        0.95833        0.61401   1  64
        0.95833        0.62299   1  65
        0.95833        0.62609   1  66
        0.95833        0.62668   1  67
        0.95833        0.62931   1  68
        0.95833        0.65624   1  69
        0.95833        0.65937   1  70
        0.95833        0.68866   1  71
        0.95833        0.69060   1  72
        0.95833        0.74082   1  73
        0.95833        0.75215   1  74
        0.95833        0.75985   1  75
        0.95833        0.76156   1  76
        0.95833        0.76561   1  77
        0.95833        0.79636   1  78
        0.95833        0.79740   1  79
        0.95833        0.84782   1  80
        0.95833        0.84985   1  81
        0.95833        0.86322   1  82
        0.95833        0.87085   1  83
        0.95833        0.87344   1  84
        0.95833        0.88064   1  85
        0.95833        0.88160   1  86
        0.95833        0.89348   1  87
        0.95833        0.91270   1  88
        0.95833        0.92590   1  89
        0.95833        0.93126   1  90
        0.95833        1.02141   1  91
        0.95833        1.04051   1  92
        0.95833        1.06336   1  93
        0.95833        1.06880   1  94
        0.95833        1.18709   1  95
        0.95833        1.18836   1  96
        0.95833        1.21687   1  97
        0.95833        1.21741   1  98
        0.95833        1.24149   1  99
        0.95833        1.25804   1 100
        0.95833        1.31575   1 101
        0.95833        1.35311   1 102
        0.95833        1.35746   1 103
        0.95833        1.35784   1 104
        0.95833        1.35971   1 105
        0.95833        1.37248   1 106
        0.95833        1.58259   1 107
        0.95833        1.58450   1 108
        0.95833        1.65349   1 109
        0.95833        1.65576   1 110
        0.95833        1.65704   1 111
        0.95833        1.65896   1 112
        0.95833        1.71101   1 113
        0.95833        1.71162   1 114
        0.95833        1.81136   1 115
        0.95833        1.81716   1 116
        0.95833        1.83080   1 117
        0.95833        1.83144   1 118
        0.95833        1.89039   1 119
        0.95833        1.89153   1 120
        0.95833        2.16990   1 121
        0.95833        2.17066   1 122
        0.95833        2.19005   1 123
        0.95833        2.19039   1 124
        0.95833        2.20104   1 125
        0.95833        2.20111   1 126
        0.95833        2.68083   1 127
        0.95833        2.68119   1 128
        0.95833        2.76656   1 129
        0.95833        2.76690   1 130
        0.95833        2.77471   1 131
        0.95833        2.77499   1 132
        0.95833        2.82774   1 133
        0.95833        2.83386   1 134
        0.95833        2.87797   1 135
        0.95833        2.87885   1 136
        0.95833        2.87930   1 137
        0.95833        2.88029   1 138
        0.95833        2.89735   1 139
        0.95833        2.89738   1 140
        0.95833        2.95661   1 141
        0.95833        2.95677   1 142
        0.95833        3.12482   1 143
        0.95833        3.14864   1 144
        0.95833        3.33389   1 145
        0.95833        3.33403   1 146
        0.95833        3.33527   1 147
        0.95833        3.33545   1 148
        0.95833        3.58568   1 149
        0.95833        3.58591   1 150
        0.95833        3.96481   1 151
        0.95833        3.96677   1 152
        0.95833        4.01286   1 153
        0.95833        4.01367   1 154
        0.95833        4.06721   1 155
        0.95833        4.06726   1 156
        1.00000       -0.39032   1   1
        1.00000       -0.39009   1   2
        1.00000       -0.38708   1   3
        1.00000       -0.38690   1   4
        1.00000       -0.32878   1   5
        1.00000       -0.32831   1   6
        1.00000       -0.32568   1   7
        1.00000       -0.32516   1   8
        1.00000       -0.29005   1   9
        1.00000       -0.25746   1  10
        1.00000       -0.24858   1  11
        1.00000       -0.24849   1  12
        1.00000       -0.24650   1  13
        1.00000       -0.24643   1  14
        1.00000       -0.22703   1  15
        1.00000       -0.21928   1  16
        1.00000       -0.21565   1  17
        1.00000       -0.21538   1  18
        1.00000       -0.18155   1  19
        1.00000       -0.18058   1  20
        1.00000       -0.17153   1  21
        1.00000       -0.15911   1  22
        1.00000       -0.15894   1  23
        1.00000       -0.15368   1  24
        1.00000       -0.15365   1  25
        1.00000       -0.11753   1  26
        1.00000       -0.09905   1  27
        1.00000       -0.06837   1  28
        1.00000       -0.04432   1  29
        1.00000       -0.04400   1  30
        1.00000       -0.04319   1  31
        1.00000       -0.03189   1  32
        1.00000       -0.03107   1  33
        1.00000       -0.02583   1  34
        1.00000       -0.02119   1  35
        1.00000       -0.01827   1  36
        1.00000       -0.01766   1  37
        1.00000       -0.01393   1  38
        1.00000       -0.00773   1  39
        1.00000       -0.00617   1  40
        1.00000        0.12022   1  41
        1.00000        0.12366   1  42
        1.00000        0.13052   1  43
        1.00000        0.16893   1  44
        1.00000        0.16968   1  45
        1.00000        0.17255   1  46
        1.00000        0.17395   1  47
        1.00000        0.18371   1  48
        1.00000        0.18798   1  49
        1.00000        0.19022   1  50
        1.00000        0.23024   1  51
        1.00000        0.23384   1  52
        1.00000        0.44710   1  53
        1.00000        0.48142   1  54
        1.00000        0.48211   1  55
        1.00000        0.48555   1  56
        1.00000        0.49493   1  57
        1.00000        0.51100   1  58
        1.00000        0.51622   1  59
        1.00000        0.55448   1  60
        1.00000        0.55708   1  61
        1.00000        0.57484   1  62
        1.00000        0.59009   1  63
        1.00000        0.60327   1  64
        1.00000        0.62136   1  65
        1.00000        0.62184   1  66
        1.00000        0.62861   1  67
        1.00000        0.62938   1  68
        1.00000        0.64606   1  69
        1.00000        0.66014   1  70
        1.00000        0.68455   1  71
        1.00000        0.68843   1  72
        1.00000        0.74673   1  73
        1.00000        0.75848   1  74
        1.00000        0.75865   1  75
        1.00000        0.76479   1  76
        1.00000        0.76490   1  77
        1.00000        0.78286   1  78
        1.00000        0.81692   1  79
        1.00000        0.85164   1  80
        1.00000        0.85167   1  81
        1.00000        0.87652   1  82
        1.00000        0.88334   1  83
        1.00000        0.88338   1  84
        1.00000        0.88363   1  85
        1.00000        0.88366   1  86
        1.00000        0.89570   1  87
        1.00000        0.90229   1  88
        1.00000        0.90274   1  89
        1.00000        0.91336   1  90
        1.00000        1.01575   1  91
        1.00000        1.03286   1  92
        1.00000        1.04551   1  93
        1.00000        1.05114   1  94
        1.00000        1.18720   1  95
        1.00000        1.18777   1  96
        1.00000        1.21586   1  97
        1.00000        1.21672   1  98
        1.00000        1.22446   1  99
        1.00000        1.23833   1 100
        1.00000        1.31156   1 101
        1.00000        1.35834   1 102
        1.00000        1.35880   1 103
        1.00000        1.36250   1 104
        1.00000        1.36293   1 105
        1.00000        1.36569   1 106
        1.00000        1.58491   1 107
        1.00000        1.58679   1 108
        1.00000        1.65742   1 109
        1.00000        1.65760   1 110
        1.00000        1.66071   1 111
        1.00000        1.66087   1 112
        1.00000        1.70702   1 113
        1.00000        1.70752   1 114
        1.00000        1.80335   1 115
        1.00000        1.80882   1 116
        1.00000        1.82350   1 117
        1.00000        1.82438   1 118
        1.00000        1.89204   1 119
        1.00000        1.89312   1 120
        1.00000        2.20070   1 121
        1.00000        2.20155   1 122
        1.00000        2.22133   1 123
        1.00000        2.22162   1 124
        1.00000        2.22282   1 125
        1.00000        2.22282   1 126
        1.00000        2.70851   1 127
        1.00000        2.70887   1 128
        1.00000        2.78774   1 129
        1.00000        2.78784   1 130
        1.00000        2.78802   1 131
        1.00000        2.78811   1 132
        1.00000        2.89652   1 133
        1.00000        2.89663   1 134
        1.00000        2.89765   1 135
        1.00000        2.89776   1 136
        1.00000        3.06051   1 137
        1.00000        3.07042   1 138
        1.00000        3.12268   1 139
        1.00000        3.14640   1 140
        1.00000        3.17170   1 141
        1.00000        3.17178   1 142
        1.00000        3.20523   1 143
        1.00000        3.20536   1 144
        1.00000        3.34990   1 145
        1.00000        3.35004   1 146
        1.00000        3.35033   1 147
        1.00000        3.35046   1 148
        1.00000        3.57886   1 149
        1.00000        3.57916   1 150
        1.00000        3.98121   1 151
        1.00000        3.98345   1 152
        1.00000        4.02899   1 153
        1.00000        4.02978   1 154
        1.00000        4.09025   1 155
        1.00000        4.09035   1 156
        1.00000       -0.39032   1   1
        1.00000       -0.39009   1   2
        1.00000       -0.38708   1   3
        1.00000       -0.38690   1   4
        1.00000       -0.32878   1   5
        1.00000       -0.32831   1   6
        1.00000       -0.32568   1   7
        1.00000       -0.32516   1   8
        1.00000       -0.29005   1   9
        1.00000       -0.25746   1  10
        1.00000       -0.24858   1  11
        1.00000       -0.24849   1  12
        1.00000       -0.24650   1  13
        1.00000       -0.24643   1  14
        1.00000       -0.22703   1  15
        1.00000       -0.21928   1  16
        1.00000       -0.21565   1  17
        1.00000       -0.21538   1  18
        1.00000       -0.18155   1  19
        1.00000       -0.18058   1  20
        1.00000       -0.17153   1  21
        1.00000       -0.15911   1  22
        1.00000       -0.15894   1  23
        1.00000       -0.15368   1  24
        1.00000       -0.15365   1  25
        1.00000       -0.11753   1  26
        1.00000       -0.09905   1  27
        1.00000       -0.06837   1  28
        1.00000       -0.04432   1  29
        1.00000       -0.04400   1  30
        1.00000       -0.04319   1  31
        1.00000       -0.03189   1  32
        1.00000       -0.03107   1  33
        1.00000       -0.02583   1  34
        1.00000       -0.02119   1  35
        1.00000       -0.01827   1  36
        1.00000       -0.01766   1  37
        1.00000       -0.01393   1  38
        1.00000       -0.00773   1  39
        1.00000       -0.00617   1  40
        1.00000        0.12022   1  41
        1.00000        0.12366   1  42
        1.00000        0.13052   1  43
        1.00000        0.16893   1  44
        1.00000        0.16968   1  45
        1.00000        0.17255   1  46
        1.00000        0.17395   1  47
        1.00000        0.18371   1  48
        1.00000        0.18798   1  49
        1.00000        0.19022   1  50
        1.00000        0.23024   1  51
        1.00000        0.23384   1  52
        1.00000        0.44710   1  53
        1.00000        0.48142   1  54
        1.00000        0.48211   1  55
        1.00000        0.48555   1  56
        1.00000        0.49493   1  57
        1.00000        0.51100   1  58
        1.00000        0.51622   1  59
        1.00000        0.55448   1  60
        1.00000        0.55708   1  61
        1.00000        0.57484   1  62
        1.00000        0.59009   1  63
        1.00000        0.60327   1  64
        1.00000        0.62136   1  65
        1.00000        0.62184   1  66
        1.00000        0.62861   1  67
        1.00000        0.62938   1  68
        1.00000        0.64606   1  69
        1.00000        0.66014   1  70
        1.00000        0.68455   1  71
        1.00000        0.68843   1  72
        1.00000        0.74673   1  73
        1.00000        0.75848   1  74
        1.00000        0.75865   1  75
        1.00000        0.76479   1  76
        1.00000        0.76490   1  77
        1.00000        0.78286   1  78
        1.00000        0.81692   1  79
        1.00000        0.85164   1  80
        1.00000        0.85167   1  81
        1.00000        0.87652   1  82
        1.00000        0.88334   1  83
        1.00000        0.88338   1  84
        1.00000        0.88363   1  85
        1.00000        0.88366   1  86
        1.00000        0.89570   1  87
        1.00000        0.90229   1  88
        1.00000        0.90274   1  89
        1.00000        0.91336   1  90
        1.00000        1.01575   1  91
        1.00000        1.03286   1  92
        1.00000        1.04551   1  93
        1.00000        1.05114   1  94
        1.00000        1.18720   1  95
        1.00000        1.18777   1  96
        1.00000        1.21586   1  97
        1.00000        1.21672   1  98
        1.00000        1.22446   1  99
        1.00000        1.23833   1 100
        1.00000        1.31156   1 101
        1.00000        1.35834   1 102
        1.00000        1.35880   1 103
        1.00000        1.36250   1 104
        1.00000        1.36293   1 105
        1.00000        1.36569   1 106
        1.00000        1.58491   1 107
        1.00000        1.58679   1 108
        1.00000        1.65742   1 109
        1.00000        1.65760   1 110
        1.00000        1.66071   1 111
        1.00000        1.66087   1 112
        1.00000        1.70702   1 113
        1.00000        1.70752   1 114
        1.00000        1.80335   1 115
        1.00000        1.80882   1 116
        1.00000        1.82350   1 117
        1.00000        1.82438   1 118
        1.00000        1.89204   1 119
        1.00000        1.89312   1 120
        1.00000        2.20070   1 121
        1.00000        2.20155   1 122
        1.00000        2.22133   1 123
        1.00000        2.22162   1 124
        1.00000        2.22282   1 125
        1.00000        2.22282   1 126
        1.00000        2.70851   1 127
        1.00000        2.70887   1 128
        1.00000        2.78774   1 129
        1.00000        2.78784   1 130
        1.00000        2.78802   1 131
        1.00000        2.78811   1 132
        1.00000        2.89652   1 133
        1.00000        2.89663   1 134
        1.00000        2.89765   1 135
        1.00000        2.89776   1 136
        1.00000        3.06051   1 137
        1.00000        3.07042   1 138
        1.00000        3.12268   1 139
        1.00000        3.14640   1 140
        1.00000        3.17170   1 141
        1.00000        3.17178   1 142
        1.00000        3.20523   1 143
        1.00000        3.20536   1 144
        1.00000        3.34990   1 145
        1.00000        3.35004   1 146
        1.00000        3.35033   1 147
        1.00000        3.35046   1 148
        1.00000        3.57886   1 149
        1.00000        3.57916   1 150
        1.00000        3.98121   1 151
        1.00000        3.98345   1 152
        1.00000        4.02899   1 153
        1.00000        4.02978   1 154
        1.00000        4.09025   1 155
        1.00000        4.09035   1 156
        1.03928       -0.38982   1   1
        1.03928       -0.38915   1   2
        1.03928       -0.38655   1   3
        1.03928       -0.38593   1   4
        1.03928       -0.32986   1   5
        1.03928       -0.32757   1   6
        1.03928       -0.32670   1   7
        1.03928       -0.32444   1   8
        1.03928       -0.29084   1   9
        1.03928       -0.26157   1  10
        1.03928       -0.24935   1  11
        1.03928       -0.24775   1  12
        1.03928       -0.24568   1  13
        1.03928       -0.24383   1  14
        1.03928       -0.22628   1  15
        1.03928       -0.21852   1  16
        1.03928       -0.21442   1  17
        1.03928       -0.21426   1  18
        1.03928       -0.18227   1  19
        1.03928       -0.18092   1  20
        1.03928       -0.17196   1  21
        1.03928       -0.15897   1  22
        1.03928       -0.15732   1  23
        1.03928       -0.15372   1  24
        1.03928       -0.15357   1  25
        1.03928       -0.11720   1  26
        1.03928       -0.09896   1  27
        1.03928       -0.06859   1  28
        1.03928       -0.05112   1  29
        1.03928       -0.04585   1  30
        1.03928       -0.03940   1  31
        1.03928       -0.03289   1  32
        1.03928       -0.03167   1  33
        1.03928       -0.02729   1  34
        1.03928       -0.01969   1  35
        1.03928       -0.01779   1  36
        1.03928       -0.01628   1  37
        1.03928       -0.01483   1  38
        1.03928       -0.00801   1  39
        1.03928       -0.00711   1  40
        1.03928        0.11843   1  41
        1.03928        0.12210   1  42
        1.03928        0.12966   1  43
        1.03928        0.16092   1  44
        1.03928        0.16364   1  45
        1.03928        0.17358   1  46
        1.03928        0.17659   1  47
        1.03928        0.18122   1  48
        1.03928        0.18676   1  49
        1.03928        0.18961   1  50
        1.03928        0.22670   1  51
        1.03928        0.24433   1  52
        1.03928        0.43378   1  53
        1.03928        0.47448   1  54
        1.03928        0.48157   1  55
        1.03928        0.48566   1  56
        1.03928        0.50964   1  57
        1.03928        0.51289   1  58
        1.03928        0.51333   1  59
        1.03928        0.54710   1  60
        1.03928        0.55787   1  61
        1.03928        0.57805   1  62
        1.03928        0.59949   1  63
        1.03928        0.61273   1  64
        1.03928        0.62304   1  65
        1.03928        0.62529   1  66
        1.03928        0.62546   1  67
        1.03928        0.63049   1  68
        1.03928        0.65406   1  69
        1.03928        0.65923   1  70
        1.03928        0.68784   1  71
        1.03928        0.69099   1  72
        1.03928        0.74185   1  73
        1.03928        0.75397   1  74
        1.03928        0.75908   1  75
        1.03928        0.76063   1  76
        1.03928        0.76518   1  77
        1.03928        0.79530   1  78
        1.03928        0.79982   1  79
        1.03928        0.84984   1  80
        1.03928        0.85242   1  81
        1.03928        0.86326   1  82
        1.03928        0.86965   1  83
        1.03928        0.87019   1  84
        1.03928        0.88288   1  85
        1.03928        0.88290   1  86
        1.03928        0.90308   1  87
        1.03928        0.90983   1  88
        1.03928        0.91184   1  89
        1.03928        0.93333   1  90
        1.03928        1.02087   1  91
        1.03928        1.04000   1  92
        1.03928        1.06186   1  93
        1.03928        1.06732   1  94
        1.03928        1.18728   1  95
        1.03928        1.18821   1  96
        1.03928        1.21688   1  97
        1.03928        1.21746   1  98
        1.03928        1.23913   1  99
        1.03928        1.25534   1 100
        1.03928        1.31514   1 101
        1.03928        1.35567   1 102
        1.03928        1.35590   1 103
        1.03928        1.35762   1 104
        1.03928        1.36182   1 105
        1.03928        1.37074   1 106
        1.03928        1.58278   1 107
        1.03928        1.58468   1 108
        1.03928        1.65235   1 109
        1.03928        1.65587   1 110
        1.03928        1.65742   1 111
        1.03928        1.66069   1 112
        1.03928        1.71045   1 113
        1.03928        1.71103   1 114
        1.03928        1.79943   1 115
        1.03928        1.80288   1 116
        1.03928        1.84129   1 117
        1.03928        1.84406   1 118
        1.03928        1.89087   1 119
        1.03928        1.89198   1 120
        1.03928        2.16938   1 121
        1.03928        2.16993   1 122
        1.03928        2.19403   1 123
        1.03928        2.19407   1 124
        1.03928        2.20623   1 125
        1.03928        2.20633   1 126
        1.03928        2.68291   1 127
        1.03928        2.68325   1 128
        1.03928        2.76495   1 129
        1.03928        2.76523   1 130
        1.03928        2.78087   1 131
        1.03928        2.78115   1 132
        1.03928        2.84475   1 133
        1.03928        2.85054   1 134
        1.03928        2.87078   1 135
        1.03928        2.87195   1 136
        1.03928        2.88967   1 137
        1.03928        2.89102   1 138
        1.03928        2.92989   1 139
        1.03928        2.93071   1 140
        1.03928        2.98031   1 141
        1.03928        2.98040   1 142
        1.03928        3.12434   1 143
        1.03928        3.14809   1 144
        1.03928        3.30321   1 145
        1.03928        3.30332   1 146
        1.03928        3.36752   1 147
        1.03928        3.36772   1 148
        1.03928        3.58478   1 149
        1.03928        3.58502   1 150
        1.03928        3.96618   1 151
        1.03928        3.96815   1 152
        1.03928        4.01367   1 153
        1.03928        4.01442   1 154
        1.03928        4.07155   1 155
        1.03928        4.07163   1 156
        1.07857       -0.38854   1   1
        1.07857       -0.38606   1   2
        1.07857       -0.38513   1   3
        1.07857       -0.38281   1   4
        1.07857       -0.33327   1   5
        1.07857       -0.33000   1   6
        1.07857       -0.32475   1   7
        1.07857       -0.32161   1   8
        1.07857       -0.29355   1   9
        1.07857       -0.26971   1  10
        1.07857       -0.25096   1  11
        1.07857       -0.24544   1  12
        1.07857       -0.24336   1  13
        1.07857       -0.23995   1  14
        1.07857       -0.22449   1  15
        1.07857       -0.21652   1  16
        1.07857       -0.21156   1  17
        1.07857       -0.21123   1  18
        1.07857       -0.18437   1  19
        1.07857       -0.18137   1  20
        1.07857       -0.17344   1  21
        1.07857       -0.15896   1  22
        1.07857       -0.15402   1  23
        1.07857       -0.15373   1  24
        1.07857       -0.15225   1  25
        1.07857       -0.11732   1  26
        1.07857       -0.09839   1  27
        1.07857       -0.06992   1  28
        1.07857       -0.05976   1  29
        1.07857       -0.05144   1  30
        1.07857       -0.04120   1  31
        1.07857       -0.03619   1  32
        1.07857       -0.03295   1  33
        1.07857       -0.02980   1  34
        1.07857       -0.01940   1  35
        1.07857       -0.01822   1  36
        1.07857       -0.01524   1  37
        1.07857       -0.01121   1  38
        1.07857       -0.00871   1  39
        1.07857       -0.00618   1  40
        1.07857        0.11310   1  41
        1.07857        0.11859   1  42
        1.07857        0.12692   1  43
        1.07857        0.13497   1  44
        1.07857        0.14795   1  45
        1.07857        0.17268   1  46
        1.07857        0.18075   1  47
        1.07857        0.18688   1  48
        1.07857        0.18745   1  49
        1.07857        0.19211   1  50
        1.07857        0.21504   1  51
        1.07857        0.26884   1  52
        1.07857        0.39560   1  53
        1.07857        0.47066   1  54
        1.07857        0.48209   1  55
        1.07857        0.49199   1  56
        1.07857        0.50558   1  57
        1.07857        0.51073   1  58
        1.07857        0.52491   1  59
        1.07857        0.54006   1  60
        1.07857        0.56377   1  61
        1.07857        0.58687   1  62
        1.07857        0.62182   1  63
        1.07857        0.62589   1  64
        1.07857        0.62786   1  65
        1.07857        0.63073   1  66
        1.07857        0.63262   1  67
        1.07857        0.63524   1  68
        1.07857        0.65711   1  69
        1.07857        0.66211   1  70
        1.07857        0.68327   1  71
        1.07857        0.71129   1  72
        1.07857        0.72725   1  73
        1.07857        0.74056   1  74
        1.07857        0.75494   1  75
        1.07857        0.76071   1  76
        1.07857        0.76627   1  77
        1.07857        0.80014   1  78
        1.07857        0.80606   1  79
        1.07857        0.83195   1  80
        1.07857        0.84198   1  81
        1.07857        0.85372   1  82
        1.07857        0.85464   1  83
        1.07857        0.88174   1  84
        1.07857        0.88179   1  85
        1.07857        0.88636   1  86
        1.07857        0.90521   1  87
        1.07857        0.92501   1  88
        1.07857        0.93996   1  89
        1.07857        0.96065   1  90
        1.07857        1.03692   1  91
        1.07857        1.06223   1  92
        1.07857        1.08680   1  93
        1.07857        1.09265   1  94
        1.07857        1.18979   1  95
        1.07857        1.19035   1  96
        1.07857        1.21866   1  97
        1.07857        1.22219   1  98
        1.07857        1.26826   1  99
        1.07857        1.29859   1 100
        1.07857        1.33500   1 101
        1.07857        1.34767   1 102
        1.07857        1.35195   1 103
        1.07857        1.35473   1 104
        1.07857        1.35934   1 105
        1.07857        1.37916   1 106
        1.07857        1.57984   1 107
        1.07857        1.58192   1 108
        1.07857        1.64024   1 109
        1.07857        1.64446   1 110
        1.07857        1.65699   1 111
        1.07857        1.66031   1 112
        1.07857        1.71759   1 113
        1.07857        1.71825   1 114
        1.07857        1.81460   1 115
        1.07857        1.81741   1 116
        1.07857        1.85497   1 117
        1.07857        1.85803   1 118
        1.07857        1.89025   1 119
        1.07857        1.89136   1 120
        1.07857        2.08075   1 121
        1.07857        2.08078   1 122
        1.07857        2.14047   1 123
        1.07857        2.14094   1 124
        1.07857        2.16735   1 125
        1.07857        2.16756   1 126
        1.07857        2.58630   1 127
        1.07857        2.58956   1 128
        1.07857        2.60750   1 129
        1.07857        2.60757   1 130
        1.07857        2.67108   1 131
        1.07857        2.67147   1 132
        1.07857        2.69755   1 133
        1.07857        2.69903   1 134
        1.07857        2.71762   1 135
        1.07857        2.71804   1 136
        1.07857        2.78120   1 137
        1.07857        2.78133   1 138
        1.07857        2.80251   1 139
        1.07857        2.80362   1 140
        1.07857        2.88951   1 141
        1.07857        2.89076   1 142
        1.07857        3.12458   1 143
        1.07857        3.14153   1 144
        1.07857        3.18034   1 145
        1.07857        3.18851   1 146
        1.07857        3.37536   1 147
        1.07857        3.37538   1 148
        1.07857        3.59636   1 149
        1.07857        3.59651   1 150
        1.07857        3.92237   1 151
        1.07857        3.92348   1 152
        1.07857        3.96606   1 153
        1.07857        3.96632   1 154
        1.07857        4.03098   1 155
        1.07857        4.03107   1 156
        1.11785       -0.38631   1   1
        1.11785       -0.38267   1   2
        1.11785       -0.38093   1   3
        1.11785       -0.37762   1   4
        1.11785       -0.33773   1   5
        1.11785       -0.33437   1   6
        1.11785       -0.32007   1   7
        1.11785       -0.31690   1   8
        1.11785       -0.29840   1   9
        1.11785       -0.27915   1  10
        1.11785       -0.25222   1  11
        1.11785       -0.24163   1  12
        1.11785       -0.23954   1  13
        1.11785       -0.23729   1  14
        1.11785       -0.22270   1  15
        1.11785       -0.21372   1  16
        1.11785       -0.20843   1  17
        1.11785       -0.20724   1  18
        1.11785       -0.18657   1  19
        1.11785       -0.18208   1  20
        1.11785       -0.17532   1  21
        1.11785       -0.15893   1  22
        1.11785       -0.15351   1  23
        1.11785       -0.15324   1  24
        1.11785       -0.14660   1  25
        1.11785       -0.12101   1  26
        1.11785       -0.09560   1  27
        1.11785       -0.07259   1  28
        1.11785       -0.06922   1  29
        1.11785       -0.05891   1  30
        1.11785       -0.04894   1  31
        1.11785       -0.04038   1  32
        1.11785       -0.03501   1  33
        1.11785       -0.03146   1  34
        1.11785       -0.01979   1  35
        1.11785       -0.01657   1  36
        1.11785       -0.01499   1  37
        1.11785       -0.00824   1  38
        1.11785       -0.00760   1  39
        1.11785       -0.00524   1  40
        1.11785        0.10159   1  41
        1.11785        0.10607   1  42
        1.11785        0.11402   1  43
        1.11785        0.12172   1  44
        1.11785        0.13057   1  45
        1.11785        0.16913   1  46
        1.11785        0.18205   1  47
        1.11785        0.18233   1  48
        1.11785        0.18806   1  49
        1.11785        0.20583   1  50
        1.11785        0.21527   1  51
        1.11785        0.29790   1  52
        1.11785        0.35131   1  53
        1.11785        0.44252   1  54
        1.11785        0.48914   1  55
        1.11785        0.50244   1  56
        1.11785        0.50261   1  57
        1.11785        0.50622   1  58
        1.11785        0.53343   1  59
        1.11785        0.54037   1  60
        1.11785        0.57373   1  61
        1.11785        0.59848   1  62
        1.11785        0.62965   1  63
        1.11785        0.63269   1  64
        1.11785        0.63539   1  65
        1.11785        0.63595   1  66
        1.11785        0.64293   1  67
        1.11785        0.65128   1  68
        1.11785        0.66061   1  69
        1.11785        0.66973   1  70
        1.11785        0.67449   1  71
        1.11785        0.71526   1  72
        1.11785        0.72457   1  73
        1.11785        0.74322   1  74
        1.11785        0.75060   1  75
        1.11785        0.76290   1  76
        1.11785        0.76768   1  77
        1.11785        0.80008   1  78
        1.11785        0.82302   1  79
        1.11785        0.83227   1  80
        1.11785        0.84249   1  81
        1.11785        0.85823   1  82
        1.11785        0.87676   1  83
        1.11785        0.88017   1  84
        1.11785        0.88024   1  85
        1.11785        0.89896   1  86
        1.11785        0.90901   1  87
        1.11785        0.93558   1  88
        1.11785        0.97248   1  89
        1.11785        0.98440   1  90
        1.11785        1.06495   1  91
        1.11785        1.09635   1  92
        1.11785        1.10692   1  93
        1.11785        1.11431   1  94
        1.11785        1.19280   1  95
        1.11785        1.19555   1  96
        1.11785        1.22164   1  97
        1.11785        1.22787   1  98
        1.11785        1.27391   1  99
        1.11785        1.31728   1 100
        1.11785        1.34355   1 101
        1.11785        1.35023   1 102
        1.11785        1.35556   1 103
        1.11785        1.36101   1 104
        1.11785        1.39774   1 105
        1.11785        1.40885   1 106
        1.11785        1.57906   1 107
        1.11785        1.58151   1 108
        1.11785        1.62774   1 109
        1.11785        1.63292   1 110
        1.11785        1.65511   1 111
        1.11785        1.65860   1 112
        1.11785        1.72772   1 113
        1.11785        1.72846   1 114
        1.11785        1.82761   1 115
        1.11785        1.82949   1 116
        1.11785        1.86855   1 117
        1.11785        1.87285   1 118
        1.11785        1.89944   1 119
        1.11785        1.90047   1 120
        1.11785        1.98450   1 121
        1.11785        1.98468   1 122
        1.11785        2.07113   1 123
        1.11785        2.07149   1 124
        1.11785        2.12664   1 125
        1.11785        2.12673   1 126
        1.11785        2.49128   1 127
        1.11785        2.49344   1 128
        1.11785        2.50619   1 129
        1.11785        2.50664   1 130
        1.11785        2.57071   1 131
        1.11785        2.57099   1 132
        1.11785        2.60601   1 133
        1.11785        2.60874   1 134
        1.11785        2.62784   1 135
        1.11785        2.62807   1 136
        1.11785        2.71941   1 137
        1.11785        2.72015   1 138
        1.11785        2.76201   1 139
        1.11785        2.76246   1 140
        1.11785        2.88064   1 141
        1.11785        2.88169   1 142
        1.11785        3.00597   1 143
        1.11785        3.00679   1 144
        1.11785        3.15091   1 145
        1.11785        3.17753   1 146
        1.11785        3.36207   1 147
        1.11785        3.36208   1 148
        1.11785        3.60318   1 149
        1.11785        3.60327   1 150
        1.11785        3.85433   1 151
        1.11785        3.85450   1 152
        1.11785        3.90342   1 153
        1.11785        3.90372   1 154
        1.11785        3.97648   1 155
        1.11785        3.97703   1 156
        1.15713       -0.38307   1   1
        1.15713       -0.37908   1   2
        1.15713       -0.37382   1   3
        1.15713       -0.37043   1   4
        1.15713       -0.34216   1   5
        1.15713       -0.33865   1   6
        1.15713       -0.31360   1   7
        1.15713       -0.31040   1   8
        1.15713       -0.30488   1   9
        1.15713       -0.28888   1  10
        1.15713       -0.25321   1  11
        1.15713       -0.23691   1  12
        1.15713       -0.23635   1  13
        1.15713       -0.23427   1  14
        1.15713       -0.22250   1  15
        1.15713       -0.21091   1  16
        1.15713       -0.20575   1  17
        1.15713       -0.20302   1  18
        1.15713       -0.18771   1  19
        1.15713       -0.18324   1  20
        1.15713       -0.17637   1  21
        1.15713       -0.15879   1  22
        1.15713       -0.15256   1  23
        1.15713       -0.15226   1  24
        1.15713       -0.14046   1  25
        1.15713       -0.13125   1  26
        1.15713       -0.08966   1  27
        1.15713       -0.07960   1  28
        1.15713       -0.07721   1  29
        1.15713       -0.06629   1  30
        1.15713       -0.05858   1  31
        1.15713       -0.04355   1  32
        1.15713       -0.03794   1  33
        1.15713       -0.03205   1  34
        1.15713       -0.02013   1  35
        1.15713       -0.01643   1  36
        1.15713       -0.01448   1  37
        1.15713       -0.00663   1  38
        1.15713       -0.00552   1  39
        1.15713       -0.00516   1  40
        1.15713        0.07085   1  41
        1.15713        0.09908   1  42
        1.15713        0.10884   1  43
        1.15713        0.11280   1  44
        1.15713        0.11495   1  45
        1.15713        0.15986   1  46
        1.15713        0.17937   1  47
        1.15713        0.18312   1  48
        1.15713        0.18971   1  49
        1.15713        0.20259   1  50
        1.15713        0.24353   1  51
        1.15713        0.30683   1  52
        1.15713        0.32968   1  53
        1.15713        0.40846   1  54
        1.15713        0.48646   1  55
        1.15713        0.49673   1  56
        1.15713        0.49811   1  57
        1.15713        0.51737   1  58
        1.15713        0.53578   1  59
        1.15713        0.54245   1  60
        1.15713        0.58756   1  61
        1.15713        0.60696   1  62
        1.15713        0.63235   1  63
        1.15713        0.63256   1  64
        1.15713        0.63586   1  65
        1.15713        0.64280   1  66
        1.15713        0.64599   1  67
        1.15713        0.64685   1  68
        1.15713        0.65318   1  69
        1.15713        0.67218   1  70
        1.15713        0.70577   1  71
        1.15713        0.71608   1  72
        1.15713        0.72638   1  73
        1.15713        0.75933   1  74
        1.15713        0.76492   1  75
        1.15713        0.76634   1  76
        1.15713        0.76875   1  77
        1.15713        0.82336   1  78
        1.15713        0.82941   1  79
        1.15713        0.84289   1  80
        1.15713        0.86383   1  81
        1.15713        0.87780   1  82
        1.15713        0.87788   1  83
        1.15713        0.88257   1  84
        1.15713        0.90940   1  85
        1.15713        0.91444   1  86
        1.15713        0.91983   1  87
        1.15713        0.94267   1  88
        1.15713        1.00123   1  89
        1.15713        1.00726   1  90
        1.15713        1.09996   1  91
        1.15713        1.12510   1  92
        1.15713        1.12786   1  93
        1.15713        1.14506   1  94
        1.15713        1.19711   1  95
        1.15713        1.20658   1  96
        1.15713        1.22527   1  97
        1.15713        1.23785   1  98
        1.15713        1.26522   1  99
        1.15713        1.31436   1 100
        1.15713        1.34518   1 101
        1.15713        1.34857   1 102
        1.15713        1.35166   1 103
        1.15713        1.37318   1 104
        1.15713        1.47155   1 105
        1.15713        1.47529   1 106
        1.15713        1.58429   1 107
        1.15713        1.58690   1 108
        1.15713        1.61809   1 109
        1.15713        1.62566   1 110
        1.15713        1.65127   1 111
        1.15713        1.65499   1 112
        1.15713        1.74374   1 113
        1.15713        1.74461   1 114
        1.15713        1.81653   1 115
        1.15713        1.81802   1 116
        1.15713        1.89534   1 117
        1.15713        1.89564   1 118
        1.15713        1.89756   1 119
        1.15713        1.90315   1 120
        1.15713        1.92268   1 121
        1.15713        1.92325   1 122
        1.15713        2.00013   1 123
        1.15713        2.00034   1 124
        1.15713        2.07793   1 125
        1.15713        2.07794   1 126
        1.15713        2.41113   1 127
        1.15713        2.41158   1 128
        1.15713        2.48781   1 129
        1.15713        2.48878   1 130
        1.15713        2.50094   1 131
        1.15713        2.50482   1 132
        1.15713        2.54796   1 133
        1.15713        2.54817   1 134
        1.15713        2.61979   1 135
        1.15713        2.62000   1 136
        1.15713        2.64646   1 137
        1.15713        2.64703   1 138
        1.15713        2.76432   1 139
        1.15713        2.76503   1 140
        1.15713        2.87145   1 141
        1.15713        2.87208   1 142
        1.15713        2.87457   1 143
        1.15713        2.87625   1 144
        1.15713        3.16072   1 145
        1.15713        3.18822   1 146
        1.15713        3.34277   1 147
        1.15713        3.34300   1 148
        1.15713        3.59701   1 149
        1.15713        3.59704   1 150
        1.15713        3.77069   1 151
        1.15713        3.77084   1 152
        1.15713        3.83568   1 153
        1.15713        3.83620   1 154
        1.15713        3.90874   1 155
        1.15713        3.91035   1 156
        1.19642       -0.37882   1   1
        1.19642       -0.37439   1   2
        1.19642       -0.36483   1   3
        1.19642       -0.36134   1   4
        1.19642       -0.34580   1   5
        1.19642       -0.34188   1   6
        1.19642       -0.31189   1   7
        1.19642       -0.30541   1   8
        1.19642       -0.30217   1   9
        1.19642       -0.29821   1  10
        1.19642       -0.25506   1  11
        1.19642       -0.23916   1  12
        1.19642       -0.22976   1  13
        1.19642       -0.22763   1  14
        1.19642       -0.22621   1  15
        1.19642       -0.20865   1  16
        1.19642       -0.20378   1  17
        1.19642       -0.19888   1  18
        1.19642       -0.18608   1  19
        1.19642       -0.18515   1  20
        1.19642       -0.17612   1  21
        1.19642       -0.15861   1  22
        1.19642       -0.15088   1  23
        1.19642       -0.15058   1  24
        1.19642       -0.14820   1  25
        1.19642       -0.13559   1  26
        1.19642       -0.09031   1  27
        1.19642       -0.08381   1  28
        1.19642       -0.08141   1  29
        1.19642       -0.07292   1  30
        1.19642       -0.06751   1  31
        1.19642       -0.04461   1  32
        1.19642       -0.04199   1  33
        1.19642       -0.03292   1  34
        1.19642       -0.02338   1  35
        1.19642       -0.01625   1  36
        1.19642       -0.01372   1  37
        1.19642       -0.00757   1  38
        1.19642       -0.00636   1  39
        1.19642       -0.00201   1  40
        1.19642        0.04693   1  41
        1.19642        0.09457   1  42
        1.19642        0.09892   1  43
        1.19642        0.10201   1  44
        1.19642        0.10515   1  45
        1.19642        0.15048   1  46
        1.19642        0.17944   1  47
        1.19642        0.18373   1  48
        1.19642        0.19144   1  49
        1.19642        0.20178   1  50
        1.19642        0.26407   1  51
        1.19642        0.27560   1  52
        1.19642        0.36339   1  53
        1.19642        0.37430   1  54
        1.19642        0.47016   1  55
        1.19642        0.48627   1  56
        1.19642        0.48688   1  57
        1.19642        0.53595   1  58
        1.19642        0.53705   1  59
        1.19642        0.53815   1  60
        1.19642        0.60537   1  61
        1.19642        0.60996   1  62
        1.19642        0.62273   1  63
        1.19642        0.62343   1  64
        1.19642        0.62726   1  65
        1.19642        0.64372   1  66
        1.19642        0.64434   1  67
        1.19642        0.65931   1  68
        1.19642        0.66622   1  69
        1.19642        0.67497   1  70
        1.19642        0.71203   1  71
        1.19642        0.73148   1  72
        1.19642        0.74038   1  73
        1.19642        0.76607   1  74
        1.19642        0.76625   1  75
        1.19642        0.76890   1  76
        1.19642        0.81855   1  77
        1.19642        0.84238   1  78
        1.19642        0.84271   1  79
        1.19642        0.87140   1  80
        1.19642        0.87567   1  81
        1.19642        0.87572   1  82
        1.19642        0.89757   1  83
        1.19642        0.91023   1  84
        1.19642        0.92170   1  85
        1.19642        0.93927   1  86
        1.19642        0.94340   1  87
        1.19642        0.97025   1  88
        1.19642        1.02529   1  89
        1.19642        1.02882   1  90
        1.19642        1.12845   1  91
        1.19642        1.14549   1  92
        1.19642        1.15729   1  93
        1.19642        1.17988   1  94
        1.19642        1.20158   1  95
        1.19642        1.21738   1  96
        1.19642        1.22863   1  97
        1.19642        1.25120   1  98
        1.19642        1.26624   1  99
        1.19642        1.32469   1 100
        1.19642        1.34065   1 101
        1.19642        1.34884   1 102
        1.19642        1.35376   1 103
        1.19642        1.37616   1 104
        1.19642        1.53092   1 105
        1.19642        1.53393   1 106
        1.19642        1.58803   1 107
        1.19642        1.58972   1 108
        1.19642        1.61859   1 109
        1.19642        1.63014   1 110
        1.19642        1.64474   1 111
        1.19642        1.64877   1 112
        1.19642        1.76324   1 113
        1.19642        1.76432   1 114
        1.19642        1.80967   1 115
        1.19642        1.80994   1 116
        1.19642        1.81038   1 117
        1.19642        1.81126   1 118
        1.19642        1.91940   1 119
        1.19642        1.92533   1 120
        1.19642        1.93781   1 121
        1.19642        1.93786   1 122
        1.19642        1.95114   1 123
        1.19642        1.95182   1 124
        1.19642        2.01841   1 125
        1.19642        2.01843   1 126
        1.19642        2.32303   1 127
        1.19642        2.32331   1 128
        1.19642        2.40396   1 129
        1.19642        2.40870   1 130
        1.19642        2.50422   1 131
        1.19642        2.50451   1 132
        1.19642        2.55040   1 133
        1.19642        2.55042   1 134
        1.19642        2.58439   1 135
        1.19642        2.58519   1 136
        1.19642        2.64224   1 137
        1.19642        2.64242   1 138
        1.19642        2.75670   1 139
        1.19642        2.75754   1 140
        1.19642        2.78820   1 141
        1.19642        2.79027   1 142
        1.19642        2.86177   1 143
        1.19642        2.86234   1 144
        1.19642        3.16540   1 145
        1.19642        3.19318   1 146
        1.19642        3.31651   1 147
        1.19642        3.31677   1 148
        1.19642        3.57280   1 149
        1.19642        3.57313   1 150
        1.19642        3.69024   1 151
        1.19642        3.69068   1 152
        1.19642        3.76301   1 153
        1.19642        3.76353   1 154
        1.19642        3.85757   1 155
        1.19642        3.85942   1 156
        1.23570       -0.37382   1   1
        1.23570       -0.36894   1   2
        1.23570       -0.35409   1   3
        1.23570       -0.35046   1   4
        1.23570       -0.34862   1   5
        1.23570       -0.34347   1   6
        1.23570       -0.31799   1   7
        1.23570       -0.30647   1   8
        1.23570       -0.29563   1   9
        1.23570       -0.29235   1  10
        1.23570       -0.25923   1  11
        1.23570       -0.24361   1  12
        1.23570       -0.23450   1  13
        1.23570       -0.22190   1  14
        1.23570       -0.21972   1  15
        1.23570       -0.20645   1  16
        1.23570       -0.20170   1  17
        1.23570       -0.19593   1  18
        1.23570       -0.18846   1  19
        1.23570       -0.18169   1  20
        1.23570       -0.17521   1  21
        1.23570       -0.16936   1  22
        1.23570       -0.15839   1  23
        1.23570       -0.14853   1  24
        1.23570       -0.14823   1  25
        1.23570       -0.13371   1  26
        1.23570       -0.10064   1  27
        1.23570       -0.08932   1  28
        1.23570       -0.07986   1  29
        1.23570       -0.07479   1  30
        1.23570       -0.07191   1  31
        1.23570       -0.04730   1  32
        1.23570       -0.04439   1  33
        1.23570       -0.03659   1  34
        1.23570       -0.03033   1  35
        1.23570       -0.01620   1  36
        1.23570       -0.01296   1  37
        1.23570       -0.00848   1  38
        1.23570       -0.00624   1  39
        1.23570        0.00070   1  40
        1.23570        0.03148   1  41
        1.23570        0.08606   1  42
        1.23570        0.09012   1  43
        1.23570        0.09414   1  44
        1.23570        0.10136   1  45
        1.23570        0.14361   1  46
        1.23570        0.18081   1  47
        1.23570        0.18385   1  48
        1.23570        0.19275   1  49
        1.23570        0.20167   1  50
        1.23570        0.22392   1  51
        1.23570        0.31129   1  52
        1.23570        0.34189   1  53
        1.23570        0.39859   1  54
        1.23570        0.44322   1  55
        1.23570        0.47045   1  56
        1.23570        0.47105   1  57
        1.23570        0.51781   1  58
        1.23570        0.54519   1  59
        1.23570        0.55907   1  60
        1.23570        0.59490   1  61
        1.23570        0.60361   1  62
        1.23570        0.62536   1  63
        1.23570        0.62576   1  64
        1.23570        0.62717   1  65
        1.23570        0.64813   1  66
        1.23570        0.65248   1  67
        1.23570        0.67476   1  68
        1.23570        0.68118   1  69
        1.23570        0.68476   1  70
        1.23570        0.70893   1  71
        1.23570        0.75522   1  72
        1.23570        0.75914   1  73
        1.23570        0.76505   1  74
        1.23570        0.76533   1  75
        1.23570        0.76715   1  76
        1.23570        0.85968   1  77
        1.23570        0.86219   1  78
        1.23570        0.87413   1  79
        1.23570        0.87426   1  80
        1.23570        0.88097   1  81
        1.23570        0.89152   1  82
        1.23570        0.92635   1  83
        1.23570        0.93094   1  84
        1.23570        0.94576   1  85
        1.23570        0.97409   1  86
        1.23570        0.98360   1  87
        1.23570        1.00972   1  88
        1.23570        1.04199   1  89
        1.23570        1.04592   1  90
        1.23570        1.14713   1  91
        1.23570        1.16754   1  92
        1.23570        1.19044   1  93
        1.23570        1.20337   1  94
        1.23570        1.20447   1  95
        1.23570        1.22654   1  96
        1.23570        1.23141   1  97
        1.23570        1.27664   1  98
        1.23570        1.29344   1  99
        1.23570        1.33654   1 100
        1.23570        1.34710   1 101
        1.23570        1.34786   1 102
        1.23570        1.36259   1 103
        1.23570        1.38482   1 104
        1.23570        1.55898   1 105
        1.23570        1.56115   1 106
        1.23570        1.58049   1 107
        1.23570        1.58604   1 108
        1.23570        1.63043   1 109
        1.23570        1.63504   1 110
        1.23570        1.64170   1 111
        1.23570        1.65388   1 112
        1.23570        1.72967   1 113
        1.23570        1.73050   1 114
        1.23570        1.78215   1 115
        1.23570        1.78361   1 116
        1.23570        1.81347   1 117
        1.23570        1.81479   1 118
        1.23570        1.88831   1 119
        1.23570        1.88855   1 120
        1.23570        1.93259   1 121
        1.23570        1.93904   1 122
        1.23570        1.95591   1 123
        1.23570        1.95591   1 124
        1.23570        1.97710   1 125
        1.23570        1.97790   1 126
        1.23570        2.25213   1 127
        1.23570        2.25317   1 128
        1.23570        2.33374   1 129
        1.23570        2.33836   1 130
        1.23570        2.51481   1 131
        1.23570        2.51504   1 132
        1.23570        2.53611   1 133
        1.23570        2.53731   1 134
        1.23570        2.57301   1 135
        1.23570        2.57327   1 136
        1.23570        2.65825   1 137
        1.23570        2.65849   1 138
        1.23570        2.71806   1 139
        1.23570        2.71873   1 140
        1.23570        2.72473   1 141
        1.23570        2.72690   1 142
        1.23570        2.85448   1 143
        1.23570        2.85539   1 144
        1.23570        3.16025   1 145
        1.23570        3.18792   1 146
        1.23570        3.29314   1 147
        1.23570        3.29327   1 148
        1.23570        3.53534   1 149
        1.23570        3.53624   1 150
        1.23570        3.63175   1 151
        1.23570        3.63304   1 152
        1.23570        3.69957   1 153
        1.23570        3.69995   1 154
        1.23570        3.84959   1 155
        1.23570        3.85093   1 156
        1.27499       -0.36861   1   1
        1.27499       -0.36341   1   2
        1.27499       -0.35195   1   3
        1.27499       -0.34379   1   4
        1.27499       -0.34172   1   5
        1.27499       -0.33792   1   6
        1.27499       -0.32109   1   7
        1.27499       -0.31242   1   8
        1.27499       -0.28444   1   9
        1.27499       -0.28110   1  10
        1.27499       -0.26763   1  11
        1.27499       -0.24903   1  12
        1.27499       -0.24367   1  13
        1.27499       -0.21301   1  14
        1.27499       -0.21071   1  15
        1.27499       -0.20380   1  16
        1.27499       -0.20244   1  17
        1.27499       -0.19909   1  18
        1.27499       -0.19289   1  19
        1.27499       -0.18403   1  20
        1.27499       -0.17720   1  21
        1.27499       -0.17476   1  22
        1.27499       -0.15808   1  23
        1.27499       -0.14586   1  24
        1.27499       -0.14550   1  25
        1.27499       -0.13511   1  26
        1.27499       -0.10944   1  27
        1.27499       -0.09276   1  28
        1.27499       -0.08546   1  29
        1.27499       -0.08031   1  30
        1.27499       -0.06238   1  31
        1.27499       -0.05339   1  32
        1.27499       -0.04904   1  33
        1.27499       -0.04075   1  34
        1.27499       -0.03780   1  35
        1.27499       -0.01662   1  36
        1.27499       -0.01168   1  37
        1.27499       -0.00632   1  38
        1.27499       -0.00409   1  39
        1.27499        0.00258   1  40
        1.27499        0.02428   1  41
        1.27499        0.07643   1  42
        1.27499        0.08189   1  43
        1.27499        0.09432   1  44
        1.27499        0.09928   1  45
        1.27499        0.13866   1  46
        1.27499        0.18239   1  47
        1.27499        0.18333   1  48
        1.27499        0.18759   1  49
        1.27499        0.19328   1  50
        1.27499        0.20171   1  51
        1.27499        0.31178   1  52
        1.27499        0.34896   1  53
        1.27499        0.41110   1  54
        1.27499        0.43516   1  55
        1.27499        0.44926   1  56
        1.27499        0.44999   1  57
        1.27499        0.48907   1  58
        1.27499        0.55272   1  59
        1.27499        0.57400   1  60
        1.27499        0.58131   1  61
        1.27499        0.58538   1  62
        1.27499        0.62968   1  63
        1.27499        0.63047   1  64
        1.27499        0.65154   1  65
        1.27499        0.65239   1  66
        1.27499        0.66896   1  67
        1.27499        0.69102   1  68
        1.27499        0.69672   1  69
        1.27499        0.70239   1  70
        1.27499        0.70447   1  71
        1.27499        0.75488   1  72
        1.27499        0.76101   1  73
        1.27499        0.76229   1  74
        1.27499        0.78195   1  75
        1.27499        0.78912   1  76
        1.27499        0.87351   1  77
        1.27499        0.87357   1  78
        1.27499        0.88187   1  79
        1.27499        0.88503   1  80
        1.27499        0.89300   1  81
        1.27499        0.93210   1  82
        1.27499        0.94225   1  83
        1.27499        0.96003   1  84
        1.27499        0.98546   1  85
        1.27499        1.01604   1  86
        1.27499        1.02448   1  87
        1.27499        1.04891   1  88
        1.27499        1.05281   1  89
        1.27499        1.07023   1  90
        1.27499        1.16618   1  91
        1.27499        1.19608   1  92
        1.27499        1.20561   1  93
        1.27499        1.22192   1  94
        1.27499        1.23028   1  95
        1.27499        1.23038   1  96
        1.27499        1.24792   1  97
        1.27499        1.30053   1  98
        1.27499        1.33418   1  99
        1.27499        1.34335   1 100
        1.27499        1.34912   1 101
        1.27499        1.37807   1 102
        1.27499        1.37894   1 103
        1.27499        1.41344   1 104
        1.27499        1.54105   1 105
        1.27499        1.54313   1 106
        1.27499        1.60169   1 107
        1.27499        1.60468   1 108
        1.27499        1.60958   1 109
        1.27499        1.61167   1 110
        1.27499        1.65685   1 111
        1.27499        1.65875   1 112
        1.27499        1.66835   1 113
        1.27499        1.68112   1 114
        1.27499        1.79697   1 115
        1.27499        1.79884   1 116
        1.27499        1.82581   1 117
        1.27499        1.82661   1 118
        1.27499        1.85541   1 119
        1.27499        1.85619   1 120
        1.27499        1.89712   1 121
        1.27499        1.89717   1 122
        1.27499        1.93832   1 123
        1.27499        1.94547   1 124
        1.27499        1.99882   1 125
        1.27499        1.99979   1 126
        1.27499        2.19976   1 127
        1.27499        2.20238   1 128
        1.27499        2.29984   1 129
        1.27499        2.30340   1 130
        1.27499        2.50326   1 131
        1.27499        2.50487   1 132
        1.27499        2.54293   1 133
        1.27499        2.54331   1 134
        1.27499        2.60643   1 135
        1.27499        2.60649   1 136
        1.27499        2.65201   1 137
        1.27499        2.65246   1 138
        1.27499        2.66561   1 139
        1.27499        2.66737   1 140
        1.27499        2.70228   1 141
        1.27499        2.70246   1 142
        1.27499        2.85375   1 143
        1.27499        2.85483   1 144
        1.27499        3.14496   1 145
        1.27499        3.17176   1 146
        1.27499        3.28377   1 147
        1.27499        3.28380   1 148
        1.27499        3.49310   1 149
        1.27499        3.49475   1 150
        1.27499        3.59369   1 151
        1.27499        3.59602   1 152
        1.27499        3.66067   1 153
        1.27499        3.66097   1 154
        1.27499        3.84854   1 155
        1.27499        3.84958   1 156
        1.31427       -0.36436   1   1
        1.31427       -0.35863   1   2
        1.31427       -0.35726   1   3
        1.31427       -0.34521   1   4
        1.31427       -0.32798   1   5
        1.31427       -0.32398   1   6
        1.31427       -0.31940   1   7
        1.31427       -0.31361   1   8
        1.31427       -0.28070   1   9
        1.31427       -0.27200   1  10
        1.31427       -0.26861   1  11
        1.31427       -0.25433   1  12
        1.31427       -0.24944   1  13
        1.31427       -0.22354   1  14
        1.31427       -0.20398   1  15
        1.31427       -0.20131   1  16
        1.31427       -0.20077   1  17
        1.31427       -0.19792   1  18
        1.31427       -0.19577   1  19
        1.31427       -0.18433   1  20
        1.31427       -0.17707   1  21
        1.31427       -0.17396   1  22
        1.31427       -0.15766   1  23
        1.31427       -0.14369   1  24
        1.31427       -0.14251   1  25
        1.31427       -0.13644   1  26
        1.31427       -0.11600   1  27
        1.31427       -0.09623   1  28
        1.31427       -0.08626   1  29
        1.31427       -0.08393   1  30
        1.31427       -0.06533   1  31
        1.31427       -0.06025   1  32
        1.31427       -0.04915   1  33
        1.31427       -0.04395   1  34
        1.31427       -0.04165   1  35
        1.31427       -0.01749   1  36
        1.31427       -0.00982   1  37
        1.31427       -0.00268   1  38
        1.31427        0.00131   1  39
        1.31427        0.00357   1  40
        1.31427        0.02157   1  41
        1.31427        0.07112   1  42
        1.31427        0.07680   1  43
        1.31427        0.09322   1  44
        1.31427        0.10076   1  45
        1.31427        0.13530   1  46
        1.31427        0.15292   1  47
        1.31427        0.18227   1  48
        1.31427        0.18621   1  49
        1.31427        0.19294   1  50
        1.31427        0.20180   1  51
        1.31427        0.28422   1  52
        1.31427        0.37752   1  53
        1.31427        0.38801   1  54
        1.31427        0.42417   1  55
        1.31427        0.42505   1  56
        1.31427        0.45646   1  57
        1.31427        0.47295   1  58
        1.31427        0.54826   1  59
        1.31427        0.55928   1  60
        1.31427        0.56443   1  61
        1.31427        0.61495   1  62
        1.31427        0.63109   1  63
        1.31427        0.63751   1  64
        1.31427        0.65395   1  65
        1.31427        0.68048   1  66
        1.31427        0.68942   1  67
        1.31427        0.70048   1  68
        1.31427        0.70791   1  69
        1.31427        0.71234   1  70
        1.31427        0.72445   1  71
        1.31427        0.74796   1  72
        1.31427        0.75294   1  73
        1.31427        0.75376   1  74
        1.31427        0.80745   1  75
        1.31427        0.81499   1  76
        1.31427        0.87471   1  77
        1.31427        0.87480   1  78
        1.31427        0.90468   1  79
        1.31427        0.90821   1  80
        1.31427        0.90885   1  81
        1.31427        0.95565   1  82
        1.31427        0.95674   1  83
        1.31427        0.97851   1  84
        1.31427        1.02956   1  85
        1.31427        1.03523   1  86
        1.31427        1.05537   1  87
        1.31427        1.06291   1  88
        1.31427        1.07832   1  89
        1.31427        1.14802   1  90
        1.31427        1.18877   1  91
        1.31427        1.20642   1  92
        1.31427        1.22848   1  93
        1.31427        1.22977   1  94
        1.31427        1.25217   1  95
        1.31427        1.26420   1  96
        1.31427        1.28766   1  97
        1.31427        1.31922   1  98
        1.31427        1.33463   1  99
        1.31427        1.35245   1 100
        1.31427        1.39108   1 101
        1.31427        1.41200   1 102
        1.31427        1.41676   1 103
        1.31427        1.45964   1 104
        1.31427        1.51162   1 105
        1.31427        1.51588   1 106
        1.31427        1.56796   1 107
        1.31427        1.57058   1 108
        1.31427        1.59822   1 109
        1.31427        1.60434   1 110
        1.31427        1.62430   1 111
        1.31427        1.63866   1 112
        1.31427        1.68683   1 113
        1.31427        1.70035   1 114
        1.31427        1.80515   1 115
        1.31427        1.80710   1 116
        1.31427        1.83133   1 117
        1.31427        1.83207   1 118
        1.31427        1.84352   1 119
        1.31427        1.84428   1 120
        1.31427        1.85531   1 121
        1.31427        1.85623   1 122
        1.31427        1.93866   1 123
        1.31427        1.94681   1 124
        1.31427        2.01204   1 125
        1.31427        2.01311   1 126
        1.31427        2.15838   1 127
        1.31427        2.16207   1 128
        1.31427        2.29908   1 129
        1.31427        2.30192   1 130
        1.31427        2.47125   1 131
        1.31427        2.47346   1 132
        1.31427        2.58253   1 133
        1.31427        2.58333   1 134
        1.31427        2.61932   1 135
        1.31427        2.62004   1 136
        1.31427        2.62628   1 137
        1.31427        2.62743   1 138
        1.31427        2.65734   1 139
        1.31427        2.65801   1 140
        1.31427        2.72462   1 141
        1.31427        2.72497   1 142
        1.31427        2.87011   1 143
        1.31427        2.87110   1 144
        1.31427        3.13047   1 145
        1.31427        3.15578   1 146
        1.31427        3.27047   1 147
        1.31427        3.27063   1 148
        1.31427        3.45043   1 149
        1.31427        3.45260   1 150
        1.31427        3.57339   1 151
        1.31427        3.57657   1 152
        1.31427        3.64012   1 153
        1.31427        3.64080   1 154
        1.31427        3.83171   1 155
        1.31427        3.83257   1 156
        1.35355       -0.37005   1   1
        1.35355       -0.35699   1   2
        1.35355       -0.35686   1   3
        1.35355       -0.34841   1   4
        1.35355       -0.31509   1   5
        1.35355       -0.31314   1   6
        1.35355       -0.30892   1   7
        1.35355       -0.30876   1   8
        1.35355       -0.29374   1   9
        1.35355       -0.26090   1  10
        1.35355       -0.25857   1  11
        1.35355       -0.25511   1  12
        1.35355       -0.25100   1  13
        1.35355       -0.24098   1  14
        1.35355       -0.20660   1  15
        1.35355       -0.19985   1  16
        1.35355       -0.19195   1  17
        1.35355       -0.19178   1  18
        1.35355       -0.19019   1  19
        1.35355       -0.18305   1  20
        1.35355       -0.18154   1  21
        1.35355       -0.17429   1  22
        1.35355       -0.15719   1  23
        1.35355       -0.14165   1  24
        1.35355       -0.13940   1  25
        1.35355       -0.13479   1  26
        1.35355       -0.12028   1  27
        1.35355       -0.09829   1  28
        1.35355       -0.08804   1  29
        1.35355       -0.08231   1  30
        1.35355       -0.08075   1  31
        1.35355       -0.06742   1  32
        1.35355       -0.04744   1  33
        1.35355       -0.04544   1  34
        1.35355       -0.03886   1  35
        1.35355       -0.01891   1  36
        1.35355       -0.00756   1  37
        1.35355        0.00118   1  38
        1.35355        0.00376   1  39
        1.35355        0.00943   1  40
        1.35355        0.02036   1  41
        1.35355        0.06834   1  42
        1.35355        0.07631   1  43
        1.35355        0.09101   1  44
        1.35355        0.10397   1  45
        1.35355        0.12265   1  46
        1.35355        0.13349   1  47
        1.35355        0.18049   1  48
        1.35355        0.18971   1  49
        1.35355        0.19186   1  50
        1.35355        0.20216   1  51
        1.35355        0.25942   1  52
        1.35355        0.34443   1  53
        1.35355        0.39650   1  54
        1.35355        0.39765   1  55
        1.35355        0.42321   1  56
        1.35355        0.43002   1  57
        1.35355        0.51171   1  58
        1.35355        0.52802   1  59
        1.35355        0.53877   1  60
        1.35355        0.57475   1  61
        1.35355        0.62676   1  62
        1.35355        0.64172   1  63
        1.35355        0.64705   1  64
        1.35355        0.65599   1  65
        1.35355        0.69840   1  66
        1.35355        0.71170   1  67
        1.35355        0.71318   1  68
        1.35355        0.72334   1  69
        1.35355        0.72558   1  70
        1.35355        0.73778   1  71
        1.35355        0.74144   1  72
        1.35355        0.74222   1  73
        1.35355        0.75255   1  74
        1.35355        0.82706   1  75
        1.35355        0.83635   1  76
        1.35355        0.87882   1  77
        1.35355        0.87893   1  78
        1.35355        0.92627   1  79
        1.35355        0.92748   1  80
        1.35355        0.93201   1  81
        1.35355        0.97225   1  82
        1.35355        0.98049   1  83
        1.35355        0.99820   1  84
        1.35355        1.04309   1  85
        1.35355        1.04728   1  86
        1.35355        1.06241   1  87
        1.35355        1.06745   1  88
        1.35355        1.15548   1  89
        1.35355        1.20579   1  90
        1.35355        1.21307   1  91
        1.35355        1.22109   1  92
        1.35355        1.22665   1  93
        1.35355        1.26402   1  94
        1.35355        1.29921   1  95
        1.35355        1.31288   1  96
        1.35355        1.33252   1  97
        1.35355        1.33475   1  98
        1.35355        1.34358   1  99
        1.35355        1.35498   1 100
        1.35355        1.42090   1 101
        1.35355        1.44809   1 102
        1.35355        1.46663   1 103
        1.35355        1.48381   1 104
        1.35355        1.49510   1 105
        1.35355        1.51463   1 106
        1.35355        1.51896   1 107
        1.35355        1.51957   1 108
        1.35355        1.56445   1 109
        1.35355        1.57667   1 110
        1.35355        1.63826   1 111
        1.35355        1.65923   1 112
        1.35355        1.69499   1 113
        1.35355        1.70659   1 114
        1.35355        1.79058   1 115
        1.35355        1.79099   1 116
        1.35355        1.80409   1 117
        1.35355        1.80652   1 118
        1.35355        1.85448   1 119
        1.35355        1.85596   1 120
        1.35355        1.85675   1 121
        1.35355        1.85717   1 122
        1.35355        1.93581   1 123
        1.35355        1.94499   1 124
        1.35355        2.01441   1 125
        1.35355        2.01561   1 126
        1.35355        2.13106   1 127
        1.35355        2.13527   1 128
        1.35355        2.32106   1 129
        1.35355        2.32367   1 130
        1.35355        2.43020   1 131
        1.35355        2.43310   1 132
        1.35355        2.58706   1 133
        1.35355        2.58725   1 134
        1.35355        2.60333   1 135
        1.35355        2.60454   1 136
        1.35355        2.62803   1 137
        1.35355        2.62906   1 138
        1.35355        2.70312   1 139
        1.35355        2.70336   1 140
        1.35355        2.76241   1 141
        1.35355        2.76260   1 142
        1.35355        2.90989   1 143
        1.35355        2.91077   1 144
        1.35355        3.12070   1 145
        1.35355        3.14460   1 146
        1.35355        3.25069   1 147
        1.35355        3.25121   1 148
        1.35355        3.42093   1 149
        1.35355        3.42303   1 150
        1.35355        3.59413   1 151
        1.35355        3.59758   1 152
        1.35355        3.63589   1 153
        1.35355        3.63735   1 154
        1.35355        3.84227   1 155
        1.35355        3.84301   1 156
        1.39284       -0.38363   1   1
        1.39284       -0.36475   1   2
        1.39284       -0.35340   1   3
        1.39284       -0.34681   1   4
        1.39284       -0.31775   1   5
        1.39284       -0.30222   1   6
        1.39284       -0.29749   1   7
        1.39284       -0.29499   1   8
        1.39284       -0.29291   1   9
        1.39284       -0.27166   1  10
        1.39284       -0.24836   1  11
        1.39284       -0.24459   1  12
        1.39284       -0.24440   1  13
        1.39284       -0.24091   1  14
        1.39284       -0.21411   1  15
        1.39284       -0.20018   1  16
        1.39284       -0.19253   1  17
        1.39284       -0.18382   1  18
        1.39284       -0.18231   1  19
        1.39284       -0.18095   1  20
        1.39284       -0.17910   1  21
        1.39284       -0.17546   1  22
        1.39284       -0.15671   1  23
        1.39284       -0.13822   1  24
        1.39284       -0.13643   1  25
        1.39284       -0.13154   1  26
        1.39284       -0.12254   1  27
        1.39284       -0.09843   1  28
        1.39284       -0.09681   1  29
        1.39284       -0.08985   1  30
        1.39284       -0.07877   1  31
        1.39284       -0.07459   1  32
        1.39284       -0.05256   1  33
        1.39284       -0.04828   1  34
        1.39284       -0.02785   1  35
        1.39284       -0.02083   1  36
        1.39284       -0.00493   1  37
        1.39284        0.00324   1  38
        1.39284        0.00525   1  39
        1.39284        0.01801   1  40
        1.39284        0.02081   1  41
        1.39284        0.06704   1  42
        1.39284        0.07883   1  43
        1.39284        0.08876   1  44
        1.39284        0.09653   1  45
        1.39284        0.10723   1  46
        1.39284        0.13324   1  47
        1.39284        0.17803   1  48
        1.39284        0.19024   1  49
        1.39284        0.19354   1  50
        1.39284        0.20285   1  51
        1.39284        0.23761   1  52
        1.39284        0.31304   1  53
        1.39284        0.36689   1  54
        1.39284        0.36876   1  55
        1.39284        0.39097   1  56
        1.39284        0.47410   1  57
        1.39284        0.50677   1  58
        1.39284        0.51927   1  59
        1.39284        0.55117   1  60
        1.39284        0.58473   1  61
        1.39284        0.62042   1  62
        1.39284        0.63446   1  63
        1.39284        0.66434   1  64
        1.39284        0.67965   1  65
        1.39284        0.70158   1  66
        1.39284        0.72147   1  67
        1.39284        0.72459   1  68
        1.39284        0.73610   1  69
        1.39284        0.73671   1  70
        1.39284        0.73884   1  71
        1.39284        0.73891   1  72
        1.39284        0.74683   1  73
        1.39284        0.77487   1  74
        1.39284        0.83684   1  75
        1.39284        0.84999   1  76
        1.39284        0.88620   1  77
        1.39284        0.88628   1  78
        1.39284        0.94633   1  79
        1.39284        0.95307   1  80
        1.39284        0.95799   1  81
        1.39284        0.99006   1  82
        1.39284        1.00337   1  83
        1.39284        1.01577   1  84
        1.39284        1.06064   1  85
        1.39284        1.06671   1  86
        1.39284        1.07494   1  87
        1.39284        1.07903   1  88
        1.39284        1.18644   1  89
        1.39284        1.20577   1  90
        1.39284        1.22533   1  91
        1.39284        1.23666   1  92
        1.39284        1.28015   1  93
        1.39284        1.33117   1  94
        1.39284        1.34131   1  95
        1.39284        1.35338   1  96
        1.39284        1.35580   1  97
        1.39284        1.36767   1  98
        1.39284        1.37015   1  99
        1.39284        1.37634   1 100
        1.39284        1.42803   1 101
        1.39284        1.43341   1 102
        1.39284        1.46994   1 103
        1.39284        1.47026   1 104
        1.39284        1.48724   1 105
        1.39284        1.52137   1 106
        1.39284        1.53321   1 107
        1.39284        1.55076   1 108
        1.39284        1.55955   1 109
        1.39284        1.57121   1 110
        1.39284        1.63667   1 111
        1.39284        1.66532   1 112
        1.39284        1.70013   1 113
        1.39284        1.70800   1 114
        1.39284        1.75452   1 115
        1.39284        1.75528   1 116
        1.39284        1.79593   1 117
        1.39284        1.79896   1 118
        1.39284        1.85766   1 119
        1.39284        1.85896   1 120
        1.39284        1.86879   1 121
        1.39284        1.87250   1 122
        1.39284        1.92871   1 123
        1.39284        1.93892   1 124
        1.39284        2.00544   1 125
        1.39284        2.00687   1 126
        1.39284        2.12243   1 127
        1.39284        2.12700   1 128
        1.39284        2.36178   1 129
        1.39284        2.36421   1 130
        1.39284        2.39153   1 131
        1.39284        2.39494   1 132
        1.39284        2.56096   1 133
        1.39284        2.56137   1 134
        1.39284        2.59970   1 135
        1.39284        2.60219   1 136
        1.39284        2.61672   1 137
        1.39284        2.61676   1 138
        1.39284        2.76540   1 139
        1.39284        2.76565   1 140
        1.39284        2.81811   1 141
        1.39284        2.81815   1 142
        1.39284        2.96763   1 143
        1.39284        2.96844   1 144
        1.39284        3.09952   1 145
        1.39284        3.12229   1 146
        1.39284        3.24194   1 147
        1.39284        3.24271   1 148
        1.39284        3.40798   1 149
        1.39284        3.40975   1 150
        1.39284        3.66598   1 151
        1.39284        3.66737   1 152
        1.39284        3.68323   1 153
        1.39284        3.68735   1 154
        1.39284        3.89696   1 155
        1.39284        3.89738   1 156
        1.43212       -0.39985   1   1
        1.43212       -0.37742   1   2
        1.43212       -0.35311   1   3
        1.43212       -0.34475   1   4
        1.43212       -0.32319   1   5
        1.43212       -0.30213   1   6
        1.43212       -0.28638   1   7
        1.43212       -0.28145   1   8
        1.43212       -0.27658   1   9
        1.43212       -0.27394   1  10
        1.43212       -0.24146   1  11
        1.43212       -0.23850   1  12
        1.43212       -0.23001   1  13
        1.43212       -0.22647   1  14
        1.43212       -0.22173   1  15
        1.43212       -0.20397   1  16
        1.43212       -0.19759   1  17
        1.43212       -0.18363   1  18
        1.43212       -0.18184   1  19
        1.43212       -0.17185   1  20
        1.43212       -0.16982   1  21
        1.43212       -0.16795   1  22
        1.43212       -0.15620   1  23
        1.43212       -0.13509   1  24
        1.43212       -0.13399   1  25
        1.43212       -0.12715   1  26
        1.43212       -0.12309   1  27
        1.43212       -0.11156   1  28
        1.43212       -0.09745   1  29
        1.43212       -0.09099   1  30
        1.43212       -0.08172   1  31
        1.43212       -0.07502   1  32
        1.43212       -0.06059   1  33
        1.43212       -0.04868   1  34
        1.43212       -0.02316   1  35
        1.43212       -0.01644   1  36
        1.43212       -0.00191   1  37
        1.43212        0.00224   1  38
        1.43212        0.00908   1  39
        1.43212        0.01956   1  40
        1.43212        0.02973   1  41
        1.43212        0.06673   1  42
        1.43212        0.07464   1  43
        1.43212        0.08144   1  44
        1.43212        0.08661   1  45
        1.43212        0.11077   1  46
        1.43212        0.13432   1  47
        1.43212        0.17502   1  48
        1.43212        0.18835   1  49
        1.43212        0.19714   1  50
        1.43212        0.20407   1  51
        1.43212        0.21915   1  52
        1.43212        0.28401   1  53
        1.43212        0.33608   1  54
        1.43212        0.33936   1  55
        1.43212        0.36113   1  56
        1.43212        0.48629   1  57
        1.43212        0.50134   1  58
        1.43212        0.51719   1  59
        1.43212        0.57928   1  60
        1.43212        0.59093   1  61
        1.43212        0.61855   1  62
        1.43212        0.62482   1  63
        1.43212        0.67654   1  64
        1.43212        0.69616   1  65
        1.43212        0.70400   1  66
        1.43212        0.70614   1  67
        1.43212        0.72198   1  68
        1.43212        0.73785   1  69
        1.43212        0.74336   1  70
        1.43212        0.75145   1  71
        1.43212        0.75809   1  72
        1.43212        0.78285   1  73
        1.43212        0.79117   1  74
        1.43212        0.83960   1  75
        1.43212        0.86081   1  76
        1.43212        0.89745   1  77
        1.43212        0.89766   1  78
        1.43212        0.96889   1  79
        1.43212        0.97741   1  80
        1.43212        0.98388   1  81
        1.43212        1.00905   1  82
        1.43212        1.02613   1  83
        1.43212        1.03352   1  84
        1.43212        1.07142   1  85
        1.43212        1.07704   1  86
        1.43212        1.10878   1  87
        1.43212        1.11384   1  88
        1.43212        1.19416   1  89
        1.43212        1.20892   1  90
        1.43212        1.22646   1  91
        1.43212        1.23892   1  92
        1.43212        1.32477   1  93
        1.43212        1.34742   1  94
        1.43212        1.34932   1  95
        1.43212        1.36990   1  96
        1.43212        1.38036   1  97
        1.43212        1.40221   1  98
        1.43212        1.41612   1  99
        1.43212        1.42689   1 100
        1.43212        1.42715   1 101
        1.43212        1.42760   1 102
        1.43212        1.43457   1 103
        1.43212        1.46347   1 104
        1.43212        1.53432   1 105
        1.43212        1.55943   1 106
        1.43212        1.56360   1 107
        1.43212        1.58046   1 108
        1.43212        1.58909   1 109
        1.43212        1.59964   1 110
        1.43212        1.61832   1 111
        1.43212        1.65005   1 112
        1.43212        1.70400   1 113
        1.43212        1.71394   1 114
        1.43212        1.73024   1 115
        1.43212        1.73197   1 116
        1.43212        1.78658   1 117
        1.43212        1.78891   1 118
        1.43212        1.85153   1 119
        1.43212        1.85275   1 120
        1.43212        1.88960   1 121
        1.43212        1.89450   1 122
        1.43212        1.91505   1 123
        1.43212        1.92713   1 124
        1.43212        1.98518   1 125
        1.43212        1.98712   1 126
        1.43212        2.13512   1 127
        1.43212        2.13973   1 128
        1.43212        2.35908   1 129
        1.43212        2.36350   1 130
        1.43212        2.42204   1 131
        1.43212        2.42345   1 132
        1.43212        2.55483   1 133
        1.43212        2.55545   1 134
        1.43212        2.55558   1 135
        1.43212        2.55734   1 136
        1.43212        2.60884   1 137
        1.43212        2.60943   1 138
        1.43212        2.83822   1 139
        1.43212        2.83859   1 140
        1.43212        2.90504   1 141
        1.43212        2.90513   1 142
        1.43212        3.03967   1 143
        1.43212        3.04039   1 144
        1.43212        3.06278   1 145
        1.43212        3.08431   1 146
        1.43212        3.23913   1 147
        1.43212        3.24002   1 148
        1.43212        3.40603   1 149
        1.43212        3.40724   1 150
        1.43212        3.76593   1 151
        1.43212        3.76664   1 152
        1.43212        3.77200   1 153
        1.43212        3.77730   1 154
        1.43212        3.96509   1 155
        1.43212        3.96533   1 156
        1.47140       -0.41689   1   1
        1.47140       -0.39179   1   2
        1.47140       -0.35785   1   3
        1.47140       -0.34609   1   4
        1.47140       -0.32296   1   5
        1.47140       -0.30609   1   6
        1.47140       -0.27615   1   7
        1.47140       -0.26570   1   8
        1.47140       -0.26556   1   9
        1.47140       -0.26031   1  10
        1.47140       -0.23202   1  11
        1.47140       -0.22892   1  12
        1.47140       -0.22759   1  13
        1.47140       -0.21567   1  14
        1.47140       -0.21216   1  15
        1.47140       -0.21044   1  16
        1.47140       -0.20192   1  17
        1.47140       -0.18173   1  18
        1.47140       -0.18091   1  19
        1.47140       -0.16466   1  20
        1.47140       -0.15894   1  21
        1.47140       -0.15703   1  22
        1.47140       -0.15557   1  23
        1.47140       -0.13380   1  24
        1.47140       -0.13307   1  25
        1.47140       -0.12408   1  26
        1.47140       -0.12293   1  27
        1.47140       -0.12107   1  28
        1.47140       -0.09628   1  29
        1.47140       -0.09149   1  30
        1.47140       -0.08813   1  31
        1.47140       -0.07218   1  32
        1.47140       -0.06922   1  33
        1.47140       -0.04846   1  34
        1.47140       -0.02578   1  35
        1.47140       -0.00488   1  36
        1.47140        0.00085   1  37
        1.47140        0.00167   1  38
        1.47140        0.01134   1  39
        1.47140        0.02086   1  40
        1.47140        0.03980   1  41
        1.47140        0.05633   1  42
        1.47140        0.06850   1  43
        1.47140        0.08224   1  44
        1.47140        0.08441   1  45
        1.47140        0.11450   1  46
        1.47140        0.13592   1  47
        1.47140        0.17145   1  48
        1.47140        0.18641   1  49
        1.47140        0.19910   1  50
        1.47140        0.20421   1  51
        1.47140        0.20696   1  52
        1.47140        0.25702   1  53
        1.47140        0.30528   1  54
        1.47140        0.31086   1  55
        1.47140        0.33443   1  56
        1.47140        0.46683   1  57
        1.47140        0.48534   1  58
        1.47140        0.55940   1  59
        1.47140        0.56304   1  60
        1.47140        0.59859   1  61
        1.47140        0.62897   1  62
        1.47140        0.63957   1  63
        1.47140        0.68088   1  64
        1.47140        0.68469   1  65
        1.47140        0.68919   1  66
        1.47140        0.71002   1  67
        1.47140        0.73309   1  68
        1.47140        0.74275   1  69
        1.47140        0.74417   1  70
        1.47140        0.77108   1  71
        1.47140        0.77870   1  72
        1.47140        0.79400   1  73
        1.47140        0.82107   1  74
        1.47140        0.84783   1  75
        1.47140        0.88022   1  76
        1.47140        0.91137   1  77
        1.47140        0.91299   1  78
        1.47140        0.99092   1  79
        1.47140        0.99347   1  80
        1.47140        1.00006   1  81
        1.47140        1.02873   1  82
        1.47140        1.05326   1  83
        1.47140        1.05753   1  84
        1.47140        1.08750   1  85
        1.47140        1.09189   1  86
        1.47140        1.14846   1  87
        1.47140        1.15293   1  88
        1.47140        1.20301   1  89
        1.47140        1.21414   1  90
        1.47140        1.22795   1  91
        1.47140        1.24502   1  92
        1.47140        1.31956   1  93
        1.47140        1.34405   1  94
        1.47140        1.34785   1  95
        1.47140        1.35159   1  96
        1.47140        1.38737   1  97
        1.47140        1.39124   1  98
        1.47140        1.39162   1  99
        1.47140        1.40683   1 100
        1.47140        1.45952   1 101
        1.47140        1.47617   1 102
        1.47140        1.50944   1 103
        1.47140        1.55019   1 104
        1.47140        1.56471   1 105
        1.47140        1.58265   1 106
        1.47140        1.59101   1 107
        1.47140        1.59313   1 108
        1.47140        1.62013   1 109
        1.47140        1.62614   1 110
        1.47140        1.63727   1 111
        1.47140        1.65060   1 112
        1.47140        1.69757   1 113
        1.47140        1.70950   1 114
        1.47140        1.72048   1 115
        1.47140        1.72521   1 116
        1.47140        1.78378   1 117
        1.47140        1.78480   1 118
        1.47140        1.84068   1 119
        1.47140        1.84184   1 120
        1.47140        1.89627   1 121
        1.47140        1.91090   1 122
        1.47140        1.91440   1 123
        1.47140        1.92029   1 124
        1.47140        1.95643   1 125
        1.47140        1.96007   1 126
        1.47140        2.17177   1 127
        1.47140        2.17572   1 128
        1.47140        2.33424   1 129
        1.47140        2.33927   1 130
        1.47140        2.48306   1 131
        1.47140        2.48433   1 132
        1.47140        2.51082   1 133
        1.47140        2.51234   1 134
        1.47140        2.57987   1 135
        1.47140        2.58058   1 136
        1.47140        2.59739   1 137
        1.47140        2.59798   1 138
        1.47140        2.91811   1 139
        1.47140        2.91849   1 140
        1.47140        3.02447   1 141
        1.47140        3.02463   1 142
        1.47140        3.03280   1 143
        1.47140        3.05254   1 144
        1.47140        3.12640   1 145
        1.47140        3.12718   1 146
        1.47140        3.24253   1 147
        1.47140        3.24359   1 148
        1.47140        3.41742   1 149
        1.47140        3.41779   1 150
        1.47140        3.87823   1 151
        1.47140        3.88110   1 152
        1.47140        3.89344   1 153
        1.47140        3.89614   1 154
        1.47140        4.04036   1 155
        1.47140        4.04080   1 156
        1.51069       -0.43340   1   1
        1.51069       -0.40624   1   2
        1.51069       -0.36503   1   3
        1.51069       -0.35130   1   4
        1.51069       -0.31941   1   5
        1.51069       -0.30654   1   6
        1.51069       -0.26615   1   7
        1.51069       -0.25403   1   8
        1.51069       -0.25055   1   9
        1.51069       -0.24477   1  10
        1.51069       -0.23534   1  11
        1.51069       -0.22475   1  12
        1.51069       -0.21545   1  13
        1.51069       -0.21434   1  14
        1.51069       -0.20566   1  15
        1.51069       -0.20200   1  16
        1.51069       -0.19851   1  17
        1.51069       -0.17794   1  18
        1.51069       -0.17540   1  19
        1.51069       -0.15622   1  20
        1.51069       -0.15504   1  21
        1.51069       -0.14847   1  22
        1.51069       -0.14672   1  23
        1.51069       -0.13795   1  24
        1.51069       -0.13434   1  25
        1.51069       -0.12881   1  26
        1.51069       -0.12162   1  27
        1.51069       -0.11661   1  28
        1.51069       -0.09507   1  29
        1.51069       -0.09375   1  30
        1.51069       -0.09159   1  31
        1.51069       -0.07815   1  32
        1.51069       -0.06944   1  33
        1.51069       -0.04861   1  34
        1.51069       -0.02869   1  35
        1.51069       -0.00080   1  36
        1.51069        0.00522   1  37
        1.51069        0.00682   1  38
        1.51069        0.01094   1  39
        1.51069        0.02336   1  40
        1.51069        0.04440   1  41
        1.51069        0.04908   1  42
        1.51069        0.07014   1  43
        1.51069        0.08141   1  44
        1.51069        0.08254   1  45
        1.51069        0.11778   1  46
        1.51069        0.13661   1  47
        1.51069        0.16738   1  48
        1.51069        0.18454   1  49
        1.51069        0.19222   1  50
        1.51069        0.20104   1  51
        1.51069        0.21023   1  52
        1.51069        0.23207   1  53
        1.51069        0.27577   1  54
        1.51069        0.28483   1  55
        1.51069        0.31113   1  56
        1.51069        0.44833   1  57
        1.51069        0.47077   1  58
        1.51069        0.54475   1  59
        1.51069        0.57766   1  60
        1.51069        0.60219   1  61
        1.51069        0.65360   1  62
        1.51069        0.65905   1  63
        1.51069        0.66187   1  64
        1.51069        0.67669   1  65
        1.51069        0.69981   1  66
        1.51069        0.71309   1  67
        1.51069        0.73338   1  68
        1.51069        0.74175   1  69
        1.51069        0.75154   1  70
        1.51069        0.77195   1  71
        1.51069        0.78734   1  72
        1.51069        0.81761   1  73
        1.51069        0.85643   1  74
        1.51069        0.86978   1  75
        1.51069        0.90826   1  76
        1.51069        0.92611   1  77
        1.51069        0.93347   1  78
        1.51069        0.99589   1  79
        1.51069        1.00757   1  80
        1.51069        1.01875   1  81
        1.51069        1.04858   1  82
        1.51069        1.08158   1  83
        1.51069        1.08623   1  84
        1.51069        1.11105   1  85
        1.51069        1.11329   1  86
        1.51069        1.18329   1  87
        1.51069        1.18542   1  88
        1.51069        1.21729   1  89
        1.51069        1.22158   1  90
        1.51069        1.22671   1  91
        1.51069        1.26285   1  92
        1.51069        1.32063   1  93
        1.51069        1.32075   1  94
        1.51069        1.32470   1  95
        1.51069        1.34842   1  96
        1.51069        1.36302   1  97
        1.51069        1.36480   1  98
        1.51069        1.39978   1  99
        1.51069        1.41756   1 100
        1.51069        1.49585   1 101
        1.51069        1.51363   1 102
        1.51069        1.51772   1 103
        1.51069        1.54883   1 104
        1.51069        1.57893   1 105
        1.51069        1.61218   1 106
        1.51069        1.61911   1 107
        1.51069        1.63208   1 108
        1.51069        1.65279   1 109
        1.51069        1.66324   1 110
        1.51069        1.66772   1 111
        1.51069        1.67236   1 112
        1.51069        1.69060   1 113
        1.51069        1.71663   1 114
        1.51069        1.72724   1 115
        1.51069        1.74305   1 116
        1.51069        1.78150   1 117
        1.51069        1.78247   1 118
        1.51069        1.83958   1 119
        1.51069        1.84165   1 120
        1.51069        1.87448   1 121
        1.51069        1.88941   1 122
        1.51069        1.92529   1 123
        1.51069        1.93490   1 124
        1.51069        1.94139   1 125
        1.51069        1.94918   1 126
        1.51069        2.23591   1 127
        1.51069        2.23822   1 128
        1.51069        2.32249   1 129
        1.51069        2.32850   1 130
        1.51069        2.49496   1 131
        1.51069        2.49651   1 132
        1.51069        2.51056   1 133
        1.51069        2.51218   1 134
        1.51069        2.59460   1 135
        1.51069        2.59533   1 136
        1.51069        2.65444   1 137
        1.51069        2.65500   1 138
        1.51069        2.99643   1 139
        1.51069        2.99706   1 140
        1.51069        3.02128   1 141
        1.51069        3.03845   1 142
        1.51069        3.16614   1 143
        1.51069        3.16652   1 144
        1.51069        3.23028   1 145
        1.51069        3.23151   1 146
        1.51069        3.28529   1 147
        1.51069        3.28612   1 148
        1.51069        3.43744   1 149
        1.51069        3.43753   1 150
        1.51069        4.03140   1 151
        1.51069        4.03170   1 152
        1.51069        4.05167   1 153
        1.51069        4.05477   1 154
        1.51069        4.15945   1 155
        1.51069        4.15952   1 156
        1.54997       -0.44810   1   1
        1.54997       -0.41946   1   2
        1.54997       -0.37206   1   3
        1.54997       -0.35794   1   4
        1.54997       -0.31542   1   5
        1.54997       -0.30448   1   6
        1.54997       -0.25757   1   7
        1.54997       -0.24138   1   8
        1.54997       -0.24113   1   9
        1.54997       -0.23657   1  10
        1.54997       -0.23057   1  11
        1.54997       -0.22578   1  12
        1.54997       -0.21259   1  13
        1.54997       -0.20622   1  14
        1.54997       -0.20545   1  15
        1.54997       -0.18953   1  16
        1.54997       -0.18610   1  17
        1.54997       -0.17129   1  18
        1.54997       -0.16476   1  19
        1.54997       -0.15444   1  20
        1.54997       -0.14724   1  21
        1.54997       -0.14504   1  22
        1.54997       -0.13920   1  23
        1.54997       -0.13758   1  24
        1.54997       -0.13630   1  25
        1.54997       -0.12953   1  26
        1.54997       -0.12007   1  27
        1.54997       -0.11356   1  28
        1.54997       -0.09862   1  29
        1.54997       -0.09373   1  30
        1.54997       -0.09131   1  31
        1.54997       -0.08593   1  32
        1.54997       -0.06713   1  33
        1.54997       -0.05012   1  34
        1.54997       -0.03165   1  35
        1.54997       -0.00220   1  36
        1.54997        0.00621   1  37
        1.54997        0.00910   1  38
        1.54997        0.01985   1  39
        1.54997        0.02649   1  40
        1.54997        0.03787   1  41
        1.54997        0.05637   1  42
        1.54997        0.07128   1  43
        1.54997        0.08005   1  44
        1.54997        0.08184   1  45
        1.54997        0.11992   1  46
        1.54997        0.13536   1  47
        1.54997        0.16322   1  48
        1.54997        0.18278   1  49
        1.54997        0.18503   1  50
        1.54997        0.20027   1  51
        1.54997        0.21015   1  52
        1.54997        0.21416   1  53
        1.54997        0.25011   1  54
        1.54997        0.26261   1  55
        1.54997        0.29179   1  56
        1.54997        0.43247   1  57
        1.54997        0.45843   1  58
        1.54997        0.52779   1  59
        1.54997        0.55824   1  60
        1.54997        0.63132   1  61
        1.54997        0.63923   1  62
        1.54997        0.65511   1  63
        1.54997        0.67724   1  64
        1.54997        0.70197   1  65
        1.54997        0.70627   1  66
        1.54997        0.71722   1  67
        1.54997        0.72937   1  68
        1.54997        0.74219   1  69
        1.54997        0.76386   1  70
        1.54997        0.76794   1  71
        1.54997        0.77867   1  72
        1.54997        0.85448   1  73
        1.54997        0.87981   1  74
        1.54997        0.89969   1  75
        1.54997        0.93737   1  76
        1.54997        0.94400   1  77
        1.54997        0.96426   1  78
        1.54997        0.99848   1  79
        1.54997        1.01433   1  80
        1.54997        1.04419   1  81
        1.54997        1.06815   1  82
        1.54997        1.09695   1  83
        1.54997        1.10286   1  84
        1.54997        1.14252   1  85
        1.54997        1.14324   1  86
        1.54997        1.20498   1  87
        1.54997        1.20674   1  88
        1.54997        1.21602   1  89
        1.54997        1.22190   1  90
        1.54997        1.25378   1  91
        1.54997        1.29383   1  92
        1.54997        1.29725   1  93
        1.54997        1.30250   1  94
        1.54997        1.33093   1  95
        1.54997        1.33955   1  96
        1.54997        1.34418   1  97
        1.54997        1.36925   1  98
        1.54997        1.41383   1  99
        1.54997        1.43251   1 100
        1.54997        1.47944   1 101
        1.54997        1.50524   1 102
        1.54997        1.50608   1 103
        1.54997        1.53947   1 104
        1.54997        1.58401   1 105
        1.54997        1.60788   1 106
        1.54997        1.63432   1 107
        1.54997        1.64969   1 108
        1.54997        1.66642   1 109
        1.54997        1.68029   1 110
        1.54997        1.68542   1 111
        1.54997        1.69330   1 112
        1.54997        1.71859   1 113
        1.54997        1.75541   1 114
        1.54997        1.76399   1 115
        1.54997        1.76457   1 116
        1.54997        1.77212   1 117
        1.54997        1.78912   1 118
        1.54997        1.84564   1 119
        1.54997        1.85796   1 120
        1.54997        1.87226   1 121
        1.54997        1.87374   1 122
        1.54997        1.89997   1 123
        1.54997        1.92270   1 124
        1.54997        1.96941   1 125
        1.54997        1.98009   1 126
        1.54997        2.31576   1 127
        1.54997        2.31616   1 128
        1.54997        2.34166   1 129
        1.54997        2.34890   1 130
        1.54997        2.50685   1 131
        1.54997        2.50903   1 132
        1.54997        2.51065   1 133
        1.54997        2.51256   1 134
        1.54997        2.59561   1 135
        1.54997        2.59655   1 136
        1.54997        2.77130   1 137
        1.54997        2.77219   1 138
        1.54997        3.01610   1 139
        1.54997        3.03013   1 140
        1.54997        3.06163   1 141
        1.54997        3.06271   1 142
        1.54997        3.31579   1 143
        1.54997        3.31684   1 144
        1.54997        3.36578   1 145
        1.54997        3.36695   1 146
        1.54997        3.39620   1 147
        1.54997        3.39665   1 148
        1.54997        3.45162   1 149
        1.54997        3.45172   1 150
        1.54997        4.22196   1 151
        1.54997        4.22247   1 152
        1.54997        4.24255   1 153
        1.54997        4.24396   1 154
        1.54997        4.34210   1 155
        1.54997        4.34242   1 156
        1.58926       -0.46001   1   1
        1.58926       -0.43052   1   2
        1.58926       -0.37795   1   3
        1.58926       -0.36401   1   4
        1.58926       -0.31217   1   5
        1.58926       -0.30196   1   6
        1.58926       -0.25175   1   7
        1.58926       -0.24546   1   8
        1.58926       -0.22870   1   9
        1.58926       -0.22866   1  10
        1.58926       -0.22501   1  11
        1.58926       -0.21849   1  12
        1.58926       -0.21184   1  13
        1.58926       -0.20146   1  14
        1.58926       -0.19949   1  15
        1.58926       -0.17891   1  16
        1.58926       -0.17557   1  17
        1.58926       -0.16369   1  18
        1.58926       -0.15393   1  19
        1.58926       -0.15364   1  20
        1.58926       -0.14838   1  21
        1.58926       -0.13851   1  22
        1.58926       -0.13824   1  23
        1.58926       -0.13138   1  24
        1.58926       -0.13016   1  25
        1.58926       -0.12918   1  26
        1.58926       -0.11866   1  27
        1.58926       -0.11232   1  28
        1.58926       -0.10248   1  29
        1.58926       -0.09298   1  30
        1.58926       -0.09261   1  31
        1.58926       -0.09041   1  32
        1.58926       -0.06441   1  33
        1.58926       -0.05330   1  34
        1.58926       -0.03439   1  35
        1.58926       -0.00363   1  36
        1.58926        0.00203   1  37
        1.58926        0.01290   1  38
        1.58926        0.02943   1  39
        1.58926        0.03128   1  40
        1.58926        0.03471   1  41
        1.58926        0.06098   1  42
        1.58926        0.07099   1  43
        1.58926        0.07921   1  44
        1.58926        0.08288   1  45
        1.58926        0.11897   1  46
        1.58926        0.13409   1  47
        1.58926        0.15934   1  48
        1.58926        0.17945   1  49
        1.58926        0.18226   1  50
        1.58926        0.19097   1  51
        1.58926        0.19700   1  52
        1.58926        0.21792   1  53
        1.58926        0.23110   1  54
        1.58926        0.24497   1  55
        1.58926        0.27678   1  56
        1.58926        0.41915   1  57
        1.58926        0.44876   1  58
        1.58926        0.51336   1  59
        1.58926        0.54150   1  60
        1.58926        0.62006   1  61
        1.58926        0.62222   1  62
        1.58926        0.68318   1  63
        1.58926        0.68682   1  64
        1.58926        0.70739   1  65
        1.58926        0.71260   1  66
        1.58926        0.72476   1  67
        1.58926        0.72916   1  68
        1.58926        0.75818   1  69
        1.58926        0.76438   1  70
        1.58926        0.77086   1  71
        1.58926        0.78109   1  72
        1.58926        0.87686   1  73
        1.58926        0.88869   1  74
        1.58926        0.92964   1  75
        1.58926        0.96026   1  76
        1.58926        0.97010   1  77
        1.58926        1.00197   1  78
        1.58926        1.00275   1  79
        1.58926        1.02627   1  80
        1.58926        1.06688   1  81
        1.58926        1.08546   1  82
        1.58926        1.10185   1  83
        1.58926        1.10833   1  84
        1.58926        1.17016   1  85
        1.58926        1.17089   1  86
        1.58926        1.21145   1  87
        1.58926        1.21553   1  88
        1.58926        1.22097   1  89
        1.58926        1.22423   1  90
        1.58926        1.27100   1  91
        1.58926        1.28261   1  92
        1.58926        1.30158   1  93
        1.58926        1.32423   1  94
        1.58926        1.32484   1  95
        1.58926        1.33677   1  96
        1.58926        1.35584   1  97
        1.58926        1.39162   1  98
        1.58926        1.42303   1  99
        1.58926        1.44659   1 100
        1.58926        1.45182   1 101
        1.58926        1.46590   1 102
        1.58926        1.49634   1 103
        1.58926        1.53430   1 104
        1.58926        1.59134   1 105
        1.58926        1.60276   1 106
        1.58926        1.61701   1 107
        1.58926        1.62730   1 108
        1.58926        1.68163   1 109
        1.58926        1.68695   1 110
        1.58926        1.68813   1 111
        1.58926        1.69880   1 112
        1.58926        1.74359   1 113
        1.58926        1.74537   1 114
        1.58926        1.75940   1 115
        1.58926        1.79962   1 116
        1.58926        1.80712   1 117
        1.58926        1.81143   1 118
        1.58926        1.82639   1 119
        1.58926        1.84127   1 120
        1.58926        1.88091   1 121
        1.58926        1.89979   1 122
        1.58926        1.92617   1 123
        1.58926        1.94652   1 124
        1.58926        1.99406   1 125
        1.58926        2.00850   1 126
        1.58926        2.36040   1 127
        1.58926        2.36388   1 128
        1.58926        2.42962   1 129
        1.58926        2.43310   1 130
        1.58926        2.50279   1 131
        1.58926        2.50485   1 132
        1.58926        2.51886   1 133
        1.58926        2.52189   1 134
        1.58926        2.58797   1 135
        1.58926        2.58891   1 136
        1.58926        2.89304   1 137
        1.58926        2.89464   1 138
        1.58926        3.01412   1 139
        1.58926        3.02500   1 140
        1.58926        3.10226   1 141
        1.58926        3.10372   1 142
        1.58926        3.45558   1 143
        1.58926        3.45610   1 144
        1.58926        3.46225   1 145
        1.58926        3.46346   1 146
        1.58926        3.52255   1 147
        1.58926        3.52296   1 148
        1.58926        3.57399   1 149
        1.58926        3.57495   1 150
        1.58926        4.41802   1 151
        1.58926        4.41820   1 152
        1.58926        4.46097   1 153
        1.58926        4.46143   1 154
        1.58926        4.54558   1 155
        1.58926        4.54588   1 156
        1.62854       -0.46875   1   1
        1.62854       -0.43878   1   2
        1.62854       -0.38234   1   3
        1.62854       -0.36866   1   4
        1.62854       -0.30997   1   5
        1.62854       -0.29994   1   6
        1.62854       -0.24898   1   7
        1.62854       -0.24865   1   8
        1.62854       -0.23087   1   9
        1.62854       -0.21701   1  10
        1.62854       -0.21620   1  11
        1.62854       -0.21035   1  12
        1.62854       -0.20925   1  13
        1.62854       -0.19953   1  14
        1.62854       -0.19121   1  15
        1.62854       -0.17075   1  16
        1.62854       -0.16756   1  17
        1.62854       -0.16131   1  18
        1.62854       -0.15348   1  19
        1.62854       -0.15233   1  20
        1.62854       -0.14774   1  21
        1.62854       -0.13349   1  22
        1.62854       -0.12963   1  23
        1.62854       -0.12733   1  24
        1.62854       -0.12531   1  25
        1.62854       -0.12357   1  26
        1.62854       -0.11747   1  27
        1.62854       -0.11257   1  28
        1.62854       -0.10526   1  29
        1.62854       -0.09765   1  30
        1.62854       -0.09233   1  31
        1.62854       -0.08971   1  32
        1.62854       -0.06154   1  33
        1.62854       -0.05732   1  34
        1.62854       -0.03668   1  35
        1.62854       -0.00505   1  36
        1.62854       -0.00131   1  37
        1.62854        0.01623   1  38
        1.62854        0.03175   1  39
        1.62854        0.03296   1  40
        1.62854        0.04185   1  41
        1.62854        0.06317   1  42
        1.62854        0.06970   1  43
        1.62854        0.07981   1  44
        1.62854        0.08456   1  45
        1.62854        0.11310   1  46
        1.62854        0.13537   1  47
        1.62854        0.15594   1  48
        1.62854        0.17445   1  49
        1.62854        0.17691   1  50
        1.62854        0.18122   1  51
        1.62854        0.18939   1  52
        1.62854        0.22067   1  53
        1.62854        0.22113   1  54
        1.62854        0.23243   1  55
        1.62854        0.26622   1  56
        1.62854        0.40861   1  57
        1.62854        0.44150   1  58
        1.62854        0.50244   1  59
        1.62854        0.52874   1  60
        1.62854        0.60707   1  61
        1.62854        0.60859   1  62
        1.62854        0.68444   1  63
        1.62854        0.70281   1  64
        1.62854        0.70558   1  65
        1.62854        0.71041   1  66
        1.62854        0.73262   1  67
        1.62854        0.74476   1  68
        1.62854        0.76234   1  69
        1.62854        0.76717   1  70
        1.62854        0.78207   1  71
        1.62854        0.79704   1  72
        1.62854        0.88453   1  73
        1.62854        0.88956   1  74
        1.62854        0.95282   1  75
        1.62854        0.97347   1  76
        1.62854        0.99843   1  77
        1.62854        1.01152   1  78
        1.62854        1.03455   1  79
        1.62854        1.04416   1  80
        1.62854        1.08353   1  81
        1.62854        1.09806   1  82
        1.62854        1.10127   1  83
        1.62854        1.10867   1  84
        1.62854        1.18868   1  85
        1.62854        1.19025   1  86
        1.62854        1.20651   1  87
        1.62854        1.20979   1  88
        1.62854        1.22717   1  89
        1.62854        1.23644   1  90
        1.62854        1.27560   1  91
        1.62854        1.27992   1  92
        1.62854        1.31445   1  93
        1.62854        1.31466   1  94
        1.62854        1.33470   1  95
        1.62854        1.37540   1  96
        1.62854        1.37758   1  97
        1.62854        1.39533   1  98
        1.62854        1.41360   1  99
        1.62854        1.42722   1 100
        1.62854        1.44937   1 101
        1.62854        1.47190   1 102
        1.62854        1.48739   1 103
        1.62854        1.51613   1 104
        1.62854        1.59431   1 105
        1.62854        1.59969   1 106
        1.62854        1.60138   1 107
        1.62854        1.61007   1 108
        1.62854        1.66386   1 109
        1.62854        1.66723   1 110
        1.62854        1.70007   1 111
        1.62854        1.70882   1 112
        1.62854        1.73174   1 113
        1.62854        1.73352   1 114
        1.62854        1.76879   1 115
        1.62854        1.77780   1 116
        1.62854        1.78634   1 117
        1.62854        1.83209   1 118
        1.62854        1.84113   1 119
        1.62854        1.87497   1 120
        1.62854        1.88171   1 121
        1.62854        1.90557   1 122
        1.62854        1.97850   1 123
        1.62854        1.99933   1 124
        1.62854        2.01180   1 125
        1.62854        2.03115   1 126
        1.62854        2.41595   1 127
        1.62854        2.41940   1 128
        1.62854        2.49323   1 129
        1.62854        2.49592   1 130
        1.62854        2.51145   1 131
        1.62854        2.51347   1 132
        1.62854        2.51806   1 133
        1.62854        2.52156   1 134
        1.62854        2.57732   1 135
        1.62854        2.57825   1 136
        1.62854        2.99340   1 137
        1.62854        2.99702   1 138
        1.62854        3.02513   1 139
        1.62854        3.03166   1 140
        1.62854        3.12180   1 141
        1.62854        3.12350   1 142
        1.62854        3.45943   1 143
        1.62854        3.46006   1 144
        1.62854        3.59045   1 145
        1.62854        3.59131   1 146
        1.62854        3.66094   1 147
        1.62854        3.66120   1 148
        1.62854        3.75417   1 149
        1.62854        3.75517   1 150
        1.62854        4.59806   1 151
        1.62854        4.59886   1 152
        1.62854        4.65972   1 153
        1.62854        4.65996   1 154
        1.62854        4.72752   1 155
        1.62854        4.72775   1 156
        1.66782       -0.47420   1   1
        1.66782       -0.44389   1   2
        1.66782       -0.38505   1   3
        1.66782       -0.37154   1   4
        1.66782       -0.30877   1   5
        1.66782       -0.29870   1   6
        1.66782       -0.25060   1   7
        1.66782       -0.24808   1   8
        1.66782       -0.23222   1   9
        1.66782       -0.21087   1  10
        1.66782       -0.20862   1  11
        1.66782       -0.20785   1  12
        1.66782       -0.20346   1  13
        1.66782       -0.19946   1  14
        1.66782       -0.18188   1  15
        1.66782       -0.16564   1  16
        1.66782       -0.16278   1  17
        1.66782       -0.16073   1  18
        1.66782       -0.15856   1  19
        1.66782       -0.15319   1  20
        1.66782       -0.14913   1  21
        1.66782       -0.12561   1  22
        1.66782       -0.12294   1  23
        1.66782       -0.12203   1  24
        1.66782       -0.12129   1  25
        1.66782       -0.11966   1  26
        1.66782       -0.11680   1  27
        1.66782       -0.11396   1  28
        1.66782       -0.10694   1  29
        1.66782       -0.10103   1  30
        1.66782       -0.09163   1  31
        1.66782       -0.08927   1  32
        1.66782       -0.06105   1  33
        1.66782       -0.05903   1  34
        1.66782       -0.03825   1  35
        1.66782       -0.00621   1  36
        1.66782       -0.00322   1  37
        1.66782        0.01859   1  38
        1.66782        0.03213   1  39
        1.66782        0.03331   1  40
        1.66782        0.04946   1  41
        1.66782        0.06389   1  42
        1.66782        0.06847   1  43
        1.66782        0.08191   1  44
        1.66782        0.08635   1  45
        1.66782        0.10509   1  46
        1.66782        0.13733   1  47
        1.66782        0.15353   1  48
        1.66782        0.16457   1  49
        1.66782        0.17406   1  50
        1.66782        0.17898   1  51
        1.66782        0.18339   1  52
        1.66782        0.21681   1  53
        1.66782        0.22302   1  54
        1.66782        0.22514   1  55
        1.66782        0.26019   1  56
        1.66782        0.40221   1  57
        1.66782        0.43703   1  58
        1.66782        0.49562   1  59
        1.66782        0.52074   1  60
        1.66782        0.59851   1  61
        1.66782        0.59983   1  62
        1.66782        0.68200   1  63
        1.66782        0.70266   1  64
        1.66782        0.70454   1  65
        1.66782        0.70724   1  66
        1.66782        0.74851   1  67
        1.66782        0.75983   1  68
        1.66782        0.76188   1  69
        1.66782        0.76541   1  70
        1.66782        0.79889   1  71
        1.66782        0.80997   1  72
        1.66782        0.88576   1  73
        1.66782        0.88768   1  74
        1.66782        0.96530   1  75
        1.66782        0.97954   1  76
        1.66782        1.01739   1  77
        1.66782        1.02389   1  78
        1.66782        1.05524   1  79
        1.66782        1.05997   1  80
        1.66782        1.09353   1  81
        1.66782        1.09869   1  82
        1.66782        1.10506   1  83
        1.66782        1.10874   1  84
        1.66782        1.19857   1  85
        1.66782        1.20110   1  86
        1.66782        1.20320   1  87
        1.66782        1.20620   1  88
        1.66782        1.22003   1  89
        1.66782        1.23309   1  90
        1.66782        1.29567   1  91
        1.66782        1.29686   1  92
        1.66782        1.30897   1  93
        1.66782        1.30911   1  94
        1.66782        1.35183   1  95
        1.66782        1.38070   1  96
        1.66782        1.39096   1  97
        1.66782        1.39506   1  98
        1.66782        1.41538   1  99
        1.66782        1.42995   1 100
        1.66782        1.43789   1 101
        1.66782        1.48092   1 102
        1.66782        1.49308   1 103
        1.66782        1.49942   1 104
        1.66782        1.59049   1 105
        1.66782        1.59509   1 106
        1.66782        1.59656   1 107
        1.66782        1.59988   1 108
        1.66782        1.64792   1 109
        1.66782        1.65068   1 110
        1.66782        1.70722   1 111
        1.66782        1.71516   1 112
        1.66782        1.71939   1 113
        1.66782        1.72440   1 114
        1.66782        1.74793   1 115
        1.66782        1.75086   1 116
        1.66782        1.78756   1 117
        1.66782        1.83388   1 118
        1.66782        1.86503   1 119
        1.66782        1.87733   1 120
        1.66782        1.90457   1 121
        1.66782        1.91324   1 122
        1.66782        2.01517   1 123
        1.66782        2.02384   1 124
        1.66782        2.03785   1 125
        1.66782        2.04772   1 126
        1.66782        2.46311   1 127
        1.66782        2.46552   1 128
        1.66782        2.49929   1 129
        1.66782        2.50237   1 130
        1.66782        2.51496   1 131
        1.66782        2.51853   1 132
        1.66782        2.55988   1 133
        1.66782        2.56156   1 134
        1.66782        2.57428   1 135
        1.66782        2.57549   1 136
        1.66782        3.01918   1 137
        1.66782        3.02504   1 138
        1.66782        3.09269   1 139
        1.66782        3.09455   1 140
        1.66782        3.12883   1 141
        1.66782        3.13059   1 142
        1.66782        3.46551   1 143
        1.66782        3.46582   1 144
        1.66782        3.67521   1 145
        1.66782        3.67579   1 146
        1.66782        3.74982   1 147
        1.66782        3.75002   1 148
        1.66782        3.86904   1 149
        1.66782        3.86988   1 150
        1.66782        4.72729   1 151
        1.66782        4.72860   1 152
        1.66782        4.79142   1 153
        1.66782        4.79161   1 154
        1.66782        4.84659   1 155
        1.66782        4.84679   1 156
        1.70711       -0.47608   1   1
        1.70711       -0.44561   1   2
        1.70711       -0.38597   1   3
        1.70711       -0.37252   1   4
        1.70711       -0.30840   1   5
        1.70711       -0.29830   1   6
        1.70711       -0.25128   1   7
        1.70711       -0.24792   1   8
        1.70711       -0.23271   1   9
        1.70711       -0.20940   1  10
        1.70711       -0.20760   1  11
        1.70711       -0.20274   1  12
        1.70711       -0.20226   1  13
        1.70711       -0.20047   1  14
        1.70711       -0.17583   1  15
        1.70711       -0.16469   1  16
        1.70711       -0.16289   1  17
        1.70711       -0.16156   1  18
        1.70711       -0.15975   1  19
        1.70711       -0.15311   1  20
        1.70711       -0.15066   1  21
        1.70711       -0.12143   1  22
        1.70711       -0.12090   1  23
        1.70711       -0.11972   1  24
        1.70711       -0.11957   1  25
        1.70711       -0.11789   1  26
        1.70711       -0.11728   1  27
        1.70711       -0.11499   1  28
        1.70711       -0.10753   1  29
        1.70711       -0.10243   1  30
        1.70711       -0.09138   1  31
        1.70711       -0.08909   1  32
        1.70711       -0.06247   1  33
        1.70711       -0.05828   1  34
        1.70711       -0.03885   1  35
        1.70711       -0.00669   1  36
        1.70711       -0.00374   1  37
        1.70711        0.01946   1  38
        1.70711        0.03157   1  39
        1.70711        0.03375   1  40
        1.70711        0.05230   1  41
        1.70711        0.06402   1  42
        1.70711        0.06825   1  43
        1.70711        0.08355   1  44
        1.70711        0.08791   1  45
        1.70711        0.10046   1  46
        1.70711        0.13817   1  47
        1.70711        0.15269   1  48
        1.70711        0.16093   1  49
        1.70711        0.17258   1  50
        1.70711        0.17764   1  51
        1.70711        0.18240   1  52
        1.70711        0.21581   1  53
        1.70711        0.22283   1  54
        1.70711        0.22374   1  55
        1.70711        0.25832   1  56
        1.70711        0.40020   1  57
        1.70711        0.43559   1  58
        1.70711        0.49332   1  59
        1.70711        0.51799   1  60
        1.70711        0.59554   1  61
        1.70711        0.59680   1  62
        1.70711        0.68077   1  63
        1.70711        0.70141   1  64
        1.70711        0.70391   1  65
        1.70711        0.70600   1  66
        1.70711        0.75511   1  67
        1.70711        0.76144   1  68
        1.70711        0.76519   1  69
        1.70711        0.76680   1  70
        1.70711        0.80463   1  71
        1.70711        0.81545   1  72
        1.70711        0.88563   1  73
        1.70711        0.88650   1  74
        1.70711        0.96887   1  75
        1.70711        0.98134   1  76
        1.70711        1.02363   1  77
        1.70711        1.03010   1  78
        1.70711        1.06192   1  79
        1.70711        1.06600   1  80
        1.70711        1.09641   1  81
        1.70711        1.09787   1  82
        1.70711        1.10673   1  83
        1.70711        1.10998   1  84
        1.70711        1.20098   1  85
        1.70711        1.20274   1  86
        1.70711        1.20387   1  87
        1.70711        1.20576   1  88
        1.70711        1.21581   1  89
        1.70711        1.22955   1  90
        1.70711        1.30642   1  91
        1.70711        1.30655   1  92
        1.70711        1.30816   1  93
        1.70711        1.30829   1  94
        1.70711        1.34445   1  95
        1.70711        1.38323   1  96
        1.70711        1.39253   1  97
        1.70711        1.39904   1  98
        1.70711        1.42171   1  99
        1.70711        1.43252   1 100
        1.70711        1.43847   1 101
        1.70711        1.47224   1 102
        1.70711        1.49786   1 103
        1.70711        1.49853   1 104
        1.70711        1.58809   1 105
        1.70711        1.59380   1 106
        1.70711        1.59467   1 107
        1.70711        1.59693   1 108
        1.70711        1.64388   1 109
        1.70711        1.64651   1 110
        1.70711        1.70810   1 111
        1.70711        1.71160   1 112
        1.70711        1.71607   1 113
        1.70711        1.71906   1 114
        1.70711        1.74215   1 115
        1.70711        1.74276   1 116
        1.70711        1.78701   1 117
        1.70711        1.83219   1 118
        1.70711        1.87258   1 119
        1.70711        1.88048   1 120
        1.70711        1.91110   1 121
        1.70711        1.91778   1 122
        1.70711        2.02601   1 123
        1.70711        2.03013   1 124
        1.70711        2.04940   1 125
        1.70711        2.05588   1 126
        1.70711        2.47254   1 127
        1.70711        2.47434   1 128
        1.70711        2.51402   1 129
        1.70711        2.51478   1 130
        1.70711        2.51751   1 131
        1.70711        2.51834   1 132
        1.70711        2.57522   1 133
        1.70711        2.57555   1 134
        1.70711        2.57662   1 135
        1.70711        2.57697   1 136
        1.70711        3.02154   1 137
        1.70711        3.02632   1 138
        1.70711        3.12988   1 139
        1.70711        3.13006   1 140
        1.70711        3.13163   1 141
        1.70711        3.13181   1 142
        1.70711        3.46817   1 143
        1.70711        3.46827   1 144
        1.70711        3.70416   1 145
        1.70711        3.70464   1 146
        1.70711        3.77916   1 147
        1.70711        3.77936   1 148
        1.70711        3.90515   1 149
        1.70711        3.90590   1 150
        1.70711        4.77002   1 151
        1.70711        4.77127   1 152
        1.70711        4.83518   1 153
        1.70711        4.83538   1 154
        1.70711        4.88670   1 155
        1.70711        4.88690   1 156
        1.70711       -0.47608   1   1
        1.70711       -0.44561   1   2
        1.70711       -0.38597   1   3
        1.70711       -0.37252   1   4
        1.70711       -0.30840   1   5
        1.70711       -0.29830   1   6
        1.70711       -0.25128   1   7
        1.70711       -0.24792   1   8
        1.70711       -0.23271   1   9
        1.70711       -0.20940   1  10
        1.70711       -0.20760   1  11
        1.70711       -0.20274   1  12
        1.70711       -0.20226   1  13
        1.70711       -0.20047   1  14
        1.70711       -0.17583   1  15
        1.70711       -0.16469   1  16
        1.70711       -0.16289   1  17
        1.70711       -0.16156   1  18
        1.70711       -0.15975   1  19
        1.70711       -0.15311   1  20
        1.70711       -0.15066   1  21
        1.70711       -0.12143   1  22
        1.70711       -0.12090   1  23
        1.70711       -0.11972   1  24
        1.70711       -0.11957   1  25
        1.70711       -0.11789   1  26
        1.70711       -0.11728   1  27
        1.70711       -0.11499   1  28
        1.70711       -0.10753   1  29
        1.70711       -0.10243   1  30
        1.70711       -0.09138   1  31
        1.70711       -0.08909   1  32
        1.70711       -0.06247   1  33
        1.70711       -0.05828   1  34
        1.70711       -0.03885   1  35
        1.70711       -0.00669   1  36
        1.70711       -0.00374   1  37
        1.70711        0.01946   1  38
        1.70711        0.03157   1  39
        1.70711        0.03375   1  40
        1.70711        0.05230   1  41
        1.70711        0.06402   1  42
        1.70711        0.06825   1  43
        1.70711        0.08355   1  44
        1.70711        0.08791   1  45
        1.70711        0.10046   1  46
        1.70711        0.13817   1  47
        1.70711        0.15269   1  48
        1.70711        0.16093   1  49
        1.70711        0.17258   1  50
        1.70711        0.17764   1  51
        1.70711        0.18240   1  52
        1.70711        0.21581   1  53
        1.70711        0.22283   1  54
        1.70711        0.22374   1  55
        1.70711        0.25832   1  56
        1.70711        0.40020   1  57
        1.70711        0.43559   1  58
        1.70711        0.49332   1  59
        1.70711        0.51799   1  60
        1.70711        0.59554   1  61
        1.70711        0.59680   1  62
        1.70711        0.68077   1  63
        1.70711        0.70141   1  64
        1.70711        0.70391   1  65
        1.70711        0.70600   1  66
        1.70711        0.75511   1  67
        1.70711        0.76144   1  68
        1.70711        0.76519   1  69
        1.70711        0.76680   1  70
        1.70711        0.80463   1  71
        1.70711        0.81545   1  72
        1.70711        0.88563   1  73
        1.70711        0.88650   1  74
        1.70711        0.96887   1  75
        1.70711        0.98134   1  76
        1.70711        1.02363   1  77
        1.70711        1.03010   1  78
        1.70711        1.06192   1  79
        1.70711        1.06600   1  80
        1.70711        1.09641   1  81
        1.70711        1.09787   1  82
        1.70711        1.10673   1  83
        1.70711        1.10998   1  84
        1.70711        1.20098   1  85
        1.70711        1.20274   1  86
        1.70711        1.20387   1  87
        1.70711        1.20576   1  88
        1.70711        1.21581   1  89
        1.70711        1.22955   1  90
        1.70711        1.30642   1  91
        1.70711        1.30655   1  92
        1.70711        1.30816   1  93
        1.70711        1.30829   1  94
        1.70711        1.34445   1  95
        1.70711        1.38323   1  96
        1.70711        1.39253   1  97
        1.70711        1.39904   1  98
        1.70711        1.42171   1  99
        1.70711        1.43252   1 100
        1.70711        1.43847   1 101
        1.70711        1.47224   1 102
        1.70711        1.49786   1 103
        1.70711        1.49853   1 104
        1.70711        1.58809   1 105
        1.70711        1.59380   1 106
        1.70711        1.59467   1 107
        1.70711        1.59693   1 108
        1.70711        1.64388   1 109
        1.70711        1.64651   1 110
        1.70711        1.70810   1 111
        1.70711        1.71160   1 112
        1.70711        1.71607   1 113
        1.70711        1.71906   1 114
        1.70711        1.74215   1 115
        1.70711        1.74276   1 116
        1.70711        1.78701   1 117
        1.70711        1.83219   1 118
        1.70711        1.87258   1 119
        1.70711        1.88048   1 120
        1.70711        1.91110   1 121
        1.70711        1.91778   1 122
        1.70711        2.02601   1 123
        1.70711        2.03013   1 124
        1.70711        2.04940   1 125
        1.70711        2.05588   1 126
        1.70711        2.47254   1 127
        1.70711        2.47434   1 128
        1.70711        2.51402   1 129
        1.70711        2.51478   1 130
        1.70711        2.51751   1 131
        1.70711        2.51834   1 132
        1.70711        2.57522   1 133
        1.70711        2.57555   1 134
        1.70711        2.57662   1 135
        1.70711        2.57697   1 136
        1.70711        3.02154   1 137
        1.70711        3.02632   1 138
        1.70711        3.12988   1 139
        1.70711        3.13006   1 140
        1.70711        3.13163   1 141
        1.70711        3.13181   1 142
        1.70711        3.46817   1 143
        1.70711        3.46827   1 144
        1.70711        3.70416   1 145
        1.70711        3.70464   1 146
        1.70711        3.77916   1 147
        1.70711        3.77936   1 148
        1.70711        3.90515   1 149
        1.70711        3.90590   1 150
        1.70711        4.77002   1 151
        1.70711        4.77127   1 152
        1.70711        4.83518   1 153
        1.70711        4.83538   1 154
        1.70711        4.88670   1 155
        1.70711        4.88690   1 156
        1.73653       -0.47608   1   1
        1.73653       -0.44561   1   2
        1.73653       -0.38597   1   3
        1.73653       -0.37252   1   4
        1.73653       -0.30840   1   5
        1.73653       -0.29830   1   6
        1.73653       -0.25128   1   7
        1.73653       -0.24792   1   8
        1.73653       -0.23271   1   9
        1.73653       -0.20940   1  10
        1.73653       -0.20760   1  11
        1.73653       -0.20274   1  12
        1.73653       -0.20226   1  13
        1.73653       -0.20047   1  14
        1.73653       -0.17583   1  15
        1.73653       -0.16469   1  16
        1.73653       -0.16289   1  17
        1.73653       -0.16156   1  18
        1.73653       -0.15975   1  19
        1.73653       -0.15311   1  20
        1.73653       -0.15066   1  21
        1.73653       -0.12143   1  22
        1.73653       -0.12090   1  23
        1.73653       -0.11972   1  24
        1.73653       -0.11957   1  25
        1.73653       -0.11789   1  26
        1.73653       -0.11728   1  27
        1.73653       -0.11499   1  28
        1.73653       -0.10753   1  29
        1.73653       -0.10243   1  30
        1.73653       -0.09138   1  31
        1.73653       -0.08909   1  32
        1.73653       -0.06247   1  33
        1.73653       -0.05828   1  34
        1.73653       -0.03885   1  35
        1.73653       -0.00669   1  36
        1.73653       -0.00374   1  37
        1.73653        0.01946   1  38
        1.73653        0.03157   1  39
        1.73653        0.03375   1  40
        1.73653        0.05230   1  41
        1.73653        0.06402   1  42
        1.73653        0.06825   1  43
        1.73653        0.08355   1  44
        1.73653        0.08791   1  45
        1.73653        0.10046   1  46
        1.73653        0.13817   1  47
        1.73653        0.15269   1  48
        1.73653        0.16093   1  49
        1.73653        0.17258   1  50
        1.73653        0.17764   1  51
        1.73653        0.18240   1  52
        1.73653        0.21581   1  53
        1.73653        0.22283   1  54
        1.73653        0.22374   1  55
        1.73653        0.25832   1  56
        1.73653        0.40020   1  57
        1.73653        0.43559   1  58
        1.73653        0.49332   1  59
        1.73653        0.51799   1  60
        1.73653        0.59554   1  61
        1.73653        0.59680   1  62
        1.73653        0.68077   1  63
        1.73653        0.70141   1  64
        1.73653        0.70391   1  65
        1.73653        0.70600   1  66
        1.73653        0.75511   1  67
        1.73653        0.76144   1  68
        1.73653        0.76519   1  69
        1.73653        0.76680   1  70
        1.73653        0.80463   1  71
        1.73653        0.81545   1  72
        1.73653        0.88563   1  73
        1.73653        0.88650   1  74
        1.73653        0.96887   1  75
        1.73653        0.98134   1  76
        1.73653        1.02363   1  77
        1.73653        1.03010   1  78
        1.73653        1.06192   1  79
        1.73653        1.06600   1  80
        1.73653        1.09641   1  81
        1.73653        1.09787   1  82
        1.73653        1.10673   1  83
        1.73653        1.10998   1  84
        1.73653        1.20098   1  85
        1.73653        1.20274   1  86
        1.73653        1.20387   1  87
        1.73653        1.20576   1  88
        1.73653        1.21581   1  89
        1.73653        1.22955   1  90
        1.73653        1.30642   1  91
        1.73653        1.30655   1  92
        1.73653        1.30816   1  93
        1.73653        1.30829   1  94
        1.73653        1.34445   1  95
        1.73653        1.38323   1  96
        1.73653        1.39253   1  97
        1.73653        1.39904   1  98
        1.73653        1.42171   1  99
        1.73653        1.43252   1 100
        1.73653        1.43847   1 101
        1.73653        1.47224   1 102
        1.73653        1.49786   1 103
        1.73653        1.49853   1 104
        1.73653        1.58809   1 105
        1.73653        1.59380   1 106
        1.73653        1.59467   1 107
        1.73653        1.59693   1 108
        1.73653        1.64388   1 109
        1.73653        1.64651   1 110
        1.73653        1.70810   1 111
        1.73653        1.71160   1 112
        1.73653        1.71607   1 113
        1.73653        1.71906   1 114
        1.73653        1.74215   1 115
        1.73653        1.74276   1 116
        1.73653        1.78701   1 117
        1.73653        1.83219   1 118
        1.73653        1.87258   1 119
        1.73653        1.88048   1 120
        1.73653        1.91110   1 121
        1.73653        1.91778   1 122
        1.73653        2.02601   1 123
        1.73653        2.03013   1 124
        1.73653        2.04940   1 125
        1.73653        2.05588   1 126
        1.73653        2.47254   1 127
        1.73653        2.47434   1 128
        1.73653        2.51402   1 129
        1.73653        2.51478   1 130
        1.73653        2.51751   1 131
        1.73653        2.51834   1 132
        1.73653        2.57522   1 133
        1.73653        2.57555   1 134
        1.73653        2.57662   1 135
        1.73653        2.57697   1 136
        1.73653        3.02154   1 137
        1.73653        3.02632   1 138
        1.73653        3.12988   1 139
        1.73653        3.13006   1 140
        1.73653        3.13163   1 141
        1.73653        3.13181   1 142
        1.73653        3.46817   1 143
        1.73653        3.46827   1 144
        1.73653        3.70416   1 145
        1.73653        3.70464   1 146
        1.73653        3.77916   1 147
        1.73653        3.77936   1 148
        1.73653        3.90515   1 149
        1.73653        3.90590   1 150
        1.73653        4.77002   1 151
        1.73653        4.77127   1 152
        1.73653        4.83518   1 153
        1.73653        4.83538   1 154
        1.73653        4.88670   1 155
        1.73653        4.88690   1 156
        1.76595       -0.47608   1   1
        1.76595       -0.44561   1   2
        1.76595       -0.38597   1   3
        1.76595       -0.37252   1   4
        1.76595       -0.30840   1   5
        1.76595       -0.29830   1   6
        1.76595       -0.25128   1   7
        1.76595       -0.24792   1   8
        1.76595       -0.23271   1   9
        1.76595       -0.20940   1  10
        1.76595       -0.20760   1  11
        1.76595       -0.20274   1  12
        1.76595       -0.20226   1  13
        1.76595       -0.20047   1  14
        1.76595       -0.17583   1  15
        1.76595       -0.16469   1  16
        1.76595       -0.16289   1  17
        1.76595       -0.16156   1  18
        1.76595       -0.15975   1  19
        1.76595       -0.15311   1  20
        1.76595       -0.15066   1  21
        1.76595       -0.12143   1  22
        1.76595       -0.12090   1  23
        1.76595       -0.11972   1  24
        1.76595       -0.11957   1  25
        1.76595       -0.11789   1  26
        1.76595       -0.11728   1  27
        1.76595       -0.11499   1  28
        1.76595       -0.10753   1  29
        1.76595       -0.10243   1  30
        1.76595       -0.09138   1  31
        1.76595       -0.08909   1  32
        1.76595       -0.06247   1  33
        1.76595       -0.05828   1  34
        1.76595       -0.03885   1  35
        1.76595       -0.00669   1  36
        1.76595       -0.00374   1  37
        1.76595        0.01946   1  38
        1.76595        0.03157   1  39
        1.76595        0.03375   1  40
        1.76595        0.05230   1  41
        1.76595        0.06402   1  42
        1.76595        0.06825   1  43
        1.76595        0.08355   1  44
        1.76595        0.08791   1  45
        1.76595        0.10046   1  46
        1.76595        0.13817   1  47
        1.76595        0.15269   1  48
        1.76595        0.16093   1  49
        1.76595        0.17258   1  50
        1.76595        0.17764   1  51
        1.76595        0.18240   1  52
        1.76595        0.21581   1  53
        1.76595        0.22283   1  54
        1.76595        0.22374   1  55
        1.76595        0.25832   1  56
        1.76595        0.40020   1  57
        1.76595        0.43559   1  58
        1.76595        0.49332   1  59
        1.76595        0.51799   1  60
        1.76595        0.59554   1  61
        1.76595        0.59680   1  62
        1.76595        0.68077   1  63
        1.76595        0.70141   1  64
        1.76595        0.70391   1  65
        1.76595        0.70600   1  66
        1.76595        0.75511   1  67
        1.76595        0.76144   1  68
        1.76595        0.76519   1  69
        1.76595        0.76680   1  70
        1.76595        0.80463   1  71
        1.76595        0.81545   1  72
        1.76595        0.88563   1  73
        1.76595        0.88650   1  74
        1.76595        0.96887   1  75
        1.76595        0.98134   1  76
        1.76595        1.02363   1  77
        1.76595        1.03010   1  78
        1.76595        1.06192   1  79
        1.76595        1.06600   1  80
        1.76595        1.09641   1  81
        1.76595        1.09787   1  82
        1.76595        1.10673   1  83
        1.76595        1.10998   1  84
        1.76595        1.20098   1  85
        1.76595        1.20274   1  86
        1.76595        1.20387   1  87
        1.76595        1.20576   1  88
        1.76595        1.21581   1  89
        1.76595        1.22955   1  90
        1.76595        1.30642   1  91
        1.76595        1.30655   1  92
        1.76595        1.30816   1  93
        1.76595        1.30829   1  94
        1.76595        1.34445   1  95
        1.76595        1.38323   1  96
        1.76595        1.39253   1  97
        1.76595        1.39904   1  98
        1.76595        1.42171   1  99
        1.76595        1.43252   1 100
        1.76595        1.43847   1 101
        1.76595        1.47224   1 102
        1.76595        1.49786   1 103
        1.76595        1.49853   1 104
        1.76595        1.58809   1 105
        1.76595        1.59380   1 106
        1.76595        1.59467   1 107
        1.76595        1.59693   1 108
        1.76595        1.64388   1 109
        1.76595        1.64651   1 110
        1.76595        1.70810   1 111
        1.76595        1.71160   1 112
        1.76595        1.71607   1 113
        1.76595        1.71906   1 114
        1.76595        1.74215   1 115
        1.76595        1.74276   1 116
        1.76595        1.78701   1 117
        1.76595        1.83219   1 118
        1.76595        1.87258   1 119
        1.76595        1.88048   1 120
        1.76595        1.91110   1 121
        1.76595        1.91778   1 122
        1.76595        2.02601   1 123
        1.76595        2.03013   1 124
        1.76595        2.04940   1 125
        1.76595        2.05588   1 126
        1.76595        2.47254   1 127
        1.76595        2.47434   1 128
        1.76595        2.51402   1 129
        1.76595        2.51478   1 130
        1.76595        2.51751   1 131
        1.76595        2.51834   1 132
        1.76595        2.57522   1 133
        1.76595        2.57555   1 134
        1.76595        2.57662   1 135
        1.76595        2.57697   1 136
        1.76595        3.02154   1 137
        1.76595        3.02632   1 138
        1.76595        3.12988   1 139
        1.76595        3.13006   1 140
        1.76595        3.13163   1 141
        1.76595        3.13181   1 142
        1.76595        3.46817   1 143
        1.76595        3.46827   1 144
        1.76595        3.70416   1 145
        1.76595        3.70464   1 146
        1.76595        3.77916   1 147
        1.76595        3.77936   1 148
        1.76595        3.90515   1 149
        1.76595        3.90590   1 150
        1.76595        4.77002   1 151
        1.76595        4.77127   1 152
        1.76595        4.83518   1 153
        1.76595        4.83538   1 154
        1.76595        4.88670   1 155
        1.76595        4.88690   1 156
        1.76595       -0.47608   1   1
        1.76595       -0.44561   1   2
        1.76595       -0.38597   1   3
        1.76595       -0.37252   1   4
        1.76595       -0.30840   1   5
        1.76595       -0.29830   1   6
        1.76595       -0.25128   1   7
        1.76595       -0.24792   1   8
        1.76595       -0.23271   1   9
        1.76595       -0.20940   1  10
        1.76595       -0.20760   1  11
        1.76595       -0.20274   1  12
        1.76595       -0.20226   1  13
        1.76595       -0.20047   1  14
        1.76595       -0.17583   1  15
        1.76595       -0.16469   1  16
        1.76595       -0.16289   1  17
        1.76595       -0.16156   1  18
        1.76595       -0.15975   1  19
        1.76595       -0.15311   1  20
        1.76595       -0.15066   1  21
        1.76595       -0.12143   1  22
        1.76595       -0.12090   1  23
        1.76595       -0.11972   1  24
        1.76595       -0.11957   1  25
        1.76595       -0.11789   1  26
        1.76595       -0.11728   1  27
        1.76595       -0.11499   1  28
        1.76595       -0.10753   1  29
        1.76595       -0.10243   1  30
        1.76595       -0.09138   1  31
        1.76595       -0.08909   1  32
        1.76595       -0.06247   1  33
        1.76595       -0.05828   1  34
        1.76595       -0.03885   1  35
        1.76595       -0.00669   1  36
        1.76595       -0.00374   1  37
        1.76595        0.01946   1  38
        1.76595        0.03157   1  39
        1.76595        0.03375   1  40
        1.76595        0.05230   1  41
        1.76595        0.06402   1  42
        1.76595        0.06825   1  43
        1.76595        0.08355   1  44
        1.76595        0.08791   1  45
        1.76595        0.10046   1  46
        1.76595        0.13817   1  47
        1.76595        0.15269   1  48
        1.76595        0.16093   1  49
        1.76595        0.17258   1  50
        1.76595        0.17764   1  51
        1.76595        0.18240   1  52
        1.76595        0.21581   1  53
        1.76595        0.22283   1  54
        1.76595        0.22374   1  55
        1.76595        0.25832   1  56
        1.76595        0.40020   1  57
        1.76595        0.43559   1  58
        1.76595        0.49332   1  59
        1.76595        0.51799   1  60
        1.76595        0.59554   1  61
        1.76595        0.59680   1  62
        1.76595        0.68077   1  63
        1.76595        0.70141   1  64
        1.76595        0.70391   1  65
        1.76595        0.70600   1  66
        1.76595        0.75511   1  67
        1.76595        0.76144   1  68
        1.76595        0.76519   1  69
        1.76595        0.76680   1  70
        1.76595        0.80463   1  71
        1.76595        0.81545   1  72
        1.76595        0.88563   1  73
        1.76595        0.88650   1  74
        1.76595        0.96887   1  75
        1.76595        0.98134   1  76
        1.76595        1.02363   1  77
        1.76595        1.03010   1  78
        1.76595        1.06192   1  79
        1.76595        1.06600   1  80
        1.76595        1.09641   1  81
        1.76595        1.09787   1  82
        1.76595        1.10673   1  83
        1.76595        1.10998   1  84
        1.76595        1.20098   1  85
        1.76595        1.20274   1  86
        1.76595        1.20387   1  87
        1.76595        1.20576   1  88
        1.76595        1.21581   1  89
        1.76595        1.22955   1  90
        1.76595        1.30642   1  91
        1.76595        1.30655   1  92
        1.76595        1.30816   1  93
        1.76595        1.30829   1  94
        1.76595        1.34445   1  95
        1.76595        1.38323   1  96
        1.76595        1.39253   1  97
        1.76595        1.39904   1  98
        1.76595        1.42171   1  99
        1.76595        1.43252   1 100
        1.76595        1.43847   1 101
        1.76595        1.47224   1 102
        1.76595        1.49786   1 103
        1.76595        1.49853   1 104
        1.76595        1.58809   1 105
        1.76595        1.59380   1 106
        1.76595        1.59467   1 107
        1.76595        1.59693   1 108
        1.76595        1.64388   1 109
        1.76595        1.64651   1 110
        1.76595        1.70810   1 111
        1.76595        1.71160   1 112
        1.76595        1.71607   1 113
        1.76595        1.71906   1 114
        1.76595        1.74215   1 115
        1.76595        1.74276   1 116
        1.76595        1.78701   1 117
        1.76595        1.83219   1 118
        1.76595        1.87258   1 119
        1.76595        1.88048   1 120
        1.76595        1.91110   1 121
        1.76595        1.91778   1 122
        1.76595        2.02601   1 123
        1.76595        2.03013   1 124
        1.76595        2.04940   1 125
        1.76595        2.05588   1 126
        1.76595        2.47254   1 127
        1.76595        2.47434   1 128
        1.76595        2.51402   1 129
        1.76595        2.51478   1 130
        1.76595        2.51751   1 131
        1.76595        2.51834   1 132
        1.76595        2.57522   1 133
        1.76595        2.57555   1 134
        1.76595        2.57662   1 135
        1.76595        2.57697   1 136
        1.76595        3.02154   1 137
        1.76595        3.02632   1 138
        1.76595        3.12988   1 139
        1.76595        3.13006   1 140
        1.76595        3.13163   1 141
        1.76595        3.13181   1 142
        1.76595        3.46817   1 143
        1.76595        3.46827   1 144
        1.76595        3.70416   1 145
        1.76595        3.70464   1 146
        1.76595        3.77916   1 147
        1.76595        3.77936   1 148
        1.76595        3.90515   1 149
        1.76595        3.90590   1 150
        1.76595        4.77002   1 151
        1.76595        4.77127   1 152
        1.76595        4.83518   1 153
        1.76595        4.83538   1 154
        1.76595        4.88670   1 155
        1.76595        4.88690   1 156
        1.80761       -0.47398   1   1
        1.80761       -0.44367   1   2
        1.80761       -0.38494   1   3
        1.80761       -0.37142   1   4
        1.80761       -0.30885   1   5
        1.80761       -0.29879   1   6
        1.80761       -0.25055   1   7
        1.80761       -0.24815   1   8
        1.80761       -0.23221   1   9
        1.80761       -0.21160   1  10
        1.80761       -0.20916   1  11
        1.80761       -0.20806   1  12
        1.80761       -0.20190   1  13
        1.80761       -0.20052   1  14
        1.80761       -0.18318   1  15
        1.80761       -0.16380   1  16
        1.80761       -0.16295   1  17
        1.80761       -0.16030   1  18
        1.80761       -0.15946   1  19
        1.80761       -0.15316   1  20
        1.80761       -0.14934   1  21
        1.80761       -0.12570   1  22
        1.80761       -0.12491   1  23
        1.80761       -0.12329   1  24
        1.80761       -0.11992   1  25
        1.80761       -0.11879   1  26
        1.80761       -0.11713   1  27
        1.80761       -0.11390   1  28
        1.80761       -0.10693   1  29
        1.80761       -0.10090   1  30
        1.80761       -0.09161   1  31
        1.80761       -0.08930   1  32
        1.80761       -0.06090   1  33
        1.80761       -0.05915   1  34
        1.80761       -0.03822   1  35
        1.80761       -0.00659   1  36
        1.80761       -0.00272   1  37
        1.80761        0.01853   1  38
        1.80761        0.03195   1  39
        1.80761        0.03322   1  40
        1.80761        0.04933   1  41
        1.80761        0.06369   1  42
        1.80761        0.06863   1  43
        1.80761        0.08041   1  44
        1.80761        0.08812   1  45
        1.80761        0.10529   1  46
        1.80761        0.13730   1  47
        1.80761        0.15364   1  48
        1.80761        0.16490   1  49
        1.80761        0.17355   1  50
        1.80761        0.17981   1  51
        1.80761        0.18362   1  52
        1.80761        0.21696   1  53
        1.80761        0.22296   1  54
        1.80761        0.22544   1  55
        1.80761        0.26041   1  56
        1.80761        0.40245   1  57
        1.80761        0.43716   1  58
        1.80761        0.49585   1  59
        1.80761        0.52099   1  60
        1.80761        0.59887   1  61
        1.80761        0.60022   1  62
        1.80761        0.68184   1  63
        1.80761        0.70213   1  64
        1.80761        0.70450   1  65
        1.80761        0.70771   1  66
        1.80761        0.74190   1  67
        1.80761        0.76161   1  68
        1.80761        0.76498   1  69
        1.80761        0.76683   1  70
        1.80761        0.79259   1  71
        1.80761        0.81558   1  72
        1.80761        0.88552   1  73
        1.80761        0.88761   1  74
        1.80761        0.96448   1  75
        1.80761        0.97923   1  76
        1.80761        1.01131   1  77
        1.80761        1.02950   1  78
        1.80761        1.04794   1  79
        1.80761        1.06627   1  80
        1.80761        1.09392   1  81
        1.80761        1.09820   1  82
        1.80761        1.10410   1  83
        1.80761        1.10956   1  84
        1.80761        1.19991   1  85
        1.80761        1.20162   1  86
        1.80761        1.20264   1  87
        1.80761        1.20443   1  88
        1.80761        1.22044   1  89
        1.80761        1.23347   1  90
        1.80761        1.29892   1  91
        1.80761        1.30019   1  92
        1.80761        1.30390   1  93
        1.80761        1.30407   1  94
        1.80761        1.35242   1  95
        1.80761        1.37764   1  96
        1.80761        1.39119   1  97
        1.80761        1.39680   1  98
        1.80761        1.41292   1  99
        1.80761        1.42725   1 100
        1.80761        1.44050   1 101
        1.80761        1.48675   1 102
        1.80761        1.49246   1 103
        1.80761        1.49657   1 104
        1.80761        1.59048   1 105
        1.80761        1.59558   1 106
        1.80761        1.59752   1 107
        1.80761        1.59968   1 108
        1.80761        1.64702   1 109
        1.80761        1.64985   1 110
        1.80761        1.70994   1 111
        1.80761        1.71720   1 112
        1.80761        1.71966   1 113
        1.80761        1.72502   1 114
        1.80761        1.74791   1 115
        1.80761        1.75105   1 116
        1.80761        1.78697   1 117
        1.80761        1.83315   1 118
        1.80761        1.86229   1 119
        1.80761        1.87977   1 120
        1.80761        1.89969   1 121
        1.80761        1.91731   1 122
        1.80761        2.01526   1 123
        1.80761        2.02181   1 124
        1.80761        2.03763   1 125
        1.80761        2.04571   1 126
        1.80761        2.46569   1 127
        1.80761        2.46791   1 128
        1.80761        2.49711   1 129
        1.80761        2.50073   1 130
        1.80761        2.50948   1 131
        1.80761        2.51264   1 132
        1.80761        2.56404   1 133
        1.80761        2.56565   1 134
        1.80761        2.56787   1 135
        1.80761        2.56919   1 136
        1.80761        3.01917   1 137
        1.80761        3.02521   1 138
        1.80761        3.10299   1 139
        1.80761        3.10481   1 140
        1.80761        3.11230   1 141
        1.80761        3.11410   1 142
        1.80761        3.46537   1 143
        1.80761        3.46570   1 144
        1.80761        3.67149   1 145
        1.80761        3.67207   1 146
        1.80761        3.74606   1 147
        1.80761        3.74627   1 148
        1.80761        3.86428   1 149
        1.80761        3.86511   1 150
        1.80761        4.72190   1 151
        1.80761        4.72326   1 152
        1.80761        4.78643   1 153
        1.80761        4.78663   1 154
        1.80761        4.84133   1 155
        1.80761        4.84153   1 156
        1.84928       -0.46797   1   1
        1.84928       -0.43797   1   2
        1.84928       -0.38196   1   3
        1.84928       -0.36824   1   4
        1.84928       -0.31076   1   5
        1.84928       -0.30072   1   6
        1.84928       -0.24985   1   7
        1.84928       -0.24859   1   8
        1.84928       -0.23135   1   9
        1.84928       -0.22179   1  10
        1.84928       -0.21764   1  11
        1.84928       -0.20769   1  12
        1.84928       -0.20762   1  13
        1.84928       -0.20025   1  14
        1.84928       -0.19692   1  15
        1.84928       -0.16516   1  16
        1.84928       -0.16341   1  17
        1.84928       -0.16015   1  18
        1.84928       -0.15555   1  19
        1.84928       -0.15273   1  20
        1.84928       -0.15067   1  21
        1.84928       -0.13814   1  22
        1.84928       -0.13141   1  23
        1.84928       -0.13103   1  24
        1.84928       -0.12040   1  25
        1.84928       -0.11937   1  26
        1.84928       -0.11919   1  27
        1.84928       -0.11333   1  28
        1.84928       -0.10550   1  29
        1.84928       -0.09683   1  30
        1.84928       -0.09154   1  31
        1.84928       -0.08935   1  32
        1.84928       -0.06104   1  33
        1.84928       -0.05707   1  34
        1.84928       -0.03656   1  35
        1.84928       -0.00821   1  36
        1.84928        0.00176   1  37
        1.84928        0.01639   1  38
        1.84928        0.03171   1  39
        1.84928        0.03275   1  40
        1.84928        0.04239   1  41
        1.84928        0.06064   1  42
        1.84928        0.06745   1  43
        1.84928        0.07699   1  44
        1.84928        0.09192   1  45
        1.84928        0.11304   1  46
        1.84928        0.13549   1  47
        1.84928        0.15618   1  48
        1.84928        0.17064   1  49
        1.84928        0.17661   1  50
        1.84928        0.18742   1  51
        1.84928        0.18924   1  52
        1.84928        0.22088   1  53
        1.84928        0.22139   1  54
        1.84928        0.23347   1  55
        1.84928        0.26682   1  56
        1.84928        0.40939   1  57
        1.84928        0.44165   1  58
        1.84928        0.50278   1  59
        1.84928        0.52917   1  60
        1.84928        0.60820   1  61
        1.84928        0.61016   1  62
        1.84928        0.67517   1  63
        1.84928        0.69775   1  64
        1.84928        0.69993   1  65
        1.84928        0.71407   1  66
        1.84928        0.71756   1  67
        1.84928        0.75424   1  68
        1.84928        0.76255   1  69
        1.84928        0.76744   1  70
        1.84928        0.77717   1  71
        1.84928        0.82732   1  72
        1.84928        0.87936   1  73
        1.84928        0.88723   1  74
        1.84928        0.94545   1  75
        1.84928        0.97079   1  76
        1.84928        0.98504   1  77
        1.84928        1.00931   1  78
        1.84928        1.03538   1  79
        1.84928        1.07218   1  80
        1.84928        1.08545   1  81
        1.84928        1.09668   1  82
        1.84928        1.10075   1  83
        1.84928        1.11145   1  84
        1.84928        1.19648   1  85
        1.84928        1.19821   1  86
        1.84928        1.19895   1  87
        1.84928        1.20068   1  88
        1.84928        1.22987   1  89
        1.84928        1.24056   1  90
        1.84928        1.28380   1  91
        1.84928        1.28751   1  92
        1.84928        1.29374   1  93
        1.84928        1.29387   1  94
        1.84928        1.32518   1  95
        1.84928        1.36793   1  96
        1.84928        1.37633   1  97
        1.84928        1.39179   1  98
        1.84928        1.40615   1  99
        1.84928        1.42787   1 100
        1.84928        1.46415   1 101
        1.84928        1.48152   1 102
        1.84928        1.49195   1 103
        1.84928        1.50972   1 104
        1.84928        1.59508   1 105
        1.84928        1.60135   1 106
        1.84928        1.60535   1 107
        1.84928        1.60649   1 108
        1.84928        1.65388   1 109
        1.84928        1.65759   1 110
        1.84928        1.71487   1 111
        1.84928        1.72229   1 112
        1.84928        1.73929   1 113
        1.84928        1.74050   1 114
        1.84928        1.76820   1 115
        1.84928        1.77602   1 116
        1.84928        1.77810   1 117
        1.84928        1.82593   1 118
        1.84928        1.83369   1 119
        1.84928        1.86778   1 120
        1.84928        1.88573   1 121
        1.84928        1.92281   1 122
        1.84928        1.98257   1 123
        1.84928        2.00156   1 124
        1.84928        2.00267   1 125
        1.84928        2.02038   1 126
        1.84928        2.44100   1 127
        1.84928        2.44474   1 128
        1.84928        2.44496   1 129
        1.84928        2.44758   1 130
        1.84928        2.50473   1 131
        1.84928        2.50727   1 132
        1.84928        2.53285   1 133
        1.84928        2.53494   1 134
        1.84928        2.54614   1 135
        1.84928        2.54735   1 136
        1.84928        3.00609   1 137
        1.84928        3.01342   1 138
        1.84928        3.03932   1 139
        1.84928        3.04264   1 140
        1.84928        3.06474   1 141
        1.84928        3.06661   1 142
        1.84928        3.45796   1 143
        1.84928        3.45865   1 144
        1.84928        3.57517   1 145
        1.84928        3.57598   1 146
        1.84928        3.64436   1 147
        1.84928        3.64462   1 148
        1.84928        3.73131   1 149
        1.84928        3.73212   1 150
        1.84928        4.57137   1 151
        1.84928        4.57246   1 152
        1.84928        4.64001   1 153
        1.84928        4.64028   1 154
        1.84928        4.70188   1 155
        1.84928        4.70201   1 156
        1.89095       -0.45829   1   1
        1.89095       -0.42882   1   2
        1.89095       -0.37732   1   3
        1.89095       -0.36337   1   4
        1.89095       -0.31562   1   5
        1.89095       -0.30532   1   6
        1.89095       -0.25596   1   7
        1.89095       -0.24607   1   8
        1.89095       -0.23853   1   9
        1.89095       -0.23357   1  10
        1.89095       -0.21971   1  11
        1.89095       -0.21957   1  12
        1.89095       -0.21214   1  13
        1.89095       -0.20669   1  14
        1.89095       -0.19903   1  15
        1.89095       -0.17152   1  16
        1.89095       -0.16313   1  17
        1.89095       -0.16236   1  18
        1.89095       -0.15967   1  19
        1.89095       -0.15508   1  20
        1.89095       -0.15089   1  21
        1.89095       -0.14630   1  22
        1.89095       -0.13763   1  23
        1.89095       -0.13455   1  24
        1.89095       -0.12292   1  25
        1.89095       -0.12105   1  26
        1.89095       -0.12013   1  27
        1.89095       -0.11577   1  28
        1.89095       -0.10374   1  29
        1.89095       -0.09065   1  30
        1.89095       -0.09028   1  31
        1.89095       -0.08857   1  32
        1.89095       -0.06274   1  33
        1.89095       -0.05222   1  34
        1.89095       -0.03432   1  35
        1.89095       -0.01099   1  36
        1.89095        0.00823   1  37
        1.89095        0.01437   1  38
        1.89095        0.02963   1  39
        1.89095        0.03305   1  40
        1.89095        0.03466   1  41
        1.89095        0.05472   1  42
        1.89095        0.06007   1  43
        1.89095        0.08163   1  44
        1.89095        0.09598   1  45
        1.89095        0.12021   1  46
        1.89095        0.13404   1  47
        1.89095        0.15949   1  48
        1.89095        0.16553   1  49
        1.89095        0.19252   1  50
        1.89095        0.19563   1  51
        1.89095        0.19703   1  52
        1.89095        0.21813   1  53
        1.89095        0.23279   1  54
        1.89095        0.24667   1  55
        1.89095        0.27705   1  56
        1.89095        0.41965   1  57
        1.89095        0.44788   1  58
        1.89095        0.51223   1  59
        1.89095        0.54042   1  60
        1.89095        0.61147   1  61
        1.89095        0.62482   1  62
        1.89095        0.63562   1  63
        1.89095        0.67540   1  64
        1.89095        0.69553   1  65
        1.89095        0.71862   1  66
        1.89095        0.71907   1  67
        1.89095        0.72693   1  68
        1.89095        0.76496   1  69
        1.89095        0.77173   1  70
        1.89095        0.79591   1  71
        1.89095        0.84564   1  72
        1.89095        0.84779   1  73
        1.89095        0.87322   1  74
        1.89095        0.92666   1  75
        1.89095        0.94972   1  76
        1.89095        0.96752   1  77
        1.89095        0.97645   1  78
        1.89095        1.04565   1  79
        1.89095        1.07326   1  80
        1.89095        1.08204   1  81
        1.89095        1.08871   1  82
        1.89095        1.10463   1  83
        1.89095        1.11461   1  84
        1.89095        1.19063   1  85
        1.89095        1.19271   1  86
        1.89095        1.19420   1  87
        1.89095        1.19595   1  88
        1.89095        1.23717   1  89
        1.89095        1.24578   1  90
        1.89095        1.25848   1  91
        1.89095        1.27522   1  92
        1.89095        1.27871   1  93
        1.89095        1.27885   1  94
        1.89095        1.29048   1  95
        1.89095        1.31615   1  96
        1.89095        1.35651   1  97
        1.89095        1.38139   1  98
        1.89095        1.41719   1  99
        1.89095        1.45961   1 100
        1.89095        1.47200   1 101
        1.89095        1.48489   1 102
        1.89095        1.48784   1 103
        1.89095        1.52830   1 104
        1.89095        1.59157   1 105
        1.89095        1.60498   1 106
        1.89095        1.60971   1 107
        1.89095        1.61935   1 108
        1.89095        1.66207   1 109
        1.89095        1.66782   1 110
        1.89095        1.71636   1 111
        1.89095        1.73860   1 112
        1.89095        1.75119   1 113
        1.89095        1.75534   1 114
        1.89095        1.75742   1 115
        1.89095        1.78306   1 116
        1.89095        1.80369   1 117
        1.89095        1.81388   1 118
        1.89095        1.81873   1 119
        1.89095        1.84556   1 120
        1.89095        1.89524   1 121
        1.89095        1.93040   1 122
        1.89095        1.93846   1 123
        1.89095        1.95688   1 124
        1.89095        1.97256   1 125
        1.89095        1.98210   1 126
        1.89095        2.35085   1 127
        1.89095        2.35523   1 128
        1.89095        2.40884   1 129
        1.89095        2.41143   1 130
        1.89095        2.48642   1 131
        1.89095        2.48869   1 132
        1.89095        2.50163   1 133
        1.89095        2.50407   1 134
        1.89095        2.51898   1 135
        1.89095        2.52001   1 136
        1.89095        2.93948   1 137
        1.89095        2.94188   1 138
        1.89095        2.99935   1 139
        1.89095        3.00108   1 140
        1.89095        3.00173   1 141
        1.89095        3.01235   1 142
        1.89095        3.39166   1 143
        1.89095        3.39348   1 144
        1.89095        3.46473   1 145
        1.89095        3.46518   1 146
        1.89095        3.49048   1 147
        1.89095        3.49062   1 148
        1.89095        3.51574   1 149
        1.89095        3.51595   1 150
        1.89095        4.34905   1 151
        1.89095        4.34933   1 152
        1.89095        4.40820   1 153
        1.89095        4.40848   1 154
        1.89095        4.46778   1 155
        1.89095        4.46796   1 156
        1.93261       -0.44505   1   1
        1.93261       -0.41688   1   2
        1.93261       -0.37164   1   3
        1.93261       -0.35801   1   4
        1.93261       -0.32511   1   5
        1.93261       -0.31348   1   6
        1.93261       -0.26811   1   7
        1.93261       -0.25719   1   8
        1.93261       -0.24388   1   9
        1.93261       -0.24185   1  10
        1.93261       -0.23502   1  11
        1.93261       -0.22358   1  12
        1.93261       -0.21458   1  13
        1.93261       -0.20543   1  14
        1.93261       -0.19733   1  15
        1.93261       -0.18651   1  16
        1.93261       -0.17993   1  17
        1.93261       -0.16238   1  18
        1.93261       -0.15887   1  19
        1.93261       -0.15215   1  20
        1.93261       -0.14727   1  21
        1.93261       -0.14485   1  22
        1.93261       -0.14381   1  23
        1.93261       -0.13498   1  24
        1.93261       -0.12671   1  25
        1.93261       -0.12267   1  26
        1.93261       -0.12120   1  27
        1.93261       -0.12039   1  28
        1.93261       -0.10200   1  29
        1.93261       -0.08927   1  30
        1.93261       -0.08748   1  31
        1.93261       -0.08170   1  32
        1.93261       -0.06374   1  33
        1.93261       -0.04712   1  34
        1.93261       -0.03207   1  35
        1.93261       -0.01391   1  36
        1.93261        0.01381   1  37
        1.93261        0.01526   1  38
        1.93261        0.02475   1  39
        1.93261        0.02746   1  40
        1.93261        0.03540   1  41
        1.93261        0.04709   1  42
        1.93261        0.05239   1  43
        1.93261        0.08790   1  44
        1.93261        0.09871   1  45
        1.93261        0.12621   1  46
        1.93261        0.13358   1  47
        1.93261        0.15980   1  48
        1.93261        0.16301   1  49
        1.93261        0.20022   1  50
        1.93261        0.20255   1  51
        1.93261        0.21215   1  52
        1.93261        0.21554   1  53
        1.93261        0.25287   1  54
        1.93261        0.26417   1  55
        1.93261        0.28986   1  56
        1.93261        0.42906   1  57
        1.93261        0.45354   1  58
        1.93261        0.51987   1  59
        1.93261        0.55099   1  60
        1.93261        0.55363   1  61
        1.93261        0.61263   1  62
        1.93261        0.64618   1  63
        1.93261        0.65193   1  64
        1.93261        0.69288   1  65
        1.93261        0.70894   1  66
        1.93261        0.71764   1  67
        1.93261        0.73408   1  68
        1.93261        0.76928   1  69
        1.93261        0.77813   1  70
        1.93261        0.79682   1  71
        1.93261        0.82178   1  72
        1.93261        0.83289   1  73
        1.93261        0.87538   1  74
        1.93261        0.92307   1  75
        1.93261        0.93396   1  76
        1.93261        0.95170   1  77
        1.93261        0.95877   1  78
        1.93261        1.05798   1  79
        1.93261        1.06071   1  80
        1.93261        1.08213   1  81
        1.93261        1.09577   1  82
        1.93261        1.10887   1  83
        1.93261        1.11794   1  84
        1.93261        1.18269   1  85
        1.93261        1.18440   1  86
        1.93261        1.19249   1  87
        1.93261        1.19327   1  88
        1.93261        1.20967   1  89
        1.93261        1.24400   1  90
        1.93261        1.24638   1  91
        1.93261        1.24709   1  92
        1.93261        1.26107   1  93
        1.93261        1.26126   1  94
        1.93261        1.28420   1  95
        1.93261        1.29444   1  96
        1.93261        1.33633   1  97
        1.93261        1.35883   1  98
        1.93261        1.42500   1  99
        1.93261        1.46634   1 100
        1.93261        1.47217   1 101
        1.93261        1.48427   1 102
        1.93261        1.49931   1 103
        1.93261        1.53670   1 104
        1.93261        1.57763   1 105
        1.93261        1.59796   1 106
        1.93261        1.61554   1 107
        1.93261        1.63024   1 108
        1.93261        1.66612   1 109
        1.93261        1.67898   1 110
        1.93261        1.68423   1 111
        1.93261        1.71123   1 112
        1.93261        1.76149   1 113
        1.93261        1.76885   1 114
        1.93261        1.77057   1 115
        1.93261        1.77282   1 116
        1.93261        1.79591   1 117
        1.93261        1.82026   1 118
        1.93261        1.83443   1 119
        1.93261        1.85929   1 120
        1.93261        1.89515   1 121
        1.93261        1.91094   1 122
        1.93261        1.91544   1 123
        1.93261        1.93199   1 124
        1.93261        1.94324   1 125
        1.93261        1.94562   1 126
        1.93261        2.27407   1 127
        1.93261        2.27858   1 128
        1.93261        2.36605   1 129
        1.93261        2.36839   1 130
        1.93261        2.42455   1 131
        1.93261        2.42654   1 132
        1.93261        2.45168   1 133
        1.93261        2.45396   1 134
        1.93261        2.51796   1 135
        1.93261        2.51925   1 136
        1.93261        2.84294   1 137
        1.93261        2.84445   1 138
        1.93261        2.92635   1 139
        1.93261        2.92768   1 140
        1.93261        2.96587   1 141
        1.93261        2.97754   1 142
        1.93261        3.20219   1 143
        1.93261        3.20597   1 144
        1.93261        3.25825   1 145
        1.93261        3.25880   1 146
        1.93261        3.29651   1 147
        1.93261        3.29687   1 148
        1.93261        3.47472   1 149
        1.93261        3.47502   1 150
        1.93261        4.10074   1 151
        1.93261        4.10120   1 152
        1.93261        4.13701   1 153
        1.93261        4.13720   1 154
        1.93261        4.19532   1 155
        1.93261        4.19552   1 156
        1.97428       -0.42945   1   1
        1.97428       -0.40350   1   2
        1.97428       -0.36679   1   3
        1.97428       -0.35620   1   4
        1.97428       -0.33854   1   5
        1.97428       -0.32235   1   6
        1.97428       -0.28333   1   7
        1.97428       -0.27498   1   8
        1.97428       -0.25900   1   9
        1.97428       -0.25372   1  10
        1.97428       -0.24130   1  11
        1.97428       -0.22689   1  12
        1.97428       -0.20728   1  13
        1.97428       -0.20400   1  14
        1.97428       -0.19814   1  15
        1.97428       -0.19523   1  16
        1.97428       -0.19310   1  17
        1.97428       -0.16205   1  18
        1.97428       -0.15794   1  19
        1.97428       -0.14939   1  20
        1.97428       -0.14735   1  21
        1.97428       -0.14595   1  22
        1.97428       -0.13891   1  23
        1.97428       -0.13457   1  24
        1.97428       -0.12833   1  25
        1.97428       -0.12814   1  26
        1.97428       -0.12281   1  27
        1.97428       -0.12255   1  28
        1.97428       -0.10073   1  29
        1.97428       -0.08891   1  30
        1.97428       -0.08635   1  31
        1.97428       -0.07162   1  32
        1.97428       -0.06408   1  33
        1.97428       -0.04243   1  34
        1.97428       -0.03007   1  35
        1.97428       -0.01612   1  36
        1.97428        0.01555   1  37
        1.97428        0.01580   1  38
        1.97428        0.02258   1  39
        1.97428        0.02565   1  40
        1.97428        0.03678   1  41
        1.97428        0.03914   1  42
        1.97428        0.04625   1  43
        1.97428        0.09305   1  44
        1.97428        0.09951   1  45
        1.97428        0.13081   1  46
        1.97428        0.13429   1  47
        1.97428        0.15637   1  48
        1.97428        0.16500   1  49
        1.97428        0.20124   1  50
        1.97428        0.20977   1  51
        1.97428        0.21384   1  52
        1.97428        0.23144   1  53
        1.97428        0.27850   1  54
        1.97428        0.28573   1  55
        1.97428        0.30458   1  56
        1.97428        0.43230   1  57
        1.97428        0.45573   1  58
        1.97428        0.47908   1  59
        1.97428        0.53370   1  60
        1.97428        0.55509   1  61
        1.97428        0.56050   1  62
        1.97428        0.66255   1  63
        1.97428        0.66760   1  64
        1.97428        0.68387   1  65
        1.97428        0.69341   1  66
        1.97428        0.70073   1  67
        1.97428        0.73014   1  68
        1.97428        0.76747   1  69
        1.97428        0.77879   1  70
        1.97428        0.78476   1  71
        1.97428        0.80152   1  72
        1.97428        0.85400   1  73
        1.97428        0.90924   1  74
        1.97428        0.91845   1  75
        1.97428        0.92351   1  76
        1.97428        0.93711   1  77
        1.97428        0.94826   1  78
        1.97428        1.04376   1  79
        1.97428        1.07742   1  80
        1.97428        1.07828   1  81
        1.97428        1.11017   1  82
        1.97428        1.11193   1  83
        1.97428        1.12175   1  84
        1.97428        1.17200   1  85
        1.97428        1.17316   1  86
        1.97428        1.17456   1  87
        1.97428        1.18760   1  88
        1.97428        1.20238   1  89
        1.97428        1.21432   1  90
        1.97428        1.24257   1  91
        1.97428        1.24324   1  92
        1.97428        1.24430   1  93
        1.97428        1.24472   1  94
        1.97428        1.29489   1  95
        1.97428        1.30382   1  96
        1.97428        1.32067   1  97
        1.97428        1.34272   1  98
        1.97428        1.39916   1  99
        1.97428        1.44789   1 100
        1.97428        1.46455   1 101
        1.97428        1.48412   1 102
        1.97428        1.49481   1 103
        1.97428        1.52981   1 104
        1.97428        1.56194   1 105
        1.97428        1.59797   1 106
        1.97428        1.61288   1 107
        1.97428        1.62302   1 108
        1.97428        1.63327   1 109
        1.97428        1.65101   1 110
        1.97428        1.68905   1 111
        1.97428        1.70328   1 112
        1.97428        1.74216   1 113
        1.97428        1.76313   1 114
        1.97428        1.76499   1 115
        1.97428        1.77097   1 116
        1.97428        1.80224   1 117
        1.97428        1.81250   1 118
        1.97428        1.84992   1 119
        1.97428        1.86783   1 120
        1.97428        1.87264   1 121
        1.97428        1.88760   1 122
        1.97428        1.91127   1 123
        1.97428        1.91322   1 124
        1.97428        1.95598   1 125
        1.97428        1.96308   1 126
        1.97428        2.25996   1 127
        1.97428        2.26340   1 128
        1.97428        2.32611   1 129
        1.97428        2.32812   1 130
        1.97428        2.35030   1 131
        1.97428        2.35220   1 132
        1.97428        2.38088   1 133
        1.97428        2.38368   1 134
        1.97428        2.50784   1 135
        1.97428        2.50905   1 136
        1.97428        2.73352   1 137
        1.97428        2.73466   1 138
        1.97428        2.85120   1 139
        1.97428        2.85199   1 140
        1.97428        2.87302   1 141
        1.97428        2.87905   1 142
        1.97428        3.02229   1 143
        1.97428        3.02764   1 144
        1.97428        3.05648   1 145
        1.97428        3.05728   1 146
        1.97428        3.14861   1 147
        1.97428        3.15663   1 148
        1.97428        3.47364   1 149
        1.97428        3.47410   1 150
        1.97428        3.82977   1 151
        1.97428        3.83124   1 152
        1.97428        3.90574   1 153
        1.97428        3.90630   1 154
        1.97428        3.98648   1 155
        1.97428        3.98661   1 156
        2.01595       -0.41386   1   1
        2.01595       -0.39152   1   2
        2.01595       -0.36989   1   3
        2.01595       -0.36496   1   4
        2.01595       -0.34838   1   5
        2.01595       -0.32508   1   6
        2.01595       -0.29774   1   7
        2.01595       -0.28868   1   8
        2.01595       -0.27908   1   9
        2.01595       -0.27311   1  10
        2.01595       -0.23980   1  11
        2.01595       -0.22713   1  12
        2.01595       -0.20418   1  13
        2.01595       -0.20266   1  14
        2.01595       -0.20240   1  15
        2.01595       -0.19374   1  16
        2.01595       -0.19297   1  17
        2.01595       -0.16252   1  18
        2.01595       -0.15688   1  19
        2.01595       -0.15326   1  20
        2.01595       -0.14692   1  21
        2.01595       -0.14584   1  22
        2.01595       -0.13643   1  23
        2.01595       -0.13478   1  24
        2.01595       -0.13164   1  25
        2.01595       -0.12440   1  26
        2.01595       -0.12413   1  27
        2.01595       -0.12029   1  28
        2.01595       -0.10037   1  29
        2.01595       -0.08958   1  30
        2.01595       -0.08613   1  31
        2.01595       -0.06429   1  32
        2.01595       -0.06025   1  33
        2.01595       -0.03923   1  34
        2.01595       -0.02738   1  35
        2.01595       -0.01718   1  36
        2.01595        0.00751   1  37
        2.01595        0.02065   1  38
        2.01595        0.02461   1  39
        2.01595        0.02872   1  40
        2.01595        0.03009   1  41
        2.01595        0.04032   1  42
        2.01595        0.04242   1  43
        2.01595        0.09542   1  44
        2.01595        0.09831   1  45
        2.01595        0.13412   1  46
        2.01595        0.13638   1  47
        2.01595        0.15530   1  48
        2.01595        0.16610   1  49
        2.01595        0.20158   1  50
        2.01595        0.21326   1  51
        2.01595        0.21634   1  52
        2.01595        0.25018   1  53
        2.01595        0.30727   1  54
        2.01595        0.31163   1  55
        2.01595        0.32055   1  56
        2.01595        0.40078   1  57
        2.01595        0.44811   1  58
        2.01595        0.45031   1  59
        2.01595        0.50515   1  60
        2.01595        0.53209   1  61
        2.01595        0.55880   1  62
        2.01595        0.64814   1  63
        2.01595        0.67002   1  64
        2.01595        0.67097   1  65
        2.01595        0.68521   1  66
        2.01595        0.70040   1  67
        2.01595        0.70446   1  68
        2.01595        0.76810   1  69
        2.01595        0.77316   1  70
        2.01595        0.79405   1  71
        2.01595        0.80472   1  72
        2.01595        0.89174   1  73
        2.01595        0.90702   1  74
        2.01595        0.91030   1  75
        2.01595        0.92642   1  76
        2.01595        0.94392   1  77
        2.01595        0.94840   1  78
        2.01595        1.03416   1  79
        2.01595        1.07702   1  80
        2.01595        1.09563   1  81
        2.01595        1.11359   1  82
        2.01595        1.11379   1  83
        2.01595        1.13464   1  84
        2.01595        1.15822   1  85
        2.01595        1.16199   1  86
        2.01595        1.16387   1  87
        2.01595        1.17177   1  88
        2.01595        1.21637   1  89
        2.01595        1.22088   1  90
        2.01595        1.22518   1  91
        2.01595        1.22757   1  92
        2.01595        1.24056   1  93
        2.01595        1.24125   1  94
        2.01595        1.31072   1  95
        2.01595        1.31330   1  96
        2.01595        1.32372   1  97
        2.01595        1.33611   1  98
        2.01595        1.35887   1  99
        2.01595        1.40214   1 100
        2.01595        1.46527   1 101
        2.01595        1.47011   1 102
        2.01595        1.48649   1 103
        2.01595        1.50358   1 104
        2.01595        1.52441   1 105
        2.01595        1.58109   1 106
        2.01595        1.59642   1 107
        2.01595        1.59870   1 108
        2.01595        1.61851   1 109
        2.01595        1.62572   1 110
        2.01595        1.68428   1 111
        2.01595        1.69370   1 112
        2.01595        1.69741   1 113
        2.01595        1.72006   1 114
        2.01595        1.74839   1 115
        2.01595        1.75277   1 116
        2.01595        1.81884   1 117
        2.01595        1.83000   1 118
        2.01595        1.86660   1 119
        2.01595        1.87458   1 120
        2.01595        1.87594   1 121
        2.01595        1.88515   1 122
        2.01595        1.90404   1 123
        2.01595        1.91447   1 124
        2.01595        1.99676   1 125
        2.01595        1.99942   1 126
        2.01595        2.27207   1 127
        2.01595        2.27213   1 128
        2.01595        2.28902   1 129
        2.01595        2.28964   1 130
        2.01595        2.29200   1 131
        2.01595        2.29652   1 132
        2.01595        2.30695   1 133
        2.01595        2.31146   1 134
        2.01595        2.49073   1 135
        2.01595        2.49164   1 136
        2.01595        2.62553   1 137
        2.01595        2.62642   1 138
        2.01595        2.72744   1 139
        2.01595        2.73025   1 140
        2.01595        2.77770   1 141
        2.01595        2.77818   1 142
        2.01595        2.86319   1 143
        2.01595        2.86513   1 144
        2.01595        2.88970   1 145
        2.01595        2.89185   1 146
        2.01595        3.10613   1 147
        2.01595        3.12303   1 148
        2.01595        3.47088   1 149
        2.01595        3.47113   1 150
        2.01595        3.61713   1 151
        2.01595        3.61859   1 152
        2.01595        3.75201   1 153
        2.01595        3.75210   1 154
        2.01595        3.82197   1 155
        2.01595        3.82234   1 156
        2.05761       -0.40238   1   1
        2.05761       -0.38683   1   2
        2.05761       -0.38469   1   3
        2.05761       -0.38042   1   4
        2.05761       -0.34797   1   5
        2.05761       -0.32320   1   6
        2.05761       -0.31180   1   7
        2.05761       -0.30535   1   8
        2.05761       -0.29380   1   9
        2.05761       -0.27673   1  10
        2.05761       -0.23871   1  11
        2.05761       -0.22633   1  12
        2.05761       -0.20531   1  13
        2.05761       -0.20196   1  14
        2.05761       -0.20129   1  15
        2.05761       -0.19061   1  16
        2.05761       -0.18416   1  17
        2.05761       -0.16443   1  18
        2.05761       -0.15575   1  19
        2.05761       -0.15471   1  20
        2.05761       -0.14948   1  21
        2.05761       -0.14846   1  22
        2.05761       -0.14277   1  23
        2.05761       -0.13454   1  24
        2.05761       -0.12677   1  25
        2.05761       -0.12611   1  26
        2.05761       -0.12589   1  27
        2.05761       -0.10571   1  28
        2.05761       -0.10139   1  29
        2.05761       -0.09116   1  30
        2.05761       -0.08622   1  31
        2.05761       -0.06380   1  32
        2.05761       -0.04895   1  33
        2.05761       -0.03828   1  34
        2.05761       -0.02280   1  35
        2.05761       -0.01708   1  36
        2.05761        0.00019   1  37
        2.05761        0.02078   1  38
        2.05761        0.02464   1  39
        2.05761        0.02971   1  40
        2.05761        0.03415   1  41
        2.05761        0.03987   1  42
        2.05761        0.04598   1  43
        2.05761        0.09510   1  44
        2.05761        0.09584   1  45
        2.05761        0.13651   1  46
        2.05761        0.14033   1  47
        2.05761        0.15468   1  48
        2.05761        0.16782   1  49
        2.05761        0.20191   1  50
        2.05761        0.21392   1  51
        2.05761        0.22178   1  52
        2.05761        0.26038   1  53
        2.05761        0.33041   1  54
        2.05761        0.33940   1  55
        2.05761        0.34053   1  56
        2.05761        0.34932   1  57
        2.05761        0.41922   1  58
        2.05761        0.44202   1  59
        2.05761        0.47932   1  60
        2.05761        0.51682   1  61
        2.05761        0.54249   1  62
        2.05761        0.62652   1  63
        2.05761        0.65390   1  64
        2.05761        0.65551   1  65
        2.05761        0.68441   1  66
        2.05761        0.69093   1  67
        2.05761        0.70844   1  68
        2.05761        0.76856   1  69
        2.05761        0.77149   1  70
        2.05761        0.80412   1  71
        2.05761        0.81233   1  72
        2.05761        0.89291   1  73
        2.05761        0.89847   1  74
        2.05761        0.92113   1  75
        2.05761        0.93429   1  76
        2.05761        0.94201   1  77
        2.05761        0.99127   1  78
        2.05761        1.03283   1  79
        2.05761        1.07930   1  80
        2.05761        1.10291   1  81
        2.05761        1.11004   1  82
        2.05761        1.12334   1  83
        2.05761        1.14423   1  84
        2.05761        1.15156   1  85
        2.05761        1.15850   1  86
        2.05761        1.16051   1  87
        2.05761        1.17089   1  88
        2.05761        1.21225   1  89
        2.05761        1.22011   1  90
        2.05761        1.23265   1  91
        2.05761        1.23485   1  92
        2.05761        1.24088   1  93
        2.05761        1.24479   1  94
        2.05761        1.29636   1  95
        2.05761        1.31543   1  96
        2.05761        1.33903   1  97
        2.05761        1.33996   1  98
        2.05761        1.35792   1  99
        2.05761        1.36541   1 100
        2.05761        1.44019   1 101
        2.05761        1.46562   1 102
        2.05761        1.47327   1 103
        2.05761        1.47605   1 104
        2.05761        1.48912   1 105
        2.05761        1.53369   1 106
        2.05761        1.56569   1 107
        2.05761        1.56855   1 108
        2.05761        1.59696   1 109
        2.05761        1.60507   1 110
        2.05761        1.63705   1 111
        2.05761        1.65364   1 112
        2.05761        1.66502   1 113
        2.05761        1.66959   1 114
        2.05761        1.74656   1 115
        2.05761        1.75651   1 116
        2.05761        1.83868   1 117
        2.05761        1.84493   1 118
        2.05761        1.88361   1 119
        2.05761        1.88569   1 120
        2.05761        1.90294   1 121
        2.05761        1.90490   1 122
        2.05761        1.90962   1 123
        2.05761        1.91836   1 124
        2.05761        2.03834   1 125
        2.05761        2.03960   1 126
        2.05761        2.21365   1 127
        2.05761        2.21515   1 128
        2.05761        2.23405   1 129
        2.05761        2.23530   1 130
        2.05761        2.26405   1 131
        2.05761        2.26784   1 132
        2.05761        2.31810   1 133
        2.05761        2.32048   1 134
        2.05761        2.46855   1 135
        2.05761        2.46917   1 136
        2.05761        2.53158   1 137
        2.05761        2.53231   1 138
        2.05761        2.59776   1 139
        2.05761        2.59988   1 140
        2.05761        2.70422   1 141
        2.05761        2.70481   1 142
        2.05761        2.71140   1 143
        2.05761        2.71185   1 144
        2.05761        2.77060   1 145
        2.05761        2.77228   1 146
        2.05761        3.10318   1 147
        2.05761        3.12397   1 148
        2.05761        3.46719   1 149
        2.05761        3.46726   1 150
        2.05761        3.47333   1 151
        2.05761        3.47440   1 152
        2.05761        3.65184   1 153
        2.05761        3.65241   1 154
        2.05761        3.69782   1 155
        2.05761        3.69835   1 156
        2.09928       -0.40549   1   1
        2.09928       -0.39980   1   2
        2.09928       -0.39625   1   3
        2.09928       -0.38862   1   4
        2.09928       -0.34013   1   5
        2.09928       -0.33067   1   6
        2.09928       -0.32897   1   7
        2.09928       -0.31282   1   8
        2.09928       -0.29463   1   9
        2.09928       -0.26334   1  10
        2.09928       -0.23798   1  11
        2.09928       -0.22474   1  12
        2.09928       -0.20451   1  13
        2.09928       -0.20034   1  14
        2.09928       -0.19945   1  15
        2.09928       -0.18825   1  16
        2.09928       -0.17345   1  17
        2.09928       -0.16689   1  18
        2.09928       -0.15467   1  19
        2.09928       -0.15450   1  20
        2.09928       -0.15331   1  21
        2.09928       -0.15301   1  22
        2.09928       -0.14906   1  23
        2.09928       -0.13204   1  24
        2.09928       -0.12794   1  25
        2.09928       -0.12778   1  26
        2.09928       -0.12284   1  27
        2.09928       -0.10412   1  28
        2.09928       -0.09663   1  29
        2.09928       -0.09329   1  30
        2.09928       -0.07960   1  31
        2.09928       -0.06326   1  32
        2.09928       -0.03904   1  33
        2.09928       -0.03766   1  34
        2.09928       -0.01699   1  35
        2.09928       -0.01538   1  36
        2.09928       -0.00588   1  37
        2.09928        0.01410   1  38
        2.09928        0.02449   1  39
        2.09928        0.03557   1  40
        2.09928        0.03868   1  41
        2.09928        0.04363   1  42
        2.09928        0.05301   1  43
        2.09928        0.09197   1  44
        2.09928        0.09626   1  45
        2.09928        0.13849   1  46
        2.09928        0.14523   1  47
        2.09928        0.15268   1  48
        2.09928        0.17157   1  49
        2.09928        0.20205   1  50
        2.09928        0.21530   1  51
        2.09928        0.22611   1  52
        2.09928        0.23788   1  53
        2.09928        0.32290   1  54
        2.09928        0.32739   1  55
        2.09928        0.36898   1  56
        2.09928        0.36962   1  57
        2.09928        0.39497   1  58
        2.09928        0.41983   1  59
        2.09928        0.46293   1  60
        2.09928        0.49983   1  61
        2.09928        0.51702   1  62
        2.09928        0.61433   1  63
        2.09928        0.63024   1  64
        2.09928        0.64400   1  65
        2.09928        0.67896   1  66
        2.09928        0.68789   1  67
        2.09928        0.70932   1  68
        2.09928        0.76683   1  69
        2.09928        0.76898   1  70
        2.09928        0.81290   1  71
        2.09928        0.81933   1  72
        2.09928        0.88130   1  73
        2.09928        0.89019   1  74
        2.09928        0.92326   1  75
        2.09928        0.94317   1  76
        2.09928        0.98065   1  77
        2.09928        1.03346   1  78
        2.09928        1.03859   1  79
        2.09928        1.08550   1  80
        2.09928        1.09985   1  81
        2.09928        1.10612   1  82
        2.09928        1.13163   1  83
        2.09928        1.13815   1  84
        2.09928        1.14735   1  85
        2.09928        1.16039   1  86
        2.09928        1.16755   1  87
        2.09928        1.18169   1  88
        2.09928        1.21102   1  89
        2.09928        1.23092   1  90
        2.09928        1.23294   1  91
        2.09928        1.23456   1  92
        2.09928        1.24619   1  93
        2.09928        1.26893   1  94
        2.09928        1.28627   1  95
        2.09928        1.31054   1  96
        2.09928        1.32602   1  97
        2.09928        1.35137   1  98
        2.09928        1.38502   1  99
        2.09928        1.38634   1 100
        2.09928        1.41930   1 101
        2.09928        1.43336   1 102
        2.09928        1.45346   1 103
        2.09928        1.46189   1 104
        2.09928        1.48455   1 105
        2.09928        1.49088   1 106
        2.09928        1.51852   1 107
        2.09928        1.53220   1 108
        2.09928        1.55786   1 109
        2.09928        1.56625   1 110
        2.09928        1.58523   1 111
        2.09928        1.58768   1 112
        2.09928        1.63731   1 113
        2.09928        1.64509   1 114
        2.09928        1.75792   1 115
        2.09928        1.76648   1 116
        2.09928        1.86694   1 117
        2.09928        1.86938   1 118
        2.09928        1.89635   1 119
        2.09928        1.89640   1 120
        2.09928        1.90855   1 121
        2.09928        1.92577   1 122
        2.09928        1.93576   1 123
        2.09928        1.93925   1 124
        2.09928        2.07548   1 125
        2.09928        2.07622   1 126
        2.09928        2.17107   1 127
        2.09928        2.17293   1 128
        2.09928        2.18737   1 129
        2.09928        2.18893   1 130
        2.09928        2.23710   1 131
        2.09928        2.24015   1 132
        2.09928        2.33972   1 133
        2.09928        2.34098   1 134
        2.09928        2.42705   1 135
        2.09928        2.42761   1 136
        2.09928        2.45209   1 137
        2.09928        2.45274   1 138
        2.09928        2.48454   1 139
        2.09928        2.48639   1 140
        2.09928        2.56428   1 141
        2.09928        2.56441   1 142
        2.09928        2.65583   1 143
        2.09928        2.65633   1 144
        2.09928        2.69209   1 145
        2.09928        2.69257   1 146
        2.09928        3.10696   1 147
        2.09928        3.12946   1 148
        2.09928        3.38783   1 149
        2.09928        3.38875   1 150
        2.09928        3.46689   1 151
        2.09928        3.46700   1 152
        2.09928        3.57582   1 153
        2.09928        3.57711   1 154
        2.09928        3.61864   1 155
        2.09928        3.61893   1 156
        2.14095       -0.41967   1   1
        2.14095       -0.41499   1   2
        2.14095       -0.40283   1   3
        2.14095       -0.39747   1   4
        2.14095       -0.34897   1   5
        2.14095       -0.34721   1   6
        2.14095       -0.32651   1   7
        2.14095       -0.30133   1   8
        2.14095       -0.28986   1   9
        2.14095       -0.24305   1  10
        2.14095       -0.23752   1  11
        2.14095       -0.22171   1  12
        2.14095       -0.20277   1  13
        2.14095       -0.19971   1  14
        2.14095       -0.19737   1  15
        2.14095       -0.18612   1  16
        2.14095       -0.16890   1  17
        2.14095       -0.16416   1  18
        2.14095       -0.15845   1  19
        2.14095       -0.15705   1  20
        2.14095       -0.15436   1  21
        2.14095       -0.15352   1  22
        2.14095       -0.15337   1  23
        2.14095       -0.12973   1  24
        2.14095       -0.12964   1  25
        2.14095       -0.12800   1  26
        2.14095       -0.12177   1  27
        2.14095       -0.10773   1  28
        2.14095       -0.09775   1  29
        2.14095       -0.09560   1  30
        2.14095       -0.06409   1  31
        2.14095       -0.06246   1  32
        2.14095       -0.04024   1  33
        2.14095       -0.02726   1  34
        2.14095       -0.01556   1  35
        2.14095       -0.00981   1  36
        2.14095       -0.00711   1  37
        2.14095        0.00830   1  38
        2.14095        0.02501   1  39
        2.14095        0.03469   1  40
        2.14095        0.04221   1  41
        2.14095        0.05191   1  42
        2.14095        0.06298   1  43
        2.14095        0.08847   1  44
        2.14095        0.10305   1  45
        2.14095        0.14025   1  46
        2.14095        0.14750   1  47
        2.14095        0.15221   1  48
        2.14095        0.17651   1  49
        2.14095        0.18705   1  50
        2.14095        0.20182   1  51
        2.14095        0.21695   1  52
        2.14095        0.22939   1  53
        2.14095        0.29803   1  54
        2.14095        0.32185   1  55
        2.14095        0.38940   1  56
        2.14095        0.39211   1  57
        2.14095        0.40222   1  58
        2.14095        0.40331   1  59
        2.14095        0.43965   1  60
        2.14095        0.49093   1  61
        2.14095        0.49865   1  62
        2.14095        0.59629   1  63
        2.14095        0.60601   1  64
        2.14095        0.63987   1  65
        2.14095        0.67607   1  66
        2.14095        0.67698   1  67
        2.14095        0.70215   1  68
        2.14095        0.76452   1  69
        2.14095        0.76619   1  70
        2.14095        0.82149   1  71
        2.14095        0.82661   1  72
        2.14095        0.87477   1  73
        2.14095        0.88612   1  74
        2.14095        0.93172   1  75
        2.14095        0.94724   1  76
        2.14095        1.02808   1  77
        2.14095        1.04079   1  78
        2.14095        1.07052   1  79
        2.14095        1.09300   1  80
        2.14095        1.09725   1  81
        2.14095        1.10936   1  82
        2.14095        1.12760   1  83
        2.14095        1.13227   1  84
        2.14095        1.14657   1  85
        2.14095        1.15947   1  86
        2.14095        1.16480   1  87
        2.14095        1.19129   1  88
        2.14095        1.21997   1  89
        2.14095        1.22848   1  90
        2.14095        1.23618   1  91
        2.14095        1.25043   1  92
        2.14095        1.25888   1  93
        2.14095        1.26865   1  94
        2.14095        1.31076   1  95
        2.14095        1.31350   1  96
        2.14095        1.34213   1  97
        2.14095        1.36867   1  98
        2.14095        1.39404   1  99
        2.14095        1.40746   1 100
        2.14095        1.41347   1 101
        2.14095        1.42590   1 102
        2.14095        1.42670   1 103
        2.14095        1.44283   1 104
        2.14095        1.45395   1 105
        2.14095        1.48475   1 106
        2.14095        1.48602   1 107
        2.14095        1.49935   1 108
        2.14095        1.50443   1 109
        2.14095        1.51852   1 110
        2.14095        1.54057   1 111
        2.14095        1.54276   1 112
        2.14095        1.60659   1 113
        2.14095        1.61962   1 114
        2.14095        1.77680   1 115
        2.14095        1.78213   1 116
        2.14095        1.89938   1 117
        2.14095        1.90042   1 118
        2.14095        1.90572   1 119
        2.14095        1.90574   1 120
        2.14095        1.91700   1 121
        2.14095        1.93467   1 122
        2.14095        1.96358   1 123
        2.14095        1.96655   1 124
        2.14095        2.10512   1 125
        2.14095        2.10563   1 126
        2.14095        2.14452   1 127
        2.14095        2.14638   1 128
        2.14095        2.15246   1 129
        2.14095        2.15375   1 130
        2.14095        2.23180   1 131
        2.14095        2.23442   1 132
        2.14095        2.34234   1 133
        2.14095        2.34312   1 134
        2.14095        2.36552   1 135
        2.14095        2.36596   1 136
        2.14095        2.37514   1 137
        2.14095        2.37676   1 138
        2.14095        2.39792   1 139
        2.14095        2.39851   1 140
        2.14095        2.45752   1 141
        2.14095        2.45776   1 142
        2.14095        2.60737   1 143
        2.14095        2.60788   1 144
        2.14095        2.64183   1 145
        2.14095        2.64215   1 146
        2.14095        3.11618   1 147
        2.14095        3.13921   1 148
        2.14095        3.35989   1 149
        2.14095        3.36091   1 150
        2.14095        3.47517   1 151
        2.14095        3.47529   1 152
        2.14095        3.52026   1 153
        2.14095        3.52178   1 154
        2.14095        3.56401   1 155
        2.14095        3.56412   1 156
        2.18261       -0.43133   1   1
        2.18261       -0.42680   1   2
        2.18261       -0.40999   1   3
        2.18261       -0.40586   1   4
        2.18261       -0.36334   1   5
        2.18261       -0.36182   1   6
        2.18261       -0.31267   1   7
        2.18261       -0.28898   1   8
        2.18261       -0.28589   1   9
        2.18261       -0.23734   1  10
        2.18261       -0.22052   1  11
        2.18261       -0.21680   1  12
        2.18261       -0.20158   1  13
        2.18261       -0.19943   1  14
        2.18261       -0.19717   1  15
        2.18261       -0.18444   1  16
        2.18261       -0.17016   1  17
        2.18261       -0.16382   1  18
        2.18261       -0.16291   1  19
        2.18261       -0.15816   1  20
        2.18261       -0.15317   1  21
        2.18261       -0.15266   1  22
        2.18261       -0.15235   1  23
        2.18261       -0.13130   1  24
        2.18261       -0.13125   1  25
        2.18261       -0.12602   1  26
        2.18261       -0.12339   1  27
        2.18261       -0.10992   1  28
        2.18261       -0.10056   1  29
        2.18261       -0.09768   1  30
        2.18261       -0.06213   1  31
        2.18261       -0.04956   1  32
        2.18261       -0.04138   1  33
        2.18261       -0.01779   1  34
        2.18261       -0.01582   1  35
        2.18261       -0.01022   1  36
        2.18261        0.00389   1  37
        2.18261        0.00421   1  38
        2.18261        0.02549   1  39
        2.18261        0.03138   1  40
        2.18261        0.04462   1  41
        2.18261        0.05574   1  42
        2.18261        0.07621   1  43
        2.18261        0.08547   1  44
        2.18261        0.11757   1  45
        2.18261        0.13787   1  46
        2.18261        0.14161   1  47
        2.18261        0.14598   1  48
        2.18261        0.15526   1  49
        2.18261        0.18102   1  50
        2.18261        0.20203   1  51
        2.18261        0.21839   1  52
        2.18261        0.23160   1  53
        2.18261        0.26472   1  54
        2.18261        0.30671   1  55
        2.18261        0.38550   1  56
        2.18261        0.39660   1  57
        2.18261        0.41199   1  58
        2.18261        0.42635   1  59
        2.18261        0.43660   1  60
        2.18261        0.48948   1  61
        2.18261        0.49202   1  62
        2.18261        0.57349   1  63
        2.18261        0.58079   1  64
        2.18261        0.63625   1  65
        2.18261        0.66139   1  66
        2.18261        0.67465   1  67
        2.18261        0.69027   1  68
        2.18261        0.76289   1  69
        2.18261        0.76423   1  70
        2.18261        0.83024   1  71
        2.18261        0.83380   1  72
        2.18261        0.87333   1  73
        2.18261        0.88690   1  74
        2.18261        0.94050   1  75
        2.18261        0.95010   1  76
        2.18261        1.04625   1  77
        2.18261        1.06469   1  78
        2.18261        1.07850   1  79
        2.18261        1.09992   1  80
        2.18261        1.10410   1  81
        2.18261        1.11602   1  82
        2.18261        1.12458   1  83
        2.18261        1.13264   1  84
        2.18261        1.14554   1  85
        2.18261        1.14918   1  86
        2.18261        1.17957   1  87
        2.18261        1.19742   1  88
        2.18261        1.20989   1  89
        2.18261        1.22053   1  90
        2.18261        1.25693   1  91
        2.18261        1.26274   1  92
        2.18261        1.27040   1  93
        2.18261        1.29462   1  94
        2.18261        1.33852   1  95
        2.18261        1.34015   1  96
        2.18261        1.35809   1  97
        2.18261        1.36520   1  98
        2.18261        1.37044   1  99
        2.18261        1.38680   1 100
        2.18261        1.41403   1 101
        2.18261        1.41778   1 102
        2.18261        1.42936   1 103
        2.18261        1.43742   1 104
        2.18261        1.44513   1 105
        2.18261        1.46001   1 106
        2.18261        1.46994   1 107
        2.18261        1.47716   1 108
        2.18261        1.48339   1 109
        2.18261        1.49316   1 110
        2.18261        1.50535   1 111
        2.18261        1.50807   1 112
        2.18261        1.57756   1 113
        2.18261        1.59462   1 114
        2.18261        1.79744   1 115
        2.18261        1.79996   1 116
        2.18261        1.91151   1 117
        2.18261        1.91196   1 118
        2.18261        1.92377   1 119
        2.18261        1.93251   1 120
        2.18261        1.93392   1 121
        2.18261        1.94163   1 122
        2.18261        1.98950   1 123
        2.18261        1.99168   1 124
        2.18261        2.12418   1 125
        2.18261        2.12492   1 126
        2.18261        2.12554   1 127
        2.18261        2.12602   1 128
        2.18261        2.12962   1 129
        2.18261        2.13025   1 130
        2.18261        2.25253   1 131
        2.18261        2.25465   1 132
        2.18261        2.25976   1 133
        2.18261        2.26106   1 134
        2.18261        2.27707   1 135
        2.18261        2.27855   1 136
        2.18261        2.31398   1 137
        2.18261        2.31431   1 138
        2.18261        2.39499   1 139
        2.18261        2.39513   1 140
        2.18261        2.40550   1 141
        2.18261        2.40627   1 142
        2.18261        2.56318   1 143
        2.18261        2.56383   1 144
        2.18261        2.61127   1 145
        2.18261        2.61212   1 146
        2.18261        3.13522   1 147
        2.18261        3.15839   1 148
        2.18261        3.37067   1 149
        2.18261        3.37177   1 150
        2.18261        3.47976   1 151
        2.18261        3.48108   1 152
        2.18261        3.49233   1 153
        2.18261        3.49251   1 154
        2.18261        3.52076   1 155
        2.18261        3.52086   1 156
        2.22428       -0.43869   1   1
        2.22428       -0.43422   1   2
        2.22428       -0.41508   1   3
        2.22428       -0.41146   1   4
        2.22428       -0.37248   1   5
        2.22428       -0.37112   1   6
        2.22428       -0.30151   1   7
        2.22428       -0.28490   1   8
        2.22428       -0.27951   1   9
        2.22428       -0.23736   1  10
        2.22428       -0.21108   1  11
        2.22428       -0.20213   1  12
        2.22428       -0.20120   1  13
        2.22428       -0.19935   1  14
        2.22428       -0.19761   1  15
        2.22428       -0.18335   1  16
        2.22428       -0.17082   1  17
        2.22428       -0.16641   1  18
        2.22428       -0.16619   1  19
        2.22428       -0.16053   1  20
        2.22428       -0.15197   1  21
        2.22428       -0.15167   1  22
        2.22428       -0.14749   1  23
        2.22428       -0.13376   1  24
        2.22428       -0.13243   1  25
        2.22428       -0.13240   1  26
        2.22428       -0.11986   1  27
        2.22428       -0.11029   1  28
        2.22428       -0.10291   1  29
        2.22428       -0.09909   1  30
        2.22428       -0.06164   1  31
        2.22428       -0.04202   1  32
        2.22428       -0.04061   1  33
        2.22428       -0.01726   1  34
        2.22428       -0.00943   1  35
        2.22428       -0.00896   1  36
        2.22428        0.00133   1  37
        2.22428        0.02062   1  38
        2.22428        0.02599   1  39
        2.22428        0.02682   1  40
        2.22428        0.04600   1  41
        2.22428        0.05665   1  42
        2.22428        0.08335   1  43
        2.22428        0.08391   1  44
        2.22428        0.10038   1  45
        2.22428        0.13417   1  46
        2.22428        0.14246   1  47
        2.22428        0.14590   1  48
        2.22428        0.15639   1  49
        2.22428        0.18217   1  50
        2.22428        0.20583   1  51
        2.22428        0.21927   1  52
        2.22428        0.23286   1  53
        2.22428        0.23771   1  54
        2.22428        0.28360   1  55
        2.22428        0.37703   1  56
        2.22428        0.39230   1  57
        2.22428        0.42409   1  58
        2.22428        0.44285   1  59
        2.22428        0.44726   1  60
        2.22428        0.49840   1  61
        2.22428        0.50013   1  62
        2.22428        0.54932   1  63
        2.22428        0.55476   1  64
        2.22428        0.62959   1  65
        2.22428        0.65221   1  66
        2.22428        0.67267   1  67
        2.22428        0.67966   1  68
        2.22428        0.76209   1  69
        2.22428        0.76328   1  70
        2.22428        0.83656   1  71
        2.22428        0.83859   1  72
        2.22428        0.87587   1  73
        2.22428        0.89163   1  74
        2.22428        0.94359   1  75
        2.22428        0.94888   1  76
        2.22428        1.05629   1  77
        2.22428        1.07338   1  78
        2.22428        1.07747   1  79
        2.22428        1.11063   1  80
        2.22428        1.11137   1  81
        2.22428        1.11412   1  82
        2.22428        1.12536   1  83
        2.22428        1.12896   1  84
        2.22428        1.13150   1  85
        2.22428        1.16831   1  86
        2.22428        1.18537   1  87
        2.22428        1.21171   1  88
        2.22428        1.21667   1  89
        2.22428        1.22679   1  90
        2.22428        1.26918   1  91
        2.22428        1.27784   1  92
        2.22428        1.28502   1  93
        2.22428        1.30218   1  94
        2.22428        1.33312   1  95
        2.22428        1.35729   1  96
        2.22428        1.35998   1  97
        2.22428        1.36142   1  98
        2.22428        1.36200   1  99
        2.22428        1.37516   1 100
        2.22428        1.39915   1 101
        2.22428        1.40216   1 102
        2.22428        1.41883   1 103
        2.22428        1.44437   1 104
        2.22428        1.44507   1 105
        2.22428        1.44953   1 106
        2.22428        1.45909   1 107
        2.22428        1.46089   1 108
        2.22428        1.48749   1 109
        2.22428        1.48803   1 110
        2.22428        1.49026   1 111
        2.22428        1.49774   1 112
        2.22428        1.55264   1 113
        2.22428        1.57272   1 114
        2.22428        1.81464   1 115
        2.22428        1.81505   1 116
        2.22428        1.91081   1 117
        2.22428        1.91330   1 118
        2.22428        1.92915   1 119
        2.22428        1.94564   1 120
        2.22428        1.96059   1 121
        2.22428        1.96380   1 122
        2.22428        2.01575   1 123
        2.22428        2.01626   1 124
        2.22428        2.10795   1 125
        2.22428        2.10918   1 126
        2.22428        2.11562   1 127
        2.22428        2.11723   1 128
        2.22428        2.14005   1 129
        2.22428        2.14006   1 130
        2.22428        2.18665   1 131
        2.22428        2.18869   1 132
        2.22428        2.20249   1 133
        2.22428        2.20346   1 134
        2.22428        2.22765   1 135
        2.22428        2.22801   1 136
        2.22428        2.30663   1 137
        2.22428        2.30822   1 138
        2.22428        2.37743   1 139
        2.22428        2.37851   1 140
        2.22428        2.41334   1 141
        2.22428        2.41410   1 142
        2.22428        2.53220   1 143
        2.22428        2.53330   1 144
        2.22428        2.59917   1 145
        2.22428        2.60048   1 146
        2.22428        3.15674   1 147
        2.22428        3.18005   1 148
        2.22428        3.39015   1 149
        2.22428        3.39139   1 150
        2.22428        3.44898   1 151
        2.22428        3.44986   1 152
        2.22428        3.49109   1 153
        2.22428        3.49123   1 154
        2.22428        3.50994   1 155
        2.22428        3.51003   1 156
        2.26595       -0.44121   1   1
        2.26595       -0.43675   1   2
        2.26595       -0.41687   1   3
        2.26595       -0.41339   1   4
        2.26595       -0.37562   1   5
        2.26595       -0.37431   1   6
        2.26595       -0.29644   1   7
        2.26595       -0.28562   1   8
        2.26595       -0.27588   1   9
        2.26595       -0.23743   1  10
        2.26595       -0.20752   1  11
        2.26595       -0.20372   1  12
        2.26595       -0.20036   1  13
        2.26595       -0.19936   1  14
        2.26595       -0.18941   1  15
        2.26595       -0.18297   1  16
        2.26595       -0.17104   1  17
        2.26595       -0.16833   1  18
        2.26595       -0.16735   1  19
        2.26595       -0.16138   1  20
        2.26595       -0.15169   1  21
        2.26595       -0.15140   1  22
        2.26595       -0.14543   1  23
        2.26595       -0.13845   1  24
        2.26595       -0.13283   1  25
        2.26595       -0.13281   1  26
        2.26595       -0.11828   1  27
        2.26595       -0.11035   1  28
        2.26595       -0.10379   1  29
        2.26595       -0.09963   1  30
        2.26595       -0.06160   1  31
        2.26595       -0.04240   1  32
        2.26595       -0.03776   1  33
        2.26595       -0.01852   1  34
        2.26595       -0.00848   1  35
        2.26595       -0.00508   1  36
        2.26595        0.00042   1  37
        2.26595        0.02448   1  38
        2.26595        0.02589   1  39
        2.26595        0.04055   1  40
        2.26595        0.04657   1  41
        2.26595        0.05713   1  42
        2.26595        0.06057   1  43
        2.26595        0.08263   1  44
        2.26595        0.09924   1  45
        2.26595        0.14043   1  46
        2.26595        0.14280   1  47
        2.26595        0.15135   1  48
        2.26595        0.15370   1  49
        2.26595        0.18090   1  50
        2.26595        0.21439   1  51
        2.26595        0.21756   1  52
        2.26595        0.22319   1  53
        2.26595        0.23331   1  54
        2.26595        0.27347   1  55
        2.26595        0.36843   1  56
        2.26595        0.39582   1  57
        2.26595        0.43029   1  58
        2.26595        0.44762   1  59
        2.26595        0.44821   1  60
        2.26595        0.50991   1  61
        2.26595        0.51407   1  62
        2.26595        0.53324   1  63
        2.26595        0.53652   1  64
        2.26595        0.62564   1  65
        2.26595        0.64991   1  66
        2.26595        0.67199   1  67
        2.26595        0.67541   1  68
        2.26595        0.76189   1  69
        2.26595        0.76303   1  70
        2.26595        0.83862   1  71
        2.26595        0.84008   1  72
        2.26595        0.87806   1  73
        2.26595        0.89483   1  74
        2.26595        0.94315   1  75
        2.26595        0.94702   1  76
        2.26595        1.06505   1  77
        2.26595        1.07388   1  78
        2.26595        1.07671   1  79
        2.26595        1.11000   1  80
        2.26595        1.11121   1  81
        2.26595        1.11306   1  82
        2.26595        1.11844   1  83
        2.26595        1.12948   1  84
        2.26595        1.13055   1  85
        2.26595        1.17325   1  86
        2.26595        1.20083   1  87
        2.26595        1.21457   1  88
        2.26595        1.22058   1  89
        2.26595        1.26097   1  90
        2.26595        1.26505   1  91
        2.26595        1.27062   1  92
        2.26595        1.28052   1  93
        2.26595        1.29880   1  94
        2.26595        1.31918   1  95
        2.26595        1.35414   1  96
        2.26595        1.36121   1  97
        2.26595        1.36799   1  98
        2.26595        1.36972   1  99
        2.26595        1.38316   1 100
        2.26595        1.39101   1 101
        2.26595        1.39822   1 102
        2.26595        1.41719   1 103
        2.26595        1.42905   1 104
        2.26595        1.43715   1 105
        2.26595        1.43957   1 106
        2.26595        1.46480   1 107
        2.26595        1.46588   1 108
        2.26595        1.48342   1 109
        2.26595        1.48436   1 110
        2.26595        1.49544   1 111
        2.26595        1.50584   1 112
        2.26595        1.53989   1 113
        2.26595        1.56192   1 114
        2.26595        1.82127   1 115
        2.26595        1.82169   1 116
        2.26595        1.90915   1 117
        2.26595        1.91275   1 118
        2.26595        1.93134   1 119
        2.26595        1.94701   1 120
        2.26595        1.97278   1 121
        2.26595        1.97736   1 122
        2.26595        2.03065   1 123
        2.26595        2.03157   1 124
        2.26595        2.10418   1 125
        2.26595        2.10558   1 126
        2.26595        2.11174   1 127
        2.26595        2.11322   1 128
        2.26595        2.14426   1 129
        2.26595        2.14426   1 130
        2.26595        2.15580   1 131
        2.26595        2.15874   1 132
        2.26595        2.17328   1 133
        2.26595        2.17361   1 134
        2.26595        2.19235   1 135
        2.26595        2.19250   1 136
        2.26595        2.34277   1 137
        2.26595        2.34485   1 138
        2.26595        2.35342   1 139
        2.26595        2.35407   1 140
        2.26595        2.41707   1 141
        2.26595        2.41814   1 142
        2.26595        2.52267   1 143
        2.26595        2.52406   1 144
        2.26595        2.59710   1 145
        2.26595        2.59853   1 146
        2.26595        3.16613   1 147
        2.26595        3.18953   1 148
        2.26595        3.39965   1 149
        2.26595        3.40119   1 150
        2.26595        3.43612   1 151
        2.26595        3.43654   1 152
        2.26595        3.47964   1 153
        2.26595        3.47979   1 154
        2.26595        3.51709   1 155
        2.26595        3.51737   1 156
        2.26595       -0.44121   1   1
        2.26595       -0.43675   1   2
        2.26595       -0.41687   1   3
        2.26595       -0.41339   1   4
        2.26595       -0.37562   1   5
        2.26595       -0.37431   1   6
        2.26595       -0.29644   1   7
        2.26595       -0.28562   1   8
        2.26595       -0.27588   1   9
        2.26595       -0.23743   1  10
        2.26595       -0.20752   1  11
        2.26595       -0.20372   1  12
        2.26595       -0.20036   1  13
        2.26595       -0.19936   1  14
        2.26595       -0.18941   1  15
        2.26595       -0.18297   1  16
        2.26595       -0.17104   1  17
        2.26595       -0.16833   1  18
        2.26595       -0.16735   1  19
        2.26595       -0.16138   1  20
        2.26595       -0.15169   1  21
        2.26595       -0.15140   1  22
        2.26595       -0.14543   1  23
        2.26595       -0.13845   1  24
        2.26595       -0.13283   1  25
        2.26595       -0.13281   1  26
        2.26595       -0.11828   1  27
        2.26595       -0.11035   1  28
        2.26595       -0.10379   1  29
        2.26595       -0.09963   1  30
        2.26595       -0.06160   1  31
        2.26595       -0.04240   1  32
        2.26595       -0.03776   1  33
        2.26595       -0.01852   1  34
        2.26595       -0.00848   1  35
        2.26595       -0.00508   1  36
        2.26595        0.00042   1  37
        2.26595        0.02448   1  38
        2.26595        0.02589   1  39
        2.26595        0.04055   1  40
        2.26595        0.04657   1  41
        2.26595        0.05713   1  42
        2.26595        0.06057   1  43
        2.26595        0.08263   1  44
        2.26595        0.09924   1  45
        2.26595        0.14043   1  46
        2.26595        0.14280   1  47
        2.26595        0.15135   1  48
        2.26595        0.15370   1  49
        2.26595        0.18090   1  50
        2.26595        0.21439   1  51
        2.26595        0.21756   1  52
        2.26595        0.22319   1  53
        2.26595        0.23331   1  54
        2.26595        0.27347   1  55
        2.26595        0.36843   1  56
        2.26595        0.39582   1  57
        2.26595        0.43029   1  58
        2.26595        0.44762   1  59
        2.26595        0.44821   1  60
        2.26595        0.50991   1  61
        2.26595        0.51407   1  62
        2.26595        0.53324   1  63
        2.26595        0.53652   1  64
        2.26595        0.62564   1  65
        2.26595        0.64991   1  66
        2.26595        0.67199   1  67
        2.26595        0.67541   1  68
        2.26595        0.76189   1  69
        2.26595        0.76303   1  70
        2.26595        0.83862   1  71
        2.26595        0.84008   1  72
        2.26595        0.87806   1  73
        2.26595        0.89483   1  74
        2.26595        0.94315   1  75
        2.26595        0.94702   1  76
        2.26595        1.06505   1  77
        2.26595        1.07388   1  78
        2.26595        1.07671   1  79
        2.26595        1.11000   1  80
        2.26595        1.11121   1  81
        2.26595        1.11306   1  82
        2.26595        1.11844   1  83
        2.26595        1.12948   1  84
        2.26595        1.13055   1  85
        2.26595        1.17325   1  86
        2.26595        1.20083   1  87
        2.26595        1.21457   1  88
        2.26595        1.22058   1  89
        2.26595        1.26097   1  90
        2.26595        1.26505   1  91
        2.26595        1.27062   1  92
        2.26595        1.28052   1  93
        2.26595        1.29880   1  94
        2.26595        1.31918   1  95
        2.26595        1.35414   1  96
        2.26595        1.36121   1  97
        2.26595        1.36799   1  98
        2.26595        1.36972   1  99
        2.26595        1.38316   1 100
        2.26595        1.39101   1 101
        2.26595        1.39822   1 102
        2.26595        1.41719   1 103
        2.26595        1.42905   1 104
        2.26595        1.43715   1 105
        2.26595        1.43957   1 106
        2.26595        1.46480   1 107
        2.26595        1.46588   1 108
        2.26595        1.48342   1 109
        2.26595        1.48436   1 110
        2.26595        1.49544   1 111
        2.26595        1.50584   1 112
        2.26595        1.53989   1 113
        2.26595        1.56192   1 114
        2.26595        1.82127   1 115
        2.26595        1.82169   1 116
        2.26595        1.90915   1 117
        2.26595        1.91275   1 118
        2.26595        1.93134   1 119
        2.26595        1.94701   1 120
        2.26595        1.97278   1 121
        2.26595        1.97736   1 122
        2.26595        2.03065   1 123
        2.26595        2.03157   1 124
        2.26595        2.10418   1 125
        2.26595        2.10558   1 126
        2.26595        2.11174   1 127
        2.26595        2.11322   1 128
        2.26595        2.14426   1 129
        2.26595        2.14426   1 130
        2.26595        2.15580   1 131
        2.26595        2.15874   1 132
        2.26595        2.17328   1 133
        2.26595        2.17361   1 134
        2.26595        2.19235   1 135
        2.26595        2.19250   1 136
        2.26595        2.34277   1 137
        2.26595        2.34485   1 138
        2.26595        2.35342   1 139
        2.26595        2.35407   1 140
        2.26595        2.41707   1 141
        2.26595        2.41814   1 142
        2.26595        2.52267   1 143
        2.26595        2.52406   1 144
        2.26595        2.59710   1 145
        2.26595        2.59853   1 146
        2.26595        3.16613   1 147
        2.26595        3.18953   1 148
        2.26595        3.39965   1 149
        2.26595        3.40119   1 150
        2.26595        3.43612   1 151
        2.26595        3.43654   1 152
        2.26595        3.47964   1 153
        2.26595        3.47979   1 154
        2.26595        3.51709   1 155
        2.26595        3.51737   1 156
        2.30761       -0.44008   1   1
        2.30761       -0.43560   1   2
        2.30761       -0.41585   1   3
        2.30761       -0.41238   1   4
        2.30761       -0.37487   1   5
        2.30761       -0.37358   1   6
        2.30761       -0.29607   1   7
        2.30761       -0.28406   1   8
        2.30761       -0.27544   1   9
        2.30761       -0.23592   1  10
        2.30761       -0.20730   1  11
        2.30761       -0.20362   1  12
        2.30761       -0.20079   1  13
        2.30761       -0.20020   1  14
        2.30761       -0.18762   1  15
        2.30761       -0.18726   1  16
        2.30761       -0.17342   1  17
        2.30761       -0.16735   1  18
        2.30761       -0.16697   1  19
        2.30761       -0.16224   1  20
        2.30761       -0.15490   1  21
        2.30761       -0.15452   1  22
        2.30761       -0.14447   1  23
        2.30761       -0.13794   1  24
        2.30761       -0.13582   1  25
        2.30761       -0.13510   1  26
        2.30761       -0.12376   1  27
        2.30761       -0.10871   1  28
        2.30761       -0.10695   1  29
        2.30761       -0.09054   1  30
        2.30761       -0.06351   1  31
        2.30761       -0.04181   1  32
        2.30761       -0.03691   1  33
        2.30761       -0.02044   1  34
        2.30761       -0.00965   1  35
        2.30761       -0.00597   1  36
        2.30761       -0.00076   1  37
        2.30761        0.01828   1  38
        2.30761        0.02620   1  39
        2.30761        0.03443   1  40
        2.30761        0.04905   1  41
        2.30761        0.05906   1  42
        2.30761        0.06284   1  43
        2.30761        0.08425   1  44
        2.30761        0.11220   1  45
        2.30761        0.13670   1  46
        2.30761        0.13879   1  47
        2.30761        0.14819   1  48
        2.30761        0.15736   1  49
        2.30761        0.17992   1  50
        2.30761        0.20720   1  51
        2.30761        0.22044   1  52
        2.30761        0.22818   1  53
        2.30761        0.24261   1  54
        2.30761        0.27577   1  55
        2.30761        0.37094   1  56
        2.30761        0.39983   1  57
        2.30761        0.43517   1  58
        2.30761        0.44997   1  59
        2.30761        0.45051   1  60
        2.30761        0.51409   1  61
        2.30761        0.51824   1  62
        2.30761        0.53576   1  63
        2.30761        0.53904   1  64
        2.30761        0.62582   1  65
        2.30761        0.65138   1  66
        2.30761        0.67288   1  67
        2.30761        0.67514   1  68
        2.30761        0.76007   1  69
        2.30761        0.76122   1  70
        2.30761        0.83765   1  71
        2.30761        0.83894   1  72
        2.30761        0.87743   1  73
        2.30761        0.89462   1  74
        2.30761        0.94149   1  75
        2.30761        0.94583   1  76
        2.30761        1.05318   1  77
        2.30761        1.05595   1  78
        2.30761        1.06160   1  79
        2.30761        1.07966   1  80
        2.30761        1.10552   1  81
        2.30761        1.10652   1  82
        2.30761        1.11847   1  83
        2.30761        1.11946   1  84
        2.30761        1.13850   1  85
        2.30761        1.16529   1  86
        2.30761        1.16759   1  87
        2.30761        1.22205   1  88
        2.30761        1.22339   1  89
        2.30761        1.23085   1  90
        2.30761        1.23343   1  91
        2.30761        1.26148   1  92
        2.30761        1.28029   1  93
        2.30761        1.29362   1  94
        2.30761        1.33052   1  95
        2.30761        1.33920   1  96
        2.30761        1.34674   1  97
        2.30761        1.35399   1  98
        2.30761        1.37792   1  99
        2.30761        1.40282   1 100
        2.30761        1.41070   1 101
        2.30761        1.41508   1 102
        2.30761        1.42279   1 103
        2.30761        1.42389   1 104
        2.30761        1.43192   1 105
        2.30761        1.43258   1 106
        2.30761        1.47205   1 107
        2.30761        1.47518   1 108
        2.30761        1.47988   1 109
        2.30761        1.48283   1 110
        2.30761        1.51546   1 111
        2.30761        1.52399   1 112
        2.30761        1.55395   1 113
        2.30761        1.57432   1 114
        2.30761        1.82287   1 115
        2.30761        1.82314   1 116
        2.30761        1.90754   1 117
        2.30761        1.90831   1 118
        2.30761        1.92179   1 119
        2.30761        1.93775   1 120
        2.30761        1.97952   1 121
        2.30761        1.98577   1 122
        2.30761        2.02522   1 123
        2.30761        2.02614   1 124
        2.30761        2.10253   1 125
        2.30761        2.10357   1 126
        2.30761        2.11440   1 127
        2.30761        2.11626   1 128
        2.30761        2.14277   1 129
        2.30761        2.14304   1 130
        2.30761        2.16130   1 131
        2.30761        2.16418   1 132
        2.30761        2.19046   1 133
        2.30761        2.19071   1 134
        2.30761        2.19736   1 135
        2.30761        2.19756   1 136
        2.30761        2.32473   1 137
        2.30761        2.32655   1 138
        2.30761        2.34115   1 139
        2.30761        2.34192   1 140
        2.30761        2.45120   1 141
        2.30761        2.45193   1 142
        2.30761        2.53438   1 143
        2.30761        2.53578   1 144
        2.30761        2.60119   1 145
        2.30761        2.60251   1 146
        2.30761        3.16764   1 147
        2.30761        3.19132   1 148
        2.30761        3.40365   1 149
        2.30761        3.40512   1 150
        2.30761        3.44495   1 151
        2.30761        3.44541   1 152
        2.30761        3.48597   1 153
        2.30761        3.48620   1 154
        2.30761        3.52726   1 155
        2.30761        3.52753   1 156
        2.34928       -0.43676   1   1
        2.34928       -0.43219   1   2
        2.34928       -0.41285   1   3
        2.34928       -0.40942   1   4
        2.34928       -0.37268   1   5
        2.34928       -0.37146   1   6
        2.34928       -0.29513   1   7
        2.34928       -0.27945   1   8
        2.34928       -0.27427   1   9
        2.34928       -0.23157   1  10
        2.34928       -0.21154   1  11
        2.34928       -0.20338   1  12
        2.34928       -0.20034   1  13
        2.34928       -0.19983   1  14
        2.34928       -0.19783   1  15
        2.34928       -0.18225   1  16
        2.34928       -0.17859   1  17
        2.34928       -0.16704   1  18
        2.34928       -0.16619   1  19
        2.34928       -0.16478   1  20
        2.34928       -0.16374   1  21
        2.34928       -0.16335   1  22
        2.34928       -0.14573   1  23
        2.34928       -0.14464   1  24
        2.34928       -0.14021   1  25
        2.34928       -0.13517   1  26
        2.34928       -0.13300   1  27
        2.34928       -0.10617   1  28
        2.34928       -0.10384   1  29
        2.34928       -0.07890   1  30
        2.34928       -0.06800   1  31
        2.34928       -0.03978   1  32
        2.34928       -0.03534   1  33
        2.34928       -0.02422   1  34
        2.34928       -0.01336   1  35
        2.34928       -0.00941   1  36
        2.34928       -0.00399   1  37
        2.34928        0.00892   1  38
        2.34928        0.01330   1  39
        2.34928        0.03047   1  40
        2.34928        0.06115   1  41
        2.34928        0.06465   1  42
        2.34928        0.06717   1  43
        2.34928        0.08870   1  44
        2.34928        0.12304   1  45
        2.34928        0.13001   1  46
        2.34928        0.13842   1  47
        2.34928        0.14878   1  48
        2.34928        0.16199   1  49
        2.34928        0.17692   1  50
        2.34928        0.20090   1  51
        2.34928        0.22152   1  52
        2.34928        0.23751   1  53
        2.34928        0.26349   1  54
        2.34928        0.28229   1  55
        2.34928        0.37818   1  56
        2.34928        0.41118   1  57
        2.34928        0.44894   1  58
        2.34928        0.45627   1  59
        2.34928        0.45668   1  60
        2.34928        0.52532   1  61
        2.34928        0.52947   1  62
        2.34928        0.54252   1  63
        2.34928        0.54573   1  64
        2.34928        0.62612   1  65
        2.34928        0.65513   1  66
        2.34928        0.67411   1  67
        2.34928        0.67500   1  68
        2.34928        0.75438   1  69
        2.34928        0.75556   1  70
        2.34928        0.83424   1  71
        2.34928        0.83512   1  72
        2.34928        0.87543   1  73
        2.34928        0.89361   1  74
        2.34928        0.93397   1  75
        2.34928        0.94038   1  76
        2.34928        1.01661   1  77
        2.34928        1.02023   1  78
        2.34928        1.02626   1  79
        2.34928        1.03722   1  80
        2.34928        1.08616   1  81
        2.34928        1.08864   1  82
        2.34928        1.09123   1  83
        2.34928        1.09398   1  84
        2.34928        1.10784   1  85
        2.34928        1.14658   1  86
        2.34928        1.14971   1  87
        2.34928        1.16195   1  88
        2.34928        1.18721   1  89
        2.34928        1.21605   1  90
        2.34928        1.22697   1  91
        2.34928        1.23208   1  92
        2.34928        1.24184   1  93
        2.34928        1.28692   1  94
        2.34928        1.29553   1  95
        2.34928        1.32537   1  96
        2.34928        1.33925   1  97
        2.34928        1.35212   1  98
        2.34928        1.40102   1  99
        2.34928        1.40172   1 100
        2.34928        1.41404   1 101
        2.34928        1.42539   1 102
        2.34928        1.42592   1 103
        2.34928        1.44248   1 104
        2.34928        1.44702   1 105
        2.34928        1.45508   1 106
        2.34928        1.47492   1 107
        2.34928        1.48159   1 108
        2.34928        1.48755   1 109
        2.34928        1.49526   1 110
        2.34928        1.56029   1 111
        2.34928        1.56589   1 112
        2.34928        1.58629   1 113
        2.34928        1.60366   1 114
        2.34928        1.82597   1 115
        2.34928        1.82611   1 116
        2.34928        1.88682   1 117
        2.34928        1.88821   1 118
        2.34928        1.91963   1 119
        2.34928        1.93185   1 120
        2.34928        1.98779   1 121
        2.34928        1.99449   1 122
        2.34928        2.00534   1 123
        2.34928        2.00626   1 124
        2.34928        2.08397   1 125
        2.34928        2.08459   1 126
        2.34928        2.12407   1 127
        2.34928        2.12692   1 128
        2.34928        2.16926   1 129
        2.34928        2.16968   1 130
        2.34928        2.17596   1 131
        2.34928        2.17836   1 132
        2.34928        2.21318   1 133
        2.34928        2.21380   1 134
        2.34928        2.22524   1 135
        2.34928        2.22543   1 136
        2.34928        2.30472   1 137
        2.34928        2.30646   1 138
        2.34928        2.31418   1 139
        2.34928        2.31525   1 140
        2.34928        2.51947   1 141
        2.34928        2.51982   1 142
        2.34928        2.55582   1 143
        2.34928        2.55742   1 144
        2.34928        2.62579   1 145
        2.34928        2.62659   1 146
        2.34928        3.17950   1 147
        2.34928        3.20355   1 148
        2.34928        3.41716   1 149
        2.34928        3.41846   1 150
        2.34928        3.47194   1 151
        2.34928        3.47250   1 152
        2.34928        3.50244   1 153
        2.34928        3.50279   1 154
        2.34928        3.55175   1 155
        2.34928        3.55212   1 156
        2.39095       -0.43142   1   1
        2.39095       -0.42669   1   2
        2.39095       -0.40807   1   3
        2.39095       -0.40471   1   4
        2.39095       -0.36926   1   5
        2.39095       -0.36817   1   6
        2.39095       -0.29411   1   7
        2.39095       -0.27285   1   8
        2.39095       -0.27208   1   9
        2.39095       -0.22729   1  10
        2.39095       -0.21991   1  11
        2.39095       -0.21228   1  12
        2.39095       -0.20336   1  13
        2.39095       -0.19951   1  14
        2.39095       -0.19683   1  15
        2.39095       -0.18303   1  16
        2.39095       -0.17715   1  17
        2.39095       -0.17653   1  18
        2.39095       -0.17343   1  19
        2.39095       -0.17071   1  20
        2.39095       -0.16959   1  21
        2.39095       -0.16810   1  22
        2.39095       -0.15424   1  23
        2.39095       -0.15293   1  24
        2.39095       -0.14714   1  25
        2.39095       -0.13767   1  26
        2.39095       -0.12780   1  27
        2.39095       -0.10428   1  28
        2.39095       -0.09616   1  29
        2.39095       -0.07361   1  30
        2.39095       -0.06795   1  31
        2.39095       -0.03685   1  32
        2.39095       -0.03514   1  33
        2.39095       -0.02899   1  34
        2.39095       -0.02023   1  35
        2.39095       -0.01386   1  36
        2.39095       -0.00852   1  37
        2.39095       -0.00737   1  38
        2.39095        0.00426   1  39
        2.39095        0.03606   1  40
        2.39095        0.06817   1  41
        2.39095        0.07227   1  42
        2.39095        0.07857   1  43
        2.39095        0.09338   1  44
        2.39095        0.10649   1  45
        2.39095        0.12121   1  46
        2.39095        0.15239   1  47
        2.39095        0.16255   1  48
        2.39095        0.16904   1  49
        2.39095        0.17475   1  50
        2.39095        0.19793   1  51
        2.39095        0.22341   1  52
        2.39095        0.24620   1  53
        2.39095        0.28943   1  54
        2.39095        0.29286   1  55
        2.39095        0.38951   1  56
        2.39095        0.42893   1  57
        2.39095        0.46528   1  58
        2.39095        0.46555   1  59
        2.39095        0.47032   1  60
        2.39095        0.54221   1  61
        2.39095        0.54638   1  62
        2.39095        0.55322   1  63
        2.39095        0.55613   1  64
        2.39095        0.62599   1  65
        2.39095        0.66008   1  66
        2.39095        0.67189   1  67
        2.39095        0.67748   1  68
        2.39095        0.74480   1  69
        2.39095        0.74607   1  70
        2.39095        0.82761   1  71
        2.39095        0.82810   1  72
        2.39095        0.87221   1  73
        2.39095        0.89096   1  74
        2.39095        0.91347   1  75
        2.39095        0.92666   1  76
        2.39095        0.97530   1  77
        2.39095        0.97629   1  78
        2.39095        0.98636   1  79
        2.39095        0.99515   1  80
        2.39095        1.01616   1  81
        2.39095        1.04836   1  82
        2.39095        1.05806   1  83
        2.39095        1.06341   1  84
        2.39095        1.08525   1  85
        2.39095        1.09752   1  86
        2.39095        1.10782   1  87
        2.39095        1.14647   1  88
        2.39095        1.15384   1  89
        2.39095        1.17070   1  90
        2.39095        1.18643   1  91
        2.39095        1.22248   1  92
        2.39095        1.23307   1  93
        2.39095        1.24989   1  94
        2.39095        1.25076   1  95
        2.39095        1.28978   1  96
        2.39095        1.31318   1  97
        2.39095        1.33021   1  98
        2.39095        1.39731   1  99
        2.39095        1.42310   1 100
        2.39095        1.42347   1 101
        2.39095        1.43370   1 102
        2.39095        1.43957   1 103
        2.39095        1.45068   1 104
        2.39095        1.46267   1 105
        2.39095        1.46862   1 106
        2.39095        1.50057   1 107
        2.39095        1.50084   1 108
        2.39095        1.51218   1 109
        2.39095        1.52083   1 110
        2.39095        1.61361   1 111
        2.39095        1.61778   1 112
        2.39095        1.62274   1 113
        2.39095        1.63819   1 114
        2.39095        1.82868   1 115
        2.39095        1.82905   1 116
        2.39095        1.85586   1 117
        2.39095        1.85745   1 118
        2.39095        1.92240   1 119
        2.39095        1.93203   1 120
        2.39095        1.97250   1 121
        2.39095        1.97325   1 122
        2.39095        1.99035   1 123
        2.39095        1.99614   1 124
        2.39095        2.05748   1 125
        2.39095        2.05802   1 126
        2.39095        2.14302   1 127
        2.39095        2.14673   1 128
        2.39095        2.18928   1 129
        2.39095        2.19088   1 130
        2.39095        2.21107   1 131
        2.39095        2.21141   1 132
        2.39095        2.24144   1 133
        2.39095        2.24271   1 134
        2.39095        2.27648   1 135
        2.39095        2.27661   1 136
        2.39095        2.29376   1 137
        2.39095        2.29541   1 138
        2.39095        2.30330   1 139
        2.39095        2.30479   1 140
        2.39095        2.57396   1 141
        2.39095        2.57576   1 142
        2.39095        2.59697   1 143
        2.39095        2.59709   1 144
        2.39095        2.67241   1 145
        2.39095        2.67266   1 146
        2.39095        3.20132   1 147
        2.39095        3.22537   1 148
        2.39095        3.44254   1 149
        2.39095        3.44359   1 150
        2.39095        3.51608   1 151
        2.39095        3.51682   1 152
        2.39095        3.52508   1 153
        2.39095        3.52555   1 154
        2.39095        3.58083   1 155
        2.39095        3.58143   1 156
        2.43261       -0.42432   1   1
        2.43261       -0.41939   1   2
        2.43261       -0.40186   1   3
        2.43261       -0.39863   1   4
        2.43261       -0.36492   1   5
        2.43261       -0.36404   1   6
        2.43261       -0.29387   1   7
        2.43261       -0.27226   1   8
        2.43261       -0.26241   1   9
        2.43261       -0.23888   1  10
        2.43261       -0.22835   1  11
        2.43261       -0.21354   1  12
        2.43261       -0.20507   1  13
        2.43261       -0.20057   1  14
        2.43261       -0.19683   1  15
        2.43261       -0.19143   1  16
        2.43261       -0.19042   1  17
        2.43261       -0.18336   1  18
        2.43261       -0.18225   1  19
        2.43261       -0.18197   1  20
        2.43261       -0.17266   1  21
        2.43261       -0.16192   1  22
        2.43261       -0.15816   1  23
        2.43261       -0.15669   1  24
        2.43261       -0.15543   1  25
        2.43261       -0.13358   1  26
        2.43261       -0.12159   1  27
        2.43261       -0.10329   1  28
        2.43261       -0.08607   1  29
        2.43261       -0.07898   1  30
        2.43261       -0.05814   1  31
        2.43261       -0.03825   1  32
        2.43261       -0.03406   1  33
        2.43261       -0.03319   1  34
        2.43261       -0.02848   1  35
        2.43261       -0.02416   1  36
        2.43261       -0.01743   1  37
        2.43261       -0.01333   1  38
        2.43261        0.00331   1  39
        2.43261        0.04299   1  40
        2.43261        0.07311   1  41
        2.43261        0.08035   1  42
        2.43261        0.08411   1  43
        2.43261        0.09279   1  44
        2.43261        0.10635   1  45
        2.43261        0.11312   1  46
        2.43261        0.15636   1  47
        2.43261        0.15838   1  48
        2.43261        0.17623   1  49
        2.43261        0.19698   1  50
        2.43261        0.20196   1  51
        2.43261        0.22620   1  52
        2.43261        0.25359   1  53
        2.43261        0.30685   1  54
        2.43261        0.31802   1  55
        2.43261        0.40415   1  56
        2.43261        0.45220   1  57
        2.43261        0.47569   1  58
        2.43261        0.47586   1  59
        2.43261        0.49815   1  60
        2.43261        0.56371   1  61
        2.43261        0.56795   1  62
        2.43261        0.56815   1  63
        2.43261        0.57036   1  64
        2.43261        0.62500   1  65
        2.43261        0.66512   1  66
        2.43261        0.66814   1  67
        2.43261        0.67961   1  68
        2.43261        0.73172   1  69
        2.43261        0.73328   1  70
        2.43261        0.81763   1  71
        2.43261        0.81803   1  72
        2.43261        0.86637   1  73
        2.43261        0.87408   1  74
        2.43261        0.88401   1  75
        2.43261        0.90132   1  76
        2.43261        0.91954   1  77
        2.43261        0.94443   1  78
        2.43261        0.95265   1  79
        2.43261        0.95860   1  80
        2.43261        0.96059   1  81
        2.43261        0.99615   1  82
        2.43261        1.01561   1  83
        2.43261        1.02447   1  84
        2.43261        1.02714   1  85
        2.43261        1.06133   1  86
        2.43261        1.06387   1  87
        2.43261        1.11820   1  88
        2.43261        1.13299   1  89
        2.43261        1.13587   1  90
        2.43261        1.16187   1  91
        2.43261        1.18986   1  92
        2.43261        1.21156   1  93
        2.43261        1.22620   1  94
        2.43261        1.23941   1  95
        2.43261        1.25186   1  96
        2.43261        1.27222   1  97
        2.43261        1.28783   1  98
        2.43261        1.38042   1  99
        2.43261        1.41024   1 100
        2.43261        1.41328   1 101
        2.43261        1.43116   1 102
        2.43261        1.44080   1 103
        2.43261        1.46846   1 104
        2.43261        1.47935   1 105
        2.43261        1.48214   1 106
        2.43261        1.54556   1 107
        2.43261        1.54665   1 108
        2.43261        1.54821   1 109
        2.43261        1.55122   1 110
        2.43261        1.65364   1 111
        2.43261        1.66833   1 112
        2.43261        1.66962   1 113
        2.43261        1.67274   1 114
        2.43261        1.82073   1 115
        2.43261        1.82164   1 116
        2.43261        1.83240   1 117
        2.43261        1.83280   1 118
        2.43261        1.92556   1 119
        2.43261        1.93392   1 120
        2.43261        1.93566   1 121
        2.43261        1.93604   1 122
        2.43261        1.98979   1 123
        2.43261        1.99436   1 124
        2.43261        2.02963   1 125
        2.43261        2.03014   1 126
        2.43261        2.16639   1 127
        2.43261        2.16963   1 128
        2.43261        2.20125   1 129
        2.43261        2.20306   1 130
        2.43261        2.25286   1 131
        2.43261        2.25312   1 132
        2.43261        2.27282   1 133
        2.43261        2.27358   1 134
        2.43261        2.29466   1 135
        2.43261        2.29802   1 136
        2.43261        2.32033   1 137
        2.43261        2.32168   1 138
        2.43261        2.34452   1 139
        2.43261        2.34466   1 140
        2.43261        2.58985   1 141
        2.43261        2.59175   1 142
        2.43261        2.67951   1 143
        2.43261        2.67977   1 144
        2.43261        2.72668   1 145
        2.43261        2.72687   1 146
        2.43261        3.21584   1 147
        2.43261        3.24010   1 148
        2.43261        3.47872   1 149
        2.43261        3.47956   1 150
        2.43261        3.55519   1 151
        2.43261        3.55572   1 152
        2.43261        3.56875   1 153
        2.43261        3.56964   1 154
        2.43261        3.61446   1 155
        2.43261        3.61498   1 156
        2.47428       -0.41597   1   1
        2.47428       -0.41077   1   2
        2.47428       -0.39484   1   3
        2.47428       -0.39181   1   4
        2.47428       -0.36013   1   5
        2.47428       -0.35953   1   6
        2.47428       -0.29568   1   7
        2.47428       -0.27466   1   8
        2.47428       -0.25372   1   9
        2.47428       -0.25119   1  10
        2.47428       -0.24309   1  11
        2.47428       -0.21415   1  12
        2.47428       -0.21077   1  13
        2.47428       -0.20464   1  14
        2.47428       -0.20083   1  15
        2.47428       -0.19903   1  16
        2.47428       -0.19837   1  17
        2.47428       -0.19741   1  18
        2.47428       -0.19653   1  19
        2.47428       -0.17865   1  20
        2.47428       -0.17674   1  21
        2.47428       -0.16672   1  22
        2.47428       -0.15606   1  23
        2.47428       -0.15522   1  24
        2.47428       -0.14817   1  25
        2.47428       -0.12717   1  26
        2.47428       -0.11606   1  27
        2.47428       -0.10505   1  28
        2.47428       -0.08304   1  29
        2.47428       -0.07415   1  30
        2.47428       -0.04934   1  31
        2.47428       -0.04367   1  32
        2.47428       -0.04043   1  33
        2.47428       -0.03603   1  34
        2.47428       -0.03496   1  35
        2.47428       -0.02820   1  36
        2.47428       -0.01904   1  37
        2.47428       -0.01742   1  38
        2.47428        0.00345   1  39
        2.47428        0.05129   1  40
        2.47428        0.06137   1  41
        2.47428        0.08554   1  42
        2.47428        0.09087   1  43
        2.47428        0.10566   1  44
        2.47428        0.10679   1  45
        2.47428        0.11480   1  46
        2.47428        0.15160   1  47
        2.47428        0.16195   1  48
        2.47428        0.17850   1  49
        2.47428        0.19710   1  50
        2.47428        0.22964   1  51
        2.47428        0.23614   1  52
        2.47428        0.25945   1  53
        2.47428        0.32386   1  54
        2.47428        0.34779   1  55
        2.47428        0.42117   1  56
        2.47428        0.47950   1  57
        2.47428        0.48577   1  58
        2.47428        0.48595   1  59
        2.47428        0.53038   1  60
        2.47428        0.58365   1  61
        2.47428        0.58509   1  62
        2.47428        0.58602   1  63
        2.47428        0.59047   1  64
        2.47428        0.62402   1  65
        2.47428        0.66330   1  66
        2.47428        0.66859   1  67
        2.47428        0.68024   1  68
        2.47428        0.71505   1  69
        2.47428        0.71742   1  70
        2.47428        0.80447   1  71
        2.47428        0.80508   1  72
        2.47428        0.82461   1  73
        2.47428        0.83846   1  74
        2.47428        0.86736   1  75
        2.47428        0.86762   1  76
        2.47428        0.86774   1  77
        2.47428        0.91781   1  78
        2.47428        0.91901   1  79
        2.47428        0.92681   1  80
        2.47428        0.93205   1  81
        2.47428        0.94571   1  82
        2.47428        0.96991   1  83
        2.47428        0.98181   1  84
        2.47428        0.98840   1  85
        2.47428        1.00804   1  86
        2.47428        1.01974   1  87
        2.47428        1.07966   1  88
        2.47428        1.09955   1  89
        2.47428        1.11052   1  90
        2.47428        1.15705   1  91
        2.47428        1.17374   1  92
        2.47428        1.17541   1  93
        2.47428        1.21557   1  94
        2.47428        1.22342   1  95
        2.47428        1.23576   1  96
        2.47428        1.24457   1  97
        2.47428        1.25086   1  98
        2.47428        1.35257   1  99
        2.47428        1.37890   1 100
        2.47428        1.39509   1 101
        2.47428        1.40155   1 102
        2.47428        1.42836   1 103
        2.47428        1.45217   1 104
        2.47428        1.51534   1 105
        2.47428        1.51744   1 106
        2.47428        1.58014   1 107
        2.47428        1.58451   1 108
        2.47428        1.58792   1 109
        2.47428        1.59077   1 110
        2.47428        1.66988   1 111
        2.47428        1.68346   1 112
        2.47428        1.72649   1 113
        2.47428        1.72874   1 114
        2.47428        1.78605   1 115
        2.47428        1.78649   1 116
        2.47428        1.84050   1 117
        2.47428        1.84083   1 118
        2.47428        1.90401   1 119
        2.47428        1.90413   1 120
        2.47428        1.92980   1 121
        2.47428        1.93718   1 122
        2.47428        1.98814   1 123
        2.47428        1.99135   1 124
        2.47428        2.00258   1 125
        2.47428        2.00301   1 126
        2.47428        2.19008   1 127
        2.47428        2.19161   1 128
        2.47428        2.22763   1 129
        2.47428        2.23009   1 130
        2.47428        2.29314   1 131
        2.47428        2.29334   1 132
        2.47428        2.29868   1 133
        2.47428        2.29952   1 134
        2.47428        2.32488   1 135
        2.47428        2.32984   1 136
        2.47428        2.35516   1 137
        2.47428        2.35616   1 138
        2.47428        2.42442   1 139
        2.47428        2.42450   1 140
        2.47428        2.60697   1 141
        2.47428        2.60879   1 142
        2.47428        2.78288   1 143
        2.47428        2.78297   1 144
        2.47428        2.79406   1 145
        2.47428        2.79440   1 146
        2.47428        3.21309   1 147
        2.47428        3.23840   1 148
        2.47428        3.52134   1 149
        2.47428        3.52200   1 150
        2.47428        3.59788   1 151
        2.47428        3.59838   1 152
        2.47428        3.62325   1 153
        2.47428        3.62424   1 154
        2.47428        3.65955   1 155
        2.47428        3.65974   1 156
        2.51595       -0.40712   1   1
        2.51595       -0.40165   1   2
        2.51595       -0.38801   1   3
        2.51595       -0.38527   1   4
        2.51595       -0.35537   1   5
        2.51595       -0.35507   1   6
        2.51595       -0.30072   1   7
        2.51595       -0.28246   1   8
        2.51595       -0.26673   1   9
        2.51595       -0.25376   1  10
        2.51595       -0.23974   1  11
        2.51595       -0.22713   1  12
        2.51595       -0.22479   1  13
        2.51595       -0.21687   1  14
        2.51595       -0.21308   1  15
        2.51595       -0.20375   1  16
        2.51595       -0.20028   1  17
        2.51595       -0.19807   1  18
        2.51595       -0.19151   1  19
        2.51595       -0.18557   1  20
        2.51595       -0.17266   1  21
        2.51595       -0.17198   1  22
        2.51595       -0.15522   1  23
        2.51595       -0.15465   1  24
        2.51595       -0.13340   1  25
        2.51595       -0.11718   1  26
        2.51595       -0.11271   1  27
        2.51595       -0.11086   1  28
        2.51595       -0.08469   1  29
        2.51595       -0.06134   1  30
        2.51595       -0.04912   1  31
        2.51595       -0.04750   1  32
        2.51595       -0.04260   1  33
        2.51595       -0.04057   1  34
        2.51595       -0.03537   1  35
        2.51595       -0.02600   1  36
        2.51595       -0.02170   1  37
        2.51595       -0.01817   1  38
        2.51595        0.00339   1  39
        2.51595        0.04452   1  40
        2.51595        0.06134   1  41
        2.51595        0.09283   1  42
        2.51595        0.10192   1  43
        2.51595        0.10308   1  44
        2.51595        0.11881   1  45
        2.51595        0.12505   1  46
        2.51595        0.14681   1  47
        2.51595        0.16601   1  48
        2.51595        0.18037   1  49
        2.51595        0.19709   1  50
        2.51595        0.23333   1  51
        2.51595        0.26338   1  52
        2.51595        0.27164   1  53
        2.51595        0.34323   1  54
        2.51595        0.37805   1  55
        2.51595        0.43979   1  56
        2.51595        0.49440   1  57
        2.51595        0.49461   1  58
        2.51595        0.50951   1  59
        2.51595        0.56507   1  60
        2.51595        0.59015   1  61
        2.51595        0.59448   1  62
        2.51595        0.60436   1  63
        2.51595        0.60960   1  64
        2.51595        0.62940   1  65
        2.51595        0.66080   1  66
        2.51595        0.66947   1  67
        2.51595        0.67921   1  68
        2.51595        0.69459   1  69
        2.51595        0.69901   1  70
        2.51595        0.77312   1  71
        2.51595        0.77542   1  72
        2.51595        0.78952   1  73
        2.51595        0.78987   1  74
        2.51595        0.83254   1  75
        2.51595        0.84406   1  76
        2.51595        0.84545   1  77
        2.51595        0.85908   1  78
        2.51595        0.88815   1  79
        2.51595        0.90597   1  80
        2.51595        0.90960   1  81
        2.51595        0.91714   1  82
        2.51595        0.93800   1  83
        2.51595        0.95109   1  84
        2.51595        0.95384   1  85
        2.51595        0.95822   1  86
        2.51595        0.97954   1  87
        2.51595        1.02124   1  88
        2.51595        1.07982   1  89
        2.51595        1.08706   1  90
        2.51595        1.14366   1  91
        2.51595        1.15159   1  92
        2.51595        1.16103   1  93
        2.51595        1.18279   1  94
        2.51595        1.21336   1  95
        2.51595        1.22825   1  96
        2.51595        1.22967   1  97
        2.51595        1.25565   1  98
        2.51595        1.31554   1  99
        2.51595        1.34688   1 100
        2.51595        1.36783   1 101
        2.51595        1.36927   1 102
        2.51595        1.41092   1 103
        2.51595        1.43080   1 104
        2.51595        1.54245   1 105
        2.51595        1.54436   1 106
        2.51595        1.59856   1 107
        2.51595        1.60223   1 108
        2.51595        1.61716   1 109
        2.51595        1.62070   1 110
        2.51595        1.65818   1 111
        2.51595        1.66898   1 112
        2.51595        1.77061   1 113
        2.51595        1.77238   1 114
        2.51595        1.77475   1 115
        2.51595        1.77594   1 116
        2.51595        1.85612   1 117
        2.51595        1.85628   1 118
        2.51595        1.89484   1 119
        2.51595        1.89503   1 120
        2.51595        1.93292   1 121
        2.51595        1.93967   1 122
        2.51595        1.97998   1 123
        2.51595        1.98021   1 124
        2.51595        1.98584   1 125
        2.51595        1.98744   1 126
        2.51595        2.22547   1 127
        2.51595        2.22631   1 128
        2.51595        2.27707   1 129
        2.51595        2.27863   1 130
        2.51595        2.33624   1 131
        2.51595        2.33816   1 132
        2.51595        2.34407   1 133
        2.51595        2.34422   1 134
        2.51595        2.38665   1 135
        2.51595        2.39205   1 136
        2.51595        2.40835   1 137
        2.51595        2.40925   1 138
        2.51595        2.51049   1 139
        2.51595        2.51053   1 140
        2.51595        2.63379   1 141
        2.51595        2.63532   1 142
        2.51595        2.88162   1 143
        2.51595        2.88194   1 144
        2.51595        2.90825   1 145
        2.51595        2.90855   1 146
        2.51595        3.19837   1 147
        2.51595        3.22509   1 148
        2.51595        3.56383   1 149
        2.51595        3.56419   1 150
        2.51595        3.65475   1 151
        2.51595        3.65524   1 152
        2.51595        3.68313   1 153
        2.51595        3.68429   1 154
        2.51595        3.71604   1 155
        2.51595        3.71615   1 156
        2.55761       -0.39890   1   1
        2.55761       -0.39330   1   2
        2.55761       -0.38280   1   3
        2.55761       -0.38040   1   4
        2.55761       -0.35084   1   5
        2.55761       -0.35066   1   6
        2.55761       -0.30807   1   7
        2.55761       -0.29349   1   8
        2.55761       -0.27715   1   9
        2.55761       -0.26180   1  10
        2.55761       -0.23959   1  11
        2.55761       -0.23607   1  12
        2.55761       -0.22948   1  13
        2.55761       -0.22784   1  14
        2.55761       -0.22277   1  15
        2.55761       -0.20749   1  16
        2.55761       -0.20210   1  17
        2.55761       -0.19993   1  18
        2.55761       -0.19155   1  19
        2.55761       -0.18265   1  20
        2.55761       -0.17518   1  21
        2.55761       -0.16973   1  22
        2.55761       -0.15471   1  23
        2.55761       -0.15425   1  24
        2.55761       -0.12055   1  25
        2.55761       -0.11914   1  26
        2.55761       -0.11167   1  27
        2.55761       -0.10424   1  28
        2.55761       -0.08264   1  29
        2.55761       -0.05322   1  30
        2.55761       -0.04989   1  31
        2.55761       -0.04885   1  32
        2.55761       -0.04677   1  33
        2.55761       -0.03358   1  34
        2.55761       -0.03272   1  35
        2.55761       -0.02707   1  36
        2.55761       -0.02124   1  37
        2.55761       -0.01788   1  38
        2.55761        0.00256   1  39
        2.55761        0.02884   1  40
        2.55761        0.07443   1  41
        2.55761        0.09814   1  42
        2.55761        0.10230   1  43
        2.55761        0.11678   1  44
        2.55761        0.13099   1  45
        2.55761        0.13629   1  46
        2.55761        0.14358   1  47
        2.55761        0.16919   1  48
        2.55761        0.18172   1  49
        2.55761        0.19653   1  50
        2.55761        0.23668   1  51
        2.55761        0.26514   1  52
        2.55761        0.30772   1  53
        2.55761        0.36463   1  54
        2.55761        0.40802   1  55
        2.55761        0.45963   1  56
        2.55761        0.50082   1  57
        2.55761        0.50107   1  58
        2.55761        0.54092   1  59
        2.55761        0.58154   1  60
        2.55761        0.59373   1  61
        2.55761        0.60034   1  62
        2.55761        0.61485   1  63
        2.55761        0.62221   1  64
        2.55761        0.64639   1  65
        2.55761        0.66421   1  66
        2.55761        0.66934   1  67
        2.55761        0.67205   1  68
        2.55761        0.67917   1  69
        2.55761        0.68232   1  70
        2.55761        0.71020   1  71
        2.55761        0.73070   1  72
        2.55761        0.77386   1  73
        2.55761        0.77404   1  74
        2.55761        0.79837   1  75
        2.55761        0.79988   1  76
        2.55761        0.82529   1  77
        2.55761        0.82655   1  78
        2.55761        0.85243   1  79
        2.55761        0.87930   1  80
        2.55761        0.89012   1  81
        2.55761        0.89054   1  82
        2.55761        0.90227   1  83
        2.55761        0.91751   1  84
        2.55761        0.93476   1  85
        2.55761        0.93929   1  86
        2.55761        0.94201   1  87
        2.55761        0.98388   1  88
        2.55761        1.05195   1  89
        2.55761        1.05812   1  90
        2.55761        1.11514   1  91
        2.55761        1.14048   1  92
        2.55761        1.14678   1  93
        2.55761        1.15227   1  94
        2.55761        1.20427   1  95
        2.55761        1.22231   1  96
        2.55761        1.23729   1  97
        2.55761        1.26472   1  98
        2.55761        1.27935   1  99
        2.55761        1.32282   1 100
        2.55761        1.33727   1 101
        2.55761        1.34185   1 102
        2.55761        1.39451   1 103
        2.55761        1.41331   1 104
        2.55761        1.55886   1 105
        2.55761        1.56081   1 106
        2.55761        1.57540   1 107
        2.55761        1.57775   1 108
        2.55761        1.63330   1 109
        2.55761        1.63389   1 110
        2.55761        1.63746   1 111
        2.55761        1.64257   1 112
        2.55761        1.77300   1 113
        2.55761        1.77446   1 114
        2.55761        1.79759   1 115
        2.55761        1.79918   1 116
        2.55761        1.88191   1 117
        2.55761        1.88210   1 118
        2.55761        1.92458   1 119
        2.55761        1.92503   1 120
        2.55761        1.92538   1 121
        2.55761        1.93136   1 122
        2.55761        1.97565   1 123
        2.55761        1.97573   1 124
        2.55761        1.99339   1 125
        2.55761        1.99412   1 126
        2.55761        2.29228   1 127
        2.55761        2.29293   1 128
        2.55761        2.33125   1 129
        2.55761        2.33222   1 130
        2.55761        2.40819   1 131
        2.55761        2.40996   1 132
        2.55761        2.41004   1 133
        2.55761        2.41011   1 134
        2.55761        2.46972   1 135
        2.55761        2.47521   1 136
        2.55761        2.47695   1 137
        2.55761        2.47785   1 138
        2.55761        2.59712   1 139
        2.55761        2.59723   1 140
        2.55761        2.67343   1 141
        2.55761        2.67458   1 142
        2.55761        2.97985   1 143
        2.55761        2.98005   1 144
        2.55761        3.02487   1 145
        2.55761        3.02591   1 146
        2.55761        3.18282   1 147
        2.55761        3.21038   1 148
        2.55761        3.59613   1 149
        2.55761        3.59620   1 150
        2.55761        3.72186   1 151
        2.55761        3.72248   1 152
        2.55761        3.75195   1 153
        2.55761        3.75316   1 154
        2.55761        3.77669   1 155
        2.55761        3.77686   1 156
        2.59928       -0.39272   1   1
        2.59928       -0.38740   1   2
        2.59928       -0.38081   1   3
        2.59928       -0.37853   1   4
        2.59928       -0.34606   1   5
        2.59928       -0.34564   1   6
        2.59928       -0.31474   1   7
        2.59928       -0.30377   1   8
        2.59928       -0.28556   1   9
        2.59928       -0.26810   1  10
        2.59928       -0.24646   1  11
        2.59928       -0.24334   1  12
        2.59928       -0.23816   1  13
        2.59928       -0.22836   1  14
        2.59928       -0.22185   1  15
        2.59928       -0.21071   1  16
        2.59928       -0.20441   1  17
        2.59928       -0.20277   1  18
        2.59928       -0.19377   1  19
        2.59928       -0.17843   1  20
        2.59928       -0.17642   1  21
        2.59928       -0.16651   1  22
        2.59928       -0.15439   1  23
        2.59928       -0.15398   1  24
        2.59928       -0.13113   1  25
        2.59928       -0.11251   1  26
        2.59928       -0.10821   1  27
        2.59928       -0.09128   1  28
        2.59928       -0.07587   1  29
        2.59928       -0.05498   1  30
        2.59928       -0.04950   1  31
        2.59928       -0.04708   1  32
        2.59928       -0.03909   1  33
        2.59928       -0.03054   1  34
        2.59928       -0.02933   1  35
        2.59928       -0.02483   1  36
        2.59928       -0.01935   1  37
        2.59928       -0.01763   1  38
        2.59928        0.00073   1  39
        2.59928        0.01498   1  40
        2.59928        0.09165   1  41
        2.59928        0.10064   1  42
        2.59928        0.10829   1  43
        2.59928        0.13125   1  44
        2.59928        0.14186   1  45
        2.59928        0.14289   1  46
        2.59928        0.14814   1  47
        2.59928        0.17144   1  48
        2.59928        0.18254   1  49
        2.59928        0.19516   1  50
        2.59928        0.23897   1  51
        2.59928        0.26360   1  52
        2.59928        0.34408   1  53
        2.59928        0.38786   1  54
        2.59928        0.43646   1  55
        2.59928        0.48050   1  56
        2.59928        0.50436   1  57
        2.59928        0.50476   1  58
        2.59928        0.56277   1  59
        2.59928        0.57006   1  60
        2.59928        0.58431   1  61
        2.59928        0.61475   1  62
        2.59928        0.62180   1  63
        2.59928        0.63661   1  64
        2.59928        0.64809   1  65
        2.59928        0.64953   1  66
        2.59928        0.65592   1  67
        2.59928        0.67149   1  68
        2.59928        0.67710   1  69
        2.59928        0.68234   1  70
        2.59928        0.68844   1  71
        2.59928        0.69172   1  72
        2.59928        0.74251   1  73
        2.59928        0.76145   1  74
        2.59928        0.76522   1  75
        2.59928        0.76571   1  76
        2.59928        0.81295   1  77
        2.59928        0.81606   1  78
        2.59928        0.82177   1  79
        2.59928        0.83548   1  80
        2.59928        0.87399   1  81
        2.59928        0.87580   1  82
        2.59928        0.88163   1  83
        2.59928        0.89261   1  84
        2.59928        0.89678   1  85
        2.59928        0.91108   1  86
        2.59928        0.93194   1  87
        2.59928        0.97813   1  88
        2.59928        1.01779   1  89
        2.59928        1.02509   1  90
        2.59928        1.08754   1  91
        2.59928        1.12147   1  92
        2.59928        1.12550   1  93
        2.59928        1.13119   1  94
        2.59928        1.19948   1  95
        2.59928        1.22231   1  96
        2.59928        1.22543   1  97
        2.59928        1.25823   1  98
        2.59928        1.27083   1  99
        2.59928        1.31524   1 100
        2.59928        1.32311   1 101
        2.59928        1.32830   1 102
        2.59928        1.38043   1 103
        2.59928        1.39878   1 104
        2.59928        1.50481   1 105
        2.59928        1.50816   1 106
        2.59928        1.56767   1 107
        2.59928        1.56973   1 108
        2.59928        1.62812   1 109
        2.59928        1.63509   1 110
        2.59928        1.64272   1 111
        2.59928        1.64609   1 112
        2.59928        1.75446   1 113
        2.59928        1.75563   1 114
        2.59928        1.82879   1 115
        2.59928        1.83050   1 116
        2.59928        1.88226   1 117
        2.59928        1.88254   1 118
        2.59928        1.90407   1 119
        2.59928        1.90937   1 120
        2.59928        1.98034   1 121
        2.59928        1.98109   1 122
        2.59928        2.01116   1 123
        2.59928        2.01127   1 124
        2.59928        2.01934   1 125
        2.59928        2.01996   1 126
        2.59928        2.37246   1 127
        2.59928        2.37418   1 128
        2.59928        2.39183   1 129
        2.59928        2.39226   1 130
        2.59928        2.46508   1 131
        2.59928        2.46513   1 132
        2.59928        2.48692   1 133
        2.59928        2.48747   1 134
        2.59928        2.55528   1 135
        2.59928        2.55732   1 136
        2.59928        2.55802   1 137
        2.59928        2.56090   1 138
        2.59928        2.68014   1 139
        2.59928        2.68073   1 140
        2.59928        2.72135   1 141
        2.59928        2.72221   1 142
        2.59928        3.07562   1 143
        2.59928        3.07634   1 144
        2.59928        3.11729   1 145
        2.59928        3.11896   1 146
        2.59928        3.16996   1 147
        2.59928        3.19736   1 148
        2.59928        3.61123   1 149
        2.59928        3.61130   1 150
        2.59928        3.79333   1 151
        2.59928        3.79389   1 152
        2.59928        3.83004   1 153
        2.59928        3.83099   1 154
        2.59928        3.83833   1 155
        2.59928        3.83845   1 156
        2.64095       -0.38965   1   1
        2.64095       -0.38504   1   2
        2.64095       -0.38242   1   3
        2.64095       -0.37993   1   4
        2.64095       -0.34055   1   5
        2.64095       -0.33933   1   6
        2.64095       -0.31963   1   7
        2.64095       -0.31231   1   8
        2.64095       -0.29087   1   9
        2.64095       -0.27020   1  10
        2.64095       -0.24965   1  11
        2.64095       -0.24676   1  12
        2.64095       -0.24346   1  13
        2.64095       -0.23251   1  14
        2.64095       -0.22158   1  15
        2.64095       -0.21364   1  16
        2.64095       -0.20741   1  17
        2.64095       -0.20653   1  18
        2.64095       -0.19097   1  19
        2.64095       -0.17833   1  20
        2.64095       -0.17587   1  21
        2.64095       -0.16299   1  22
        2.64095       -0.15413   1  23
        2.64095       -0.15372   1  24
        2.64095       -0.14150   1  25
        2.64095       -0.11421   1  26
        2.64095       -0.10186   1  27
        2.64095       -0.08005   1  28
        2.64095       -0.06750   1  29
        2.64095       -0.05242   1  30
        2.64095       -0.04740   1  31
        2.64095       -0.04370   1  32
        2.64095       -0.03396   1  33
        2.64095       -0.03023   1  34
        2.64095       -0.02617   1  35
        2.64095       -0.01817   1  36
        2.64095       -0.01787   1  37
        2.64095       -0.01711   1  38
        2.64095       -0.00209   1  39
        2.64095        0.00331   1  40
        2.64095        0.10559   1  41
        2.64095        0.11061   1  42
        2.64095        0.11408   1  43
        2.64095        0.14296   1  44
        2.64095        0.14587   1  45
        2.64095        0.15344   1  46
        2.64095        0.16048   1  47
        2.64095        0.17299   1  48
        2.64095        0.18275   1  49
        2.64095        0.19313   1  50
        2.64095        0.23931   1  51
        2.64095        0.25831   1  52
        2.64095        0.37961   1  53
        2.64095        0.41255   1  54
        2.64095        0.46099   1  55
        2.64095        0.50214   1  56
        2.64095        0.50429   1  57
        2.64095        0.50608   1  58
        2.64095        0.53960   1  59
        2.64095        0.57258   1  60
        2.64095        0.58658   1  61
        2.64095        0.58945   1  62
        2.64095        0.62003   1  63
        2.64095        0.62740   1  64
        2.64095        0.63325   1  65
        2.64095        0.64194   1  66
        2.64095        0.65601   1  67
        2.64095        0.65757   1  68
        2.64095        0.67107   1  69
        2.64095        0.68528   1  70
        2.64095        0.69699   1  71
        2.64095        0.69860   1  72
        2.64095        0.70718   1  73
        2.64095        0.73644   1  74
        2.64095        0.75609   1  75
        2.64095        0.76032   1  76
        2.64095        0.79375   1  77
        2.64095        0.79636   1  78
        2.64095        0.81465   1  79
        2.64095        0.82205   1  80
        2.64095        0.84730   1  81
        2.64095        0.86060   1  82
        2.64095        0.86252   1  83
        2.64095        0.87726   1  84
        2.64095        0.88234   1  85
        2.64095        0.89406   1  86
        2.64095        0.92268   1  87
        2.64095        0.97142   1  88
        2.64095        0.98105   1  89
        2.64095        0.99140   1  90
        2.64095        1.06063   1  91
        2.64095        1.09011   1  92
        2.64095        1.10861   1  93
        2.64095        1.11453   1  94
        2.64095        1.19453   1  95
        2.64095        1.20467   1  96
        2.64095        1.22121   1  97
        2.64095        1.23954   1  98
        2.64095        1.27752   1  99
        2.64095        1.32354   1 100
        2.64095        1.32549   1 101
        2.64095        1.33185   1 102
        2.64095        1.36880   1 103
        2.64095        1.38249   1 104
        2.64095        1.41914   1 105
        2.64095        1.42740   1 106
        2.64095        1.57312   1 107
        2.64095        1.57524   1 108
        2.64095        1.63284   1 109
        2.64095        1.63822   1 110
        2.64095        1.64812   1 111
        2.64095        1.65130   1 112
        2.64095        1.73593   1 113
        2.64095        1.73690   1 114
        2.64095        1.84622   1 115
        2.64095        1.84951   1 116
        2.64095        1.86591   1 117
        2.64095        1.86621   1 118
        2.64095        1.88382   1 119
        2.64095        1.88764   1 120
        2.64095        2.03670   1 121
        2.64095        2.03735   1 122
        2.64095        2.06064   1 123
        2.64095        2.06123   1 124
        2.64095        2.07678   1 125
        2.64095        2.07684   1 126
        2.64095        2.42066   1 127
        2.64095        2.42370   1 128
        2.64095        2.50444   1 129
        2.64095        2.50460   1 130
        2.64095        2.51222   1 131
        2.64095        2.51228   1 132
        2.64095        2.54929   1 133
        2.64095        2.54977   1 134
        2.64095        2.64596   1 135
        2.64095        2.64619   1 136
        2.64095        2.64889   1 137
        2.64095        2.65284   1 138
        2.64095        2.75953   1 139
        2.64095        2.76078   1 140
        2.64095        2.77858   1 141
        2.64095        2.77940   1 142
        2.64095        3.14138   1 143
        2.64095        3.15516   1 144
        2.64095        3.18601   1 145
        2.64095        3.19784   1 146
        2.64095        3.20086   1 147
        2.64095        3.20241   1 148
        2.64095        3.61080   1 149
        2.64095        3.61084   1 150
        2.64095        3.86255   1 151
        2.64095        3.86263   1 152
        2.64095        3.90334   1 153
        2.64095        3.90377   1 154
        2.64095        3.91699   1 155
        2.64095        3.91752   1 156
        2.68261       -0.38921   1   1
        2.68261       -0.38594   1   2
        2.68261       -0.38536   1   3
        2.68261       -0.38309   1   4
        2.68261       -0.33478   1   5
        2.68261       -0.33261   1   6
        2.68261       -0.32388   1   7
        2.68261       -0.31919   1   8
        2.68261       -0.29200   1   9
        2.68261       -0.26733   1  10
        2.68261       -0.24998   1  11
        2.68261       -0.24744   1  12
        2.68261       -0.24651   1  13
        2.68261       -0.23715   1  14
        2.68261       -0.22398   1  15
        2.68261       -0.21634   1  16
        2.68261       -0.21105   1  17
        2.68261       -0.21069   1  18
        2.68261       -0.18642   1  19
        2.68261       -0.17952   1  20
        2.68261       -0.17394   1  21
        2.68261       -0.16065   1  22
        2.68261       -0.15390   1  23
        2.68261       -0.15356   1  24
        2.68261       -0.15037   1  25
        2.68261       -0.11591   1  26
        2.68261       -0.09952   1  27
        2.68261       -0.07171   1  28
        2.68261       -0.06113   1  29
        2.68261       -0.04565   1  30
        2.68261       -0.04476   1  31
        2.68261       -0.03796   1  32
        2.68261       -0.03221   1  33
        2.68261       -0.02957   1  34
        2.68261       -0.02201   1  35
        2.68261       -0.01854   1  36
        2.68261       -0.01653   1  37
        2.68261       -0.01187   1  38
        2.68261       -0.00679   1  39
        2.68261       -0.00455   1  40
        2.68261        0.11234   1  41
        2.68261        0.11870   1  42
        2.68261        0.12441   1  43
        2.68261        0.15050   1  44
        2.68261        0.15825   1  45
        2.68261        0.16272   1  46
        2.68261        0.17148   1  47
        2.68261        0.17530   1  48
        2.68261        0.18219   1  49
        2.68261        0.19110   1  50
        2.68261        0.23726   1  51
        2.68261        0.24958   1  52
        2.68261        0.41218   1  53
        2.68261        0.43809   1  54
        2.68261        0.47712   1  55
        2.68261        0.49828   1  56
        2.68261        0.50798   1  57
        2.68261        0.52091   1  58
        2.68261        0.52421   1  59
        2.68261        0.54913   1  60
        2.68261        0.56334   1  61
        2.68261        0.58493   1  62
        2.68261        0.61776   1  63
        2.68261        0.61902   1  64
        2.68261        0.63133   1  65
        2.68261        0.63217   1  66
        2.68261        0.63277   1  67
        2.68261        0.64558   1  68
        2.68261        0.66113   1  69
        2.68261        0.67206   1  70
        2.68261        0.68819   1  71
        2.68261        0.70645   1  72
        2.68261        0.72164   1  73
        2.68261        0.73330   1  74
        2.68261        0.76056   1  75
        2.68261        0.76450   1  76
        2.68261        0.77533   1  77
        2.68261        0.78065   1  78
        2.68261        0.82009   1  79
        2.68261        0.82192   1  80
        2.68261        0.83544   1  81
        2.68261        0.85112   1  82
        2.68261        0.85420   1  83
        2.68261        0.87782   1  84
        2.68261        0.87981   1  85
        2.68261        0.88966   1  86
        2.68261        0.90222   1  87
        2.68261        0.94470   1  88
        2.68261        0.95372   1  89
        2.68261        0.95946   1  90
        2.68261        1.03734   1  91
        2.68261        1.06130   1  92
        2.68261        1.08926   1  93
        2.68261        1.09499   1  94
        2.68261        1.19059   1  95
        2.68261        1.19176   1  96
        2.68261        1.21898   1  97
        2.68261        1.22435   1  98
        2.68261        1.27201   1  99
        2.68261        1.30596   1 100
        2.68261        1.33948   1 101
        2.68261        1.34260   1 102
        2.68261        1.34488   1 103
        2.68261        1.35763   1 104
        2.68261        1.36470   1 105
        2.68261        1.38522   1 106
        2.68261        1.57789   1 107
        2.68261        1.57991   1 108
        2.68261        1.64319   1 109
        2.68261        1.64745   1 110
        2.68261        1.65221   1 111
        2.68261        1.65533   1 112
        2.68261        1.72124   1 113
        2.68261        1.72204   1 114
        2.68261        1.83182   1 115
        2.68261        1.83717   1 116
        2.68261        1.84724   1 117
        2.68261        1.84762   1 118
        2.68261        1.88516   1 119
        2.68261        1.88667   1 120
        2.68261        2.10131   1 121
        2.68261        2.10194   1 122
        2.68261        2.12126   1 123
        2.68261        2.12177   1 124
        2.68261        2.14657   1 125
        2.68261        2.14672   1 126
        2.68261        2.54787   1 127
        2.68261        2.55184   1 128
        2.68261        2.60683   1 129
        2.68261        2.60709   1 130
        2.68261        2.62192   1 131
        2.68261        2.62195   1 132
        2.68261        2.65715   1 133
        2.68261        2.65780   1 134
        2.68261        2.72679   1 135
        2.68261        2.72698   1 136
        2.68261        2.73948   1 137
        2.68261        2.74137   1 138
        2.68261        2.82937   1 139
        2.68261        2.83090   1 140
        2.68261        2.84093   1 141
        2.68261        2.84179   1 142
        2.68261        3.13275   1 143
        2.68261        3.15647   1 144
        2.68261        3.27186   1 145
        2.68261        3.27264   1 146
        2.68261        3.28058   1 147
        2.68261        3.28129   1 148
        2.68261        3.59991   1 149
        2.68261        3.60000   1 150
        2.68261        3.92178   1 151
        2.68261        3.92289   1 152
        2.68261        3.96689   1 153
        2.68261        3.96761   1 154
        2.68261        4.00333   1 155
        2.68261        4.00349   1 156
        2.72428       -0.38986   1   1
        2.72428       -0.38901   1   2
        2.72428       -0.38648   1   3
        2.72428       -0.38589   1   4
        2.72428       -0.33028   1   5
        2.72428       -0.32741   1   6
        2.72428       -0.32724   1   7
        2.72428       -0.32378   1   8
        2.72428       -0.29081   1   9
        2.72428       -0.26154   1  10
        2.72428       -0.24908   1  11
        2.72428       -0.24806   1  12
        2.72428       -0.24687   1  13
        2.72428       -0.24269   1  14
        2.72428       -0.22618   1  15
        2.72428       -0.21845   1  16
        2.72428       -0.21427   1  17
        2.72428       -0.21409   1  18
        2.72428       -0.18278   1  19
        2.72428       -0.18054   1  20
        2.72428       -0.17208   1  21
        2.72428       -0.15941   1  22
        2.72428       -0.15667   1  23
        2.72428       -0.15375   1  24
        2.72428       -0.15358   1  25
        2.72428       -0.11710   1  26
        2.72428       -0.09906   1  27
        2.72428       -0.06881   1  28
        2.72428       -0.05227   1  29
        2.72428       -0.04421   1  30
        2.72428       -0.04049   1  31
        2.72428       -0.03329   1  32
        2.72428       -0.03155   1  33
        2.72428       -0.02748   1  34
        2.72428       -0.02053   1  35
        2.72428       -0.01859   1  36
        2.72428       -0.01636   1  37
        2.72428       -0.01319   1  38
        2.72428       -0.00772   1  39
        2.72428       -0.00702   1  40
        2.72428        0.11817   1  41
        2.72428        0.12205   1  42
        2.72428        0.12947   1  43
        2.72428        0.16343   1  44
        2.72428        0.16681   1  45
        2.72428        0.16970   1  46
        2.72428        0.17357   1  47
        2.72428        0.18196   1  48
        2.72428        0.18396   1  49
        2.72428        0.19004   1  50
        2.72428        0.23347   1  51
        2.72428        0.23901   1  52
        2.72428        0.43731   1  53
        2.72428        0.46341   1  54
        2.72428        0.48199   1  55
        2.72428        0.48775   1  56
        2.72428        0.51312   1  57
        2.72428        0.51323   1  58
        2.72428        0.51649   1  59
        2.72428        0.54464   1  60
        2.72428        0.55777   1  61
        2.72428        0.57829   1  62
        2.72428        0.59934   1  63
        2.72428        0.61401   1  64
        2.72428        0.62299   1  65
        2.72428        0.62609   1  66
        2.72428        0.62668   1  67
        2.72428        0.62931   1  68
        2.72428        0.65624   1  69
        2.72428        0.65937   1  70
        2.72428        0.68866   1  71
        2.72428        0.69060   1  72
        2.72428        0.74082   1  73
        2.72428        0.75215   1  74
        2.72428        0.75985   1  75
        2.72428        0.76156   1  76
        2.72428        0.76561   1  77
        2.72428        0.79636   1  78
        2.72428        0.79740   1  79
        2.72428        0.84782   1  80
        2.72428        0.84985   1  81
        2.72428        0.86322   1  82
        2.72428        0.87085   1  83
        2.72428        0.87344   1  84
        2.72428        0.88064   1  85
        2.72428        0.88160   1  86
        2.72428        0.89348   1  87
        2.72428        0.91270   1  88
        2.72428        0.92590   1  89
        2.72428        0.93126   1  90
        2.72428        1.02141   1  91
        2.72428        1.04051   1  92
        2.72428        1.06336   1  93
        2.72428        1.06880   1  94
        2.72428        1.18709   1  95
        2.72428        1.18836   1  96
        2.72428        1.21687   1  97
        2.72428        1.21741   1  98
        2.72428        1.24149   1  99
        2.72428        1.25804   1 100
        2.72428        1.31575   1 101
        2.72428        1.35311   1 102
        2.72428        1.35746   1 103
        2.72428        1.35784   1 104
        2.72428        1.35971   1 105
        2.72428        1.37248   1 106
        2.72428        1.58259   1 107
        2.72428        1.58450   1 108
        2.72428        1.65349   1 109
        2.72428        1.65576   1 110
        2.72428        1.65704   1 111
        2.72428        1.65896   1 112
        2.72428        1.71101   1 113
        2.72428        1.71162   1 114
        2.72428        1.81136   1 115
        2.72428        1.81716   1 116
        2.72428        1.83080   1 117
        2.72428        1.83144   1 118
        2.72428        1.89039   1 119
        2.72428        1.89153   1 120
        2.72428        2.16990   1 121
        2.72428        2.17066   1 122
        2.72428        2.19005   1 123
        2.72428        2.19039   1 124
        2.72428        2.20104   1 125
        2.72428        2.20111   1 126
        2.72428        2.68083   1 127
        2.72428        2.68119   1 128
        2.72428        2.76656   1 129
        2.72428        2.76690   1 130
        2.72428        2.77471   1 131
        2.72428        2.77499   1 132
        2.72428        2.82774   1 133
        2.72428        2.83386   1 134
        2.72428        2.87797   1 135
        2.72428        2.87885   1 136
        2.72428        2.87930   1 137
        2.72428        2.88029   1 138
        2.72428        2.89735   1 139
        2.72428        2.89738   1 140
        2.72428        2.95661   1 141
        2.72428        2.95677   1 142
        2.72428        3.12482   1 143
        2.72428        3.14864   1 144
        2.72428        3.33389   1 145
        2.72428        3.33403   1 146
        2.72428        3.33527   1 147
        2.72428        3.33545   1 148
        2.72428        3.58568   1 149
        2.72428        3.58591   1 150
        2.72428        3.96481   1 151
        2.72428        3.96677   1 152
        2.72428        4.01286   1 153
        2.72428        4.01367   1 154
        2.72428        4.06721   1 155
        2.72428        4.06726   1 156
        2.76595       -0.39032   1   1
        2.76595       -0.39009   1   2
        2.76595       -0.38708   1   3
        2.76595       -0.38690   1   4
        2.76595       -0.32878   1   5
        2.76595       -0.32831   1   6
        2.76595       -0.32568   1   7
        2.76595       -0.32516   1   8
        2.76595       -0.29005   1   9
        2.76595       -0.25746   1  10
        2.76595       -0.24858   1  11
        2.76595       -0.24849   1  12
        2.76595       -0.24650   1  13
        2.76595       -0.24643   1  14
        2.76595       -0.22703   1  15
        2.76595       -0.21928   1  16
        2.76595       -0.21565   1  17
        2.76595       -0.21538   1  18
        2.76595       -0.18155   1  19
        2.76595       -0.18058   1  20
        2.76595       -0.17153   1  21
        2.76595       -0.15911   1  22
        2.76595       -0.15894   1  23
        2.76595       -0.15368   1  24
        2.76595       -0.15365   1  25
        2.76595       -0.11753   1  26
        2.76595       -0.09905   1  27
        2.76595       -0.06837   1  28
        2.76595       -0.04432   1  29
        2.76595       -0.04400   1  30
        2.76595       -0.04319   1  31
        2.76595       -0.03189   1  32
        2.76595       -0.03107   1  33
        2.76595       -0.02583   1  34
        2.76595       -0.02119   1  35
        2.76595       -0.01827   1  36
        2.76595       -0.01766   1  37
        2.76595       -0.01393   1  38
        2.76595       -0.00773   1  39
        2.76595       -0.00617   1  40
        2.76595        0.12022   1  41
        2.76595        0.12366   1  42
        2.76595        0.13052   1  43
        2.76595        0.16893   1  44
        2.76595        0.16968   1  45
        2.76595        0.17255   1  46
        2.76595        0.17395   1  47
        2.76595        0.18371   1  48
        2.76595        0.18798   1  49
        2.76595        0.19022   1  50
        2.76595        0.23024   1  51
        2.76595        0.23384   1  52
        2.76595        0.44710   1  53
        2.76595        0.48142   1  54
        2.76595        0.48211   1  55
        2.76595        0.48555   1  56
        2.76595        0.49493   1  57
        2.76595        0.51100   1  58
        2.76595        0.51622   1  59
        2.76595        0.55448   1  60
        2.76595        0.55708   1  61
        2.76595        0.57484   1  62
        2.76595        0.59009   1  63
        2.76595        0.60327   1  64
        2.76595        0.62136   1  65
        2.76595        0.62184   1  66
        2.76595        0.62861   1  67
        2.76595        0.62938   1  68
        2.76595        0.64606   1  69
        2.76595        0.66014   1  70
        2.76595        0.68455   1  71
        2.76595        0.68843   1  72
        2.76595        0.74673   1  73
        2.76595        0.75848   1  74
        2.76595        0.75865   1  75
        2.76595        0.76479   1  76
        2.76595        0.76490   1  77
        2.76595        0.78286   1  78
        2.76595        0.81692   1  79
        2.76595        0.85164   1  80
        2.76595        0.85167   1  81
        2.76595        0.87652   1  82
        2.76595        0.88334   1  83
        2.76595        0.88338   1  84
        2.76595        0.88363   1  85
        2.76595        0.88366   1  86
        2.76595        0.89570   1  87
        2.76595        0.90229   1  88
        2.76595        0.90274   1  89
        2.76595        0.91336   1  90
        2.76595        1.01575   1  91
        2.76595        1.03286   1  92
        2.76595        1.04551   1  93
        2.76595        1.05114   1  94
        2.76595        1.18720   1  95
        2.76595        1.18777   1  96
        2.76595        1.21586   1  97
        2.76595        1.21672   1  98
        2.76595        1.22446   1  99
        2.76595        1.23833   1 100
        2.76595        1.31156   1 101
        2.76595        1.35834   1 102
        2.76595        1.35880   1 103
        2.76595        1.36250   1 104
        2.76595        1.36293   1 105
        2.76595        1.36569   1 106
        2.76595        1.58491   1 107
        2.76595        1.58679   1 108
        2.76595        1.65742   1 109
        2.76595        1.65760   1 110
        2.76595        1.66071   1 111
        2.76595        1.66087   1 112
        2.76595        1.70702   1 113
        2.76595        1.70752   1 114
        2.76595        1.80335   1 115
        2.76595        1.80882   1 116
        2.76595        1.82350   1 117
        2.76595        1.82438   1 118
        2.76595        1.89204   1 119
        2.76595        1.89312   1 120
        2.76595        2.20070   1 121
        2.76595        2.20155   1 122
        2.76595        2.22133   1 123
        2.76595        2.22162   1 124
        2.76595        2.22282   1 125
        2.76595        2.22282   1 126
        2.76595        2.70851   1 127
        2.76595        2.70887   1 128
        2.76595        2.78774   1 129
        2.76595        2.78784   1 130
        2.76595        2.78802   1 131
        2.76595        2.78811   1 132
        2.76595        2.89652   1 133
        2.76595        2.89663   1 134
        2.76595        2.89765   1 135
        2.76595        2.89776   1 136
        2.76595        3.06051   1 137
        2.76595        3.07042   1 138
        2.76595        3.12268   1 139
        2.76595        3.14640   1 140
        2.76595        3.17170   1 141
        2.76595        3.17178   1 142
        2.76595        3.20523   1 143
        2.76595        3.20536   1 144
        2.76595        3.34990   1 145
        2.76595        3.35004   1 146
        2.76595        3.35033   1 147
        2.76595        3.35046   1 148
        2.76595        3.57886   1 149
        2.76595        3.57916   1 150
        2.76595        3.98121   1 151
        2.76595        3.98345   1 152
        2.76595        4.02899   1 153
        2.76595        4.02978   1 154
        2.76595        4.09025   1 155
        2.76595        4.09035   1 156
        2.76595       -0.39032   1   1
        2.76595       -0.39009   1   2
        2.76595       -0.38708   1   3
        2.76595       -0.38690   1   4
        2.76595       -0.32878   1   5
        2.76595       -0.32831   1   6
        2.76595       -0.32568   1   7
        2.76595       -0.32516   1   8
        2.76595       -0.29005   1   9
        2.76595       -0.25746   1  10
        2.76595       -0.24858   1  11
        2.76595       -0.24849   1  12
        2.76595       -0.24650   1  13
        2.76595       -0.24643   1  14
        2.76595       -0.22703   1  15
        2.76595       -0.21928   1  16
        2.76595       -0.21565   1  17
        2.76595       -0.21538   1  18
        2.76595       -0.18155   1  19
        2.76595       -0.18058   1  20
        2.76595       -0.17153   1  21
        2.76595       -0.15911   1  22
        2.76595       -0.15894   1  23
        2.76595       -0.15368   1  24
        2.76595       -0.15365   1  25
        2.76595       -0.11753   1  26
        2.76595       -0.09905   1  27
        2.76595       -0.06837   1  28
        2.76595       -0.04432   1  29
        2.76595       -0.04400   1  30
        2.76595       -0.04319   1  31
        2.76595       -0.03189   1  32
        2.76595       -0.03107   1  33
        2.76595       -0.02583   1  34
        2.76595       -0.02119   1  35
        2.76595       -0.01827   1  36
        2.76595       -0.01766   1  37
        2.76595       -0.01393   1  38
        2.76595       -0.00773   1  39
        2.76595       -0.00617   1  40
        2.76595        0.12022   1  41
        2.76595        0.12366   1  42
        2.76595        0.13052   1  43
        2.76595        0.16893   1  44
        2.76595        0.16968   1  45
        2.76595        0.17255   1  46
        2.76595        0.17395   1  47
        2.76595        0.18371   1  48
        2.76595        0.18798   1  49
        2.76595        0.19022   1  50
        2.76595        0.23024   1  51
        2.76595        0.23384   1  52
        2.76595        0.44710   1  53
        2.76595        0.48142   1  54
        2.76595        0.48211   1  55
        2.76595        0.48555   1  56
        2.76595        0.49493   1  57
        2.76595        0.51100   1  58
        2.76595        0.51622   1  59
        2.76595        0.55448   1  60
        2.76595        0.55708   1  61
        2.76595        0.57484   1  62
        2.76595        0.59009   1  63
        2.76595        0.60327   1  64
        2.76595        0.62136   1  65
        2.76595        0.62184   1  66
        2.76595        0.62861   1  67
        2.76595        0.62938   1  68
        2.76595        0.64606   1  69
        2.76595        0.66014   1  70
        2.76595        0.68455   1  71
        2.76595        0.68843   1  72
        2.76595        0.74673   1  73
        2.76595        0.75848   1  74
        2.76595        0.75865   1  75
        2.76595        0.76479   1  76
        2.76595        0.76490   1  77
        2.76595        0.78286   1  78
        2.76595        0.81692   1  79
        2.76595        0.85164   1  80
        2.76595        0.85167   1  81
        2.76595        0.87652   1  82
        2.76595        0.88334   1  83
        2.76595        0.88338   1  84
        2.76595        0.88363   1  85
        2.76595        0.88366   1  86
        2.76595        0.89570   1  87
        2.76595        0.90229   1  88
        2.76595        0.90274   1  89
        2.76595        0.91336   1  90
        2.76595        1.01575   1  91
        2.76595        1.03286   1  92
        2.76595        1.04551   1  93
        2.76595        1.05114   1  94
        2.76595        1.18720   1  95
        2.76595        1.18777   1  96
        2.76595        1.21586   1  97
        2.76595        1.21672   1  98
        2.76595        1.22446   1  99
        2.76595        1.23833   1 100
        2.76595        1.31156   1 101
        2.76595        1.35834   1 102
        2.76595        1.35880   1 103
        2.76595        1.36250   1 104
        2.76595        1.36293   1 105
        2.76595        1.36569   1 106
        2.76595        1.58491   1 107
        2.76595        1.58679   1 108
        2.76595        1.65742   1 109
        2.76595        1.65760   1 110
        2.76595        1.66071   1 111
        2.76595        1.66087   1 112
        2.76595        1.70702   1 113
        2.76595        1.70752   1 114
        2.76595        1.80335   1 115
        2.76595        1.80882   1 116
        2.76595        1.82350   1 117
        2.76595        1.82438   1 118
        2.76595        1.89204   1 119
        2.76595        1.89312   1 120
        2.76595        2.20070   1 121
        2.76595        2.20155   1 122
        2.76595        2.22133   1 123
        2.76595        2.22162   1 124
        2.76595        2.22282   1 125
        2.76595        2.22282   1 126
        2.76595        2.70851   1 127
        2.76595        2.70887   1 128
        2.76595        2.78774   1 129
        2.76595        2.78784   1 130
        2.76595        2.78802   1 131
        2.76595        2.78811   1 132
        2.76595        2.89652   1 133
        2.76595        2.89663   1 134
        2.76595        2.89765   1 135
        2.76595        2.89776   1 136
        2.76595        3.06051   1 137
        2.76595        3.07042   1 138
        2.76595        3.12268   1 139
        2.76595        3.14640   1 140
        2.76595        3.17170   1 141
        2.76595        3.17178   1 142
        2.76595        3.20523   1 143
        2.76595        3.20536   1 144
        2.76595        3.34990   1 145
        2.76595        3.35004   1 146
        2.76595        3.35033   1 147
        2.76595        3.35046   1 148
        2.76595        3.57886   1 149
        2.76595        3.57916   1 150
        2.76595        3.98121   1 151
        2.76595        3.98345   1 152
        2.76595        4.02899   1 153
        2.76595        4.02978   1 154
        2.76595        4.09025   1 155
        2.76595        4.09035   1 156
        2.80523       -0.38982   1   1
        2.80523       -0.38915   1   2
        2.80523       -0.38655   1   3
        2.80523       -0.38593   1   4
        2.80523       -0.32986   1   5
        2.80523       -0.32757   1   6
        2.80523       -0.32670   1   7
        2.80523       -0.32444   1   8
        2.80523       -0.29084   1   9
        2.80523       -0.26157   1  10
        2.80523       -0.24935   1  11
        2.80523       -0.24775   1  12
        2.80523       -0.24568   1  13
        2.80523       -0.24383   1  14
        2.80523       -0.22628   1  15
        2.80523       -0.21852   1  16
        2.80523       -0.21442   1  17
        2.80523       -0.21426   1  18
        2.80523       -0.18227   1  19
        2.80523       -0.18092   1  20
        2.80523       -0.17196   1  21
        2.80523       -0.15897   1  22
        2.80523       -0.15732   1  23
        2.80523       -0.15372   1  24
        2.80523       -0.15357   1  25
        2.80523       -0.11720   1  26
        2.80523       -0.09896   1  27
        2.80523       -0.06859   1  28
        2.80523       -0.05112   1  29
        2.80523       -0.04585   1  30
        2.80523       -0.03940   1  31
        2.80523       -0.03289   1  32
        2.80523       -0.03167   1  33
        2.80523       -0.02729   1  34
        2.80523       -0.01969   1  35
        2.80523       -0.01779   1  36
        2.80523       -0.01628   1  37
        2.80523       -0.01483   1  38
        2.80523       -0.00801   1  39
        2.80523       -0.00711   1  40
        2.80523        0.11843   1  41
        2.80523        0.12210   1  42
        2.80523        0.12966   1  43
        2.80523        0.16092   1  44
        2.80523        0.16364   1  45
        2.80523        0.17358   1  46
        2.80523        0.17659   1  47
        2.80523        0.18122   1  48
        2.80523        0.18676   1  49
        2.80523        0.18961   1  50
        2.80523        0.22670   1  51
        2.80523        0.24433   1  52
        2.80523        0.43378   1  53
        2.80523        0.47448   1  54
        2.80523        0.48157   1  55
        2.80523        0.48566   1  56
        2.80523        0.50964   1  57
        2.80523        0.51289   1  58
        2.80523        0.51333   1  59
        2.80523        0.54710   1  60
        2.80523        0.55787   1  61
        2.80523        0.57805   1  62
        2.80523        0.59949   1  63
        2.80523        0.61273   1  64
        2.80523        0.62304   1  65
        2.80523        0.62529   1  66
        2.80523        0.62546   1  67
        2.80523        0.63049   1  68
        2.80523        0.65406   1  69
        2.80523        0.65923   1  70
        2.80523        0.68784   1  71
        2.80523        0.69099   1  72
        2.80523        0.74185   1  73
        2.80523        0.75397   1  74
        2.80523        0.75908   1  75
        2.80523        0.76063   1  76
        2.80523        0.76518   1  77
        2.80523        0.79530   1  78
        2.80523        0.79982   1  79
        2.80523        0.84984   1  80
        2.80523        0.85242   1  81
        2.80523        0.86326   1  82
        2.80523        0.86965   1  83
        2.80523        0.87019   1  84
        2.80523        0.88288   1  85
        2.80523        0.88290   1  86
        2.80523        0.90308   1  87
        2.80523        0.90983   1  88
        2.80523        0.91184   1  89
        2.80523        0.93333   1  90
        2.80523        1.02087   1  91
        2.80523        1.04000   1  92
        2.80523        1.06186   1  93
        2.80523        1.06732   1  94
        2.80523        1.18728   1  95
        2.80523        1.18821   1  96
        2.80523        1.21688   1  97
        2.80523        1.21746   1  98
        2.80523        1.23913   1  99
        2.80523        1.25534   1 100
        2.80523        1.31514   1 101
        2.80523        1.35567   1 102
        2.80523        1.35590   1 103
        2.80523        1.35762   1 104
        2.80523        1.36182   1 105
        2.80523        1.37074   1 106
        2.80523        1.58278   1 107
        2.80523        1.58468   1 108
        2.80523        1.65235   1 109
        2.80523        1.65587   1 110
        2.80523        1.65742   1 111
        2.80523        1.66069   1 112
        2.80523        1.71045   1 113
        2.80523        1.71103   1 114
        2.80523        1.79943   1 115
        2.80523        1.80288   1 116
        2.80523        1.84129   1 117
        2.80523        1.84406   1 118
        2.80523        1.89087   1 119
        2.80523        1.89198   1 120
        2.80523        2.16938   1 121
        2.80523        2.16993   1 122
        2.80523        2.19403   1 123
        2.80523        2.19407   1 124
        2.80523        2.20623   1 125
        2.80523        2.20633   1 126
        2.80523        2.68291   1 127
        2.80523        2.68325   1 128
        2.80523        2.76495   1 129
        2.80523        2.76523   1 130
        2.80523        2.78087   1 131
        2.80523        2.78115   1 132
        2.80523        2.84475   1 133
        2.80523        2.85054   1 134
        2.80523        2.87078   1 135
        2.80523        2.87195   1 136
        2.80523        2.88967   1 137
        2.80523        2.89102   1 138
        2.80523        2.92989   1 139
        2.80523        2.93071   1 140
        2.80523        2.98031   1 141
        2.80523        2.98040   1 142
        2.80523        3.12434   1 143
        2.80523        3.14809   1 144
        2.80523        3.30321   1 145
        2.80523        3.30332   1 146
        2.80523        3.36752   1 147
        2.80523        3.36772   1 148
        2.80523        3.58478   1 149
        2.80523        3.58502   1 150
        2.80523        3.96618   1 151
        2.80523        3.96815   1 152
        2.80523        4.01367   1 153
        2.80523        4.01442   1 154
        2.80523        4.07155   1 155
        2.80523        4.07163   1 156
        2.84451       -0.38854   1   1
        2.84451       -0.38606   1   2
        2.84451       -0.38513   1   3
        2.84451       -0.38281   1   4
        2.84451       -0.33327   1   5
        2.84451       -0.33000   1   6
        2.84451       -0.32475   1   7
        2.84451       -0.32161   1   8
        2.84451       -0.29355   1   9
        2.84451       -0.26971   1  10
        2.84451       -0.25096   1  11
        2.84451       -0.24544   1  12
        2.84451       -0.24336   1  13
        2.84451       -0.23995   1  14
        2.84451       -0.22449   1  15
        2.84451       -0.21652   1  16
        2.84451       -0.21156   1  17
        2.84451       -0.21123   1  18
        2.84451       -0.18437   1  19
        2.84451       -0.18137   1  20
        2.84451       -0.17344   1  21
        2.84451       -0.15896   1  22
        2.84451       -0.15402   1  23
        2.84451       -0.15373   1  24
        2.84451       -0.15225   1  25
        2.84451       -0.11732   1  26
        2.84451       -0.09839   1  27
        2.84451       -0.06992   1  28
        2.84451       -0.05976   1  29
        2.84451       -0.05144   1  30
        2.84451       -0.04120   1  31
        2.84451       -0.03619   1  32
        2.84451       -0.03295   1  33
        2.84451       -0.02980   1  34
        2.84451       -0.01940   1  35
        2.84451       -0.01822   1  36
        2.84451       -0.01524   1  37
        2.84451       -0.01121   1  38
        2.84451       -0.00871   1  39
        2.84451       -0.00618   1  40
        2.84451        0.11310   1  41
        2.84451        0.11859   1  42
        2.84451        0.12692   1  43
        2.84451        0.13497   1  44
        2.84451        0.14795   1  45
        2.84451        0.17268   1  46
        2.84451        0.18075   1  47
        2.84451        0.18688   1  48
        2.84451        0.18745   1  49
        2.84451        0.19211   1  50
        2.84451        0.21504   1  51
        2.84451        0.26884   1  52
        2.84451        0.39560   1  53
        2.84451        0.47066   1  54
        2.84451        0.48209   1  55
        2.84451        0.49199   1  56
        2.84451        0.50558   1  57
        2.84451        0.51073   1  58
        2.84451        0.52491   1  59
        2.84451        0.54006   1  60
        2.84451        0.56377   1  61
        2.84451        0.58687   1  62
        2.84451        0.62182   1  63
        2.84451        0.62589   1  64
        2.84451        0.62786   1  65
        2.84451        0.63073   1  66
        2.84451        0.63262   1  67
        2.84451        0.63524   1  68
        2.84451        0.65711   1  69
        2.84451        0.66211   1  70
        2.84451        0.68327   1  71
        2.84451        0.71129   1  72
        2.84451        0.72725   1  73
        2.84451        0.74056   1  74
        2.84451        0.75494   1  75
        2.84451        0.76071   1  76
        2.84451        0.76627   1  77
        2.84451        0.80014   1  78
        2.84451        0.80606   1  79
        2.84451        0.83195   1  80
        2.84451        0.84198   1  81
        2.84451        0.85372   1  82
        2.84451        0.85464   1  83
        2.84451        0.88174   1  84
        2.84451        0.88179   1  85
        2.84451        0.88636   1  86
        2.84451        0.90521   1  87
        2.84451        0.92501   1  88
        2.84451        0.93996   1  89
        2.84451        0.96065   1  90
        2.84451        1.03692   1  91
        2.84451        1.06223   1  92
        2.84451        1.08680   1  93
        2.84451        1.09265   1  94
        2.84451        1.18979   1  95
        2.84451        1.19035   1  96
        2.84451        1.21866   1  97
        2.84451        1.22219   1  98
        2.84451        1.26826   1  99
        2.84451        1.29859   1 100
        2.84451        1.33500   1 101
        2.84451        1.34767   1 102
        2.84451        1.35195   1 103
        2.84451        1.35473   1 104
        2.84451        1.35934   1 105
        2.84451        1.37916   1 106
        2.84451        1.57984   1 107
        2.84451        1.58192   1 108
        2.84451        1.64024   1 109
        2.84451        1.64446   1 110
        2.84451        1.65699   1 111
        2.84451        1.66031   1 112
        2.84451        1.71759   1 113
        2.84451        1.71825   1 114
        2.84451        1.81460   1 115
        2.84451        1.81741   1 116
        2.84451        1.85497   1 117
        2.84451        1.85803   1 118
        2.84451        1.89025   1 119
        2.84451        1.89136   1 120
        2.84451        2.08075   1 121
        2.84451        2.08078   1 122
        2.84451        2.14047   1 123
        2.84451        2.14094   1 124
        2.84451        2.16735   1 125
        2.84451        2.16756   1 126
        2.84451        2.58630   1 127
        2.84451        2.58956   1 128
        2.84451        2.60750   1 129
        2.84451        2.60757   1 130
        2.84451        2.67108   1 131
        2.84451        2.67147   1 132
        2.84451        2.69755   1 133
        2.84451        2.69903   1 134
        2.84451        2.71762   1 135
        2.84451        2.71804   1 136
        2.84451        2.78120   1 137
        2.84451        2.78133   1 138
        2.84451        2.80251   1 139
        2.84451        2.80362   1 140
        2.84451        2.88951   1 141
        2.84451        2.89076   1 142
        2.84451        3.12458   1 143
        2.84451        3.14153   1 144
        2.84451        3.18034   1 145
        2.84451        3.18851   1 146
        2.84451        3.37536   1 147
        2.84451        3.37538   1 148
        2.84451        3.59636   1 149
        2.84451        3.59651   1 150
        2.84451        3.92237   1 151
        2.84451        3.92348   1 152
        2.84451        3.96606   1 153
        2.84451        3.96632   1 154
        2.84451        4.03098   1 155
        2.84451        4.03107   1 156
        2.88380       -0.38631   1   1
        2.88380       -0.38267   1   2
        2.88380       -0.38093   1   3
        2.88380       -0.37762   1   4
        2.88380       -0.33773   1   5
        2.88380       -0.33437   1   6
        2.88380       -0.32007   1   7
        2.88380       -0.31690   1   8
        2.88380       -0.29840   1   9
        2.88380       -0.27915   1  10
        2.88380       -0.25222   1  11
        2.88380       -0.24163   1  12
        2.88380       -0.23954   1  13
        2.88380       -0.23729   1  14
        2.88380       -0.22270   1  15
        2.88380       -0.21372   1  16
        2.88380       -0.20843   1  17
        2.88380       -0.20724   1  18
        2.88380       -0.18657   1  19
        2.88380       -0.18208   1  20
        2.88380       -0.17532   1  21
        2.88380       -0.15893   1  22
        2.88380       -0.15351   1  23
        2.88380       -0.15324   1  24
        2.88380       -0.14660   1  25
        2.88380       -0.12101   1  26
        2.88380       -0.09560   1  27
        2.88380       -0.07259   1  28
        2.88380       -0.06922   1  29
        2.88380       -0.05891   1  30
        2.88380       -0.04894   1  31
        2.88380       -0.04038   1  32
        2.88380       -0.03501   1  33
        2.88380       -0.03146   1  34
        2.88380       -0.01979   1  35
        2.88380       -0.01657   1  36
        2.88380       -0.01499   1  37
        2.88380       -0.00824   1  38
        2.88380       -0.00760   1  39
        2.88380       -0.00524   1  40
        2.88380        0.10159   1  41
        2.88380        0.10607   1  42
        2.88380        0.11402   1  43
        2.88380        0.12172   1  44
        2.88380        0.13057   1  45
        2.88380        0.16913   1  46
        2.88380        0.18205   1  47
        2.88380        0.18233   1  48
        2.88380        0.18806   1  49
        2.88380        0.20583   1  50
        2.88380        0.21527   1  51
        2.88380        0.29790   1  52
        2.88380        0.35131   1  53
        2.88380        0.44252   1  54
        2.88380        0.48914   1  55
        2.88380        0.50244   1  56
        2.88380        0.50261   1  57
        2.88380        0.50622   1  58
        2.88380        0.53343   1  59
        2.88380        0.54037   1  60
        2.88380        0.57373   1  61
        2.88380        0.59848   1  62
        2.88380        0.62965   1  63
        2.88380        0.63269   1  64
        2.88380        0.63539   1  65
        2.88380        0.63595   1  66
        2.88380        0.64293   1  67
        2.88380        0.65128   1  68
        2.88380        0.66061   1  69
        2.88380        0.66973   1  70
        2.88380        0.67449   1  71
        2.88380        0.71526   1  72
        2.88380        0.72457   1  73
        2.88380        0.74322   1  74
        2.88380        0.75060   1  75
        2.88380        0.76290   1  76
        2.88380        0.76768   1  77
        2.88380        0.80008   1  78
        2.88380        0.82302   1  79
        2.88380        0.83227   1  80
        2.88380        0.84249   1  81
        2.88380        0.85823   1  82
        2.88380        0.87676   1  83
        2.88380        0.88017   1  84
        2.88380        0.88024   1  85
        2.88380        0.89896   1  86
        2.88380        0.90901   1  87
        2.88380        0.93558   1  88
        2.88380        0.97248   1  89
        2.88380        0.98440   1  90
        2.88380        1.06495   1  91
        2.88380        1.09635   1  92
        2.88380        1.10692   1  93
        2.88380        1.11431   1  94
        2.88380        1.19280   1  95
        2.88380        1.19555   1  96
        2.88380        1.22164   1  97
        2.88380        1.22787   1  98
        2.88380        1.27391   1  99
        2.88380        1.31728   1 100
        2.88380        1.34355   1 101
        2.88380        1.35023   1 102
        2.88380        1.35556   1 103
        2.88380        1.36101   1 104
        2.88380        1.39774   1 105
        2.88380        1.40885   1 106
        2.88380        1.57906   1 107
        2.88380        1.58151   1 108
        2.88380        1.62774   1 109
        2.88380        1.63292   1 110
        2.88380        1.65511   1 111
        2.88380        1.65860   1 112
        2.88380        1.72772   1 113
        2.88380        1.72846   1 114
        2.88380        1.82761   1 115
        2.88380        1.82949   1 116
        2.88380        1.86855   1 117
        2.88380        1.87285   1 118
        2.88380        1.89944   1 119
        2.88380        1.90047   1 120
        2.88380        1.98450   1 121
        2.88380        1.98468   1 122
        2.88380        2.07113   1 123
        2.88380        2.07149   1 124
        2.88380        2.12664   1 125
        2.88380        2.12673   1 126
        2.88380        2.49128   1 127
        2.88380        2.49344   1 128
        2.88380        2.50619   1 129
        2.88380        2.50664   1 130
        2.88380        2.57071   1 131
        2.88380        2.57099   1 132
        2.88380        2.60601   1 133
        2.88380        2.60874   1 134
        2.88380        2.62784   1 135
        2.88380        2.62807   1 136
        2.88380        2.71941   1 137
        2.88380        2.72015   1 138
        2.88380        2.76201   1 139
        2.88380        2.76246   1 140
        2.88380        2.88064   1 141
        2.88380        2.88169   1 142
        2.88380        3.00597   1 143
        2.88380        3.00679   1 144
        2.88380        3.15091   1 145
        2.88380        3.17753   1 146
        2.88380        3.36207   1 147
        2.88380        3.36208   1 148
        2.88380        3.60318   1 149
        2.88380        3.60327   1 150
        2.88380        3.85433   1 151
        2.88380        3.85450   1 152
        2.88380        3.90342   1 153
        2.88380        3.90372   1 154
        2.88380        3.97648   1 155
        2.88380        3.97703   1 156
        2.92308       -0.38307   1   1
        2.92308       -0.37908   1   2
        2.92308       -0.37382   1   3
        2.92308       -0.37043   1   4
        2.92308       -0.34216   1   5
        2.92308       -0.33865   1   6
        2.92308       -0.31360   1   7
        2.92308       -0.31040   1   8
        2.92308       -0.30488   1   9
        2.92308       -0.28888   1  10
        2.92308       -0.25321   1  11
        2.92308       -0.23691   1  12
        2.92308       -0.23635   1  13
        2.92308       -0.23427   1  14
        2.92308       -0.22250   1  15
        2.92308       -0.21091   1  16
        2.92308       -0.20575   1  17
        2.92308       -0.20302   1  18
        2.92308       -0.18771   1  19
        2.92308       -0.18324   1  20
        2.92308       -0.17637   1  21
        2.92308       -0.15879   1  22
        2.92308       -0.15256   1  23
        2.92308       -0.15226   1  24
        2.92308       -0.14046   1  25
        2.92308       -0.13125   1  26
        2.92308       -0.08966   1  27
        2.92308       -0.07960   1  28
        2.92308       -0.07721   1  29
        2.92308       -0.06629   1  30
        2.92308       -0.05858   1  31
        2.92308       -0.04355   1  32
        2.92308       -0.03794   1  33
        2.92308       -0.03205   1  34
        2.92308       -0.02013   1  35
        2.92308       -0.01643   1  36
        2.92308       -0.01448   1  37
        2.92308       -0.00663   1  38
        2.92308       -0.00552   1  39
        2.92308       -0.00516   1  40
        2.92308        0.07085   1  41
        2.92308        0.09908   1  42
        2.92308        0.10884   1  43
        2.92308        0.11280   1  44
        2.92308        0.11495   1  45
        2.92308        0.15986   1  46
        2.92308        0.17937   1  47
        2.92308        0.18312   1  48
        2.92308        0.18971   1  49
        2.92308        0.20259   1  50
        2.92308        0.24353   1  51
        2.92308        0.30683   1  52
        2.92308        0.32968   1  53
        2.92308        0.40846   1  54
        2.92308        0.48646   1  55
        2.92308        0.49673   1  56
        2.92308        0.49811   1  57
        2.92308        0.51737   1  58
        2.92308        0.53578   1  59
        2.92308        0.54245   1  60
        2.92308        0.58756   1  61
        2.92308        0.60696   1  62
        2.92308        0.63235   1  63
        2.92308        0.63256   1  64
        2.92308        0.63586   1  65
        2.92308        0.64280   1  66
        2.92308        0.64599   1  67
        2.92308        0.64685   1  68
        2.92308        0.65318   1  69
        2.92308        0.67218   1  70
        2.92308        0.70577   1  71
        2.92308        0.71608   1  72
        2.92308        0.72638   1  73
        2.92308        0.75933   1  74
        2.92308        0.76492   1  75
        2.92308        0.76634   1  76
        2.92308        0.76875   1  77
        2.92308        0.82336   1  78
        2.92308        0.82941   1  79
        2.92308        0.84289   1  80
        2.92308        0.86383   1  81
        2.92308        0.87780   1  82
        2.92308        0.87788   1  83
        2.92308        0.88257   1  84
        2.92308        0.90940   1  85
        2.92308        0.91444   1  86
        2.92308        0.91983   1  87
        2.92308        0.94267   1  88
        2.92308        1.00123   1  89
        2.92308        1.00726   1  90
        2.92308        1.09996   1  91
        2.92308        1.12510   1  92
        2.92308        1.12786   1  93
        2.92308        1.14506   1  94
        2.92308        1.19711   1  95
        2.92308        1.20658   1  96
        2.92308        1.22527   1  97
        2.92308        1.23785   1  98
        2.92308        1.26522   1  99
        2.92308        1.31436   1 100
        2.92308        1.34518   1 101
        2.92308        1.34857   1 102
        2.92308        1.35166   1 103
        2.92308        1.37318   1 104
        2.92308        1.47155   1 105
        2.92308        1.47529   1 106
        2.92308        1.58429   1 107
        2.92308        1.58690   1 108
        2.92308        1.61809   1 109
        2.92308        1.62566   1 110
        2.92308        1.65127   1 111
        2.92308        1.65499   1 112
        2.92308        1.74374   1 113
        2.92308        1.74461   1 114
        2.92308        1.81653   1 115
        2.92308        1.81802   1 116
        2.92308        1.89534   1 117
        2.92308        1.89564   1 118
        2.92308        1.89756   1 119
        2.92308        1.90315   1 120
        2.92308        1.92268   1 121
        2.92308        1.92325   1 122
        2.92308        2.00013   1 123
        2.92308        2.00034   1 124
        2.92308        2.07793   1 125
        2.92308        2.07794   1 126
        2.92308        2.41113   1 127
        2.92308        2.41158   1 128
        2.92308        2.48781   1 129
        2.92308        2.48878   1 130
        2.92308        2.50094   1 131
        2.92308        2.50482   1 132
        2.92308        2.54796   1 133
        2.92308        2.54817   1 134
        2.92308        2.61979   1 135
        2.92308        2.62000   1 136
        2.92308        2.64646   1 137
        2.92308        2.64703   1 138
        2.92308        2.76432   1 139
        2.92308        2.76503   1 140
        2.92308        2.87145   1 141
        2.92308        2.87208   1 142
        2.92308        2.87457   1 143
        2.92308        2.87625   1 144
        2.92308        3.16072   1 145
        2.92308        3.18822   1 146
        2.92308        3.34277   1 147
        2.92308        3.34300   1 148
        2.92308        3.59701   1 149
        2.92308        3.59704   1 150
        2.92308        3.77069   1 151
        2.92308        3.77084   1 152
        2.92308        3.83568   1 153
        2.92308        3.83620   1 154
        2.92308        3.90874   1 155
        2.92308        3.91035   1 156
        2.96237       -0.37882   1   1
        2.96237       -0.37439   1   2
        2.96237       -0.36483   1   3
        2.96237       -0.36134   1   4
        2.96237       -0.34580   1   5
        2.96237       -0.34188   1   6
        2.96237       -0.31189   1   7
        2.96237       -0.30541   1   8
        2.96237       -0.30217   1   9
        2.96237       -0.29821   1  10
        2.96237       -0.25506   1  11
        2.96237       -0.23916   1  12
        2.96237       -0.22976   1  13
        2.96237       -0.22763   1  14
        2.96237       -0.22621   1  15
        2.96237       -0.20865   1  16
        2.96237       -0.20378   1  17
        2.96237       -0.19888   1  18
        2.96237       -0.18608   1  19
        2.96237       -0.18515   1  20
        2.96237       -0.17612   1  21
        2.96237       -0.15861   1  22
        2.96237       -0.15088   1  23
        2.96237       -0.15058   1  24
        2.96237       -0.14820   1  25
        2.96237       -0.13559   1  26
        2.96237       -0.09031   1  27
        2.96237       -0.08381   1  28
        2.96237       -0.08141   1  29
        2.96237       -0.07292   1  30
        2.96237       -0.06751   1  31
        2.96237       -0.04461   1  32
        2.96237       -0.04199   1  33
        2.96237       -0.03292   1  34
        2.96237       -0.02338   1  35
        2.96237       -0.01625   1  36
        2.96237       -0.01372   1  37
        2.96237       -0.00757   1  38
        2.96237       -0.00636   1  39
        2.96237       -0.00201   1  40
        2.96237        0.04693   1  41
        2.96237        0.09457   1  42
        2.96237        0.09892   1  43
        2.96237        0.10201   1  44
        2.96237        0.10515   1  45
        2.96237        0.15048   1  46
        2.96237        0.17944   1  47
        2.96237        0.18373   1  48
        2.96237        0.19144   1  49
        2.96237        0.20178   1  50
        2.96237        0.26407   1  51
        2.96237        0.27560   1  52
        2.96237        0.36339   1  53
        2.96237        0.37430   1  54
        2.96237        0.47016   1  55
        2.96237        0.48627   1  56
        2.96237        0.48688   1  57
        2.96237        0.53595   1  58
        2.96237        0.53705   1  59
        2.96237        0.53815   1  60
        2.96237        0.60537   1  61
        2.96237        0.60996   1  62
        2.96237        0.62273   1  63
        2.96237        0.62343   1  64
        2.96237        0.62726   1  65
        2.96237        0.64372   1  66
        2.96237        0.64434   1  67
        2.96237        0.65931   1  68
        2.96237        0.66622   1  69
        2.96237        0.67497   1  70
        2.96237        0.71203   1  71
        2.96237        0.73148   1  72
        2.96237        0.74038   1  73
        2.96237        0.76607   1  74
        2.96237        0.76625   1  75
        2.96237        0.76890   1  76
        2.96237        0.81855   1  77
        2.96237        0.84238   1  78
        2.96237        0.84271   1  79
        2.96237        0.87140   1  80
        2.96237        0.87567   1  81
        2.96237        0.87572   1  82
        2.96237        0.89757   1  83
        2.96237        0.91023   1  84
        2.96237        0.92170   1  85
        2.96237        0.93927   1  86
        2.96237        0.94340   1  87
        2.96237        0.97025   1  88
        2.96237        1.02529   1  89
        2.96237        1.02882   1  90
        2.96237        1.12845   1  91
        2.96237        1.14549   1  92
        2.96237        1.15729   1  93
        2.96237        1.17988   1  94
        2.96237        1.20158   1  95
        2.96237        1.21738   1  96
        2.96237        1.22863   1  97
        2.96237        1.25120   1  98
        2.96237        1.26624   1  99
        2.96237        1.32469   1 100
        2.96237        1.34065   1 101
        2.96237        1.34884   1 102
        2.96237        1.35376   1 103
        2.96237        1.37616   1 104
        2.96237        1.53092   1 105
        2.96237        1.53393   1 106
        2.96237        1.58803   1 107
        2.96237        1.58972   1 108
        2.96237        1.61859   1 109
        2.96237        1.63014   1 110
        2.96237        1.64474   1 111
        2.96237        1.64877   1 112
        2.96237        1.76324   1 113
        2.96237        1.76432   1 114
        2.96237        1.80967   1 115
        2.96237        1.80994   1 116
        2.96237        1.81038   1 117
        2.96237        1.81126   1 118
        2.96237        1.91940   1 119
        2.96237        1.92533   1 120
        2.96237        1.93781   1 121
        2.96237        1.93786   1 122
        2.96237        1.95114   1 123
        2.96237        1.95182   1 124
        2.96237        2.01841   1 125
        2.96237        2.01843   1 126
        2.96237        2.32303   1 127
        2.96237        2.32331   1 128
        2.96237        2.40396   1 129
        2.96237        2.40870   1 130
        2.96237        2.50422   1 131
        2.96237        2.50451   1 132
        2.96237        2.55040   1 133
        2.96237        2.55042   1 134
        2.96237        2.58439   1 135
        2.96237        2.58519   1 136
        2.96237        2.64224   1 137
        2.96237        2.64242   1 138
        2.96237        2.75670   1 139
        2.96237        2.75754   1 140
        2.96237        2.78820   1 141
        2.96237        2.79027   1 142
        2.96237        2.86177   1 143
        2.96237        2.86234   1 144
        2.96237        3.16540   1 145
        2.96237        3.19318   1 146
        2.96237        3.31651   1 147
        2.96237        3.31677   1 148
        2.96237        3.57280   1 149
        2.96237        3.57313   1 150
        2.96237        3.69024   1 151
        2.96237        3.69068   1 152
        2.96237        3.76301   1 153
        2.96237        3.76353   1 154
        2.96237        3.85757   1 155
        2.96237        3.85942   1 156
        3.00165       -0.37382   1   1
        3.00165       -0.36894   1   2
        3.00165       -0.35409   1   3
        3.00165       -0.35046   1   4
        3.00165       -0.34862   1   5
        3.00165       -0.34347   1   6
        3.00165       -0.31799   1   7
        3.00165       -0.30647   1   8
        3.00165       -0.29563   1   9
        3.00165       -0.29235   1  10
        3.00165       -0.25923   1  11
        3.00165       -0.24361   1  12
        3.00165       -0.23450   1  13
        3.00165       -0.22190   1  14
        3.00165       -0.21972   1  15
        3.00165       -0.20645   1  16
        3.00165       -0.20170   1  17
        3.00165       -0.19593   1  18
        3.00165       -0.18846   1  19
        3.00165       -0.18169   1  20
        3.00165       -0.17521   1  21
        3.00165       -0.16936   1  22
        3.00165       -0.15839   1  23
        3.00165       -0.14853   1  24
        3.00165       -0.14823   1  25
        3.00165       -0.13371   1  26
        3.00165       -0.10064   1  27
        3.00165       -0.08932   1  28
        3.00165       -0.07986   1  29
        3.00165       -0.07479   1  30
        3.00165       -0.07191   1  31
        3.00165       -0.04730   1  32
        3.00165       -0.04439   1  33
        3.00165       -0.03659   1  34
        3.00165       -0.03033   1  35
        3.00165       -0.01620   1  36
        3.00165       -0.01296   1  37
        3.00165       -0.00848   1  38
        3.00165       -0.00624   1  39
        3.00165        0.00070   1  40
        3.00165        0.03148   1  41
        3.00165        0.08606   1  42
        3.00165        0.09012   1  43
        3.00165        0.09414   1  44
        3.00165        0.10136   1  45
        3.00165        0.14361   1  46
        3.00165        0.18081   1  47
        3.00165        0.18385   1  48
        3.00165        0.19275   1  49
        3.00165        0.20167   1  50
        3.00165        0.22392   1  51
        3.00165        0.31129   1  52
        3.00165        0.34189   1  53
        3.00165        0.39859   1  54
        3.00165        0.44322   1  55
        3.00165        0.47045   1  56
        3.00165        0.47105   1  57
        3.00165        0.51781   1  58
        3.00165        0.54519   1  59
        3.00165        0.55907   1  60
        3.00165        0.59490   1  61
        3.00165        0.60361   1  62
        3.00165        0.62536   1  63
        3.00165        0.62576   1  64
        3.00165        0.62717   1  65
        3.00165        0.64813   1  66
        3.00165        0.65248   1  67
        3.00165        0.67476   1  68
        3.00165        0.68118   1  69
        3.00165        0.68476   1  70
        3.00165        0.70893   1  71
        3.00165        0.75522   1  72
        3.00165        0.75914   1  73
        3.00165        0.76505   1  74
        3.00165        0.76533   1  75
        3.00165        0.76715   1  76
        3.00165        0.85968   1  77
        3.00165        0.86219   1  78
        3.00165        0.87413   1  79
        3.00165        0.87426   1  80
        3.00165        0.88097   1  81
        3.00165        0.89152   1  82
        3.00165        0.92635   1  83
        3.00165        0.93094   1  84
        3.00165        0.94576   1  85
        3.00165        0.97409   1  86
        3.00165        0.98360   1  87
        3.00165        1.00972   1  88
        3.00165        1.04199   1  89
        3.00165        1.04592   1  90
        3.00165        1.14713   1  91
        3.00165        1.16754   1  92
        3.00165        1.19044   1  93
        3.00165        1.20337   1  94
        3.00165        1.20447   1  95
        3.00165        1.22654   1  96
        3.00165        1.23141   1  97
        3.00165        1.27664   1  98
        3.00165        1.29344   1  99
        3.00165        1.33654   1 100
        3.00165        1.34710   1 101
        3.00165        1.34786   1 102
        3.00165        1.36259   1 103
        3.00165        1.38482   1 104
        3.00165        1.55898   1 105
        3.00165        1.56115   1 106
        3.00165        1.58049   1 107
        3.00165        1.58604   1 108
        3.00165        1.63043   1 109
        3.00165        1.63504   1 110
        3.00165        1.64170   1 111
        3.00165        1.65388   1 112
        3.00165        1.72967   1 113
        3.00165        1.73050   1 114
        3.00165        1.78215   1 115
        3.00165        1.78361   1 116
        3.00165        1.81347   1 117
        3.00165        1.81479   1 118
        3.00165        1.88831   1 119
        3.00165        1.88855   1 120
        3.00165        1.93259   1 121
        3.00165        1.93904   1 122
        3.00165        1.95591   1 123
        3.00165        1.95591   1 124
        3.00165        1.97710   1 125
        3.00165        1.97790   1 126
        3.00165        2.25213   1 127
        3.00165        2.25317   1 128
        3.00165        2.33374   1 129
        3.00165        2.33836   1 130
        3.00165        2.51481   1 131
        3.00165        2.51504   1 132
        3.00165        2.53611   1 133
        3.00165        2.53731   1 134
        3.00165        2.57301   1 135
        3.00165        2.57327   1 136
        3.00165        2.65825   1 137
        3.00165        2.65849   1 138
        3.00165        2.71806   1 139
        3.00165        2.71873   1 140
        3.00165        2.72473   1 141
        3.00165        2.72690   1 142
        3.00165        2.85448   1 143
        3.00165        2.85539   1 144
        3.00165        3.16025   1 145
        3.00165        3.18792   1 146
        3.00165        3.29314   1 147
        3.00165        3.29327   1 148
        3.00165        3.53534   1 149
        3.00165        3.53624   1 150
        3.00165        3.63175   1 151
        3.00165        3.63304   1 152
        3.00165        3.69957   1 153
        3.00165        3.69995   1 154
        3.00165        3.84959   1 155
        3.00165        3.85093   1 156
        3.04093       -0.36861   1   1
        3.04093       -0.36341   1   2
        3.04093       -0.35195   1   3
        3.04093       -0.34379   1   4
        3.04093       -0.34172   1   5
        3.04093       -0.33792   1   6
        3.04093       -0.32109   1   7
        3.04093       -0.31242   1   8
        3.04093       -0.28444   1   9
        3.04093       -0.28110   1  10
        3.04093       -0.26763   1  11
        3.04093       -0.24903   1  12
        3.04093       -0.24367   1  13
        3.04093       -0.21301   1  14
        3.04093       -0.21071   1  15
        3.04093       -0.20380   1  16
        3.04093       -0.20244   1  17
        3.04093       -0.19909   1  18
        3.04093       -0.19289   1  19
        3.04093       -0.18403   1  20
        3.04093       -0.17720   1  21
        3.04093       -0.17476   1  22
        3.04093       -0.15808   1  23
        3.04093       -0.14586   1  24
        3.04093       -0.14550   1  25
        3.04093       -0.13511   1  26
        3.04093       -0.10944   1  27
        3.04093       -0.09276   1  28
        3.04093       -0.08546   1  29
        3.04093       -0.08031   1  30
        3.04093       -0.06238   1  31
        3.04093       -0.05339   1  32
        3.04093       -0.04904   1  33
        3.04093       -0.04075   1  34
        3.04093       -0.03780   1  35
        3.04093       -0.01662   1  36
        3.04093       -0.01168   1  37
        3.04093       -0.00632   1  38
        3.04093       -0.00409   1  39
        3.04093        0.00258   1  40
        3.04093        0.02428   1  41
        3.04093        0.07643   1  42
        3.04093        0.08189   1  43
        3.04093        0.09432   1  44
        3.04093        0.09928   1  45
        3.04093        0.13866   1  46
        3.04093        0.18239   1  47
        3.04093        0.18333   1  48
        3.04093        0.18759   1  49
        3.04093        0.19328   1  50
        3.04093        0.20171   1  51
        3.04093        0.31178   1  52
        3.04093        0.34896   1  53
        3.04093        0.41110   1  54
        3.04093        0.43516   1  55
        3.04093        0.44926   1  56
        3.04093        0.44999   1  57
        3.04093        0.48907   1  58
        3.04093        0.55272   1  59
        3.04093        0.57400   1  60
        3.04093        0.58131   1  61
        3.04093        0.58538   1  62
        3.04093        0.62968   1  63
        3.04093        0.63047   1  64
        3.04093        0.65154   1  65
        3.04093        0.65239   1  66
        3.04093        0.66896   1  67
        3.04093        0.69102   1  68
        3.04093        0.69672   1  69
        3.04093        0.70239   1  70
        3.04093        0.70447   1  71
        3.04093        0.75488   1  72
        3.04093        0.76101   1  73
        3.04093        0.76229   1  74
        3.04093        0.78195   1  75
        3.04093        0.78912   1  76
        3.04093        0.87351   1  77
        3.04093        0.87357   1  78
        3.04093        0.88187   1  79
        3.04093        0.88503   1  80
        3.04093        0.89300   1  81
        3.04093        0.93210   1  82
        3.04093        0.94225   1  83
        3.04093        0.96003   1  84
        3.04093        0.98546   1  85
        3.04093        1.01604   1  86
        3.04093        1.02448   1  87
        3.04093        1.04891   1  88
        3.04093        1.05281   1  89
        3.04093        1.07023   1  90
        3.04093        1.16618   1  91
        3.04093        1.19608   1  92
        3.04093        1.20561   1  93
        3.04093        1.22192   1  94
        3.04093        1.23028   1  95
        3.04093        1.23038   1  96
        3.04093        1.24792   1  97
        3.04093        1.30053   1  98
        3.04093        1.33418   1  99
        3.04093        1.34335   1 100
        3.04093        1.34912   1 101
        3.04093        1.37807   1 102
        3.04093        1.37894   1 103
        3.04093        1.41344   1 104
        3.04093        1.54105   1 105
        3.04093        1.54313   1 106
        3.04093        1.60169   1 107
        3.04093        1.60468   1 108
        3.04093        1.60958   1 109
        3.04093        1.61167   1 110
        3.04093        1.65685   1 111
        3.04093        1.65875   1 112
        3.04093        1.66835   1 113
        3.04093        1.68112   1 114
        3.04093        1.79697   1 115
        3.04093        1.79884   1 116
        3.04093        1.82581   1 117
        3.04093        1.82661   1 118
        3.04093        1.85541   1 119
        3.04093        1.85619   1 120
        3.04093        1.89712   1 121
        3.04093        1.89717   1 122
        3.04093        1.93832   1 123
        3.04093        1.94547   1 124
        3.04093        1.99882   1 125
        3.04093        1.99979   1 126
        3.04093        2.19976   1 127
        3.04093        2.20238   1 128
        3.04093        2.29984   1 129
        3.04093        2.30340   1 130
        3.04093        2.50326   1 131
        3.04093        2.50487   1 132
        3.04093        2.54293   1 133
        3.04093        2.54331   1 134
        3.04093        2.60643   1 135
        3.04093        2.60649   1 136
        3.04093        2.65201   1 137
        3.04093        2.65246   1 138
        3.04093        2.66561   1 139
        3.04093        2.66737   1 140
        3.04093        2.70228   1 141
        3.04093        2.70246   1 142
        3.04093        2.85375   1 143
        3.04093        2.85483   1 144
        3.04093        3.14496   1 145
        3.04093        3.17176   1 146
        3.04093        3.28377   1 147
        3.04093        3.28380   1 148
        3.04093        3.49310   1 149
        3.04093        3.49475   1 150
        3.04093        3.59369   1 151
        3.04093        3.59602   1 152
        3.04093        3.66067   1 153
        3.04093        3.66097   1 154
        3.04093        3.84854   1 155
        3.04093        3.84958   1 156
        3.08022       -0.36436   1   1
        3.08022       -0.35863   1   2
        3.08022       -0.35726   1   3
        3.08022       -0.34521   1   4
        3.08022       -0.32798   1   5
        3.08022       -0.32398   1   6
        3.08022       -0.31940   1   7
        3.08022       -0.31361   1   8
        3.08022       -0.28070   1   9
        3.08022       -0.27200   1  10
        3.08022       -0.26861   1  11
        3.08022       -0.25433   1  12
        3.08022       -0.24944   1  13
        3.08022       -0.22354   1  14
        3.08022       -0.20398   1  15
        3.08022       -0.20131   1  16
        3.08022       -0.20077   1  17
        3.08022       -0.19792   1  18
        3.08022       -0.19577   1  19
        3.08022       -0.18433   1  20
        3.08022       -0.17707   1  21
        3.08022       -0.17396   1  22
        3.08022       -0.15766   1  23
        3.08022       -0.14369   1  24
        3.08022       -0.14251   1  25
        3.08022       -0.13644   1  26
        3.08022       -0.11600   1  27
        3.08022       -0.09623   1  28
        3.08022       -0.08626   1  29
        3.08022       -0.08393   1  30
        3.08022       -0.06533   1  31
        3.08022       -0.06025   1  32
        3.08022       -0.04915   1  33
        3.08022       -0.04395   1  34
        3.08022       -0.04165   1  35
        3.08022       -0.01749   1  36
        3.08022       -0.00982   1  37
        3.08022       -0.00268   1  38
        3.08022        0.00131   1  39
        3.08022        0.00357   1  40
        3.08022        0.02157   1  41
        3.08022        0.07112   1  42
        3.08022        0.07680   1  43
        3.08022        0.09322   1  44
        3.08022        0.10076   1  45
        3.08022        0.13530   1  46
        3.08022        0.15292   1  47
        3.08022        0.18227   1  48
        3.08022        0.18621   1  49
        3.08022        0.19294   1  50
        3.08022        0.20180   1  51
        3.08022        0.28422   1  52
        3.08022        0.37752   1  53
        3.08022        0.38801   1  54
        3.08022        0.42417   1  55
        3.08022        0.42505   1  56
        3.08022        0.45646   1  57
        3.08022        0.47295   1  58
        3.08022        0.54826   1  59
        3.08022        0.55928   1  60
        3.08022        0.56443   1  61
        3.08022        0.61495   1  62
        3.08022        0.63109   1  63
        3.08022        0.63751   1  64
        3.08022        0.65395   1  65
        3.08022        0.68048   1  66
        3.08022        0.68942   1  67
        3.08022        0.70048   1  68
        3.08022        0.70791   1  69
        3.08022        0.71234   1  70
        3.08022        0.72445   1  71
        3.08022        0.74796   1  72
        3.08022        0.75294   1  73
        3.08022        0.75376   1  74
        3.08022        0.80745   1  75
        3.08022        0.81499   1  76
        3.08022        0.87471   1  77
        3.08022        0.87480   1  78
        3.08022        0.90468   1  79
        3.08022        0.90821   1  80
        3.08022        0.90885   1  81
        3.08022        0.95565   1  82
        3.08022        0.95674   1  83
        3.08022        0.97851   1  84
        3.08022        1.02956   1  85
        3.08022        1.03523   1  86
        3.08022        1.05537   1  87
        3.08022        1.06291   1  88
        3.08022        1.07832   1  89
        3.08022        1.14802   1  90
        3.08022        1.18877   1  91
        3.08022        1.20642   1  92
        3.08022        1.22848   1  93
        3.08022        1.22977   1  94
        3.08022        1.25217   1  95
        3.08022        1.26420   1  96
        3.08022        1.28766   1  97
        3.08022        1.31922   1  98
        3.08022        1.33463   1  99
        3.08022        1.35245   1 100
        3.08022        1.39108   1 101
        3.08022        1.41200   1 102
        3.08022        1.41676   1 103
        3.08022        1.45964   1 104
        3.08022        1.51162   1 105
        3.08022        1.51588   1 106
        3.08022        1.56796   1 107
        3.08022        1.57058   1 108
        3.08022        1.59822   1 109
        3.08022        1.60434   1 110
        3.08022        1.62430   1 111
        3.08022        1.63866   1 112
        3.08022        1.68683   1 113
        3.08022        1.70035   1 114
        3.08022        1.80515   1 115
        3.08022        1.80710   1 116
        3.08022        1.83133   1 117
        3.08022        1.83207   1 118
        3.08022        1.84352   1 119
        3.08022        1.84428   1 120
        3.08022        1.85531   1 121
        3.08022        1.85623   1 122
        3.08022        1.93866   1 123
        3.08022        1.94681   1 124
        3.08022        2.01204   1 125
        3.08022        2.01311   1 126
        3.08022        2.15838   1 127
        3.08022        2.16207   1 128
        3.08022        2.29908   1 129
        3.08022        2.30192   1 130
        3.08022        2.47125   1 131
        3.08022        2.47346   1 132
        3.08022        2.58253   1 133
        3.08022        2.58333   1 134
        3.08022        2.61932   1 135
        3.08022        2.62004   1 136
        3.08022        2.62628   1 137
        3.08022        2.62743   1 138
        3.08022        2.65734   1 139
        3.08022        2.65801   1 140
        3.08022        2.72462   1 141
        3.08022        2.72497   1 142
        3.08022        2.87011   1 143
        3.08022        2.87110   1 144
        3.08022        3.13047   1 145
        3.08022        3.15578   1 146
        3.08022        3.27047   1 147
        3.08022        3.27063   1 148
        3.08022        3.45043   1 149
        3.08022        3.45260   1 150
        3.08022        3.57339   1 151
        3.08022        3.57657   1 152
        3.08022        3.64012   1 153
        3.08022        3.64080   1 154
        3.08022        3.83171   1 155
        3.08022        3.83257   1 156
        3.11950       -0.37005   1   1
        3.11950       -0.35699   1   2
        3.11950       -0.35686   1   3
        3.11950       -0.34841   1   4
        3.11950       -0.31509   1   5
        3.11950       -0.31314   1   6
        3.11950       -0.30892   1   7
        3.11950       -0.30876   1   8
        3.11950       -0.29374   1   9
        3.11950       -0.26090   1  10
        3.11950       -0.25857   1  11
        3.11950       -0.25511   1  12
        3.11950       -0.25100   1  13
        3.11950       -0.24098   1  14
        3.11950       -0.20660   1  15
        3.11950       -0.19985   1  16
        3.11950       -0.19195   1  17
        3.11950       -0.19178   1  18
        3.11950       -0.19019   1  19
        3.11950       -0.18305   1  20
        3.11950       -0.18154   1  21
        3.11950       -0.17429   1  22
        3.11950       -0.15719   1  23
        3.11950       -0.14165   1  24
        3.11950       -0.13940   1  25
        3.11950       -0.13479   1  26
        3.11950       -0.12028   1  27
        3.11950       -0.09829   1  28
        3.11950       -0.08804   1  29
        3.11950       -0.08231   1  30
        3.11950       -0.08075   1  31
        3.11950       -0.06742   1  32
        3.11950       -0.04744   1  33
        3.11950       -0.04544   1  34
        3.11950       -0.03886   1  35
        3.11950       -0.01891   1  36
        3.11950       -0.00756   1  37
        3.11950        0.00118   1  38
        3.11950        0.00376   1  39
        3.11950        0.00943   1  40
        3.11950        0.02036   1  41
        3.11950        0.06834   1  42
        3.11950        0.07631   1  43
        3.11950        0.09101   1  44
        3.11950        0.10397   1  45
        3.11950        0.12265   1  46
        3.11950        0.13349   1  47
        3.11950        0.18049   1  48
        3.11950        0.18971   1  49
        3.11950        0.19186   1  50
        3.11950        0.20216   1  51
        3.11950        0.25942   1  52
        3.11950        0.34443   1  53
        3.11950        0.39650   1  54
        3.11950        0.39765   1  55
        3.11950        0.42321   1  56
        3.11950        0.43002   1  57
        3.11950        0.51171   1  58
        3.11950        0.52802   1  59
        3.11950        0.53877   1  60
        3.11950        0.57475   1  61
        3.11950        0.62676   1  62
        3.11950        0.64172   1  63
        3.11950        0.64705   1  64
        3.11950        0.65599   1  65
        3.11950        0.69840   1  66
        3.11950        0.71170   1  67
        3.11950        0.71318   1  68
        3.11950        0.72334   1  69
        3.11950        0.72558   1  70
        3.11950        0.73778   1  71
        3.11950        0.74144   1  72
        3.11950        0.74222   1  73
        3.11950        0.75255   1  74
        3.11950        0.82706   1  75
        3.11950        0.83635   1  76
        3.11950        0.87882   1  77
        3.11950        0.87893   1  78
        3.11950        0.92627   1  79
        3.11950        0.92748   1  80
        3.11950        0.93201   1  81
        3.11950        0.97225   1  82
        3.11950        0.98049   1  83
        3.11950        0.99820   1  84
        3.11950        1.04309   1  85
        3.11950        1.04728   1  86
        3.11950        1.06241   1  87
        3.11950        1.06745   1  88
        3.11950        1.15548   1  89
        3.11950        1.20579   1  90
        3.11950        1.21307   1  91
        3.11950        1.22109   1  92
        3.11950        1.22665   1  93
        3.11950        1.26402   1  94
        3.11950        1.29921   1  95
        3.11950        1.31288   1  96
        3.11950        1.33252   1  97
        3.11950        1.33475   1  98
        3.11950        1.34358   1  99
        3.11950        1.35498   1 100
        3.11950        1.42090   1 101
        3.11950        1.44809   1 102
        3.11950        1.46663   1 103
        3.11950        1.48381   1 104
        3.11950        1.49510   1 105
        3.11950        1.51463   1 106
        3.11950        1.51896   1 107
        3.11950        1.51957   1 108
        3.11950        1.56445   1 109
        3.11950        1.57667   1 110
        3.11950        1.63826   1 111
        3.11950        1.65923   1 112
        3.11950        1.69499   1 113
        3.11950        1.70659   1 114
        3.11950        1.79058   1 115
        3.11950        1.79099   1 116
        3.11950        1.80409   1 117
        3.11950        1.80652   1 118
        3.11950        1.85448   1 119
        3.11950        1.85596   1 120
        3.11950        1.85675   1 121
        3.11950        1.85717   1 122
        3.11950        1.93581   1 123
        3.11950        1.94499   1 124
        3.11950        2.01441   1 125
        3.11950        2.01561   1 126
        3.11950        2.13106   1 127
        3.11950        2.13527   1 128
        3.11950        2.32106   1 129
        3.11950        2.32367   1 130
        3.11950        2.43020   1 131
        3.11950        2.43310   1 132
        3.11950        2.58706   1 133
        3.11950        2.58725   1 134
        3.11950        2.60333   1 135
        3.11950        2.60454   1 136
        3.11950        2.62803   1 137
        3.11950        2.62906   1 138
        3.11950        2.70312   1 139
        3.11950        2.70336   1 140
        3.11950        2.76241   1 141
        3.11950        2.76260   1 142
        3.11950        2.90989   1 143
        3.11950        2.91077   1 144
        3.11950        3.12070   1 145
        3.11950        3.14460   1 146
        3.11950        3.25069   1 147
        3.11950        3.25121   1 148
        3.11950        3.42093   1 149
        3.11950        3.42303   1 150
        3.11950        3.59413   1 151
        3.11950        3.59758   1 152
        3.11950        3.63589   1 153
        3.11950        3.63735   1 154
        3.11950        3.84227   1 155
        3.11950        3.84301   1 156
        3.15878       -0.38363   1   1
        3.15878       -0.36475   1   2
        3.15878       -0.35340   1   3
        3.15878       -0.34681   1   4
        3.15878       -0.31775   1   5
        3.15878       -0.30222   1   6
        3.15878       -0.29749   1   7
        3.15878       -0.29499   1   8
        3.15878       -0.29291   1   9
        3.15878       -0.27166   1  10
        3.15878       -0.24836   1  11
        3.15878       -0.24459   1  12
        3.15878       -0.24440   1  13
        3.15878       -0.24091   1  14
        3.15878       -0.21411   1  15
        3.15878       -0.20018   1  16
        3.15878       -0.19253   1  17
        3.15878       -0.18382   1  18
        3.15878       -0.18231   1  19
        3.15878       -0.18095   1  20
        3.15878       -0.17910   1  21
        3.15878       -0.17546   1  22
        3.15878       -0.15671   1  23
        3.15878       -0.13822   1  24
        3.15878       -0.13643   1  25
        3.15878       -0.13154   1  26
        3.15878       -0.12254   1  27
        3.15878       -0.09843   1  28
        3.15878       -0.09681   1  29
        3.15878       -0.08985   1  30
        3.15878       -0.07877   1  31
        3.15878       -0.07459   1  32
        3.15878       -0.05256   1  33
        3.15878       -0.04828   1  34
        3.15878       -0.02785   1  35
        3.15878       -0.02083   1  36
        3.15878       -0.00493   1  37
        3.15878        0.00324   1  38
        3.15878        0.00525   1  39
        3.15878        0.01801   1  40
        3.15878        0.02081   1  41
        3.15878        0.06704   1  42
        3.15878        0.07883   1  43
        3.15878        0.08876   1  44
        3.15878        0.09653   1  45
        3.15878        0.10723   1  46
        3.15878        0.13324   1  47
        3.15878        0.17803   1  48
        3.15878        0.19024   1  49
        3.15878        0.19354   1  50
        3.15878        0.20285   1  51
        3.15878        0.23761   1  52
        3.15878        0.31304   1  53
        3.15878        0.36689   1  54
        3.15878        0.36876   1  55
        3.15878        0.39097   1  56
        3.15878        0.47410   1  57
        3.15878        0.50677   1  58
        3.15878        0.51927   1  59
        3.15878        0.55117   1  60
        3.15878        0.58473   1  61
        3.15878        0.62042   1  62
        3.15878        0.63446   1  63
        3.15878        0.66434   1  64
        3.15878        0.67965   1  65
        3.15878        0.70158   1  66
        3.15878        0.72147   1  67
        3.15878        0.72459   1  68
        3.15878        0.73610   1  69
        3.15878        0.73671   1  70
        3.15878        0.73884   1  71
        3.15878        0.73891   1  72
        3.15878        0.74683   1  73
        3.15878        0.77487   1  74
        3.15878        0.83684   1  75
        3.15878        0.84999   1  76
        3.15878        0.88620   1  77
        3.15878        0.88628   1  78
        3.15878        0.94633   1  79
        3.15878        0.95307   1  80
        3.15878        0.95799   1  81
        3.15878        0.99006   1  82
        3.15878        1.00337   1  83
        3.15878        1.01577   1  84
        3.15878        1.06064   1  85
        3.15878        1.06671   1  86
        3.15878        1.07494   1  87
        3.15878        1.07903   1  88
        3.15878        1.18644   1  89
        3.15878        1.20577   1  90
        3.15878        1.22533   1  91
        3.15878        1.23666   1  92
        3.15878        1.28015   1  93
        3.15878        1.33117   1  94
        3.15878        1.34131   1  95
        3.15878        1.35338   1  96
        3.15878        1.35580   1  97
        3.15878        1.36767   1  98
        3.15878        1.37015   1  99
        3.15878        1.37634   1 100
        3.15878        1.42803   1 101
        3.15878        1.43341   1 102
        3.15878        1.46994   1 103
        3.15878        1.47026   1 104
        3.15878        1.48724   1 105
        3.15878        1.52137   1 106
        3.15878        1.53321   1 107
        3.15878        1.55076   1 108
        3.15878        1.55955   1 109
        3.15878        1.57121   1 110
        3.15878        1.63667   1 111
        3.15878        1.66532   1 112
        3.15878        1.70013   1 113
        3.15878        1.70800   1 114
        3.15878        1.75452   1 115
        3.15878        1.75528   1 116
        3.15878        1.79593   1 117
        3.15878        1.79896   1 118
        3.15878        1.85766   1 119
        3.15878        1.85896   1 120
        3.15878        1.86879   1 121
        3.15878        1.87250   1 122
        3.15878        1.92871   1 123
        3.15878        1.93892   1 124
        3.15878        2.00544   1 125
        3.15878        2.00687   1 126
        3.15878        2.12243   1 127
        3.15878        2.12700   1 128
        3.15878        2.36178   1 129
        3.15878        2.36421   1 130
        3.15878        2.39153   1 131
        3.15878        2.39494   1 132
        3.15878        2.56096   1 133
        3.15878        2.56137   1 134
        3.15878        2.59970   1 135
        3.15878        2.60219   1 136
        3.15878        2.61672   1 137
        3.15878        2.61676   1 138
        3.15878        2.76540   1 139
        3.15878        2.76565   1 140
        3.15878        2.81811   1 141
        3.15878        2.81815   1 142
        3.15878        2.96763   1 143
        3.15878        2.96844   1 144
        3.15878        3.09952   1 145
        3.15878        3.12229   1 146
        3.15878        3.24194   1 147
        3.15878        3.24271   1 148
        3.15878        3.40798   1 149
        3.15878        3.40975   1 150
        3.15878        3.66598   1 151
        3.15878        3.66737   1 152
        3.15878        3.68323   1 153
        3.15878        3.68735   1 154
        3.15878        3.89696   1 155
        3.15878        3.89738   1 156
        3.19807       -0.39985   1   1
        3.19807       -0.37742   1   2
        3.19807       -0.35311   1   3
        3.19807       -0.34475   1   4
        3.19807       -0.32319   1   5
        3.19807       -0.30213   1   6
        3.19807       -0.28638   1   7
        3.19807       -0.28145   1   8
        3.19807       -0.27658   1   9
        3.19807       -0.27394   1  10
        3.19807       -0.24146   1  11
        3.19807       -0.23850   1  12
        3.19807       -0.23001   1  13
        3.19807       -0.22647   1  14
        3.19807       -0.22173   1  15
        3.19807       -0.20397   1  16
        3.19807       -0.19759   1  17
        3.19807       -0.18363   1  18
        3.19807       -0.18184   1  19
        3.19807       -0.17185   1  20
        3.19807       -0.16982   1  21
        3.19807       -0.16795   1  22
        3.19807       -0.15620   1  23
        3.19807       -0.13509   1  24
        3.19807       -0.13399   1  25
        3.19807       -0.12715   1  26
        3.19807       -0.12309   1  27
        3.19807       -0.11156   1  28
        3.19807       -0.09745   1  29
        3.19807       -0.09099   1  30
        3.19807       -0.08172   1  31
        3.19807       -0.07502   1  32
        3.19807       -0.06059   1  33
        3.19807       -0.04868   1  34
        3.19807       -0.02316   1  35
        3.19807       -0.01644   1  36
        3.19807       -0.00191   1  37
        3.19807        0.00224   1  38
        3.19807        0.00908   1  39
        3.19807        0.01956   1  40
        3.19807        0.02973   1  41
        3.19807        0.06673   1  42
        3.19807        0.07464   1  43
        3.19807        0.08144   1  44
        3.19807        0.08661   1  45
        3.19807        0.11077   1  46
        3.19807        0.13432   1  47
        3.19807        0.17502   1  48
        3.19807        0.18835   1  49
        3.19807        0.19714   1  50
        3.19807        0.20407   1  51
        3.19807        0.21915   1  52
        3.19807        0.28401   1  53
        3.19807        0.33608   1  54
        3.19807        0.33936   1  55
        3.19807        0.36113   1  56
        3.19807        0.48629   1  57
        3.19807        0.50134   1  58
        3.19807        0.51719   1  59
        3.19807        0.57928   1  60
        3.19807        0.59093   1  61
        3.19807        0.61855   1  62
        3.19807        0.62482   1  63
        3.19807        0.67654   1  64
        3.19807        0.69616   1  65
        3.19807        0.70400   1  66
        3.19807        0.70614   1  67
        3.19807        0.72198   1  68
        3.19807        0.73785   1  69
        3.19807        0.74336   1  70
        3.19807        0.75145   1  71
        3.19807        0.75809   1  72
        3.19807        0.78285   1  73
        3.19807        0.79117   1  74
        3.19807        0.83960   1  75
        3.19807        0.86081   1  76
        3.19807        0.89745   1  77
        3.19807        0.89766   1  78
        3.19807        0.96889   1  79
        3.19807        0.97741   1  80
        3.19807        0.98388   1  81
        3.19807        1.00905   1  82
        3.19807        1.02613   1  83
        3.19807        1.03352   1  84
        3.19807        1.07142   1  85
        3.19807        1.07704   1  86
        3.19807        1.10878   1  87
        3.19807        1.11384   1  88
        3.19807        1.19416   1  89
        3.19807        1.20892   1  90
        3.19807        1.22646   1  91
        3.19807        1.23892   1  92
        3.19807        1.32477   1  93
        3.19807        1.34742   1  94
        3.19807        1.34932   1  95
        3.19807        1.36990   1  96
        3.19807        1.38036   1  97
        3.19807        1.40221   1  98
        3.19807        1.41612   1  99
        3.19807        1.42689   1 100
        3.19807        1.42715   1 101
        3.19807        1.42760   1 102
        3.19807        1.43457   1 103
        3.19807        1.46347   1 104
        3.19807        1.53432   1 105
        3.19807        1.55943   1 106
        3.19807        1.56360   1 107
        3.19807        1.58046   1 108
        3.19807        1.58909   1 109
        3.19807        1.59964   1 110
        3.19807        1.61832   1 111
        3.19807        1.65005   1 112
        3.19807        1.70400   1 113
        3.19807        1.71394   1 114
        3.19807        1.73024   1 115
        3.19807        1.73197   1 116
        3.19807        1.78658   1 117
        3.19807        1.78891   1 118
        3.19807        1.85153   1 119
        3.19807        1.85275   1 120
        3.19807        1.88960   1 121
        3.19807        1.89450   1 122
        3.19807        1.91505   1 123
        3.19807        1.92713   1 124
        3.19807        1.98518   1 125
        3.19807        1.98712   1 126
        3.19807        2.13512   1 127
        3.19807        2.13973   1 128
        3.19807        2.35908   1 129
        3.19807        2.36350   1 130
        3.19807        2.42204   1 131
        3.19807        2.42345   1 132
        3.19807        2.55483   1 133
        3.19807        2.55545   1 134
        3.19807        2.55558   1 135
        3.19807        2.55734   1 136
        3.19807        2.60884   1 137
        3.19807        2.60943   1 138
        3.19807        2.83822   1 139
        3.19807        2.83859   1 140
        3.19807        2.90504   1 141
        3.19807        2.90513   1 142
        3.19807        3.03967   1 143
        3.19807        3.04039   1 144
        3.19807        3.06278   1 145
        3.19807        3.08431   1 146
        3.19807        3.23913   1 147
        3.19807        3.24002   1 148
        3.19807        3.40603   1 149
        3.19807        3.40724   1 150
        3.19807        3.76593   1 151
        3.19807        3.76664   1 152
        3.19807        3.77200   1 153
        3.19807        3.77730   1 154
        3.19807        3.96509   1 155
        3.19807        3.96533   1 156
        3.23735       -0.41689   1   1
        3.23735       -0.39179   1   2
        3.23735       -0.35785   1   3
        3.23735       -0.34609   1   4
        3.23735       -0.32296   1   5
        3.23735       -0.30609   1   6
        3.23735       -0.27615   1   7
        3.23735       -0.26570   1   8
        3.23735       -0.26556   1   9
        3.23735       -0.26031   1  10
        3.23735       -0.23202   1  11
        3.23735       -0.22892   1  12
        3.23735       -0.22759   1  13
        3.23735       -0.21567   1  14
        3.23735       -0.21216   1  15
        3.23735       -0.21044   1  16
        3.23735       -0.20192   1  17
        3.23735       -0.18173   1  18
        3.23735       -0.18091   1  19
        3.23735       -0.16466   1  20
        3.23735       -0.15894   1  21
        3.23735       -0.15703   1  22
        3.23735       -0.15557   1  23
        3.23735       -0.13380   1  24
        3.23735       -0.13307   1  25
        3.23735       -0.12408   1  26
        3.23735       -0.12293   1  27
        3.23735       -0.12107   1  28
        3.23735       -0.09628   1  29
        3.23735       -0.09149   1  30
        3.23735       -0.08813   1  31
        3.23735       -0.07218   1  32
        3.23735       -0.06922   1  33
        3.23735       -0.04846   1  34
        3.23735       -0.02578   1  35
        3.23735       -0.00488   1  36
        3.23735        0.00085   1  37
        3.23735        0.00167   1  38
        3.23735        0.01134   1  39
        3.23735        0.02086   1  40
        3.23735        0.03980   1  41
        3.23735        0.05633   1  42
        3.23735        0.06850   1  43
        3.23735        0.08224   1  44
        3.23735        0.08441   1  45
        3.23735        0.11450   1  46
        3.23735        0.13592   1  47
        3.23735        0.17145   1  48
        3.23735        0.18641   1  49
        3.23735        0.19910   1  50
        3.23735        0.20421   1  51
        3.23735        0.20696   1  52
        3.23735        0.25702   1  53
        3.23735        0.30528   1  54
        3.23735        0.31086   1  55
        3.23735        0.33443   1  56
        3.23735        0.46683   1  57
        3.23735        0.48534   1  58
        3.23735        0.55940   1  59
        3.23735        0.56304   1  60
        3.23735        0.59859   1  61
        3.23735        0.62897   1  62
        3.23735        0.63957   1  63
        3.23735        0.68088   1  64
        3.23735        0.68469   1  65
        3.23735        0.68919   1  66
        3.23735        0.71002   1  67
        3.23735        0.73309   1  68
        3.23735        0.74275   1  69
        3.23735        0.74417   1  70
        3.23735        0.77108   1  71
        3.23735        0.77870   1  72
        3.23735        0.79400   1  73
        3.23735        0.82107   1  74
        3.23735        0.84783   1  75
        3.23735        0.88022   1  76
        3.23735        0.91137   1  77
        3.23735        0.91299   1  78
        3.23735        0.99092   1  79
        3.23735        0.99347   1  80
        3.23735        1.00006   1  81
        3.23735        1.02873   1  82
        3.23735        1.05326   1  83
        3.23735        1.05753   1  84
        3.23735        1.08750   1  85
        3.23735        1.09189   1  86
        3.23735        1.14846   1  87
        3.23735        1.15293   1  88
        3.23735        1.20301   1  89
        3.23735        1.21414   1  90
        3.23735        1.22795   1  91
        3.23735        1.24502   1  92
        3.23735        1.31956   1  93
        3.23735        1.34405   1  94
        3.23735        1.34785   1  95
        3.23735        1.35159   1  96
        3.23735        1.38737   1  97
        3.23735        1.39124   1  98
        3.23735        1.39162   1  99
        3.23735        1.40683   1 100
        3.23735        1.45952   1 101
        3.23735        1.47617   1 102
        3.23735        1.50944   1 103
        3.23735        1.55019   1 104
        3.23735        1.56471   1 105
        3.23735        1.58265   1 106
        3.23735        1.59101   1 107
        3.23735        1.59313   1 108
        3.23735        1.62013   1 109
        3.23735        1.62614   1 110
        3.23735        1.63727   1 111
        3.23735        1.65060   1 112
        3.23735        1.69757   1 113
        3.23735        1.70950   1 114
        3.23735        1.72048   1 115
        3.23735        1.72521   1 116
        3.23735        1.78378   1 117
        3.23735        1.78480   1 118
        3.23735        1.84068   1 119
        3.23735        1.84184   1 120
        3.23735        1.89627   1 121
        3.23735        1.91090   1 122
        3.23735        1.91440   1 123
        3.23735        1.92029   1 124
        3.23735        1.95643   1 125
        3.23735        1.96007   1 126
        3.23735        2.17177   1 127
        3.23735        2.17572   1 128
        3.23735        2.33424   1 129
        3.23735        2.33927   1 130
        3.23735        2.48306   1 131
        3.23735        2.48433   1 132
        3.23735        2.51082   1 133
        3.23735        2.51234   1 134
        3.23735        2.57987   1 135
        3.23735        2.58058   1 136
        3.23735        2.59739   1 137
        3.23735        2.59798   1 138
        3.23735        2.91811   1 139
        3.23735        2.91849   1 140
        3.23735        3.02447   1 141
        3.23735        3.02463   1 142
        3.23735        3.03280   1 143
        3.23735        3.05254   1 144
        3.23735        3.12640   1 145
        3.23735        3.12718   1 146
        3.23735        3.24253   1 147
        3.23735        3.24359   1 148
        3.23735        3.41742   1 149
        3.23735        3.41779   1 150
        3.23735        3.87823   1 151
        3.23735        3.88110   1 152
        3.23735        3.89344   1 153
        3.23735        3.89614   1 154
        3.23735        4.04036   1 155
        3.23735        4.04080   1 156
        3.27664       -0.43340   1   1
        3.27664       -0.40624   1   2
        3.27664       -0.36503   1   3
        3.27664       -0.35130   1   4
        3.27664       -0.31941   1   5
        3.27664       -0.30654   1   6
        3.27664       -0.26615   1   7
        3.27664       -0.25403   1   8
        3.27664       -0.25055   1   9
        3.27664       -0.24477   1  10
        3.27664       -0.23534   1  11
        3.27664       -0.22475   1  12
        3.27664       -0.21545   1  13
        3.27664       -0.21434   1  14
        3.27664       -0.20566   1  15
        3.27664       -0.20200   1  16
        3.27664       -0.19851   1  17
        3.27664       -0.17794   1  18
        3.27664       -0.17540   1  19
        3.27664       -0.15622   1  20
        3.27664       -0.15504   1  21
        3.27664       -0.14847   1  22
        3.27664       -0.14672   1  23
        3.27664       -0.13795   1  24
        3.27664       -0.13434   1  25
        3.27664       -0.12881   1  26
        3.27664       -0.12162   1  27
        3.27664       -0.11661   1  28
        3.27664       -0.09507   1  29
        3.27664       -0.09375   1  30
        3.27664       -0.09159   1  31
        3.27664       -0.07815   1  32
        3.27664       -0.06944   1  33
        3.27664       -0.04861   1  34
        3.27664       -0.02869   1  35
        3.27664       -0.00080   1  36
        3.27664        0.00522   1  37
        3.27664        0.00682   1  38
        3.27664        0.01094   1  39
        3.27664        0.02336   1  40
        3.27664        0.04440   1  41
        3.27664        0.04908   1  42
        3.27664        0.07014   1  43
        3.27664        0.08141   1  44
        3.27664        0.08254   1  45
        3.27664        0.11778   1  46
        3.27664        0.13661   1  47
        3.27664        0.16738   1  48
        3.27664        0.18454   1  49
        3.27664        0.19222   1  50
        3.27664        0.20104   1  51
        3.27664        0.21023   1  52
        3.27664        0.23207   1  53
        3.27664        0.27577   1  54
        3.27664        0.28483   1  55
        3.27664        0.31113   1  56
        3.27664        0.44833   1  57
        3.27664        0.47077   1  58
        3.27664        0.54475   1  59
        3.27664        0.57766   1  60
        3.27664        0.60219   1  61
        3.27664        0.65360   1  62
        3.27664        0.65905   1  63
        3.27664        0.66187   1  64
        3.27664        0.67669   1  65
        3.27664        0.69981   1  66
        3.27664        0.71309   1  67
        3.27664        0.73338   1  68
        3.27664        0.74175   1  69
        3.27664        0.75154   1  70
        3.27664        0.77195   1  71
        3.27664        0.78734   1  72
        3.27664        0.81761   1  73
        3.27664        0.85643   1  74
        3.27664        0.86978   1  75
        3.27664        0.90826   1  76
        3.27664        0.92611   1  77
        3.27664        0.93347   1  78
        3.27664        0.99589   1  79
        3.27664        1.00757   1  80
        3.27664        1.01875   1  81
        3.27664        1.04858   1  82
        3.27664        1.08158   1  83
        3.27664        1.08623   1  84
        3.27664        1.11105   1  85
        3.27664        1.11329   1  86
        3.27664        1.18329   1  87
        3.27664        1.18542   1  88
        3.27664        1.21729   1  89
        3.27664        1.22158   1  90
        3.27664        1.22671   1  91
        3.27664        1.26285   1  92
        3.27664        1.32063   1  93
        3.27664        1.32075   1  94
        3.27664        1.32470   1  95
        3.27664        1.34842   1  96
        3.27664        1.36302   1  97
        3.27664        1.36480   1  98
        3.27664        1.39978   1  99
        3.27664        1.41756   1 100
        3.27664        1.49585   1 101
        3.27664        1.51363   1 102
        3.27664        1.51772   1 103
        3.27664        1.54883   1 104
        3.27664        1.57893   1 105
        3.27664        1.61218   1 106
        3.27664        1.61911   1 107
        3.27664        1.63208   1 108
        3.27664        1.65279   1 109
        3.27664        1.66324   1 110
        3.27664        1.66772   1 111
        3.27664        1.67236   1 112
        3.27664        1.69060   1 113
        3.27664        1.71663   1 114
        3.27664        1.72724   1 115
        3.27664        1.74305   1 116
        3.27664        1.78150   1 117
        3.27664        1.78247   1 118
        3.27664        1.83958   1 119
        3.27664        1.84165   1 120
        3.27664        1.87448   1 121
        3.27664        1.88941   1 122
        3.27664        1.92529   1 123
        3.27664        1.93490   1 124
        3.27664        1.94139   1 125
        3.27664        1.94918   1 126
        3.27664        2.23591   1 127
        3.27664        2.23822   1 128
        3.27664        2.32249   1 129
        3.27664        2.32850   1 130
        3.27664        2.49496   1 131
        3.27664        2.49651   1 132
        3.27664        2.51056   1 133
        3.27664        2.51218   1 134
        3.27664        2.59460   1 135
        3.27664        2.59533   1 136
        3.27664        2.65444   1 137
        3.27664        2.65500   1 138
        3.27664        2.99643   1 139
        3.27664        2.99706   1 140
        3.27664        3.02128   1 141
        3.27664        3.03845   1 142
        3.27664        3.16614   1 143
        3.27664        3.16652   1 144
        3.27664        3.23028   1 145
        3.27664        3.23151   1 146
        3.27664        3.28529   1 147
        3.27664        3.28612   1 148
        3.27664        3.43744   1 149
        3.27664        3.43753   1 150
        3.27664        4.03140   1 151
        3.27664        4.03170   1 152
        3.27664        4.05167   1 153
        3.27664        4.05477   1 154
        3.27664        4.15945   1 155
        3.27664        4.15952   1 156
        3.31592       -0.44810   1   1
        3.31592       -0.41946   1   2
        3.31592       -0.37206   1   3
        3.31592       -0.35794   1   4
        3.31592       -0.31542   1   5
        3.31592       -0.30448   1   6
        3.31592       -0.25757   1   7
        3.31592       -0.24138   1   8
        3.31592       -0.24113   1   9
        3.31592       -0.23657   1  10
        3.31592       -0.23057   1  11
        3.31592       -0.22578   1  12
        3.31592       -0.21259   1  13
        3.31592       -0.20622   1  14
        3.31592       -0.20545   1  15
        3.31592       -0.18953   1  16
        3.31592       -0.18610   1  17
        3.31592       -0.17129   1  18
        3.31592       -0.16476   1  19
        3.31592       -0.15444   1  20
        3.31592       -0.14724   1  21
        3.31592       -0.14504   1  22
        3.31592       -0.13920   1  23
        3.31592       -0.13758   1  24
        3.31592       -0.13630   1  25
        3.31592       -0.12953   1  26
        3.31592       -0.12007   1  27
        3.31592       -0.11356   1  28
        3.31592       -0.09862   1  29
        3.31592       -0.09373   1  30
        3.31592       -0.09131   1  31
        3.31592       -0.08593   1  32
        3.31592       -0.06713   1  33
        3.31592       -0.05012   1  34
        3.31592       -0.03165   1  35
        3.31592       -0.00220   1  36
        3.31592        0.00621   1  37
        3.31592        0.00910   1  38
        3.31592        0.01985   1  39
        3.31592        0.02649   1  40
        3.31592        0.03787   1  41
        3.31592        0.05637   1  42
        3.31592        0.07128   1  43
        3.31592        0.08005   1  44
        3.31592        0.08184   1  45
        3.31592        0.11992   1  46
        3.31592        0.13536   1  47
        3.31592        0.16322   1  48
        3.31592        0.18278   1  49
        3.31592        0.18503   1  50
        3.31592        0.20027   1  51
        3.31592        0.21015   1  52
        3.31592        0.21416   1  53
        3.31592        0.25011   1  54
        3.31592        0.26261   1  55
        3.31592        0.29179   1  56
        3.31592        0.43247   1  57
        3.31592        0.45843   1  58
        3.31592        0.52779   1  59
        3.31592        0.55824   1  60
        3.31592        0.63132   1  61
        3.31592        0.63923   1  62
        3.31592        0.65511   1  63
        3.31592        0.67724   1  64
        3.31592        0.70197   1  65
        3.31592        0.70627   1  66
        3.31592        0.71722   1  67
        3.31592        0.72937   1  68
        3.31592        0.74219   1  69
        3.31592        0.76386   1  70
        3.31592        0.76794   1  71
        3.31592        0.77867   1  72
        3.31592        0.85448   1  73
        3.31592        0.87981   1  74
        3.31592        0.89969   1  75
        3.31592        0.93737   1  76
        3.31592        0.94400   1  77
        3.31592        0.96426   1  78
        3.31592        0.99848   1  79
        3.31592        1.01433   1  80
        3.31592        1.04419   1  81
        3.31592        1.06815   1  82
        3.31592        1.09695   1  83
        3.31592        1.10286   1  84
        3.31592        1.14252   1  85
        3.31592        1.14324   1  86
        3.31592        1.20498   1  87
        3.31592        1.20674   1  88
        3.31592        1.21602   1  89
        3.31592        1.22190   1  90
        3.31592        1.25378   1  91
        3.31592        1.29383   1  92
        3.31592        1.29725   1  93
        3.31592        1.30250   1  94
        3.31592        1.33093   1  95
        3.31592        1.33955   1  96
        3.31592        1.34418   1  97
        3.31592        1.36925   1  98
        3.31592        1.41383   1  99
        3.31592        1.43251   1 100
        3.31592        1.47944   1 101
        3.31592        1.50524   1 102
        3.31592        1.50608   1 103
        3.31592        1.53947   1 104
        3.31592        1.58401   1 105
        3.31592        1.60788   1 106
        3.31592        1.63432   1 107
        3.31592        1.64969   1 108
        3.31592        1.66642   1 109
        3.31592        1.68029   1 110
        3.31592        1.68542   1 111
        3.31592        1.69330   1 112
        3.31592        1.71859   1 113
        3.31592        1.75541   1 114
        3.31592        1.76399   1 115
        3.31592        1.76457   1 116
        3.31592        1.77212   1 117
        3.31592        1.78912   1 118
        3.31592        1.84564   1 119
        3.31592        1.85796   1 120
        3.31592        1.87226   1 121
        3.31592        1.87374   1 122
        3.31592        1.89997   1 123
        3.31592        1.92270   1 124
        3.31592        1.96941   1 125
        3.31592        1.98009   1 126
        3.31592        2.31576   1 127
        3.31592        2.31616   1 128
        3.31592        2.34166   1 129
        3.31592        2.34890   1 130
        3.31592        2.50685   1 131
        3.31592        2.50903   1 132
        3.31592        2.51065   1 133
        3.31592        2.51256   1 134
        3.31592        2.59561   1 135
        3.31592        2.59655   1 136
        3.31592        2.77130   1 137
        3.31592        2.77219   1 138
        3.31592        3.01610   1 139
        3.31592        3.03013   1 140
        3.31592        3.06163   1 141
        3.31592        3.06271   1 142
        3.31592        3.31579   1 143
        3.31592        3.31684   1 144
        3.31592        3.36578   1 145
        3.31592        3.36695   1 146
        3.31592        3.39620   1 147
        3.31592        3.39665   1 148
        3.31592        3.45162   1 149
        3.31592        3.45172   1 150
        3.31592        4.22196   1 151
        3.31592        4.22247   1 152
        3.31592        4.24255   1 153
        3.31592        4.24396   1 154
        3.31592        4.34210   1 155
        3.31592        4.34242   1 156
        3.35520       -0.46001   1   1
        3.35520       -0.43052   1   2
        3.35520       -0.37795   1   3
        3.35520       -0.36401   1   4
        3.35520       -0.31217   1   5
        3.35520       -0.30196   1   6
        3.35520       -0.25175   1   7
        3.35520       -0.24546   1   8
        3.35520       -0.22870   1   9
        3.35520       -0.22866   1  10
        3.35520       -0.22501   1  11
        3.35520       -0.21849   1  12
        3.35520       -0.21184   1  13
        3.35520       -0.20146   1  14
        3.35520       -0.19949   1  15
        3.35520       -0.17891   1  16
        3.35520       -0.17557   1  17
        3.35520       -0.16369   1  18
        3.35520       -0.15393   1  19
        3.35520       -0.15364   1  20
        3.35520       -0.14838   1  21
        3.35520       -0.13851   1  22
        3.35520       -0.13824   1  23
        3.35520       -0.13138   1  24
        3.35520       -0.13016   1  25
        3.35520       -0.12918   1  26
        3.35520       -0.11866   1  27
        3.35520       -0.11232   1  28
        3.35520       -0.10248   1  29
        3.35520       -0.09298   1  30
        3.35520       -0.09261   1  31
        3.35520       -0.09041   1  32
        3.35520       -0.06441   1  33
        3.35520       -0.05330   1  34
        3.35520       -0.03439   1  35
        3.35520       -0.00363   1  36
        3.35520        0.00203   1  37
        3.35520        0.01290   1  38
        3.35520        0.02943   1  39
        3.35520        0.03128   1  40
        3.35520        0.03471   1  41
        3.35520        0.06098   1  42
        3.35520        0.07099   1  43
        3.35520        0.07921   1  44
        3.35520        0.08288   1  45
        3.35520        0.11897   1  46
        3.35520        0.13409   1  47
        3.35520        0.15934   1  48
        3.35520        0.17945   1  49
        3.35520        0.18226   1  50
        3.35520        0.19097   1  51
        3.35520        0.19700   1  52
        3.35520        0.21792   1  53
        3.35520        0.23110   1  54
        3.35520        0.24497   1  55
        3.35520        0.27678   1  56
        3.35520        0.41915   1  57
        3.35520        0.44876   1  58
        3.35520        0.51336   1  59
        3.35520        0.54150   1  60
        3.35520        0.62006   1  61
        3.35520        0.62222   1  62
        3.35520        0.68318   1  63
        3.35520        0.68682   1  64
        3.35520        0.70739   1  65
        3.35520        0.71260   1  66
        3.35520        0.72476   1  67
        3.35520        0.72916   1  68
        3.35520        0.75818   1  69
        3.35520        0.76438   1  70
        3.35520        0.77086   1  71
        3.35520        0.78109   1  72
        3.35520        0.87686   1  73
        3.35520        0.88869   1  74
        3.35520        0.92964   1  75
        3.35520        0.96026   1  76
        3.35520        0.97010   1  77
        3.35520        1.00197   1  78
        3.35520        1.00275   1  79
        3.35520        1.02627   1  80
        3.35520        1.06688   1  81
        3.35520        1.08546   1  82
        3.35520        1.10185   1  83
        3.35520        1.10833   1  84
        3.35520        1.17016   1  85
        3.35520        1.17089   1  86
        3.35520        1.21145   1  87
        3.35520        1.21553   1  88
        3.35520        1.22097   1  89
        3.35520        1.22423   1  90
        3.35520        1.27100   1  91
        3.35520        1.28261   1  92
        3.35520        1.30158   1  93
        3.35520        1.32423   1  94
        3.35520        1.32484   1  95
        3.35520        1.33677   1  96
        3.35520        1.35584   1  97
        3.35520        1.39162   1  98
        3.35520        1.42303   1  99
        3.35520        1.44659   1 100
        3.35520        1.45182   1 101
        3.35520        1.46590   1 102
        3.35520        1.49634   1 103
        3.35520        1.53430   1 104
        3.35520        1.59134   1 105
        3.35520        1.60276   1 106
        3.35520        1.61701   1 107
        3.35520        1.62730   1 108
        3.35520        1.68163   1 109
        3.35520        1.68695   1 110
        3.35520        1.68813   1 111
        3.35520        1.69880   1 112
        3.35520        1.74359   1 113
        3.35520        1.74537   1 114
        3.35520        1.75940   1 115
        3.35520        1.79962   1 116
        3.35520        1.80712   1 117
        3.35520        1.81143   1 118
        3.35520        1.82639   1 119
        3.35520        1.84127   1 120
        3.35520        1.88091   1 121
        3.35520        1.89979   1 122
        3.35520        1.92617   1 123
        3.35520        1.94652   1 124
        3.35520        1.99406   1 125
        3.35520        2.00850   1 126
        3.35520        2.36040   1 127
        3.35520        2.36388   1 128
        3.35520        2.42962   1 129
        3.35520        2.43310   1 130
        3.35520        2.50279   1 131
        3.35520        2.50485   1 132
        3.35520        2.51886   1 133
        3.35520        2.52189   1 134
        3.35520        2.58797   1 135
        3.35520        2.58891   1 136
        3.35520        2.89304   1 137
        3.35520        2.89464   1 138
        3.35520        3.01412   1 139
        3.35520        3.02500   1 140
        3.35520        3.10226   1 141
        3.35520        3.10372   1 142
        3.35520        3.45558   1 143
        3.35520        3.45610   1 144
        3.35520        3.46225   1 145
        3.35520        3.46346   1 146
        3.35520        3.52255   1 147
        3.35520        3.52296   1 148
        3.35520        3.57399   1 149
        3.35520        3.57495   1 150
        3.35520        4.41802   1 151
        3.35520        4.41820   1 152
        3.35520        4.46097   1 153
        3.35520        4.46143   1 154
        3.35520        4.54558   1 155
        3.35520        4.54588   1 156
        3.39449       -0.46875   1   1
        3.39449       -0.43878   1   2
        3.39449       -0.38234   1   3
        3.39449       -0.36866   1   4
        3.39449       -0.30997   1   5
        3.39449       -0.29994   1   6
        3.39449       -0.24898   1   7
        3.39449       -0.24865   1   8
        3.39449       -0.23087   1   9
        3.39449       -0.21701   1  10
        3.39449       -0.21620   1  11
        3.39449       -0.21035   1  12
        3.39449       -0.20925   1  13
        3.39449       -0.19953   1  14
        3.39449       -0.19121   1  15
        3.39449       -0.17075   1  16
        3.39449       -0.16756   1  17
        3.39449       -0.16131   1  18
        3.39449       -0.15348   1  19
        3.39449       -0.15233   1  20
        3.39449       -0.14774   1  21
        3.39449       -0.13349   1  22
        3.39449       -0.12963   1  23
        3.39449       -0.12733   1  24
        3.39449       -0.12531   1  25
        3.39449       -0.12357   1  26
        3.39449       -0.11747   1  27
        3.39449       -0.11257   1  28
        3.39449       -0.10526   1  29
        3.39449       -0.09765   1  30
        3.39449       -0.09233   1  31
        3.39449       -0.08971   1  32
        3.39449       -0.06154   1  33
        3.39449       -0.05732   1  34
        3.39449       -0.03668   1  35
        3.39449       -0.00505   1  36
        3.39449       -0.00131   1  37
        3.39449        0.01623   1  38
        3.39449        0.03175   1  39
        3.39449        0.03296   1  40
        3.39449        0.04185   1  41
        3.39449        0.06317   1  42
        3.39449        0.06970   1  43
        3.39449        0.07981   1  44
        3.39449        0.08456   1  45
        3.39449        0.11310   1  46
        3.39449        0.13537   1  47
        3.39449        0.15594   1  48
        3.39449        0.17445   1  49
        3.39449        0.17691   1  50
        3.39449        0.18122   1  51
        3.39449        0.18939   1  52
        3.39449        0.22067   1  53
        3.39449        0.22113   1  54
        3.39449        0.23243   1  55
        3.39449        0.26622   1  56
        3.39449        0.40861   1  57
        3.39449        0.44150   1  58
        3.39449        0.50244   1  59
        3.39449        0.52874   1  60
        3.39449        0.60707   1  61
        3.39449        0.60859   1  62
        3.39449        0.68444   1  63
        3.39449        0.70281   1  64
        3.39449        0.70558   1  65
        3.39449        0.71041   1  66
        3.39449        0.73262   1  67
        3.39449        0.74476   1  68
        3.39449        0.76234   1  69
        3.39449        0.76717   1  70
        3.39449        0.78207   1  71
        3.39449        0.79704   1  72
        3.39449        0.88453   1  73
        3.39449        0.88956   1  74
        3.39449        0.95282   1  75
        3.39449        0.97347   1  76
        3.39449        0.99843   1  77
        3.39449        1.01152   1  78
        3.39449        1.03455   1  79
        3.39449        1.04416   1  80
        3.39449        1.08353   1  81
        3.39449        1.09806   1  82
        3.39449        1.10127   1  83
        3.39449        1.10867   1  84
        3.39449        1.18868   1  85
        3.39449        1.19025   1  86
        3.39449        1.20651   1  87
        3.39449        1.20979   1  88
        3.39449        1.22717   1  89
        3.39449        1.23644   1  90
        3.39449        1.27560   1  91
        3.39449        1.27992   1  92
        3.39449        1.31445   1  93
        3.39449        1.31466   1  94
        3.39449        1.33470   1  95
        3.39449        1.37540   1  96
        3.39449        1.37758   1  97
        3.39449        1.39533   1  98
        3.39449        1.41360   1  99
        3.39449        1.42722   1 100
        3.39449        1.44937   1 101
        3.39449        1.47190   1 102
        3.39449        1.48739   1 103
        3.39449        1.51613   1 104
        3.39449        1.59431   1 105
        3.39449        1.59969   1 106
        3.39449        1.60138   1 107
        3.39449        1.61007   1 108
        3.39449        1.66386   1 109
        3.39449        1.66723   1 110
        3.39449        1.70007   1 111
        3.39449        1.70882   1 112
        3.39449        1.73174   1 113
        3.39449        1.73352   1 114
        3.39449        1.76879   1 115
        3.39449        1.77780   1 116
        3.39449        1.78634   1 117
        3.39449        1.83209   1 118
        3.39449        1.84113   1 119
        3.39449        1.87497   1 120
        3.39449        1.88171   1 121
        3.39449        1.90557   1 122
        3.39449        1.97850   1 123
        3.39449        1.99933   1 124
        3.39449        2.01180   1 125
        3.39449        2.03115   1 126
        3.39449        2.41595   1 127
        3.39449        2.41940   1 128
        3.39449        2.49323   1 129
        3.39449        2.49592   1 130
        3.39449        2.51145   1 131
        3.39449        2.51347   1 132
        3.39449        2.51806   1 133
        3.39449        2.52156   1 134
        3.39449        2.57732   1 135
        3.39449        2.57825   1 136
        3.39449        2.99340   1 137
        3.39449        2.99702   1 138
        3.39449        3.02513   1 139
        3.39449        3.03166   1 140
        3.39449        3.12180   1 141
        3.39449        3.12350   1 142
        3.39449        3.45943   1 143
        3.39449        3.46006   1 144
        3.39449        3.59045   1 145
        3.39449        3.59131   1 146
        3.39449        3.66094   1 147
        3.39449        3.66120   1 148
        3.39449        3.75417   1 149
        3.39449        3.75517   1 150
        3.39449        4.59806   1 151
        3.39449        4.59886   1 152
        3.39449        4.65972   1 153
        3.39449        4.65996   1 154
        3.39449        4.72752   1 155
        3.39449        4.72775   1 156
        3.43377       -0.47420   1   1
        3.43377       -0.44389   1   2
        3.43377       -0.38505   1   3
        3.43377       -0.37154   1   4
        3.43377       -0.30877   1   5
        3.43377       -0.29870   1   6
        3.43377       -0.25060   1   7
        3.43377       -0.24808   1   8
        3.43377       -0.23222   1   9
        3.43377       -0.21087   1  10
        3.43377       -0.20862   1  11
        3.43377       -0.20785   1  12
        3.43377       -0.20346   1  13
        3.43377       -0.19946   1  14
        3.43377       -0.18188   1  15
        3.43377       -0.16564   1  16
        3.43377       -0.16278   1  17
        3.43377       -0.16073   1  18
        3.43377       -0.15856   1  19
        3.43377       -0.15319   1  20
        3.43377       -0.14913   1  21
        3.43377       -0.12561   1  22
        3.43377       -0.12294   1  23
        3.43377       -0.12203   1  24
        3.43377       -0.12129   1  25
        3.43377       -0.11966   1  26
        3.43377       -0.11680   1  27
        3.43377       -0.11396   1  28
        3.43377       -0.10694   1  29
        3.43377       -0.10103   1  30
        3.43377       -0.09163   1  31
        3.43377       -0.08927   1  32
        3.43377       -0.06105   1  33
        3.43377       -0.05903   1  34
        3.43377       -0.03825   1  35
        3.43377       -0.00621   1  36
        3.43377       -0.00322   1  37
        3.43377        0.01859   1  38
        3.43377        0.03213   1  39
        3.43377        0.03331   1  40
        3.43377        0.04946   1  41
        3.43377        0.06389   1  42
        3.43377        0.06847   1  43
        3.43377        0.08191   1  44
        3.43377        0.08635   1  45
        3.43377        0.10509   1  46
        3.43377        0.13733   1  47
        3.43377        0.15353   1  48
        3.43377        0.16457   1  49
        3.43377        0.17406   1  50
        3.43377        0.17898   1  51
        3.43377        0.18339   1  52
        3.43377        0.21681   1  53
        3.43377        0.22302   1  54
        3.43377        0.22514   1  55
        3.43377        0.26019   1  56
        3.43377        0.40221   1  57
        3.43377        0.43703   1  58
        3.43377        0.49562   1  59
        3.43377        0.52074   1  60
        3.43377        0.59851   1  61
        3.43377        0.59983   1  62
        3.43377        0.68200   1  63
        3.43377        0.70266   1  64
        3.43377        0.70454   1  65
        3.43377        0.70724   1  66
        3.43377        0.74851   1  67
        3.43377        0.75983   1  68
        3.43377        0.76188   1  69
        3.43377        0.76541   1  70
        3.43377        0.79889   1  71
        3.43377        0.80997   1  72
        3.43377        0.88576   1  73
        3.43377        0.88768   1  74
        3.43377        0.96530   1  75
        3.43377        0.97954   1  76
        3.43377        1.01739   1  77
        3.43377        1.02389   1  78
        3.43377        1.05524   1  79
        3.43377        1.05997   1  80
        3.43377        1.09353   1  81
        3.43377        1.09869   1  82
        3.43377        1.10506   1  83
        3.43377        1.10874   1  84
        3.43377        1.19857   1  85
        3.43377        1.20110   1  86
        3.43377        1.20320   1  87
        3.43377        1.20620   1  88
        3.43377        1.22003   1  89
        3.43377        1.23309   1  90
        3.43377        1.29567   1  91
        3.43377        1.29686   1  92
        3.43377        1.30897   1  93
        3.43377        1.30911   1  94
        3.43377        1.35183   1  95
        3.43377        1.38070   1  96
        3.43377        1.39096   1  97
        3.43377        1.39506   1  98
        3.43377        1.41538   1  99
        3.43377        1.42995   1 100
        3.43377        1.43789   1 101
        3.43377        1.48092   1 102
        3.43377        1.49308   1 103
        3.43377        1.49942   1 104
        3.43377        1.59049   1 105
        3.43377        1.59509   1 106
        3.43377        1.59656   1 107
        3.43377        1.59988   1 108
        3.43377        1.64792   1 109
        3.43377        1.65068   1 110
        3.43377        1.70722   1 111
        3.43377        1.71516   1 112
        3.43377        1.71939   1 113
        3.43377        1.72440   1 114
        3.43377        1.74793   1 115
        3.43377        1.75086   1 116
        3.43377        1.78756   1 117
        3.43377        1.83388   1 118
        3.43377        1.86503   1 119
        3.43377        1.87733   1 120
        3.43377        1.90457   1 121
        3.43377        1.91324   1 122
        3.43377        2.01517   1 123
        3.43377        2.02384   1 124
        3.43377        2.03785   1 125
        3.43377        2.04772   1 126
        3.43377        2.46311   1 127
        3.43377        2.46552   1 128
        3.43377        2.49929   1 129
        3.43377        2.50237   1 130
        3.43377        2.51496   1 131
        3.43377        2.51853   1 132
        3.43377        2.55988   1 133
        3.43377        2.56156   1 134
        3.43377        2.57428   1 135
        3.43377        2.57549   1 136
        3.43377        3.01918   1 137
        3.43377        3.02504   1 138
        3.43377        3.09269   1 139
        3.43377        3.09455   1 140
        3.43377        3.12883   1 141
        3.43377        3.13059   1 142
        3.43377        3.46551   1 143
        3.43377        3.46582   1 144
        3.43377        3.67521   1 145
        3.43377        3.67579   1 146
        3.43377        3.74982   1 147
        3.43377        3.75002   1 148
        3.43377        3.86904   1 149
        3.43377        3.86988   1 150
        3.43377        4.72729   1 151
        3.43377        4.72860   1 152
        3.43377        4.79142   1 153
        3.43377        4.79161   1 154
        3.43377        4.84659   1 155
        3.43377        4.84679   1 156
        3.47305       -0.47608   1   1
        3.47305       -0.44561   1   2
        3.47305       -0.38597   1   3
        3.47305       -0.37252   1   4
        3.47305       -0.30840   1   5
        3.47305       -0.29830   1   6
        3.47305       -0.25128   1   7
        3.47305       -0.24792   1   8
        3.47305       -0.23271   1   9
        3.47305       -0.20940   1  10
        3.47305       -0.20760   1  11
        3.47305       -0.20274   1  12
        3.47305       -0.20226   1  13
        3.47305       -0.20047   1  14
        3.47305       -0.17583   1  15
        3.47305       -0.16469   1  16
        3.47305       -0.16289   1  17
        3.47305       -0.16156   1  18
        3.47305       -0.15975   1  19
        3.47305       -0.15311   1  20
        3.47305       -0.15066   1  21
        3.47305       -0.12143   1  22
        3.47305       -0.12090   1  23
        3.47305       -0.11972   1  24
        3.47305       -0.11957   1  25
        3.47305       -0.11789   1  26
        3.47305       -0.11728   1  27
        3.47305       -0.11499   1  28
        3.47305       -0.10753   1  29
        3.47305       -0.10243   1  30
        3.47305       -0.09138   1  31
        3.47305       -0.08909   1  32
        3.47305       -0.06247   1  33
        3.47305       -0.05828   1  34
        3.47305       -0.03885   1  35
        3.47305       -0.00669   1  36
        3.47305       -0.00374   1  37
        3.47305        0.01946   1  38
        3.47305        0.03157   1  39
        3.47305        0.03375   1  40
        3.47305        0.05230   1  41
        3.47305        0.06402   1  42
        3.47305        0.06825   1  43
        3.47305        0.08355   1  44
        3.47305        0.08791   1  45
        3.47305        0.10046   1  46
        3.47305        0.13817   1  47
        3.47305        0.15269   1  48
        3.47305        0.16093   1  49
        3.47305        0.17258   1  50
        3.47305        0.17764   1  51
        3.47305        0.18240   1  52
        3.47305        0.21581   1  53
        3.47305        0.22283   1  54
        3.47305        0.22374   1  55
        3.47305        0.25832   1  56
        3.47305        0.40020   1  57
        3.47305        0.43559   1  58
        3.47305        0.49332   1  59
        3.47305        0.51799   1  60
        3.47305        0.59554   1  61
        3.47305        0.59680   1  62
        3.47305        0.68077   1  63
        3.47305        0.70141   1  64
        3.47305        0.70391   1  65
        3.47305        0.70600   1  66
        3.47305        0.75511   1  67
        3.47305        0.76144   1  68
        3.47305        0.76519   1  69
        3.47305        0.76680   1  70
        3.47305        0.80463   1  71
        3.47305        0.81545   1  72
        3.47305        0.88563   1  73
        3.47305        0.88650   1  74
        3.47305        0.96887   1  75
        3.47305        0.98134   1  76
        3.47305        1.02363   1  77
        3.47305        1.03010   1  78
        3.47305        1.06192   1  79
        3.47305        1.06600   1  80
        3.47305        1.09641   1  81
        3.47305        1.09787   1  82
        3.47305        1.10673   1  83
        3.47305        1.10998   1  84
        3.47305        1.20098   1  85
        3.47305        1.20274   1  86
        3.47305        1.20387   1  87
        3.47305        1.20576   1  88
        3.47305        1.21581   1  89
        3.47305        1.22955   1  90
        3.47305        1.30642   1  91
        3.47305        1.30655   1  92
        3.47305        1.30816   1  93
        3.47305        1.30829   1  94
        3.47305        1.34445   1  95
        3.47305        1.38323   1  96
        3.47305        1.39253   1  97
        3.47305        1.39904   1  98
        3.47305        1.42171   1  99
        3.47305        1.43252   1 100
        3.47305        1.43847   1 101
        3.47305        1.47224   1 102
        3.47305        1.49786   1 103
        3.47305        1.49853   1 104
        3.47305        1.58809   1 105
        3.47305        1.59380   1 106
        3.47305        1.59467   1 107
        3.47305        1.59693   1 108
        3.47305        1.64388   1 109
        3.47305        1.64651   1 110
        3.47305        1.70810   1 111
        3.47305        1.71160   1 112
        3.47305        1.71607   1 113
        3.47305        1.71906   1 114
        3.47305        1.74215   1 115
        3.47305        1.74276   1 116
        3.47305        1.78701   1 117
        3.47305        1.83219   1 118
        3.47305        1.87258   1 119
        3.47305        1.88048   1 120
        3.47305        1.91110   1 121
        3.47305        1.91778   1 122
        3.47305        2.02601   1 123
        3.47305        2.03013   1 124
        3.47305        2.04940   1 125
        3.47305        2.05588   1 126
        3.47305        2.47254   1 127
        3.47305        2.47434   1 128
        3.47305        2.51402   1 129
        3.47305        2.51478   1 130
        3.47305        2.51751   1 131
        3.47305        2.51834   1 132
        3.47305        2.57522   1 133
        3.47305        2.57555   1 134
        3.47305        2.57662   1 135
        3.47305        2.57697   1 136
        3.47305        3.02154   1 137
        3.47305        3.02632   1 138
        3.47305        3.12988   1 139
        3.47305        3.13006   1 140
        3.47305        3.13163   1 141
        3.47305        3.13181   1 142
        3.47305        3.46817   1 143
        3.47305        3.46827   1 144
        3.47305        3.70416   1 145
        3.47305        3.70464   1 146
        3.47305        3.77916   1 147
        3.47305        3.77936   1 148
        3.47305        3.90515   1 149
        3.47305        3.90590   1 150
        3.47305        4.77002   1 151
        3.47305        4.77127   1 152
        3.47305        4.83518   1 153
        3.47305        4.83538   1 154
        3.47305        4.88670   1 155
        3.47305        4.88690   1 156
        3.47305       -0.44121   1   1
        3.47305       -0.43675   1   2
        3.47305       -0.41687   1   3
        3.47305       -0.41339   1   4
        3.47305       -0.37562   1   5
        3.47305       -0.37431   1   6
        3.47305       -0.29644   1   7
        3.47305       -0.28562   1   8
        3.47305       -0.27588   1   9
        3.47305       -0.23743   1  10
        3.47305       -0.20752   1  11
        3.47305       -0.20372   1  12
        3.47305       -0.20036   1  13
        3.47305       -0.19936   1  14
        3.47305       -0.18941   1  15
        3.47305       -0.18297   1  16
        3.47305       -0.17104   1  17
        3.47305       -0.16833   1  18
        3.47305       -0.16735   1  19
        3.47305       -0.16138   1  20
        3.47305       -0.15169   1  21
        3.47305       -0.15140   1  22
        3.47305       -0.14543   1  23
        3.47305       -0.13845   1  24
        3.47305       -0.13283   1  25
        3.47305       -0.13281   1  26
        3.47305       -0.11828   1  27
        3.47305       -0.11035   1  28
        3.47305       -0.10379   1  29
        3.47305       -0.09963   1  30
        3.47305       -0.06160   1  31
        3.47305       -0.04240   1  32
        3.47305       -0.03776   1  33
        3.47305       -0.01852   1  34
        3.47305       -0.00848   1  35
        3.47305       -0.00508   1  36
        3.47305        0.00042   1  37
        3.47305        0.02448   1  38
        3.47305        0.02589   1  39
        3.47305        0.04055   1  40
        3.47305        0.04657   1  41
        3.47305        0.05713   1  42
        3.47305        0.06057   1  43
        3.47305        0.08263   1  44
        3.47305        0.09924   1  45
        3.47305        0.14043   1  46
        3.47305        0.14280   1  47
        3.47305        0.15135   1  48
        3.47305        0.15370   1  49
        3.47305        0.18090   1  50
        3.47305        0.21439   1  51
        3.47305        0.21756   1  52
        3.47305        0.22319   1  53
        3.47305        0.23331   1  54
        3.47305        0.27347   1  55
        3.47305        0.36843   1  56
        3.47305        0.39582   1  57
        3.47305        0.43029   1  58
        3.47305        0.44762   1  59
        3.47305        0.44821   1  60
        3.47305        0.50991   1  61
        3.47305        0.51407   1  62
        3.47305        0.53324   1  63
        3.47305        0.53652   1  64
        3.47305        0.62564   1  65
        3.47305        0.64991   1  66
        3.47305        0.67199   1  67
        3.47305        0.67541   1  68
        3.47305        0.76189   1  69
        3.47305        0.76303   1  70
        3.47305        0.83862   1  71
        3.47305        0.84008   1  72
        3.47305        0.87806   1  73
        3.47305        0.89483   1  74
        3.47305        0.94315   1  75
        3.47305        0.94702   1  76
        3.47305        1.06505   1  77
        3.47305        1.07388   1  78
        3.47305        1.07671   1  79
        3.47305        1.11000   1  80
        3.47305        1.11121   1  81
        3.47305        1.11306   1  82
        3.47305        1.11844   1  83
        3.47305        1.12948   1  84
        3.47305        1.13055   1  85
        3.47305        1.17325   1  86
        3.47305        1.20083   1  87
        3.47305        1.21457   1  88
        3.47305        1.22058   1  89
        3.47305        1.26097   1  90
        3.47305        1.26505   1  91
        3.47305        1.27062   1  92
        3.47305        1.28052   1  93
        3.47305        1.29880   1  94
        3.47305        1.31918   1  95
        3.47305        1.35414   1  96
        3.47305        1.36121   1  97
        3.47305        1.36799   1  98
        3.47305        1.36972   1  99
        3.47305        1.38316   1 100
        3.47305        1.39101   1 101
        3.47305        1.39822   1 102
        3.47305        1.41719   1 103
        3.47305        1.42905   1 104
        3.47305        1.43715   1 105
        3.47305        1.43957   1 106
        3.47305        1.46480   1 107
        3.47305        1.46588   1 108
        3.47305        1.48342   1 109
        3.47305        1.48436   1 110
        3.47305        1.49544   1 111
        3.47305        1.50584   1 112
        3.47305        1.53989   1 113
        3.47305        1.56192   1 114
        3.47305        1.82127   1 115
        3.47305        1.82169   1 116
        3.47305        1.90915   1 117
        3.47305        1.91275   1 118
        3.47305        1.93134   1 119
        3.47305        1.94701   1 120
        3.47305        1.97278   1 121
        3.47305        1.97736   1 122
        3.47305        2.03065   1 123
        3.47305        2.03157   1 124
        3.47305        2.10418   1 125
        3.47305        2.10558   1 126
        3.47305        2.11174   1 127
        3.47305        2.11322   1 128
        3.47305        2.14426   1 129
        3.47305        2.14426   1 130
        3.47305        2.15580   1 131
        3.47305        2.15874   1 132
        3.47305        2.17328   1 133
        3.47305        2.17361   1 134
        3.47305        2.19235   1 135
        3.47305        2.19250   1 136
        3.47305        2.34277   1 137
        3.47305        2.34485   1 138
        3.47305        2.35342   1 139
        3.47305        2.35407   1 140
        3.47305        2.41707   1 141
        3.47305        2.41814   1 142
        3.47305        2.52267   1 143
        3.47305        2.52406   1 144
        3.47305        2.59710   1 145
        3.47305        2.59853   1 146
        3.47305        3.16613   1 147
        3.47305        3.18953   1 148
        3.47305        3.39965   1 149
        3.47305        3.40119   1 150
        3.47305        3.43612   1 151
        3.47305        3.43654   1 152
        3.47305        3.47964   1 153
        3.47305        3.47979   1 154
        3.47305        3.51709   1 155
        3.47305        3.51737   1 156
        3.50247       -0.44121   1   1
        3.50247       -0.43675   1   2
        3.50247       -0.41687   1   3
        3.50247       -0.41339   1   4
        3.50247       -0.37562   1   5
        3.50247       -0.37431   1   6
        3.50247       -0.29644   1   7
        3.50247       -0.28562   1   8
        3.50247       -0.27588   1   9
        3.50247       -0.23743   1  10
        3.50247       -0.20752   1  11
        3.50247       -0.20372   1  12
        3.50247       -0.20036   1  13
        3.50247       -0.19936   1  14
        3.50247       -0.18941   1  15
        3.50247       -0.18297   1  16
        3.50247       -0.17104   1  17
        3.50247       -0.16833   1  18
        3.50247       -0.16735   1  19
        3.50247       -0.16138   1  20
        3.50247       -0.15169   1  21
        3.50247       -0.15140   1  22
        3.50247       -0.14543   1  23
        3.50247       -0.13845   1  24
        3.50247       -0.13283   1  25
        3.50247       -0.13281   1  26
        3.50247       -0.11828   1  27
        3.50247       -0.11035   1  28
        3.50247       -0.10379   1  29
        3.50247       -0.09963   1  30
        3.50247       -0.06160   1  31
        3.50247       -0.04240   1  32
        3.50247       -0.03776   1  33
        3.50247       -0.01852   1  34
        3.50247       -0.00848   1  35
        3.50247       -0.00508   1  36
        3.50247        0.00042   1  37
        3.50247        0.02448   1  38
        3.50247        0.02589   1  39
        3.50247        0.04055   1  40
        3.50247        0.04657   1  41
        3.50247        0.05713   1  42
        3.50247        0.06057   1  43
        3.50247        0.08263   1  44
        3.50247        0.09924   1  45
        3.50247        0.14043   1  46
        3.50247        0.14280   1  47
        3.50247        0.15135   1  48
        3.50247        0.15370   1  49
        3.50247        0.18090   1  50
        3.50247        0.21439   1  51
        3.50247        0.21756   1  52
        3.50247        0.22319   1  53
        3.50247        0.23331   1  54
        3.50247        0.27347   1  55
        3.50247        0.36843   1  56
        3.50247        0.39582   1  57
        3.50247        0.43029   1  58
        3.50247        0.44762   1  59
        3.50247        0.44821   1  60
        3.50247        0.50991   1  61
        3.50247        0.51407   1  62
        3.50247        0.53324   1  63
        3.50247        0.53652   1  64
        3.50247        0.62564   1  65
        3.50247        0.64991   1  66
        3.50247        0.67199   1  67
        3.50247        0.67541   1  68
        3.50247        0.76189   1  69
        3.50247        0.76303   1  70
        3.50247        0.83862   1  71
        3.50247        0.84008   1  72
        3.50247        0.87806   1  73
        3.50247        0.89483   1  74
        3.50247        0.94315   1  75
        3.50247        0.94702   1  76
        3.50247        1.06505   1  77
        3.50247        1.07388   1  78
        3.50247        1.07671   1  79
        3.50247        1.11000   1  80
        3.50247        1.11121   1  81
        3.50247        1.11306   1  82
        3.50247        1.11844   1  83
        3.50247        1.12948   1  84
        3.50247        1.13055   1  85
        3.50247        1.17325   1  86
        3.50247        1.20083   1  87
        3.50247        1.21457   1  88
        3.50247        1.22058   1  89
        3.50247        1.26097   1  90
        3.50247        1.26505   1  91
        3.50247        1.27062   1  92
        3.50247        1.28052   1  93
        3.50247        1.29880   1  94
        3.50247        1.31918   1  95
        3.50247        1.35414   1  96
        3.50247        1.36121   1  97
        3.50247        1.36799   1  98
        3.50247        1.36972   1  99
        3.50247        1.38316   1 100
        3.50247        1.39101   1 101
        3.50247        1.39822   1 102
        3.50247        1.41719   1 103
        3.50247        1.42905   1 104
        3.50247        1.43715   1 105
        3.50247        1.43957   1 106
        3.50247        1.46480   1 107
        3.50247        1.46588   1 108
        3.50247        1.48342   1 109
        3.50247        1.48436   1 110
        3.50247        1.49544   1 111
        3.50247        1.50584   1 112
        3.50247        1.53989   1 113
        3.50247        1.56192   1 114
        3.50247        1.82127   1 115
        3.50247        1.82169   1 116
        3.50247        1.90915   1 117
        3.50247        1.91275   1 118
        3.50247        1.93134   1 119
        3.50247        1.94701   1 120
        3.50247        1.97278   1 121
        3.50247        1.97736   1 122
        3.50247        2.03065   1 123
        3.50247        2.03157   1 124
        3.50247        2.10418   1 125
        3.50247        2.10558   1 126
        3.50247        2.11174   1 127
        3.50247        2.11322   1 128
        3.50247        2.14426   1 129
        3.50247        2.14426   1 130
        3.50247        2.15580   1 131
        3.50247        2.15874   1 132
        3.50247        2.17328   1 133
        3.50247        2.17361   1 134
        3.50247        2.19235   1 135
        3.50247        2.19250   1 136
        3.50247        2.34277   1 137
        3.50247        2.34485   1 138
        3.50247        2.35342   1 139
        3.50247        2.35407   1 140
        3.50247        2.41707   1 141
        3.50247        2.41814   1 142
        3.50247        2.52267   1 143
        3.50247        2.52406   1 144
        3.50247        2.59710   1 145
        3.50247        2.59853   1 146
        3.50247        3.16613   1 147
        3.50247        3.18953   1 148
        3.50247        3.39965   1 149
        3.50247        3.40119   1 150
        3.50247        3.43612   1 151
        3.50247        3.43654   1 152
        3.50247        3.47964   1 153
        3.50247        3.47979   1 154
        3.50247        3.51709   1 155
        3.50247        3.51737   1 156
        3.53189       -0.44121   1   1
        3.53189       -0.43675   1   2
        3.53189       -0.41687   1   3
        3.53189       -0.41339   1   4
        3.53189       -0.37562   1   5
        3.53189       -0.37431   1   6
        3.53189       -0.29644   1   7
        3.53189       -0.28562   1   8
        3.53189       -0.27588   1   9
        3.53189       -0.23743   1  10
        3.53189       -0.20752   1  11
        3.53189       -0.20372   1  12
        3.53189       -0.20036   1  13
        3.53189       -0.19936   1  14
        3.53189       -0.18941   1  15
        3.53189       -0.18297   1  16
        3.53189       -0.17104   1  17
        3.53189       -0.16833   1  18
        3.53189       -0.16735   1  19
        3.53189       -0.16138   1  20
        3.53189       -0.15169   1  21
        3.53189       -0.15140   1  22
        3.53189       -0.14543   1  23
        3.53189       -0.13845   1  24
        3.53189       -0.13283   1  25
        3.53189       -0.13281   1  26
        3.53189       -0.11828   1  27
        3.53189       -0.11035   1  28
        3.53189       -0.10379   1  29
        3.53189       -0.09963   1  30
        3.53189       -0.06160   1  31
        3.53189       -0.04240   1  32
        3.53189       -0.03776   1  33
        3.53189       -0.01852   1  34
        3.53189       -0.00848   1  35
        3.53189       -0.00508   1  36
        3.53189        0.00042   1  37
        3.53189        0.02448   1  38
        3.53189        0.02589   1  39
        3.53189        0.04055   1  40
        3.53189        0.04657   1  41
        3.53189        0.05713   1  42
        3.53189        0.06057   1  43
        3.53189        0.08263   1  44
        3.53189        0.09924   1  45
        3.53189        0.14043   1  46
        3.53189        0.14280   1  47
        3.53189        0.15135   1  48
        3.53189        0.15370   1  49
        3.53189        0.18090   1  50
        3.53189        0.21439   1  51
        3.53189        0.21756   1  52
        3.53189        0.22319   1  53
        3.53189        0.23331   1  54
        3.53189        0.27347   1  55
        3.53189        0.36843   1  56
        3.53189        0.39582   1  57
        3.53189        0.43029   1  58
        3.53189        0.44762   1  59
        3.53189        0.44821   1  60
        3.53189        0.50991   1  61
        3.53189        0.51407   1  62
        3.53189        0.53324   1  63
        3.53189        0.53652   1  64
        3.53189        0.62564   1  65
        3.53189        0.64991   1  66
        3.53189        0.67199   1  67
        3.53189        0.67541   1  68
        3.53189        0.76189   1  69
        3.53189        0.76303   1  70
        3.53189        0.83862   1  71
        3.53189        0.84008   1  72
        3.53189        0.87806   1  73
        3.53189        0.89483   1  74
        3.53189        0.94315   1  75
        3.53189        0.94702   1  76
        3.53189        1.06505   1  77
        3.53189        1.07388   1  78
        3.53189        1.07671   1  79
        3.53189        1.11000   1  80
        3.53189        1.11121   1  81
        3.53189        1.11306   1  82
        3.53189        1.11844   1  83
        3.53189        1.12948   1  84
        3.53189        1.13055   1  85
        3.53189        1.17325   1  86
        3.53189        1.20083   1  87
        3.53189        1.21457   1  88
        3.53189        1.22058   1  89
        3.53189        1.26097   1  90
        3.53189        1.26505   1  91
        3.53189        1.27062   1  92
        3.53189        1.28052   1  93
        3.53189        1.29880   1  94
        3.53189        1.31918   1  95
        3.53189        1.35414   1  96
        3.53189        1.36121   1  97
        3.53189        1.36799   1  98
        3.53189        1.36972   1  99
        3.53189        1.38316   1 100
        3.53189        1.39101   1 101
        3.53189        1.39822   1 102
        3.53189        1.41719   1 103
        3.53189        1.42905   1 104
        3.53189        1.43715   1 105
        3.53189        1.43957   1 106
        3.53189        1.46480   1 107
        3.53189        1.46588   1 108
        3.53189        1.48342   1 109
        3.53189        1.48436   1 110
        3.53189        1.49544   1 111
        3.53189        1.50584   1 112
        3.53189        1.53989   1 113
        3.53189        1.56192   1 114
        3.53189        1.82127   1 115
        3.53189        1.82169   1 116
        3.53189        1.90915   1 117
        3.53189        1.91275   1 118
        3.53189        1.93134   1 119
        3.53189        1.94701   1 120
        3.53189        1.97278   1 121
        3.53189        1.97736   1 122
        3.53189        2.03065   1 123
        3.53189        2.03157   1 124
        3.53189        2.10418   1 125
        3.53189        2.10558   1 126
        3.53189        2.11174   1 127
        3.53189        2.11322   1 128
        3.53189        2.14426   1 129
        3.53189        2.14426   1 130
        3.53189        2.15580   1 131
        3.53189        2.15874   1 132
        3.53189        2.17328   1 133
        3.53189        2.17361   1 134
        3.53189        2.19235   1 135
        3.53189        2.19250   1 136
        3.53189        2.34277   1 137
        3.53189        2.34485   1 138
        3.53189        2.35342   1 139
        3.53189        2.35407   1 140
        3.53189        2.41707   1 141
        3.53189        2.41814   1 142
        3.53189        2.52267   1 143
        3.53189        2.52406   1 144
        3.53189        2.59710   1 145
        3.53189        2.59853   1 146
        3.53189        3.16613   1 147
        3.53189        3.18953   1 148
        3.53189        3.39965   1 149
        3.53189        3.40119   1 150
        3.53189        3.43612   1 151
        3.53189        3.43654   1 152
        3.53189        3.47964   1 153
        3.53189        3.47979   1 154
        3.53189        3.51709   1 155
        3.53189        3.51737   1 156
        3.53189       -0.39032   1   1
        3.53189       -0.39009   1   2
        3.53189       -0.38708   1   3
        3.53189       -0.38690   1   4
        3.53189       -0.32878   1   5
        3.53189       -0.32831   1   6
        3.53189       -0.32568   1   7
        3.53189       -0.32516   1   8
        3.53189       -0.29005   1   9
        3.53189       -0.25746   1  10
        3.53189       -0.24858   1  11
        3.53189       -0.24849   1  12
        3.53189       -0.24650   1  13
        3.53189       -0.24643   1  14
        3.53189       -0.22703   1  15
        3.53189       -0.21928   1  16
        3.53189       -0.21565   1  17
        3.53189       -0.21538   1  18
        3.53189       -0.18155   1  19
        3.53189       -0.18058   1  20
        3.53189       -0.17153   1  21
        3.53189       -0.15911   1  22
        3.53189       -0.15894   1  23
        3.53189       -0.15368   1  24
        3.53189       -0.15365   1  25
        3.53189       -0.11753   1  26
        3.53189       -0.09905   1  27
        3.53189       -0.06837   1  28
        3.53189       -0.04432   1  29
        3.53189       -0.04400   1  30
        3.53189       -0.04319   1  31
        3.53189       -0.03189   1  32
        3.53189       -0.03107   1  33
        3.53189       -0.02583   1  34
        3.53189       -0.02119   1  35
        3.53189       -0.01827   1  36
        3.53189       -0.01766   1  37
        3.53189       -0.01393   1  38
        3.53189       -0.00773   1  39
        3.53189       -0.00617   1  40
        3.53189        0.12022   1  41
        3.53189        0.12366   1  42
        3.53189        0.13052   1  43
        3.53189        0.16893   1  44
        3.53189        0.16968   1  45
        3.53189        0.17255   1  46
        3.53189        0.17395   1  47
        3.53189        0.18371   1  48
        3.53189        0.18798   1  49
        3.53189        0.19022   1  50
        3.53189        0.23024   1  51
        3.53189        0.23384   1  52
        3.53189        0.44710   1  53
        3.53189        0.48142   1  54
        3.53189        0.48211   1  55
        3.53189        0.48555   1  56
        3.53189        0.49493   1  57
        3.53189        0.51100   1  58
        3.53189        0.51622   1  59
        3.53189        0.55448   1  60
        3.53189        0.55708   1  61
        3.53189        0.57484   1  62
        3.53189        0.59009   1  63
        3.53189        0.60327   1  64
        3.53189        0.62136   1  65
        3.53189        0.62184   1  66
        3.53189        0.62861   1  67
        3.53189        0.62938   1  68
        3.53189        0.64606   1  69
        3.53189        0.66014   1  70
        3.53189        0.68455   1  71
        3.53189        0.68843   1  72
        3.53189        0.74673   1  73
        3.53189        0.75848   1  74
        3.53189        0.75865   1  75
        3.53189        0.76479   1  76
        3.53189        0.76490   1  77
        3.53189        0.78286   1  78
        3.53189        0.81692   1  79
        3.53189        0.85164   1  80
        3.53189        0.85167   1  81
        3.53189        0.87652   1  82
        3.53189        0.88334   1  83
        3.53189        0.88338   1  84
        3.53189        0.88363   1  85
        3.53189        0.88366   1  86
        3.53189        0.89570   1  87
        3.53189        0.90229   1  88
        3.53189        0.90274   1  89
        3.53189        0.91336   1  90
        3.53189        1.01575   1  91
        3.53189        1.03286   1  92
        3.53189        1.04551   1  93
        3.53189        1.05114   1  94
        3.53189        1.18720   1  95
        3.53189        1.18777   1  96
        3.53189        1.21586   1  97
        3.53189        1.21672   1  98
        3.53189        1.22446   1  99
        3.53189        1.23833   1 100
        3.53189        1.31156   1 101
        3.53189        1.35834   1 102
        3.53189        1.35880   1 103
        3.53189        1.36250   1 104
        3.53189        1.36293   1 105
        3.53189        1.36569   1 106
        3.53189        1.58491   1 107
        3.53189        1.58679   1 108
        3.53189        1.65742   1 109
        3.53189        1.65760   1 110
        3.53189        1.66071   1 111
        3.53189        1.66087   1 112
        3.53189        1.70702   1 113
        3.53189        1.70752   1 114
        3.53189        1.80335   1 115
        3.53189        1.80882   1 116
        3.53189        1.82350   1 117
        3.53189        1.82438   1 118
        3.53189        1.89204   1 119
        3.53189        1.89312   1 120
        3.53189        2.20070   1 121
        3.53189        2.20155   1 122
        3.53189        2.22133   1 123
        3.53189        2.22162   1 124
        3.53189        2.22282   1 125
        3.53189        2.22282   1 126
        3.53189        2.70851   1 127
        3.53189        2.70887   1 128
        3.53189        2.78774   1 129
        3.53189        2.78784   1 130
        3.53189        2.78802   1 131
        3.53189        2.78811   1 132
        3.53189        2.89652   1 133
        3.53189        2.89663   1 134
        3.53189        2.89765   1 135
        3.53189        2.89776   1 136
        3.53189        3.06051   1 137
        3.53189        3.07042   1 138
        3.53189        3.12268   1 139
        3.53189        3.14640   1 140
        3.53189        3.17170   1 141
        3.53189        3.17178   1 142
        3.53189        3.20523   1 143
        3.53189        3.20536   1 144
        3.53189        3.34990   1 145
        3.53189        3.35004   1 146
        3.53189        3.35033   1 147
        3.53189        3.35046   1 148
        3.53189        3.57886   1 149
        3.53189        3.57916   1 150
        3.53189        3.98121   1 151
        3.53189        3.98345   1 152
        3.53189        4.02899   1 153
        3.53189        4.02978   1 154
        3.53189        4.09025   1 155
        3.53189        4.09035   1 156
        3.56131       -0.39032   1   1
        3.56131       -0.39009   1   2
        3.56131       -0.38708   1   3
        3.56131       -0.38690   1   4
        3.56131       -0.32878   1   5
        3.56131       -0.32831   1   6
        3.56131       -0.32568   1   7
        3.56131       -0.32516   1   8
        3.56131       -0.29005   1   9
        3.56131       -0.25746   1  10
        3.56131       -0.24858   1  11
        3.56131       -0.24849   1  12
        3.56131       -0.24650   1  13
        3.56131       -0.24643   1  14
        3.56131       -0.22703   1  15
        3.56131       -0.21928   1  16
        3.56131       -0.21565   1  17
        3.56131       -0.21538   1  18
        3.56131       -0.18155   1  19
        3.56131       -0.18058   1  20
        3.56131       -0.17153   1  21
        3.56131       -0.15911   1  22
        3.56131       -0.15894   1  23
        3.56131       -0.15368   1  24
        3.56131       -0.15365   1  25
        3.56131       -0.11753   1  26
        3.56131       -0.09905   1  27
        3.56131       -0.06837   1  28
        3.56131       -0.04432   1  29
        3.56131       -0.04400   1  30
        3.56131       -0.04319   1  31
        3.56131       -0.03189   1  32
        3.56131       -0.03107   1  33
        3.56131       -0.02583   1  34
        3.56131       -0.02119   1  35
        3.56131       -0.01827   1  36
        3.56131       -0.01766   1  37
        3.56131       -0.01393   1  38
        3.56131       -0.00773   1  39
        3.56131       -0.00617   1  40
        3.56131        0.12022   1  41
        3.56131        0.12366   1  42
        3.56131        0.13052   1  43
        3.56131        0.16893   1  44
        3.56131        0.16968   1  45
        3.56131        0.17255   1  46
        3.56131        0.17395   1  47
        3.56131        0.18371   1  48
        3.56131        0.18798   1  49
        3.56131        0.19022   1  50
        3.56131        0.23024   1  51
        3.56131        0.23384   1  52
        3.56131        0.44710   1  53
        3.56131        0.48142   1  54
        3.56131        0.48211   1  55
        3.56131        0.48555   1  56
        3.56131        0.49493   1  57
        3.56131        0.51100   1  58
        3.56131        0.51622   1  59
        3.56131        0.55448   1  60
        3.56131        0.55708   1  61
        3.56131        0.57484   1  62
        3.56131        0.59009   1  63
        3.56131        0.60327   1  64
        3.56131        0.62136   1  65
        3.56131        0.62184   1  66
        3.56131        0.62861   1  67
        3.56131        0.62938   1  68
        3.56131        0.64606   1  69
        3.56131        0.66014   1  70
        3.56131        0.68455   1  71
        3.56131        0.68843   1  72
        3.56131        0.74673   1  73
        3.56131        0.75848   1  74
        3.56131        0.75865   1  75
        3.56131        0.76479   1  76
        3.56131        0.76490   1  77
        3.56131        0.78286   1  78
        3.56131        0.81692   1  79
        3.56131        0.85164   1  80
        3.56131        0.85167   1  81
        3.56131        0.87652   1  82
        3.56131        0.88334   1  83
        3.56131        0.88338   1  84
        3.56131        0.88363   1  85
        3.56131        0.88366   1  86
        3.56131        0.89570   1  87
        3.56131        0.90229   1  88
        3.56131        0.90274   1  89
        3.56131        0.91336   1  90
        3.56131        1.01575   1  91
        3.56131        1.03286   1  92
        3.56131        1.04551   1  93
        3.56131        1.05114   1  94
        3.56131        1.18720   1  95
        3.56131        1.18777   1  96
        3.56131        1.21586   1  97
        3.56131        1.21672   1  98
        3.56131        1.22446   1  99
        3.56131        1.23833   1 100
        3.56131        1.31156   1 101
        3.56131        1.35834   1 102
        3.56131        1.35880   1 103
        3.56131        1.36250   1 104
        3.56131        1.36293   1 105
        3.56131        1.36569   1 106
        3.56131        1.58491   1 107
        3.56131        1.58679   1 108
        3.56131        1.65742   1 109
        3.56131        1.65760   1 110
        3.56131        1.66071   1 111
        3.56131        1.66087   1 112
        3.56131        1.70702   1 113
        3.56131        1.70752   1 114
        3.56131        1.80335   1 115
        3.56131        1.80882   1 116
        3.56131        1.82350   1 117
        3.56131        1.82438   1 118
        3.56131        1.89204   1 119
        3.56131        1.89312   1 120
        3.56131        2.20070   1 121
        3.56131        2.20155   1 122
        3.56131        2.22133   1 123
        3.56131        2.22162   1 124
        3.56131        2.22282   1 125
        3.56131        2.22282   1 126
        3.56131        2.70851   1 127
        3.56131        2.70887   1 128
        3.56131        2.78774   1 129
        3.56131        2.78784   1 130
        3.56131        2.78802   1 131
        3.56131        2.78811   1 132
        3.56131        2.89652   1 133
        3.56131        2.89663   1 134
        3.56131        2.89765   1 135
        3.56131        2.89776   1 136
        3.56131        3.06051   1 137
        3.56131        3.07042   1 138
        3.56131        3.12268   1 139
        3.56131        3.14640   1 140
        3.56131        3.17170   1 141
        3.56131        3.17178   1 142
        3.56131        3.20523   1 143
        3.56131        3.20536   1 144
        3.56131        3.34990   1 145
        3.56131        3.35004   1 146
        3.56131        3.35033   1 147
        3.56131        3.35046   1 148
        3.56131        3.57886   1 149
        3.56131        3.57916   1 150
        3.56131        3.98121   1 151
        3.56131        3.98345   1 152
        3.56131        4.02899   1 153
        3.56131        4.02978   1 154
        3.56131        4.09025   1 155
        3.56131        4.09035   1 156
        3.59073       -0.39032   1   1
        3.59073       -0.39009   1   2
        3.59073       -0.38708   1   3
        3.59073       -0.38690   1   4
        3.59073       -0.32878   1   5
        3.59073       -0.32831   1   6
        3.59073       -0.32568   1   7
        3.59073       -0.32516   1   8
        3.59073       -0.29005   1   9
        3.59073       -0.25746   1  10
        3.59073       -0.24858   1  11
        3.59073       -0.24849   1  12
        3.59073       -0.24650   1  13
        3.59073       -0.24643   1  14
        3.59073       -0.22703   1  15
        3.59073       -0.21928   1  16
        3.59073       -0.21565   1  17
        3.59073       -0.21538   1  18
        3.59073       -0.18155   1  19
        3.59073       -0.18058   1  20
        3.59073       -0.17153   1  21
        3.59073       -0.15911   1  22
        3.59073       -0.15894   1  23
        3.59073       -0.15368   1  24
        3.59073       -0.15365   1  25
        3.59073       -0.11753   1  26
        3.59073       -0.09905   1  27
        3.59073       -0.06837   1  28
        3.59073       -0.04432   1  29
        3.59073       -0.04400   1  30
        3.59073       -0.04319   1  31
        3.59073       -0.03189   1  32
        3.59073       -0.03107   1  33
        3.59073       -0.02583   1  34
        3.59073       -0.02119   1  35
        3.59073       -0.01827   1  36
        3.59073       -0.01766   1  37
        3.59073       -0.01393   1  38
        3.59073       -0.00773   1  39
        3.59073       -0.00617   1  40
        3.59073        0.12022   1  41
        3.59073        0.12366   1  42
        3.59073        0.13052   1  43
        3.59073        0.16893   1  44
        3.59073        0.16968   1  45
        3.59073        0.17255   1  46
        3.59073        0.17395   1  47
        3.59073        0.18371   1  48
        3.59073        0.18798   1  49
        3.59073        0.19022   1  50
        3.59073        0.23024   1  51
        3.59073        0.23384   1  52
        3.59073        0.44710   1  53
        3.59073        0.48142   1  54
        3.59073        0.48211   1  55
        3.59073        0.48555   1  56
        3.59073        0.49493   1  57
        3.59073        0.51100   1  58
        3.59073        0.51622   1  59
        3.59073        0.55448   1  60
        3.59073        0.55708   1  61
        3.59073        0.57484   1  62
        3.59073        0.59009   1  63
        3.59073        0.60327   1  64
        3.59073        0.62136   1  65
        3.59073        0.62184   1  66
        3.59073        0.62861   1  67
        3.59073        0.62938   1  68
        3.59073        0.64606   1  69
        3.59073        0.66014   1  70
        3.59073        0.68455   1  71
        3.59073        0.68843   1  72
        3.59073        0.74673   1  73
        3.59073        0.75848   1  74
        3.59073        0.75865   1  75
        3.59073        0.76479   1  76
        3.59073        0.76490   1  77
        3.59073        0.78286   1  78
        3.59073        0.81692   1  79
        3.59073        0.85164   1  80
        3.59073        0.85167   1  81
        3.59073        0.87652   1  82
        3.59073        0.88334   1  83
        3.59073        0.88338   1  84
        3.59073        0.88363   1  85
        3.59073        0.88366   1  86
        3.59073        0.89570   1  87
        3.59073        0.90229   1  88
        3.59073        0.90274   1  89
        3.59073        0.91336   1  90
        3.59073        1.01575   1  91
        3.59073        1.03286   1  92
        3.59073        1.04551   1  93
        3.59073        1.05114   1  94
        3.59073        1.18720   1  95
        3.59073        1.18777   1  96
        3.59073        1.21586   1  97
        3.59073        1.21672   1  98
        3.59073        1.22446   1  99
        3.59073        1.23833   1 100
        3.59073        1.31156   1 101
        3.59073        1.35834   1 102
        3.59073        1.35880   1 103
        3.59073        1.36250   1 104
        3.59073        1.36293   1 105
        3.59073        1.36569   1 106
        3.59073        1.58491   1 107
        3.59073        1.58679   1 108
        3.59073        1.65742   1 109
        3.59073        1.65760   1 110
        3.59073        1.66071   1 111
        3.59073        1.66087   1 112
        3.59073        1.70702   1 113
        3.59073        1.70752   1 114
        3.59073        1.80335   1 115
        3.59073        1.80882   1 116
        3.59073        1.82350   1 117
        3.59073        1.82438   1 118
        3.59073        1.89204   1 119
        3.59073        1.89312   1 120
        3.59073        2.20070   1 121
        3.59073        2.20155   1 122
        3.59073        2.22133   1 123
        3.59073        2.22162   1 124
        3.59073        2.22282   1 125
        3.59073        2.22282   1 126
        3.59073        2.70851   1 127
        3.59073        2.70887   1 128
        3.59073        2.78774   1 129
        3.59073        2.78784   1 130
        3.59073        2.78802   1 131
        3.59073        2.78811   1 132
        3.59073        2.89652   1 133
        3.59073        2.89663   1 134
        3.59073        2.89765   1 135
        3.59073        2.89776   1 136
        3.59073        3.06051   1 137
        3.59073        3.07042   1 138
        3.59073        3.12268   1 139
        3.59073        3.14640   1 140
        3.59073        3.17170   1 141
        3.59073        3.17178   1 142
        3.59073        3.20523   1 143
        3.59073        3.20536   1 144
        3.59073        3.34990   1 145
        3.59073        3.35004   1 146
        3.59073        3.35033   1 147
        3.59073        3.35046   1 148
        3.59073        3.57886   1 149
        3.59073        3.57916   1 150
        3.59073        3.98121   1 151
        3.59073        3.98345   1 152
        3.59073        4.02899   1 153
        3.59073        4.02978   1 154
        3.59073        4.09025   1 155
        3.59073        4.09035   1 156
