        0.00000       -0.93689   1   1
        0.00000       -0.86409   1   2
        0.00000       -0.79444   1   3
        0.00000       -0.71701   1   4
        0.00000       -0.70571   1   5
        0.00000       -0.68918   1   6
        0.00000       -0.68918   1   7
        0.00000       -0.68618   1   8
        0.00000       -0.66614   1   9
        0.00000       -0.65730   1  10
        0.00000       -0.65730   1  11
        0.00000       -0.61717   1  12
        0.00000       -0.61717   1  13
        0.00000       -0.60804   1  14
        0.00000       -0.57468   1  15
        0.00000       -0.56427   1  16
        0.00000       -0.56427   1  17
        0.00000       -0.55256   1  18
        0.00000       -0.55256   1  19
        0.00000       -0.51363   1  20
        0.00000       -0.51259   1  21
        0.00000       -0.49405   1  22
        0.00000       -0.46105   1  23
        0.00000       -0.46105   1  24
        0.00000       -0.43247   1  25
        0.00000       -0.42153   1  26
        0.00000       -0.35560   1  27
        0.00000       -0.29651   1  28
        0.00000       -0.20084   1  29
        0.00000       -0.13731   1  30
        0.00000       -0.10745   1  31
        0.00000       -0.03169   1  32
        0.00000       -0.01841   1  33
        0.00000        0.07197   1  34
        0.00000        0.11842   1  35
        0.00000        0.20118   1  36
        0.00000        0.24782   1  37
        0.00000        0.30609   1  38
        0.00000        0.30609   1  39
        0.00000        0.37580   1  40
        0.00000        0.42846   1  41
        0.00000        0.58108   1  42
        0.00000        0.59268   1  43
        0.00000        0.59268   1  44
        0.00000        0.64653   1  45
        0.00000        0.74649   1  46
        0.00000        0.74649   1  47
        0.00000        0.75920   1  48
        0.00000        0.75920   1  49
        0.00000        0.84742   1  50
        0.00000        0.89685   1  51
        0.00000        0.89685   1  52
        0.00000        0.91415   1  53
        0.00000        0.93070   1  54
        0.00000        1.02418   1  55
        0.00000        1.02418   1  56
        0.00000        1.07432   1  57
        0.00000        1.07432   1  58
        0.00000        1.12210   1  59
        0.00000        1.12210   1  60
        0.00000        1.12281   1  61
        0.00000        1.21066   1  62
        0.00000        1.21066   1  63
        0.00000        1.23499   1  64
        0.00000        1.27392   1  65
        0.00000        1.29248   1  66
        0.00000        1.29248   1  67
        0.00000        1.39253   1  68
        0.00000        1.39253   1  69
        0.00000        1.41859   1  70
        0.00000        1.51330   1  71
        0.00000        1.51330   1  72
        0.00000        1.54605   1  73
        0.00000        1.72171   1  74
        0.00000        1.72171   1  75
        0.00000        1.73858   1  76
        0.04167       -0.93497   1   1
        0.04167       -0.86304   1   2
        0.04167       -0.79479   1   3
        0.04167       -0.71840   1   4
        0.04167       -0.70499   1   5
        0.04167       -0.69248   1   6
        0.04167       -0.68891   1   7
        0.04167       -0.68549   1   8
        0.04167       -0.67261   1   9
        0.04167       -0.65719   1  10
        0.04167       -0.65253   1  11
        0.04167       -0.62221   1  12
        0.04167       -0.61736   1  13
        0.04167       -0.60811   1  14
        0.04167       -0.57786   1  15
        0.04167       -0.56499   1  16
        0.04167       -0.56302   1  17
        0.04167       -0.55270   1  18
        0.04167       -0.55231   1  19
        0.04167       -0.51463   1  20
        0.04167       -0.51117   1  21
        0.04167       -0.49339   1  22
        0.04167       -0.46182   1  23
        0.04167       -0.45911   1  24
        0.04167       -0.43194   1  25
        0.04167       -0.42209   1  26
        0.04167       -0.35227   1  27
        0.04167       -0.29428   1  28
        0.04167       -0.19839   1  29
        0.04167       -0.13479   1  30
        0.04167       -0.10505   1  31
        0.04167       -0.02982   1  32
        0.04167       -0.01599   1  33
        0.04167        0.07476   1  34
        0.04167        0.12014   1  35
        0.04167        0.20363   1  36
        0.04167        0.24865   1  37
        0.04167        0.28792   1  38
        0.04167        0.31003   1  39
        0.04167        0.37704   1  40
        0.04167        0.42863   1  41
        0.04167        0.55994   1  42
        0.04167        0.59173   1  43
        0.04167        0.59443   1  44
        0.04167        0.64742   1  45
        0.04167        0.73523   1  46
        0.04167        0.74450   1  47
        0.04167        0.75032   1  48
        0.04167        0.75583   1  49
        0.04167        0.84446   1  50
        0.04167        0.87495   1  51
        0.04167        0.89216   1  52
        0.04167        0.90833   1  53
        0.04167        0.94708   1  54
        0.04167        1.01199   1  55
        0.04167        1.02286   1  56
        0.04167        1.05816   1  57
        0.04167        1.07491   1  58
        0.04167        1.09846   1  59
        0.04167        1.11335   1  60
        0.04167        1.11898   1  61
        0.04167        1.21037   1  62
        0.04167        1.21240   1  63
        0.04167        1.23279   1  64
        0.04167        1.24573   1  65
        0.04167        1.29287   1  66
        0.04167        1.31184   1  67
        0.04167        1.35325   1  68
        0.04167        1.39250   1  69
        0.04167        1.43221   1  70
        0.04167        1.50133   1  71
        0.04167        1.51537   1  72
        0.04167        1.54530   1  73
        0.04167        1.71702   1  74
        0.04167        1.72822   1  75
        0.04167        1.74245   1  76
        0.08333       -0.92927   1   1
        0.08333       -0.85998   1   2
        0.08333       -0.79622   1   3
        0.08333       -0.72427   1   4
        0.08333       -0.70310   1   5
        0.08333       -0.70063   1   6
        0.08333       -0.68810   1   7
        0.08333       -0.68706   1   8
        0.08333       -0.67826   1   9
        0.08333       -0.65685   1  10
        0.08333       -0.64761   1  11
        0.08333       -0.63523   1  12
        0.08333       -0.61794   1  13
        0.08333       -0.60781   1  14
        0.08333       -0.58406   1  15
        0.08333       -0.56771   1  16
        0.08333       -0.56352   1  17
        0.08333       -0.55205   1  18
        0.08333       -0.55065   1  19
        0.08333       -0.51682   1  20
        0.08333       -0.50764   1  21
        0.08333       -0.49157   1  22
        0.08333       -0.46395   1  23
        0.08333       -0.45406   1  24
        0.08333       -0.43064   1  25
        0.08333       -0.42361   1  26
        0.08333       -0.34276   1  27
        0.08333       -0.28800   1  28
        0.08333       -0.19101   1  29
        0.08333       -0.12751   1  30
        0.08333       -0.09790   1  31
        0.08333       -0.02489   1  32
        0.08333       -0.00874   1  33
        0.08333        0.08272   1  34
        0.08333        0.12497   1  35
        0.08333        0.20995   1  36
        0.08333        0.23770   1  37
        0.08333        0.25368   1  38
        0.08333        0.32170   1  39
        0.08333        0.38038   1  40
        0.08333        0.42722   1  41
        0.08333        0.50419   1  42
        0.08333        0.59430   1  43
        0.08333        0.59963   1  44
        0.08333        0.63751   1  45
        0.08333        0.69787   1  46
        0.08333        0.72534   1  47
        0.08333        0.73834   1  48
        0.08333        0.74633   1  49
        0.08333        0.81669   1  50
        0.08333        0.84416   1  51
        0.08333        0.87770   1  52
        0.08333        0.89036   1  53
        0.08333        0.95220   1  54
        0.08333        0.97803   1  55
        0.08333        1.00985   1  56
        0.08333        1.01816   1  57
        0.08333        1.05144   1  58
        0.08333        1.06981   1  59
        0.08333        1.07701   1  60
        0.08333        1.11361   1  61
        0.08333        1.16795   1  62
        0.08333        1.20782   1  63
        0.08333        1.21766   1  64
        0.08333        1.25287   1  65
        0.08333        1.27123   1  66
        0.08333        1.29449   1  67
        0.08333        1.34314   1  68
        0.08333        1.38811   1  69
        0.08333        1.39219   1  70
        0.08333        1.51636   1  71
        0.08333        1.51878   1  72
        0.08333        1.52341   1  73
        0.08333        1.71122   1  74
        0.08333        1.74531   1  75
        0.08333        1.74568   1  76
        0.12500       -0.92015   1   1
        0.12500       -0.85529   1   2
        0.12500       -0.79986   1   3
        0.12500       -0.73683   1   4
        0.12500       -0.71410   1   5
        0.12500       -0.70023   1   6
        0.12500       -0.69114   1   7
        0.12500       -0.68680   1   8
        0.12500       -0.67578   1   9
        0.12500       -0.65630   1  10
        0.12500       -0.65491   1  11
        0.12500       -0.64177   1  12
        0.12500       -0.61889   1  13
        0.12500       -0.60587   1  14
        0.12500       -0.59092   1  15
        0.12500       -0.57214   1  16
        0.12500       -0.56762   1  17
        0.12500       -0.55008   1  18
        0.12500       -0.54795   1  19
        0.12500       -0.51886   1  20
        0.12500       -0.50309   1  21
        0.12500       -0.48908   1  22
        0.12500       -0.46693   1  23
        0.12500       -0.44735   1  24
        0.12500       -0.42902   1  25
        0.12500       -0.42573   1  26
        0.12500       -0.32864   1  27
        0.12500       -0.27805   1  28
        0.12500       -0.17894   1  29
        0.12500       -0.11601   1  30
        0.12500       -0.08636   1  31
        0.12500       -0.01769   1  32
        0.12500        0.00282   1  33
        0.12500        0.09479   1  34
        0.12500        0.13012   1  35
        0.12500        0.17234   1  36
        0.12500        0.22522   1  37
        0.12500        0.25676   1  38
        0.12500        0.34077   1  39
        0.12500        0.38072   1  40
        0.12500        0.40476   1  41
        0.12500        0.45365   1  42
        0.12500        0.58235   1  43
        0.12500        0.60504   1  44
        0.12500        0.60796   1  45
        0.12500        0.64012   1  46
        0.12500        0.68612   1  47
        0.12500        0.72782   1  48
        0.12500        0.73253   1  49
        0.12500        0.75935   1  50
        0.12500        0.79401   1  51
        0.12500        0.83699   1  52
        0.12500        0.85410   1  53
        0.12500        0.89406   1  54
        0.12500        0.90664   1  55
        0.12500        0.97341   1  56
        0.12500        0.98745   1  57
        0.12500        1.01116   1  58
        0.12500        1.01268   1  59
        0.12500        1.08176   1  60
        0.12500        1.08794   1  61
        0.12500        1.11431   1  62
        0.12500        1.16665   1  63
        0.12500        1.22618   1  64
        0.12500        1.23125   1  65
        0.12500        1.23985   1  66
        0.12500        1.29636   1  67
        0.12500        1.29749   1  68
        0.12500        1.36290   1  69
        0.12500        1.39191   1  70
        0.12500        1.46645   1  71
        0.12500        1.53408   1  72
        0.12500        1.54040   1  73
        0.12500        1.70617   1  74
        0.12500        1.73969   1  75
        0.12500        1.76607   1  76
        0.16667       -0.90831   1   1
        0.16667       -0.85005   1   2
        0.16667       -0.80680   1   3
        0.16667       -0.75390   1   4
        0.16667       -0.73171   1   5
        0.16667       -0.69747   1   6
        0.16667       -0.69406   1   7
        0.16667       -0.68505   1   8
        0.16667       -0.67149   1   9
        0.16667       -0.66831   1  10
        0.16667       -0.65554   1  11
        0.16667       -0.64012   1  12
        0.16667       -0.62024   1  13
        0.16667       -0.60089   1  14
        0.16667       -0.59777   1  15
        0.16667       -0.57682   1  16
        0.16667       -0.57397   1  17
        0.16667       -0.54784   1  18
        0.16667       -0.54576   1  19
        0.16667       -0.52008   1  20
        0.16667       -0.49822   1  21
        0.16667       -0.48657   1  22
        0.16667       -0.47006   1  23
        0.16667       -0.44013   1  24
        0.16667       -0.42795   1  25
        0.16667       -0.42705   1  26
        0.16667       -0.31188   1  27
        0.16667       -0.26449   1  28
        0.16667       -0.16272   1  29
        0.16667       -0.10102   1  30
        0.16667       -0.07122   1  31
        0.16667       -0.00873   1  32
        0.16667        0.01741   1  33
        0.16667        0.09353   1  34
        0.16667        0.11193   1  35
        0.16667        0.14719   1  36
        0.16667        0.23967   1  37
        0.16667        0.26058   1  38
        0.16667        0.32135   1  39
        0.16667        0.36682   1  40
        0.16667        0.39246   1  41
        0.16667        0.44081   1  42
        0.16667        0.49968   1  43
        0.16667        0.55858   1  44
        0.16667        0.60374   1  45
        0.16667        0.61853   1  46
        0.16667        0.62740   1  47
        0.16667        0.68775   1  48
        0.16667        0.71351   1  49
        0.16667        0.71690   1  50
        0.16667        0.71816   1  51
        0.16667        0.72810   1  52
        0.16667        0.79426   1  53
        0.16667        0.82644   1  54
        0.16667        0.84443   1  55
        0.16667        0.88196   1  56
        0.16667        0.93271   1  57
        0.16667        0.97792   1  58
        0.16667        1.00882   1  59
        0.16667        1.01757   1  60
        0.16667        1.08973   1  61
        0.16667        1.10043   1  62
        0.16667        1.12404   1  63
        0.16667        1.18459   1  64
        0.16667        1.21305   1  65
        0.16667        1.23613   1  66
        0.16667        1.24657   1  67
        0.16667        1.30022   1  68
        0.16667        1.32916   1  69
        0.16667        1.39671   1  70
        0.16667        1.43442   1  71
        0.16667        1.52241   1  72
        0.16667        1.56426   1  73
        0.16667        1.69863   1  74
        0.16667        1.71944   1  75
        0.16667        1.78197   1  76
        0.20833       -0.89504   1   1
        0.20833       -0.84751   1   2
        0.20833       -0.81560   1   3
        0.20833       -0.77091   1   4
        0.20833       -0.75264   1   5
        0.20833       -0.69968   1   6
        0.20833       -0.69363   1   7
        0.20833       -0.68297   1   8
        0.20833       -0.67723   1   9
        0.20833       -0.66271   1  10
        0.20833       -0.65459   1  11
        0.20833       -0.63919   1  12
        0.20833       -0.62197   1  13
        0.20833       -0.60427   1  14
        0.20833       -0.59195   1  15
        0.20833       -0.58142   1  16
        0.20833       -0.58045   1  17
        0.20833       -0.54629   1  18
        0.20833       -0.54477   1  19
        0.20833       -0.52048   1  20
        0.20833       -0.49376   1  21
        0.20833       -0.48439   1  22
        0.20833       -0.47249   1  23
        0.20833       -0.43315   1  24
        0.20833       -0.42979   1  25
        0.20833       -0.42432   1  26
        0.20833       -0.29307   1  27
        0.20833       -0.24839   1  28
        0.20833       -0.14253   1  29
        0.20833       -0.08445   1  30
        0.20833       -0.05343   1  31
        0.20833       -0.00484   1  32
        0.20833        0.03162   1  33
        0.20833        0.03623   1  34
        0.20833        0.12783   1  35
        0.20833        0.15178   1  36
        0.20833        0.23561   1  37
        0.20833        0.26032   1  38
        0.20833        0.26905   1  39
        0.20833        0.36429   1  40
        0.20833        0.39920   1  41
        0.20833        0.40552   1  42
        0.20833        0.44932   1  43
        0.20833        0.48302   1  44
        0.20833        0.54199   1  45
        0.20833        0.57360   1  46
        0.20833        0.60749   1  47
        0.20833        0.62937   1  48
        0.20833        0.64730   1  49
        0.20833        0.68029   1  50
        0.20833        0.69469   1  51
        0.20833        0.69732   1  52
        0.20833        0.70104   1  53
        0.20833        0.76010   1  54
        0.20833        0.80266   1  55
        0.20833        0.82939   1  56
        0.20833        0.85661   1  57
        0.20833        0.93223   1  58
        0.20833        0.97527   1  59
        0.20833        1.01658   1  60
        0.20833        1.04605   1  61
        0.20833        1.09673   1  62
        0.20833        1.12293   1  63
        0.20833        1.14106   1  64
        0.20833        1.16320   1  65
        0.20833        1.21845   1  66
        0.20833        1.24175   1  67
        0.20833        1.27724   1  68
        0.20833        1.30622   1  69
        0.20833        1.41388   1  70
        0.20833        1.41892   1  71
        0.20833        1.48520   1  72
        0.20833        1.58716   1  73
        0.20833        1.67806   1  74
        0.20833        1.69166   1  75
        0.20833        1.78742   1  76
        0.25000       -0.88304   1   1
        0.25000       -0.85425   1   2
        0.25000       -0.82040   1   3
        0.25000       -0.78353   1   4
        0.25000       -0.77430   1   5
        0.25000       -0.70281   1   6
        0.25000       -0.69109   1   7
        0.25000       -0.68067   1   8
        0.25000       -0.67950   1   9
        0.25000       -0.65558   1  10
        0.25000       -0.65347   1  11
        0.25000       -0.63823   1  12
        0.25000       -0.62406   1  13
        0.25000       -0.61021   1  14
        0.25000       -0.58912   1  15
        0.25000       -0.58390   1  16
        0.25000       -0.57743   1  17
        0.25000       -0.54571   1  18
        0.25000       -0.54510   1  19
        0.25000       -0.52028   1  20
        0.25000       -0.49113   1  21
        0.25000       -0.48173   1  22
        0.25000       -0.47355   1  23
        0.25000       -0.43109   1  24
        0.25000       -0.42666   1  25
        0.25000       -0.42029   1  26
        0.25000       -0.27161   1  27
        0.25000       -0.23183   1  28
        0.25000       -0.11820   1  29
        0.25000       -0.07398   1  30
        0.25000       -0.05249   1  31
        0.25000       -0.02557   1  32
        0.25000        0.02362   1  33
        0.25000        0.04860   1  34
        0.25000        0.14055   1  35
        0.25000        0.15053   1  36
        0.25000        0.18310   1  37
        0.25000        0.24938   1  38
        0.25000        0.27860   1  39
        0.25000        0.31046   1  40
        0.25000        0.35875   1  41
        0.25000        0.40232   1  42
        0.25000        0.43709   1  43
        0.25000        0.46741   1  44
        0.25000        0.48468   1  45
        0.25000        0.51638   1  46
        0.25000        0.53841   1  47
        0.25000        0.60427   1  48
        0.25000        0.61658   1  49
        0.25000        0.63671   1  50
        0.25000        0.65657   1  51
        0.25000        0.68078   1  52
        0.25000        0.68668   1  53
        0.25000        0.69967   1  54
        0.25000        0.76703   1  55
        0.25000        0.78835   1  56
        0.25000        0.80547   1  57
        0.25000        0.88932   1  58
        0.25000        0.93121   1  59
        0.25000        1.00873   1  60
        0.25000        1.03346   1  61
        0.25000        1.06654   1  62
        0.25000        1.09177   1  63
        0.25000        1.10449   1  64
        0.25000        1.16436   1  65
        0.25000        1.18711   1  66
        0.25000        1.23096   1  67
        0.25000        1.24286   1  68
        0.25000        1.32582   1  69
        0.25000        1.39223   1  70
        0.25000        1.44146   1  71
        0.25000        1.44294   1  72
        0.25000        1.60251   1  73
        0.25000        1.63517   1  74
        0.25000        1.67235   1  75
        0.25000        1.78105   1  76
        0.29167       -0.87769   1   1
        0.29167       -0.86923   1   2
        0.29167       -0.81936   1   3
        0.29167       -0.80315   1   4
        0.29167       -0.77795   1   5
        0.29167       -0.70310   1   6
        0.29167       -0.68898   1   7
        0.29167       -0.68007   1   8
        0.29167       -0.67833   1   9
        0.29167       -0.65222   1  10
        0.29167       -0.65212   1  11
        0.29167       -0.63404   1  12
        0.29167       -0.62641   1  13
        0.29167       -0.61547   1  14
        0.29167       -0.59644   1  15
        0.29167       -0.58358   1  16
        0.29167       -0.56323   1  17
        0.29167       -0.54656   1  18
        0.29167       -0.54452   1  19
        0.29167       -0.51969   1  20
        0.29167       -0.49117   1  21
        0.29167       -0.47763   1  22
        0.29167       -0.47300   1  23
        0.29167       -0.43156   1  24
        0.29167       -0.42117   1  25
        0.29167       -0.41438   1  26
        0.29167       -0.24793   1  27
        0.29167       -0.21870   1  28
        0.29167       -0.11767   1  29
        0.29167       -0.08943   1  30
        0.29167       -0.05441   1  31
        0.29167       -0.00750   1  32
        0.29167        0.03474   1  33
        0.29167        0.05379   1  34
        0.29167        0.12392   1  35
        0.29167        0.14312   1  36
        0.29167        0.17648   1  37
        0.29167        0.22239   1  38
        0.29167        0.26234   1  39
        0.29167        0.31486   1  40
        0.29167        0.32560   1  41
        0.29167        0.36469   1  42
        0.29167        0.41056   1  43
        0.29167        0.46002   1  44
        0.29167        0.47964   1  45
        0.29167        0.48419   1  46
        0.29167        0.50986   1  47
        0.29167        0.53544   1  48
        0.29167        0.56088   1  49
        0.29167        0.62830   1  50
        0.29167        0.63632   1  51
        0.29167        0.65889   1  52
        0.29167        0.66481   1  53
        0.29167        0.67554   1  54
        0.29167        0.71569   1  55
        0.29167        0.77004   1  56
        0.29167        0.78656   1  57
        0.29167        0.85737   1  58
        0.29167        0.88418   1  59
        0.29167        0.97936   1  60
        0.29167        1.01806   1  61
        0.29167        1.05557   1  62
        0.29167        1.05600   1  63
        0.29167        1.06508   1  64
        0.29167        1.13739   1  65
        0.29167        1.19397   1  66
        0.29167        1.20809   1  67
        0.29167        1.25419   1  68
        0.29167        1.34814   1  69
        0.29167        1.35705   1  70
        0.29167        1.41336   1  71
        0.29167        1.47088   1  72
        0.29167        1.59706   1  73
        0.29167        1.60850   1  74
        0.29167        1.65189   1  75
        0.29167        1.76379   1  76
        0.33333       -0.88639   1   1
        0.33333       -0.88146   1   2
        0.33333       -0.82582   1   3
        0.33333       -0.81141   1   4
        0.33333       -0.76883   1   5
        0.33333       -0.70172   1   6
        0.33333       -0.68804   1   7
        0.33333       -0.67866   1   8
        0.33333       -0.67612   1   9
        0.33333       -0.65424   1  10
        0.33333       -0.65050   1  11
        0.33333       -0.62888   1  12
        0.33333       -0.62551   1  13
        0.33333       -0.61998   1  14
        0.33333       -0.60292   1  15
        0.33333       -0.58184   1  16
        0.33333       -0.55657   1  17
        0.33333       -0.54870   1  18
        0.33333       -0.53480   1  19
        0.33333       -0.51891   1  20
        0.33333       -0.49281   1  21
        0.33333       -0.47330   1  22
        0.33333       -0.47008   1  23
        0.33333       -0.43146   1  24
        0.33333       -0.41663   1  25
        0.33333       -0.40619   1  26
        0.33333       -0.22750   1  27
        0.33333       -0.22274   1  28
        0.33333       -0.14982   1  29
        0.33333       -0.05956   1  30
        0.33333       -0.05543   1  31
        0.33333       -0.00172   1  32
        0.33333        0.04427   1  33
        0.33333        0.06580   1  34
        0.33333        0.10180   1  35
        0.33333        0.14335   1  36
        0.33333        0.19104   1  37
        0.33333        0.20284   1  38
        0.33333        0.24434   1  39
        0.33333        0.30317   1  40
        0.33333        0.33700   1  41
        0.33333        0.34512   1  42
        0.33333        0.35986   1  43
        0.33333        0.39536   1  44
        0.33333        0.46151   1  45
        0.33333        0.48629   1  46
        0.33333        0.51172   1  47
        0.33333        0.51632   1  48
        0.33333        0.52549   1  49
        0.33333        0.59757   1  50
        0.33333        0.60561   1  51
        0.33333        0.62963   1  52
        0.33333        0.65058   1  53
        0.33333        0.66676   1  54
        0.33333        0.68871   1  55
        0.33333        0.74404   1  56
        0.33333        0.79685   1  57
        0.33333        0.82501   1  58
        0.33333        0.85249   1  59
        0.33333        0.94951   1  60
        0.33333        0.97437   1  61
        0.33333        1.02074   1  62
        0.33333        1.02098   1  63
        0.33333        1.08172   1  64
        0.33333        1.08967   1  65
        0.33333        1.19270   1  66
        0.33333        1.22982   1  67
        0.33333        1.27962   1  68
        0.33333        1.31347   1  69
        0.33333        1.38885   1  70
        0.33333        1.39257   1  71
        0.33333        1.49503   1  72
        0.33333        1.57364   1  73
        0.33333        1.60618   1  74
        0.33333        1.63290   1  75
        0.33333        1.73707   1  76
        0.37500       -0.90136   1   1
        0.37500       -0.89024   1   2
        0.37500       -0.84555   1   3
        0.37500       -0.79924   1   4
        0.37500       -0.75723   1   5
        0.37500       -0.69961   1   6
        0.37500       -0.68846   1   7
        0.37500       -0.67533   1   8
        0.37500       -0.67424   1   9
        0.37500       -0.65850   1  10
        0.37500       -0.64856   1  11
        0.37500       -0.63134   1  12
        0.37500       -0.62374   1  13
        0.37500       -0.61591   1  14
        0.37500       -0.60823   1  15
        0.37500       -0.57864   1  16
        0.37500       -0.55777   1  17
        0.37500       -0.55103   1  18
        0.37500       -0.51849   1  19
        0.37500       -0.51809   1  20
        0.37500       -0.49493   1  21
        0.37500       -0.47039   1  22
        0.37500       -0.46311   1  23
        0.37500       -0.43102   1  24
        0.37500       -0.41311   1  25
        0.37500       -0.39520   1  26
        0.37500       -0.26867   1  27
        0.37500       -0.19758   1  28
        0.37500       -0.14986   1  29
        0.37500       -0.07524   1  30
        0.37500       -0.02286   1  31
        0.37500       -0.01136   1  32
        0.37500        0.06609   1  33
        0.37500        0.07620   1  34
        0.37500        0.09261   1  35
        0.37500        0.15334   1  36
        0.37500        0.18325   1  37
        0.37500        0.20650   1  38
        0.37500        0.23381   1  39
        0.37500        0.28402   1  40
        0.37500        0.31217   1  41
        0.37500        0.32986   1  42
        0.37500        0.36019   1  43
        0.37500        0.37181   1  44
        0.37500        0.41958   1  45
        0.37500        0.43549   1  46
        0.37500        0.50311   1  47
        0.37500        0.50663   1  48
        0.37500        0.55565   1  49
        0.37500        0.56962   1  50
        0.37500        0.58633   1  51
        0.37500        0.62403   1  52
        0.37500        0.63941   1  53
        0.37500        0.66098   1  54
        0.37500        0.66246   1  55
        0.37500        0.72705   1  56
        0.37500        0.79547   1  57
        0.37500        0.81364   1  58
        0.37500        0.82899   1  59
        0.37500        0.93430   1  60
        0.37500        0.93849   1  61
        0.37500        0.96792   1  62
        0.37500        0.98085   1  63
        0.37500        1.07295   1  64
        0.37500        1.10804   1  65
        0.37500        1.15978   1  66
        0.37500        1.27130   1  67
        0.37500        1.30586   1  68
        0.37500        1.31349   1  69
        0.37500        1.36564   1  70
        0.37500        1.42563   1  71
        0.37500        1.51040   1  72
        0.37500        1.56225   1  73
        0.37500        1.59742   1  74
        0.37500        1.61774   1  75
        0.37500        1.70283   1  76
        0.41667       -0.91308   1   1
        0.41667       -0.89827   1   2
        0.41667       -0.86088   1   3
        0.41667       -0.78704   1   4
        0.41667       -0.74752   1   5
        0.41667       -0.69722   1   6
        0.41667       -0.68933   1   7
        0.41667       -0.67300   1   8
        0.41667       -0.67284   1   9
        0.41667       -0.66140   1  10
        0.41667       -0.64632   1  11
        0.41667       -0.63379   1  12
        0.41667       -0.62665   1  13
        0.41667       -0.61217   1  14
        0.41667       -0.60740   1  15
        0.41667       -0.57480   1  16
        0.41667       -0.56026   1  17
        0.41667       -0.55307   1  18
        0.41667       -0.51740   1  19
        0.41667       -0.50435   1  20
        0.41667       -0.49672   1  21
        0.41667       -0.46786   1  22
        0.41667       -0.45183   1  23
        0.41667       -0.43050   1  24
        0.41667       -0.41063   1  25
        0.41667       -0.38177   1  26
        0.41667       -0.31759   1  27
        0.41667       -0.16937   1  28
        0.41667       -0.15554   1  29
        0.41667       -0.08609   1  30
        0.41667       -0.02055   1  31
        0.41667        0.01597   1  32
        0.41667        0.04865   1  33
        0.41667        0.09476   1  34
        0.41667        0.12184   1  35
        0.41667        0.15843   1  36
        0.41667        0.16340   1  37
        0.41667        0.20648   1  38
        0.41667        0.23351   1  39
        0.41667        0.25789   1  40
        0.41667        0.30550   1  41
        0.41667        0.31382   1  42
        0.41667        0.34390   1  43
        0.41667        0.35340   1  44
        0.41667        0.41636   1  45
        0.41667        0.43014   1  46
        0.41667        0.46029   1  47
        0.41667        0.47892   1  48
        0.41667        0.54787   1  49
        0.41667        0.57828   1  50
        0.41667        0.59248   1  51
        0.41667        0.62578   1  52
        0.41667        0.63516   1  53
        0.41667        0.64515   1  54
        0.41667        0.67127   1  55
        0.41667        0.70403   1  56
        0.41667        0.78128   1  57
        0.41667        0.81157   1  58
        0.41667        0.82972   1  59
        0.41667        0.91160   1  60
        0.41667        0.91669   1  61
        0.41667        0.92715   1  62
        0.41667        0.95075   1  63
        0.41667        1.06387   1  64
        0.41667        1.13143   1  65
        0.41667        1.13193   1  66
        0.41667        1.29781   1  67
        0.41667        1.31710   1  68
        0.41667        1.34865   1  69
        0.41667        1.35630   1  70
        0.41667        1.44936   1  71
        0.41667        1.51564   1  72
        0.41667        1.55527   1  73
        0.41667        1.58610   1  74
        0.41667        1.60813   1  75
        0.41667        1.66530   1  76
        0.45833       -0.92048   1   1
        0.45833       -0.90346   1   2
        0.45833       -0.87067   1   3
        0.45833       -0.77794   1   4
        0.45833       -0.74196   1   5
        0.45833       -0.69505   1   6
        0.45833       -0.69005   1   7
        0.45833       -0.67451   1   8
        0.45833       -0.67199   1   9
        0.45833       -0.66018   1  10
        0.45833       -0.64397   1  11
        0.45833       -0.63619   1  12
        0.45833       -0.62848   1  13
        0.45833       -0.61461   1  14
        0.45833       -0.60134   1  15
        0.45833       -0.57170   1  16
        0.45833       -0.56229   1  17
        0.45833       -0.55445   1  18
        0.45833       -0.51694   1  19
        0.45833       -0.49783   1  20
        0.45833       -0.49561   1  21
        0.45833       -0.46590   1  22
        0.45833       -0.43402   1  23
        0.45833       -0.43010   1  24
        0.45833       -0.40916   1  25
        0.45833       -0.37670   1  26
        0.45833       -0.35324   1  27
        0.45833       -0.17452   1  28
        0.45833       -0.14425   1  29
        0.45833       -0.08155   1  30
        0.45833       -0.03121   1  31
        0.45833        0.03115   1  32
        0.45833        0.05703   1  33
        0.45833        0.10946   1  34
        0.45833        0.12877   1  35
        0.45833        0.15895   1  36
        0.45833        0.16985   1  37
        0.45833        0.18405   1  38
        0.45833        0.22963   1  39
        0.45833        0.25148   1  40
        0.45833        0.29978   1  41
        0.45833        0.30305   1  42
        0.45833        0.31279   1  43
        0.45833        0.36038   1  44
        0.45833        0.40252   1  45
        0.45833        0.42745   1  46
        0.45833        0.45254   1  47
        0.45833        0.46800   1  48
        0.45833        0.53284   1  49
        0.45833        0.56669   1  50
        0.45833        0.59369   1  51
        0.45833        0.62266   1  52
        0.45833        0.63523   1  53
        0.45833        0.63609   1  54
        0.45833        0.69425   1  55
        0.45833        0.71244   1  56
        0.45833        0.76468   1  57
        0.45833        0.81124   1  58
        0.45833        0.83646   1  59
        0.45833        0.85963   1  60
        0.45833        0.90623   1  61
        0.45833        0.91533   1  62
        0.45833        0.94086   1  63
        0.45833        1.04525   1  64
        0.45833        1.13170   1  65
        0.45833        1.14906   1  66
        0.45833        1.27383   1  67
        0.45833        1.36275   1  68
        0.45833        1.36531   1  69
        0.45833        1.37696   1  70
        0.45833        1.45376   1  71
        0.45833        1.51314   1  72
        0.45833        1.54891   1  73
        0.45833        1.58043   1  74
        0.45833        1.60382   1  75
        0.45833        1.63233   1  76
        0.50000       -0.92301   1   1
        0.50000       -0.90521   1   2
        0.50000       -0.87407   1   3
        0.50000       -0.77450   1   4
        0.50000       -0.74036   1   5
        0.50000       -0.69409   1   6
        0.50000       -0.69035   1   7
        0.50000       -0.67583   1   8
        0.50000       -0.67171   1   9
        0.50000       -0.65897   1  10
        0.50000       -0.64262   1  11
        0.50000       -0.63756   1  12
        0.50000       -0.62911   1  13
        0.50000       -0.61543   1  14
        0.50000       -0.59907   1  15
        0.50000       -0.57057   1  16
        0.50000       -0.56304   1  17
        0.50000       -0.55494   1  18
        0.50000       -0.51678   1  19
        0.50000       -0.49812   1  20
        0.50000       -0.49287   1  21
        0.50000       -0.46513   1  22
        0.50000       -0.42995   1  23
        0.50000       -0.41464   1  24
        0.50000       -0.40867   1  25
        0.50000       -0.39737   1  26
        0.50000       -0.35504   1  27
        0.50000       -0.18387   1  28
        0.50000       -0.13314   1  29
        0.50000       -0.07912   1  30
        0.50000       -0.03799   1  31
        0.50000        0.02689   1  32
        0.50000        0.08766   1  33
        0.50000        0.10813   1  34
        0.50000        0.11343   1  35
        0.50000        0.14967   1  36
        0.50000        0.18472   1  37
        0.50000        0.19160   1  38
        0.50000        0.22488   1  39
        0.50000        0.23382   1  40
        0.50000        0.29011   1  41
        0.50000        0.29788   1  42
        0.50000        0.32101   1  43
        0.50000        0.37244   1  44
        0.50000        0.38026   1  45
        0.50000        0.41126   1  46
        0.50000        0.46527   1  47
        0.50000        0.47777   1  48
        0.50000        0.52125   1  49
        0.50000        0.55649   1  50
        0.50000        0.59291   1  51
        0.50000        0.62107   1  52
        0.50000        0.63073   1  53
        0.50000        0.63449   1  54
        0.50000        0.69953   1  55
        0.50000        0.74518   1  56
        0.50000        0.75322   1  57
        0.50000        0.81387   1  58
        0.50000        0.81425   1  59
        0.50000        0.85010   1  60
        0.50000        0.90226   1  61
        0.50000        0.91142   1  62
        0.50000        0.93741   1  63
        0.50000        1.03661   1  64
        0.50000        1.13765   1  65
        0.50000        1.15534   1  66
        0.50000        1.26040   1  67
        0.50000        1.37116   1  68
        0.50000        1.38290   1  69
        0.50000        1.39625   1  70
        0.50000        1.44204   1  71
        0.50000        1.51188   1  72
        0.50000        1.54590   1  73
        0.50000        1.58188   1  74
        0.50000        1.60272   1  75
        0.50000        1.61681   1  76
        0.50000       -0.92301   1   1
        0.50000       -0.90521   1   2
        0.50000       -0.87407   1   3
        0.50000       -0.77450   1   4
        0.50000       -0.74036   1   5
        0.50000       -0.69409   1   6
        0.50000       -0.69035   1   7
        0.50000       -0.67583   1   8
        0.50000       -0.67171   1   9
        0.50000       -0.65897   1  10
        0.50000       -0.64262   1  11
        0.50000       -0.63756   1  12
        0.50000       -0.62911   1  13
        0.50000       -0.61543   1  14
        0.50000       -0.59907   1  15
        0.50000       -0.57057   1  16
        0.50000       -0.56304   1  17
        0.50000       -0.55494   1  18
        0.50000       -0.51678   1  19
        0.50000       -0.49812   1  20
        0.50000       -0.49287   1  21
        0.50000       -0.46513   1  22
        0.50000       -0.42995   1  23
        0.50000       -0.41464   1  24
        0.50000       -0.40867   1  25
        0.50000       -0.39737   1  26
        0.50000       -0.35504   1  27
        0.50000       -0.18387   1  28
        0.50000       -0.13314   1  29
        0.50000       -0.07912   1  30
        0.50000       -0.03799   1  31
        0.50000        0.02689   1  32
        0.50000        0.08766   1  33
        0.50000        0.10813   1  34
        0.50000        0.11343   1  35
        0.50000        0.14967   1  36
        0.50000        0.18472   1  37
        0.50000        0.19160   1  38
        0.50000        0.22488   1  39
        0.50000        0.23382   1  40
        0.50000        0.29011   1  41
        0.50000        0.29788   1  42
        0.50000        0.32101   1  43
        0.50000        0.37244   1  44
        0.50000        0.38026   1  45
        0.50000        0.41126   1  46
        0.50000        0.46527   1  47
        0.50000        0.47777   1  48
        0.50000        0.52125   1  49
        0.50000        0.55649   1  50
        0.50000        0.59291   1  51
        0.50000        0.62107   1  52
        0.50000        0.63073   1  53
        0.50000        0.63449   1  54
        0.50000        0.69953   1  55
        0.50000        0.74518   1  56
        0.50000        0.75322   1  57
        0.50000        0.81387   1  58
        0.50000        0.81425   1  59
        0.50000        0.85010   1  60
        0.50000        0.90226   1  61
        0.50000        0.91142   1  62
        0.50000        0.93741   1  63
        0.50000        1.03661   1  64
        0.50000        1.13765   1  65
        0.50000        1.15534   1  66
        0.50000        1.26040   1  67
        0.50000        1.37116   1  68
        0.50000        1.38290   1  69
        0.50000        1.39625   1  70
        0.50000        1.44204   1  71
        0.50000        1.51188   1  72
        0.50000        1.54590   1  73
        0.50000        1.58188   1  74
        0.50000        1.60272   1  75
        0.50000        1.61681   1  76
        0.54167       -0.92182   1   1
        0.54167       -0.90420   1   2
        0.54167       -0.87339   1   3
        0.54167       -0.77406   1   4
        0.54167       -0.73879   1   5
        0.54167       -0.69393   1   6
        0.54167       -0.68918   1   7
        0.54167       -0.67868   1   8
        0.54167       -0.67085   1   9
        0.54167       -0.65844   1  10
        0.54167       -0.64582   1  11
        0.54167       -0.64043   1  12
        0.54167       -0.63067   1  13
        0.54167       -0.61623   1  14
        0.54167       -0.59807   1  15
        0.54167       -0.57867   1  16
        0.54167       -0.56235   1  17
        0.54167       -0.54722   1  18
        0.54167       -0.51859   1  19
        0.54167       -0.49739   1  20
        0.54167       -0.49207   1  21
        0.54167       -0.46494   1  22
        0.54167       -0.43816   1  23
        0.54167       -0.42149   1  24
        0.54167       -0.40572   1  25
        0.54167       -0.39385   1  26
        0.54167       -0.34283   1  27
        0.54167       -0.18168   1  28
        0.54167       -0.13138   1  29
        0.54167       -0.07526   1  30
        0.54167       -0.03522   1  31
        0.54167        0.03048   1  32
        0.54167        0.09018   1  33
        0.54167        0.11008   1  34
        0.54167        0.11523   1  35
        0.54167        0.15205   1  36
        0.54167        0.18700   1  37
        0.54167        0.19319   1  38
        0.54167        0.22673   1  39
        0.54167        0.23629   1  40
        0.54167        0.29186   1  41
        0.54167        0.30107   1  42
        0.54167        0.32424   1  43
        0.54167        0.37514   1  44
        0.54167        0.38216   1  45
        0.54167        0.41232   1  46
        0.54167        0.46579   1  47
        0.54167        0.48322   1  48
        0.54167        0.52206   1  49
        0.54167        0.55625   1  50
        0.54167        0.58547   1  51
        0.54167        0.61697   1  52
        0.54167        0.62838   1  53
        0.54167        0.63297   1  54
        0.54167        0.69609   1  55
        0.54167        0.70956   1  56
        0.54167        0.75560   1  57
        0.54167        0.78533   1  58
        0.54167        0.83165   1  59
        0.54167        0.83634   1  60
        0.54167        0.90972   1  61
        0.54167        0.91945   1  62
        0.54167        0.94750   1  63
        0.54167        1.03342   1  64
        0.54167        1.12247   1  65
        0.54167        1.14961   1  66
        0.54167        1.24973   1  67
        0.54167        1.33869   1  68
        0.54167        1.38111   1  69
        0.54167        1.39059   1  70
        0.54167        1.42729   1  71
        0.54167        1.49324   1  72
        0.54167        1.53625   1  73
        0.54167        1.56727   1  74
        0.54167        1.59482   1  75
        0.54167        1.60632   1  76
        0.58333       -0.91829   1   1
        0.58333       -0.90124   1   2
        0.58333       -0.87141   1   3
        0.58333       -0.77287   1   4
        0.58333       -0.73421   1   5
        0.58333       -0.69351   1   6
        0.58333       -0.68992   1   7
        0.58333       -0.68207   1   8
        0.58333       -0.66994   1   9
        0.58333       -0.65769   1  10
        0.58333       -0.65485   1  11
        0.58333       -0.64715   1  12
        0.58333       -0.63434   1  13
        0.58333       -0.61841   1  14
        0.58333       -0.59559   1  15
        0.58333       -0.59149   1  16
        0.58333       -0.56048   1  17
        0.58333       -0.53571   1  18
        0.58333       -0.52311   1  19
        0.58333       -0.49526   1  20
        0.58333       -0.49053   1  21
        0.58333       -0.46507   1  22
        0.58333       -0.44939   1  23
        0.58333       -0.44246   1  24
        0.58333       -0.39131   1  25
        0.58333       -0.38954   1  26
        0.58333       -0.31741   1  27
        0.58333       -0.17521   1  28
        0.58333       -0.12621   1  29
        0.58333       -0.06327   1  30
        0.58333       -0.02617   1  31
        0.58333        0.04049   1  32
        0.58333        0.09801   1  33
        0.58333        0.11567   1  34
        0.58333        0.12064   1  35
        0.58333        0.15918   1  36
        0.58333        0.19364   1  37
        0.58333        0.19774   1  38
        0.58333        0.23230   1  39
        0.58333        0.24367   1  40
        0.58333        0.29695   1  41
        0.58333        0.30901   1  42
        0.58333        0.33440   1  43
        0.58333        0.37886   1  44
        0.58333        0.39090   1  45
        0.58333        0.41410   1  46
        0.58333        0.46765   1  47
        0.58333        0.49819   1  48
        0.58333        0.52317   1  49
        0.58333        0.54198   1  50
        0.58333        0.57506   1  51
        0.58333        0.60406   1  52
        0.58333        0.61204   1  53
        0.58333        0.63613   1  54
        0.58333        0.64164   1  55
        0.58333        0.68042   1  56
        0.58333        0.75677   1  57
        0.58333        0.76024   1  58
        0.58333        0.78823   1  59
        0.58333        0.85034   1  60
        0.58333        0.90233   1  61
        0.58333        0.93495   1  62
        0.58333        0.97331   1  63
        0.58333        1.02570   1  64
        0.58333        1.07084   1  65
        0.58333        1.13830   1  66
        0.58333        1.22182   1  67
        0.58333        1.28136   1  68
        0.58333        1.32575   1  69
        0.58333        1.36976   1  70
        0.58333        1.38363   1  71
        0.58333        1.44675   1  72
        0.58333        1.48092   1  73
        0.58333        1.53575   1  74
        0.58333        1.54273   1  75
        0.58333        1.59939   1  76
        0.62500       -0.91256   1   1
        0.62500       -0.89652   1   2
        0.62500       -0.86836   1   3
        0.62500       -0.77138   1   4
        0.62500       -0.72689   1   5
        0.62500       -0.70150   1   6
        0.62500       -0.69302   1   7
        0.62500       -0.67648   1   8
        0.62500       -0.67400   1   9
        0.62500       -0.66818   1  10
        0.62500       -0.66017   1  11
        0.62500       -0.64940   1  12
        0.62500       -0.63765   1  13
        0.62500       -0.62147   1  14
        0.62500       -0.60457   1  15
        0.62500       -0.59220   1  16
        0.62500       -0.55841   1  17
        0.62500       -0.52881   1  18
        0.62500       -0.52479   1  19
        0.62500       -0.49199   1  20
        0.62500       -0.48966   1  21
        0.62500       -0.46848   1  22
        0.62500       -0.46310   1  23
        0.62500       -0.45541   1  24
        0.62500       -0.38370   1  25
        0.62500       -0.37653   1  26
        0.62500       -0.28756   1  27
        0.62500       -0.16481   1  28
        0.62500       -0.11786   1  29
        0.62500       -0.04450   1  30
        0.62500       -0.01190   1  31
        0.62500        0.05566   1  32
        0.62500        0.11105   1  33
        0.62500        0.12339   1  34
        0.62500        0.12990   1  35
        0.62500        0.17112   1  36
        0.62500        0.20379   1  37
        0.62500        0.20491   1  38
        0.62500        0.24145   1  39
        0.62500        0.25583   1  40
        0.62500        0.30481   1  41
        0.62500        0.31904   1  42
        0.62500        0.35132   1  43
        0.62500        0.38108   1  44
        0.62500        0.40597   1  45
        0.62500        0.41241   1  46
        0.62500        0.47172   1  47
        0.62500        0.49938   1  48
        0.62500        0.51634   1  49
        0.62500        0.51731   1  50
        0.62500        0.55879   1  51
        0.62500        0.57302   1  52
        0.62500        0.59014   1  53
        0.62500        0.59782   1  54
        0.62500        0.64735   1  55
        0.62500        0.64803   1  56
        0.62500        0.72081   1  57
        0.62500        0.73946   1  58
        0.62500        0.78341   1  59
        0.62500        0.85503   1  60
        0.62500        0.88439   1  61
        0.62500        0.93995   1  62
        0.62500        0.97724   1  63
        0.62500        0.99117   1  64
        0.62500        1.01514   1  65
        0.62500        1.11706   1  66
        0.62500        1.17832   1  67
        0.62500        1.20668   1  68
        0.62500        1.22746   1  69
        0.62500        1.31042   1  70
        0.62500        1.31776   1  71
        0.62500        1.36166   1  72
        0.62500        1.39356   1  73
        0.62500        1.46445   1  74
        0.62500        1.48730   1  75
        0.62500        1.58303   1  76
        0.66667       -0.90491   1   1
        0.66667       -0.89043   1   2
        0.66667       -0.86460   1   3
        0.66667       -0.77037   1   4
        0.66667       -0.71737   1   5
        0.66667       -0.71684   1   6
        0.66667       -0.69322   1   7
        0.66667       -0.68776   1   8
        0.66667       -0.68326   1   9
        0.66667       -0.66746   1  10
        0.66667       -0.66109   1  11
        0.66667       -0.64994   1  12
        0.66667       -0.63627   1  13
        0.66667       -0.62489   1  14
        0.66667       -0.61709   1  15
        0.66667       -0.58761   1  16
        0.66667       -0.55750   1  17
        0.66667       -0.53448   1  18
        0.66667       -0.51484   1  19
        0.66667       -0.49069   1  20
        0.66667       -0.48817   1  21
        0.66667       -0.48078   1  22
        0.66667       -0.47414   1  23
        0.66667       -0.45576   1  24
        0.66667       -0.37549   1  25
        0.66667       -0.36278   1  26
        0.66667       -0.25552   1  27
        0.66667       -0.15096   1  28
        0.66667       -0.10660   1  29
        0.66667       -0.02126   1  30
        0.66667        0.00537   1  31
        0.66667        0.07423   1  32
        0.66667        0.12889   1  33
        0.66667        0.13076   1  34
        0.66667        0.14336   1  35
        0.66667        0.18819   1  36
        0.66667        0.21480   1  37
        0.66667        0.21582   1  38
        0.66667        0.25371   1  39
        0.66667        0.27251   1  40
        0.66667        0.31467   1  41
        0.66667        0.33009   1  42
        0.66667        0.37189   1  43
        0.66667        0.38213   1  44
        0.66667        0.40259   1  45
        0.66667        0.42274   1  46
        0.66667        0.44663   1  47
        0.66667        0.46933   1  48
        0.66667        0.47991   1  49
        0.66667        0.51732   1  50
        0.66667        0.54115   1  51
        0.66667        0.54453   1  52
        0.66667        0.58223   1  53
        0.66667        0.58777   1  54
        0.66667        0.62191   1  55
        0.66667        0.63758   1  56
        0.66667        0.68894   1  57
        0.66667        0.73222   1  58
        0.66667        0.80336   1  59
        0.66667        0.83929   1  60
        0.66667        0.86177   1  61
        0.66667        0.88986   1  62
        0.66667        0.90699   1  63
        0.66667        0.98046   1  64
        0.66667        0.99485   1  65
        0.66667        1.06927   1  66
        0.66667        1.11260   1  67
        0.66667        1.12281   1  68
        0.66667        1.13084   1  69
        0.66667        1.23415   1  70
        0.66667        1.24460   1  71
        0.66667        1.24653   1  72
        0.66667        1.31512   1  73
        0.66667        1.38772   1  74
        0.66667        1.42454   1  75
        0.66667        1.55410   1  76
        0.70833       -0.89579   1   1
        0.70833       -0.88358   1   2
        0.70833       -0.86060   1   3
        0.70833       -0.77113   1   4
        0.70833       -0.73322   1   5
        0.70833       -0.70788   1   6
        0.70833       -0.70360   1   7
        0.70833       -0.70068   1   8
        0.70833       -0.69020   1   9
        0.70833       -0.66273   1  10
        0.70833       -0.65585   1  11
        0.70833       -0.65291   1  12
        0.70833       -0.63105   1  13
        0.70833       -0.62944   1  14
        0.70833       -0.62730   1  15
        0.70833       -0.58058   1  16
        0.70833       -0.55950   1  17
        0.70833       -0.53912   1  18
        0.70833       -0.50585   1  19
        0.70833       -0.49432   1  20
        0.70833       -0.49431   1  21
        0.70833       -0.48363   1  22
        0.70833       -0.47726   1  23
        0.70833       -0.45495   1  24
        0.70833       -0.36502   1  25
        0.70833       -0.34966   1  26
        0.70833       -0.22202   1  27
        0.70833       -0.13415   1  28
        0.70833       -0.09281   1  29
        0.70833        0.00597   1  30
        0.70833        0.02598   1  31
        0.70833        0.09242   1  32
        0.70833        0.13660   1  33
        0.70833        0.15180   1  34
        0.70833        0.16082   1  35
        0.70833        0.21100   1  36
        0.70833        0.22734   1  37
        0.70833        0.22810   1  38
        0.70833        0.26825   1  39
        0.70833        0.29299   1  40
        0.70833        0.32618   1  41
        0.70833        0.34120   1  42
        0.70833        0.36778   1  43
        0.70833        0.38147   1  44
        0.70833        0.39350   1  45
        0.70833        0.39951   1  46
        0.70833        0.41392   1  47
        0.70833        0.45153   1  48
        0.70833        0.47128   1  49
        0.70833        0.50828   1  50
        0.70833        0.51212   1  51
        0.70833        0.52668   1  52
        0.70833        0.57775   1  53
        0.70833        0.58008   1  54
        0.70833        0.61900   1  55
        0.70833        0.62424   1  56
        0.70833        0.70221   1  57
        0.70833        0.72907   1  58
        0.70833        0.79555   1  59
        0.70833        0.80339   1  60
        0.70833        0.83011   1  61
        0.70833        0.84130   1  62
        0.70833        0.84311   1  63
        0.70833        0.94825   1  64
        0.70833        0.95500   1  65
        0.70833        1.03146   1  66
        0.70833        1.03285   1  67
        0.70833        1.06017   1  68
        0.70833        1.06377   1  69
        0.70833        1.14637   1  70
        0.70833        1.15479   1  71
        0.70833        1.20600   1  72
        0.70833        1.25790   1  73
        0.70833        1.32460   1  74
        0.70833        1.35571   1  75
        0.70833        1.51698   1  76
        0.75000       -0.88597   1   1
        0.75000       -0.87690   1   2
        0.75000       -0.85669   1   3
        0.75000       -0.77517   1   4
        0.75000       -0.74887   1   5
        0.75000       -0.71752   1   6
        0.75000       -0.71692   1   7
        0.75000       -0.69542   1   8
        0.75000       -0.68934   1   9
        0.75000       -0.66400   1  10
        0.75000       -0.65570   1  11
        0.75000       -0.64509   1  12
        0.75000       -0.63872   1  13
        0.75000       -0.63059   1  14
        0.75000       -0.62691   1  15
        0.75000       -0.56973   1  16
        0.75000       -0.56569   1  17
        0.75000       -0.54169   1  18
        0.75000       -0.50234   1  19
        0.75000       -0.49897   1  20
        0.75000       -0.49656   1  21
        0.75000       -0.48004   1  22
        0.75000       -0.47813   1  23
        0.75000       -0.45463   1  24
        0.75000       -0.35295   1  25
        0.75000       -0.33635   1  26
        0.75000       -0.18730   1  27
        0.75000       -0.11485   1  28
        0.75000       -0.07700   1  29
        0.75000        0.03644   1  30
        0.75000        0.05080   1  31
        0.75000        0.10328   1  32
        0.75000        0.14319   1  33
        0.75000        0.17911   1  34
        0.75000        0.18217   1  35
        0.75000        0.23481   1  36
        0.75000        0.24035   1  37
        0.75000        0.24356   1  38
        0.75000        0.28319   1  39
        0.75000        0.30383   1  40
        0.75000        0.32578   1  41
        0.75000        0.33114   1  42
        0.75000        0.34738   1  43
        0.75000        0.35624   1  44
        0.75000        0.38195   1  45
        0.75000        0.39048   1  46
        0.75000        0.42584   1  47
        0.75000        0.43614   1  48
        0.75000        0.46527   1  49
        0.75000        0.47911   1  50
        0.75000        0.51442   1  51
        0.75000        0.51798   1  52
        0.75000        0.57019   1  53
        0.75000        0.58070   1  54
        0.75000        0.62709   1  55
        0.75000        0.63427   1  56
        0.75000        0.72033   1  57
        0.75000        0.72349   1  58
        0.75000        0.75102   1  59
        0.75000        0.75251   1  60
        0.75000        0.76996   1  61
        0.75000        0.80678   1  62
        0.75000        0.86362   1  63
        0.75000        0.87878   1  64
        0.75000        0.91350   1  65
        0.75000        0.95239   1  66
        0.75000        0.99283   1  67
        0.75000        1.01902   1  68
        0.75000        1.02013   1  69
        0.75000        1.08504   1  70
        0.75000        1.09940   1  71
        0.75000        1.17694   1  72
        0.75000        1.21784   1  73
        0.75000        1.26914   1  74
        0.75000        1.28758   1  75
        0.75000        1.48091   1  76
        0.79167       -0.87712   1   1
        0.79167       -0.87169   1   2
        0.79167       -0.85249   1   3
        0.79167       -0.78281   1   4
        0.79167       -0.76216   1   5
        0.79167       -0.72913   1   6
        0.79167       -0.72544   1   7
        0.79167       -0.69398   1   8
        0.79167       -0.68192   1   9
        0.79167       -0.66663   1  10
        0.79167       -0.65719   1  11
        0.79167       -0.64558   1  12
        0.79167       -0.63539   1  13
        0.79167       -0.63260   1  14
        0.79167       -0.62527   1  15
        0.79167       -0.57533   1  16
        0.79167       -0.55531   1  17
        0.79167       -0.54106   1  18
        0.79167       -0.50445   1  19
        0.79167       -0.50274   1  20
        0.79167       -0.48854   1  21
        0.79167       -0.47819   1  22
        0.79167       -0.47708   1  23
        0.79167       -0.45539   1  24
        0.79167       -0.33941   1  25
        0.79167       -0.32368   1  26
        0.79167       -0.15166   1  27
        0.79167       -0.09328   1  28
        0.79167       -0.06005   1  29
        0.79167        0.06748   1  30
        0.79167        0.07924   1  31
        0.79167        0.10008   1  32
        0.79167        0.15460   1  33
        0.79167        0.20522   1  34
        0.79167        0.20705   1  35
        0.79167        0.23511   1  36
        0.79167        0.24755   1  37
        0.79167        0.25374   1  38
        0.79167        0.27553   1  39
        0.79167        0.29134   1  40
        0.79167        0.30563   1  41
        0.79167        0.34527   1  42
        0.79167        0.36250   1  43
        0.79167        0.36473   1  44
        0.79167        0.38461   1  45
        0.79167        0.39097   1  46
        0.79167        0.39775   1  47
        0.79167        0.40822   1  48
        0.79167        0.46363   1  49
        0.79167        0.50242   1  50
        0.79167        0.52148   1  51
        0.79167        0.53169   1  52
        0.79167        0.55697   1  53
        0.79167        0.57062   1  54
        0.79167        0.63871   1  55
        0.79167        0.63991   1  56
        0.79167        0.68712   1  57
        0.79167        0.70539   1  58
        0.79167        0.71704   1  59
        0.79167        0.72427   1  60
        0.79167        0.76451   1  61
        0.79167        0.77702   1  62
        0.79167        0.80725   1  63
        0.79167        0.85655   1  64
        0.79167        0.88767   1  65
        0.79167        0.89070   1  66
        0.79167        0.91596   1  67
        0.79167        0.97072   1  68
        0.79167        0.97706   1  69
        0.79167        1.04140   1  70
        0.79167        1.07602   1  71
        0.79167        1.14167   1  72
        0.79167        1.18607   1  73
        0.79167        1.22204   1  74
        0.79167        1.22650   1  75
        0.79167        1.45432   1  76
        0.83333       -0.87197   1   1
        0.83333       -0.86928   1   2
        0.83333       -0.84631   1   3
        0.83333       -0.79283   1   4
        0.83333       -0.77049   1   5
        0.83333       -0.73706   1   6
        0.83333       -0.73027   1   7
        0.83333       -0.69595   1   8
        0.83333       -0.67659   1   9
        0.83333       -0.66974   1  10
        0.83333       -0.65791   1  11
        0.83333       -0.64706   1  12
        0.83333       -0.63351   1  13
        0.83333       -0.62906   1  14
        0.83333       -0.62452   1  15
        0.83333       -0.58634   1  16
        0.83333       -0.54001   1  17
        0.83333       -0.53589   1  18
        0.83333       -0.50474   1  19
        0.83333       -0.50405   1  20
        0.83333       -0.48053   1  21
        0.83333       -0.47807   1  22
        0.83333       -0.47487   1  23
        0.83333       -0.45755   1  24
        0.83333       -0.32456   1  25
        0.83333       -0.31252   1  26
        0.83333       -0.11556   1  27
        0.83333       -0.06926   1  28
        0.83333       -0.04329   1  29
        0.83333        0.08545   1  30
        0.83333        0.09701   1  31
        0.83333        0.11024   1  32
        0.83333        0.16778   1  33
        0.83333        0.18675   1  34
        0.83333        0.21597   1  35
        0.83333        0.22167   1  36
        0.83333        0.23607   1  37
        0.83333        0.25836   1  38
        0.83333        0.29642   1  39
        0.83333        0.31319   1  40
        0.83333        0.31734   1  41
        0.83333        0.35222   1  42
        0.83333        0.35462   1  43
        0.83333        0.36068   1  44
        0.83333        0.38405   1  45
        0.83333        0.39609   1  46
        0.83333        0.40349   1  47
        0.83333        0.41460   1  48
        0.83333        0.49265   1  49
        0.83333        0.50754   1  50
        0.83333        0.50970   1  51
        0.83333        0.54233   1  52
        0.83333        0.54979   1  53
        0.83333        0.56384   1  54
        0.83333        0.62201   1  55
        0.83333        0.64105   1  56
        0.83333        0.65543   1  57
        0.83333        0.67479   1  58
        0.83333        0.68776   1  59
        0.83333        0.71314   1  60
        0.83333        0.72669   1  61
        0.83333        0.76221   1  62
        0.83333        0.79423   1  63
        0.83333        0.81049   1  64
        0.83333        0.82994   1  65
        0.83333        0.83784   1  66
        0.83333        0.88025   1  67
        0.83333        0.93927   1  68
        0.83333        0.94191   1  69
        0.83333        0.99491   1  70
        0.83333        1.02217   1  71
        0.83333        1.12123   1  72
        0.83333        1.15965   1  73
        0.83333        1.17787   1  74
        0.83333        1.18414   1  75
        0.83333        1.43845   1  76
        0.87500       -0.87137   1   1
        0.87500       -0.86994   1   2
        0.87500       -0.83773   1   3
        0.87500       -0.80349   1   4
        0.87500       -0.77217   1   5
        0.87500       -0.74128   1   6
        0.87500       -0.73372   1   7
        0.87500       -0.69912   1   8
        0.87500       -0.67690   1   9
        0.87500       -0.67285   1  10
        0.87500       -0.65815   1  11
        0.87500       -0.64269   1  12
        0.87500       -0.63307   1  13
        0.87500       -0.62866   1  14
        0.87500       -0.62160   1  15
        0.87500       -0.59709   1  16
        0.87500       -0.52938   1  17
        0.87500       -0.52435   1  18
        0.87500       -0.50387   1  19
        0.87500       -0.50260   1  20
        0.87500       -0.47811   1  21
        0.87500       -0.47371   1  22
        0.87500       -0.47276   1  23
        0.87500       -0.46119   1  24
        0.87500       -0.30977   1  25
        0.87500       -0.30218   1  26
        0.87500       -0.08004   1  27
        0.87500       -0.04277   1  28
        0.87500       -0.02838   1  29
        0.87500        0.06564   1  30
        0.87500        0.12360   1  31
        0.87500        0.13909   1  32
        0.87500        0.14099   1  33
        0.87500        0.17474   1  34
        0.87500        0.19767   1  35
        0.87500        0.20209   1  36
        0.87500        0.26539   1  37
        0.87500        0.28529   1  38
        0.87500        0.30572   1  39
        0.87500        0.31334   1  40
        0.87500        0.33242   1  41
        0.87500        0.34942   1  42
        0.87500        0.35453   1  43
        0.87500        0.36449   1  44
        0.87500        0.40384   1  45
        0.87500        0.41772   1  46
        0.87500        0.42185   1  47
        0.87500        0.44580   1  48
        0.87500        0.48119   1  49
        0.87500        0.48394   1  50
        0.87500        0.52098   1  51
        0.87500        0.52221   1  52
        0.87500        0.54838   1  53
        0.87500        0.58991   1  54
        0.87500        0.59506   1  55
        0.87500        0.61526   1  56
        0.87500        0.64133   1  57
        0.87500        0.65379   1  58
        0.87500        0.67129   1  59
        0.87500        0.67484   1  60
        0.87500        0.71656   1  61
        0.87500        0.73806   1  62
        0.87500        0.75397   1  63
        0.87500        0.76655   1  64
        0.87500        0.79973   1  65
        0.87500        0.81636   1  66
        0.87500        0.84754   1  67
        0.87500        0.91061   1  68
        0.87500        0.93210   1  69
        0.87500        0.95096   1  70
        0.87500        0.96535   1  71
        0.87500        1.10927   1  72
        0.87500        1.13689   1  73
        0.87500        1.14525   1  74
        0.87500        1.15066   1  75
        0.87500        1.42976   1  76
        0.91667       -0.87308   1   1
        0.91667       -0.87238   1   2
        0.91667       -0.82908   1   3
        0.91667       -0.81253   1   4
        0.91667       -0.76898   1   5
        0.91667       -0.74278   1   6
        0.91667       -0.73722   1   7
        0.91667       -0.70278   1   8
        0.91667       -0.67935   1   9
        0.91667       -0.67562   1  10
        0.91667       -0.65807   1  11
        0.91667       -0.63704   1  12
        0.91667       -0.63105   1  13
        0.91667       -0.62997   1  14
        0.91667       -0.61946   1  15
        0.91667       -0.60667   1  16
        0.91667       -0.52061   1  17
        0.91667       -0.51514   1  18
        0.91667       -0.50106   1  19
        0.91667       -0.49817   1  20
        0.91667       -0.47874   1  21
        0.91667       -0.47242   1  22
        0.91667       -0.46696   1  23
        0.91667       -0.46590   1  24
        0.91667       -0.29688   1  25
        0.91667       -0.29273   1  26
        0.91667       -0.04856   1  27
        0.91667       -0.01647   1  28
        0.91667       -0.01432   1  29
        0.91667        0.04748   1  30
        0.91667        0.09512   1  31
        0.91667        0.14552   1  32
        0.91667        0.15787   1  33
        0.91667        0.15928   1  34
        0.91667        0.19401   1  35
        0.91667        0.20044   1  36
        0.91667        0.28258   1  37
        0.91667        0.29254   1  38
        0.91667        0.32547   1  39
        0.91667        0.32787   1  40
        0.91667        0.34044   1  41
        0.91667        0.34726   1  42
        0.91667        0.35792   1  43
        0.91667        0.39298   1  44
        0.91667        0.41035   1  45
        0.91667        0.42486   1  46
        0.91667        0.44723   1  47
        0.91667        0.44970   1  48
        0.91667        0.46046   1  49
        0.91667        0.49816   1  50
        0.91667        0.51242   1  51
        0.91667        0.53385   1  52
        0.91667        0.54329   1  53
        0.91667        0.56300   1  54
        0.91667        0.56344   1  55
        0.91667        0.62817   1  56
        0.91667        0.62898   1  57
        0.91667        0.63401   1  58
        0.91667        0.66485   1  59
        0.91667        0.66569   1  60
        0.91667        0.68721   1  61
        0.91667        0.70407   1  62
        0.91667        0.71863   1  63
        0.91667        0.74034   1  64
        0.91667        0.78345   1  65
        0.91667        0.78529   1  66
        0.91667        0.84310   1  67
        0.91667        0.88749   1  68
        0.91667        0.88902   1  69
        0.91667        0.92022   1  70
        0.91667        0.97976   1  71
        0.91667        1.08210   1  72
        0.91667        1.11310   1  73
        0.91667        1.12970   1  74
        0.91667        1.13139   1  75
        0.91667        1.42567   1  76
        0.95833       -0.87492   1   1
        0.95833       -0.87474   1   2
        0.95833       -0.82275   1   3
        0.95833       -0.81841   1   4
        0.95833       -0.76411   1   5
        0.95833       -0.74292   1   6
        0.95833       -0.74088   1   7
        0.95833       -0.70586   1   8
        0.95833       -0.68135   1   9
        0.95833       -0.67760   1  10
        0.95833       -0.65788   1  11
        0.95833       -0.63302   1  12
        0.95833       -0.63105   1  13
        0.95833       -0.62787   1  14
        0.95833       -0.61858   1  15
        0.95833       -0.61443   1  16
        0.95833       -0.51729   1  17
        0.95833       -0.50563   1  18
        0.95833       -0.49996   1  19
        0.95833       -0.49163   1  20
        0.95833       -0.48090   1  21
        0.95833       -0.47188   1  22
        0.95833       -0.46995   1  23
        0.95833       -0.46284   1  24
        0.95833       -0.28752   1  25
        0.95833       -0.28616   1  26
        0.95833       -0.03014   1  27
        0.95833       -0.00646   1  28
        0.95833        0.01499   1  29
        0.95833        0.03867   1  30
        0.95833        0.06528   1  31
        0.95833        0.12738   1  32
        0.95833        0.14055   1  33
        0.95833        0.16899   1  34
        0.95833        0.21158   1  35
        0.95833        0.21354   1  36
        0.95833        0.27618   1  37
        0.95833        0.30983   1  38
        0.95833        0.33841   1  39
        0.95833        0.34155   1  40
        0.95833        0.34157   1  41
        0.95833        0.35241   1  42
        0.95833        0.37769   1  43
        0.95833        0.39733   1  44
        0.95833        0.40035   1  45
        0.95833        0.40643   1  46
        0.95833        0.45724   1  47
        0.95833        0.46163   1  48
        0.95833        0.48162   1  49
        0.95833        0.50216   1  50
        0.95833        0.51304   1  51
        0.95833        0.54157   1  52
        0.95833        0.54239   1  53
        0.95833        0.54599   1  54
        0.95833        0.55939   1  55
        0.95833        0.59629   1  56
        0.95833        0.60615   1  57
        0.95833        0.62834   1  58
        0.95833        0.64458   1  59
        0.95833        0.65810   1  60
        0.95833        0.68110   1  61
        0.95833        0.68486   1  62
        0.95833        0.72057   1  63
        0.95833        0.72675   1  64
        0.95833        0.75212   1  65
        0.95833        0.78207   1  66
        0.95833        0.81494   1  67
        0.95833        0.88316   1  68
        0.95833        0.89255   1  69
        0.95833        0.89993   1  70
        0.95833        0.97324   1  71
        0.95833        1.07237   1  72
        0.95833        1.09720   1  73
        0.95833        1.11187   1  74
        0.95833        1.12518   1  75
        0.95833        1.42471   1  76
        1.00000       -0.87567   1   1
        1.00000       -0.87567   1   2
        1.00000       -0.82043   1   3
        1.00000       -0.82043   1   4
        1.00000       -0.76153   1   5
        1.00000       -0.74282   1   6
        1.00000       -0.74282   1   7
        1.00000       -0.70709   1   8
        1.00000       -0.68208   1   9
        1.00000       -0.67833   1  10
        1.00000       -0.65778   1  11
        1.00000       -0.63144   1  12
        1.00000       -0.63144   1  13
        1.00000       -0.62564   1  14
        1.00000       -0.61836   1  15
        1.00000       -0.61836   1  16
        1.00000       -0.51674   1  17
        1.00000       -0.49957   1  18
        1.00000       -0.49957   1  19
        1.00000       -0.49034   1  20
        1.00000       -0.48267   1  21
        1.00000       -0.47172   1  22
        1.00000       -0.47128   1  23
        1.00000       -0.46136   1  24
        1.00000       -0.28393   1  25
        1.00000       -0.28393   1  26
        1.00000       -0.02632   1  27
        1.00000       -0.00191   1  28
        1.00000        0.03878   1  29
        1.00000        0.03878   1  30
        1.00000        0.04535   1  31
        1.00000        0.11385   1  32
        1.00000        0.13197   1  33
        1.00000        0.17279   1  34
        1.00000        0.22224   1  35
        1.00000        0.22224   1  36
        1.00000        0.26698   1  37
        1.00000        0.32807   1  38
        1.00000        0.33905   1  39
        1.00000        0.33905   1  40
        1.00000        0.35379   1  41
        1.00000        0.35496   1  42
        1.00000        0.36770   1  43
        1.00000        0.36770   1  44
        1.00000        0.43096   1  45
        1.00000        0.43096   1  46
        1.00000        0.43766   1  47
        1.00000        0.46054   1  48
        1.00000        0.48659   1  49
        1.00000        0.48659   1  50
        1.00000        0.51885   1  51
        1.00000        0.53994   1  52
        1.00000        0.54660   1  53
        1.00000        0.57757   1  54
        1.00000        0.57757   1  55
        1.00000        0.58312   1  56
        1.00000        0.59811   1  57
        1.00000        0.59811   1  58
        1.00000        0.60855   1  59
        1.00000        0.62756   1  60
        1.00000        0.70873   1  61
        1.00000        0.72208   1  62
        1.00000        0.72208   1  63
        1.00000        0.72679   1  64
        1.00000        0.73345   1  65
        1.00000        0.73345   1  66
        1.00000        0.83892   1  67
        1.00000        0.88250   1  68
        1.00000        0.88250   1  69
        1.00000        0.89188   1  70
        1.00000        0.96280   1  71
        1.00000        1.08861   1  72
        1.00000        1.09174   1  73
        1.00000        1.09174   1  74
        1.00000        1.12329   1  75
        1.00000        1.42480   1  76
        1.00000       -0.87567   1   1
        1.00000       -0.87567   1   2
        1.00000       -0.82043   1   3
        1.00000       -0.82043   1   4
        1.00000       -0.76153   1   5
        1.00000       -0.74282   1   6
        1.00000       -0.74282   1   7
        1.00000       -0.70709   1   8
        1.00000       -0.68208   1   9
        1.00000       -0.67833   1  10
        1.00000       -0.65778   1  11
        1.00000       -0.63144   1  12
        1.00000       -0.63144   1  13
        1.00000       -0.62564   1  14
        1.00000       -0.61836   1  15
        1.00000       -0.61836   1  16
        1.00000       -0.51674   1  17
        1.00000       -0.49957   1  18
        1.00000       -0.49957   1  19
        1.00000       -0.49034   1  20
        1.00000       -0.48267   1  21
        1.00000       -0.47172   1  22
        1.00000       -0.47128   1  23
        1.00000       -0.46136   1  24
        1.00000       -0.28393   1  25
        1.00000       -0.28393   1  26
        1.00000       -0.02632   1  27
        1.00000       -0.00191   1  28
        1.00000        0.03878   1  29
        1.00000        0.03878   1  30
        1.00000        0.04535   1  31
        1.00000        0.11385   1  32
        1.00000        0.13197   1  33
        1.00000        0.17279   1  34
        1.00000        0.22224   1  35
        1.00000        0.22224   1  36
        1.00000        0.26698   1  37
        1.00000        0.32807   1  38
        1.00000        0.33905   1  39
        1.00000        0.33905   1  40
        1.00000        0.35379   1  41
        1.00000        0.35496   1  42
        1.00000        0.36770   1  43
        1.00000        0.36770   1  44
        1.00000        0.43096   1  45
        1.00000        0.43096   1  46
        1.00000        0.43766   1  47
        1.00000        0.46054   1  48
        1.00000        0.48659   1  49
        1.00000        0.48659   1  50
        1.00000        0.51885   1  51
        1.00000        0.53994   1  52
        1.00000        0.54660   1  53
        1.00000        0.57757   1  54
        1.00000        0.57757   1  55
        1.00000        0.58312   1  56
        1.00000        0.59811   1  57
        1.00000        0.59811   1  58
        1.00000        0.60855   1  59
        1.00000        0.62756   1  60
        1.00000        0.70873   1  61
        1.00000        0.72208   1  62
        1.00000        0.72208   1  63
        1.00000        0.72679   1  64
        1.00000        0.73345   1  65
        1.00000        0.73345   1  66
        1.00000        0.83892   1  67
        1.00000        0.88250   1  68
        1.00000        0.88250   1  69
        1.00000        0.89188   1  70
        1.00000        0.96280   1  71
        1.00000        1.08861   1  72
        1.00000        1.09174   1  73
        1.00000        1.09174   1  74
        1.00000        1.12329   1  75
        1.00000        1.42480   1  76
        1.03928       -0.87516   1   1
        1.03928       -0.87462   1   2
        1.03928       -0.82165   1   3
        1.03928       -0.81949   1   4
        1.03928       -0.76403   1   5
        1.03928       -0.74204   1   6
        1.03928       -0.74182   1   7
        1.03928       -0.70600   1   8
        1.03928       -0.68146   1   9
        1.03928       -0.67766   1  10
        1.03928       -0.65786   1  11
        1.03928       -0.63236   1  12
        1.03928       -0.63162   1  13
        1.03928       -0.62766   1  14
        1.03928       -0.61825   1  15
        1.03928       -0.61508   1  16
        1.03928       -0.51717   1  17
        1.03928       -0.50362   1  18
        1.03928       -0.50200   1  19
        1.03928       -0.49121   1  20
        1.03928       -0.48063   1  21
        1.03928       -0.47186   1  22
        1.03928       -0.47030   1  23
        1.03928       -0.46254   1  24
        1.03928       -0.29450   1  25
        1.03928       -0.27833   1  26
        1.03928       -0.03153   1  27
        1.03928       -0.00732   1  28
        1.03928        0.02098   1  29
        1.03928        0.04086   1  30
        1.03928        0.06061   1  31
        1.03928        0.12403   1  32
        1.03928        0.14096   1  33
        1.03928        0.16934   1  34
        1.03928        0.20599   1  35
        1.03928        0.22384   1  36
        1.03928        0.27337   1  37
        1.03928        0.30802   1  38
        1.03928        0.33747   1  39
        1.03928        0.33895   1  40
        1.03928        0.34550   1  41
        1.03928        0.36270   1  42
        1.03928        0.36819   1  43
        1.03928        0.38365   1  44
        1.03928        0.40664   1  45
        1.03928        0.43291   1  46
        1.03928        0.44581   1  47
        1.03928        0.45170   1  48
        1.03928        0.48793   1  49
        1.03928        0.49507   1  50
        1.03928        0.51542   1  51
        1.03928        0.53454   1  52
        1.03928        0.54696   1  53
        1.03928        0.55435   1  54
        1.03928        0.57899   1  55
        1.03928        0.58818   1  56
        1.03928        0.59937   1  57
        1.03928        0.60796   1  58
        1.03928        0.65039   1  59
        1.03928        0.65562   1  60
        1.03928        0.67670   1  61
        1.03928        0.69440   1  62
        1.03928        0.72236   1  63
        1.03928        0.73456   1  64
        1.03928        0.74736   1  65
        1.03928        0.77384   1  66
        1.03928        0.81627   1  67
        1.03928        0.88468   1  68
        1.03928        0.89094   1  69
        1.03928        0.89983   1  70
        1.03928        0.97202   1  71
        1.03928        1.07485   1  72
        1.03928        1.09425   1  73
        1.03928        1.11128   1  74
        1.03928        1.12509   1  75
        1.03928        1.42476   1  76
        1.07857       -0.87359   1   1
        1.07857       -0.87148   1   2
        1.07857       -0.82488   1   3
        1.07857       -0.81667   1   4
        1.07857       -0.77027   1   5
        1.07857       -0.73986   1   6
        1.07857       -0.73974   1   7
        1.07857       -0.70327   1   8
        1.07857       -0.68006   1   9
        1.07857       -0.67555   1  10
        1.07857       -0.65787   1  11
        1.07857       -0.63460   1  12
        1.07857       -0.63219   1  13
        1.07857       -0.63065   1  14
        1.07857       -0.61796   1  15
        1.07857       -0.60890   1  16
        1.07857       -0.51863   1  17
        1.07857       -0.51096   1  18
        1.07857       -0.50815   1  19
        1.07857       -0.49784   1  20
        1.07857       -0.47522   1  21
        1.07857       -0.47232   1  22
        1.07857       -0.46824   1  23
        1.07857       -0.46469   1  24
        1.07857       -0.32102   1  25
        1.07857       -0.26303   1  26
        1.07857       -0.06320   1  27
        1.07857       -0.01817   1  28
        1.07857        0.01970   1  29
        1.07857        0.04726   1  30
        1.07857        0.07369   1  31
        1.07857        0.13689   1  32
        1.07857        0.15604   1  33
        1.07857        0.16648   1  34
        1.07857        0.18686   1  35
        1.07857        0.22820   1  36
        1.07857        0.27183   1  37
        1.07857        0.27883   1  38
        1.07857        0.30682   1  39
        1.07857        0.33833   1  40
        1.07857        0.34378   1  41
        1.07857        0.36393   1  42
        1.07857        0.37007   1  43
        1.07857        0.38590   1  44
        1.07857        0.41046   1  45
        1.07857        0.42267   1  46
        1.07857        0.43834   1  47
        1.07857        0.46874   1  48
        1.07857        0.47183   1  49
        1.07857        0.49176   1  50
        1.07857        0.50368   1  51
        1.07857        0.53130   1  52
        1.07857        0.55454   1  53
        1.07857        0.57064   1  54
        1.07857        0.58305   1  55
        1.07857        0.60220   1  56
        1.07857        0.60348   1  57
        1.07857        0.63648   1  58
        1.07857        0.64255   1  59
        1.07857        0.65576   1  60
        1.07857        0.69924   1  61
        1.07857        0.72279   1  62
        1.07857        0.72755   1  63
        1.07857        0.73849   1  64
        1.07857        0.77936   1  65
        1.07857        0.79481   1  66
        1.07857        0.80544   1  67
        1.07857        0.88992   1  68
        1.07857        0.89063   1  69
        1.07857        0.91863   1  70
        1.07857        0.98882   1  71
        1.07857        1.08252   1  72
        1.07857        1.10081   1  73
        1.07857        1.12833   1  74
        1.07857        1.13412   1  75
        1.07857        1.42611   1  76
        1.11785       -0.87086   1   1
        1.11785       -0.86628   1   2
        1.11785       -0.82918   1   3
        1.11785       -0.81200   1   4
        1.11785       -0.77841   1   5
        1.11785       -0.73843   1   6
        1.11785       -0.73597   1   7
        1.11785       -0.70008   1   8
        1.11785       -0.67883   1   9
        1.11785       -0.67203   1  10
        1.11785       -0.65729   1  11
        1.11785       -0.63753   1  12
        1.11785       -0.63324   1  13
        1.11785       -0.63302   1  14
        1.11785       -0.61748   1  15
        1.11785       -0.60199   1  16
        1.11785       -0.52220   1  17
        1.11785       -0.51890   1  18
        1.11785       -0.51549   1  19
        1.11785       -0.50877   1  20
        1.11785       -0.47318   1  21
        1.11785       -0.46969   1  22
        1.11785       -0.46634   1  23
        1.11785       -0.46600   1  24
        1.11785       -0.35380   1  25
        1.11785       -0.23994   1  26
        1.11785       -0.10793   1  27
        1.11785       -0.03312   1  28
        1.11785        0.02189   1  29
        1.11785        0.05809   1  30
        1.11785        0.07989   1  31
        1.11785        0.12796   1  32
        1.11785        0.15817   1  33
        1.11785        0.16516   1  34
        1.11785        0.21036   1  35
        1.11785        0.23479   1  36
        1.11785        0.24186   1  37
        1.11785        0.25361   1  38
        1.11785        0.28887   1  39
        1.11785        0.31984   1  40
        1.11785        0.33634   1  41
        1.11785        0.36602   1  42
        1.11785        0.37407   1  43
        1.11785        0.38042   1  44
        1.11785        0.38146   1  45
        1.11785        0.41617   1  46
        1.11785        0.44647   1  47
        1.11785        0.47114   1  48
        1.11785        0.47774   1  49
        1.11785        0.49752   1  50
        1.11785        0.50678   1  51
        1.11785        0.53258   1  52
        1.11785        0.56015   1  53
        1.11785        0.57036   1  54
        1.11785        0.58911   1  55
        1.11785        0.61051   1  56
        1.11785        0.62270   1  57
        1.11785        0.62760   1  58
        1.11785        0.66947   1  59
        1.11785        0.67640   1  60
        1.11785        0.72327   1  61
        1.11785        0.72961   1  62
        1.11785        0.74623   1  63
        1.11785        0.76460   1  64
        1.11785        0.78759   1  65
        1.11785        0.80403   1  66
        1.11785        0.86845   1  67
        1.11785        0.89897   1  68
        1.11785        0.89948   1  69
        1.11785        0.93305   1  70
        1.11785        1.01549   1  71
        1.11785        1.10107   1  72
        1.11785        1.11000   1  73
        1.11785        1.15054   1  74
        1.11785        1.15330   1  75
        1.11785        1.43142   1  76
        1.15713       -0.86684   1   1
        1.15713       -0.85907   1   2
        1.15713       -0.83349   1   3
        1.15713       -0.80553   1   4
        1.15713       -0.78725   1   5
        1.15713       -0.73857   1   6
        1.15713       -0.73073   1   7
        1.15713       -0.69749   1   8
        1.15713       -0.67890   1   9
        1.15713       -0.66770   1  10
        1.15713       -0.65564   1  11
        1.15713       -0.64063   1  12
        1.15713       -0.63497   1  13
        1.15713       -0.63380   1  14
        1.15713       -0.61681   1  15
        1.15713       -0.59532   1  16
        1.15713       -0.52957   1  17
        1.15713       -0.52714   1  18
        1.15713       -0.52127   1  19
        1.15713       -0.52101   1  20
        1.15713       -0.47481   1  21
        1.15713       -0.46793   1  22
        1.15713       -0.46510   1  23
        1.15713       -0.46351   1  24
        1.15713       -0.38639   1  25
        1.15713       -0.21049   1  26
        1.15713       -0.15340   1  27
        1.15713       -0.05641   1  28
        1.15713        0.01550   1  29
        1.15713        0.07305   1  30
        1.15713        0.08077   1  31
        1.15713        0.11777   1  32
        1.15713        0.14833   1  33
        1.15713        0.15602   1  34
        1.15713        0.19918   1  35
        1.15713        0.23080   1  36
        1.15713        0.24351   1  37
        1.15713        0.26691   1  38
        1.15713        0.27989   1  39
        1.15713        0.28654   1  40
        1.15713        0.33223   1  41
        1.15713        0.33363   1  42
        1.15713        0.35534   1  43
        1.15713        0.37992   1  44
        1.15713        0.39533   1  45
        1.15713        0.43473   1  46
        1.15713        0.44965   1  47
        1.15713        0.45716   1  48
        1.15713        0.46243   1  49
        1.15713        0.49773   1  50
        1.15713        0.50497   1  51
        1.15713        0.56466   1  52
        1.15713        0.57390   1  53
        1.15713        0.58163   1  54
        1.15713        0.59627   1  55
        1.15713        0.61877   1  56
        1.15713        0.61998   1  57
        1.15713        0.63628   1  58
        1.15713        0.69538   1  59
        1.15713        0.70103   1  60
        1.15713        0.72465   1  61
        1.15713        0.74565   1  62
        1.15713        0.75818   1  63
        1.15713        0.76421   1  64
        1.15713        0.82292   1  65
        1.15713        0.85489   1  66
        1.15713        0.88933   1  67
        1.15713        0.91190   1  68
        1.15713        0.95712   1  69
        1.15713        0.98859   1  70
        1.15713        1.02323   1  71
        1.15713        1.12249   1  72
        1.15713        1.13406   1  73
        1.15713        1.18086   1  74
        1.15713        1.18438   1  75
        1.15713        1.44218   1  76
        1.19642       -0.86157   1   1
        1.19642       -0.84995   1   2
        1.19642       -0.83680   1   3
        1.19642       -0.79737   1   4
        1.19642       -0.79590   1   5
        1.19642       -0.74092   1   6
        1.19642       -0.72415   1   7
        1.19642       -0.69656   1   8
        1.19642       -0.68163   1   9
        1.19642       -0.66343   1  10
        1.19642       -0.65290   1  11
        1.19642       -0.64164   1  12
        1.19642       -0.63760   1  13
        1.19642       -0.63316   1  14
        1.19642       -0.61600   1  15
        1.19642       -0.59021   1  16
        1.19642       -0.53792   1  17
        1.19642       -0.53717   1  18
        1.19642       -0.53089   1  19
        1.19642       -0.52712   1  20
        1.19642       -0.47823   1  21
        1.19642       -0.46838   1  22
        1.19642       -0.46433   1  23
        1.19642       -0.45942   1  24
        1.19642       -0.41207   1  25
        1.19642       -0.19656   1  26
        1.19642       -0.17788   1  27
        1.19642       -0.08490   1  28
        1.19642       -0.00672   1  29
        1.19642        0.08193   1  30
        1.19642        0.09176   1  31
        1.19642        0.10405   1  32
        1.19642        0.12649   1  33
        1.19642        0.15098   1  34
        1.19642        0.17961   1  35
        1.19642        0.20262   1  36
        1.19642        0.25135   1  37
        1.19642        0.25418   1  38
        1.19642        0.25484   1  39
        1.19642        0.30287   1  40
        1.19642        0.32557   1  41
        1.19642        0.32566   1  42
        1.19642        0.36136   1  43
        1.19642        0.38697   1  44
        1.19642        0.39490   1  45
        1.19642        0.41649   1  46
        1.19642        0.43784   1  47
        1.19642        0.47125   1  48
        1.19642        0.48134   1  49
        1.19642        0.50643   1  50
        1.19642        0.51529   1  51
        1.19642        0.55831   1  52
        1.19642        0.59064   1  53
        1.19642        0.60172   1  54
        1.19642        0.60380   1  55
        1.19642        0.61996   1  56
        1.19642        0.63322   1  57
        1.19642        0.63328   1  58
        1.19642        0.70967   1  59
        1.19642        0.72869   1  60
        1.19642        0.74013   1  61
        1.19642        0.74680   1  62
        1.19642        0.77503   1  63
        1.19642        0.79363   1  64
        1.19642        0.84251   1  65
        1.19642        0.88172   1  66
        1.19642        0.93028   1  67
        1.19642        0.94375   1  68
        1.19642        1.00702   1  69
        1.19642        1.03196   1  70
        1.19642        1.07326   1  71
        1.19642        1.14056   1  72
        1.19642        1.16951   1  73
        1.19642        1.22195   1  74
        1.19642        1.23062   1  75
        1.19642        1.46019   1  76
        1.23570       -0.85554   1   1
        1.23570       -0.83903   1   2
        1.23570       -0.83834   1   3
        1.23570       -0.80357   1   4
        1.23570       -0.78768   1   5
        1.23570       -0.74537   1   6
        1.23570       -0.71639   1   7
        1.23570       -0.70107   1   8
        1.23570       -0.68481   1   9
        1.23570       -0.65946   1  10
        1.23570       -0.64950   1  11
        1.23570       -0.64137   1  12
        1.23570       -0.63929   1  13
        1.23570       -0.63176   1  14
        1.23570       -0.61517   1  15
        1.23570       -0.58840   1  16
        1.23570       -0.54818   1  17
        1.23570       -0.54364   1  18
        1.23570       -0.53760   1  19
        1.23570       -0.53444   1  20
        1.23570       -0.48406   1  21
        1.23570       -0.46898   1  22
        1.23570       -0.46321   1  23
        1.23570       -0.45624   1  24
        1.23570       -0.42718   1  25
        1.23570       -0.23604   1  26
        1.23570       -0.14381   1  27
        1.23570       -0.11482   1  28
        1.23570       -0.03931   1  29
        1.23570        0.07211   1  30
        1.23570        0.08416   1  31
        1.23570        0.10160   1  32
        1.23570        0.11413   1  33
        1.23570        0.15758   1  34
        1.23570        0.16290   1  35
        1.23570        0.17432   1  36
        1.23570        0.22059   1  37
        1.23570        0.23602   1  38
        1.23570        0.26578   1  39
        1.23570        0.28962   1  40
        1.23570        0.31692   1  41
        1.23570        0.32541   1  42
        1.23570        0.35521   1  43
        1.23570        0.39533   1  44
        1.23570        0.42128   1  45
        1.23570        0.43499   1  46
        1.23570        0.44103   1  47
        1.23570        0.48922   1  48
        1.23570        0.49053   1  49
        1.23570        0.52555   1  50
        1.23570        0.53082   1  51
        1.23570        0.55878   1  52
        1.23570        0.57391   1  53
        1.23570        0.61118   1  54
        1.23570        0.61588   1  55
        1.23570        0.62258   1  56
        1.23570        0.64950   1  57
        1.23570        0.65307   1  58
        1.23570        0.72395   1  59
        1.23570        0.73628   1  60
        1.23570        0.73880   1  61
        1.23570        0.79735   1  62
        1.23570        0.80004   1  63
        1.23570        0.82226   1  64
        1.23570        0.84657   1  65
        1.23570        0.92985   1  66
        1.23570        0.95167   1  67
        1.23570        0.95531   1  68
        1.23570        1.04402   1  69
        1.23570        1.11229   1  70
        1.23570        1.11698   1  71
        1.23570        1.16484   1  72
        1.23570        1.20888   1  73
        1.23570        1.27429   1  74
        1.23570        1.29075   1  75
        1.23570        1.48869   1  76
        1.27499       -0.85008   1   1
        1.27499       -0.83786   1   2
        1.27499       -0.82648   1   3
        1.27499       -0.80897   1   4
        1.27499       -0.77656   1   5
        1.27499       -0.75115   1   6
        1.27499       -0.71401   1   7
        1.27499       -0.70752   1   8
        1.27499       -0.68465   1   9
        1.27499       -0.65523   1  10
        1.27499       -0.64647   1  11
        1.27499       -0.64608   1  12
        1.27499       -0.63555   1  13
        1.27499       -0.63076   1  14
        1.27499       -0.61433   1  15
        1.27499       -0.59024   1  16
        1.27499       -0.55751   1  17
        1.27499       -0.54496   1  18
        1.27499       -0.54277   1  19
        1.27499       -0.54242   1  20
        1.27499       -0.49063   1  21
        1.27499       -0.46986   1  22
        1.27499       -0.46124   1  23
        1.27499       -0.45411   1  24
        1.27499       -0.43476   1  25
        1.27499       -0.27255   1  26
        1.27499       -0.14489   1  27
        1.27499       -0.10610   1  28
        1.27499       -0.07485   1  29
        1.27499        0.03370   1  30
        1.27499        0.07708   1  31
        1.27499        0.08783   1  32
        1.27499        0.12834   1  33
        1.27499        0.13984   1  34
        1.27499        0.15112   1  35
        1.27499        0.16713   1  36
        1.27499        0.20493   1  37
        1.27499        0.22583   1  38
        1.27499        0.27256   1  39
        1.27499        0.27574   1  40
        1.27499        0.31064   1  41
        1.27499        0.32018   1  42
        1.27499        0.33940   1  43
        1.27499        0.40471   1  44
        1.27499        0.41845   1  45
        1.27499        0.46439   1  46
        1.27499        0.47691   1  47
        1.27499        0.50992   1  48
        1.27499        0.51296   1  49
        1.27499        0.53181   1  50
        1.27499        0.55108   1  51
        1.27499        0.55258   1  52
        1.27499        0.58768   1  53
        1.27499        0.62026   1  54
        1.27499        0.62428   1  55
        1.27499        0.63883   1  56
        1.27499        0.66001   1  57
        1.27499        0.67916   1  58
        1.27499        0.73278   1  59
        1.27499        0.74339   1  60
        1.27499        0.75722   1  61
        1.27499        0.81758   1  62
        1.27499        0.82432   1  63
        1.27499        0.85535   1  64
        1.27499        0.89793   1  65
        1.27499        0.92537   1  66
        1.27499        0.98429   1  67
        1.27499        0.98781   1  68
        1.27499        1.09553   1  69
        1.27499        1.12392   1  70
        1.27499        1.18817   1  71
        1.27499        1.19282   1  72
        1.27499        1.25406   1  73
        1.27499        1.33339   1  74
        1.27499        1.36353   1  75
        1.27499        1.52964   1  76
        1.31427       -0.84679   1   1
        1.31427       -0.83750   1   2
        1.31427       -0.81248   1   3
        1.31427       -0.80924   1   4
        1.31427       -0.76418   1   5
        1.31427       -0.75719   1   6
        1.31427       -0.73046   1   7
        1.31427       -0.69771   1   8
        1.31427       -0.68320   1   9
        1.31427       -0.65287   1  10
        1.31427       -0.65064   1  11
        1.31427       -0.64334   1  12
        1.31427       -0.63299   1  13
        1.31427       -0.63164   1  14
        1.31427       -0.61350   1  15
        1.31427       -0.59268   1  16
        1.31427       -0.56438   1  17
        1.31427       -0.54865   1  18
        1.31427       -0.54678   1  19
        1.31427       -0.54304   1  20
        1.31427       -0.49579   1  21
        1.31427       -0.47110   1  22
        1.31427       -0.45839   1  23
        1.31427       -0.45294   1  24
        1.31427       -0.43797   1  25
        1.31427       -0.30628   1  26
        1.31427       -0.17443   1  27
        1.31427       -0.10974   1  28
        1.31427       -0.06520   1  29
        1.31427       -0.00381   1  30
        1.31427        0.05040   1  31
        1.31427        0.07983   1  32
        1.31427        0.10344   1  33
        1.31427        0.13106   1  34
        1.31427        0.15370   1  35
        1.31427        0.16852   1  36
        1.31427        0.20812   1  37
        1.31427        0.22280   1  38
        1.31427        0.25541   1  39
        1.31427        0.28443   1  40
        1.31427        0.30911   1  41
        1.31427        0.31521   1  42
        1.31427        0.34164   1  43
        1.31427        0.41599   1  44
        1.31427        0.41663   1  45
        1.31427        0.47068   1  46
        1.31427        0.49658   1  47
        1.31427        0.50517   1  48
        1.31427        0.53214   1  49
        1.31427        0.55444   1  50
        1.31427        0.57859   1  51
        1.31427        0.58138   1  52
        1.31427        0.61203   1  53
        1.31427        0.62716   1  54
        1.31427        0.63595   1  55
        1.31427        0.66265   1  56
        1.31427        0.67994   1  57
        1.31427        0.70824   1  58
        1.31427        0.72797   1  59
        1.31427        0.77386   1  60
        1.31427        0.78266   1  61
        1.31427        0.82694   1  62
        1.31427        0.85580   1  63
        1.31427        0.87991   1  64
        1.31427        0.92952   1  65
        1.31427        0.96638   1  66
        1.31427        1.01543   1  67
        1.31427        1.03446   1  68
        1.31427        1.09608   1  69
        1.31427        1.16605   1  70
        1.31427        1.22238   1  71
        1.31427        1.25284   1  72
        1.31427        1.29947   1  73
        1.31427        1.39570   1  74
        1.31427        1.44664   1  75
        1.31427        1.58063   1  76
        1.35355       -0.84827   1   1
        1.35355       -0.83794   1   2
        1.35355       -0.80316   1   3
        1.35355       -0.79731   1   4
        1.35355       -0.76320   1   5
        1.35355       -0.75084   1   6
        1.35355       -0.74403   1   7
        1.35355       -0.68726   1   8
        1.35355       -0.68165   1   9
        1.35355       -0.66014   1  10
        1.35355       -0.64722   1  11
        1.35355       -0.64298   1  12
        1.35355       -0.63445   1  13
        1.35355       -0.63159   1  14
        1.35355       -0.61274   1  15
        1.35355       -0.59208   1  16
        1.35355       -0.56879   1  17
        1.35355       -0.55115   1  18
        1.35355       -0.54972   1  19
        1.35355       -0.53990   1  20
        1.35355       -0.49879   1  21
        1.35355       -0.47264   1  22
        1.35355       -0.45482   1  23
        1.35355       -0.45265   1  24
        1.35355       -0.43861   1  25
        1.35355       -0.33644   1  26
        1.35355       -0.20266   1  27
        1.35355       -0.14260   1  28
        1.35355       -0.03870   1  29
        1.35355       -0.02502   1  30
        1.35355        0.02238   1  31
        1.35355        0.05060   1  32
        1.35355        0.08435   1  33
        1.35355        0.12588   1  34
        1.35355        0.13292   1  35
        1.35355        0.19879   1  36
        1.35355        0.20126   1  37
        1.35355        0.22787   1  38
        1.35355        0.24799   1  39
        1.35355        0.30357   1  40
        1.35355        0.30465   1  41
        1.35355        0.33760   1  42
        1.35355        0.34073   1  43
        1.35355        0.41548   1  44
        1.35355        0.43686   1  45
        1.35355        0.46470   1  46
        1.35355        0.49229   1  47
        1.35355        0.53822   1  48
        1.35355        0.55822   1  49
        1.35355        0.56519   1  50
        1.35355        0.60696   1  51
        1.35355        0.60760   1  52
        1.35355        0.61881   1  53
        1.35355        0.63842   1  54
        1.35355        0.66104   1  55
        1.35355        0.67454   1  56
        1.35355        0.73258   1  57
        1.35355        0.73930   1  58
        1.35355        0.73971   1  59
        1.35355        0.80724   1  60
        1.35355        0.81419   1  61
        1.35355        0.83533   1  62
        1.35355        0.89365   1  63
        1.35355        0.90291   1  64
        1.35355        0.96092   1  65
        1.35355        1.03322   1  66
        1.35355        1.05074   1  67
        1.35355        1.05653   1  68
        1.35355        1.11625   1  69
        1.35355        1.21048   1  70
        1.35355        1.25515   1  71
        1.35355        1.30757   1  72
        1.35355        1.35288   1  73
        1.35355        1.45853   1  74
        1.35355        1.53158   1  75
        1.35355        1.63668   1  76
        1.39284       -0.85669   1   1
        1.39284       -0.83613   1   2
        1.39284       -0.79645   1   3
        1.39284       -0.78131   1   4
        1.39284       -0.76928   1   5
        1.39284       -0.74811   1   6
        1.39284       -0.73684   1   7
        1.39284       -0.68019   1   8
        1.39284       -0.67645   1   9
        1.39284       -0.66776   1  10
        1.39284       -0.65061   1  11
        1.39284       -0.64590   1  12
        1.39284       -0.63237   1  13
        1.39284       -0.63063   1  14
        1.39284       -0.61206   1  15
        1.39284       -0.58797   1  16
        1.39284       -0.57105   1  17
        1.39284       -0.55174   1  18
        1.39284       -0.55098   1  19
        1.39284       -0.53652   1  20
        1.39284       -0.50006   1  21
        1.39284       -0.47460   1  22
        1.39284       -0.45306   1  23
        1.39284       -0.45098   1  24
        1.39284       -0.43813   1  25
        1.39284       -0.36303   1  26
        1.39284       -0.22982   1  27
        1.39284       -0.17344   1  28
        1.39284       -0.07073   1  29
        1.39284       -0.00673   1  30
        1.39284        0.01534   1  31
        1.39284        0.01997   1  32
        1.39284        0.06168   1  33
        1.39284        0.10622   1  34
        1.39284        0.13330   1  35
        1.39284        0.19040   1  36
        1.39284        0.20651   1  37
        1.39284        0.24060   1  38
        1.39284        0.26859   1  39
        1.39284        0.29670   1  40
        1.39284        0.33682   1  41
        1.39284        0.34031   1  42
        1.39284        0.38733   1  43
        1.39284        0.42040   1  44
        1.39284        0.45488   1  45
        1.39284        0.47392   1  46
        1.39284        0.50807   1  47
        1.39284        0.56411   1  48
        1.39284        0.58115   1  49
        1.39284        0.59232   1  50
        1.39284        0.60711   1  51
        1.39284        0.63372   1  52
        1.39284        0.64276   1  53
        1.39284        0.66552   1  54
        1.39284        0.69046   1  55
        1.39284        0.69573   1  56
        1.39284        0.74879   1  57
        1.39284        0.77527   1  58
        1.39284        0.79127   1  59
        1.39284        0.83576   1  60
        1.39284        0.85391   1  61
        1.39284        0.86786   1  62
        1.39284        0.93829   1  63
        1.39284        0.93878   1  64
        1.39284        0.99386   1  65
        1.39284        1.06966   1  66
        1.39284        1.09230   1  67
        1.39284        1.09653   1  68
        1.39284        1.15161   1  69
        1.39284        1.24937   1  70
        1.39284        1.29414   1  71
        1.39284        1.35146   1  72
        1.39284        1.40992   1  73
        1.39284        1.51386   1  74
        1.39284        1.60831   1  75
        1.39284        1.69284   1  76
        1.43212       -0.86905   1   1
        1.43212       -0.83518   1   2
        1.43212       -0.79720   1   3
        1.43212       -0.76816   1   4
        1.43212       -0.76487   1   5
        1.43212       -0.74217   1   6
        1.43212       -0.72253   1   7
        1.43212       -0.67864   1   8
        1.43212       -0.67572   1   9
        1.43212       -0.66527   1  10
        1.43212       -0.65885   1  11
        1.43212       -0.65086   1  12
        1.43212       -0.62953   1  13
        1.43212       -0.62607   1  14
        1.43212       -0.61140   1  15
        1.43212       -0.58182   1  16
        1.43212       -0.57168   1  17
        1.43212       -0.55302   1  18
        1.43212       -0.55046   1  19
        1.43212       -0.53324   1  20
        1.43212       -0.50004   1  21
        1.43212       -0.47713   1  22
        1.43212       -0.45399   1  23
        1.43212       -0.44756   1  24
        1.43212       -0.43719   1  25
        1.43212       -0.38558   1  26
        1.43212       -0.25432   1  27
        1.43212       -0.20149   1  28
        1.43212       -0.09978   1  29
        1.43212       -0.03495   1  30
        1.43212       -0.00846   1  31
        1.43212        0.04077   1  32
        1.43212        0.05994   1  33
        1.43212        0.08026   1  34
        1.43212        0.14384   1  35
        1.43212        0.17546   1  36
        1.43212        0.19469   1  37
        1.43212        0.28171   1  38
        1.43212        0.28528   1  39
        1.43212        0.28755   1  40
        1.43212        0.33804   1  41
        1.43212        0.39519   1  42
        1.43212        0.42249   1  43
        1.43212        0.45806   1  44
        1.43212        0.46188   1  45
        1.43212        0.53026   1  46
        1.43212        0.53257   1  47
        1.43212        0.57392   1  48
        1.43212        0.59430   1  49
        1.43212        0.62485   1  50
        1.43212        0.63905   1  51
        1.43212        0.65962   1  52
        1.43212        0.69000   1  53
        1.43212        0.70842   1  54
        1.43212        0.70949   1  55
        1.43212        0.74348   1  56
        1.43212        0.77411   1  57
        1.43212        0.82231   1  58
        1.43212        0.83043   1  59
        1.43212        0.88298   1  60
        1.43212        0.90785   1  61
        1.43212        0.91007   1  62
        1.43212        0.97301   1  63
        1.43212        0.99272   1  64
        1.43212        1.03973   1  65
        1.43212        1.10321   1  66
        1.43212        1.12959   1  67
        1.43212        1.14142   1  68
        1.43212        1.18030   1  69
        1.43212        1.28655   1  70
        1.43212        1.34074   1  71
        1.43212        1.37563   1  72
        1.43212        1.46852   1  73
        1.43212        1.54963   1  74
        1.43212        1.67392   1  75
        1.43212        1.74165   1  76
        1.47140       -0.88341   1   1
        1.47140       -0.83774   1   2
        1.47140       -0.80051   1   3
        1.47140       -0.76035   1   4
        1.47140       -0.74852   1   5
        1.47140       -0.73007   1   6
        1.47140       -0.70838   1   7
        1.47140       -0.68316   1   8
        1.47140       -0.67699   1   9
        1.47140       -0.66650   1  10
        1.47140       -0.65676   1  11
        1.47140       -0.65458   1  12
        1.47140       -0.62905   1  13
        1.47140       -0.61827   1  14
        1.47140       -0.61077   1  15
        1.47140       -0.57509   1  16
        1.47140       -0.57113   1  17
        1.47140       -0.55373   1  18
        1.47140       -0.55048   1  19
        1.47140       -0.53027   1  20
        1.47140       -0.49940   1  21
        1.47140       -0.48010   1  22
        1.47140       -0.45526   1  23
        1.47140       -0.44562   1  24
        1.47140       -0.43541   1  25
        1.47140       -0.40349   1  26
        1.47140       -0.27591   1  27
        1.47140       -0.22576   1  28
        1.47140       -0.12512   1  29
        1.47140       -0.05956   1  30
        1.47140       -0.03339   1  31
        1.47140        0.02243   1  32
        1.47140        0.05620   1  33
        1.47140        0.10758   1  34
        1.47140        0.14610   1  35
        1.47140        0.15704   1  36
        1.47140        0.20084   1  37
        1.47140        0.27260   1  38
        1.47140        0.27734   1  39
        1.47140        0.34119   1  40
        1.47140        0.35742   1  41
        1.47140        0.41768   1  42
        1.47140        0.46661   1  43
        1.47140        0.46750   1  44
        1.47140        0.54191   1  45
        1.47140        0.56029   1  46
        1.47140        0.58588   1  47
        1.47140        0.60227   1  48
        1.47140        0.60918   1  49
        1.47140        0.65758   1  50
        1.47140        0.68615   1  51
        1.47140        0.70449   1  52
        1.47140        0.73061   1  53
        1.47140        0.75455   1  54
        1.47140        0.76800   1  55
        1.47140        0.80973   1  56
        1.47140        0.81121   1  57
        1.47140        0.87628   1  58
        1.47140        0.88801   1  59
        1.47140        0.93148   1  60
        1.47140        0.94872   1  61
        1.47140        0.98253   1  62
        1.47140        1.01861   1  63
        1.47140        1.06227   1  64
        1.47140        1.09114   1  65
        1.47140        1.12445   1  66
        1.47140        1.14881   1  67
        1.47140        1.20257   1  68
        1.47140        1.20941   1  69
        1.47140        1.32148   1  70
        1.47140        1.38125   1  71
        1.47140        1.39761   1  72
        1.47140        1.52422   1  73
        1.47140        1.56116   1  74
        1.47140        1.72615   1  75
        1.47140        1.77535   1  76
        1.51069       -0.89786   1   1
        1.51069       -0.84347   1   2
        1.51069       -0.80065   1   3
        1.51069       -0.75035   1   4
        1.51069       -0.73287   1   5
        1.51069       -0.71623   1   6
        1.51069       -0.69495   1   7
        1.51069       -0.68978   1   8
        1.51069       -0.67842   1   9
        1.51069       -0.66925   1  10
        1.51069       -0.66077   1  11
        1.51069       -0.64450   1  12
        1.51069       -0.62988   1  13
        1.51069       -0.61012   1  14
        1.51069       -0.60977   1  15
        1.51069       -0.56982   1  16
        1.51069       -0.56896   1  17
        1.51069       -0.55402   1  18
        1.51069       -0.55087   1  19
        1.51069       -0.52749   1  20
        1.51069       -0.49932   1  21
        1.51069       -0.48325   1  22
        1.51069       -0.45668   1  23
        1.51069       -0.44621   1  24
        1.51069       -0.43257   1  25
        1.51069       -0.41663   1  26
        1.51069       -0.29621   1  27
        1.51069       -0.24707   1  28
        1.51069       -0.14722   1  29
        1.51069       -0.08218   1  30
        1.51069       -0.05507   1  31
        1.51069        0.00640   1  32
        1.51069        0.03472   1  33
        1.51069        0.12814   1  34
        1.51069        0.14926   1  35
        1.51069        0.15398   1  36
        1.51069        0.21678   1  37
        1.51069        0.25698   1  38
        1.51069        0.27011   1  39
        1.51069        0.38302   1  40
        1.51069        0.39987   1  41
        1.51069        0.41291   1  42
        1.51069        0.47332   1  43
        1.51069        0.54860   1  44
        1.51069        0.59239   1  45
        1.51069        0.60275   1  46
        1.51069        0.61212   1  47
        1.51069        0.62097   1  48
        1.51069        0.68118   1  49
        1.51069        0.69164   1  50
        1.51069        0.71948   1  51
        1.51069        0.76086   1  52
        1.51069        0.78803   1  53
        1.51069        0.82048   1  54
        1.51069        0.83496   1  55
        1.51069        0.86109   1  56
        1.51069        0.89172   1  57
        1.51069        0.91970   1  58
        1.51069        0.97214   1  59
        1.51069        0.97399   1  60
        1.51069        0.99098   1  61
        1.51069        1.05375   1  62
        1.51069        1.07137   1  63
        1.51069        1.11553   1  64
        1.51069        1.14860   1  65
        1.51069        1.14878   1  66
        1.51069        1.18481   1  67
        1.51069        1.23821   1  68
        1.51069        1.27782   1  69
        1.51069        1.33819   1  70
        1.51069        1.38973   1  71
        1.51069        1.46803   1  72
        1.51069        1.54872   1  73
        1.51069        1.56918   1  74
        1.51069        1.75974   1  75
        1.51069        1.79187   1  76
        1.54997       -0.91094   1   1
        1.54997       -0.85003   1   2
        1.54997       -0.79896   1   3
        1.54997       -0.73959   1   4
        1.54997       -0.71861   1   5
        1.54997       -0.70448   1   6
        1.54997       -0.69541   1   7
        1.54997       -0.68278   1   8
        1.54997       -0.68255   1   9
        1.54997       -0.67162   1  10
        1.54997       -0.65575   1  11
        1.54997       -0.63541   1  12
        1.54997       -0.63231   1  13
        1.54997       -0.60947   1  14
        1.54997       -0.60099   1  15
        1.54997       -0.56814   1  16
        1.54997       -0.56446   1  17
        1.54997       -0.55397   1  18
        1.54997       -0.55140   1  19
        1.54997       -0.52445   1  20
        1.54997       -0.50075   1  21
        1.54997       -0.48637   1  22
        1.54997       -0.45807   1  23
        1.54997       -0.44943   1  24
        1.54997       -0.42954   1  25
        1.54997       -0.42420   1  26
        1.54997       -0.31487   1  27
        1.54997       -0.26519   1  28
        1.54997       -0.16610   1  29
        1.54997       -0.10198   1  30
        1.54997       -0.07353   1  31
        1.54997       -0.00712   1  32
        1.54997        0.01613   1  33
        1.54997        0.10936   1  34
        1.54997        0.14036   1  35
        1.54997        0.19813   1  36
        1.54997        0.22841   1  37
        1.54997        0.24697   1  38
        1.54997        0.26532   1  39
        1.54997        0.39036   1  40
        1.54997        0.42035   1  41
        1.54997        0.45940   1  42
        1.54997        0.48519   1  43
        1.54997        0.60490   1  44
        1.54997        0.62371   1  45
        1.54997        0.62398   1  46
        1.54997        0.65252   1  47
        1.54997        0.66731   1  48
        1.54997        0.70716   1  49
        1.54997        0.75270   1  50
        1.54997        0.76557   1  51
        1.54997        0.79994   1  52
        1.54997        0.85522   1  53
        1.54997        0.87465   1  54
        1.54997        0.91473   1  55
        1.54997        0.91893   1  56
        1.54997        0.95552   1  57
        1.54997        0.97526   1  58
        1.54997        1.01018   1  59
        1.54997        1.03032   1  60
        1.54997        1.05719   1  61
        1.54997        1.05953   1  62
        1.54997        1.13605   1  63
        1.54997        1.15442   1  64
        1.54997        1.18793   1  65
        1.54997        1.22775   1  66
        1.54997        1.23692   1  67
        1.54997        1.26469   1  68
        1.54997        1.33595   1  69
        1.54997        1.35666   1  70
        1.54997        1.40624   1  71
        1.54997        1.53341   1  72
        1.54997        1.54654   1  73
        1.54997        1.58581   1  74
        1.54997        1.77181   1  75
        1.54997        1.79446   1  76
        1.58926       -0.92185   1   1
        1.58926       -0.85588   1   2
        1.58926       -0.79705   1   3
        1.58926       -0.72960   1   4
        1.58926       -0.70654   1   5
        1.58926       -0.69969   1   6
        1.58926       -0.69641   1   7
        1.58926       -0.68529   1   8
        1.58926       -0.67527   1   9
        1.58926       -0.67211   1  10
        1.58926       -0.64489   1  11
        1.58926       -0.63572   1  12
        1.58926       -0.62780   1  13
        1.58926       -0.60889   1  14
        1.58926       -0.59232   1  15
        1.58926       -0.56651   1  16
        1.58926       -0.56216   1  17
        1.58926       -0.55366   1  18
        1.58926       -0.55192   1  19
        1.58926       -0.52094   1  20
        1.58926       -0.50382   1  21
        1.58926       -0.48930   1  22
        1.58926       -0.45930   1  23
        1.58926       -0.45378   1  24
        1.58926       -0.42902   1  25
        1.58926       -0.42543   1  26
        1.58926       -0.33093   1  27
        1.58926       -0.27887   1  28
        1.58926       -0.18115   1  29
        1.58926       -0.11730   1  30
        1.58926       -0.08823   1  31
        1.58926       -0.01759   1  32
        1.58926        0.00114   1  33
        1.58926        0.09361   1  34
        1.58926        0.13161   1  35
        1.58926        0.22000   1  36
        1.58926        0.23966   1  37
        1.58926        0.25212   1  38
        1.58926        0.26989   1  39
        1.58926        0.38525   1  40
        1.58926        0.42745   1  41
        1.58926        0.50926   1  42
        1.58926        0.51382   1  43
        1.58926        0.60479   1  44
        1.58926        0.63836   1  45
        1.58926        0.68127   1  46
        1.58926        0.69092   1  47
        1.58926        0.70826   1  48
        1.58926        0.72849   1  49
        1.58926        0.79185   1  50
        1.58926        0.82380   1  51
        1.58926        0.83546   1  52
        1.58926        0.87846   1  53
        1.58926        0.94565   1  54
        1.58926        0.96230   1  55
        1.58926        0.97746   1  56
        1.58926        0.99014   1  57
        1.58926        1.02568   1  58
        1.58926        1.04396   1  59
        1.58926        1.05643   1  60
        1.58926        1.07527   1  61
        1.58926        1.13132   1  62
        1.58926        1.16320   1  63
        1.58926        1.21849   1  64
        1.58926        1.22520   1  65
        1.58926        1.25546   1  66
        1.58926        1.27627   1  67
        1.58926        1.30938   1  68
        1.58926        1.35135   1  69
        1.58926        1.40687   1  70
        1.58926        1.42458   1  71
        1.58926        1.53035   1  72
        1.58926        1.57407   1  73
        1.58926        1.61947   1  74
        1.58926        1.76596   1  75
        1.58926        1.78447   1  76
        1.62854       -0.93008   1   1
        1.62854       -0.86037   1   2
        1.62854       -0.79558   1   3
        1.62854       -0.72217   1   4
        1.62854       -0.70315   1   5
        1.62854       -0.69698   1   6
        1.62854       -0.69210   1   7
        1.62854       -0.68492   1   8
        1.62854       -0.67641   1   9
        1.62854       -0.66412   1  10
        1.62854       -0.64446   1  11
        1.62854       -0.62970   1  12
        1.62854       -0.62205   1  13
        1.62854       -0.60844   1  14
        1.62854       -0.58427   1  15
        1.62854       -0.56527   1  16
        1.62854       -0.56191   1  17
        1.62854       -0.55319   1  18
        1.62854       -0.55230   1  19
        1.62854       -0.51738   1  20
        1.62854       -0.50779   1  21
        1.62854       -0.49178   1  22
        1.62854       -0.46026   1  23
        1.62854       -0.45761   1  24
        1.62854       -0.43070   1  25
        1.62854       -0.42346   1  26
        1.62854       -0.34395   1  27
        1.62854       -0.28851   1  28
        1.62854       -0.19207   1  29
        1.62854       -0.12831   1  30
        1.62854       -0.09888   1  31
        1.62854       -0.02516   1  32
        1.62854       -0.00974   1  33
        1.62854        0.08180   1  34
        1.62854        0.12451   1  35
        1.62854        0.20983   1  36
        1.62854        0.25069   1  37
        1.62854        0.27464   1  38
        1.62854        0.28713   1  39
        1.62854        0.38017   1  40
        1.62854        0.42881   1  41
        1.62854        0.54013   1  42
        1.62854        0.55698   1  43
        1.62854        0.60000   1  44
        1.62854        0.64741   1  45
        1.62854        0.71903   1  46
        1.62854        0.72251   1  47
        1.62854        0.73681   1  48
        1.62854        0.74304   1  49
        1.62854        0.82873   1  50
        1.62854        0.85770   1  51
        1.62854        0.86518   1  52
        1.62854        0.89601   1  53
        1.62854        0.96814   1  54
        1.62854        0.99254   1  55
        1.62854        1.00119   1  56
        1.62854        1.03929   1  57
        1.62854        1.04686   1  58
        1.62854        1.07670   1  59
        1.62854        1.08991   1  60
        1.62854        1.10189   1  61
        1.62854        1.17873   1  62
        1.62854        1.19719   1  63
        1.62854        1.23374   1  64
        1.62854        1.25833   1  65
        1.62854        1.26172   1  66
        1.62854        1.29708   1  67
        1.62854        1.35878   1  68
        1.62854        1.35961   1  69
        1.62854        1.41723   1  70
        1.62854        1.47451   1  71
        1.62854        1.53743   1  72
        1.62854        1.54245   1  73
        1.62854        1.67587   1  74
        1.62854        1.75335   1  75
        1.62854        1.76045   1  76
        1.66782       -0.93518   1   1
        1.66782       -0.86315   1   2
        1.66782       -0.79472   1   3
        1.66782       -0.71817   1   4
        1.66782       -0.70505   1   5
        1.66782       -0.69118   1   6
        1.66782       -0.69014   1   7
        1.66782       -0.68533   1   8
        1.66782       -0.67155   1   9
        1.66782       -0.65905   1  10
        1.66782       -0.65165   1  11
        1.66782       -0.62061   1  12
        1.66782       -0.61843   1  13
        1.66782       -0.60814   1  14
        1.66782       -0.57769   1  15
        1.66782       -0.56453   1  16
        1.66782       -0.56314   1  17
        1.66782       -0.55275   1  18
        1.66782       -0.55251   1  19
        1.66782       -0.51465   1  20
        1.66782       -0.51124   1  21
        1.66782       -0.49346   1  22
        1.66782       -0.46085   1  23
        1.66782       -0.46016   1  24
        1.66782       -0.43198   1  25
        1.66782       -0.42203   1  26
        1.66782       -0.35262   1  27
        1.66782       -0.29449   1  28
        1.66782       -0.19866   1  29
        1.66782       -0.13505   1  30
        1.66782       -0.10532   1  31
        1.66782       -0.02999   1  32
        1.66782       -0.01626   1  33
        1.66782        0.07447   1  34
        1.66782        0.11996   1  35
        1.66782        0.20337   1  36
        1.66782        0.24860   1  37
        1.66782        0.29793   1  38
        1.66782        0.30119   1  39
        1.66782        0.37691   1  40
        1.66782        0.42865   1  41
        1.66782        0.56804   1  42
        1.66782        0.58382   1  43
        1.66782        0.59544   1  44
        1.66782        0.64834   1  45
        1.66782        0.73987   1  46
        1.66782        0.74126   1  47
        1.66782        0.75367   1  48
        1.66782        0.75413   1  49
        1.66782        0.84521   1  50
        1.66782        0.87974   1  51
        1.66782        0.88925   1  52
        1.66782        0.90914   1  53
        1.66782        0.94656   1  54
        1.66782        1.01696   1  55
        1.66782        1.01938   1  56
        1.66782        1.06612   1  57
        1.66782        1.06825   1  58
        1.66782        1.10379   1  59
        1.66782        1.11454   1  60
        1.66782        1.11809   1  61
        1.66782        1.20338   1  62
        1.66782        1.21811   1  63
        1.66782        1.23840   1  64
        1.66782        1.24641   1  65
        1.66782        1.28536   1  66
        1.66782        1.31577   1  67
        1.66782        1.36075   1  68
        1.66782        1.38494   1  69
        1.66782        1.43605   1  70
        1.66782        1.50396   1  71
        1.66782        1.51014   1  72
        1.66782        1.54817   1  73
        1.66782        1.71037   1  74
        1.66782        1.73298   1  75
        1.66782        1.74300   1  76
        1.70711       -0.93689   1   1
        1.70711       -0.86409   1   2
        1.70711       -0.79444   1   3
        1.70711       -0.71701   1   4
        1.70711       -0.70571   1   5
        1.70711       -0.68918   1   6
        1.70711       -0.68918   1   7
        1.70711       -0.68618   1   8
        1.70711       -0.66614   1   9
        1.70711       -0.65730   1  10
        1.70711       -0.65730   1  11
        1.70711       -0.61717   1  12
        1.70711       -0.61717   1  13
        1.70711       -0.60804   1  14
        1.70711       -0.57468   1  15
        1.70711       -0.56427   1  16
        1.70711       -0.56427   1  17
        1.70711       -0.55256   1  18
        1.70711       -0.55256   1  19
        1.70711       -0.51363   1  20
        1.70711       -0.51259   1  21
        1.70711       -0.49405   1  22
        1.70711       -0.46105   1  23
        1.70711       -0.46105   1  24
        1.70711       -0.43247   1  25
        1.70711       -0.42153   1  26
        1.70711       -0.35560   1  27
        1.70711       -0.29651   1  28
        1.70711       -0.20084   1  29
        1.70711       -0.13731   1  30
        1.70711       -0.10745   1  31
        1.70711       -0.03169   1  32
        1.70711       -0.01841   1  33
        1.70711        0.07197   1  34
        1.70711        0.11842   1  35
        1.70711        0.20118   1  36
        1.70711        0.24782   1  37
        1.70711        0.30609   1  38
        1.70711        0.30609   1  39
        1.70711        0.37580   1  40
        1.70711        0.42846   1  41
        1.70711        0.58108   1  42
        1.70711        0.59268   1  43
        1.70711        0.59268   1  44
        1.70711        0.64653   1  45
        1.70711        0.74649   1  46
        1.70711        0.74649   1  47
        1.70711        0.75920   1  48
        1.70711        0.75920   1  49
        1.70711        0.84742   1  50
        1.70711        0.89685   1  51
        1.70711        0.89685   1  52
        1.70711        0.91415   1  53
        1.70711        0.93070   1  54
        1.70711        1.02418   1  55
        1.70711        1.02418   1  56
        1.70711        1.07432   1  57
        1.70711        1.07432   1  58
        1.70711        1.12210   1  59
        1.70711        1.12210   1  60
        1.70711        1.12281   1  61
        1.70711        1.21066   1  62
        1.70711        1.21066   1  63
        1.70711        1.23499   1  64
        1.70711        1.27392   1  65
        1.70711        1.29248   1  66
        1.70711        1.29248   1  67
        1.70711        1.39253   1  68
        1.70711        1.39253   1  69
        1.70711        1.41859   1  70
        1.70711        1.51330   1  71
        1.70711        1.51330   1  72
        1.70711        1.54605   1  73
        1.70711        1.72171   1  74
        1.70711        1.72171   1  75
        1.70711        1.73858   1  76
        1.70711       -0.93689   1   1
        1.70711       -0.86409   1   2
        1.70711       -0.79444   1   3
        1.70711       -0.71701   1   4
        1.70711       -0.70571   1   5
        1.70711       -0.68918   1   6
        1.70711       -0.68918   1   7
        1.70711       -0.68618   1   8
        1.70711       -0.66614   1   9
        1.70711       -0.65730   1  10
        1.70711       -0.65730   1  11
        1.70711       -0.61717   1  12
        1.70711       -0.61717   1  13
        1.70711       -0.60804   1  14
        1.70711       -0.57468   1  15
        1.70711       -0.56427   1  16
        1.70711       -0.56427   1  17
        1.70711       -0.55256   1  18
        1.70711       -0.55256   1  19
        1.70711       -0.51363   1  20
        1.70711       -0.51259   1  21
        1.70711       -0.49405   1  22
        1.70711       -0.46105   1  23
        1.70711       -0.46105   1  24
        1.70711       -0.43247   1  25
        1.70711       -0.42153   1  26
        1.70711       -0.35560   1  27
        1.70711       -0.29651   1  28
        1.70711       -0.20084   1  29
        1.70711       -0.13731   1  30
        1.70711       -0.10745   1  31
        1.70711       -0.03169   1  32
        1.70711       -0.01841   1  33
        1.70711        0.07197   1  34
        1.70711        0.11842   1  35
        1.70711        0.20118   1  36
        1.70711        0.24782   1  37
        1.70711        0.30609   1  38
        1.70711        0.30609   1  39
        1.70711        0.37580   1  40
        1.70711        0.42846   1  41
        1.70711        0.58108   1  42
        1.70711        0.59268   1  43
        1.70711        0.59268   1  44
        1.70711        0.64653   1  45
        1.70711        0.74649   1  46
        1.70711        0.74649   1  47
        1.70711        0.75920   1  48
        1.70711        0.75920   1  49
        1.70711        0.84742   1  50
        1.70711        0.89685   1  51
        1.70711        0.89685   1  52
        1.70711        0.91415   1  53
        1.70711        0.93070   1  54
        1.70711        1.02418   1  55
        1.70711        1.02418   1  56
        1.70711        1.07432   1  57
        1.70711        1.07432   1  58
        1.70711        1.12210   1  59
        1.70711        1.12210   1  60
        1.70711        1.12281   1  61
        1.70711        1.21066   1  62
        1.70711        1.21066   1  63
        1.70711        1.23499   1  64
        1.70711        1.27392   1  65
        1.70711        1.29248   1  66
        1.70711        1.29248   1  67
        1.70711        1.39253   1  68
        1.70711        1.39253   1  69
        1.70711        1.41859   1  70
        1.70711        1.51330   1  71
        1.70711        1.51330   1  72
        1.70711        1.54605   1  73
        1.70711        1.72171   1  74
        1.70711        1.72171   1  75
        1.70711        1.73858   1  76
        1.73653       -0.93689   1   1
        1.73653       -0.86410   1   2
        1.73653       -0.79443   1   3
        1.73653       -0.71702   1   4
        1.73653       -0.70571   1   5
        1.73653       -0.68918   1   6
        1.73653       -0.68918   1   7
        1.73653       -0.68619   1   8
        1.73653       -0.66614   1   9
        1.73653       -0.65730   1  10
        1.73653       -0.65730   1  11
        1.73653       -0.61717   1  12
        1.73653       -0.61717   1  13
        1.73653       -0.60804   1  14
        1.73653       -0.57468   1  15
        1.73653       -0.56427   1  16
        1.73653       -0.56427   1  17
        1.73653       -0.55256   1  18
        1.73653       -0.55256   1  19
        1.73653       -0.51363   1  20
        1.73653       -0.51259   1  21
        1.73653       -0.49405   1  22
        1.73653       -0.46105   1  23
        1.73653       -0.46105   1  24
        1.73653       -0.43252   1  25
        1.73653       -0.42153   1  26
        1.73653       -0.35532   1  27
        1.73653       -0.29701   1  28
        1.73653       -0.20040   1  29
        1.73653       -0.13994   1  30
        1.73653       -0.10102   1  31
        1.73653       -0.04867   1  32
        1.73653       -0.00040   1  33
        1.73653        0.06194   1  34
        1.73653        0.12677   1  35
        1.73653        0.19166   1  36
        1.73653        0.25817   1  37
        1.73653        0.30609   1  38
        1.73653        0.30609   1  39
        1.73653        0.36150   1  40
        1.73653        0.44821   1  41
        1.73653        0.55095   1  42
        1.73653        0.59267   1  43
        1.73653        0.59267   1  44
        1.73653        0.68112   1  45
        1.73653        0.74648   1  46
        1.73653        0.74648   1  47
        1.73653        0.75919   1  48
        1.73653        0.75919   1  49
        1.73653        0.81533   1  50
        1.73653        0.89694   1  51
        1.73653        0.89694   1  52
        1.73653        0.92553   1  53
        1.73653        0.94267   1  54
        1.73653        1.02369   1  55
        1.73653        1.02369   1  56
        1.73653        1.07657   1  57
        1.73653        1.07657   1  58
        1.73653        1.11372   1  59
        1.73653        1.11824   1  60
        1.73653        1.11824   1  61
        1.73653        1.21574   1  62
        1.73653        1.21574   1  63
        1.73653        1.23909   1  64
        1.73653        1.27548   1  65
        1.73653        1.28692   1  66
        1.73653        1.28692   1  67
        1.73653        1.39650   1  68
        1.73653        1.39650   1  69
        1.73653        1.41569   1  70
        1.73653        1.51166   1  71
        1.73653        1.51166   1  72
        1.73653        1.54846   1  73
        1.73653        1.72189   1  74
        1.73653        1.72189   1  75
        1.73653        1.73806   1  76
        1.76595       -0.93689   1   1
        1.76595       -0.86411   1   2
        1.76595       -0.79442   1   3
        1.76595       -0.71702   1   4
        1.76595       -0.70571   1   5
        1.76595       -0.68918   1   6
        1.76595       -0.68918   1   7
        1.76595       -0.68619   1   8
        1.76595       -0.66615   1   9
        1.76595       -0.65730   1  10
        1.76595       -0.65730   1  11
        1.76595       -0.61717   1  12
        1.76595       -0.61717   1  13
        1.76595       -0.60804   1  14
        1.76595       -0.57468   1  15
        1.76595       -0.56427   1  16
        1.76595       -0.56427   1  17
        1.76595       -0.55256   1  18
        1.76595       -0.55256   1  19
        1.76595       -0.51363   1  20
        1.76595       -0.51260   1  21
        1.76595       -0.49405   1  22
        1.76595       -0.46105   1  23
        1.76595       -0.46105   1  24
        1.76595       -0.43257   1  25
        1.76595       -0.42153   1  26
        1.76595       -0.35504   1  27
        1.76595       -0.29751   1  28
        1.76595       -0.19996   1  29
        1.76595       -0.14210   1  30
        1.76595       -0.09328   1  31
        1.76595       -0.06060   1  32
        1.76595        0.01324   1  33
        1.76595        0.05066   1  34
        1.76595        0.13494   1  35
        1.76595        0.18273   1  36
        1.76595        0.26780   1  37
        1.76595        0.30609   1  38
        1.76595        0.30609   1  39
        1.76595        0.34967   1  40
        1.76595        0.47104   1  41
        1.76595        0.52251   1  42
        1.76595        0.59267   1  43
        1.76595        0.59267   1  44
        1.76595        0.71771   1  45
        1.76595        0.74647   1  46
        1.76595        0.74647   1  47
        1.76595        0.75917   1  48
        1.76595        0.75917   1  49
        1.76595        0.77974   1  50
        1.76595        0.89704   1  51
        1.76595        0.89704   1  52
        1.76595        0.92674   1  53
        1.76595        0.95895   1  54
        1.76595        1.02323   1  55
        1.76595        1.02323   1  56
        1.76595        1.07915   1  57
        1.76595        1.07915   1  58
        1.76595        1.10429   1  59
        1.76595        1.11420   1  60
        1.76595        1.11420   1  61
        1.76595        1.22125   1  62
        1.76595        1.22125   1  63
        1.76595        1.24251   1  64
        1.76595        1.27736   1  65
        1.76595        1.28098   1  66
        1.76595        1.28098   1  67
        1.76595        1.40033   1  68
        1.76595        1.40033   1  69
        1.76595        1.41277   1  70
        1.76595        1.50995   1  71
        1.76595        1.50995   1  72
        1.76595        1.55082   1  73
        1.76595        1.72207   1  74
        1.76595        1.72207   1  75
        1.76595        1.73753   1  76
        1.76595       -0.93689   1   1
        1.76595       -0.86411   1   2
        1.76595       -0.79442   1   3
        1.76595       -0.71702   1   4
        1.76595       -0.70571   1   5
        1.76595       -0.68918   1   6
        1.76595       -0.68918   1   7
        1.76595       -0.68619   1   8
        1.76595       -0.66615   1   9
        1.76595       -0.65730   1  10
        1.76595       -0.65730   1  11
        1.76595       -0.61717   1  12
        1.76595       -0.61717   1  13
        1.76595       -0.60804   1  14
        1.76595       -0.57468   1  15
        1.76595       -0.56427   1  16
        1.76595       -0.56427   1  17
        1.76595       -0.55256   1  18
        1.76595       -0.55256   1  19
        1.76595       -0.51363   1  20
        1.76595       -0.51260   1  21
        1.76595       -0.49405   1  22
        1.76595       -0.46105   1  23
        1.76595       -0.46105   1  24
        1.76595       -0.43257   1  25
        1.76595       -0.42153   1  26
        1.76595       -0.35504   1  27
        1.76595       -0.29751   1  28
        1.76595       -0.19996   1  29
        1.76595       -0.14210   1  30
        1.76595       -0.09328   1  31
        1.76595       -0.06060   1  32
        1.76595        0.01324   1  33
        1.76595        0.05066   1  34
        1.76595        0.13494   1  35
        1.76595        0.18273   1  36
        1.76595        0.26780   1  37
        1.76595        0.30609   1  38
        1.76595        0.30609   1  39
        1.76595        0.34967   1  40
        1.76595        0.47104   1  41
        1.76595        0.52251   1  42
        1.76595        0.59267   1  43
        1.76595        0.59267   1  44
        1.76595        0.71771   1  45
        1.76595        0.74647   1  46
        1.76595        0.74647   1  47
        1.76595        0.75917   1  48
        1.76595        0.75917   1  49
        1.76595        0.77974   1  50
        1.76595        0.89704   1  51
        1.76595        0.89704   1  52
        1.76595        0.92674   1  53
        1.76595        0.95895   1  54
        1.76595        1.02323   1  55
        1.76595        1.02323   1  56
        1.76595        1.07915   1  57
        1.76595        1.07915   1  58
        1.76595        1.10429   1  59
        1.76595        1.11420   1  60
        1.76595        1.11420   1  61
        1.76595        1.22125   1  62
        1.76595        1.22125   1  63
        1.76595        1.24251   1  64
        1.76595        1.27736   1  65
        1.76595        1.28098   1  66
        1.76595        1.28098   1  67
        1.76595        1.40033   1  68
        1.76595        1.40033   1  69
        1.76595        1.41277   1  70
        1.76595        1.50995   1  71
        1.76595        1.50995   1  72
        1.76595        1.55082   1  73
        1.76595        1.72207   1  74
        1.76595        1.72207   1  75
        1.76595        1.73753   1  76
        1.80761       -0.93497   1   1
        1.80761       -0.86306   1   2
        1.80761       -0.79476   1   3
        1.80761       -0.71842   1   4
        1.80761       -0.70499   1   5
        1.80761       -0.69248   1   6
        1.80761       -0.68891   1   7
        1.80761       -0.68549   1   8
        1.80761       -0.67261   1   9
        1.80761       -0.65719   1  10
        1.80761       -0.65253   1  11
        1.80761       -0.62221   1  12
        1.80761       -0.61736   1  13
        1.80761       -0.60811   1  14
        1.80761       -0.57786   1  15
        1.80761       -0.56499   1  16
        1.80761       -0.56302   1  17
        1.80761       -0.55270   1  18
        1.80761       -0.55231   1  19
        1.80761       -0.51463   1  20
        1.80761       -0.51118   1  21
        1.80761       -0.49339   1  22
        1.80761       -0.46182   1  23
        1.80761       -0.45911   1  24
        1.80761       -0.43202   1  25
        1.80761       -0.42209   1  26
        1.80761       -0.35173   1  27
        1.80761       -0.29530   1  28
        1.80761       -0.19750   1  29
        1.80761       -0.13957   1  30
        1.80761       -0.09074   1  31
        1.80761       -0.05865   1  32
        1.80761        0.01562   1  33
        1.80761        0.05285   1  34
        1.80761        0.13777   1  35
        1.80761        0.18376   1  36
        1.80761        0.26978   1  37
        1.80761        0.28787   1  38
        1.80761        0.31003   1  39
        1.80761        0.35035   1  40
        1.80761        0.47131   1  41
        1.80761        0.51975   1  42
        1.80761        0.57375   1  43
        1.80761        0.59442   1  44
        1.80761        0.71036   1  45
        1.80761        0.73999   1  46
        1.80761        0.74447   1  47
        1.80761        0.75492   1  48
        1.80761        0.75580   1  49
        1.80761        0.77900   1  50
        1.80761        0.86981   1  51
        1.80761        0.89237   1  52
        1.80761        0.94378   1  53
        1.80761        0.95383   1  54
        1.80761        1.01071   1  55
        1.80761        1.02208   1  56
        1.80761        1.05158   1  57
        1.80761        1.07929   1  58
        1.80761        1.10001   1  59
        1.80761        1.10716   1  60
        1.80761        1.11196   1  61
        1.80761        1.20750   1  62
        1.80761        1.22167   1  63
        1.80761        1.22773   1  64
        1.80761        1.25313   1  65
        1.80761        1.28241   1  66
        1.80761        1.31506   1  67
        1.80761        1.35845   1  68
        1.80761        1.39970   1  69
        1.80761        1.42422   1  70
        1.80761        1.49921   1  71
        1.80761        1.51231   1  72
        1.80761        1.55101   1  73
        1.80761        1.71750   1  74
        1.80761        1.72855   1  75
        1.80761        1.74150   1  76
        1.84928       -0.92927   1   1
        1.84928       -0.86001   1   2
        1.84928       -0.79618   1   3
        1.84928       -0.72430   1   4
        1.84928       -0.70310   1   5
        1.84928       -0.70063   1   6
        1.84928       -0.68810   1   7
        1.84928       -0.68706   1   8
        1.84928       -0.67826   1   9
        1.84928       -0.65685   1  10
        1.84928       -0.64761   1  11
        1.84928       -0.63523   1  12
        1.84928       -0.61794   1  13
        1.84928       -0.60781   1  14
        1.84928       -0.58406   1  15
        1.84928       -0.56771   1  16
        1.84928       -0.56352   1  17
        1.84928       -0.55205   1  18
        1.84928       -0.55065   1  19
        1.84928       -0.51682   1  20
        1.84928       -0.50764   1  21
        1.84928       -0.49157   1  22
        1.84928       -0.46395   1  23
        1.84928       -0.45406   1  24
        1.84928       -0.43070   1  25
        1.84928       -0.42361   1  26
        1.84928       -0.34224   1  27
        1.84928       -0.28907   1  28
        1.84928       -0.19013   1  29
        1.84928       -0.13207   1  30
        1.84928       -0.08328   1  31
        1.84928       -0.05333   1  32
        1.84928        0.02239   1  33
        1.84928        0.05927   1  34
        1.84928        0.14594   1  35
        1.84928        0.18579   1  36
        1.84928        0.23910   1  37
        1.84928        0.27636   1  38
        1.84928        0.32170   1  39
        1.84928        0.35258   1  40
        1.84928        0.46560   1  41
        1.84928        0.49920   1  42
        1.84928        0.54284   1  43
        1.84928        0.59962   1  44
        1.84928        0.67675   1  45
        1.84928        0.70938   1  46
        1.84928        0.73831   1  47
        1.84928        0.74630   1  48
        1.84928        0.75171   1  49
        1.84928        0.77297   1  50
        1.84928        0.82390   1  51
        1.84928        0.87791   1  52
        1.84928        0.91870   1  53
        1.84928        0.94879   1  54
        1.84928        0.97717   1  55
        1.84928        1.00488   1  56
        1.84928        1.01773   1  57
        1.84928        1.05884   1  58
        1.84928        1.07261   1  59
        1.84928        1.08007   1  60
        1.84928        1.10884   1  61
        1.84928        1.16213   1  62
        1.84928        1.19719   1  63
        1.84928        1.22415   1  64
        1.84928        1.25441   1  65
        1.84928        1.27984   1  66
        1.84928        1.28642   1  67
        1.84928        1.34868   1  68
        1.84928        1.38460   1  69
        1.84928        1.39780   1  70
        1.84928        1.51274   1  71
        1.84928        1.52015   1  72
        1.84928        1.52114   1  73
        1.84928        1.71290   1  74
        1.84928        1.74558   1  75
        1.84928        1.74580   1  76
        1.89095       -0.92015   1   1
        1.89095       -0.85532   1   2
        1.89095       -0.79981   1   3
        1.89095       -0.73688   1   4
        1.89095       -0.71410   1   5
        1.89095       -0.70024   1   6
        1.89095       -0.69111   1   7
        1.89095       -0.68680   1   8
        1.89095       -0.67580   1   9
        1.89095       -0.65630   1  10
        1.89095       -0.65493   1  11
        1.89095       -0.64176   1  12
        1.89095       -0.61889   1  13
        1.89095       -0.60587   1  14
        1.89095       -0.59092   1  15
        1.89095       -0.57215   1  16
        1.89095       -0.56762   1  17
        1.89095       -0.55008   1  18
        1.89095       -0.54795   1  19
        1.89095       -0.51886   1  20
        1.89095       -0.50309   1  21
        1.89095       -0.48908   1  22
        1.89095       -0.46693   1  23
        1.89095       -0.44735   1  24
        1.89095       -0.42904   1  25
        1.89095       -0.42573   1  26
        1.89095       -0.32818   1  27
        1.89095       -0.27917   1  28
        1.89095       -0.17812   1  29
        1.89095       -0.12001   1  30
        1.89095       -0.07156   1  31
        1.89095       -0.04524   1  32
        1.89095        0.03276   1  33
        1.89095        0.06919   1  34
        1.89095        0.15850   1  35
        1.89095        0.16509   1  36
        1.89095        0.19890   1  37
        1.89095        0.28553   1  38
        1.89095        0.34077   1  39
        1.89095        0.35504   1  40
        1.89095        0.41102   1  41
        1.89095        0.48518   1  42
        1.89095        0.53027   1  43
        1.89095        0.60564   1  44
        1.89095        0.60795   1  45
        1.89095        0.65694   1  46
        1.89095        0.72609   1  47
        1.89095        0.72780   1  48
        1.89095        0.73251   1  49
        1.89095        0.74639   1  50
        1.89095        0.78419   1  51
        1.89095        0.84826   1  52
        1.89095        0.85423   1  53
        1.89095        0.86703   1  54
        1.89095        0.90249   1  55
        1.89095        0.98701   1  56
        1.89095        0.99159   1  57
        1.89095        1.01098   1  58
        1.89095        1.01423   1  59
        1.89095        1.08329   1  60
        1.89095        1.08799   1  61
        1.89095        1.11187   1  62
        1.89095        1.16223   1  63
        1.89095        1.22621   1  64
        1.89095        1.23022   1  65
        1.89095        1.23667   1  66
        1.89095        1.29197   1  67
        1.89095        1.29850   1  68
        1.89095        1.37745   1  69
        1.89095        1.39553   1  70
        1.89095        1.46608   1  71
        1.89095        1.52443   1  72
        1.89095        1.53910   1  73
        1.89095        1.70857   1  74
        1.89095        1.74150   1  75
        1.89095        1.76625   1  76
        1.93261       -0.90831   1   1
        1.93261       -0.85009   1   2
        1.93261       -0.80674   1   3
        1.93261       -0.75396   1   4
        1.93261       -0.73171   1   5
        1.93261       -0.69747   1   6
        1.93261       -0.69399   1   7
        1.93261       -0.68505   1   8
        1.93261       -0.67149   1   9
        1.93261       -0.66838   1  10
        1.93261       -0.65554   1  11
        1.93261       -0.64011   1  12
        1.93261       -0.62024   1  13
        1.93261       -0.60089   1  14
        1.93261       -0.59777   1  15
        1.93261       -0.57682   1  16
        1.93261       -0.57397   1  17
        1.93261       -0.54784   1  18
        1.93261       -0.54576   1  19
        1.93261       -0.52008   1  20
        1.93261       -0.49822   1  21
        1.93261       -0.48657   1  22
        1.93261       -0.47006   1  23
        1.93261       -0.44013   1  24
        1.93261       -0.42795   1  25
        1.93261       -0.42704   1  26
        1.93261       -0.31156   1  27
        1.93261       -0.26547   1  28
        1.93261       -0.16203   1  29
        1.93261       -0.10442   1  30
        1.93261       -0.05662   1  31
        1.93261       -0.03446   1  32
        1.93261        0.04529   1  33
        1.93261        0.07651   1  34
        1.93261        0.10488   1  35
        1.93261        0.17507   1  36
        1.93261        0.19967   1  37
        1.93261        0.29021   1  38
        1.93261        0.32820   1  39
        1.93261        0.36516   1  40
        1.93261        0.36682   1  41
        1.93261        0.46692   1  42
        1.93261        0.51517   1  43
        1.93261        0.52015   1  44
        1.93261        0.58429   1  45
        1.93261        0.61853   1  46
        1.93261        0.65795   1  47
        1.93261        0.67359   1  48
        1.93261        0.71351   1  49
        1.93261        0.71690   1  50
        1.93261        0.73264   1  51
        1.93261        0.76292   1  52
        1.93261        0.79049   1  53
        1.93261        0.80341   1  54
        1.93261        0.82646   1  55
        1.93261        0.88459   1  56
        1.93261        0.92774   1  57
        1.93261        0.99541   1  58
        1.93261        1.00878   1  59
        1.93261        1.02156   1  60
        1.93261        1.09034   1  61
        1.93261        1.09381   1  62
        1.93261        1.12297   1  63
        1.93261        1.17613   1  64
        1.93261        1.20917   1  65
        1.93261        1.23850   1  66
        1.93261        1.24957   1  67
        1.93261        1.29699   1  68
        1.93261        1.34114   1  69
        1.93261        1.39857   1  70
        1.93261        1.43968   1  71
        1.93261        1.51216   1  72
        1.93261        1.56365   1  73
        1.93261        1.69886   1  74
        1.93261        1.72273   1  75
        1.93261        1.78208   1  76
        1.97428       -0.89504   1   1
        1.97428       -0.84754   1   2
        1.97428       -0.81556   1   3
        1.97428       -0.77096   1   4
        1.97428       -0.75265   1   5
        1.97428       -0.69963   1   6
        1.97428       -0.69362   1   7
        1.97428       -0.68297   1   8
        1.97428       -0.67726   1   9
        1.97428       -0.66275   1  10
        1.97428       -0.65459   1  11
        1.97428       -0.63918   1  12
        1.97428       -0.62197   1  13
        1.97428       -0.60427   1  14
        1.97428       -0.59195   1  15
        1.97428       -0.58142   1  16
        1.97428       -0.58045   1  17
        1.97428       -0.54629   1  18
        1.97428       -0.54477   1  19
        1.97428       -0.52048   1  20
        1.97428       -0.49376   1  21
        1.97428       -0.48439   1  22
        1.97428       -0.47249   1  23
        1.97428       -0.43315   1  24
        1.97428       -0.42979   1  25
        1.97428       -0.42431   1  26
        1.97428       -0.29294   1  27
        1.97428       -0.24896   1  28
        1.97428       -0.14206   1  29
        1.97428       -0.08738   1  30
        1.97428       -0.03982   1  31
        1.97428       -0.02353   1  32
        1.97428        0.02608   1  33
        1.97428        0.06122   1  34
        1.97428        0.10055   1  35
        1.97428        0.19204   1  36
        1.97428        0.20286   1  37
        1.97428        0.23874   1  38
        1.97428        0.31332   1  39
        1.97428        0.35040   1  40
        1.97428        0.39869   1  41
        1.97428        0.39920   1  42
        1.97428        0.45533   1  43
        1.97428        0.50052   1  44
        1.97428        0.51941   1  45
        1.97428        0.57216   1  46
        1.97428        0.61059   1  47
        1.97428        0.62937   1  48
        1.97428        0.63389   1  49
        1.97428        0.67894   1  50
        1.97428        0.69732   1  51
        1.97428        0.70106   1  52
        1.97428        0.74033   1  53
        1.97428        0.75459   1  54
        1.97428        0.79693   1  55
        1.97428        0.80262   1  56
        1.97428        0.85975   1  57
        1.97428        0.94856   1  58
        1.97428        0.97306   1  59
        1.97428        1.01659   1  60
        1.97428        1.04069   1  61
        1.97428        1.09691   1  62
        1.97428        1.12032   1  63
        1.97428        1.14064   1  64
        1.97428        1.16575   1  65
        1.97428        1.21313   1  66
        1.97428        1.24284   1  67
        1.97428        1.28128   1  68
        1.97428        1.30483   1  69
        1.97428        1.41464   1  70
        1.97428        1.42920   1  71
        1.97428        1.47830   1  72
        1.97428        1.58689   1  73
        1.97428        1.67725   1  74
        1.97428        1.69314   1  75
        1.97428        1.78748   1  76
        2.01595       -0.88304   1   1
        2.01595       -0.85426   1   2
        2.01595       -0.82037   1   3
        2.01595       -0.78355   1   4
        2.01595       -0.77432   1   5
        2.01595       -0.70277   1   6
        2.01595       -0.69109   1   7
        2.01595       -0.68067   1   8
        2.01595       -0.67952   1   9
        2.01595       -0.65560   1  10
        2.01595       -0.65347   1  11
        2.01595       -0.63822   1  12
        2.01595       -0.62406   1  13
        2.01595       -0.61021   1  14
        2.01595       -0.58912   1  15
        2.01595       -0.58390   1  16
        2.01595       -0.57743   1  17
        2.01595       -0.54571   1  18
        2.01595       -0.54510   1  19
        2.01595       -0.52028   1  20
        2.01595       -0.49113   1  21
        2.01595       -0.48173   1  22
        2.01595       -0.47355   1  23
        2.01595       -0.43109   1  24
        2.01595       -0.42666   1  25
        2.01595       -0.42029   1  26
        2.01595       -0.27161   1  27
        2.01595       -0.23195   1  28
        2.01595       -0.11799   1  29
        2.01595       -0.07511   1  30
        2.01595       -0.05328   1  31
        2.01595       -0.01474   1  32
        2.01595        0.00251   1  33
        2.01595        0.07147   1  34
        2.01595        0.11028   1  35
        2.01595        0.17491   1  36
        2.01595        0.19535   1  37
        2.01595        0.21864   1  38
        2.01595        0.28057   1  39
        2.01595        0.33240   1  40
        2.01595        0.35207   1  41
        2.01595        0.40749   1  42
        2.01595        0.43709   1  43
        2.01595        0.44510   1  44
        2.01595        0.48766   1  45
        2.01595        0.52360   1  46
        2.01595        0.55808   1  47
        2.01595        0.58801   1  48
        2.01595        0.59989   1  49
        2.01595        0.63670   1  50
        2.01595        0.68078   1  51
        2.01595        0.68207   1  52
        2.01595        0.68672   1  53
        2.01595        0.69984   1  54
        2.01595        0.75234   1  55
        2.01595        0.78832   1  56
        2.01595        0.81556   1  57
        2.01595        0.88474   1  58
        2.01595        0.92603   1  59
        2.01595        1.01555   1  60
        2.01595        1.03348   1  61
        2.01595        1.07006   1  62
        2.01595        1.09179   1  63
        2.01595        1.10540   1  64
        2.01595        1.16422   1  65
        2.01595        1.17970   1  66
        2.01595        1.22914   1  67
        2.01595        1.24323   1  68
        2.01595        1.32534   1  69
        2.01595        1.39636   1  70
        2.01595        1.44177   1  71
        2.01595        1.44533   1  72
        2.01595        1.60239   1  73
        2.01595        1.63566   1  74
        2.01595        1.67045   1  75
        2.01595        1.78107   1  76
        2.05761       -0.87769   1   1
        2.05761       -0.86923   1   2
        2.05761       -0.81935   1   3
        2.05761       -0.80315   1   4
        2.05761       -0.77797   1   5
        2.05761       -0.70309   1   6
        2.05761       -0.68898   1   7
        2.05761       -0.68007   1   8
        2.05761       -0.67833   1   9
        2.05761       -0.65223   1  10
        2.05761       -0.65212   1  11
        2.05761       -0.63403   1  12
        2.05761       -0.62641   1  13
        2.05761       -0.61547   1  14
        2.05761       -0.59644   1  15
        2.05761       -0.58358   1  16
        2.05761       -0.56323   1  17
        2.05761       -0.54656   1  18
        2.05761       -0.54452   1  19
        2.05761       -0.51969   1  20
        2.05761       -0.49117   1  21
        2.05761       -0.47763   1  22
        2.05761       -0.47300   1  23
        2.05761       -0.43156   1  24
        2.05761       -0.42117   1  25
        2.05761       -0.41439   1  26
        2.05761       -0.24796   1  27
        2.05761       -0.21871   1  28
        2.05761       -0.11764   1  29
        2.05761       -0.08915   1  30
        2.05761       -0.05614   1  31
        2.05761        0.00094   1  32
        2.05761        0.01804   1  33
        2.05761        0.06835   1  34
        2.05761        0.11801   1  35
        2.05761        0.13734   1  36
        2.05761        0.18665   1  37
        2.05761        0.23011   1  38
        2.05761        0.24628   1  39
        2.05761        0.30608   1  40
        2.05761        0.33204   1  41
        2.05761        0.39166   1  42
        2.05761        0.40610   1  43
        2.05761        0.44097   1  44
        2.05761        0.46747   1  45
        2.05761        0.47964   1  46
        2.05761        0.52048   1  47
        2.05761        0.54405   1  48
        2.05761        0.57254   1  49
        2.05761        0.62266   1  50
        2.05761        0.63631   1  51
        2.05761        0.64723   1  52
        2.05761        0.66481   1  53
        2.05761        0.67556   1  54
        2.05761        0.72584   1  55
        2.05761        0.77684   1  56
        2.05761        0.78655   1  57
        2.05761        0.83894   1  58
        2.05761        0.88386   1  59
        2.05761        0.99081   1  60
        2.05761        1.02416   1  61
        2.05761        1.05221   1  62
        2.05761        1.05602   1  63
        2.05761        1.06506   1  64
        2.05761        1.13474   1  65
        2.05761        1.19392   1  66
        2.05761        1.20178   1  67
        2.05761        1.25434   1  68
        2.05761        1.34788   1  69
        2.05761        1.35687   1  70
        2.05761        1.41955   1  71
        2.05761        1.47100   1  72
        2.05761        1.59738   1  73
        2.05761        1.60846   1  74
        2.05761        1.64987   1  75
        2.05761        1.76380   1  76
        2.09928       -0.88639   1   1
        2.09928       -0.88146   1   2
        2.09928       -0.82582   1   3
        2.09928       -0.81140   1   4
        2.09928       -0.76884   1   5
        2.09928       -0.70171   1   6
        2.09928       -0.68804   1   7
        2.09928       -0.67866   1   8
        2.09928       -0.67612   1   9
        2.09928       -0.65424   1  10
        2.09928       -0.65050   1  11
        2.09928       -0.62888   1  12
        2.09928       -0.62551   1  13
        2.09928       -0.61998   1  14
        2.09928       -0.60292   1  15
        2.09928       -0.58184   1  16
        2.09928       -0.55657   1  17
        2.09928       -0.54870   1  18
        2.09928       -0.53480   1  19
        2.09928       -0.51891   1  20
        2.09928       -0.49281   1  21
        2.09928       -0.47330   1  22
        2.09928       -0.47008   1  23
        2.09928       -0.43146   1  24
        2.09928       -0.41663   1  25
        2.09928       -0.40620   1  26
        2.09928       -0.22756   1  27
        2.09928       -0.22272   1  28
        2.09928       -0.14980   1  29
        2.09928       -0.05876   1  30
        2.09928       -0.05679   1  31
        2.09928       -0.00024   1  32
        2.09928        0.04204   1  33
        2.09928        0.06621   1  34
        2.09928        0.10423   1  35
        2.09928        0.14212   1  36
        2.09928        0.18150   1  37
        2.09928        0.21411   1  38
        2.09928        0.24812   1  39
        2.09928        0.29521   1  40
        2.09928        0.32204   1  41
        2.09928        0.34370   1  42
        2.09928        0.38220   1  43
        2.09928        0.40932   1  44
        2.09928        0.44846   1  45
        2.09928        0.46732   1  46
        2.09928        0.50795   1  47
        2.09928        0.52549   1  48
        2.09928        0.53369   1  49
        2.09928        0.59365   1  50
        2.09928        0.60881   1  51
        2.09928        0.62962   1  52
        2.09928        0.65058   1  53
        2.09928        0.66676   1  54
        2.09928        0.69942   1  55
        2.09928        0.74034   1  56
        2.09928        0.79685   1  57
        2.09928        0.81125   1  58
        2.09928        0.85526   1  59
        2.09928        0.95455   1  60
        2.09928        0.97725   1  61
        2.09928        1.02067   1  62
        2.09928        1.02074   1  63
        2.09928        1.08172   1  64
        2.09928        1.09086   1  65
        2.09928        1.18663   1  66
        2.09928        1.22980   1  67
        2.09928        1.27966   1  68
        2.09928        1.31271   1  69
        2.09928        1.39254   1  70
        2.09928        1.39362   1  71
        2.09928        1.49504   1  72
        2.09928        1.57378   1  73
        2.09928        1.60618   1  74
        2.09928        1.63164   1  75
        2.09928        1.73708   1  76
        2.14095       -0.90136   1   1
        2.14095       -0.89024   1   2
        2.14095       -0.84555   1   3
        2.14095       -0.79925   1   4
        2.14095       -0.75724   1   5
        2.14095       -0.69961   1   6
        2.14095       -0.68847   1   7
        2.14095       -0.67532   1   8
        2.14095       -0.67424   1   9
        2.14095       -0.65850   1  10
        2.14095       -0.64856   1  11
        2.14095       -0.63134   1  12
        2.14095       -0.62374   1  13
        2.14095       -0.61591   1  14
        2.14095       -0.60823   1  15
        2.14095       -0.57864   1  16
        2.14095       -0.55777   1  17
        2.14095       -0.55103   1  18
        2.14095       -0.51849   1  19
        2.14095       -0.51809   1  20
        2.14095       -0.49493   1  21
        2.14095       -0.47039   1  22
        2.14095       -0.46311   1  23
        2.14095       -0.43102   1  24
        2.14095       -0.41311   1  25
        2.14095       -0.39523   1  26
        2.14095       -0.26867   1  27
        2.14095       -0.19758   1  28
        2.14095       -0.14992   1  29
        2.14095       -0.07529   1  30
        2.14095       -0.02295   1  31
        2.14095       -0.01124   1  32
        2.14095        0.06842   1  33
        2.14095        0.07577   1  34
        2.14095        0.08848   1  35
        2.14095        0.16463   1  36
        2.14095        0.17702   1  37
        2.14095        0.19473   1  38
        2.14095        0.24643   1  39
        2.14095        0.28550   1  40
        2.14095        0.31198   1  41
        2.14095        0.33114   1  42
        2.14095        0.33883   1  43
        2.14095        0.37560   1  44
        2.14095        0.44315   1  45
        2.14095        0.45496   1  46
        2.14095        0.47418   1  47
        2.14095        0.48784   1  48
        2.14095        0.56324   1  49
        2.14095        0.56962   1  50
        2.14095        0.59720   1  51
        2.14095        0.62404   1  52
        2.14095        0.63941   1  53
        2.14095        0.66098   1  54
        2.14095        0.66519   1  55
        2.14095        0.72154   1  56
        2.14095        0.79178   1  57
        2.14095        0.81364   1  58
        2.14095        0.83472   1  59
        2.14095        0.93041   1  60
        2.14095        0.93979   1  61
        2.14095        0.96792   1  62
        2.14095        0.98161   1  63
        2.14095        1.07474   1  64
        2.14095        1.10804   1  65
        2.14095        1.15664   1  66
        2.14095        1.27131   1  67
        2.14095        1.30608   1  68
        2.14095        1.31347   1  69
        2.14095        1.36766   1  70
        2.14095        1.42566   1  71
        2.14095        1.51039   1  72
        2.14095        1.56207   1  73
        2.14095        1.59743   1  74
        2.14095        1.61734   1  75
        2.14095        1.70283   1  76
        2.18261       -0.91308   1   1
        2.18261       -0.89827   1   2
        2.18261       -0.86088   1   3
        2.18261       -0.78704   1   4
        2.18261       -0.74752   1   5
        2.18261       -0.69722   1   6
        2.18261       -0.68933   1   7
        2.18261       -0.67301   1   8
        2.18261       -0.67284   1   9
        2.18261       -0.66139   1  10
        2.18261       -0.64632   1  11
        2.18261       -0.63379   1  12
        2.18261       -0.62665   1  13
        2.18261       -0.61217   1  14
        2.18261       -0.60740   1  15
        2.18261       -0.57480   1  16
        2.18261       -0.56026   1  17
        2.18261       -0.55307   1  18
        2.18261       -0.51740   1  19
        2.18261       -0.50435   1  20
        2.18261       -0.49672   1  21
        2.18261       -0.46786   1  22
        2.18261       -0.45183   1  23
        2.18261       -0.43050   1  24
        2.18261       -0.41063   1  25
        2.18261       -0.38183   1  26
        2.18261       -0.31759   1  27
        2.18261       -0.16948   1  28
        2.18261       -0.15543   1  29
        2.18261       -0.08609   1  30
        2.18261       -0.02060   1  31
        2.18261        0.01581   1  32
        2.18261        0.04843   1  33
        2.18261        0.10495   1  34
        2.18261        0.10618   1  35
        2.18261        0.16011   1  36
        2.18261        0.18048   1  37
        2.18261        0.19016   1  38
        2.18261        0.23173   1  39
        2.18261        0.26319   1  40
        2.18261        0.30761   1  41
        2.18261        0.31753   1  42
        2.18261        0.33718   1  43
        2.18261        0.35722   1  44
        2.18261        0.39981   1  45
        2.18261        0.43284   1  46
        2.18261        0.47454   1  47
        2.18261        0.48830   1  48
        2.18261        0.53360   1  49
        2.18261        0.57508   1  50
        2.18261        0.59248   1  51
        2.18261        0.62578   1  52
        2.18261        0.63516   1  53
        2.18261        0.64933   1  54
        2.18261        0.67127   1  55
        2.18261        0.70229   1  56
        2.18261        0.78333   1  57
        2.18261        0.81678   1  58
        2.18261        0.82972   1  59
        2.18261        0.91160   1  60
        2.18261        0.91432   1  61
        2.18261        0.92212   1  62
        2.18261        0.95271   1  63
        2.18261        1.06291   1  64
        2.18261        1.13193   1  65
        2.18261        1.13195   1  66
        2.18261        1.29956   1  67
        2.18261        1.31711   1  68
        2.18261        1.34862   1  69
        2.18261        1.35580   1  70
        2.18261        1.44938   1  71
        2.18261        1.51564   1  72
        2.18261        1.55487   1  73
        2.18261        1.58610   1  74
        2.18261        1.60823   1  75
        2.18261        1.66530   1  76
        2.22428       -0.92048   1   1
        2.22428       -0.90346   1   2
        2.22428       -0.87067   1   3
        2.22428       -0.77794   1   4
        2.22428       -0.74196   1   5
        2.22428       -0.69505   1   6
        2.22428       -0.69005   1   7
        2.22428       -0.67453   1   8
        2.22428       -0.67199   1   9
        2.22428       -0.66016   1  10
        2.22428       -0.64397   1  11
        2.22428       -0.63619   1  12
        2.22428       -0.62848   1  13
        2.22428       -0.61461   1  14
        2.22428       -0.60134   1  15
        2.22428       -0.57171   1  16
        2.22428       -0.56229   1  17
        2.22428       -0.55445   1  18
        2.22428       -0.51694   1  19
        2.22428       -0.49783   1  20
        2.22428       -0.49561   1  21
        2.22428       -0.46590   1  22
        2.22428       -0.43402   1  23
        2.22428       -0.43010   1  24
        2.22428       -0.40916   1  25
        2.22428       -0.37672   1  26
        2.22428       -0.35326   1  27
        2.22428       -0.17475   1  28
        2.22428       -0.14410   1  29
        2.22428       -0.08125   1  30
        2.22428       -0.03154   1  31
        2.22428        0.03113   1  32
        2.22428        0.05667   1  33
        2.22428        0.11338   1  34
        2.22428        0.12445   1  35
        2.22428        0.15611   1  36
        2.22428        0.16869   1  37
        2.22428        0.19362   1  38
        2.22428        0.22417   1  39
        2.22428        0.25057   1  40
        2.22428        0.29483   1  41
        2.22428        0.30840   1  42
        2.22428        0.31373   1  43
        2.22428        0.37118   1  44
        2.22428        0.39560   1  45
        2.22428        0.40814   1  46
        2.22428        0.46621   1  47
        2.22428        0.47669   1  48
        2.22428        0.52904   1  49
        2.22428        0.56200   1  50
        2.22428        0.59369   1  51
        2.22428        0.62266   1  52
        2.22428        0.63523   1  53
        2.22428        0.63701   1  54
        2.22428        0.69381   1  55
        2.22428        0.71244   1  56
        2.22428        0.76611   1  57
        2.22428        0.81293   1  58
        2.22428        0.83646   1  59
        2.22428        0.85963   1  60
        2.22428        0.90489   1  61
        2.22428        0.91568   1  62
        2.22428        0.94187   1  63
        2.22428        1.04197   1  64
        2.22428        1.13241   1  65
        2.22428        1.14906   1  66
        2.22428        1.27509   1  67
        2.22428        1.36275   1  68
        2.22428        1.36502   1  69
        2.22428        1.37696   1  70
        2.22428        1.45376   1  71
        2.22428        1.51314   1  72
        2.22428        1.54874   1  73
        2.22428        1.58043   1  74
        2.22428        1.60390   1  75
        2.22428        1.63233   1  76
        2.26595       -0.92301   1   1
        2.26595       -0.90521   1   2
        2.26595       -0.87407   1   3
        2.26595       -0.77450   1   4
        2.26595       -0.74036   1   5
        2.26595       -0.69409   1   6
        2.26595       -0.69035   1   7
        2.26595       -0.67586   1   8
        2.26595       -0.67171   1   9
        2.26595       -0.65895   1  10
        2.26595       -0.64262   1  11
        2.26595       -0.63756   1  12
        2.26595       -0.62911   1  13
        2.26595       -0.61543   1  14
        2.26595       -0.59907   1  15
        2.26595       -0.57057   1  16
        2.26595       -0.56304   1  17
        2.26595       -0.55494   1  18
        2.26595       -0.51678   1  19
        2.26595       -0.49812   1  20
        2.26595       -0.49287   1  21
        2.26595       -0.46514   1  22
        2.26595       -0.42995   1  23
        2.26595       -0.41464   1  24
        2.26595       -0.40867   1  25
        2.26595       -0.39737   1  26
        2.26595       -0.35507   1  27
        2.26595       -0.18411   1  28
        2.26595       -0.13315   1  29
        2.26595       -0.07841   1  30
        2.26595       -0.03860   1  31
        2.26595        0.02689   1  32
        2.26595        0.08739   1  33
        2.26595        0.10982   1  34
        2.26595        0.11161   1  35
        2.26595        0.15192   1  36
        2.26595        0.18018   1  37
        2.26595        0.19168   1  38
        2.26595        0.22522   1  39
        2.26595        0.23936   1  40
        2.26595        0.28704   1  41
        2.26595        0.29913   1  42
        2.26595        0.31729   1  43
        2.26595        0.35468   1  44
        2.26595        0.41830   1  45
        2.26595        0.42237   1  46
        2.26595        0.44290   1  47
        2.26595        0.45300   1  48
        2.26595        0.54054   1  49
        2.26595        0.56094   1  50
        2.26595        0.59291   1  51
        2.26595        0.62107   1  52
        2.26595        0.62574   1  53
        2.26595        0.63449   1  54
        2.26595        0.69764   1  55
        2.26595        0.74518   1  56
        2.26595        0.75328   1  57
        2.26595        0.81379   1  58
        2.26595        0.81425   1  59
        2.26595        0.85010   1  60
        2.26595        0.90229   1  61
        2.26595        0.91583   1  62
        2.26595        0.93785   1  63
        2.26595        1.03207   1  64
        2.26595        1.13761   1  65
        2.26595        1.15534   1  66
        2.26595        1.26147   1  67
        2.26595        1.37111   1  68
        2.26595        1.38290   1  69
        2.26595        1.39625   1  70
        2.26595        1.44204   1  71
        2.26595        1.51188   1  72
        2.26595        1.54593   1  73
        2.26595        1.58188   1  74
        2.26595        1.60271   1  75
        2.26595        1.61681   1  76
        2.26595       -0.92301   1   1
        2.26595       -0.90521   1   2
        2.26595       -0.87407   1   3
        2.26595       -0.77450   1   4
        2.26595       -0.74036   1   5
        2.26595       -0.69409   1   6
        2.26595       -0.69035   1   7
        2.26595       -0.67586   1   8
        2.26595       -0.67171   1   9
        2.26595       -0.65895   1  10
        2.26595       -0.64262   1  11
        2.26595       -0.63756   1  12
        2.26595       -0.62911   1  13
        2.26595       -0.61543   1  14
        2.26595       -0.59907   1  15
        2.26595       -0.57057   1  16
        2.26595       -0.56304   1  17
        2.26595       -0.55494   1  18
        2.26595       -0.51678   1  19
        2.26595       -0.49812   1  20
        2.26595       -0.49287   1  21
        2.26595       -0.46514   1  22
        2.26595       -0.42995   1  23
        2.26595       -0.41464   1  24
        2.26595       -0.40867   1  25
        2.26595       -0.39737   1  26
        2.26595       -0.35507   1  27
        2.26595       -0.18411   1  28
        2.26595       -0.13315   1  29
        2.26595       -0.07841   1  30
        2.26595       -0.03860   1  31
        2.26595        0.02689   1  32
        2.26595        0.08739   1  33
        2.26595        0.10982   1  34
        2.26595        0.11161   1  35
        2.26595        0.15192   1  36
        2.26595        0.18018   1  37
        2.26595        0.19168   1  38
        2.26595        0.22522   1  39
        2.26595        0.23936   1  40
        2.26595        0.28704   1  41
        2.26595        0.29913   1  42
        2.26595        0.31729   1  43
        2.26595        0.35468   1  44
        2.26595        0.41830   1  45
        2.26595        0.42237   1  46
        2.26595        0.44290   1  47
        2.26595        0.45300   1  48
        2.26595        0.54054   1  49
        2.26595        0.56094   1  50
        2.26595        0.59291   1  51
        2.26595        0.62107   1  52
        2.26595        0.62574   1  53
        2.26595        0.63449   1  54
        2.26595        0.69764   1  55
        2.26595        0.74518   1  56
        2.26595        0.75328   1  57
        2.26595        0.81379   1  58
        2.26595        0.81425   1  59
        2.26595        0.85010   1  60
        2.26595        0.90229   1  61
        2.26595        0.91583   1  62
        2.26595        0.93785   1  63
        2.26595        1.03207   1  64
        2.26595        1.13761   1  65
        2.26595        1.15534   1  66
        2.26595        1.26147   1  67
        2.26595        1.37111   1  68
        2.26595        1.38290   1  69
        2.26595        1.39625   1  70
        2.26595        1.44204   1  71
        2.26595        1.51188   1  72
        2.26595        1.54593   1  73
        2.26595        1.58188   1  74
        2.26595        1.60271   1  75
        2.26595        1.61681   1  76
        2.30761       -0.92182   1   1
        2.30761       -0.90420   1   2
        2.30761       -0.87339   1   3
        2.30761       -0.77406   1   4
        2.30761       -0.73879   1   5
        2.30761       -0.69393   1   6
        2.30761       -0.68918   1   7
        2.30761       -0.67870   1   8
        2.30761       -0.67086   1   9
        2.30761       -0.65842   1  10
        2.30761       -0.64582   1  11
        2.30761       -0.64043   1  12
        2.30761       -0.63067   1  13
        2.30761       -0.61623   1  14
        2.30761       -0.59807   1  15
        2.30761       -0.57867   1  16
        2.30761       -0.56235   1  17
        2.30761       -0.54722   1  18
        2.30761       -0.51859   1  19
        2.30761       -0.49739   1  20
        2.30761       -0.49207   1  21
        2.30761       -0.46495   1  22
        2.30761       -0.43816   1  23
        2.30761       -0.42149   1  24
        2.30761       -0.40572   1  25
        2.30761       -0.39386   1  26
        2.30761       -0.34284   1  27
        2.30761       -0.18188   1  28
        2.30761       -0.13139   1  29
        2.30761       -0.07460   1  30
        2.30761       -0.03579   1  31
        2.30761        0.03049   1  32
        2.30761        0.08991   1  33
        2.30761        0.11159   1  34
        2.30761        0.11362   1  35
        2.30761        0.15436   1  36
        2.30761        0.18243   1  37
        2.30761        0.19312   1  38
        2.30761        0.22723   1  39
        2.30761        0.24141   1  40
        2.30761        0.28991   1  41
        2.30761        0.30301   1  42
        2.30761        0.31949   1  43
        2.30761        0.35553   1  44
        2.30761        0.41957   1  45
        2.30761        0.42452   1  46
        2.30761        0.44935   1  47
        2.30761        0.45256   1  48
        2.30761        0.54296   1  49
        2.30761        0.56266   1  50
        2.30761        0.58299   1  51
        2.30761        0.61084   1  52
        2.30761        0.62924   1  53
        2.30761        0.63337   1  54
        2.30761        0.69356   1  55
        2.30761        0.70957   1  56
        2.30761        0.75557   1  57
        2.30761        0.78681   1  58
        2.30761        0.83167   1  59
        2.30761        0.83524   1  60
        2.30761        0.91351   1  61
        2.30761        0.91939   1  62
        2.30761        0.94794   1  63
        2.30761        1.02961   1  64
        2.30761        1.12222   1  65
        2.30761        1.14980   1  66
        2.30761        1.25071   1  67
        2.30761        1.33864   1  68
        2.30761        1.38115   1  69
        2.30761        1.39062   1  70
        2.30761        1.42732   1  71
        2.30761        1.49322   1  72
        2.30761        1.53623   1  73
        2.30761        1.56728   1  74
        2.30761        1.59482   1  75
        2.30761        1.60628   1  76
        2.34928       -0.91829   1   1
        2.34928       -0.90124   1   2
        2.34928       -0.87141   1   3
        2.34928       -0.77287   1   4
        2.34928       -0.73421   1   5
        2.34928       -0.69351   1   6
        2.34928       -0.68991   1   7
        2.34928       -0.68208   1   8
        2.34928       -0.66995   1   9
        2.34928       -0.65768   1  10
        2.34928       -0.65485   1  11
        2.34928       -0.64715   1  12
        2.34928       -0.63434   1  13
        2.34928       -0.61841   1  14
        2.34928       -0.59559   1  15
        2.34928       -0.59149   1  16
        2.34928       -0.56048   1  17
        2.34928       -0.53571   1  18
        2.34928       -0.52311   1  19
        2.34928       -0.49526   1  20
        2.34928       -0.49054   1  21
        2.34928       -0.46508   1  22
        2.34928       -0.44939   1  23
        2.34928       -0.44246   1  24
        2.34928       -0.39131   1  25
        2.34928       -0.38954   1  26
        2.34928       -0.31742   1  27
        2.34928       -0.17536   1  28
        2.34928       -0.12622   1  29
        2.34928       -0.06273   1  30
        2.34928       -0.02665   1  31
        2.34928        0.04050   1  32
        2.34928        0.09776   1  33
        2.34928        0.11656   1  34
        2.34928        0.11970   1  35
        2.34928        0.16164   1  36
        2.34928        0.18907   1  37
        2.34928        0.19735   1  38
        2.34928        0.23309   1  39
        2.34928        0.24751   1  40
        2.34928        0.29826   1  41
        2.34928        0.31346   1  42
        2.34928        0.32611   1  43
        2.34928        0.35786   1  44
        2.34928        0.42292   1  45
        2.34928        0.42962   1  46
        2.34928        0.45129   1  47
        2.34928        0.46680   1  48
        2.34928        0.54990   1  49
        2.34928        0.55343   1  50
        2.34928        0.56617   1  51
        2.34928        0.59134   1  52
        2.34928        0.61524   1  53
        2.34928        0.63703   1  54
        2.34928        0.64444   1  55
        2.34928        0.67757   1  56
        2.34928        0.75863   1  57
        2.34928        0.76006   1  58
        2.34928        0.78828   1  59
        2.34928        0.84926   1  60
        2.34928        0.90444   1  61
        2.34928        0.93464   1  62
        2.34928        0.97382   1  63
        2.34928        1.02363   1  64
        2.34928        1.07061   1  65
        2.34928        1.13844   1  66
        2.34928        1.22252   1  67
        2.34928        1.28129   1  68
        2.34928        1.32580   1  69
        2.34928        1.36985   1  70
        2.34928        1.38362   1  71
        2.34928        1.44668   1  72
        2.34928        1.48092   1  73
        2.34928        1.53571   1  74
        2.34928        1.54273   1  75
        2.34928        1.59937   1  76
        2.39095       -0.91256   1   1
        2.39095       -0.89652   1   2
        2.39095       -0.86836   1   3
        2.39095       -0.77138   1   4
        2.39095       -0.72689   1   5
        2.39095       -0.70150   1   6
        2.39095       -0.69302   1   7
        2.39095       -0.67649   1   8
        2.39095       -0.67400   1   9
        2.39095       -0.66818   1  10
        2.39095       -0.66017   1  11
        2.39095       -0.64939   1  12
        2.39095       -0.63765   1  13
        2.39095       -0.62147   1  14
        2.39095       -0.60457   1  15
        2.39095       -0.59220   1  16
        2.39095       -0.55841   1  17
        2.39095       -0.52881   1  18
        2.39095       -0.52479   1  19
        2.39095       -0.49199   1  20
        2.39095       -0.48966   1  21
        2.39095       -0.46848   1  22
        2.39095       -0.46310   1  23
        2.39095       -0.45541   1  24
        2.39095       -0.38370   1  25
        2.39095       -0.37653   1  26
        2.39095       -0.28756   1  27
        2.39095       -0.16492   1  28
        2.39095       -0.11787   1  29
        2.39095       -0.04407   1  30
        2.39095       -0.01229   1  31
        2.39095        0.05567   1  32
        2.39095        0.11080   1  33
        2.39095        0.12354   1  34
        2.39095        0.12979   1  35
        2.39095        0.17377   1  36
        2.39095        0.19941   1  37
        2.39095        0.20422   1  38
        2.39095        0.24230   1  39
        2.39095        0.25724   1  40
        2.39095        0.31142   1  41
        2.39095        0.32750   1  42
        2.39095        0.33708   1  43
        2.39095        0.36103   1  44
        2.39095        0.42735   1  45
        2.39095        0.43118   1  46
        2.39095        0.45030   1  47
        2.39095        0.48857   1  48
        2.39095        0.51080   1  49
        2.39095        0.54712   1  50
        2.39095        0.55999   1  51
        2.39095        0.56326   1  52
        2.39095        0.58201   1  53
        2.39095        0.59837   1  54
        2.39095        0.64504   1  55
        2.39095        0.65291   1  56
        2.39095        0.72188   1  57
        2.39095        0.74064   1  58
        2.39095        0.78293   1  59
        2.39095        0.85450   1  60
        2.39095        0.88464   1  61
        2.39095        0.93910   1  62
        2.39095        0.97927   1  63
        2.39095        0.98945   1  64
        2.39095        1.01458   1  65
        2.39095        1.11746   1  66
        2.39095        1.17864   1  67
        2.39095        1.20661   1  68
        2.39095        1.22748   1  69
        2.39095        1.31035   1  70
        2.39095        1.31779   1  71
        2.39095        1.36157   1  72
        2.39095        1.39368   1  73
        2.39095        1.46442   1  74
        2.39095        1.48722   1  75
        2.39095        1.58308   1  76
        2.43261       -0.90491   1   1
        2.43261       -0.89043   1   2
        2.43261       -0.86460   1   3
        2.43261       -0.77037   1   4
        2.43261       -0.71737   1   5
        2.43261       -0.71684   1   6
        2.43261       -0.69322   1   7
        2.43261       -0.68776   1   8
        2.43261       -0.68326   1   9
        2.43261       -0.66746   1  10
        2.43261       -0.66110   1  11
        2.43261       -0.64993   1  12
        2.43261       -0.63627   1  13
        2.43261       -0.62489   1  14
        2.43261       -0.61710   1  15
        2.43261       -0.58761   1  16
        2.43261       -0.55750   1  17
        2.43261       -0.53448   1  18
        2.43261       -0.51484   1  19
        2.43261       -0.49069   1  20
        2.43261       -0.48817   1  21
        2.43261       -0.48078   1  22
        2.43261       -0.47414   1  23
        2.43261       -0.45576   1  24
        2.43261       -0.37549   1  25
        2.43261       -0.36278   1  26
        2.43261       -0.25552   1  27
        2.43261       -0.15104   1  28
        2.43261       -0.10660   1  29
        2.43261       -0.02093   1  30
        2.43261        0.00508   1  31
        2.43261        0.07424   1  32
        2.43261        0.12863   1  33
        2.43261        0.13064   1  34
        2.43261        0.14359   1  35
        2.43261        0.19115   1  36
        2.43261        0.21195   1  37
        2.43261        0.21407   1  38
        2.43261        0.25408   1  39
        2.43261        0.26990   1  40
        2.43261        0.32864   1  41
        2.43261        0.34111   1  42
        2.43261        0.35211   1  43
        2.43261        0.36399   1  44
        2.43261        0.42162   1  45
        2.43261        0.43059   1  46
        2.43261        0.43233   1  47
        2.43261        0.46756   1  48
        2.43261        0.48836   1  49
        2.43261        0.52400   1  50
        2.43261        0.53403   1  51
        2.43261        0.55431   1  52
        2.43261        0.56961   1  53
        2.43261        0.58745   1  54
        2.43261        0.61867   1  55
        2.43261        0.63543   1  56
        2.43261        0.69557   1  57
        2.43261        0.73404   1  58
        2.43261        0.80341   1  59
        2.43261        0.83939   1  60
        2.43261        0.86084   1  61
        2.43261        0.88987   1  62
        2.43261        0.90631   1  63
        2.43261        0.97942   1  64
        2.43261        0.99463   1  65
        2.43261        1.06998   1  66
        2.43261        1.11266   1  67
        2.43261        1.12289   1  68
        2.43261        1.13091   1  69
        2.43261        1.23403   1  70
        2.43261        1.24453   1  71
        2.43261        1.24676   1  72
        2.43261        1.31527   1  73
        2.43261        1.38754   1  74
        2.43261        1.42448   1  75
        2.43261        1.55420   1  76
        2.47428       -0.89579   1   1
        2.47428       -0.88358   1   2
        2.47428       -0.86060   1   3
        2.47428       -0.77113   1   4
        2.47428       -0.73322   1   5
        2.47428       -0.70788   1   6
        2.47428       -0.70360   1   7
        2.47428       -0.70068   1   8
        2.47428       -0.69020   1   9
        2.47428       -0.66274   1  10
        2.47428       -0.65585   1  11
        2.47428       -0.65291   1  12
        2.47428       -0.63105   1  13
        2.47428       -0.62944   1  14
        2.47428       -0.62730   1  15
        2.47428       -0.58058   1  16
        2.47428       -0.55950   1  17
        2.47428       -0.53912   1  18
        2.47428       -0.50585   1  19
        2.47428       -0.49432   1  20
        2.47428       -0.49431   1  21
        2.47428       -0.48363   1  22
        2.47428       -0.47726   1  23
        2.47428       -0.45496   1  24
        2.47428       -0.36502   1  25
        2.47428       -0.34966   1  26
        2.47428       -0.22202   1  27
        2.47428       -0.13419   1  28
        2.47428       -0.09281   1  29
        2.47428        0.00611   1  30
        2.47428        0.02585   1  31
        2.47428        0.09242   1  32
        2.47428        0.13653   1  33
        2.47428        0.15155   1  34
        2.47428        0.16099   1  35
        2.47428        0.21452   1  36
        2.47428        0.22440   1  37
        2.47428        0.22780   1  38
        2.47428        0.26752   1  39
        2.47428        0.28471   1  40
        2.47428        0.34803   1  41
        2.47428        0.34939   1  42
        2.47428        0.36385   1  43
        2.47428        0.36685   1  44
        2.47428        0.38789   1  45
        2.47428        0.39672   1  46
        2.47428        0.41735   1  47
        2.47428        0.44060   1  48
        2.47428        0.47583   1  49
        2.47428        0.50865   1  50
        2.47428        0.52527   1  51
        2.47428        0.54182   1  52
        2.47428        0.56657   1  53
        2.47428        0.57994   1  54
        2.47428        0.61241   1  55
        2.47428        0.61255   1  56
        2.47428        0.70893   1  57
        2.47428        0.73302   1  58
        2.47428        0.79535   1  59
        2.47428        0.80674   1  60
        2.47428        0.83139   1  61
        2.47428        0.83970   1  62
        2.47428        0.84084   1  63
        2.47428        0.94722   1  64
        2.47428        0.95435   1  65
        2.47428        1.03155   1  66
        2.47428        1.03230   1  67
        2.47428        1.06018   1  68
        2.47428        1.06392   1  69
        2.47428        1.14622   1  70
        2.47428        1.15446   1  71
        2.47428        1.20703   1  72
        2.47428        1.25805   1  73
        2.47428        1.32433   1  74
        2.47428        1.35569   1  75
        2.47428        1.51709   1  76
        2.51595       -0.88597   1   1
        2.51595       -0.87690   1   2
        2.51595       -0.85669   1   3
        2.51595       -0.77517   1   4
        2.51595       -0.74887   1   5
        2.51595       -0.71752   1   6
        2.51595       -0.71691   1   7
        2.51595       -0.69542   1   8
        2.51595       -0.68935   1   9
        2.51595       -0.66400   1  10
        2.51595       -0.65570   1  11
        2.51595       -0.64509   1  12
        2.51595       -0.63872   1  13
        2.51595       -0.63059   1  14
        2.51595       -0.62691   1  15
        2.51595       -0.56973   1  16
        2.51595       -0.56569   1  17
        2.51595       -0.54169   1  18
        2.51595       -0.50234   1  19
        2.51595       -0.49897   1  20
        2.51595       -0.49656   1  21
        2.51595       -0.48004   1  22
        2.51595       -0.47813   1  23
        2.51595       -0.45463   1  24
        2.51595       -0.35295   1  25
        2.51595       -0.33635   1  26
        2.51595       -0.18731   1  27
        2.51595       -0.11486   1  28
        2.51595       -0.07700   1  29
        2.51595        0.03643   1  30
        2.51595        0.05078   1  31
        2.51595        0.10328   1  32
        2.51595        0.14320   1  33
        2.51595        0.17894   1  34
        2.51595        0.18210   1  35
        2.51595        0.23323   1  36
        2.51595        0.24445   1  37
        2.51595        0.24447   1  38
        2.51595        0.28076   1  39
        2.51595        0.29625   1  40
        2.51595        0.32546   1  41
        2.51595        0.32626   1  42
        2.51595        0.36316   1  43
        2.51595        0.36452   1  44
        2.51595        0.38258   1  45
        2.51595        0.39017   1  46
        2.51595        0.42123   1  47
        2.51595        0.43021   1  48
        2.51595        0.44974   1  49
        2.51595        0.46857   1  50
        2.51595        0.52540   1  51
        2.51595        0.55237   1  52
        2.51595        0.57333   1  53
        2.51595        0.57707   1  54
        2.51595        0.61329   1  55
        2.51595        0.61766   1  56
        2.51595        0.71830   1  57
        2.51595        0.72827   1  58
        2.51595        0.75018   1  59
        2.51595        0.75976   1  60
        2.51595        0.77193   1  61
        2.51595        0.80766   1  62
        2.51595        0.86320   1  63
        2.51595        0.87930   1  64
        2.51595        0.91275   1  65
        2.51595        0.95272   1  66
        2.51595        0.99317   1  67
        2.51595        1.01841   1  68
        2.51595        1.01887   1  69
        2.51595        1.08457   1  70
        2.51595        1.09794   1  71
        2.51595        1.17852   1  72
        2.51595        1.21798   1  73
        2.51595        1.26910   1  74
        2.51595        1.28758   1  75
        2.51595        1.48097   1  76
        2.55761       -0.87712   1   1
        2.55761       -0.87169   1   2
        2.55761       -0.85249   1   3
        2.55761       -0.78281   1   4
        2.55761       -0.76216   1   5
        2.55761       -0.72913   1   6
        2.55761       -0.72544   1   7
        2.55761       -0.69398   1   8
        2.55761       -0.68192   1   9
        2.55761       -0.66663   1  10
        2.55761       -0.65719   1  11
        2.55761       -0.64558   1  12
        2.55761       -0.63539   1  13
        2.55761       -0.63260   1  14
        2.55761       -0.62527   1  15
        2.55761       -0.57533   1  16
        2.55761       -0.55531   1  17
        2.55761       -0.54106   1  18
        2.55761       -0.50445   1  19
        2.55761       -0.50274   1  20
        2.55761       -0.48854   1  21
        2.55761       -0.47819   1  22
        2.55761       -0.47708   1  23
        2.55761       -0.45539   1  24
        2.55761       -0.33941   1  25
        2.55761       -0.32368   1  26
        2.55761       -0.15167   1  27
        2.55761       -0.09328   1  28
        2.55761       -0.06005   1  29
        2.55761        0.06760   1  30
        2.55761        0.07905   1  31
        2.55761        0.10012   1  32
        2.55761        0.15453   1  33
        2.55761        0.20519   1  34
        2.55761        0.20669   1  35
        2.55761        0.23484   1  36
        2.55761        0.24882   1  37
        2.55761        0.25266   1  38
        2.55761        0.28056   1  39
        2.55761        0.29117   1  40
        2.55761        0.30378   1  41
        2.55761        0.33046   1  42
        2.55761        0.36179   1  43
        2.55761        0.36640   1  44
        2.55761        0.38873   1  45
        2.55761        0.40521   1  46
        2.55761        0.40858   1  47
        2.55761        0.41430   1  48
        2.55761        0.44209   1  49
        2.55761        0.46815   1  50
        2.55761        0.53436   1  51
        2.55761        0.55260   1  52
        2.55761        0.56813   1  53
        2.55761        0.58203   1  54
        2.55761        0.61609   1  55
        2.55761        0.63579   1  56
        2.55761        0.68655   1  57
        2.55761        0.70350   1  58
        2.55761        0.71544   1  59
        2.55761        0.71751   1  60
        2.55761        0.77535   1  61
        2.55761        0.78015   1  62
        2.55761        0.80479   1  63
        2.55761        0.85644   1  64
        2.55761        0.88822   1  65
        2.55761        0.89383   1  66
        2.55761        0.91776   1  67
        2.55761        0.96962   1  68
        2.55761        0.97706   1  69
        2.55761        1.04077   1  70
        2.55761        1.07255   1  71
        2.55761        1.14288   1  72
        2.55761        1.18608   1  73
        2.55761        1.22244   1  74
        2.55761        1.22650   1  75
        2.55761        1.45436   1  76
        2.59928       -0.87197   1   1
        2.59928       -0.86928   1   2
        2.59928       -0.84631   1   3
        2.59928       -0.79283   1   4
        2.59928       -0.77049   1   5
        2.59928       -0.73706   1   6
        2.59928       -0.73027   1   7
        2.59928       -0.69595   1   8
        2.59928       -0.67659   1   9
        2.59928       -0.66974   1  10
        2.59928       -0.65791   1  11
        2.59928       -0.64706   1  12
        2.59928       -0.63351   1  13
        2.59928       -0.62906   1  14
        2.59928       -0.62452   1  15
        2.59928       -0.58634   1  16
        2.59928       -0.54001   1  17
        2.59928       -0.53589   1  18
        2.59928       -0.50474   1  19
        2.59928       -0.50405   1  20
        2.59928       -0.48053   1  21
        2.59928       -0.47807   1  22
        2.59928       -0.47487   1  23
        2.59928       -0.45755   1  24
        2.59928       -0.32456   1  25
        2.59928       -0.31252   1  26
        2.59928       -0.11556   1  27
        2.59928       -0.06926   1  28
        2.59928       -0.04330   1  29
        2.59928        0.08548   1  30
        2.59928        0.09705   1  31
        2.59928        0.11013   1  32
        2.59928        0.16772   1  33
        2.59928        0.18674   1  34
        2.59928        0.21598   1  35
        2.59928        0.22156   1  36
        2.59928        0.23592   1  37
        2.59928        0.25762   1  38
        2.59928        0.29962   1  39
        2.59928        0.31414   1  40
        2.59928        0.31704   1  41
        2.59928        0.35002   1  42
        2.59928        0.35616   1  43
        2.59928        0.36010   1  44
        2.59928        0.37695   1  45
        2.59928        0.37701   1  46
        2.59928        0.42230   1  47
        2.59928        0.44800   1  48
        2.59928        0.46572   1  49
        2.59928        0.48474   1  50
        2.59928        0.51616   1  51
        2.59928        0.53495   1  52
        2.59928        0.57023   1  53
        2.59928        0.57702   1  54
        2.59928        0.61052   1  55
        2.59928        0.65237   1  56
        2.59928        0.66508   1  57
        2.59928        0.66533   1  58
        2.59928        0.69145   1  59
        2.59928        0.69512   1  60
        2.59928        0.72628   1  61
        2.59928        0.75834   1  62
        2.59928        0.79660   1  63
        2.59928        0.80875   1  64
        2.59928        0.83085   1  65
        2.59928        0.83973   1  66
        2.59928        0.88531   1  67
        2.59928        0.94097   1  68
        2.59928        0.94230   1  69
        2.59928        0.99488   1  70
        2.59928        1.02116   1  71
        2.59928        1.11971   1  72
        2.59928        1.15950   1  73
        2.59928        1.17782   1  74
        2.59928        1.18454   1  75
        2.59928        1.43850   1  76
        2.64095       -0.87137   1   1
        2.64095       -0.86994   1   2
        2.64095       -0.83773   1   3
        2.64095       -0.80349   1   4
        2.64095       -0.77218   1   5
        2.64095       -0.74128   1   6
        2.64095       -0.73372   1   7
        2.64095       -0.69912   1   8
        2.64095       -0.67690   1   9
        2.64095       -0.67285   1  10
        2.64095       -0.65815   1  11
        2.64095       -0.64269   1  12
        2.64095       -0.63307   1  13
        2.64095       -0.62866   1  14
        2.64095       -0.62160   1  15
        2.64095       -0.59709   1  16
        2.64095       -0.52938   1  17
        2.64095       -0.52435   1  18
        2.64095       -0.50387   1  19
        2.64095       -0.50260   1  20
        2.64095       -0.47811   1  21
        2.64095       -0.47371   1  22
        2.64095       -0.47276   1  23
        2.64095       -0.46119   1  24
        2.64095       -0.30977   1  25
        2.64095       -0.30218   1  26
        2.64095       -0.08004   1  27
        2.64095       -0.04276   1  28
        2.64095       -0.02839   1  29
        2.64095        0.06564   1  30
        2.64095        0.12317   1  31
        2.64095        0.13942   1  32
        2.64095        0.14116   1  33
        2.64095        0.17478   1  34
        2.64095        0.19775   1  35
        2.64095        0.20181   1  36
        2.64095        0.26490   1  37
        2.64095        0.28561   1  38
        2.64095        0.30699   1  39
        2.64095        0.31189   1  40
        2.64095        0.33095   1  41
        2.64095        0.35033   1  42
        2.64095        0.35426   1  43
        2.64095        0.37291   1  44
        2.64095        0.39635   1  45
        2.64095        0.40130   1  46
        2.64095        0.42951   1  47
        2.64095        0.46480   1  48
        2.64095        0.48224   1  49
        2.64095        0.48662   1  50
        2.64095        0.49541   1  51
        2.64095        0.53713   1  52
        2.64095        0.55013   1  53
        2.64095        0.57447   1  54
        2.64095        0.59576   1  55
        2.64095        0.62220   1  56
        2.64095        0.62720   1  57
        2.64095        0.66273   1  58
        2.64095        0.68786   1  59
        2.64095        0.69451   1  60
        2.64095        0.70930   1  61
        2.64095        0.71911   1  62
        2.64095        0.75675   1  63
        2.64095        0.76118   1  64
        2.64095        0.79510   1  65
        2.64095        0.81976   1  66
        2.64095        0.84471   1  67
        2.64095        0.91108   1  68
        2.64095        0.93126   1  69
        2.64095        0.95181   1  70
        2.64095        0.97226   1  71
        2.64095        1.10688   1  72
        2.64095        1.13697   1  73
        2.64095        1.14514   1  74
        2.64095        1.15067   1  75
        2.64095        1.42977   1  76
        2.68261       -0.87308   1   1
        2.68261       -0.87238   1   2
        2.68261       -0.82908   1   3
        2.68261       -0.81253   1   4
        2.68261       -0.76898   1   5
        2.68261       -0.74278   1   6
        2.68261       -0.73722   1   7
        2.68261       -0.70278   1   8
        2.68261       -0.67935   1   9
        2.68261       -0.67562   1  10
        2.68261       -0.65807   1  11
        2.68261       -0.63704   1  12
        2.68261       -0.63105   1  13
        2.68261       -0.62997   1  14
        2.68261       -0.61946   1  15
        2.68261       -0.60667   1  16
        2.68261       -0.52061   1  17
        2.68261       -0.51514   1  18
        2.68261       -0.50106   1  19
        2.68261       -0.49817   1  20
        2.68261       -0.47874   1  21
        2.68261       -0.47242   1  22
        2.68261       -0.46696   1  23
        2.68261       -0.46590   1  24
        2.68261       -0.29688   1  25
        2.68261       -0.29273   1  26
        2.68261       -0.04854   1  27
        2.68261       -0.01652   1  28
        2.68261       -0.01431   1  29
        2.68261        0.04748   1  30
        2.68261        0.09505   1  31
        2.68261        0.14530   1  32
        2.68261        0.15826   1  33
        2.68261        0.15928   1  34
        2.68261        0.19376   1  35
        2.68261        0.20057   1  36
        2.68261        0.28234   1  37
        2.68261        0.29281   1  38
        2.68261        0.32608   1  39
        2.68261        0.32718   1  40
        2.68261        0.33934   1  41
        2.68261        0.34706   1  42
        2.68261        0.35745   1  43
        2.68261        0.39556   1  44
        2.68261        0.41630   1  45
        2.68261        0.42620   1  46
        2.68261        0.43588   1  47
        2.68261        0.44805   1  48
        2.68261        0.47431   1  49
        2.68261        0.47591   1  50
        2.68261        0.51690   1  51
        2.68261        0.53924   1  52
        2.68261        0.55530   1  53
        2.68261        0.55847   1  54
        2.68261        0.58776   1  55
        2.68261        0.59352   1  56
        2.68261        0.61576   1  57
        2.68261        0.63944   1  58
        2.68261        0.64390   1  59
        2.68261        0.67373   1  60
        2.68261        0.70837   1  61
        2.68261        0.71989   1  62
        2.68261        0.72918   1  63
        2.68261        0.75493   1  64
        2.68261        0.76687   1  65
        2.68261        0.77007   1  66
        2.68261        0.83123   1  67
        2.68261        0.88843   1  68
        2.68261        0.89288   1  69
        2.68261        0.92131   1  70
        2.68261        0.98420   1  71
        2.68261        1.08011   1  72
        2.68261        1.11340   1  73
        2.68261        1.12960   1  74
        2.68261        1.13143   1  75
        2.68261        1.42566   1  76
        2.72428       -0.87492   1   1
        2.72428       -0.87474   1   2
        2.72428       -0.82275   1   3
        2.72428       -0.81841   1   4
        2.72428       -0.76411   1   5
        2.72428       -0.74292   1   6
        2.72428       -0.74088   1   7
        2.72428       -0.70586   1   8
        2.72428       -0.68135   1   9
        2.72428       -0.67760   1  10
        2.72428       -0.65788   1  11
        2.72428       -0.63302   1  12
        2.72428       -0.63105   1  13
        2.72428       -0.62787   1  14
        2.72428       -0.61858   1  15
        2.72428       -0.61443   1  16
        2.72428       -0.51729   1  17
        2.72428       -0.50563   1  18
        2.72428       -0.49996   1  19
        2.72428       -0.49163   1  20
        2.72428       -0.48090   1  21
        2.72428       -0.47188   1  22
        2.72428       -0.46995   1  23
        2.72428       -0.46284   1  24
        2.72428       -0.28753   1  25
        2.72428       -0.28616   1  26
        2.72428       -0.03010   1  27
        2.72428       -0.00653   1  28
        2.72428        0.01499   1  29
        2.72428        0.03868   1  30
        2.72428        0.06525   1  31
        2.72428        0.12736   1  32
        2.72428        0.14057   1  33
        2.72428        0.16903   1  34
        2.72428        0.21158   1  35
        2.72428        0.21355   1  36
        2.72428        0.27600   1  37
        2.72428        0.30956   1  38
        2.72428        0.33858   1  39
        2.72428        0.34175   1  40
        2.72428        0.34190   1  41
        2.72428        0.35234   1  42
        2.72428        0.37653   1  43
        2.72428        0.39835   1  44
        2.72428        0.40028   1  45
        2.72428        0.40510   1  46
        2.72428        0.46325   1  47
        2.72428        0.46842   1  48
        2.72428        0.48645   1  49
        2.72428        0.49245   1  50
        2.72428        0.50342   1  51
        2.72428        0.51755   1  52
        2.72428        0.53781   1  53
        2.72428        0.57609   1  54
        2.72428        0.58101   1  55
        2.72428        0.59074   1  56
        2.72428        0.61354   1  57
        2.72428        0.61604   1  58
        2.72428        0.63753   1  59
        2.72428        0.64211   1  60
        2.72428        0.66987   1  61
        2.72428        0.70381   1  62
        2.72428        0.71968   1  63
        2.72428        0.73391   1  64
        2.72428        0.75449   1  65
        2.72428        0.78158   1  66
        2.72428        0.81431   1  67
        2.72428        0.88055   1  68
        2.72428        0.89501   1  69
        2.72428        0.90032   1  70
        2.72428        0.97093   1  71
        2.72428        1.07216   1  72
        2.72428        1.09744   1  73
        2.72428        1.11203   1  74
        2.72428        1.12522   1  75
        2.72428        1.42474   1  76
        2.76595       -0.87567   1   1
        2.76595       -0.87567   1   2
        2.76595       -0.82043   1   3
        2.76595       -0.82043   1   4
        2.76595       -0.76153   1   5
        2.76595       -0.74282   1   6
        2.76595       -0.74282   1   7
        2.76595       -0.70709   1   8
        2.76595       -0.68208   1   9
        2.76595       -0.67833   1  10
        2.76595       -0.65778   1  11
        2.76595       -0.63144   1  12
        2.76595       -0.63144   1  13
        2.76595       -0.62564   1  14
        2.76595       -0.61836   1  15
        2.76595       -0.61836   1  16
        2.76595       -0.51675   1  17
        2.76595       -0.49957   1  18
        2.76595       -0.49957   1  19
        2.76595       -0.49034   1  20
        2.76595       -0.48267   1  21
        2.76595       -0.47172   1  22
        2.76595       -0.47128   1  23
        2.76595       -0.46136   1  24
        2.76595       -0.28393   1  25
        2.76595       -0.28393   1  26
        2.76595       -0.02633   1  27
        2.76595       -0.00189   1  28
        2.76595        0.03877   1  29
        2.76595        0.03877   1  30
        2.76595        0.04535   1  31
        2.76595        0.11380   1  32
        2.76595        0.13199   1  33
        2.76595        0.17290   1  34
        2.76595        0.22225   1  35
        2.76595        0.22225   1  36
        2.76595        0.26675   1  37
        2.76595        0.32724   1  38
        2.76595        0.33908   1  39
        2.76595        0.33908   1  40
        2.76595        0.35457   1  41
        2.76595        0.35535   1  42
        2.76595        0.36782   1  43
        2.76595        0.36782   1  44
        2.76595        0.42949   1  45
        2.76595        0.42949   1  46
        2.76595        0.43763   1  47
        2.76595        0.45983   1  48
        2.76595        0.49698   1  49
        2.76595        0.49698   1  50
        2.76595        0.51333   1  51
        2.76595        0.54577   1  52
        2.76595        0.54577   1  53
        2.76595        0.55190   1  54
        2.76595        0.55321   1  55
        2.76595        0.57535   1  56
        2.76595        0.58804   1  57
        2.76595        0.65227   1  58
        2.76595        0.65227   1  59
        2.76595        0.65357   1  60
        2.76595        0.66178   1  61
        2.76595        0.66178   1  62
        2.76595        0.70730   1  63
        2.76595        0.71030   1  64
        2.76595        0.76559   1  65
        2.76595        0.76559   1  66
        2.76595        0.85312   1  67
        2.76595        0.87904   1  68
        2.76595        0.87904   1  69
        2.76595        0.89156   1  70
        2.76595        0.95627   1  71
        2.76595        1.08906   1  72
        2.76595        1.09188   1  73
        2.76595        1.09188   1  74
        2.76595        1.12327   1  75
        2.76595        1.42485   1  76
        2.76595       -0.87567   1   1
        2.76595       -0.87567   1   2
        2.76595       -0.82043   1   3
        2.76595       -0.82043   1   4
        2.76595       -0.76153   1   5
        2.76595       -0.74282   1   6
        2.76595       -0.74282   1   7
        2.76595       -0.70709   1   8
        2.76595       -0.68208   1   9
        2.76595       -0.67833   1  10
        2.76595       -0.65778   1  11
        2.76595       -0.63144   1  12
        2.76595       -0.63144   1  13
        2.76595       -0.62564   1  14
        2.76595       -0.61836   1  15
        2.76595       -0.61836   1  16
        2.76595       -0.51675   1  17
        2.76595       -0.49957   1  18
        2.76595       -0.49957   1  19
        2.76595       -0.49034   1  20
        2.76595       -0.48267   1  21
        2.76595       -0.47172   1  22
        2.76595       -0.47128   1  23
        2.76595       -0.46136   1  24
        2.76595       -0.28393   1  25
        2.76595       -0.28393   1  26
        2.76595       -0.02633   1  27
        2.76595       -0.00189   1  28
        2.76595        0.03877   1  29
        2.76595        0.03877   1  30
        2.76595        0.04535   1  31
        2.76595        0.11380   1  32
        2.76595        0.13199   1  33
        2.76595        0.17290   1  34
        2.76595        0.22225   1  35
        2.76595        0.22225   1  36
        2.76595        0.26675   1  37
        2.76595        0.32724   1  38
        2.76595        0.33908   1  39
        2.76595        0.33908   1  40
        2.76595        0.35457   1  41
        2.76595        0.35535   1  42
        2.76595        0.36782   1  43
        2.76595        0.36782   1  44
        2.76595        0.42949   1  45
        2.76595        0.42949   1  46
        2.76595        0.43763   1  47
        2.76595        0.45983   1  48
        2.76595        0.49698   1  49
        2.76595        0.49698   1  50
        2.76595        0.51333   1  51
        2.76595        0.54577   1  52
        2.76595        0.54577   1  53
        2.76595        0.55190   1  54
        2.76595        0.55321   1  55
        2.76595        0.57535   1  56
        2.76595        0.58804   1  57
        2.76595        0.65227   1  58
        2.76595        0.65227   1  59
        2.76595        0.65357   1  60
        2.76595        0.66178   1  61
        2.76595        0.66178   1  62
        2.76595        0.70730   1  63
        2.76595        0.71030   1  64
        2.76595        0.76559   1  65
        2.76595        0.76559   1  66
        2.76595        0.85312   1  67
        2.76595        0.87904   1  68
        2.76595        0.87904   1  69
        2.76595        0.89156   1  70
        2.76595        0.95627   1  71
        2.76595        1.08906   1  72
        2.76595        1.09188   1  73
        2.76595        1.09188   1  74
        2.76595        1.12327   1  75
        2.76595        1.42485   1  76
        2.80523       -0.87516   1   1
        2.80523       -0.87462   1   2
        2.80523       -0.82165   1   3
        2.80523       -0.81949   1   4
        2.80523       -0.76403   1   5
        2.80523       -0.74204   1   6
        2.80523       -0.74182   1   7
        2.80523       -0.70600   1   8
        2.80523       -0.68146   1   9
        2.80523       -0.67766   1  10
        2.80523       -0.65786   1  11
        2.80523       -0.63236   1  12
        2.80523       -0.63162   1  13
        2.80523       -0.62766   1  14
        2.80523       -0.61825   1  15
        2.80523       -0.61508   1  16
        2.80523       -0.51717   1  17
        2.80523       -0.50362   1  18
        2.80523       -0.50200   1  19
        2.80523       -0.49121   1  20
        2.80523       -0.48063   1  21
        2.80523       -0.47186   1  22
        2.80523       -0.47030   1  23
        2.80523       -0.46254   1  24
        2.80523       -0.29450   1  25
        2.80523       -0.27834   1  26
        2.80523       -0.03149   1  27
        2.80523       -0.00741   1  28
        2.80523        0.02102   1  29
        2.80523        0.04085   1  30
        2.80523        0.06060   1  31
        2.80523        0.12401   1  32
        2.80523        0.14097   1  33
        2.80523        0.16942   1  34
        2.80523        0.20602   1  35
        2.80523        0.22385   1  36
        2.80523        0.27313   1  37
        2.80523        0.30785   1  38
        2.80523        0.33759   1  39
        2.80523        0.33899   1  40
        2.80523        0.34571   1  41
        2.80523        0.36252   1  42
        2.80523        0.36836   1  43
        2.80523        0.38289   1  44
        2.80523        0.40773   1  45
        2.80523        0.43130   1  46
        2.80523        0.44263   1  47
        2.80523        0.46544   1  48
        2.80523        0.47992   1  49
        2.80523        0.49825   1  50
        2.80523        0.50927   1  51
        2.80523        0.53412   1  52
        2.80523        0.54742   1  53
        2.80523        0.55281   1  54
        2.80523        0.56924   1  55
        2.80523        0.58810   1  56
        2.80523        0.61508   1  57
        2.80523        0.62249   1  58
        2.80523        0.64421   1  59
        2.80523        0.65329   1  60
        2.80523        0.66281   1  61
        2.80523        0.68938   1  62
        2.80523        0.71624   1  63
        2.80523        0.73712   1  64
        2.80523        0.76596   1  65
        2.80523        0.76962   1  66
        2.80523        0.81865   1  67
        2.80523        0.88136   1  68
        2.80523        0.89380   1  69
        2.80523        0.89997   1  70
        2.80523        0.96895   1  71
        2.80523        1.07480   1  72
        2.80523        1.09439   1  73
        2.80523        1.11147   1  74
        2.80523        1.12513   1  75
        2.80523        1.42479   1  76
        2.84451       -0.87359   1   1
        2.84451       -0.87148   1   2
        2.84451       -0.82488   1   3
        2.84451       -0.81667   1   4
        2.84451       -0.77027   1   5
        2.84451       -0.73986   1   6
        2.84451       -0.73974   1   7
        2.84451       -0.70327   1   8
        2.84451       -0.68006   1   9
        2.84451       -0.67555   1  10
        2.84451       -0.65787   1  11
        2.84451       -0.63460   1  12
        2.84451       -0.63219   1  13
        2.84451       -0.63065   1  14
        2.84451       -0.61796   1  15
        2.84451       -0.60890   1  16
        2.84451       -0.51864   1  17
        2.84451       -0.51096   1  18
        2.84451       -0.50815   1  19
        2.84451       -0.49784   1  20
        2.84451       -0.47522   1  21
        2.84451       -0.47232   1  22
        2.84451       -0.46824   1  23
        2.84451       -0.46469   1  24
        2.84451       -0.32102   1  25
        2.84451       -0.26304   1  26
        2.84451       -0.06319   1  27
        2.84451       -0.01823   1  28
        2.84451        0.01972   1  29
        2.84451        0.04724   1  30
        2.84451        0.07368   1  31
        2.84451        0.13685   1  32
        2.84451        0.15601   1  33
        2.84451        0.16658   1  34
        2.84451        0.18690   1  35
        2.84451        0.22821   1  36
        2.84451        0.27139   1  37
        2.84451        0.27947   1  38
        2.84451        0.30570   1  39
        2.84451        0.33836   1  40
        2.84451        0.34506   1  41
        2.84451        0.36324   1  42
        2.84451        0.37030   1  43
        2.84451        0.39132   1  44
        2.84451        0.40039   1  45
        2.84451        0.42870   1  46
        2.84451        0.43663   1  47
        2.84451        0.46431   1  48
        2.84451        0.47369   1  49
        2.84451        0.50169   1  50
        2.84451        0.50388   1  51
        2.84451        0.53156   1  52
        2.84451        0.55235   1  53
        2.84451        0.55884   1  54
        2.84451        0.57912   1  55
        2.84451        0.59158   1  56
        2.84451        0.60824   1  57
        2.84451        0.65657   1  58
        2.84451        0.65911   1  59
        2.84451        0.66584   1  60
        2.84451        0.68346   1  61
        2.84451        0.68814   1  62
        2.84451        0.73119   1  63
        2.84451        0.76673   1  64
        2.84451        0.76742   1  65
        2.84451        0.78789   1  66
        2.84451        0.81160   1  67
        2.84451        0.88763   1  68
        2.84451        0.89368   1  69
        2.84451        0.91953   1  70
        2.84451        0.98886   1  71
        2.84451        1.08144   1  72
        2.84451        1.10093   1  73
        2.84451        1.12822   1  74
        2.84451        1.13427   1  75
        2.84451        1.42612   1  76
        2.88380       -0.87086   1   1
        2.88380       -0.86628   1   2
        2.88380       -0.82918   1   3
        2.88380       -0.81200   1   4
        2.88380       -0.77841   1   5
        2.88380       -0.73843   1   6
        2.88380       -0.73597   1   7
        2.88380       -0.70008   1   8
        2.88380       -0.67883   1   9
        2.88380       -0.67204   1  10
        2.88380       -0.65729   1  11
        2.88380       -0.63753   1  12
        2.88380       -0.63324   1  13
        2.88380       -0.63302   1  14
        2.88380       -0.61748   1  15
        2.88380       -0.60199   1  16
        2.88380       -0.52220   1  17
        2.88380       -0.51890   1  18
        2.88380       -0.51549   1  19
        2.88380       -0.50877   1  20
        2.88380       -0.47318   1  21
        2.88380       -0.46969   1  22
        2.88380       -0.46634   1  23
        2.88380       -0.46600   1  24
        2.88380       -0.35381   1  25
        2.88380       -0.23995   1  26
        2.88380       -0.10794   1  27
        2.88380       -0.03311   1  28
        2.88380        0.02183   1  29
        2.88380        0.05807   1  30
        2.88380        0.07988   1  31
        2.88380        0.12805   1  32
        2.88380        0.15815   1  33
        2.88380        0.16507   1  34
        2.88380        0.21028   1  35
        2.88380        0.23479   1  36
        2.88380        0.24261   1  37
        2.88380        0.25326   1  38
        2.88380        0.28668   1  39
        2.88380        0.32775   1  40
        2.88380        0.33636   1  41
        2.88380        0.34949   1  42
        2.88380        0.37428   1  43
        2.88380        0.37773   1  44
        2.88380        0.39792   1  45
        2.88380        0.42238   1  46
        2.88380        0.44497   1  47
        2.88380        0.45414   1  48
        2.88380        0.47431   1  49
        2.88380        0.50657   1  50
        2.88380        0.51945   1  51
        2.88380        0.53251   1  52
        2.88380        0.55742   1  53
        2.88380        0.55996   1  54
        2.88380        0.57232   1  55
        2.88380        0.61246   1  56
        2.88380        0.65102   1  57
        2.88380        0.66077   1  58
        2.88380        0.66184   1  59
        2.88380        0.67104   1  60
        2.88380        0.67545   1  61
        2.88380        0.72099   1  62
        2.88380        0.76402   1  63
        2.88380        0.77106   1  64
        2.88380        0.78179   1  65
        2.88380        0.80899   1  66
        2.88380        0.87796   1  67
        2.88380        0.89678   1  68
        2.88380        0.89853   1  69
        2.88380        0.93291   1  70
        2.88380        1.01238   1  71
        2.88380        1.10082   1  72
        2.88380        1.11013   1  73
        2.88380        1.15055   1  74
        2.88380        1.15353   1  75
        2.88380        1.43140   1  76
        2.92308       -0.86684   1   1
        2.92308       -0.85907   1   2
        2.92308       -0.83349   1   3
        2.92308       -0.80553   1   4
        2.92308       -0.78725   1   5
        2.92308       -0.73857   1   6
        2.92308       -0.73073   1   7
        2.92308       -0.69749   1   8
        2.92308       -0.67890   1   9
        2.92308       -0.66771   1  10
        2.92308       -0.65565   1  11
        2.92308       -0.64063   1  12
        2.92308       -0.63497   1  13
        2.92308       -0.63380   1  14
        2.92308       -0.61681   1  15
        2.92308       -0.59532   1  16
        2.92308       -0.52957   1  17
        2.92308       -0.52714   1  18
        2.92308       -0.52127   1  19
        2.92308       -0.52101   1  20
        2.92308       -0.47481   1  21
        2.92308       -0.46793   1  22
        2.92308       -0.46510   1  23
        2.92308       -0.46351   1  24
        2.92308       -0.38639   1  25
        2.92308       -0.21049   1  26
        2.92308       -0.15341   1  27
        2.92308       -0.05637   1  28
        2.92308        0.01539   1  29
        2.92308        0.07303   1  30
        2.92308        0.08076   1  31
        2.92308        0.11788   1  32
        2.92308        0.14798   1  33
        2.92308        0.15612   1  34
        2.92308        0.19995   1  35
        2.92308        0.23089   1  36
        2.92308        0.24351   1  37
        2.92308        0.26341   1  38
        2.92308        0.27634   1  39
        2.92308        0.29648   1  40
        2.92308        0.32166   1  41
        2.92308        0.33224   1  42
        2.92308        0.37683   1  43
        2.92308        0.38008   1  44
        2.92308        0.39713   1  45
        2.92308        0.40728   1  46
        2.92308        0.44052   1  47
        2.92308        0.45586   1  48
        2.92308        0.48124   1  49
        2.92308        0.51210   1  50
        2.92308        0.51296   1  51
        2.92308        0.55796   1  52
        2.92308        0.56244   1  53
        2.92308        0.56950   1  54
        2.92308        0.58409   1  55
        2.92308        0.62524   1  56
        2.92308        0.64205   1  57
        2.92308        0.66748   1  58
        2.92308        0.67197   1  59
        2.92308        0.67930   1  60
        2.92308        0.71005   1  61
        2.92308        0.75006   1  62
        2.92308        0.76455   1  63
        2.92308        0.77823   1  64
        2.92308        0.82289   1  65
        2.92308        0.86015   1  66
        2.92308        0.88853   1  67
        2.92308        0.90946   1  68
        2.92308        0.95730   1  69
        2.92308        0.98897   1  70
        2.92308        1.01886   1  71
        2.92308        1.12262   1  72
        2.92308        1.13479   1  73
        2.92308        1.18112   1  74
        2.92308        1.18467   1  75
        2.92308        1.44211   1  76
        2.96237       -0.86157   1   1
        2.96237       -0.84995   1   2
        2.96237       -0.83680   1   3
        2.96237       -0.79737   1   4
        2.96237       -0.79591   1   5
        2.96237       -0.74092   1   6
        2.96237       -0.72415   1   7
        2.96237       -0.69656   1   8
        2.96237       -0.68163   1   9
        2.96237       -0.66343   1  10
        2.96237       -0.65290   1  11
        2.96237       -0.64164   1  12
        2.96237       -0.63760   1  13
        2.96237       -0.63316   1  14
        2.96237       -0.61600   1  15
        2.96237       -0.59021   1  16
        2.96237       -0.53792   1  17
        2.96237       -0.53717   1  18
        2.96237       -0.53089   1  19
        2.96237       -0.52712   1  20
        2.96237       -0.47823   1  21
        2.96237       -0.46838   1  22
        2.96237       -0.46433   1  23
        2.96237       -0.45942   1  24
        2.96237       -0.41208   1  25
        2.96237       -0.19657   1  26
        2.96237       -0.17789   1  27
        2.96237       -0.08488   1  28
        2.96237       -0.00682   1  29
        2.96237        0.08196   1  30
        2.96237        0.09175   1  31
        2.96237        0.10411   1  32
        2.96237        0.12615   1  33
        2.96237        0.15097   1  34
        2.96237        0.18063   1  35
        2.96237        0.20572   1  36
        2.96237        0.23128   1  37
        2.96237        0.25419   1  38
        2.96237        0.27639   1  39
        2.96237        0.30164   1  40
        2.96237        0.32504   1  41
        2.96237        0.32560   1  42
        2.96237        0.36249   1  43
        2.96237        0.37790   1  44
        2.96237        0.38714   1  45
        2.96237        0.41657   1  46
        2.96237        0.45633   1  47
        2.96237        0.46987   1  48
        2.96237        0.48469   1  49
        2.96237        0.50995   1  50
        2.96237        0.52239   1  51
        2.96237        0.53840   1  52
        2.96237        0.58081   1  53
        2.96237        0.58095   1  54
        2.96237        0.60434   1  55
        2.96237        0.62810   1  56
        2.96237        0.64765   1  57
        2.96237        0.67324   1  58
        2.96237        0.69220   1  59
        2.96237        0.69502   1  60
        2.96237        0.73683   1  61
        2.96237        0.75831   1  62
        2.96237        0.79042   1  63
        2.96237        0.79158   1  64
        2.96237        0.84644   1  65
        2.96237        0.88037   1  66
        2.96237        0.92816   1  67
        2.96237        0.94089   1  68
        2.96237        1.00658   1  69
        2.96237        1.03169   1  70
        2.96237        1.07438   1  71
        2.96237        1.14068   1  72
        2.96237        1.16970   1  73
        2.96237        1.22189   1  74
        2.96237        1.23068   1  75
        2.96237        1.46021   1  76
        3.00165       -0.85554   1   1
        3.00165       -0.83903   1   2
        3.00165       -0.83834   1   3
        3.00165       -0.80357   1   4
        3.00165       -0.78768   1   5
        3.00165       -0.74538   1   6
        3.00165       -0.71639   1   7
        3.00165       -0.70107   1   8
        3.00165       -0.68481   1   9
        3.00165       -0.65946   1  10
        3.00165       -0.64950   1  11
        3.00165       -0.64137   1  12
        3.00165       -0.63929   1  13
        3.00165       -0.63176   1  14
        3.00165       -0.61517   1  15
        3.00165       -0.58840   1  16
        3.00165       -0.54818   1  17
        3.00165       -0.54364   1  18
        3.00165       -0.53760   1  19
        3.00165       -0.53445   1  20
        3.00165       -0.48406   1  21
        3.00165       -0.46898   1  22
        3.00165       -0.46321   1  23
        3.00165       -0.45624   1  24
        3.00165       -0.42719   1  25
        3.00165       -0.23605   1  26
        3.00165       -0.14381   1  27
        3.00165       -0.11482   1  28
        3.00165       -0.03935   1  29
        3.00165        0.07226   1  30
        3.00165        0.08414   1  31
        3.00165        0.10104   1  32
        3.00165        0.11411   1  33
        3.00165        0.15739   1  34
        3.00165        0.16532   1  35
        3.00165        0.17655   1  36
        3.00165        0.20340   1  37
        3.00165        0.26285   1  38
        3.00165        0.26579   1  39
        3.00165        0.28208   1  40
        3.00165        0.30792   1  41
        3.00165        0.31695   1  42
        3.00165        0.36403   1  43
        3.00165        0.39548   1  44
        3.00165        0.43094   1  45
        3.00165        0.43558   1  46
        3.00165        0.44798   1  47
        3.00165        0.47373   1  48
        3.00165        0.48790   1  49
        3.00165        0.52435   1  50
        3.00165        0.53722   1  51
        3.00165        0.54380   1  52
        3.00165        0.59380   1  53
        3.00165        0.59392   1  54
        3.00165        0.61460   1  55
        3.00165        0.62603   1  56
        3.00165        0.65227   1  57
        3.00165        0.68254   1  58
        3.00165        0.71144   1  59
        3.00165        0.71870   1  60
        3.00165        0.72943   1  61
        3.00165        0.80556   1  62
        3.00165        0.80908   1  63
        3.00165        0.82635   1  64
        3.00165        0.84403   1  65
        3.00165        0.92846   1  66
        3.00165        0.95056   1  67
        3.00165        0.95348   1  68
        3.00165        1.04477   1  69
        3.00165        1.11227   1  70
        3.00165        1.11785   1  71
        3.00165        1.16494   1  72
        3.00165        1.20840   1  73
        3.00165        1.27406   1  74
        3.00165        1.29075   1  75
        3.00165        1.48885   1  76
        3.04093       -0.85008   1   1
        3.04093       -0.83786   1   2
        3.04093       -0.82648   1   3
        3.04093       -0.80897   1   4
        3.04093       -0.77656   1   5
        3.04093       -0.75115   1   6
        3.04093       -0.71401   1   7
        3.04093       -0.70752   1   8
        3.04093       -0.68465   1   9
        3.04093       -0.65523   1  10
        3.04093       -0.64647   1  11
        3.04093       -0.64608   1  12
        3.04093       -0.63555   1  13
        3.04093       -0.63076   1  14
        3.04093       -0.61433   1  15
        3.04093       -0.59025   1  16
        3.04093       -0.55751   1  17
        3.04093       -0.54496   1  18
        3.04093       -0.54277   1  19
        3.04093       -0.54242   1  20
        3.04093       -0.49063   1  21
        3.04093       -0.46986   1  22
        3.04093       -0.46124   1  23
        3.04093       -0.45411   1  24
        3.04093       -0.43476   1  25
        3.04093       -0.27256   1  26
        3.04093       -0.14489   1  27
        3.04093       -0.10611   1  28
        3.04093       -0.07487   1  29
        3.04093        0.03386   1  30
        3.04093        0.07600   1  31
        3.04093        0.08784   1  32
        3.04093        0.13688   1  33
        3.04093        0.13982   1  34
        3.04093        0.14132   1  35
        3.04093        0.16901   1  36
        3.04093        0.19933   1  37
        3.04093        0.24445   1  38
        3.04093        0.25847   1  39
        3.04093        0.27574   1  40
        3.04093        0.30594   1  41
        3.04093        0.31066   1  42
        3.04093        0.36346   1  43
        3.04093        0.40484   1  44
        3.04093        0.41589   1  45
        3.04093        0.45703   1  46
        3.04093        0.46924   1  47
        3.04093        0.50839   1  48
        3.04093        0.50914   1  49
        3.04093        0.54217   1  50
        3.04093        0.55533   1  51
        3.04093        0.55810   1  52
        3.04093        0.60536   1  53
        3.04093        0.60758   1  54
        3.04093        0.61006   1  55
        3.04093        0.63935   1  56
        3.04093        0.65456   1  57
        3.04093        0.69967   1  58
        3.04093        0.73100   1  59
        3.04093        0.73661   1  60
        3.04093        0.74261   1  61
        3.04093        0.82207   1  62
        3.04093        0.83385   1  63
        3.04093        0.85643   1  64
        3.04093        0.89622   1  65
        3.04093        0.92438   1  66
        3.04093        0.98259   1  67
        3.04093        0.98753   1  68
        3.04093        1.09607   1  69
        3.04093        1.12550   1  70
        3.04093        1.18698   1  71
        3.04093        1.19292   1  72
        3.04093        1.25344   1  73
        3.04093        1.33358   1  74
        3.04093        1.36361   1  75
        3.04093        1.52972   1  76
        3.08022       -0.84679   1   1
        3.08022       -0.83750   1   2
        3.08022       -0.81248   1   3
        3.08022       -0.80924   1   4
        3.08022       -0.76418   1   5
        3.08022       -0.75720   1   6
        3.08022       -0.73045   1   7
        3.08022       -0.69771   1   8
        3.08022       -0.68321   1   9
        3.08022       -0.65287   1  10
        3.08022       -0.65064   1  11
        3.08022       -0.64335   1  12
        3.08022       -0.63299   1  13
        3.08022       -0.63164   1  14
        3.08022       -0.61350   1  15
        3.08022       -0.59268   1  16
        3.08022       -0.56438   1  17
        3.08022       -0.54865   1  18
        3.08022       -0.54678   1  19
        3.08022       -0.54304   1  20
        3.08022       -0.49579   1  21
        3.08022       -0.47110   1  22
        3.08022       -0.45839   1  23
        3.08022       -0.45294   1  24
        3.08022       -0.43797   1  25
        3.08022       -0.30629   1  26
        3.08022       -0.17443   1  27
        3.08022       -0.10975   1  28
        3.08022       -0.06520   1  29
        3.08022       -0.00367   1  30
        3.08022        0.04849   1  31
        3.08022        0.08337   1  32
        3.08022        0.10583   1  33
        3.08022        0.12123   1  34
        3.08022        0.16153   1  35
        3.08022        0.16850   1  36
        3.08022        0.20362   1  37
        3.08022        0.22680   1  38
        3.08022        0.25357   1  39
        3.08022        0.28442   1  40
        3.08022        0.30055   1  41
        3.08022        0.31523   1  42
        3.08022        0.36652   1  43
        3.08022        0.39350   1  44
        3.08022        0.41675   1  45
        3.08022        0.46354   1  46
        3.08022        0.49806   1  47
        3.08022        0.52837   1  48
        3.08022        0.53182   1  49
        3.08022        0.55050   1  50
        3.08022        0.58015   1  51
        3.08022        0.58322   1  52
        3.08022        0.60718   1  53
        3.08022        0.62539   1  54
        3.08022        0.62597   1  55
        3.08022        0.66026   1  56
        3.08022        0.67915   1  57
        3.08022        0.72372   1  58
        3.08022        0.73102   1  59
        3.08022        0.76610   1  60
        3.08022        0.77502   1  61
        3.08022        0.82910   1  62
        3.08022        0.86392   1  63
        3.08022        0.87796   1  64
        3.08022        0.92860   1  65
        3.08022        0.96525   1  66
        3.08022        1.01388   1  67
        3.08022        1.03436   1  68
        3.08022        1.09847   1  69
        3.08022        1.16751   1  70
        3.08022        1.22245   1  71
        3.08022        1.24999   1  72
        3.08022        1.29895   1  73
        3.08022        1.39697   1  74
        3.08022        1.44682   1  75
        3.08022        1.58035   1  76
        3.11950       -0.84827   1   1
        3.11950       -0.83794   1   2
        3.11950       -0.80316   1   3
        3.11950       -0.79731   1   4
        3.11950       -0.76323   1   5
        3.11950       -0.75084   1   6
        3.11950       -0.74400   1   7
        3.11950       -0.68726   1   8
        3.11950       -0.68166   1   9
        3.11950       -0.66014   1  10
        3.11950       -0.64720   1  11
        3.11950       -0.64300   1  12
        3.11950       -0.63443   1  13
        3.11950       -0.63159   1  14
        3.11950       -0.61274   1  15
        3.11950       -0.59207   1  16
        3.11950       -0.56878   1  17
        3.11950       -0.55115   1  18
        3.11950       -0.54972   1  19
        3.11950       -0.53990   1  20
        3.11950       -0.49880   1  21
        3.11950       -0.47264   1  22
        3.11950       -0.45482   1  23
        3.11950       -0.45265   1  24
        3.11950       -0.43861   1  25
        3.11950       -0.33645   1  26
        3.11950       -0.20266   1  27
        3.11950       -0.14260   1  28
        3.11950       -0.03858   1  29
        3.11950       -0.02502   1  30
        3.11950        0.01961   1  31
        3.11950        0.06086   1  32
        3.11950        0.07350   1  33
        3.11950        0.12082   1  34
        3.11950        0.14684   1  35
        3.11950        0.18570   1  36
        3.11950        0.20124   1  37
        3.11950        0.24052   1  38
        3.11950        0.24685   1  39
        3.11950        0.29249   1  40
        3.11950        0.30356   1  41
        3.11950        0.33763   1  42
        3.11950        0.36543   1  43
        3.11950        0.38601   1  44
        3.11950        0.43692   1  45
        3.11950        0.47239   1  46
        3.11950        0.51247   1  47
        3.11950        0.53908   1  48
        3.11950        0.54614   1  49
        3.11950        0.55793   1  50
        3.11950        0.60627   1  51
        3.11950        0.61216   1  52
        3.11950        0.61822   1  53
        3.11950        0.64156   1  54
        3.11950        0.65198   1  55
        3.11950        0.67365   1  56
        3.11950        0.73669   1  57
        3.11950        0.74000   1  58
        3.11950        0.75231   1  59
        3.11950        0.80029   1  60
        3.11950        0.80990   1  61
        3.11950        0.83198   1  62
        3.11950        0.89880   1  63
        3.11950        0.90050   1  64
        3.11950        0.96178   1  65
        3.11950        1.03219   1  66
        3.11950        1.04947   1  67
        3.11950        1.05665   1  68
        3.11950        1.12001   1  69
        3.11950        1.21263   1  70
        3.11950        1.25517   1  71
        3.11950        1.30296   1  72
        3.11950        1.35225   1  73
        3.11950        1.46115   1  74
        3.11950        1.53184   1  75
        3.11950        1.63589   1  76
        3.15878       -0.85669   1   1
        3.15878       -0.83613   1   2
        3.15878       -0.79646   1   3
        3.15878       -0.78131   1   4
        3.15878       -0.76929   1   5
        3.15878       -0.74808   1   6
        3.15878       -0.73684   1   7
        3.15878       -0.68020   1   8
        3.15878       -0.67645   1   9
        3.15878       -0.66776   1  10
        3.15878       -0.65062   1  11
        3.15878       -0.64588   1  12
        3.15878       -0.63237   1  13
        3.15878       -0.63063   1  14
        3.15878       -0.61206   1  15
        3.15878       -0.58797   1  16
        3.15878       -0.57105   1  17
        3.15878       -0.55174   1  18
        3.15878       -0.55098   1  19
        3.15878       -0.53652   1  20
        3.15878       -0.50006   1  21
        3.15878       -0.47460   1  22
        3.15878       -0.45306   1  23
        3.15878       -0.45098   1  24
        3.15878       -0.43813   1  25
        3.15878       -0.36304   1  26
        3.15878       -0.22982   1  27
        3.15878       -0.17340   1  28
        3.15878       -0.07058   1  29
        3.15878       -0.01027   1  30
        3.15878        0.01533   1  31
        3.15878        0.03437   1  32
        3.15878        0.04401   1  33
        3.15878        0.12068   1  34
        3.15878        0.13075   1  35
        3.15878        0.17040   1  36
        3.15878        0.23244   1  37
        3.15878        0.24059   1  38
        3.15878        0.25862   1  39
        3.15878        0.28599   1  40
        3.15878        0.34026   1  41
        3.15878        0.36254   1  42
        3.15878        0.38722   1  43
        3.15878        0.38734   1  44
        3.15878        0.47408   1  45
        3.15878        0.47809   1  46
        3.15878        0.52099   1  47
        3.15878        0.53367   1  48
        3.15878        0.58299   1  49
        3.15878        0.59183   1  50
        3.15878        0.61801   1  51
        3.15878        0.63321   1  52
        3.15878        0.64812   1  53
        3.15878        0.66512   1  54
        3.15878        0.68610   1  55
        3.15878        0.68867   1  56
        3.15878        0.75589   1  57
        3.15878        0.78749   1  58
        3.15878        0.79152   1  59
        3.15878        0.82880   1  60
        3.15878        0.84103   1  61
        3.15878        0.86848   1  62
        3.15878        0.93154   1  63
        3.15878        0.94541   1  64
        3.15878        0.99860   1  65
        3.15878        1.07253   1  66
        3.15878        1.09091   1  67
        3.15878        1.09386   1  68
        3.15878        1.15478   1  69
        3.15878        1.25265   1  70
        3.15878        1.29419   1  71
        3.15878        1.34575   1  72
        3.15878        1.40869   1  73
        3.15878        1.51745   1  74
        3.15878        1.60857   1  75
        3.15878        1.69185   1  76
        3.19807       -0.86905   1   1
        3.19807       -0.83519   1   2
        3.19807       -0.79721   1   3
        3.19807       -0.76815   1   4
        3.19807       -0.76487   1   5
        3.19807       -0.74216   1   6
        3.19807       -0.72253   1   7
        3.19807       -0.67866   1   8
        3.19807       -0.67572   1   9
        3.19807       -0.66527   1  10
        3.19807       -0.65886   1  11
        3.19807       -0.65084   1  12
        3.19807       -0.62953   1  13
        3.19807       -0.62607   1  14
        3.19807       -0.61140   1  15
        3.19807       -0.58182   1  16
        3.19807       -0.57168   1  17
        3.19807       -0.55302   1  18
        3.19807       -0.55046   1  19
        3.19807       -0.53324   1  20
        3.19807       -0.50004   1  21
        3.19807       -0.47713   1  22
        3.19807       -0.45399   1  23
        3.19807       -0.44756   1  24
        3.19807       -0.43719   1  25
        3.19807       -0.38558   1  26
        3.19807       -0.25431   1  27
        3.19807       -0.20147   1  28
        3.19807       -0.09955   1  29
        3.19807       -0.03930   1  30
        3.19807        0.00777   1  31
        3.19807        0.01927   1  32
        3.19807        0.05993   1  33
        3.19807        0.10174   1  34
        3.19807        0.12663   1  35
        3.19807        0.16782   1  36
        3.19807        0.22528   1  37
        3.19807        0.24323   1  38
        3.19807        0.28750   1  39
        3.19807        0.30171   1  40
        3.19807        0.35769   1  41
        3.19807        0.38905   1  42
        3.19807        0.39504   1  43
        3.19807        0.46187   1  44
        3.19807        0.48836   1  45
        3.19807        0.53311   1  46
        3.19807        0.53493   1  47
        3.19807        0.53876   1  48
        3.19807        0.61970   1  49
        3.19807        0.62617   1  50
        3.19807        0.63837   1  51
        3.19807        0.64809   1  52
        3.19807        0.69624   1  53
        3.19807        0.70896   1  54
        3.19807        0.71077   1  55
        3.19807        0.73237   1  56
        3.19807        0.78790   1  57
        3.19807        0.82121   1  58
        3.19807        0.83553   1  59
        3.19807        0.87359   1  60
        3.19807        0.89342   1  61
        3.19807        0.91074   1  62
        3.19807        0.97435   1  63
        3.19807        1.00140   1  64
        3.19807        1.04176   1  65
        3.19807        1.10648   1  66
        3.19807        1.13097   1  67
        3.19807        1.13905   1  68
        3.19807        1.17840   1  69
        3.19807        1.28911   1  70
        3.19807        1.34089   1  71
        3.19807        1.37037   1  72
        3.19807        1.46705   1  73
        3.19807        1.55437   1  74
        3.19807        1.67409   1  75
        3.19807        1.74048   1  76
        3.23735       -0.88341   1   1
        3.23735       -0.83776   1   2
        3.23735       -0.80049   1   3
        3.23735       -0.76036   1   4
        3.23735       -0.74852   1   5
        3.23735       -0.73007   1   6
        3.23735       -0.70838   1   7
        3.23735       -0.68317   1   8
        3.23735       -0.67698   1   9
        3.23735       -0.66650   1  10
        3.23735       -0.65677   1  11
        3.23735       -0.65458   1  12
        3.23735       -0.62905   1  13
        3.23735       -0.61827   1  14
        3.23735       -0.61077   1  15
        3.23735       -0.57509   1  16
        3.23735       -0.57113   1  17
        3.23735       -0.55373   1  18
        3.23735       -0.55049   1  19
        3.23735       -0.53027   1  20
        3.23735       -0.49940   1  21
        3.23735       -0.48010   1  22
        3.23735       -0.45526   1  23
        3.23735       -0.44562   1  24
        3.23735       -0.43541   1  25
        3.23735       -0.40349   1  26
        3.23735       -0.27584   1  27
        3.23735       -0.22602   1  28
        3.23735       -0.12477   1  29
        3.23735       -0.06419   1  30
        3.23735       -0.01676   1  31
        3.23735       -0.00160   1  32
        3.23735        0.08126   1  33
        3.23735        0.10756   1  34
        3.23735        0.11373   1  35
        3.23735        0.18039   1  36
        3.23735        0.21777   1  37
        3.23735        0.22431   1  38
        3.23735        0.31290   1  39
        3.23735        0.34109   1  40
        3.23735        0.35765   1  41
        3.23735        0.39506   1  42
        3.23735        0.46727   1  43
        3.23735        0.49818   1  44
        3.23735        0.54065   1  45
        3.23735        0.54190   1  46
        3.23735        0.56543   1  47
        3.23735        0.61018   1  48
        3.23735        0.62823   1  49
        3.23735        0.66067   1  50
        3.23735        0.67390   1  51
        3.23735        0.70340   1  52
        3.23735        0.73599   1  53
        3.23735        0.76131   1  54
        3.23735        0.76881   1  55
        3.23735        0.79732   1  56
        3.23735        0.83099   1  57
        3.23735        0.85411   1  58
        3.23735        0.90285   1  59
        3.23735        0.92469   1  60
        3.23735        0.95047   1  61
        3.23735        0.96578   1  62
        3.23735        1.02939   1  63
        3.23735        1.07350   1  64
        3.23735        1.08733   1  65
        3.23735        1.12426   1  66
        3.23735        1.15528   1  67
        3.23735        1.19925   1  68
        3.23735        1.20254   1  69
        3.23735        1.31941   1  70
        3.23735        1.38268   1  71
        3.23735        1.39779   1  72
        3.23735        1.52264   1  73
        3.23735        1.56613   1  74
        3.23735        1.72613   1  75
        3.23735        1.77447   1  76
        3.27664       -0.89786   1   1
        3.27664       -0.84350   1   2
        3.27664       -0.80060   1   3
        3.27664       -0.75040   1   4
        3.27664       -0.73287   1   5
        3.27664       -0.71624   1   6
        3.27664       -0.69495   1   7
        3.27664       -0.68978   1   8
        3.27664       -0.67836   1   9
        3.27664       -0.66925   1  10
        3.27664       -0.66082   1  11
        3.27664       -0.64450   1  12
        3.27664       -0.62988   1  13
        3.27664       -0.61012   1  14
        3.27664       -0.60976   1  15
        3.27664       -0.56982   1  16
        3.27664       -0.56896   1  17
        3.27664       -0.55402   1  18
        3.27664       -0.55087   1  19
        3.27664       -0.52749   1  20
        3.27664       -0.49932   1  21
        3.27664       -0.48325   1  22
        3.27664       -0.45668   1  23
        3.27664       -0.44621   1  24
        3.27664       -0.43257   1  25
        3.27664       -0.41662   1  26
        3.27664       -0.29602   1  27
        3.27664       -0.24777   1  28
        3.27664       -0.14665   1  29
        3.27664       -0.08647   1  30
        3.27664       -0.03883   1  31
        3.27664       -0.01961   1  32
        3.27664        0.06241   1  33
        3.27664        0.09734   1  34
        3.27664        0.15395   1  35
        3.27664        0.18949   1  36
        3.27664        0.19538   1  37
        3.27664        0.23045   1  38
        3.27664        0.30757   1  39
        3.27664        0.36229   1  40
        3.27664        0.39978   1  41
        3.27664        0.41412   1  42
        3.27664        0.49889   1  43
        3.27664        0.54632   1  44
        3.27664        0.54836   1  45
        3.27664        0.60291   1  46
        3.27664        0.61211   1  47
        3.27664        0.64780   1  48
        3.27664        0.68326   1  49
        3.27664        0.69284   1  50
        3.27664        0.72158   1  51
        3.27664        0.75964   1  52
        3.27664        0.78602   1  53
        3.27664        0.82179   1  54
        3.27664        0.84222   1  55
        3.27664        0.87942   1  56
        3.27664        0.87943   1  57
        3.27664        0.89257   1  58
        3.27664        0.97178   1  59
        3.27664        0.98707   1  60
        3.27664        0.99302   1  61
        3.27664        1.05473   1  62
        3.27664        1.06637   1  63
        3.27664        1.11514   1  64
        3.27664        1.14534   1  65
        3.27664        1.15979   1  66
        3.27664        1.18323   1  67
        3.27664        1.23250   1  68
        3.27664        1.27475   1  69
        3.27664        1.33483   1  70
        3.27664        1.40048   1  71
        3.27664        1.46813   1  72
        3.27664        1.55338   1  73
        3.27664        1.56340   1  74
        3.27664        1.75974   1  75
        3.27664        1.79290   1  76
        3.31592       -0.91094   1   1
        3.31592       -0.85007   1   2
        3.31592       -0.79890   1   3
        3.31592       -0.73965   1   4
        3.31592       -0.71861   1   5
        3.31592       -0.70449   1   6
        3.31592       -0.69541   1   7
        3.31592       -0.68273   1   8
        3.31592       -0.68255   1   9
        3.31592       -0.67162   1  10
        3.31592       -0.65578   1  11
        3.31592       -0.63541   1  12
        3.31592       -0.63231   1  13
        3.31592       -0.60947   1  14
        3.31592       -0.60098   1  15
        3.31592       -0.56814   1  16
        3.31592       -0.56446   1  17
        3.31592       -0.55397   1  18
        3.31592       -0.55140   1  19
        3.31592       -0.52446   1  20
        3.31592       -0.50075   1  21
        3.31592       -0.48637   1  22
        3.31592       -0.45807   1  23
        3.31592       -0.44943   1  24
        3.31592       -0.42954   1  25
        3.31592       -0.42420   1  26
        3.31592       -0.31453   1  27
        3.31592       -0.26622   1  28
        3.31592       -0.16532   1  29
        3.31592       -0.10613   1  30
        3.31592       -0.05790   1  31
        3.31592       -0.03449   1  32
        3.31592        0.04568   1  33
        3.31592        0.08154   1  34
        3.31592        0.17318   1  35
        3.31592        0.19246   1  36
        3.31592        0.19811   1  37
        3.31592        0.24587   1  38
        3.31592        0.29607   1  39
        3.31592        0.36079   1  40
        3.31592        0.44233   1  41
        3.31592        0.45936   1  42
        3.31592        0.49657   1  43
        3.31592        0.55177   1  44
        3.31592        0.62356   1  45
        3.31592        0.64385   1  46
        3.31592        0.66731   1  47
        3.31592        0.67131   1  48
        3.31592        0.71694   1  49
        3.31592        0.76280   1  50
        3.31592        0.76646   1  51
        3.31592        0.77751   1  52
        3.31592        0.86177   1  53
        3.31592        0.87198   1  54
        3.31592        0.91935   1  55
        3.31592        0.92641   1  56
        3.31592        0.94034   1  57
        3.31592        0.96443   1  58
        3.31592        1.00998   1  59
        3.31592        1.03070   1  60
        3.31592        1.06545   1  61
        3.31592        1.07282   1  62
        3.31592        1.13991   1  63
        3.31592        1.14019   1  64
        3.31592        1.18368   1  65
        3.31592        1.22528   1  66
        3.31592        1.24544   1  67
        3.31592        1.25613   1  68
        3.31592        1.33968   1  69
        3.31592        1.35452   1  70
        3.31592        1.42004   1  71
        3.31592        1.53252   1  72
        3.31592        1.54650   1  73
        3.31592        1.57834   1  74
        3.31592        1.77194   1  75
        3.31592        1.79754   1  76
        3.35520       -0.92185   1   1
        3.35520       -0.85592   1   2
        3.35520       -0.79700   1   3
        3.35520       -0.72965   1   4
        3.35520       -0.70654   1   5
        3.35520       -0.69969   1   6
        3.35520       -0.69642   1   7
        3.35520       -0.68526   1   8
        3.35520       -0.67527   1   9
        3.35520       -0.67211   1  10
        3.35520       -0.64490   1  11
        3.35520       -0.63571   1  12
        3.35520       -0.62780   1  13
        3.35520       -0.60889   1  14
        3.35520       -0.59232   1  15
        3.35520       -0.56651   1  16
        3.35520       -0.56217   1  17
        3.35520       -0.55366   1  18
        3.35520       -0.55192   1  19
        3.35520       -0.52094   1  20
        3.35520       -0.50382   1  21
        3.35520       -0.48930   1  22
        3.35520       -0.45930   1  23
        3.35520       -0.45378   1  24
        3.35520       -0.42904   1  25
        3.35520       -0.42544   1  26
        3.35520       -0.33047   1  27
        3.35520       -0.27997   1  28
        3.35520       -0.18028   1  29
        3.35520       -0.12174   1  30
        3.35520       -0.07312   1  31
        3.35520       -0.04574   1  32
        3.35520        0.03185   1  33
        3.35520        0.06825   1  34
        3.35520        0.15691   1  35
        3.35520        0.18974   1  36
        3.35520        0.23966   1  37
        3.35520        0.26536   1  38
        3.35520        0.28495   1  39
        3.35520        0.35618   1  40
        3.35520        0.46430   1  41
        3.35520        0.50028   1  42
        3.35520        0.51382   1  43
        3.35520        0.55858   1  44
        3.35520        0.67730   1  45
        3.35520        0.68120   1  46
        3.35520        0.69830   1  47
        3.35520        0.70825   1  48
        3.35520        0.74737   1  49
        3.35520        0.77944   1  50
        3.35520        0.80428   1  51
        3.35520        0.82432   1  52
        3.35520        0.89829   1  53
        3.35520        0.94319   1  54
        3.35520        0.95968   1  55
        3.35520        0.97210   1  56
        3.35520        0.99684   1  57
        3.35520        1.02787   1  58
        3.35520        1.03495   1  59
        3.35520        1.05408   1  60
        3.35520        1.08088   1  61
        3.35520        1.14276   1  62
        3.35520        1.16475   1  63
        3.35520        1.20654   1  64
        3.35520        1.21927   1  65
        3.35520        1.25503   1  66
        3.35520        1.27263   1  67
        3.35520        1.31599   1  68
        3.35520        1.35576   1  69
        3.35520        1.41536   1  70
        3.35520        1.42294   1  71
        3.35520        1.53013   1  72
        3.35520        1.56730   1  73
        3.35520        1.61938   1  74
        3.35520        1.76599   1  75
        3.35520        1.78727   1  76
        3.39449       -0.93008   1   1
        3.39449       -0.86039   1   2
        3.39449       -0.79555   1   3
        3.39449       -0.72220   1   4
        3.39449       -0.70315   1   5
        3.39449       -0.69698   1   6
        3.39449       -0.69211   1   7
        3.39449       -0.68492   1   8
        3.39449       -0.67640   1   9
        3.39449       -0.66412   1  10
        3.39449       -0.64446   1  11
        3.39449       -0.62970   1  12
        3.39449       -0.62205   1  13
        3.39449       -0.60844   1  14
        3.39449       -0.58427   1  15
        3.39449       -0.56527   1  16
        3.39449       -0.56191   1  17
        3.39449       -0.55319   1  18
        3.39449       -0.55230   1  19
        3.39449       -0.51738   1  20
        3.39449       -0.50779   1  21
        3.39449       -0.49178   1  22
        3.39449       -0.46026   1  23
        3.39449       -0.45761   1  24
        3.39449       -0.43076   1  25
        3.39449       -0.42346   1  26
        3.39449       -0.34343   1  27
        3.39449       -0.28957   1  28
        3.39449       -0.19118   1  29
        3.39449       -0.13302   1  30
        3.39449       -0.08423   1  31
        3.39449       -0.05377   1  32
        3.39449        0.02164   1  33
        3.39449        0.05849   1  34
        3.39449        0.14489   1  35
        3.39449        0.18630   1  36
        3.39449        0.27457   1  37
        3.39449        0.27464   1  38
        3.39449        0.28705   1  39
        3.39449        0.35233   1  40
        3.39449        0.47114   1  41
        3.39449        0.51257   1  42
        3.39449        0.55698   1  43
        3.39449        0.56988   1  44
        3.39449        0.69945   1  45
        3.39449        0.71898   1  46
        3.39449        0.72641   1  47
        3.39449        0.73680   1  48
        3.39449        0.75905   1  49
        3.39449        0.77960   1  50
        3.39449        0.84052   1  51
        3.39449        0.86554   1  52
        3.39449        0.93028   1  53
        3.39449        0.97024   1  54
        3.39449        0.99075   1  55
        3.39449        0.99739   1  56
        3.39449        1.03775   1  57
        3.39449        1.04481   1  58
        3.39449        1.08200   1  59
        3.39449        1.08202   1  60
        3.39449        1.10436   1  61
        3.39449        1.18921   1  62
        3.39449        1.19415   1  63
        3.39449        1.22242   1  64
        3.39449        1.25067   1  65
        3.39449        1.26275   1  66
        3.39449        1.30449   1  67
        3.39449        1.36522   1  68
        3.39449        1.36582   1  69
        3.39449        1.41023   1  70
        3.39449        1.47251   1  71
        3.39449        1.53353   1  72
        3.39449        1.54696   1  73
        3.39449        1.67588   1  74
        3.39449        1.75262   1  75
        3.39449        1.76198   1  76
        3.43377       -0.93518   1   1
        3.43377       -0.86317   1   2
        3.43377       -0.79469   1   3
        3.43377       -0.71818   1   4
        3.43377       -0.70505   1   5
        3.43377       -0.69118   1   6
        3.43377       -0.69014   1   7
        3.43377       -0.68533   1   8
        3.43377       -0.67155   1   9
        3.43377       -0.65905   1  10
        3.43377       -0.65165   1  11
        3.43377       -0.62061   1  12
        3.43377       -0.61843   1  13
        3.43377       -0.60814   1  14
        3.43377       -0.57769   1  15
        3.43377       -0.56453   1  16
        3.43377       -0.56314   1  17
        3.43377       -0.55275   1  18
        3.43377       -0.55251   1  19
        3.43377       -0.51465   1  20
        3.43377       -0.51124   1  21
        3.43377       -0.49346   1  22
        3.43377       -0.46085   1  23
        3.43377       -0.46016   1  24
        3.43377       -0.43207   1  25
        3.43377       -0.42203   1  26
        3.43377       -0.35207   1  27
        3.43377       -0.29550   1  28
        3.43377       -0.19777   1  29
        3.43377       -0.13984   1  30
        3.43377       -0.09102   1  31
        3.43377       -0.05884   1  32
        3.43377        0.01537   1  33
        3.43377        0.05261   1  34
        3.43377        0.13747   1  35
        3.43377        0.18368   1  36
        3.43377        0.26960   1  37
        3.43377        0.29793   1  38
        3.43377        0.30112   1  39
        3.43377        0.35027   1  40
        3.43377        0.47140   1  41
        3.43377        0.52054   1  42
        3.43377        0.58382   1  43
        3.43377        0.58517   1  44
        3.43377        0.71293   1  45
        3.43377        0.73984   1  46
        3.43377        0.74440   1  47
        3.43377        0.75365   1  48
        3.43377        0.75793   1  49
        3.43377        0.77940   1  50
        3.43377        0.87487   1  51
        3.43377        0.88950   1  52
        3.43377        0.94372   1  53
        3.43377        0.95463   1  54
        3.43377        1.01578   1  55
        3.43377        1.01847   1  56
        3.43377        1.06052   1  57
        3.43377        1.07104   1  58
        3.43377        1.10631   1  59
        3.43377        1.10676   1  60
        3.43377        1.11060   1  61
        3.43377        1.21381   1  62
        3.43377        1.21532   1  63
        3.43377        1.23514   1  64
        3.43377        1.25401   1  65
        3.43377        1.27413   1  66
        3.43377        1.31767   1  67
        3.43377        1.36581   1  68
        3.43377        1.39223   1  69
        3.43377        1.42853   1  70
        3.43377        1.50109   1  71
        3.43377        1.50800   1  72
        3.43377        1.55390   1  73
        3.43377        1.71061   1  74
        3.43377        1.73349   1  75
        3.43377        1.74196   1  76
        3.47305       -0.93689   1   1
        3.47305       -0.86411   1   2
        3.47305       -0.79442   1   3
        3.47305       -0.71702   1   4
        3.47305       -0.70571   1   5
        3.47305       -0.68918   1   6
        3.47305       -0.68918   1   7
        3.47305       -0.68619   1   8
        3.47305       -0.66615   1   9
        3.47305       -0.65730   1  10
        3.47305       -0.65730   1  11
        3.47305       -0.61717   1  12
        3.47305       -0.61717   1  13
        3.47305       -0.60804   1  14
        3.47305       -0.57468   1  15
        3.47305       -0.56427   1  16
        3.47305       -0.56427   1  17
        3.47305       -0.55256   1  18
        3.47305       -0.55256   1  19
        3.47305       -0.51363   1  20
        3.47305       -0.51260   1  21
        3.47305       -0.49405   1  22
        3.47305       -0.46105   1  23
        3.47305       -0.46105   1  24
        3.47305       -0.43257   1  25
        3.47305       -0.42153   1  26
        3.47305       -0.35504   1  27
        3.47305       -0.29751   1  28
        3.47305       -0.19996   1  29
        3.47305       -0.14210   1  30
        3.47305       -0.09328   1  31
        3.47305       -0.06060   1  32
        3.47305        0.01324   1  33
        3.47305        0.05066   1  34
        3.47305        0.13494   1  35
        3.47305        0.18273   1  36
        3.47305        0.26780   1  37
        3.47305        0.30609   1  38
        3.47305        0.30609   1  39
        3.47305        0.34967   1  40
        3.47305        0.47104   1  41
        3.47305        0.52251   1  42
        3.47305        0.59267   1  43
        3.47305        0.59267   1  44
        3.47305        0.71771   1  45
        3.47305        0.74647   1  46
        3.47305        0.74647   1  47
        3.47305        0.75917   1  48
        3.47305        0.75917   1  49
        3.47305        0.77974   1  50
        3.47305        0.89704   1  51
        3.47305        0.89704   1  52
        3.47305        0.92674   1  53
        3.47305        0.95895   1  54
        3.47305        1.02323   1  55
        3.47305        1.02323   1  56
        3.47305        1.07915   1  57
        3.47305        1.07915   1  58
        3.47305        1.10429   1  59
        3.47305        1.11420   1  60
        3.47305        1.11420   1  61
        3.47305        1.22125   1  62
        3.47305        1.22125   1  63
        3.47305        1.24251   1  64
        3.47305        1.27736   1  65
        3.47305        1.28098   1  66
        3.47305        1.28098   1  67
        3.47305        1.40033   1  68
        3.47305        1.40033   1  69
        3.47305        1.41277   1  70
        3.47305        1.50995   1  71
        3.47305        1.50995   1  72
        3.47305        1.55082   1  73
        3.47305        1.72207   1  74
        3.47305        1.72207   1  75
        3.47305        1.73753   1  76
        3.47305       -0.92301   1   1
        3.47305       -0.90521   1   2
        3.47305       -0.87407   1   3
        3.47305       -0.77450   1   4
        3.47305       -0.74036   1   5
        3.47305       -0.69409   1   6
        3.47305       -0.69035   1   7
        3.47305       -0.67583   1   8
        3.47305       -0.67171   1   9
        3.47305       -0.65897   1  10
        3.47305       -0.64262   1  11
        3.47305       -0.63756   1  12
        3.47305       -0.62911   1  13
        3.47305       -0.61543   1  14
        3.47305       -0.59907   1  15
        3.47305       -0.57057   1  16
        3.47305       -0.56304   1  17
        3.47305       -0.55494   1  18
        3.47305       -0.51678   1  19
        3.47305       -0.49812   1  20
        3.47305       -0.49287   1  21
        3.47305       -0.46513   1  22
        3.47305       -0.42995   1  23
        3.47305       -0.41464   1  24
        3.47305       -0.40867   1  25
        3.47305       -0.39737   1  26
        3.47305       -0.35504   1  27
        3.47305       -0.18387   1  28
        3.47305       -0.13314   1  29
        3.47305       -0.07912   1  30
        3.47305       -0.03799   1  31
        3.47305        0.02689   1  32
        3.47305        0.08766   1  33
        3.47305        0.10813   1  34
        3.47305        0.11343   1  35
        3.47305        0.14967   1  36
        3.47305        0.18472   1  37
        3.47305        0.19160   1  38
        3.47305        0.22488   1  39
        3.47305        0.23382   1  40
        3.47305        0.29011   1  41
        3.47305        0.29788   1  42
        3.47305        0.32101   1  43
        3.47305        0.37244   1  44
        3.47305        0.38026   1  45
        3.47305        0.41126   1  46
        3.47305        0.46527   1  47
        3.47305        0.47777   1  48
        3.47305        0.52125   1  49
        3.47305        0.55649   1  50
        3.47305        0.59291   1  51
        3.47305        0.62107   1  52
        3.47305        0.63073   1  53
        3.47305        0.63449   1  54
        3.47305        0.69953   1  55
        3.47305        0.74518   1  56
        3.47305        0.75322   1  57
        3.47305        0.81387   1  58
        3.47305        0.81425   1  59
        3.47305        0.85010   1  60
        3.47305        0.90226   1  61
        3.47305        0.91142   1  62
        3.47305        0.93741   1  63
        3.47305        1.03661   1  64
        3.47305        1.13765   1  65
        3.47305        1.15534   1  66
        3.47305        1.26040   1  67
        3.47305        1.37116   1  68
        3.47305        1.38290   1  69
        3.47305        1.39625   1  70
        3.47305        1.44204   1  71
        3.47305        1.51188   1  72
        3.47305        1.54590   1  73
        3.47305        1.58188   1  74
        3.47305        1.60272   1  75
        3.47305        1.61681   1  76
        3.50247       -0.92301   1   1
        3.50247       -0.90521   1   2
        3.50247       -0.87407   1   3
        3.50247       -0.77450   1   4
        3.50247       -0.74036   1   5
        3.50247       -0.69409   1   6
        3.50247       -0.69035   1   7
        3.50247       -0.67585   1   8
        3.50247       -0.67171   1   9
        3.50247       -0.65896   1  10
        3.50247       -0.64262   1  11
        3.50247       -0.63756   1  12
        3.50247       -0.62911   1  13
        3.50247       -0.61543   1  14
        3.50247       -0.59907   1  15
        3.50247       -0.57057   1  16
        3.50247       -0.56304   1  17
        3.50247       -0.55494   1  18
        3.50247       -0.51678   1  19
        3.50247       -0.49812   1  20
        3.50247       -0.49287   1  21
        3.50247       -0.46514   1  22
        3.50247       -0.42995   1  23
        3.50247       -0.41464   1  24
        3.50247       -0.40867   1  25
        3.50247       -0.39737   1  26
        3.50247       -0.35506   1  27
        3.50247       -0.18399   1  28
        3.50247       -0.13315   1  29
        3.50247       -0.07877   1  30
        3.50247       -0.03829   1  31
        3.50247        0.02689   1  32
        3.50247        0.08753   1  33
        3.50247        0.10877   1  34
        3.50247        0.11272   1  35
        3.50247        0.15074   1  36
        3.50247        0.18245   1  37
        3.50247        0.19164   1  38
        3.50247        0.22505   1  39
        3.50247        0.23658   1  40
        3.50247        0.28866   1  41
        3.50247        0.29846   1  42
        3.50247        0.31917   1  43
        3.50247        0.36012   1  44
        3.50247        0.39969   1  45
        3.50247        0.41617   1  46
        3.50247        0.45976   1  47
        3.50247        0.46198   1  48
        3.50247        0.53216   1  49
        3.50247        0.55877   1  50
        3.50247        0.59291   1  51
        3.50247        0.62107   1  52
        3.50247        0.62834   1  53
        3.50247        0.63449   1  54
        3.50247        0.69858   1  55
        3.50247        0.74518   1  56
        3.50247        0.75325   1  57
        3.50247        0.81383   1  58
        3.50247        0.81425   1  59
        3.50247        0.85010   1  60
        3.50247        0.90227   1  61
        3.50247        0.91359   1  62
        3.50247        0.93763   1  63
        3.50247        1.03437   1  64
        3.50247        1.13763   1  65
        3.50247        1.15534   1  66
        3.50247        1.26094   1  67
        3.50247        1.37114   1  68
        3.50247        1.38290   1  69
        3.50247        1.39625   1  70
        3.50247        1.44204   1  71
        3.50247        1.51188   1  72
        3.50247        1.54592   1  73
        3.50247        1.58188   1  74
        3.50247        1.60272   1  75
        3.50247        1.61681   1  76
        3.53189       -0.92301   1   1
        3.53189       -0.90521   1   2
        3.53189       -0.87407   1   3
        3.53189       -0.77450   1   4
        3.53189       -0.74036   1   5
        3.53189       -0.69409   1   6
        3.53189       -0.69035   1   7
        3.53189       -0.67586   1   8
        3.53189       -0.67171   1   9
        3.53189       -0.65895   1  10
        3.53189       -0.64262   1  11
        3.53189       -0.63756   1  12
        3.53189       -0.62911   1  13
        3.53189       -0.61543   1  14
        3.53189       -0.59907   1  15
        3.53189       -0.57057   1  16
        3.53189       -0.56304   1  17
        3.53189       -0.55494   1  18
        3.53189       -0.51678   1  19
        3.53189       -0.49812   1  20
        3.53189       -0.49287   1  21
        3.53189       -0.46514   1  22
        3.53189       -0.42995   1  23
        3.53189       -0.41464   1  24
        3.53189       -0.40867   1  25
        3.53189       -0.39737   1  26
        3.53189       -0.35507   1  27
        3.53189       -0.18411   1  28
        3.53189       -0.13315   1  29
        3.53189       -0.07841   1  30
        3.53189       -0.03860   1  31
        3.53189        0.02689   1  32
        3.53189        0.08739   1  33
        3.53189        0.10982   1  34
        3.53189        0.11161   1  35
        3.53189        0.15192   1  36
        3.53189        0.18018   1  37
        3.53189        0.19168   1  38
        3.53189        0.22522   1  39
        3.53189        0.23936   1  40
        3.53189        0.28704   1  41
        3.53189        0.29913   1  42
        3.53189        0.31729   1  43
        3.53189        0.35468   1  44
        3.53189        0.41830   1  45
        3.53189        0.42237   1  46
        3.53189        0.44290   1  47
        3.53189        0.45300   1  48
        3.53189        0.54054   1  49
        3.53189        0.56094   1  50
        3.53189        0.59291   1  51
        3.53189        0.62107   1  52
        3.53189        0.62574   1  53
        3.53189        0.63449   1  54
        3.53189        0.69764   1  55
        3.53189        0.74518   1  56
        3.53189        0.75328   1  57
        3.53189        0.81379   1  58
        3.53189        0.81425   1  59
        3.53189        0.85010   1  60
        3.53189        0.90229   1  61
        3.53189        0.91583   1  62
        3.53189        0.93785   1  63
        3.53189        1.03207   1  64
        3.53189        1.13761   1  65
        3.53189        1.15534   1  66
        3.53189        1.26147   1  67
        3.53189        1.37111   1  68
        3.53189        1.38290   1  69
        3.53189        1.39625   1  70
        3.53189        1.44204   1  71
        3.53189        1.51188   1  72
        3.53189        1.54593   1  73
        3.53189        1.58188   1  74
        3.53189        1.60271   1  75
        3.53189        1.61681   1  76
        3.53189       -0.87567   1   1
        3.53189       -0.87567   1   2
        3.53189       -0.82043   1   3
        3.53189       -0.82043   1   4
        3.53189       -0.76153   1   5
        3.53189       -0.74282   1   6
        3.53189       -0.74282   1   7
        3.53189       -0.70709   1   8
        3.53189       -0.68208   1   9
        3.53189       -0.67833   1  10
        3.53189       -0.65778   1  11
        3.53189       -0.63144   1  12
        3.53189       -0.63144   1  13
        3.53189       -0.62564   1  14
        3.53189       -0.61836   1  15
        3.53189       -0.61836   1  16
        3.53189       -0.51674   1  17
        3.53189       -0.49957   1  18
        3.53189       -0.49957   1  19
        3.53189       -0.49034   1  20
        3.53189       -0.48267   1  21
        3.53189       -0.47172   1  22
        3.53189       -0.47128   1  23
        3.53189       -0.46136   1  24
        3.53189       -0.28393   1  25
        3.53189       -0.28393   1  26
        3.53189       -0.02632   1  27
        3.53189       -0.00191   1  28
        3.53189        0.03878   1  29
        3.53189        0.03878   1  30
        3.53189        0.04535   1  31
        3.53189        0.11385   1  32
        3.53189        0.13197   1  33
        3.53189        0.17279   1  34
        3.53189        0.22224   1  35
        3.53189        0.22224   1  36
        3.53189        0.26698   1  37
        3.53189        0.32807   1  38
        3.53189        0.33905   1  39
        3.53189        0.33905   1  40
        3.53189        0.35379   1  41
        3.53189        0.35496   1  42
        3.53189        0.36770   1  43
        3.53189        0.36770   1  44
        3.53189        0.43096   1  45
        3.53189        0.43096   1  46
        3.53189        0.43766   1  47
        3.53189        0.46054   1  48
        3.53189        0.48659   1  49
        3.53189        0.48659   1  50
        3.53189        0.51885   1  51
        3.53189        0.53994   1  52
        3.53189        0.54660   1  53
        3.53189        0.57757   1  54
        3.53189        0.57757   1  55
        3.53189        0.58312   1  56
        3.53189        0.59811   1  57
        3.53189        0.59811   1  58
        3.53189        0.60855   1  59
        3.53189        0.62756   1  60
        3.53189        0.70873   1  61
        3.53189        0.72208   1  62
        3.53189        0.72208   1  63
        3.53189        0.72679   1  64
        3.53189        0.73345   1  65
        3.53189        0.73345   1  66
        3.53189        0.83892   1  67
        3.53189        0.88250   1  68
        3.53189        0.88250   1  69
        3.53189        0.89188   1  70
        3.53189        0.96280   1  71
        3.53189        1.08861   1  72
        3.53189        1.09174   1  73
        3.53189        1.09174   1  74
        3.53189        1.12329   1  75
        3.53189        1.42480   1  76
        3.56131       -0.87567   1   1
        3.56131       -0.87567   1   2
        3.56131       -0.82043   1   3
        3.56131       -0.82043   1   4
        3.56131       -0.76153   1   5
        3.56131       -0.74282   1   6
        3.56131       -0.74282   1   7
        3.56131       -0.70709   1   8
        3.56131       -0.68208   1   9
        3.56131       -0.67833   1  10
        3.56131       -0.65778   1  11
        3.56131       -0.63144   1  12
        3.56131       -0.63144   1  13
        3.56131       -0.62564   1  14
        3.56131       -0.61836   1  15
        3.56131       -0.61836   1  16
        3.56131       -0.51674   1  17
        3.56131       -0.49957   1  18
        3.56131       -0.49957   1  19
        3.56131       -0.49034   1  20
        3.56131       -0.48267   1  21
        3.56131       -0.47172   1  22
        3.56131       -0.47128   1  23
        3.56131       -0.46136   1  24
        3.56131       -0.28393   1  25
        3.56131       -0.28393   1  26
        3.56131       -0.02632   1  27
        3.56131       -0.00190   1  28
        3.56131        0.03878   1  29
        3.56131        0.03878   1  30
        3.56131        0.04535   1  31
        3.56131        0.11382   1  32
        3.56131        0.13198   1  33
        3.56131        0.17284   1  34
        3.56131        0.22225   1  35
        3.56131        0.22225   1  36
        3.56131        0.26687   1  37
        3.56131        0.32765   1  38
        3.56131        0.33907   1  39
        3.56131        0.33907   1  40
        3.56131        0.35419   1  41
        3.56131        0.35516   1  42
        3.56131        0.36776   1  43
        3.56131        0.36776   1  44
        3.56131        0.43020   1  45
        3.56131        0.43020   1  46
        3.56131        0.43764   1  47
        3.56131        0.46018   1  48
        3.56131        0.49123   1  49
        3.56131        0.49123   1  50
        3.56131        0.51570   1  51
        3.56131        0.54580   1  52
        3.56131        0.54955   1  53
        3.56131        0.55843   1  54
        3.56131        0.55843   1  55
        3.56131        0.57974   1  56
        3.56131        0.59652   1  57
        3.56131        0.62222   1  58
        3.56131        0.62222   1  59
        3.56131        0.64187   1  60
        3.56131        0.69313   1  61
        3.56131        0.69313   1  62
        3.56131        0.70952   1  63
        3.56131        0.71763   1  64
        3.56131        0.75506   1  65
        3.56131        0.75506   1  66
        3.56131        0.84613   1  67
        3.56131        0.88082   1  68
        3.56131        0.88082   1  69
        3.56131        0.89172   1  70
        3.56131        0.95967   1  71
        3.56131        1.08884   1  72
        3.56131        1.09181   1  73
        3.56131        1.09181   1  74
        3.56131        1.12328   1  75
        3.56131        1.42483   1  76
        3.59073       -0.87567   1   1
        3.59073       -0.87567   1   2
        3.59073       -0.82043   1   3
        3.59073       -0.82043   1   4
        3.59073       -0.76153   1   5
        3.59073       -0.74282   1   6
        3.59073       -0.74282   1   7
        3.59073       -0.70709   1   8
        3.59073       -0.68208   1   9
        3.59073       -0.67833   1  10
        3.59073       -0.65778   1  11
        3.59073       -0.63144   1  12
        3.59073       -0.63144   1  13
        3.59073       -0.62564   1  14
        3.59073       -0.61836   1  15
        3.59073       -0.61836   1  16
        3.59073       -0.51675   1  17
        3.59073       -0.49957   1  18
        3.59073       -0.49957   1  19
        3.59073       -0.49034   1  20
        3.59073       -0.48267   1  21
        3.59073       -0.47172   1  22
        3.59073       -0.47128   1  23
        3.59073       -0.46136   1  24
        3.59073       -0.28393   1  25
        3.59073       -0.28393   1  26
        3.59073       -0.02633   1  27
        3.59073       -0.00189   1  28
        3.59073        0.03877   1  29
        3.59073        0.03877   1  30
        3.59073        0.04535   1  31
        3.59073        0.11380   1  32
        3.59073        0.13199   1  33
        3.59073        0.17290   1  34
        3.59073        0.22225   1  35
        3.59073        0.22225   1  36
        3.59073        0.26675   1  37
        3.59073        0.32724   1  38
        3.59073        0.33908   1  39
        3.59073        0.33908   1  40
        3.59073        0.35457   1  41
        3.59073        0.35535   1  42
        3.59073        0.36782   1  43
        3.59073        0.36782   1  44
        3.59073        0.42949   1  45
        3.59073        0.42949   1  46
        3.59073        0.43763   1  47
        3.59073        0.45983   1  48
        3.59073        0.49698   1  49
        3.59073        0.49698   1  50
        3.59073        0.51333   1  51
        3.59073        0.54577   1  52
        3.59073        0.54577   1  53
        3.59073        0.55190   1  54
        3.59073        0.55321   1  55
        3.59073        0.57535   1  56
        3.59073        0.58804   1  57
        3.59073        0.65227   1  58
        3.59073        0.65227   1  59
        3.59073        0.65357   1  60
        3.59073        0.66178   1  61
        3.59073        0.66178   1  62
        3.59073        0.70730   1  63
        3.59073        0.71030   1  64
        3.59073        0.76559   1  65
        3.59073        0.76559   1  66
        3.59073        0.85312   1  67
        3.59073        0.87904   1  68
        3.59073        0.87904   1  69
        3.59073        0.89156   1  70
        3.59073        0.95627   1  71
        3.59073        1.08906   1  72
        3.59073        1.09188   1  73
        3.59073        1.09188   1  74
        3.59073        1.12327   1  75
        3.59073        1.42485   1  76
