        0.00000       -0.93684   1   1
        0.00000       -0.91025   1   2
        0.00000       -0.86406   1   3
        0.00000       -0.85080   1   4
        0.00000       -0.79442   1   5
        0.00000       -0.78377   1   6
        0.00000       -0.71678   1   7
        0.00000       -0.70510   1   8
        0.00000       -0.69007   1   9
        0.00000       -0.68827   1  10
        0.00000       -0.68824   1  11
        0.00000       -0.68575   1  12
        0.00000       -0.68524   1  13
        0.00000       -0.68348   1  14
        0.00000       -0.66604   1  15
        0.00000       -0.65820   1  16
        0.00000       -0.65638   1  17
        0.00000       -0.65459   1  18
        0.00000       -0.65278   1  19
        0.00000       -0.62254   1  20
        0.00000       -0.61805   1  21
        0.00000       -0.61623   1  22
        0.00000       -0.61620   1  23
        0.00000       -0.61436   1  24
        0.00000       -0.60764   1  25
        0.00000       -0.57443   1  26
        0.00000       -0.56536   1  27
        0.00000       -0.56258   1  28
        0.00000       -0.56200   1  29
        0.00000       -0.55697   1  30
        0.00000       -0.55365   1  31
        0.00000       -0.55090   1  32
        0.00000       -0.51318   1  33
        0.00000       -0.51237   1  34
        0.00000       -0.49350   1  35
        0.00000       -0.46184   1  36
        0.00000       -0.45949   1  37
        0.00000       -0.43503   1  38
        0.00000       -0.43236   1  39
        0.00000       -0.42113   1  40
        0.00000       -0.40178   1  41
        0.00000       -0.38908   1  42
        0.00000       -0.38485   1  43
        0.00000       -0.37211   1  44
        0.00000       -0.36761   1  45
        0.00000       -0.36094   1  46
        0.00000       -0.35556   1  47
        0.00000       -0.35474   1  48
        0.00000       -0.31614   1  49
        0.00000       -0.30172   1  50
        0.00000       -0.29648   1  51
        0.00000       -0.27701   1  52
        0.00000       -0.27390   1  53
        0.00000       -0.27226   1  54
        0.00000       -0.23170   1  55
        0.00000       -0.23075   1  56
        0.00000       -0.20083   1  57
        0.00000       -0.19544   1  58
        0.00000       -0.13722   1  59
        0.00000       -0.11401   1  60
        0.00000       -0.10743   1  61
        0.00000       -0.09151   1  62
        0.00000       -0.03167   1  63
        0.00000       -0.02424   1  64
        0.00000       -0.01838   1  65
        0.00000       -0.00205   1  66
        0.00000        0.07197   1  67
        0.00000        0.07896   1  68
        0.00000        0.11845   1  69
        0.00000        0.12895   1  70
        0.00000        0.20117   1  71
        0.00000        0.21419   1  72
        0.00000        0.24779   1  73
        0.00000        0.25479   1  74
        0.00000        0.30035   1  75
        0.00000        0.31200   1  76
        0.00000        0.35017   1  77
        0.00000        0.36157   1  78
        0.00000        0.37604   1  79
        0.00000        0.38479   1  80
        0.00000        0.42849   1  81
        0.00000        0.43831   1  82
        0.00000        0.58112   1  83
        0.00000        0.58882   1  84
        0.00000        0.59341   1  85
        0.00000        0.59663   1  86
        0.00000        0.63921   1  87
        0.00000        0.64648   1  88
        0.00000        0.64661   1  89
        0.00000        0.66015   1  90
        0.00000        0.74567   1  91
        0.00000        0.74717   1  92
        0.00000        0.74730   1  93
        0.00000        0.74891   1  94
        0.00000        0.75812   1  95
        0.00000        0.76023   1  96
        0.00000        0.76025   1  97
        0.00000        0.76233   1  98
        0.00000        0.84750   1  99
        0.00000        0.86610   1 100
        0.00000        0.89502   1 101
        0.00000        0.89855   1 102
        0.00000        0.91387   1 103
        0.00000        0.91762   1 104
        0.00000        0.92097   1 105
        0.00000        0.92411   1 106
        0.00000        0.93126   1 107
        0.00000        1.00478   1 108
        0.00000        1.02356   1 109
        0.00000        1.02465   1 110
        0.00000        1.02951   1 111
        0.00000        1.03046   1 112
        0.00000        1.07336   1 113
        0.00000        1.07512   1 114
        0.00000        1.08997   1 115
        0.00000        1.09130   1 116
        0.00000        1.12146   1 117
        0.00000        1.12277   1 118
        0.00000        1.12282   1 119
        0.00000        1.12734   1 120
        0.00000        1.12897   1 121
        0.00000        1.13228   1 122
        0.00000        1.21008   1 123
        0.00000        1.21105   1 124
        0.00000        1.21652   1 125
        0.00000        1.21729   1 126
        0.00000        1.23506   1 127
        0.00000        1.26339   1 128
        0.00000        1.27402   1 129
        0.00000        1.29126   1 130
        0.00000        1.29328   1 131
        0.00000        1.30152   1 132
        0.00000        1.30273   1 133
        0.00000        1.31110   1 134
        0.00000        1.38979   1 135
        0.00000        1.39513   1 136
        0.00000        1.41691   1 137
        0.00000        1.41876   1 138
        0.00000        1.42143   1 139
        0.00000        1.42590   1 140
        0.00000        1.51164   1 141
        0.00000        1.51524   1 142
        0.00000        1.53551   1 143
        0.00000        1.54124   1 144
        0.00000        1.54609   1 145
        0.00000        1.55020   1 146
        0.00000        1.72147   1 147
        0.00000        1.72206   1 148
        0.00000        1.72586   1 149
        0.00000        1.72677   1 150
        0.00000        1.73850   1 151
        0.00000        1.74040   1 152
        0.04167       -0.93491   1   1
        0.04167       -0.90851   1   2
        0.04167       -0.86301   1   3
        0.04167       -0.84969   1   4
        0.04167       -0.79478   1   5
        0.04167       -0.78404   1   6
        0.04167       -0.71819   1   7
        0.04167       -0.70438   1   8
        0.04167       -0.69388   1   9
        0.04167       -0.69265   1  10
        0.04167       -0.68871   1  11
        0.04167       -0.68730   1  12
        0.04167       -0.68507   1  13
        0.04167       -0.68383   1  14
        0.04167       -0.67251   1  15
        0.04167       -0.65727   1  16
        0.04167       -0.65395   1  17
        0.04167       -0.65239   1  18
        0.04167       -0.65173   1  19
        0.04167       -0.62759   1  20
        0.04167       -0.62237   1  21
        0.04167       -0.61719   1  22
        0.04167       -0.61583   1  23
        0.04167       -0.61431   1  24
        0.04167       -0.60771   1  25
        0.04167       -0.57762   1  26
        0.04167       -0.56533   1  27
        0.04167       -0.56209   1  28
        0.04167       -0.56142   1  29
        0.04167       -0.55564   1  30
        0.04167       -0.55355   1  31
        0.04167       -0.55085   1  32
        0.04167       -0.51419   1  33
        0.04167       -0.51096   1  34
        0.04167       -0.49284   1  35
        0.04167       -0.46184   1  36
        0.04167       -0.45832   1  37
        0.04167       -0.43599   1  38
        0.04167       -0.43183   1  39
        0.04167       -0.42168   1  40
        0.04167       -0.40474   1  41
        0.04167       -0.38948   1  42
        0.04167       -0.38412   1  43
        0.04167       -0.37619   1  44
        0.04167       -0.36734   1  45
        0.04167       -0.35509   1  46
        0.04167       -0.35224   1  47
        0.04167       -0.35157   1  48
        0.04167       -0.31706   1  49
        0.04167       -0.30077   1  50
        0.04167       -0.29434   1  51
        0.04167       -0.27919   1  52
        0.04167       -0.27252   1  53
        0.04167       -0.26940   1  54
        0.04167       -0.23153   1  55
        0.04167       -0.23031   1  56
        0.04167       -0.19838   1  57
        0.04167       -0.19323   1  58
        0.04167       -0.13473   1  59
        0.04167       -0.11181   1  60
        0.04167       -0.10501   1  61
        0.04167       -0.08945   1  62
        0.04167       -0.02989   1  63
        0.04167       -0.02235   1  64
        0.04167       -0.01594   1  65
        0.04167        0.00029   1  66
        0.04167        0.07477   1  67
        0.04167        0.08186   1  68
        0.04167        0.12018   1  69
        0.04167        0.13064   1  70
        0.04167        0.20363   1  71
        0.04167        0.21662   1  72
        0.04167        0.24860   1  73
        0.04167        0.25573   1  74
        0.04167        0.28635   1  75
        0.04167        0.31145   1  76
        0.04167        0.33805   1  77
        0.04167        0.36153   1  78
        0.04167        0.37724   1  79
        0.04167        0.38612   1  80
        0.04167        0.42866   1  81
        0.04167        0.43891   1  82
        0.04167        0.55946   1  83
        0.04167        0.58917   1  84
        0.04167        0.59087   1  85
        0.04167        0.59577   1  86
        0.04167        0.62345   1  87
        0.04167        0.64455   1  88
        0.04167        0.64751   1  89
        0.04167        0.66304   1  90
        0.04167        0.73525   1  91
        0.04167        0.73698   1  92
        0.04167        0.74456   1  93
        0.04167        0.74613   1  94
        0.04167        0.74976   1  95
        0.04167        0.75284   1  96
        0.04167        0.75598   1  97
        0.04167        0.75814   1  98
        0.04167        0.84445   1  99
        0.04167        0.86234   1 100
        0.04167        0.87442   1 101
        0.04167        0.89219   1 102
        0.04167        0.89899   1 103
        0.04167        0.90817   1 104
        0.04167        0.91448   1 105
        0.04167        0.92285   1 106
        0.04167        0.94849   1 107
        0.04167        1.00384   1 108
        0.04167        1.01328   1 109
        0.04167        1.02281   1 110
        0.04167        1.02614   1 111
        0.04167        1.02806   1 112
        0.04167        1.05901   1 113
        0.04167        1.07484   1 114
        0.04167        1.08033   1 115
        0.04167        1.09195   1 116
        0.04167        1.09899   1 117
        0.04167        1.10453   1 118
        0.04167        1.11373   1 119
        0.04167        1.11897   1 120
        0.04167        1.12101   1 121
        0.04167        1.12520   1 122
        0.04167        1.21081   1 123
        0.04167        1.21239   1 124
        0.04167        1.21692   1 125
        0.04167        1.21868   1 126
        0.04167        1.23253   1 127
        0.04167        1.24129   1 128
        0.04167        1.24637   1 129
        0.04167        1.29172   1 130
        0.04167        1.29443   1 131
        0.04167        1.30307   1 132
        0.04167        1.31206   1 133
        0.04167        1.33360   1 134
        0.04167        1.35339   1 135
        0.04167        1.36936   1 136
        0.04167        1.39245   1 137
        0.04167        1.42033   1 138
        0.04167        1.43182   1 139
        0.04167        1.45655   1 140
        0.04167        1.50160   1 141
        0.04167        1.51154   1 142
        0.04167        1.51559   1 143
        0.04167        1.53892   1 144
        0.04167        1.54485   1 145
        0.04167        1.55622   1 146
        0.04167        1.71744   1 147
        0.04167        1.72100   1 148
        0.04167        1.72830   1 149
        0.04167        1.73252   1 150
        0.04167        1.74224   1 151
        0.04167        1.74482   1 152
        0.08333       -0.92923   1   1
        0.08333       -0.90344   1   2
        0.08333       -0.85995   1   3
        0.08333       -0.84651   1   4
        0.08333       -0.79620   1   5
        0.08333       -0.78517   1   6
        0.08333       -0.72412   1   7
        0.08333       -0.70746   1   8
        0.08333       -0.70253   1   9
        0.08333       -0.70061   1  10
        0.08333       -0.69593   1  11
        0.08333       -0.68807   1  12
        0.08333       -0.68678   1  13
        0.08333       -0.68308   1  14
        0.08333       -0.67793   1  15
        0.08333       -0.65687   1  16
        0.08333       -0.65336   1  17
        0.08333       -0.64903   1  18
        0.08333       -0.64758   1  19
        0.08333       -0.64086   1  20
        0.08333       -0.63524   1  21
        0.08333       -0.61789   1  22
        0.08333       -0.61606   1  23
        0.08333       -0.61250   1  24
        0.08333       -0.60742   1  25
        0.08333       -0.58381   1  26
        0.08333       -0.56765   1  27
        0.08333       -0.56308   1  28
        0.08333       -0.56004   1  29
        0.08333       -0.55230   1  30
        0.08333       -0.55152   1  31
        0.08333       -0.54974   1  32
        0.08333       -0.51640   1  33
        0.08333       -0.50739   1  34
        0.08333       -0.49104   1  35
        0.08333       -0.46366   1  36
        0.08333       -0.45357   1  37
        0.08333       -0.43813   1  38
        0.08333       -0.43051   1  39
        0.08333       -0.42320   1  40
        0.08333       -0.41175   1  41
        0.08333       -0.39292   1  42
        0.08333       -0.38471   1  43
        0.08333       -0.38007   1  44
        0.08333       -0.36310   1  45
        0.08333       -0.34667   1  46
        0.08333       -0.34278   1  47
        0.08333       -0.34251   1  48
        0.08333       -0.31894   1  49
        0.08333       -0.29829   1  50
        0.08333       -0.28811   1  51
        0.08333       -0.28354   1  52
        0.08333       -0.26733   1  53
        0.08333       -0.26540   1  54
        0.08333       -0.23361   1  55
        0.08333       -0.22555   1  56
        0.08333       -0.19100   1  57
        0.08333       -0.18657   1  58
        0.08333       -0.12742   1  59
        0.08333       -0.10538   1  60
        0.08333       -0.09787   1  61
        0.08333       -0.08330   1  62
        0.08333       -0.02486   1  63
        0.08333       -0.01704   1  64
        0.08333       -0.00870   1  65
        0.08333        0.00726   1  66
        0.08333        0.08273   1  67
        0.08333        0.09018   1  68
        0.08333        0.12500   1  69
        0.08333        0.13540   1  70
        0.08333        0.20991   1  71
        0.08333        0.22359   1  72
        0.08333        0.23758   1  73
        0.08333        0.25356   1  74
        0.08333        0.25828   1  75
        0.08333        0.29636   1  76
        0.08333        0.32210   1  77
        0.08333        0.37301   1  78
        0.08333        0.38080   1  79
        0.08333        0.38988   1  80
        0.08333        0.42726   1  81
        0.08333        0.43988   1  82
        0.08333        0.50410   1  83
        0.08333        0.55158   1  84
        0.08333        0.59408   1  85
        0.08333        0.59999   1  86
        0.08333        0.61063   1  87
        0.08333        0.63751   1  88
        0.08333        0.64783   1  89
        0.08333        0.64965   1  90
        0.08333        0.69784   1  91
        0.08333        0.70060   1  92
        0.08333        0.72527   1  93
        0.08333        0.73218   1  94
        0.08333        0.73835   1  95
        0.08333        0.73986   1  96
        0.08333        0.74636   1  97
        0.08333        0.74876   1  98
        0.08333        0.81671   1  99
        0.08333        0.83246   1 100
        0.08333        0.84405   1 101
        0.08333        0.87004   1 102
        0.08333        0.87776   1 103
        0.08333        0.89028   1 104
        0.08333        0.89976   1 105
        0.08333        0.90247   1 106
        0.08333        0.95236   1 107
        0.08333        0.96471   1 108
        0.08333        0.97827   1 109
        0.08333        1.00808   1 110
        0.08333        1.01010   1 111
        0.08333        1.01813   1 112
        0.08333        1.02144   1 113
        0.08333        1.04764   1 114
        0.08333        1.05141   1 115
        0.08333        1.05735   1 116
        0.08333        1.06977   1 117
        0.08333        1.07686   1 118
        0.08333        1.07844   1 119
        0.08333        1.09624   1 120
        0.08333        1.11361   1 121
        0.08333        1.12005   1 122
        0.08333        1.16790   1 123
        0.08333        1.17758   1 124
        0.08333        1.20781   1 125
        0.08333        1.21490   1 126
        0.08333        1.21756   1 127
        0.08333        1.22405   1 128
        0.08333        1.25279   1 129
        0.08333        1.27071   1 130
        0.08333        1.28641   1 131
        0.08333        1.29448   1 132
        0.08333        1.30667   1 133
        0.08333        1.31364   1 134
        0.08333        1.34317   1 135
        0.08333        1.35560   1 136
        0.08333        1.38712   1 137
        0.08333        1.39331   1 138
        0.08333        1.41536   1 139
        0.08333        1.42377   1 140
        0.08333        1.51634   1 141
        0.08333        1.51873   1 142
        0.08333        1.52312   1 143
        0.08333        1.52376   1 144
        0.08333        1.52972   1 145
        0.08333        1.54277   1 146
        0.08333        1.71120   1 147
        0.08333        1.71368   1 148
        0.08333        1.74529   1 149
        0.08333        1.74571   1 150
        0.08333        1.74846   1 151
        0.08333        1.74896   1 152
        0.12500       -0.92012   1   1
        0.12500       -0.89545   1   2
        0.12500       -0.85525   1   3
        0.12500       -0.84193   1   4
        0.12500       -0.79982   1   5
        0.12500       -0.78799   1   6
        0.12500       -0.73674   1   7
        0.12500       -0.72545   1   8
        0.12500       -0.71408   1   9
        0.12500       -0.70940   1  10
        0.12500       -0.69963   1  11
        0.12500       -0.69089   1  12
        0.12500       -0.68676   1  13
        0.12500       -0.68162   1  14
        0.12500       -0.67537   1  15
        0.12500       -0.66119   1  16
        0.12500       -0.65634   1  17
        0.12500       -0.65482   1  18
        0.12500       -0.65276   1  19
        0.12500       -0.64351   1  20
        0.12500       -0.64173   1  21
        0.12500       -0.61886   1  22
        0.12500       -0.61696   1  23
        0.12500       -0.60899   1  24
        0.12500       -0.60550   1  25
        0.12500       -0.59064   1  26
        0.12500       -0.57195   1  27
        0.12500       -0.56728   1  28
        0.12500       -0.55837   1  29
        0.12500       -0.54992   1  30
        0.12500       -0.54744   1  31
        0.12500       -0.54495   1  32
        0.12500       -0.51845   1  33
        0.12500       -0.50277   1  34
        0.12500       -0.48856   1  35
        0.12500       -0.46659   1  36
        0.12500       -0.44693   1  37
        0.12500       -0.44011   1  38
        0.12500       -0.42888   1  39
        0.12500       -0.42533   1  40
        0.12500       -0.42036   1  41
        0.12500       -0.39909   1  42
        0.12500       -0.39319   1  43
        0.12500       -0.37404   1  44
        0.12500       -0.35877   1  45
        0.12500       -0.33921   1  46
        0.12500       -0.32877   1  47
        0.12500       -0.32847   1  48
        0.12500       -0.32046   1  49
        0.12500       -0.29541   1  50
        0.12500       -0.28852   1  51
        0.12500       -0.27769   1  52
        0.12500       -0.26352   1  53
        0.12500       -0.25933   1  54
        0.12500       -0.23636   1  55
        0.12500       -0.21644   1  56
        0.12500       -0.17894   1  57
        0.12500       -0.17558   1  58
        0.12500       -0.11583   1  59
        0.12500       -0.09523   1  60
        0.12500       -0.08641   1  61
        0.12500       -0.07317   1  62
        0.12500       -0.01738   1  63
        0.12500       -0.00908   1  64
        0.12500        0.00279   1  65
        0.12500        0.01829   1  66
        0.12500        0.09480   1  67
        0.12500        0.10293   1  68
        0.12500        0.13019   1  69
        0.12500        0.14185   1  70
        0.12500        0.17293   1  71
        0.12500        0.22464   1  72
        0.12500        0.22692   1  73
        0.12500        0.24439   1  74
        0.12500        0.25675   1  75
        0.12500        0.26562   1  76
        0.12500        0.34095   1  77
        0.12500        0.38061   1  78
        0.12500        0.39411   1  79
        0.12500        0.39425   1  80
        0.12500        0.40501   1  81
        0.12500        0.43471   1  82
        0.12500        0.45367   1  83
        0.12500        0.48733   1  84
        0.12500        0.58192   1  85
        0.12500        0.59005   1  86
        0.12500        0.60478   1  87
        0.12500        0.60809   1  88
        0.12500        0.61355   1  89
        0.12500        0.64072   1  90
        0.12500        0.64594   1  91
        0.12500        0.65414   1  92
        0.12500        0.68636   1  93
        0.12500        0.70214   1  94
        0.12500        0.72782   1  95
        0.12500        0.72902   1  96
        0.12500        0.73259   1  97
        0.12500        0.73580   1  98
        0.12500        0.75921   1  99
        0.12500        0.77073   1 100
        0.12500        0.79297   1 101
        0.12500        0.81356   1 102
        0.12500        0.83508   1 103
        0.12500        0.84022   1 104
        0.12500        0.85424   1 105
        0.12500        0.87670   1 106
        0.12500        0.89280   1 107
        0.12500        0.90034   1 108
        0.12500        0.90564   1 109
        0.12500        0.92743   1 110
        0.12500        0.97160   1 111
        0.12500        0.97713   1 112
        0.12500        0.98674   1 113
        0.12500        1.00273   1 114
        0.12500        1.01103   1 115
        0.12500        1.01165   1 116
        0.12500        1.01263   1 117
        0.12500        1.05553   1 118
        0.12500        1.08158   1 119
        0.12500        1.08702   1 120
        0.12500        1.09673   1 121
        0.12500        1.10456   1 122
        0.12500        1.11432   1 123
        0.12500        1.12033   1 124
        0.12500        1.16586   1 125
        0.12500        1.18186   1 126
        0.12500        1.22579   1 127
        0.12500        1.23110   1 128
        0.12500        1.23348   1 129
        0.12500        1.23947   1 130
        0.12500        1.24700   1 131
        0.12500        1.29407   1 132
        0.12500        1.29565   1 133
        0.12500        1.29839   1 134
        0.12500        1.31419   1 135
        0.12500        1.32372   1 136
        0.12500        1.36297   1 137
        0.12500        1.38249   1 138
        0.12500        1.39218   1 139
        0.12500        1.42337   1 140
        0.12500        1.46656   1 141
        0.12500        1.47671   1 142
        0.12500        1.53404   1 143
        0.12500        1.53967   1 144
        0.12500        1.54049   1 145
        0.12500        1.55352   1 146
        0.12500        1.70579   1 147
        0.12500        1.70813   1 148
        0.12500        1.73988   1 149
        0.12500        1.74279   1 150
        0.12500        1.76605   1 151
        0.12500        1.76877   1 152
        0.16667       -0.90826   1   1
        0.16667       -0.88535   1   2
        0.16667       -0.85001   1   3
        0.16667       -0.83793   1   4
        0.16667       -0.80676   1   5
        0.16667       -0.79290   1   6
        0.16667       -0.75385   1   7
        0.16667       -0.74464   1   8
        0.16667       -0.73169   1   9
        0.16667       -0.72662   1  10
        0.16667       -0.69693   1  11
        0.16667       -0.69384   1  12
        0.16667       -0.68501   1  13
        0.16667       -0.67964   1  14
        0.16667       -0.67858   1  15
        0.16667       -0.67117   1  16
        0.16667       -0.66810   1  17
        0.16667       -0.65552   1  18
        0.16667       -0.65205   1  19
        0.16667       -0.64081   1  20
        0.16667       -0.64009   1  21
        0.16667       -0.62020   1  22
        0.16667       -0.61828   1  23
        0.16667       -0.60412   1  24
        0.16667       -0.60056   1  25
        0.16667       -0.59744   1  26
        0.16667       -0.57659   1  27
        0.16667       -0.57359   1  28
        0.16667       -0.55676   1  29
        0.16667       -0.54761   1  30
        0.16667       -0.54531   1  31
        0.16667       -0.53635   1  32
        0.16667       -0.51966   1  33
        0.16667       -0.49791   1  34
        0.16667       -0.48606   1  35
        0.16667       -0.46970   1  36
        0.16667       -0.44073   1  37
        0.16667       -0.43978   1  38
        0.16667       -0.42964   1  39
        0.16667       -0.42756   1  40
        0.16667       -0.42670   1  41
        0.16667       -0.40688   1  42
        0.16667       -0.40082   1  43
        0.16667       -0.36776   1  44
        0.16667       -0.35586   1  45
        0.16667       -0.33255   1  46
        0.16667       -0.32098   1  47
        0.16667       -0.31206   1  48
        0.16667       -0.31172   1  49
        0.16667       -0.29503   1  50
        0.16667       -0.29046   1  51
        0.16667       -0.26466   1  52
        0.16667       -0.26210   1  53
        0.16667       -0.25171   1  54
        0.16667       -0.23895   1  55
        0.16667       -0.20319   1  56
        0.16667       -0.16271   1  57
        0.16667       -0.16050   1  58
        0.16667       -0.10096   1  59
        0.16667       -0.08232   1  60
        0.16667       -0.07119   1  61
        0.16667       -0.05925   1  62
        0.16667       -0.00870   1  63
        0.16667        0.00071   1  64
        0.16667        0.01744   1  65
        0.16667        0.03210   1  66
        0.16667        0.09361   1  67
        0.16667        0.11193   1  68
        0.16667        0.11877   1  69
        0.16667        0.14179   1  70
        0.16667        0.14723   1  71
        0.16667        0.17746   1  72
        0.16667        0.23971   1  73
        0.16667        0.25357   1  74
        0.16667        0.26059   1  75
        0.16667        0.26864   1  76
        0.16667        0.32144   1  77
        0.16667        0.36663   1  78
        0.16667        0.37447   1  79
        0.16667        0.39242   1  80
        0.16667        0.40495   1  81
        0.16667        0.42180   1  82
        0.16667        0.44083   1  83
        0.16667        0.45189   1  84
        0.16667        0.49969   1  85
        0.16667        0.50527   1  86
        0.16667        0.55858   1  87
        0.16667        0.56315   1  88
        0.16667        0.60371   1  89
        0.16667        0.61443   1  90
        0.16667        0.61860   1  91
        0.16667        0.62733   1  92
        0.16667        0.64966   1  93
        0.16667        0.65994   1  94
        0.16667        0.68773   1  95
        0.16667        0.69550   1  96
        0.16667        0.71351   1  97
        0.16667        0.71433   1  98
        0.16667        0.71680   1  99
        0.16667        0.71821   1 100
        0.16667        0.72155   1 101
        0.16667        0.72611   1 102
        0.16667        0.72813   1 103
        0.16667        0.73937   1 104
        0.16667        0.79425   1 105
        0.16667        0.80288   1 106
        0.16667        0.82644   1 107
        0.16667        0.84427   1 108
        0.16667        0.85149   1 109
        0.16667        0.86081   1 110
        0.16667        0.88199   1 111
        0.16667        0.89163   1 112
        0.16667        0.93274   1 113
        0.16667        0.94401   1 114
        0.16667        0.97801   1 115
        0.16667        1.00311   1 116
        0.16667        1.00882   1 117
        0.16667        1.00935   1 118
        0.16667        1.01774   1 119
        0.16667        1.04983   1 120
        0.16667        1.08943   1 121
        0.16667        1.10032   1 122
        0.16667        1.11735   1 123
        0.16667        1.12086   1 124
        0.16667        1.12404   1 125
        0.16667        1.12883   1 126
        0.16667        1.18421   1 127
        0.16667        1.21273   1 128
        0.16667        1.21934   1 129
        0.16667        1.23610   1 130
        0.16667        1.24289   1 131
        0.16667        1.24691   1 132
        0.16667        1.24758   1 133
        0.16667        1.27836   1 134
        0.16667        1.30028   1 135
        0.16667        1.32213   1 136
        0.16667        1.32936   1 137
        0.16667        1.35761   1 138
        0.16667        1.39686   1 139
        0.16667        1.42192   1 140
        0.16667        1.43446   1 141
        0.16667        1.43999   1 142
        0.16667        1.52237   1 143
        0.16667        1.52783   1 144
        0.16667        1.56434   1 145
        0.16667        1.57283   1 146
        0.16667        1.69859   1 147
        0.16667        1.70112   1 148
        0.16667        1.71942   1 149
        0.16667        1.72250   1 150
        0.16667        1.78201   1 151
        0.16667        1.78416   1 152
        0.20833       -0.89496   1   1
        0.20833       -0.87484   1   2
        0.20833       -0.84749   1   3
        0.20833       -0.83926   1   4
        0.20833       -0.81556   1   5
        0.20833       -0.79797   1   6
        0.20833       -0.77088   1   7
        0.20833       -0.75998   1   8
        0.20833       -0.75263   1   9
        0.20833       -0.74800   1  10
        0.20833       -0.69958   1  11
        0.20833       -0.69317   1  12
        0.20833       -0.68954   1  13
        0.20833       -0.68291   1  14
        0.20833       -0.67704   1  15
        0.20833       -0.67699   1  16
        0.20833       -0.66232   1  17
        0.20833       -0.65457   1  18
        0.20833       -0.65121   1  19
        0.20833       -0.63986   1  20
        0.20833       -0.63915   1  21
        0.20833       -0.62192   1  22
        0.20833       -0.61998   1  23
        0.20833       -0.60399   1  24
        0.20833       -0.59770   1  25
        0.20833       -0.59173   1  26
        0.20833       -0.58093   1  27
        0.20833       -0.58018   1  28
        0.20833       -0.55567   1  29
        0.20833       -0.54606   1  30
        0.20833       -0.54432   1  31
        0.20833       -0.52631   1  32
        0.20833       -0.52000   1  33
        0.20833       -0.49346   1  34
        0.20833       -0.48390   1  35
        0.20833       -0.47213   1  36
        0.20833       -0.43892   1  37
        0.20833       -0.43854   1  38
        0.20833       -0.43253   1  39
        0.20833       -0.42940   1  40
        0.20833       -0.42430   1  41
        0.20833       -0.41541   1  42
        0.20833       -0.40702   1  43
        0.20833       -0.36293   1  44
        0.20833       -0.35499   1  45
        0.20833       -0.32670   1  46
        0.20833       -0.32041   1  47
        0.20833       -0.29677   1  48
        0.20833       -0.29303   1  49
        0.20833       -0.29269   1  50
        0.20833       -0.28983   1  51
        0.20833       -0.26182   1  52
        0.20833       -0.24894   1  53
        0.20833       -0.24420   1  54
        0.20833       -0.24067   1  55
        0.20833       -0.18722   1  56
        0.20833       -0.14244   1  57
        0.20833       -0.14116   1  58
        0.20833       -0.08458   1  59
        0.20833       -0.06828   1  60
        0.20833       -0.05327   1  61
        0.20833       -0.04177   1  62
        0.20833       -0.00532   1  63
        0.20833        0.01108   1  64
        0.20833        0.03169   1  65
        0.20833        0.03612   1  66
        0.20833        0.04677   1  67
        0.20833        0.09713   1  68
        0.20833        0.12793   1  69
        0.20833        0.13680   1  70
        0.20833        0.15189   1  71
        0.20833        0.16529   1  72
        0.20833        0.23552   1  73
        0.20833        0.26043   1  74
        0.20833        0.26840   1  75
        0.20833        0.26910   1  76
        0.20833        0.26952   1  77
        0.20833        0.30643   1  78
        0.20833        0.36454   1  79
        0.20833        0.36873   1  80
        0.20833        0.39935   1  81
        0.20833        0.40501   1  82
        0.20833        0.41175   1  83
        0.20833        0.44953   1  84
        0.20833        0.45585   1  85
        0.20833        0.46520   1  86
        0.20833        0.48275   1  87
        0.20833        0.48971   1  88
        0.20833        0.54196   1  89
        0.20833        0.55304   1  90
        0.20833        0.57437   1  91
        0.20833        0.59258   1  92
        0.20833        0.60935   1  93
        0.20833        0.61542   1  94
        0.20833        0.62941   1  95
        0.20833        0.64731   1  96
        0.20833        0.65602   1  97
        0.20833        0.66229   1  98
        0.20833        0.68040   1  99
        0.20833        0.68640   1 100
        0.20833        0.69505   1 101
        0.20833        0.69734   1 102
        0.20833        0.69804   1 103
        0.20833        0.70093   1 104
        0.20833        0.70786   1 105
        0.20833        0.71072   1 106
        0.20833        0.76119   1 107
        0.20833        0.77066   1 108
        0.20833        0.80247   1 109
        0.20833        0.82964   1 110
        0.20833        0.83359   1 111
        0.20833        0.84630   1 112
        0.20833        0.85664   1 113
        0.20833        0.87139   1 114
        0.20833        0.93211   1 115
        0.20833        0.95028   1 116
        0.20833        0.97576   1 117
        0.20833        1.00616   1 118
        0.20833        1.01654   1 119
        0.20833        1.01680   1 120
        0.20833        1.04670   1 121
        0.20833        1.07070   1 122
        0.20833        1.09625   1 123
        0.20833        1.12331   1 124
        0.20833        1.13302   1 125
        0.20833        1.14106   1 126
        0.20833        1.14348   1 127
        0.20833        1.16108   1 128
        0.20833        1.16302   1 129
        0.20833        1.20012   1 130
        0.20833        1.21888   1 131
        0.20833        1.23845   1 132
        0.20833        1.24195   1 133
        0.20833        1.26070   1 134
        0.20833        1.27758   1 135
        0.20833        1.30590   1 136
        0.20833        1.31400   1 137
        0.20833        1.32648   1 138
        0.20833        1.41396   1 139
        0.20833        1.41907   1 140
        0.20833        1.42309   1 141
        0.20833        1.42994   1 142
        0.20833        1.48505   1 143
        0.20833        1.49192   1 144
        0.20833        1.58730   1 145
        0.20833        1.59317   1 146
        0.20833        1.67801   1 147
        0.20833        1.67907   1 148
        0.20833        1.69170   1 149
        0.20833        1.69677   1 150
        0.20833        1.78751   1 151
        0.20833        1.78926   1 152
        0.25000       -0.88299   1   1
        0.25000       -0.86729   1   2
        0.25000       -0.85424   1   3
        0.25000       -0.84966   1   4
        0.25000       -0.82033   1   5
        0.25000       -0.80218   1   6
        0.25000       -0.78347   1   7
        0.25000       -0.77433   1   8
        0.25000       -0.77415   1   9
        0.25000       -0.76095   1  10
        0.25000       -0.70271   1  11
        0.25000       -0.69270   1  12
        0.25000       -0.69059   1  13
        0.25000       -0.68063   1  14
        0.25000       -0.67917   1  15
        0.25000       -0.67417   1  16
        0.25000       -0.65531   1  17
        0.25000       -0.65342   1  18
        0.25000       -0.65027   1  19
        0.25000       -0.64122   1  20
        0.25000       -0.63812   1  21
        0.25000       -0.62400   1  22
        0.25000       -0.62206   1  23
        0.25000       -0.60993   1  24
        0.25000       -0.59040   1  25
        0.25000       -0.58897   1  26
        0.25000       -0.58352   1  27
        0.25000       -0.57697   1  28
        0.25000       -0.55564   1  29
        0.25000       -0.54555   1  30
        0.25000       -0.54462   1  31
        0.25000       -0.52004   1  32
        0.25000       -0.51519   1  33
        0.25000       -0.49077   1  34
        0.25000       -0.48124   1  35
        0.25000       -0.47323   1  36
        0.25000       -0.44673   1  37
        0.25000       -0.43359   1  38
        0.25000       -0.43057   1  39
        0.25000       -0.42619   1  40
        0.25000       -0.42423   1  41
        0.25000       -0.42001   1  42
        0.25000       -0.41148   1  43
        0.25000       -0.36071   1  44
        0.25000       -0.35615   1  45
        0.25000       -0.32147   1  46
        0.25000       -0.31878   1  47
        0.25000       -0.29610   1  48
        0.25000       -0.29016   1  49
        0.25000       -0.27180   1  50
        0.25000       -0.27143   1  51
        0.25000       -0.26092   1  52
        0.25000       -0.24120   1  53
        0.25000       -0.23825   1  54
        0.25000       -0.23144   1  55
        0.25000       -0.17005   1  56
        0.25000       -0.11820   1  57
        0.25000       -0.11746   1  58
        0.25000       -0.07392   1  59
        0.25000       -0.05652   1  60
        0.25000       -0.05232   1  61
        0.25000       -0.02553   1  62
        0.25000       -0.02129   1  63
        0.25000        0.01405   1  64
        0.25000        0.02365   1  65
        0.25000        0.04346   1  66
        0.25000        0.04866   1  67
        0.25000        0.06655   1  68
        0.25000        0.14058   1  69
        0.25000        0.15054   1  70
        0.25000        0.15188   1  71
        0.25000        0.16350   1  72
        0.25000        0.18327   1  73
        0.25000        0.23455   1  74
        0.25000        0.24939   1  75
        0.25000        0.25765   1  76
        0.25000        0.27865   1  77
        0.25000        0.29382   1  78
        0.25000        0.31047   1  79
        0.25000        0.31700   1  80
        0.25000        0.35875   1  81
        0.25000        0.36396   1  82
        0.25000        0.40232   1  83
        0.25000        0.42330   1  84
        0.25000        0.43720   1  85
        0.25000        0.46734   1  86
        0.25000        0.47494   1  87
        0.25000        0.48461   1  88
        0.25000        0.49199   1  89
        0.25000        0.49529   1  90
        0.25000        0.51631   1  91
        0.25000        0.53553   1  92
        0.25000        0.53841   1  93
        0.25000        0.54429   1  94
        0.25000        0.60428   1  95
        0.25000        0.61026   1  96
        0.25000        0.61658   1  97
        0.25000        0.62294   1  98
        0.25000        0.63676   1  99
        0.25000        0.65645   1 100
        0.25000        0.65799   1 101
        0.25000        0.67452   1 102
        0.25000        0.68078   1 103
        0.25000        0.68151   1 104
        0.25000        0.68668   1 105
        0.25000        0.69647   1 106
        0.25000        0.69965   1 107
        0.25000        0.70802   1 108
        0.25000        0.76701   1 109
        0.25000        0.78233   1 110
        0.25000        0.78843   1 111
        0.25000        0.80537   1 112
        0.25000        0.82682   1 113
        0.25000        0.82944   1 114
        0.25000        0.88930   1 115
        0.25000        0.90482   1 116
        0.25000        0.93131   1 117
        0.25000        0.96149   1 118
        0.25000        1.00869   1 119
        0.25000        1.02910   1 120
        0.25000        1.03346   1 121
        0.25000        1.03366   1 122
        0.25000        1.06617   1 123
        0.25000        1.09125   1 124
        0.25000        1.10048   1 125
        0.25000        1.10462   1 126
        0.25000        1.14052   1 127
        0.25000        1.14798   1 128
        0.25000        1.16436   1 129
        0.25000        1.16498   1 130
        0.25000        1.18719   1 131
        0.25000        1.21112   1 132
        0.25000        1.23080   1 133
        0.25000        1.24274   1 134
        0.25000        1.26209   1 135
        0.25000        1.26622   1 136
        0.25000        1.32585   1 137
        0.25000        1.33706   1 138
        0.25000        1.39225   1 139
        0.25000        1.39569   1 140
        0.25000        1.44146   1 141
        0.25000        1.44286   1 142
        0.25000        1.45204   1 143
        0.25000        1.45265   1 144
        0.25000        1.60255   1 145
        0.25000        1.60692   1 146
        0.25000        1.63518   1 147
        0.25000        1.63623   1 148
        0.25000        1.67226   1 149
        0.25000        1.67806   1 150
        0.25000        1.78108   1 151
        0.25000        1.78251   1 152
        0.29167       -0.87765   1   1
        0.29167       -0.86919   1   2
        0.29167       -0.86777   1   3
        0.29167       -0.86548   1   4
        0.29167       -0.81930   1   5
        0.29167       -0.80372   1   6
        0.29167       -0.80311   1   7
        0.29167       -0.79780   1   8
        0.29167       -0.77785   1   9
        0.29167       -0.74969   1  10
        0.29167       -0.70296   1  11
        0.29167       -0.69094   1  12
        0.29167       -0.68846   1  13
        0.29167       -0.67968   1  14
        0.29167       -0.67830   1  15
        0.29167       -0.67106   1  16
        0.29167       -0.65242   1  17
        0.29167       -0.65179   1  18
        0.29167       -0.64925   1  19
        0.29167       -0.64489   1  20
        0.29167       -0.63377   1  21
        0.29167       -0.62634   1  22
        0.29167       -0.62447   1  23
        0.29167       -0.61519   1  24
        0.29167       -0.59614   1  25
        0.29167       -0.58336   1  26
        0.29167       -0.58329   1  27
        0.29167       -0.56285   1  28
        0.29167       -0.55722   1  29
        0.29167       -0.54621   1  30
        0.29167       -0.54424   1  31
        0.29167       -0.51937   1  32
        0.29167       -0.50429   1  33
        0.29167       -0.49079   1  34
        0.29167       -0.47711   1  35
        0.29167       -0.47275   1  36
        0.29167       -0.45406   1  37
        0.29167       -0.43343   1  38
        0.29167       -0.43052   1  39
        0.29167       -0.42384   1  40
        0.29167       -0.42069   1  41
        0.29167       -0.41524   1  42
        0.29167       -0.41330   1  43
        0.29167       -0.36042   1  44
        0.29167       -0.35886   1  45
        0.29167       -0.31802   1  46
        0.29167       -0.31474   1  47
        0.29167       -0.29689   1  48
        0.29167       -0.28827   1  49
        0.29167       -0.25977   1  50
        0.29167       -0.24844   1  51
        0.29167       -0.24800   1  52
        0.29167       -0.24057   1  53
        0.29167       -0.23265   1  54
        0.29167       -0.21798   1  55
        0.29167       -0.15402   1  56
        0.29167       -0.11695   1  57
        0.29167       -0.08979   1  58
        0.29167       -0.08966   1  59
        0.29167       -0.05645   1  60
        0.29167       -0.05425   1  61
        0.29167       -0.01610   1  62
        0.29167       -0.00789   1  63
        0.29167        0.00122   1  64
        0.29167        0.03482   1  65
        0.29167        0.04323   1  66
        0.29167        0.05377   1  67
        0.29167        0.07408   1  68
        0.29167        0.12397   1  69
        0.29167        0.14309   1  70
        0.29167        0.14438   1  71
        0.29167        0.16145   1  72
        0.29167        0.17648   1  73
        0.29167        0.20428   1  74
        0.29167        0.22259   1  75
        0.29167        0.23400   1  76
        0.29167        0.26242   1  77
        0.29167        0.28026   1  78
        0.29167        0.31509   1  79
        0.29167        0.32120   1  80
        0.29167        0.32576   1  81
        0.29167        0.33483   1  82
        0.29167        0.36469   1  83
        0.29167        0.37968   1  84
        0.29167        0.41043   1  85
        0.29167        0.41893   1  86
        0.29167        0.46023   1  87
        0.29167        0.47042   1  88
        0.29167        0.47956   1  89
        0.29167        0.48404   1  90
        0.29167        0.49420   1  91
        0.29167        0.50959   1  92
        0.29167        0.51957   1  93
        0.29167        0.53591   1  94
        0.29167        0.53768   1  95
        0.29167        0.54209   1  96
        0.29167        0.56094   1  97
        0.29167        0.56886   1  98
        0.29167        0.62826   1  99
        0.29167        0.63637   1 100
        0.29167        0.64408   1 101
        0.29167        0.64835   1 102
        0.29167        0.65872   1 103
        0.29167        0.66480   1 104
        0.29167        0.66562   1 105
        0.29167        0.66699   1 106
        0.29167        0.67569   1 107
        0.29167        0.68638   1 108
        0.29167        0.71577   1 109
        0.29167        0.73432   1 110
        0.29167        0.77024   1 111
        0.29167        0.78665   1 112
        0.29167        0.79185   1 113
        0.29167        0.83857   1 114
        0.29167        0.85755   1 115
        0.29167        0.87414   1 116
        0.29167        0.88432   1 117
        0.29167        0.91302   1 118
        0.29167        0.97923   1 119
        0.29167        0.99889   1 120
        0.29167        1.01704   1 121
        0.29167        1.05145   1 122
        0.29167        1.05468   1 123
        0.29167        1.05609   1 124
        0.29167        1.05631   1 125
        0.29167        1.06554   1 126
        0.29167        1.09361   1 127
        0.29167        1.12584   1 128
        0.29167        1.13742   1 129
        0.29167        1.17181   1 130
        0.29167        1.19398   1 131
        0.29167        1.19425   1 132
        0.29167        1.20776   1 133
        0.29167        1.22451   1 134
        0.29167        1.25427   1 135
        0.29167        1.27298   1 136
        0.29167        1.34827   1 137
        0.29167        1.35296   1 138
        0.29167        1.35707   1 139
        0.29167        1.36445   1 140
        0.29167        1.41323   1 141
        0.29167        1.42346   1 142
        0.29167        1.47088   1 143
        0.29167        1.47905   1 144
        0.29167        1.59716   1 145
        0.29167        1.59826   1 146
        0.29167        1.60844   1 147
        0.29167        1.61190   1 148
        0.29167        1.65164   1 149
        0.29167        1.65821   1 150
        0.29167        1.76378   1 151
        0.29167        1.76497   1 152
        0.33333       -0.88636   1   1
        0.33333       -0.88264   1   2
        0.33333       -0.88143   1   3
        0.33333       -0.87583   1   4
        0.33333       -0.82580   1   5
        0.33333       -0.82310   1   6
        0.33333       -0.81133   1   7
        0.33333       -0.79430   1   8
        0.33333       -0.76865   1   9
        0.33333       -0.73069   1  10
        0.33333       -0.70161   1  11
        0.33333       -0.68760   1  12
        0.33333       -0.68673   1  13
        0.33333       -0.67830   1  14
        0.33333       -0.67607   1  15
        0.33333       -0.66783   1  16
        0.33333       -0.65425   1  17
        0.33333       -0.65062   1  18
        0.33333       -0.65044   1  19
        0.33333       -0.64801   1  20
        0.33333       -0.62882   1  21
        0.33333       -0.62724   1  22
        0.33333       -0.62515   1  23
        0.33333       -0.61971   1  24
        0.33333       -0.60258   1  25
        0.33333       -0.58157   1  26
        0.33333       -0.57758   1  27
        0.33333       -0.56093   1  28
        0.33333       -0.55621   1  29
        0.33333       -0.54832   1  30
        0.33333       -0.53450   1  31
        0.33333       -0.51856   1  32
        0.33333       -0.49376   1  33
        0.33333       -0.49239   1  34
        0.33333       -0.47300   1  35
        0.33333       -0.46977   1  36
        0.33333       -0.46021   1  37
        0.33333       -0.44000   1  38
        0.33333       -0.43093   1  39
        0.33333       -0.41774   1  40
        0.33333       -0.41618   1  41
        0.33333       -0.41164   1  42
        0.33333       -0.40597   1  43
        0.33333       -0.36238   1  44
        0.33333       -0.35898   1  45
        0.33333       -0.31596   1  46
        0.33333       -0.30938   1  47
        0.33333       -0.30036   1  48
        0.33333       -0.28304   1  49
        0.33333       -0.25853   1  50
        0.33333       -0.23923   1  51
        0.33333       -0.22853   1  52
        0.33333       -0.22700   1  53
        0.33333       -0.22319   1  54
        0.33333       -0.22263   1  55
        0.33333       -0.14963   1  56
        0.33333       -0.14695   1  57
        0.33333       -0.07767   1  58
        0.33333       -0.05952   1  59
        0.33333       -0.05770   1  60
        0.33333       -0.05537   1  61
        0.33333       -0.02773   1  62
        0.33333       -0.00169   1  63
        0.33333        0.01180   1  64
        0.33333        0.04431   1  65
        0.33333        0.05202   1  66
        0.33333        0.06587   1  67
        0.33333        0.08628   1  68
        0.33333        0.10185   1  69
        0.33333        0.11493   1  70
        0.33333        0.14344   1  71
        0.33333        0.16435   1  72
        0.33333        0.19108   1  73
        0.33333        0.20292   1  74
        0.33333        0.20897   1  75
        0.33333        0.22124   1  76
        0.33333        0.24439   1  77
        0.33333        0.26226   1  78
        0.33333        0.30318   1  79
        0.33333        0.31242   1  80
        0.33333        0.33702   1  81
        0.33333        0.34265   1  82
        0.33333        0.34511   1  83
        0.33333        0.35147   1  84
        0.33333        0.35985   1  85
        0.33333        0.37045   1  86
        0.33333        0.39536   1  87
        0.33333        0.40499   1  88
        0.33333        0.46153   1  89
        0.33333        0.47302   1  90
        0.33333        0.48628   1  91
        0.33333        0.49089   1  92
        0.33333        0.51171   1  93
        0.33333        0.51629   1  94
        0.33333        0.52021   1  95
        0.33333        0.52266   1  96
        0.33333        0.52604   1  97
        0.33333        0.57838   1  98
        0.33333        0.59755   1  99
        0.33333        0.60560   1 100
        0.33333        0.61432   1 101
        0.33333        0.61702   1 102
        0.33333        0.62965   1 103
        0.33333        0.63989   1 104
        0.33333        0.65058   1 105
        0.33333        0.65162   1 106
        0.33333        0.66677   1 107
        0.33333        0.67858   1 108
        0.33333        0.68879   1 109
        0.33333        0.70781   1 110
        0.33333        0.74402   1 111
        0.33333        0.76469   1 112
        0.33333        0.79686   1 113
        0.33333        0.82501   1 114
        0.33333        0.84577   1 115
        0.33333        0.85239   1 116
        0.33333        0.85653   1 117
        0.33333        0.87686   1 118
        0.33333        0.94947   1 119
        0.33333        0.96947   1 120
        0.33333        0.97420   1 121
        0.33333        1.01755   1 122
        0.33333        1.01964   1 123
        0.33333        1.02223   1 124
        0.33333        1.05073   1 125
        0.33333        1.08172   1 126
        0.33333        1.08180   1 127
        0.33333        1.08523   1 128
        0.33333        1.09079   1 129
        0.33333        1.11609   1 130
        0.33333        1.19263   1 131
        0.33333        1.20851   1 132
        0.33333        1.22982   1 133
        0.33333        1.23012   1 134
        0.33333        1.27961   1 135
        0.33333        1.29679   1 136
        0.33333        1.31351   1 137
        0.33333        1.31872   1 138
        0.33333        1.38873   1 139
        0.33333        1.39257   1 140
        0.33333        1.39830   1 141
        0.33333        1.39867   1 142
        0.33333        1.49505   1 143
        0.33333        1.50175   1 144
        0.33333        1.57365   1 145
        0.33333        1.57488   1 146
        0.33333        1.60620   1 147
        0.33333        1.60908   1 148
        0.33333        1.63277   1 149
        0.33333        1.63995   1 150
        0.33333        1.73710   1 151
        0.33333        1.73816   1 152
        0.37500       -0.90134   1   1
        0.37500       -0.89778   1   2
        0.37500       -0.89023   1   3
        0.37500       -0.88638   1   4
        0.37500       -0.84554   1   5
        0.37500       -0.84319   1   6
        0.37500       -0.79915   1   7
        0.37500       -0.78241   1   8
        0.37500       -0.75690   1   9
        0.37500       -0.70970   1  10
        0.37500       -0.69954   1  11
        0.37500       -0.68805   1  12
        0.37500       -0.68094   1  13
        0.37500       -0.67505   1  14
        0.37500       -0.67416   1  15
        0.37500       -0.66476   1  16
        0.37500       -0.65850   1  17
        0.37500       -0.65715   1  18
        0.37500       -0.64852   1  19
        0.37500       -0.64672   1  20
        0.37500       -0.63130   1  21
        0.37500       -0.63018   1  22
        0.37500       -0.62348   1  23
        0.37500       -0.61559   1  24
        0.37500       -0.60788   1  25
        0.37500       -0.57838   1  26
        0.37500       -0.57369   1  27
        0.37500       -0.56671   1  28
        0.37500       -0.55745   1  29
        0.37500       -0.55064   1  30
        0.37500       -0.51862   1  31
        0.37500       -0.51725   1  32
        0.37500       -0.49459   1  33
        0.37500       -0.48389   1  34
        0.37500       -0.47066   1  35
        0.37500       -0.46490   1  36
        0.37500       -0.46265   1  37
        0.37500       -0.44583   1  38
        0.37500       -0.43054   1  39
        0.37500       -0.41980   1  40
        0.37500       -0.41265   1  41
        0.37500       -0.40243   1  42
        0.37500       -0.39513   1  43
        0.37500       -0.36594   1  44
        0.37500       -0.35183   1  45
        0.37500       -0.31418   1  46
        0.37500       -0.30665   1  47
        0.37500       -0.30202   1  48
        0.37500       -0.27707   1  49
        0.37500       -0.26883   1  50
        0.37500       -0.25772   1  51
        0.37500       -0.23762   1  52
        0.37500       -0.22495   1  53
        0.37500       -0.19679   1  54
        0.37500       -0.19635   1  55
        0.37500       -0.16398   1  56
        0.37500       -0.14995   1  57
        0.37500       -0.08250   1  58
        0.37500       -0.07481   1  59
        0.37500       -0.03669   1  60
        0.37500       -0.02248   1  61
        0.37500       -0.02232   1  62
        0.37500       -0.01066   1  63
        0.37500       -0.00271   1  64
        0.37500        0.06644   1  65
        0.37500        0.07458   1  66
        0.37500        0.07593   1  67
        0.37500        0.08448   1  68
        0.37500        0.09289   1  69
        0.37500        0.10980   1  70
        0.37500        0.15347   1  71
        0.37500        0.16966   1  72
        0.37500        0.18368   1  73
        0.37500        0.20660   1  74
        0.37500        0.21820   1  75
        0.37500        0.22053   1  76
        0.37500        0.23388   1  77
        0.37500        0.24799   1  78
        0.37500        0.28376   1  79
        0.37500        0.28755   1  80
        0.37500        0.31211   1  81
        0.37500        0.31919   1  82
        0.37500        0.32933   1  83
        0.37500        0.33396   1  84
        0.37500        0.36024   1  85
        0.37500        0.36794   1  86
        0.37500        0.37177   1  87
        0.37500        0.37943   1  88
        0.37500        0.41942   1  89
        0.37500        0.43042   1  90
        0.37500        0.43533   1  91
        0.37500        0.44458   1  92
        0.37500        0.50289   1  93
        0.37500        0.50663   1  94
        0.37500        0.50754   1  95
        0.37500        0.51109   1  96
        0.37500        0.55569   1  97
        0.37500        0.56954   1  98
        0.37500        0.57229   1  99
        0.37500        0.58610   1 100
        0.37500        0.60020   1 101
        0.37500        0.60036   1 102
        0.37500        0.62402   1 103
        0.37500        0.63703   1 104
        0.37500        0.63947   1 105
        0.37500        0.64313   1 106
        0.37500        0.66081   1 107
        0.37500        0.66232   1 108
        0.37500        0.68452   1 109
        0.37500        0.68730   1 110
        0.37500        0.72669   1 111
        0.37500        0.74714   1 112
        0.37500        0.79517   1 113
        0.37500        0.81365   1 114
        0.37500        0.81532   1 115
        0.37500        0.82920   1 116
        0.37500        0.85432   1 117
        0.37500        0.87650   1 118
        0.37500        0.93418   1 119
        0.37500        0.93905   1 120
        0.37500        0.95279   1 121
        0.37500        0.96792   1 122
        0.37500        0.98074   1 123
        0.37500        0.98407   1 124
        0.37500        1.01137   1 125
        0.37500        1.03472   1 126
        0.37500        1.07321   1 127
        0.37500        1.08930   1 128
        0.37500        1.10800   1 129
        0.37500        1.10814   1 130
        0.37500        1.15985   1 131
        0.37500        1.17692   1 132
        0.37500        1.27129   1 133
        0.37500        1.27181   1 134
        0.37500        1.30590   1 135
        0.37500        1.31019   1 136
        0.37500        1.31345   1 137
        0.37500        1.33250   1 138
        0.37500        1.36560   1 139
        0.37500        1.37517   1 140
        0.37500        1.42564   1 141
        0.37500        1.43037   1 142
        0.37500        1.51046   1 143
        0.37500        1.51588   1 144
        0.37500        1.56219   1 145
        0.37500        1.56341   1 146
        0.37500        1.59750   1 147
        0.37500        1.60001   1 148
        0.37500        1.61772   1 149
        0.37500        1.62544   1 150
        0.37500        1.70287   1 151
        0.37500        1.70386   1 152
        0.41667       -0.91305   1   1
        0.41667       -0.90956   1   2
        0.41667       -0.89826   1   3
        0.41667       -0.89516   1   4
        0.41667       -0.86086   1   5
        0.41667       -0.85874   1   6
        0.41667       -0.78696   1   7
        0.41667       -0.76992   1   8
        0.41667       -0.74713   1   9
        0.41667       -0.69716   1  10
        0.41667       -0.69451   1  11
        0.41667       -0.68889   1  12
        0.41667       -0.67285   1  13
        0.41667       -0.67273   1  14
        0.41667       -0.67181   1  15
        0.41667       -0.66222   1  16
        0.41667       -0.66169   1  17
        0.41667       -0.66132   1  18
        0.41667       -0.64629   1  19
        0.41667       -0.64518   1  20
        0.41667       -0.63376   1  21
        0.41667       -0.63320   1  22
        0.41667       -0.62638   1  23
        0.41667       -0.61181   1  24
        0.41667       -0.60707   1  25
        0.41667       -0.57722   1  26
        0.41667       -0.57447   1  27
        0.41667       -0.56932   1  28
        0.41667       -0.55996   1  29
        0.41667       -0.55269   1  30
        0.41667       -0.51711   1  31
        0.41667       -0.50390   1  32
        0.41667       -0.49639   1  33
        0.41667       -0.47534   1  34
        0.41667       -0.47052   1  35
        0.41667       -0.46604   1  36
        0.41667       -0.45143   1  37
        0.41667       -0.45018   1  38
        0.41667       -0.43003   1  39
        0.41667       -0.42316   1  40
        0.41667       -0.41017   1  41
        0.41667       -0.39767   1  42
        0.41667       -0.38179   1  43
        0.41667       -0.36891   1  44
        0.41667       -0.33692   1  45
        0.41667       -0.31736   1  46
        0.41667       -0.31274   1  47
        0.41667       -0.30850   1  48
        0.41667       -0.29917   1  49
        0.41667       -0.27221   1  50
        0.41667       -0.25651   1  51
        0.41667       -0.23620   1  52
        0.41667       -0.22270   1  53
        0.41667       -0.19295   1  54
        0.41667       -0.16945   1  55
        0.41667       -0.16900   1  56
        0.41667       -0.15536   1  57
        0.41667       -0.08598   1  58
        0.41667       -0.07858   1  59
        0.41667       -0.04925   1  60
        0.41667       -0.02055   1  61
        0.41667       -0.01931   1  62
        0.41667        0.01597   1  63
        0.41667        0.01621   1  64
        0.41667        0.04869   1  65
        0.41667        0.05597   1  66
        0.41667        0.09480   1  67
        0.41667        0.10334   1  68
        0.41667        0.12188   1  69
        0.41667        0.13682   1  70
        0.41667        0.15860   1  71
        0.41667        0.16349   1  72
        0.41667        0.17285   1  73
        0.41667        0.20649   1  74
        0.41667        0.21086   1  75
        0.41667        0.21551   1  76
        0.41667        0.23352   1  77
        0.41667        0.24008   1  78
        0.41667        0.25790   1  79
        0.41667        0.26476   1  80
        0.41667        0.30552   1  81
        0.41667        0.31044   1  82
        0.41667        0.31382   1  83
        0.41667        0.32035   1  84
        0.41667        0.34390   1  85
        0.41667        0.35066   1  86
        0.41667        0.35343   1  87
        0.41667        0.35966   1  88
        0.41667        0.41638   1  89
        0.41667        0.42465   1  90
        0.41667        0.43012   1  91
        0.41667        0.43950   1  92
        0.41667        0.46028   1  93
        0.41667        0.47041   1  94
        0.41667        0.47891   1  95
        0.41667        0.48382   1  96
        0.41667        0.54791   1  97
        0.41667        0.56091   1  98
        0.41667        0.57823   1  99
        0.41667        0.58764   1 100
        0.41667        0.59258   1 101
        0.41667        0.60011   1 102
        0.41667        0.62578   1 103
        0.41667        0.62983   1 104
        0.41667        0.63516   1 105
        0.41667        0.64063   1 106
        0.41667        0.64508   1 107
        0.41667        0.67004   1 108
        0.41667        0.67349   1 109
        0.41667        0.70399   1 110
        0.41667        0.72404   1 111
        0.41667        0.72724   1 112
        0.41667        0.78131   1 113
        0.41667        0.80136   1 114
        0.41667        0.81165   1 115
        0.41667        0.82982   1 116
        0.41667        0.83706   1 117
        0.41667        0.89314   1 118
        0.41667        0.91054   1 119
        0.41667        0.91796   1 120
        0.41667        0.92711   1 121
        0.41667        0.94696   1 122
        0.41667        0.95054   1 123
        0.41667        0.95836   1 124
        0.41667        0.97690   1 125
        0.41667        0.98072   1 126
        0.41667        1.06394   1 127
        0.41667        1.08119   1 128
        0.41667        1.13137   1 129
        0.41667        1.13193   1 130
        0.41667        1.13207   1 131
        0.41667        1.14598   1 132
        0.41667        1.29785   1 133
        0.41667        1.30143   1 134
        0.41667        1.31709   1 135
        0.41667        1.31811   1 136
        0.41667        1.34859   1 137
        0.41667        1.35619   1 138
        0.41667        1.36595   1 139
        0.41667        1.37142   1 140
        0.41667        1.44937   1 141
        0.41667        1.45213   1 142
        0.41667        1.51565   1 143
        0.41667        1.51954   1 144
        0.41667        1.55527   1 145
        0.41667        1.55643   1 146
        0.41667        1.58610   1 147
        0.41667        1.58839   1 148
        0.41667        1.60798   1 149
        0.41667        1.61613   1 150
        0.41667        1.66531   1 151
        0.41667        1.66613   1 152
        0.45833       -0.92045   1   1
        0.45833       -0.91700   1   2
        0.45833       -0.90345   1   3
        0.45833       -0.90065   1   4
        0.45833       -0.87066   1   5
        0.45833       -0.86867   1   6
        0.45833       -0.77786   1   7
        0.45833       -0.75999   1   8
        0.45833       -0.74153   1   9
        0.45833       -0.69501   1  10
        0.45833       -0.69104   1  11
        0.45833       -0.68960   1  12
        0.45833       -0.67441   1  13
        0.45833       -0.67192   1  14
        0.45833       -0.66854   1  15
        0.45833       -0.66051   1  16
        0.45833       -0.65999   1  17
        0.45833       -0.65213   1  18
        0.45833       -0.64397   1  19
        0.45833       -0.64343   1  20
        0.45833       -0.63616   1  21
        0.45833       -0.63601   1  22
        0.45833       -0.62821   1  23
        0.45833       -0.61425   1  24
        0.45833       -0.60100   1  25
        0.45833       -0.58695   1  26
        0.45833       -0.57161   1  27
        0.45833       -0.56804   1  28
        0.45833       -0.56200   1  29
        0.45833       -0.55411   1  30
        0.45833       -0.51664   1  31
        0.45833       -0.49750   1  32
        0.45833       -0.49517   1  33
        0.45833       -0.47229   1  34
        0.45833       -0.46882   1  35
        0.45833       -0.46452   1  36
        0.45833       -0.45289   1  37
        0.45833       -0.43382   1  38
        0.45833       -0.42951   1  39
        0.45833       -0.42685   1  40
        0.45833       -0.40870   1  41
        0.45833       -0.39638   1  42
        0.45833       -0.37650   1  43
        0.45833       -0.37089   1  44
        0.45833       -0.35306   1  45
        0.45833       -0.31949   1  46
        0.45833       -0.31170   1  47
        0.45833       -0.30944   1  48
        0.45833       -0.29810   1  49
        0.45833       -0.27158   1  50
        0.45833       -0.25126   1  51
        0.45833       -0.23536   1  52
        0.45833       -0.22141   1  53
        0.45833       -0.21831   1  54
        0.45833       -0.17415   1  55
        0.45833       -0.14485   1  56
        0.45833       -0.14455   1  57
        0.45833       -0.09030   1  58
        0.45833       -0.08133   1  59
        0.45833       -0.05110   1  60
        0.45833       -0.03204   1  61
        0.45833       -0.02836   1  62
        0.45833        0.03166   1  63
        0.45833        0.03624   1  64
        0.45833        0.05671   1  65
        0.45833        0.05766   1  66
        0.45833        0.10930   1  67
        0.45833        0.12254   1  68
        0.45833        0.12863   1  69
        0.45833        0.15337   1  70
        0.45833        0.15885   1  71
        0.45833        0.16974   1  72
        0.45833        0.16979   1  73
        0.45833        0.18423   1  74
        0.45833        0.19709   1  75
        0.45833        0.20173   1  76
        0.45833        0.22972   1  77
        0.45833        0.23581   1  78
        0.45833        0.25182   1  79
        0.45833        0.26180   1  80
        0.45833        0.29980   1  81
        0.45833        0.30319   1  82
        0.45833        0.30368   1  83
        0.45833        0.30976   1  84
        0.45833        0.31301   1  85
        0.45833        0.31917   1  86
        0.45833        0.36027   1  87
        0.45833        0.36624   1  88
        0.45833        0.40261   1  89
        0.45833        0.41369   1  90
        0.45833        0.42753   1  91
        0.45833        0.43414   1  92
        0.45833        0.45256   1  93
        0.45833        0.45845   1  94
        0.45833        0.46781   1  95
        0.45833        0.47566   1  96
        0.45833        0.53296   1  97
        0.45833        0.54729   1  98
        0.45833        0.56687   1  99
        0.45833        0.57587   1 100
        0.45833        0.59371   1 101
        0.45833        0.59654   1 102
        0.45833        0.62268   1 103
        0.45833        0.62456   1 104
        0.45833        0.63524   1 105
        0.45833        0.63607   1 106
        0.45833        0.63719   1 107
        0.45833        0.66162   1 108
        0.45833        0.69425   1 109
        0.45833        0.71235   1 110
        0.45833        0.71675   1 111
        0.45833        0.76445   1 112
        0.45833        0.77843   1 113
        0.45833        0.78720   1 114
        0.45833        0.81127   1 115
        0.45833        0.83485   1 116
        0.45833        0.83660   1 117
        0.45833        0.85962   1 118
        0.45833        0.89837   1 119
        0.45833        0.90660   1 120
        0.45833        0.91541   1 121
        0.45833        0.92973   1 122
        0.45833        0.93979   1 123
        0.45833        0.94093   1 124
        0.45833        0.94230   1 125
        0.45833        0.96632   1 126
        0.45833        1.04524   1 127
        0.45833        1.06410   1 128
        0.45833        1.13168   1 129
        0.45833        1.14424   1 130
        0.45833        1.14908   1 131
        0.45833        1.14921   1 132
        0.45833        1.27379   1 133
        0.45833        1.27764   1 134
        0.45833        1.36275   1 135
        0.45833        1.36519   1 136
        0.45833        1.36561   1 137
        0.45833        1.37421   1 138
        0.45833        1.37696   1 139
        0.45833        1.40291   1 140
        0.45833        1.45374   1 141
        0.45833        1.45483   1 142
        0.45833        1.51312   1 143
        0.45833        1.51491   1 144
        0.45833        1.54896   1 145
        0.45833        1.55017   1 146
        0.45833        1.58041   1 147
        0.45833        1.58224   1 148
        0.45833        1.60362   1 149
        0.45833        1.61194   1 150
        0.45833        1.63233   1 151
        0.45833        1.63289   1 152
        0.50000       -0.92298   1   1
        0.50000       -0.91954   1   2
        0.50000       -0.90520   1   3
        0.50000       -0.90248   1   4
        0.50000       -0.87406   1   5
        0.50000       -0.87212   1   6
        0.50000       -0.77442   1   7
        0.50000       -0.75604   1   8
        0.50000       -0.73987   1   9
        0.50000       -0.69408   1  10
        0.50000       -0.69149   1  11
        0.50000       -0.68990   1  12
        0.50000       -0.67576   1  13
        0.50000       -0.67164   1  14
        0.50000       -0.66880   1  15
        0.50000       -0.65987   1  16
        0.50000       -0.65880   1  17
        0.50000       -0.64401   1  18
        0.50000       -0.64260   1  19
        0.50000       -0.64231   1  20
        0.50000       -0.63754   1  21
        0.50000       -0.63751   1  22
        0.50000       -0.62884   1  23
        0.50000       -0.61507   1  24
        0.50000       -0.59875   1  25
        0.50000       -0.59256   1  26
        0.50000       -0.57053   1  27
        0.50000       -0.56749   1  28
        0.50000       -0.56275   1  29
        0.50000       -0.55461   1  30
        0.50000       -0.51648   1  31
        0.50000       -0.49778   1  32
        0.50000       -0.49241   1  33
        0.50000       -0.47288   1  34
        0.50000       -0.46659   1  35
        0.50000       -0.46350   1  36
        0.50000       -0.45380   1  37
        0.50000       -0.42959   1  38
        0.50000       -0.42863   1  39
        0.50000       -0.41448   1  40
        0.50000       -0.40821   1  41
        0.50000       -0.39701   1  42
        0.50000       -0.39608   1  43
        0.50000       -0.37172   1  44
        0.50000       -0.35496   1  45
        0.50000       -0.31280   1  46
        0.50000       -0.31106   1  47
        0.50000       -0.30643   1  48
        0.50000       -0.29980   1  49
        0.50000       -0.27303   1  50
        0.50000       -0.24229   1  51
        0.50000       -0.23727   1  52
        0.50000       -0.23185   1  53
        0.50000       -0.22098   1  54
        0.50000       -0.18363   1  55
        0.50000       -0.13314   1  56
        0.50000       -0.13292   1  57
        0.50000       -0.09774   1  58
        0.50000       -0.07906   1  59
        0.50000       -0.05538   1  60
        0.50000       -0.03797   1  61
        0.50000       -0.02784   1  62
        0.50000        0.02691   1  63
        0.50000        0.03017   1  64
        0.50000        0.08767   1  65
        0.50000        0.09037   1  66
        0.50000        0.10827   1  67
        0.50000        0.11164   1  68
        0.50000        0.11350   1  69
        0.50000        0.14970   1  70
        0.50000        0.15496   1  71
        0.50000        0.15835   1  72
        0.50000        0.18478   1  73
        0.50000        0.19170   1  74
        0.50000        0.20264   1  75
        0.50000        0.21611   1  76
        0.50000        0.22489   1  77
        0.50000        0.22958   1  78
        0.50000        0.23384   1  79
        0.50000        0.24327   1  80
        0.50000        0.29012   1  81
        0.50000        0.29525   1  82
        0.50000        0.29789   1  83
        0.50000        0.29997   1  84
        0.50000        0.32101   1  85
        0.50000        0.32774   1  86
        0.50000        0.37245   1  87
        0.50000        0.37874   1  88
        0.50000        0.38030   1  89
        0.50000        0.39363   1  90
        0.50000        0.41126   1  91
        0.50000        0.41743   1  92
        0.50000        0.46527   1  93
        0.50000        0.46845   1  94
        0.50000        0.47776   1  95
        0.50000        0.48367   1  96
        0.50000        0.52125   1  97
        0.50000        0.53823   1  98
        0.50000        0.55644   1  99
        0.50000        0.56792   1 100
        0.50000        0.59292   1 101
        0.50000        0.59505   1 102
        0.50000        0.62107   1 103
        0.50000        0.62271   1 104
        0.50000        0.63074   1 105
        0.50000        0.63450   1 106
        0.50000        0.63569   1 107
        0.50000        0.65391   1 108
        0.50000        0.69944   1 109
        0.50000        0.72266   1 110
        0.50000        0.74512   1 111
        0.50000        0.75309   1 112
        0.50000        0.77679   1 113
        0.50000        0.81193   1 114
        0.50000        0.81399   1 115
        0.50000        0.81416   1 116
        0.50000        0.83703   1 117
        0.50000        0.85026   1 118
        0.50000        0.87996   1 119
        0.50000        0.90223   1 120
        0.50000        0.91165   1 121
        0.50000        0.91792   1 122
        0.50000        0.93521   1 123
        0.50000        0.93743   1 124
        0.50000        0.93761   1 125
        0.50000        0.96424   1 126
        0.50000        1.03668   1 127
        0.50000        1.05501   1 128
        0.50000        1.13760   1 129
        0.50000        1.15040   1 130
        0.50000        1.15534   1 131
        0.50000        1.15548   1 132
        0.50000        1.26044   1 133
        0.50000        1.26414   1 134
        0.50000        1.37107   1 135
        0.50000        1.37985   1 136
        0.50000        1.38290   1 137
        0.50000        1.39625   1 138
        0.50000        1.39640   1 139
        0.50000        1.41347   1 140
        0.50000        1.44204   1 141
        0.50000        1.44342   1 142
        0.50000        1.51188   1 143
        0.50000        1.51229   1 144
        0.50000        1.54591   1 145
        0.50000        1.54715   1 146
        0.50000        1.58187   1 147
        0.50000        1.58301   1 148
        0.50000        1.60258   1 149
        0.50000        1.61092   1 150
        0.50000        1.61681   1 151
        0.50000        1.61743   1 152
        0.50000       -0.92298   1   1
        0.50000       -0.91954   1   2
        0.50000       -0.90520   1   3
        0.50000       -0.90248   1   4
        0.50000       -0.87406   1   5
        0.50000       -0.87212   1   6
        0.50000       -0.77442   1   7
        0.50000       -0.75604   1   8
        0.50000       -0.73987   1   9
        0.50000       -0.69408   1  10
        0.50000       -0.69149   1  11
        0.50000       -0.68990   1  12
        0.50000       -0.67576   1  13
        0.50000       -0.67164   1  14
        0.50000       -0.66880   1  15
        0.50000       -0.65987   1  16
        0.50000       -0.65880   1  17
        0.50000       -0.64401   1  18
        0.50000       -0.64260   1  19
        0.50000       -0.64231   1  20
        0.50000       -0.63754   1  21
        0.50000       -0.63751   1  22
        0.50000       -0.62884   1  23
        0.50000       -0.61507   1  24
        0.50000       -0.59875   1  25
        0.50000       -0.59256   1  26
        0.50000       -0.57053   1  27
        0.50000       -0.56749   1  28
        0.50000       -0.56275   1  29
        0.50000       -0.55461   1  30
        0.50000       -0.51648   1  31
        0.50000       -0.49778   1  32
        0.50000       -0.49241   1  33
        0.50000       -0.47288   1  34
        0.50000       -0.46659   1  35
        0.50000       -0.46350   1  36
        0.50000       -0.45380   1  37
        0.50000       -0.42959   1  38
        0.50000       -0.42863   1  39
        0.50000       -0.41448   1  40
        0.50000       -0.40821   1  41
        0.50000       -0.39701   1  42
        0.50000       -0.39608   1  43
        0.50000       -0.37172   1  44
        0.50000       -0.35496   1  45
        0.50000       -0.31280   1  46
        0.50000       -0.31106   1  47
        0.50000       -0.30643   1  48
        0.50000       -0.29980   1  49
        0.50000       -0.27303   1  50
        0.50000       -0.24229   1  51
        0.50000       -0.23727   1  52
        0.50000       -0.23185   1  53
        0.50000       -0.22098   1  54
        0.50000       -0.18363   1  55
        0.50000       -0.13314   1  56
        0.50000       -0.13292   1  57
        0.50000       -0.09774   1  58
        0.50000       -0.07906   1  59
        0.50000       -0.05538   1  60
        0.50000       -0.03797   1  61
        0.50000       -0.02784   1  62
        0.50000        0.02691   1  63
        0.50000        0.03017   1  64
        0.50000        0.08767   1  65
        0.50000        0.09037   1  66
        0.50000        0.10827   1  67
        0.50000        0.11164   1  68
        0.50000        0.11350   1  69
        0.50000        0.14970   1  70
        0.50000        0.15496   1  71
        0.50000        0.15835   1  72
        0.50000        0.18478   1  73
        0.50000        0.19170   1  74
        0.50000        0.20264   1  75
        0.50000        0.21611   1  76
        0.50000        0.22489   1  77
        0.50000        0.22958   1  78
        0.50000        0.23384   1  79
        0.50000        0.24327   1  80
        0.50000        0.29012   1  81
        0.50000        0.29525   1  82
        0.50000        0.29789   1  83
        0.50000        0.29997   1  84
        0.50000        0.32101   1  85
        0.50000        0.32774   1  86
        0.50000        0.37245   1  87
        0.50000        0.37874   1  88
        0.50000        0.38030   1  89
        0.50000        0.39363   1  90
        0.50000        0.41126   1  91
        0.50000        0.41743   1  92
        0.50000        0.46527   1  93
        0.50000        0.46845   1  94
        0.50000        0.47776   1  95
        0.50000        0.48367   1  96
        0.50000        0.52125   1  97
        0.50000        0.53823   1  98
        0.50000        0.55644   1  99
        0.50000        0.56792   1 100
        0.50000        0.59292   1 101
        0.50000        0.59505   1 102
        0.50000        0.62107   1 103
        0.50000        0.62271   1 104
        0.50000        0.63074   1 105
        0.50000        0.63450   1 106
        0.50000        0.63569   1 107
        0.50000        0.65391   1 108
        0.50000        0.69944   1 109
        0.50000        0.72266   1 110
        0.50000        0.74512   1 111
        0.50000        0.75309   1 112
        0.50000        0.77679   1 113
        0.50000        0.81193   1 114
        0.50000        0.81399   1 115
        0.50000        0.81416   1 116
        0.50000        0.83703   1 117
        0.50000        0.85026   1 118
        0.50000        0.87996   1 119
        0.50000        0.90223   1 120
        0.50000        0.91165   1 121
        0.50000        0.91792   1 122
        0.50000        0.93521   1 123
        0.50000        0.93743   1 124
        0.50000        0.93761   1 125
        0.50000        0.96424   1 126
        0.50000        1.03668   1 127
        0.50000        1.05501   1 128
        0.50000        1.13760   1 129
        0.50000        1.15040   1 130
        0.50000        1.15534   1 131
        0.50000        1.15548   1 132
        0.50000        1.26044   1 133
        0.50000        1.26414   1 134
        0.50000        1.37107   1 135
        0.50000        1.37985   1 136
        0.50000        1.38290   1 137
        0.50000        1.39625   1 138
        0.50000        1.39640   1 139
        0.50000        1.41347   1 140
        0.50000        1.44204   1 141
        0.50000        1.44342   1 142
        0.50000        1.51188   1 143
        0.50000        1.51229   1 144
        0.50000        1.54591   1 145
        0.50000        1.54715   1 146
        0.50000        1.58187   1 147
        0.50000        1.58301   1 148
        0.50000        1.60258   1 149
        0.50000        1.61092   1 150
        0.50000        1.61681   1 151
        0.50000        1.61743   1 152
        0.54167       -0.92179   1   1
        0.54167       -0.91834   1   2
        0.54167       -0.90420   1   3
        0.54167       -0.90149   1   4
        0.54167       -0.87338   1   5
        0.54167       -0.87147   1   6
        0.54167       -0.77398   1   7
        0.54167       -0.75551   1   8
        0.54167       -0.73832   1   9
        0.54167       -0.69393   1  10
        0.54167       -0.69135   1  11
        0.54167       -0.68874   1  12
        0.54167       -0.67862   1  13
        0.54167       -0.67123   1  14
        0.54167       -0.67074   1  15
        0.54167       -0.66106   1  16
        0.54167       -0.65828   1  17
        0.54167       -0.64580   1  18
        0.54167       -0.64548   1  19
        0.54167       -0.64218   1  20
        0.54167       -0.64058   1  21
        0.54167       -0.64028   1  22
        0.54167       -0.63038   1  23
        0.54167       -0.61586   1  24
        0.54167       -0.59776   1  25
        0.54167       -0.59128   1  26
        0.54167       -0.57834   1  27
        0.54167       -0.56599   1  28
        0.54167       -0.56205   1  29
        0.54167       -0.54689   1  30
        0.54167       -0.51828   1  31
        0.54167       -0.49706   1  32
        0.54167       -0.49162   1  33
        0.54167       -0.47442   1  34
        0.54167       -0.46830   1  35
        0.54167       -0.46379   1  36
        0.54167       -0.45437   1  37
        0.54167       -0.43798   1  38
        0.54167       -0.42711   1  39
        0.54167       -0.42106   1  40
        0.54167       -0.40536   1  41
        0.54167       -0.39527   1  42
        0.54167       -0.39350   1  43
        0.54167       -0.36963   1  44
        0.54167       -0.34271   1  45
        0.54167       -0.31754   1  46
        0.54167       -0.31503   1  47
        0.54167       -0.30821   1  48
        0.54167       -0.29633   1  49
        0.54167       -0.27339   1  50
        0.54167       -0.25005   1  51
        0.54167       -0.23494   1  52
        0.54167       -0.22656   1  53
        0.54167       -0.21209   1  54
        0.54167       -0.18142   1  55
        0.54167       -0.13140   1  56
        0.54167       -0.13118   1  57
        0.54167       -0.09523   1  58
        0.54167       -0.07500   1  59
        0.54167       -0.05097   1  60
        0.54167       -0.03500   1  61
        0.54167       -0.02447   1  62
        0.54167        0.03044   1  63
        0.54167        0.03365   1  64
        0.54167        0.09024   1  65
        0.54167        0.09300   1  66
        0.54167        0.11023   1  67
        0.54167        0.11363   1  68
        0.54167        0.11530   1  69
        0.54167        0.15206   1  70
        0.54167        0.15669   1  71
        0.54167        0.16064   1  72
        0.54167        0.18705   1  73
        0.54167        0.19327   1  74
        0.54167        0.20503   1  75
        0.54167        0.21741   1  76
        0.54167        0.22668   1  77
        0.54167        0.23089   1  78
        0.54167        0.23627   1  79
        0.54167        0.24580   1  80
        0.54167        0.29186   1  81
        0.54167        0.29701   1  82
        0.54167        0.30108   1  83
        0.54167        0.30352   1  84
        0.54167        0.32423   1  85
        0.54167        0.33083   1  86
        0.54167        0.37512   1  87
        0.54167        0.38046   1  88
        0.54167        0.38217   1  89
        0.54167        0.39639   1  90
        0.54167        0.41228   1  91
        0.54167        0.41852   1  92
        0.54167        0.46577   1  93
        0.54167        0.46918   1  94
        0.54167        0.48321   1  95
        0.54167        0.48891   1  96
        0.54167        0.52204   1  97
        0.54167        0.53916   1  98
        0.54167        0.55627   1  99
        0.54167        0.56809   1 100
        0.54167        0.58554   1 101
        0.54167        0.58868   1 102
        0.54167        0.61699   1 103
        0.54167        0.61911   1 104
        0.54167        0.62843   1 105
        0.54167        0.63031   1 106
        0.54167        0.63299   1 107
        0.54167        0.65626   1 108
        0.54167        0.69601   1 109
        0.54167        0.70882   1 110
        0.54167        0.72088   1 111
        0.54167        0.75533   1 112
        0.54167        0.77541   1 113
        0.54167        0.77901   1 114
        0.54167        0.78532   1 115
        0.54167        0.82234   1 116
        0.54167        0.83169   1 117
        0.54167        0.83618   1 118
        0.54167        0.88429   1 119
        0.54167        0.89739   1 120
        0.54167        0.90985   1 121
        0.54167        0.92015   1 122
        0.54167        0.93571   1 123
        0.54167        0.94751   1 124
        0.54167        0.94793   1 125
        0.54167        0.98535   1 126
        0.54167        1.03351   1 127
        0.54167        1.05097   1 128
        0.54167        1.12312   1 129
        0.54167        1.12783   1 130
        0.54167        1.14939   1 131
        0.54167        1.15767   1 132
        0.54167        1.24982   1 133
        0.54167        1.25325   1 134
        0.54167        1.33930   1 135
        0.54167        1.35657   1 136
        0.54167        1.38168   1 137
        0.54167        1.38194   1 138
        0.54167        1.39050   1 139
        0.54167        1.41280   1 140
        0.54167        1.42789   1 141
        0.54167        1.42836   1 142
        0.54167        1.49373   1 143
        0.54167        1.49425   1 144
        0.54167        1.53658   1 145
        0.54167        1.53769   1 146
        0.54167        1.56801   1 147
        0.54167        1.56916   1 148
        0.54167        1.59541   1 149
        0.54167        1.59802   1 150
        0.54167        1.60631   1 151
        0.54167        1.61430   1 152
        0.58333       -0.91826   1   1
        0.58333       -0.91472   1   2
        0.58333       -0.90123   1   3
        0.58333       -0.89856   1   4
        0.58333       -0.87140   1   5
        0.58333       -0.86955   1   6
        0.58333       -0.77279   1   7
        0.58333       -0.75406   1   8
        0.58333       -0.73373   1   9
        0.58333       -0.69351   1  10
        0.58333       -0.69095   1  11
        0.58333       -0.68974   1  12
        0.58333       -0.68175   1  13
        0.58333       -0.67921   1  14
        0.58333       -0.66993   1  15
        0.58333       -0.66430   1  16
        0.58333       -0.65752   1  17
        0.58333       -0.65483   1  18
        0.58333       -0.65437   1  19
        0.58333       -0.64787   1  20
        0.58333       -0.64691   1  21
        0.58333       -0.63678   1  22
        0.58333       -0.63403   1  23
        0.58333       -0.61803   1  24
        0.58333       -0.59532   1  25
        0.58333       -0.59113   1  26
        0.58333       -0.58759   1  27
        0.58333       -0.56086   1  28
        0.58333       -0.56018   1  29
        0.58333       -0.53534   1  30
        0.58333       -0.52277   1  31
        0.58333       -0.49496   1  32
        0.58333       -0.49010   1  33
        0.58333       -0.47835   1  34
        0.58333       -0.47325   1  35
        0.58333       -0.46440   1  36
        0.58333       -0.45654   1  37
        0.58333       -0.44891   1  38
        0.58333       -0.44215   1  39
        0.58333       -0.42297   1  40
        0.58333       -0.39371   1  41
        0.58333       -0.39063   1  42
        0.58333       -0.38878   1  43
        0.58333       -0.36425   1  44
        0.58333       -0.33213   1  45
        0.58333       -0.32396   1  46
        0.58333       -0.31726   1  47
        0.58333       -0.30607   1  48
        0.58333       -0.29139   1  49
        0.58333       -0.27527   1  50
        0.58333       -0.25800   1  51
        0.58333       -0.23400   1  52
        0.58333       -0.21708   1  53
        0.58333       -0.19194   1  54
        0.58333       -0.17495   1  55
        0.58333       -0.12622   1  56
        0.58333       -0.12601   1  57
        0.58333       -0.08790   1  58
        0.58333       -0.06319   1  59
        0.58333       -0.03834   1  60
        0.58333       -0.02616   1  61
        0.58333       -0.01440   1  62
        0.58333        0.04051   1  63
        0.58333        0.04354   1  64
        0.58333        0.09802   1  65
        0.58333        0.10092   1  66
        0.58333        0.11585   1  67
        0.58333        0.11971   1  68
        0.58333        0.12069   1  69
        0.58333        0.15919   1  70
        0.58333        0.16169   1  71
        0.58333        0.16759   1  72
        0.58333        0.19368   1  73
        0.58333        0.19783   1  74
        0.58333        0.21177   1  75
        0.58333        0.22073   1  76
        0.58333        0.23231   1  77
        0.58333        0.23540   1  78
        0.58333        0.24368   1  79
        0.58333        0.25353   1  80
        0.58333        0.29697   1  81
        0.58333        0.30224   1  82
        0.58333        0.30901   1  83
        0.58333        0.31236   1  84
        0.58333        0.33441   1  85
        0.58333        0.34067   1  86
        0.58333        0.37887   1  87
        0.58333        0.38374   1  88
        0.58333        0.39093   1  89
        0.58333        0.40545   1  90
        0.58333        0.41409   1  91
        0.58333        0.42077   1  92
        0.58333        0.46766   1  93
        0.58333        0.47180   1  94
        0.58333        0.49819   1  95
        0.58333        0.50347   1  96
        0.58333        0.52316   1  97
        0.58333        0.54056   1  98
        0.58333        0.54203   1  99
        0.58333        0.55267   1 100
        0.58333        0.57503   1 101
        0.58333        0.58384   1 102
        0.58333        0.60408   1 103
        0.58333        0.60944   1 104
        0.58333        0.61204   1 105
        0.58333        0.61593   1 106
        0.58333        0.63616   1 107
        0.58333        0.64163   1 108
        0.58333        0.66338   1 109
        0.58333        0.68048   1 110
        0.58333        0.70484   1 111
        0.58333        0.71158   1 112
        0.58333        0.75653   1 113
        0.58333        0.76031   1 114
        0.58333        0.78552   1 115
        0.58333        0.78839   1 116
        0.58333        0.79272   1 117
        0.58333        0.85025   1 118
        0.58333        0.85153   1 119
        0.58333        0.88801   1 120
        0.58333        0.90240   1 121
        0.58333        0.93354   1 122
        0.58333        0.93499   1 123
        0.58333        0.95777   1 124
        0.58333        0.97339   1 125
        0.58333        1.01501   1 126
        0.58333        1.02575   1 127
        0.58333        1.04079   1 128
        0.58333        1.07083   1 129
        0.58333        1.07246   1 130
        0.58333        1.13826   1 131
        0.58333        1.15000   1 132
        0.58333        1.22185   1 133
        0.58333        1.22459   1 134
        0.58333        1.28136   1 135
        0.58333        1.30268   1 136
        0.58333        1.32576   1 137
        0.58333        1.32628   1 138
        0.58333        1.36970   1 139
        0.58333        1.37932   1 140
        0.58333        1.38361   1 141
        0.58333        1.39063   1 142
        0.58333        1.44675   1 143
        0.58333        1.44738   1 144
        0.58333        1.48092   1 145
        0.58333        1.48205   1 146
        0.58333        1.53575   1 147
        0.58333        1.53694   1 148
        0.58333        1.54273   1 149
        0.58333        1.54299   1 150
        0.58333        1.59924   1 151
        0.58333        1.61357   1 152
        0.62500       -0.91251   1   1
        0.62500       -0.90882   1   2
        0.62500       -0.89650   1   3
        0.62500       -0.89389   1   4
        0.62500       -0.86834   1   5
        0.62500       -0.86662   1   6
        0.62500       -0.77129   1   7
        0.62500       -0.75211   1   8
        0.62500       -0.72639   1   9
        0.62500       -0.70143   1  10
        0.62500       -0.69302   1  11
        0.62500       -0.69229   1  12
        0.62500       -0.69047   1  13
        0.62500       -0.67615   1  14
        0.62500       -0.67422   1  15
        0.62500       -0.67274   1  16
        0.62500       -0.66819   1  17
        0.62500       -0.66759   1  18
        0.62500       -0.66008   1  19
        0.62500       -0.65345   1  20
        0.62500       -0.64923   1  21
        0.62500       -0.63729   1  22
        0.62500       -0.62802   1  23
        0.62500       -0.62108   1  24
        0.62500       -0.60425   1  25
        0.62500       -0.59185   1  26
        0.62500       -0.58219   1  27
        0.62500       -0.55813   1  28
        0.62500       -0.55267   1  29
        0.62500       -0.52844   1  30
        0.62500       -0.52437   1  31
        0.62500       -0.49174   1  32
        0.62500       -0.48923   1  33
        0.62500       -0.48315   1  34
        0.62500       -0.48007   1  35
        0.62500       -0.46804   1  36
        0.62500       -0.46281   1  37
        0.62500       -0.46025   1  38
        0.62500       -0.45481   1  39
        0.62500       -0.41748   1  40
        0.62500       -0.38860   1  41
        0.62500       -0.38335   1  42
        0.62500       -0.37637   1  43
        0.62500       -0.35761   1  44
        0.62500       -0.35010   1  45
        0.62500       -0.33263   1  46
        0.62500       -0.30214   1  47
        0.62500       -0.28888   1  48
        0.62500       -0.28725   1  49
        0.62500       -0.27907   1  50
        0.62500       -0.26138   1  51
        0.62500       -0.23211   1  52
        0.62500       -0.20840   1  53
        0.62500       -0.16691   1  54
        0.62500       -0.16444   1  55
        0.62500       -0.11783   1  56
        0.62500       -0.11764   1  57
        0.62500       -0.07637   1  58
        0.62500       -0.04477   1  59
        0.62500       -0.01952   1  60
        0.62500       -0.01224   1  61
        0.62500        0.00212   1  62
        0.62500        0.05580   1  63
        0.62500        0.05845   1  64
        0.62500        0.11095   1  65
        0.62500        0.11396   1  66
        0.62500        0.12360   1  67
        0.62500        0.12979   1  68
        0.62500        0.12995   1  69
        0.62500        0.16878   1  70
        0.62500        0.17121   1  71
        0.62500        0.17924   1  72
        0.62500        0.20380   1  73
        0.62500        0.20503   1  74
        0.62500        0.22174   1  75
        0.62500        0.22496   1  76
        0.62500        0.24160   1  77
        0.62500        0.24382   1  78
        0.62500        0.25593   1  79
        0.62500        0.26637   1  80
        0.62500        0.30487   1  81
        0.62500        0.31041   1  82
        0.62500        0.31902   1  83
        0.62500        0.32341   1  84
        0.62500        0.35137   1  85
        0.62500        0.35728   1  86
        0.62500        0.38112   1  87
        0.62500        0.38638   1  88
        0.62500        0.40612   1  89
        0.62500        0.41243   1  90
        0.62500        0.42016   1  91
        0.62500        0.42060   1  92
        0.62500        0.47182   1  93
        0.62500        0.47748   1  94
        0.62500        0.49914   1  95
        0.62500        0.51253   1  96
        0.62500        0.51650   1  97
        0.62500        0.51740   1  98
        0.62500        0.52262   1  99
        0.62500        0.53740   1 100
        0.62500        0.55982   1 101
        0.62500        0.57298   1 102
        0.62500        0.58924   1 103
        0.62500        0.59010   1 104
        0.62500        0.59706   1 105
        0.62500        0.59791   1 106
        0.62500        0.60043   1 107
        0.62500        0.63033   1 108
        0.62500        0.64748   1 109
        0.62500        0.64814   1 110
        0.62500        0.67451   1 111
        0.62500        0.68398   1 112
        0.62500        0.72113   1 113
        0.62500        0.73932   1 114
        0.62500        0.76808   1 115
        0.62500        0.77655   1 116
        0.62500        0.78335   1 117
        0.62500        0.81212   1 118
        0.62500        0.85499   1 119
        0.62500        0.88393   1 120
        0.62500        0.88677   1 121
        0.62500        0.91990   1 122
        0.62500        0.93949   1 123
        0.62500        0.96499   1 124
        0.62500        0.97641   1 125
        0.62500        0.98459   1 126
        0.62500        0.99063   1 127
        0.62500        1.01502   1 128
        0.62500        1.01902   1 129
        0.62500        1.02698   1 130
        0.62500        1.11672   1 131
        0.62500        1.12864   1 132
        0.62500        1.17803   1 133
        0.62500        1.17985   1 134
        0.62500        1.20550   1 135
        0.62500        1.22648   1 136
        0.62500        1.22731   1 137
        0.62500        1.22775   1 138
        0.62500        1.30908   1 139
        0.62500        1.31198   1 140
        0.62500        1.31756   1 141
        0.62500        1.32808   1 142
        0.62500        1.36015   1 143
        0.62500        1.36165   1 144
        0.62500        1.39221   1 145
        0.62500        1.39303   1 146
        0.62500        1.46323   1 147
        0.62500        1.46366   1 148
        0.62500        1.48646   1 149
        0.62500        1.48773   1 150
        0.62500        1.58232   1 151
        0.62500        1.60284   1 152
        0.66667       -0.90488   1   1
        0.66667       -0.90096   1   2
        0.66667       -0.89042   1   3
        0.66667       -0.88793   1   4
        0.66667       -0.86460   1   5
        0.66667       -0.86310   1   6
        0.66667       -0.77028   1   7
        0.66667       -0.75063   1   8
        0.66667       -0.71694   1   9
        0.66667       -0.71678   1  10
        0.66667       -0.70828   1  11
        0.66667       -0.69328   1  12
        0.66667       -0.69063   1  13
        0.66667       -0.68830   1  14
        0.66667       -0.68718   1  15
        0.66667       -0.68348   1  16
        0.66667       -0.68263   1  17
        0.66667       -0.66708   1  18
        0.66667       -0.66101   1  19
        0.66667       -0.65527   1  20
        0.66667       -0.64975   1  21
        0.66667       -0.63597   1  22
        0.66667       -0.62450   1  23
        0.66667       -0.61671   1  24
        0.66667       -0.61647   1  25
        0.66667       -0.58726   1  26
        0.66667       -0.57619   1  27
        0.66667       -0.55723   1  28
        0.66667       -0.54193   1  29
        0.66667       -0.53408   1  30
        0.66667       -0.51442   1  31
        0.66667       -0.49048   1  32
        0.66667       -0.48839   1  33
        0.66667       -0.48732   1  34
        0.66667       -0.48722   1  35
        0.66667       -0.48031   1  36
        0.66667       -0.47380   1  37
        0.66667       -0.46508   1  38
        0.66667       -0.45523   1  39
        0.66667       -0.41101   1  40
        0.66667       -0.38395   1  41
        0.66667       -0.37533   1  42
        0.66667       -0.36949   1  43
        0.66667       -0.36203   1  44
        0.66667       -0.34753   1  45
        0.66667       -0.34065   1  46
        0.66667       -0.29752   1  47
        0.66667       -0.29184   1  48
        0.66667       -0.27998   1  49
        0.66667       -0.26152   1  50
        0.66667       -0.25517   1  51
        0.66667       -0.22937   1  52
        0.66667       -0.20115   1  53
        0.66667       -0.15073   1  54
        0.66667       -0.13936   1  55
        0.66667       -0.10661   1  56
        0.66667       -0.10642   1  57
        0.66667       -0.06149   1  58
        0.66667       -0.02116   1  59
        0.66667        0.00237   1  60
        0.66667        0.00538   1  61
        0.66667        0.02493   1  62
        0.66667        0.07425   1  63
        0.66667        0.07621   1  64
        0.66667        0.12889   1  65
        0.66667        0.13094   1  66
        0.66667        0.13175   1  67
        0.66667        0.14336   1  68
        0.66667        0.14348   1  69
        0.66667        0.17533   1  70
        0.66667        0.18819   1  71
        0.66667        0.19560   1  72
        0.66667        0.21483   1  73
        0.66667        0.21587   1  74
        0.66667        0.23104   1  75
        0.66667        0.23338   1  76
        0.66667        0.25371   1  77
        0.66667        0.25564   1  78
        0.66667        0.27250   1  79
        0.66667        0.28390   1  80
        0.66667        0.31469   1  81
        0.66667        0.32083   1  82
        0.66667        0.33008   1  83
        0.66667        0.33533   1  84
        0.66667        0.37192   1  85
        0.66667        0.37793   1  86
        0.66667        0.38215   1  87
        0.66667        0.38746   1  88
        0.66667        0.40258   1  89
        0.66667        0.41458   1  90
        0.66667        0.42276   1  91
        0.66667        0.43811   1  92
        0.66667        0.44664   1  93
        0.66667        0.46439   1  94
        0.66667        0.46954   1  95
        0.66667        0.47994   1  96
        0.66667        0.48877   1  97
        0.66667        0.51728   1  98
        0.66667        0.52037   1  99
        0.66667        0.53645   1 100
        0.66667        0.54115   1 101
        0.66667        0.54454   1 102
        0.66667        0.56786   1 103
        0.66667        0.57279   1 104
        0.66667        0.58223   1 105
        0.66667        0.58787   1 106
        0.66667        0.59272   1 107
        0.66667        0.60395   1 108
        0.66667        0.62188   1 109
        0.66667        0.63767   1 110
        0.66667        0.64785   1 111
        0.66667        0.67855   1 112
        0.66667        0.68901   1 113
        0.66667        0.72553   1 114
        0.66667        0.73204   1 115
        0.66667        0.75633   1 116
        0.66667        0.80334   1 117
        0.66667        0.82698   1 118
        0.66667        0.83904   1 119
        0.66667        0.86170   1 120
        0.66667        0.87686   1 121
        0.66667        0.88884   1 122
        0.66667        0.88986   1 123
        0.66667        0.89038   1 124
        0.66667        0.90695   1 125
        0.66667        0.94585   1 126
        0.66667        0.98045   1 127
        0.66667        0.99481   1 128
        0.66667        0.99556   1 129
        0.66667        1.00399   1 130
        0.66667        1.06927   1 131
        0.66667        1.08129   1 132
        0.66667        1.11261   1 133
        0.66667        1.11341   1 134
        0.66667        1.12282   1 135
        0.66667        1.12449   1 136
        0.66667        1.13102   1 137
        0.66667        1.15518   1 138
        0.66667        1.23410   1 139
        0.66667        1.24420   1 140
        0.66667        1.24462   1 141
        0.66667        1.24653   1 142
        0.66667        1.24688   1 143
        0.66667        1.24960   1 144
        0.66667        1.31513   1 145
        0.66667        1.31617   1 146
        0.66667        1.38772   1 147
        0.66667        1.38972   1 148
        0.66667        1.42454   1 149
        0.66667        1.42587   1 150
        0.66667        1.55392   1 151
        0.66667        1.58112   1 152
        0.70833       -0.89577   1   1
        0.70833       -0.89150   1   2
        0.70833       -0.88359   1   3
        0.70833       -0.88127   1   4
        0.70833       -0.86061   1   5
        0.70833       -0.85948   1   6
        0.70833       -0.77105   1   7
        0.70833       -0.75169   1   8
        0.70833       -0.73320   1   9
        0.70833       -0.72495   1  10
        0.70833       -0.70759   1  11
        0.70833       -0.70384   1  12
        0.70833       -0.70238   1  13
        0.70833       -0.70084   1  14
        0.70833       -0.70043   1  15
        0.70833       -0.69026   1  16
        0.70833       -0.68907   1  17
        0.70833       -0.66262   1  18
        0.70833       -0.65585   1  19
        0.70833       -0.65548   1  20
        0.70833       -0.65269   1  21
        0.70833       -0.63103   1  22
        0.70833       -0.62891   1  23
        0.70833       -0.62684   1  24
        0.70833       -0.60284   1  25
        0.70833       -0.58022   1  26
        0.70833       -0.57093   1  27
        0.70833       -0.55923   1  28
        0.70833       -0.53869   1  29
        0.70833       -0.52936   1  30
        0.70833       -0.50544   1  31
        0.70833       -0.49590   1  32
        0.70833       -0.49396   1  33
        0.70833       -0.49356   1  34
        0.70833       -0.48951   1  35
        0.70833       -0.48340   1  36
        0.70833       -0.47686   1  37
        0.70833       -0.46994   1  38
        0.70833       -0.45445   1  39
        0.70833       -0.40330   1  40
        0.70833       -0.39280   1  41
        0.70833       -0.37176   1  42
        0.70833       -0.36496   1  43
        0.70833       -0.34887   1  44
        0.70833       -0.34734   1  45
        0.70833       -0.33804   1  46
        0.70833       -0.29796   1  47
        0.70833       -0.29238   1  48
        0.70833       -0.27859   1  49
        0.70833       -0.26057   1  50
        0.70833       -0.22596   1  51
        0.70833       -0.22169   1  52
        0.70833       -0.19547   1  53
        0.70833       -0.13390   1  54
        0.70833       -0.11072   1  55
        0.70833       -0.09286   1  56
        0.70833       -0.09265   1  57
        0.70833       -0.04406   1  58
        0.70833        0.00638   1  59
        0.70833        0.02573   1  60
        0.70833        0.02627   1  61
        0.70833        0.05355   1  62
        0.70833        0.09233   1  63
        0.70833        0.09361   1  64
        0.70833        0.13678   1  65
        0.70833        0.15188   1  66
        0.70833        0.15401   1  67
        0.70833        0.16075   1  68
        0.70833        0.16088   1  69
        0.70833        0.17805   1  70
        0.70833        0.21091   1  71
        0.70833        0.21676   1  72
        0.70833        0.22728   1  73
        0.70833        0.22815   1  74
        0.70833        0.24243   1  75
        0.70833        0.24503   1  76
        0.70833        0.26809   1  77
        0.70833        0.27013   1  78
        0.70833        0.29283   1  79
        0.70833        0.30584   1  80
        0.70833        0.32613   1  81
        0.70833        0.33380   1  82
        0.70833        0.34123   1  83
        0.70833        0.34767   1  84
        0.70833        0.36812   1  85
        0.70833        0.38142   1  86
        0.70833        0.38642   1  87
        0.70833        0.39151   1  88
        0.70833        0.39291   1  89
        0.70833        0.39951   1  90
        0.70833        0.40586   1  91
        0.70833        0.41389   1  92
        0.70833        0.43114   1  93
        0.70833        0.45135   1  94
        0.70833        0.45491   1  95
        0.70833        0.47118   1  96
        0.70833        0.47661   1  97
        0.70833        0.49852   1  98
        0.70833        0.50798   1  99
        0.70833        0.51223   1 100
        0.70833        0.52524   1 101
        0.70833        0.52660   1 102
        0.70833        0.53638   1 103
        0.70833        0.55908   1 104
        0.70833        0.57776   1 105
        0.70833        0.58009   1 106
        0.70833        0.58739   1 107
        0.70833        0.60672   1 108
        0.70833        0.61887   1 109
        0.70833        0.62433   1 110
        0.70833        0.63657   1 111
        0.70833        0.64594   1 112
        0.70833        0.70242   1 113
        0.70833        0.72598   1 114
        0.70833        0.72891   1 115
        0.70833        0.74985   1 116
        0.70833        0.79515   1 117
        0.70833        0.80394   1 118
        0.70833        0.80681   1 119
        0.70833        0.83048   1 120
        0.70833        0.84125   1 121
        0.70833        0.84238   1 122
        0.70833        0.84385   1 123
        0.70833        0.85528   1 124
        0.70833        0.85540   1 125
        0.70833        0.88368   1 126
        0.70833        0.94878   1 127
        0.70833        0.95124   1 128
        0.70833        0.95549   1 129
        0.70833        0.96233   1 130
        0.70833        1.03219   1 131
        0.70833        1.03300   1 132
        0.70833        1.03341   1 133
        0.70833        1.04641   1 134
        0.70833        1.06018   1 135
        0.70833        1.06181   1 136
        0.70833        1.06440   1 137
        0.70833        1.09200   1 138
        0.70833        1.14744   1 139
        0.70833        1.15055   1 140
        0.70833        1.15500   1 141
        0.70833        1.16367   1 142
        0.70833        1.20657   1 143
        0.70833        1.21283   1 144
        0.70833        1.25888   1 145
        0.70833        1.26014   1 146
        0.70833        1.32519   1 147
        0.70833        1.32750   1 148
        0.70833        1.35627   1 149
        0.70833        1.35760   1 150
        0.70833        1.51726   1 151
        0.70833        1.55112   1 152
        0.75000       -0.88593   1   1
        0.75000       -0.88116   1   2
        0.75000       -0.87689   1   3
        0.75000       -0.87480   1   4
        0.75000       -0.85670   1   5
        0.75000       -0.85611   1   6
        0.75000       -0.77509   1   7
        0.75000       -0.75846   1   8
        0.75000       -0.74883   1   9
        0.75000       -0.74018   1  10
        0.75000       -0.71752   1  11
        0.75000       -0.71697   1  12
        0.75000       -0.71515   1  13
        0.75000       -0.71238   1  14
        0.75000       -0.69517   1  15
        0.75000       -0.69013   1  16
        0.75000       -0.68916   1  17
        0.75000       -0.66380   1  18
        0.75000       -0.65631   1  19
        0.75000       -0.65551   1  20
        0.75000       -0.64471   1  21
        0.75000       -0.63833   1  22
        0.75000       -0.63016   1  23
        0.75000       -0.62658   1  24
        0.75000       -0.58814   1  25
        0.75000       -0.56939   1  26
        0.75000       -0.56758   1  27
        0.75000       -0.56534   1  28
        0.75000       -0.54128   1  29
        0.75000       -0.51600   1  30
        0.75000       -0.50296   1  31
        0.75000       -0.50054   1  32
        0.75000       -0.49864   1  33
        0.75000       -0.49606   1  34
        0.75000       -0.48971   1  35
        0.75000       -0.48022   1  36
        0.75000       -0.47757   1  37
        0.75000       -0.47407   1  38
        0.75000       -0.45412   1  39
        0.75000       -0.40939   1  40
        0.75000       -0.39349   1  41
        0.75000       -0.36479   1  42
        0.75000       -0.35274   1  43
        0.75000       -0.35181   1  44
        0.75000       -0.33593   1  45
        0.75000       -0.32783   1  46
        0.75000       -0.30261   1  47
        0.75000       -0.28844   1  48
        0.75000       -0.27722   1  49
        0.75000       -0.25990   1  50
        0.75000       -0.22212   1  51
        0.75000       -0.19169   1  52
        0.75000       -0.18681   1  53
        0.75000       -0.11460   1  54
        0.75000       -0.08143   1  55
        0.75000       -0.07701   1  56
        0.75000       -0.07665   1  57
        0.75000       -0.02470   1  58
        0.75000        0.03658   1  59
        0.75000        0.05078   1  60
        0.75000        0.05095   1  61
        0.75000        0.08641   1  62
        0.75000        0.10331   1  63
        0.75000        0.10615   1  64
        0.75000        0.14334   1  65
        0.75000        0.17696   1  66
        0.75000        0.17910   1  67
        0.75000        0.17999   1  68
        0.75000        0.18217   1  69
        0.75000        0.18258   1  70
        0.75000        0.23479   1  71
        0.75000        0.23896   1  72
        0.75000        0.24036   1  73
        0.75000        0.24365   1  74
        0.75000        0.25869   1  75
        0.75000        0.26059   1  76
        0.75000        0.28320   1  77
        0.75000        0.28593   1  78
        0.75000        0.30402   1  79
        0.75000        0.32594   1  80
        0.75000        0.33006   1  81
        0.75000        0.33124   1  82
        0.75000        0.34744   1  83
        0.75000        0.35066   1  84
        0.75000        0.35627   1  85
        0.75000        0.35764   1  86
        0.75000        0.37419   1  87
        0.75000        0.38194   1  88
        0.75000        0.38559   1  89
        0.75000        0.39049   1  90
        0.75000        0.39803   1  91
        0.75000        0.40685   1  92
        0.75000        0.42587   1  93
        0.75000        0.43611   1  94
        0.75000        0.44366   1  95
        0.75000        0.46540   1  96
        0.75000        0.47278   1  97
        0.75000        0.47912   1  98
        0.75000        0.48719   1  99
        0.75000        0.51440   1 100
        0.75000        0.51797   1 101
        0.75000        0.52730   1 102
        0.75000        0.52931   1 103
        0.75000        0.52946   1 104
        0.75000        0.57014   1 105
        0.75000        0.57995   1 106
        0.75000        0.58081   1 107
        0.75000        0.59386   1 108
        0.75000        0.62706   1 109
        0.75000        0.63433   1 110
        0.75000        0.64322   1 111
        0.75000        0.64657   1 112
        0.75000        0.72025   1 113
        0.75000        0.72349   1 114
        0.75000        0.73778   1 115
        0.75000        0.73930   1 116
        0.75000        0.75102   1 117
        0.75000        0.75222   1 118
        0.75000        0.76067   1 119
        0.75000        0.76997   1 120
        0.75000        0.79152   1 121
        0.75000        0.80674   1 122
        0.75000        0.81322   1 123
        0.75000        0.82099   1 124
        0.75000        0.86366   1 125
        0.75000        0.87878   1 126
        0.75000        0.87891   1 127
        0.75000        0.88994   1 128
        0.75000        0.91351   1 129
        0.75000        0.91768   1 130
        0.75000        0.95239   1 131
        0.75000        0.95498   1 132
        0.75000        0.99285   1 133
        0.75000        1.00901   1 134
        0.75000        1.01902   1 135
        0.75000        1.01974   1 136
        0.75000        1.02019   1 137
        0.75000        1.04155   1 138
        0.75000        1.08506   1 139
        0.75000        1.08923   1 140
        0.75000        1.09939   1 141
        0.75000        1.10881   1 142
        0.75000        1.17693   1 143
        0.75000        1.18326   1 144
        0.75000        1.21785   1 145
        0.75000        1.21914   1 146
        0.75000        1.26915   1 147
        0.75000        1.27077   1 148
        0.75000        1.28758   1 149
        0.75000        1.28885   1 150
        0.75000        1.48074   1 151
        0.75000        1.52066   1 152
        0.79167       -0.87707   1   1
        0.79167       -0.87189   1   2
        0.79167       -0.87166   1   3
        0.79167       -0.86982   1   4
        0.79167       -0.85252   1   5
        0.79167       -0.85235   1   6
        0.79167       -0.78273   1   7
        0.79167       -0.77101   1   8
        0.79167       -0.76210   1   9
        0.79167       -0.75185   1  10
        0.79167       -0.72912   1  11
        0.79167       -0.72681   1  12
        0.79167       -0.72542   1  13
        0.79167       -0.71612   1  14
        0.79167       -0.69393   1  15
        0.79167       -0.69180   1  16
        0.79167       -0.68151   1  17
        0.79167       -0.66636   1  18
        0.79167       -0.65727   1  19
        0.79167       -0.65664   1  20
        0.79167       -0.64517   1  21
        0.79167       -0.63506   1  22
        0.79167       -0.63213   1  23
        0.79167       -0.62485   1  24
        0.79167       -0.57535   1  25
        0.79167       -0.57398   1  26
        0.79167       -0.56654   1  27
        0.79167       -0.55495   1  28
        0.79167       -0.54067   1  29
        0.79167       -0.50593   1  30
        0.79167       -0.50348   1  31
        0.79167       -0.50342   1  32
        0.79167       -0.50187   1  33
        0.79167       -0.48825   1  34
        0.79167       -0.48799   1  35
        0.79167       -0.47948   1  36
        0.79167       -0.47750   1  37
        0.79167       -0.47548   1  38
        0.79167       -0.45488   1  39
        0.79167       -0.42505   1  40
        0.79167       -0.38085   1  41
        0.79167       -0.35753   1  42
        0.79167       -0.35268   1  43
        0.79167       -0.33892   1  44
        0.79167       -0.32368   1  45
        0.79167       -0.31687   1  46
        0.79167       -0.30583   1  47
        0.79167       -0.28529   1  48
        0.79167       -0.27614   1  49
        0.79167       -0.26010   1  50
        0.79167       -0.21854   1  51
        0.79167       -0.18990   1  52
        0.79167       -0.15130   1  53
        0.79167       -0.09301   1  54
        0.79167       -0.06013   1  55
        0.79167       -0.05999   1  56
        0.79167       -0.05158   1  57
        0.79167       -0.00372   1  58
        0.79167        0.06749   1  59
        0.79167        0.07761   1  60
        0.79167        0.07897   1  61
        0.79167        0.10014   1  62
        0.79167        0.10944   1  63
        0.79167        0.12158   1  64
        0.79167        0.15479   1  65
        0.79167        0.17705   1  66
        0.79167        0.20518   1  67
        0.79167        0.20588   1  68
        0.79167        0.20714   1  69
        0.79167        0.20817   1  70
        0.79167        0.23533   1  71
        0.79167        0.24749   1  72
        0.79167        0.24956   1  73
        0.79167        0.25459   1  74
        0.79167        0.27564   1  75
        0.79167        0.28109   1  76
        0.79167        0.28698   1  77
        0.79167        0.29144   1  78
        0.79167        0.29938   1  79
        0.79167        0.30574   1  80
        0.79167        0.33493   1  81
        0.79167        0.34538   1  82
        0.79167        0.34654   1  83
        0.79167        0.35855   1  84
        0.79167        0.36256   1  85
        0.79167        0.36482   1  86
        0.79167        0.36994   1  87
        0.79167        0.37459   1  88
        0.79167        0.38465   1  89
        0.79167        0.39104   1  90
        0.79167        0.39714   1  91
        0.79167        0.39791   1  92
        0.79167        0.40111   1  93
        0.79167        0.40853   1  94
        0.79167        0.43262   1  95
        0.79167        0.46372   1  96
        0.79167        0.47061   1  97
        0.79167        0.47285   1  98
        0.79167        0.50262   1  99
        0.79167        0.51247   1 100
        0.79167        0.52158   1 101
        0.79167        0.53166   1 102
        0.79167        0.54142   1 103
        0.79167        0.54223   1 104
        0.79167        0.55696   1 105
        0.79167        0.56781   1 106
        0.79167        0.57070   1 107
        0.79167        0.58368   1 108
        0.79167        0.63861   1 109
        0.79167        0.63993   1 110
        0.79167        0.65276   1 111
        0.79167        0.65466   1 112
        0.79167        0.68702   1 113
        0.79167        0.70501   1 114
        0.79167        0.70675   1 115
        0.79167        0.71153   1 116
        0.79167        0.71689   1 117
        0.79167        0.72417   1 118
        0.79167        0.74418   1 119
        0.79167        0.75221   1 120
        0.79167        0.76462   1 121
        0.79167        0.77672   1 122
        0.79167        0.78141   1 123
        0.79167        0.79748   1 124
        0.79167        0.80671   1 125
        0.79167        0.81370   1 126
        0.79167        0.85652   1 127
        0.79167        0.85672   1 128
        0.79167        0.88771   1 129
        0.79167        0.89063   1 130
        0.79167        0.89155   1 131
        0.79167        0.91425   1 132
        0.79167        0.91635   1 133
        0.79167        0.93879   1 134
        0.79167        0.97112   1 135
        0.79167        0.97689   1 136
        0.79167        0.97821   1 137
        0.79167        0.98562   1 138
        0.79167        1.04113   1 139
        0.79167        1.04530   1 140
        0.79167        1.07589   1 141
        0.79167        1.08058   1 142
        0.79167        1.14141   1 143
        0.79167        1.14940   1 144
        0.79167        1.18562   1 145
        0.79167        1.18693   1 146
        0.79167        1.22170   1 147
        0.79167        1.22303   1 148
        0.79167        1.22602   1 149
        0.79167        1.22714   1 150
        0.79167        1.45390   1 151
        0.79167        1.49841   1 152
        0.83333       -0.87194   1   1
        0.83333       -0.86927   1   2
        0.83333       -0.86757   1   3
        0.83333       -0.86736   1   4
        0.83333       -0.84632   1   5
        0.83333       -0.84568   1   6
        0.83333       -0.79278   1   7
        0.83333       -0.78537   1   8
        0.83333       -0.77041   1   9
        0.83333       -0.75802   1  10
        0.83333       -0.73706   1  11
        0.83333       -0.73463   1  12
        0.83333       -0.73023   1  13
        0.83333       -0.71739   1  14
        0.83333       -0.69593   1  15
        0.83333       -0.69453   1  16
        0.83333       -0.67618   1  17
        0.83333       -0.66945   1  18
        0.83333       -0.65797   1  19
        0.83333       -0.65727   1  20
        0.83333       -0.64663   1  21
        0.83333       -0.63309   1  22
        0.83333       -0.62869   1  23
        0.83333       -0.62417   1  24
        0.83333       -0.58604   1  25
        0.83333       -0.56744   1  26
        0.83333       -0.56381   1  27
        0.83333       -0.53967   1  28
        0.83333       -0.53553   1  29
        0.83333       -0.50565   1  30
        0.83333       -0.50422   1  31
        0.83333       -0.50314   1  32
        0.83333       -0.49172   1  33
        0.83333       -0.48649   1  34
        0.83333       -0.48153   1  35
        0.83333       -0.47957   1  36
        0.83333       -0.47751   1  37
        0.83333       -0.47383   1  38
        0.83333       -0.45704   1  39
        0.83333       -0.43892   1  40
        0.83333       -0.36619   1  41
        0.83333       -0.35107   1  42
        0.83333       -0.34822   1  43
        0.83333       -0.32446   1  44
        0.83333       -0.31222   1  45
        0.83333       -0.30734   1  46
        0.83333       -0.30523   1  47
        0.83333       -0.28305   1  48
        0.83333       -0.27534   1  49
        0.83333       -0.26149   1  50
        0.83333       -0.21609   1  51
        0.83333       -0.19142   1  52
        0.83333       -0.11521   1  53
        0.83333       -0.06901   1  54
        0.83333       -0.04352   1  55
        0.83333       -0.04328   1  56
        0.83333       -0.02344   1  57
        0.83333        0.01905   1  58
        0.83333        0.08554   1  59
        0.83333        0.09708   1  60
        0.83333        0.10451   1  61
        0.83333        0.10514   1  62
        0.83333        0.11031   1  63
        0.83333        0.15604   1  64
        0.83333        0.16785   1  65
        0.83333        0.18101   1  66
        0.83333        0.18712   1  67
        0.83333        0.21603   1  68
        0.83333        0.22012   1  69
        0.83333        0.22202   1  70
        0.83333        0.23608   1  71
        0.83333        0.23742   1  72
        0.83333        0.25835   1  73
        0.83333        0.26341   1  74
        0.83333        0.28784   1  75
        0.83333        0.29309   1  76
        0.83333        0.29643   1  77
        0.83333        0.30277   1  78
        0.83333        0.31321   1  79
        0.83333        0.31741   1  80
        0.83333        0.32369   1  81
        0.83333        0.33873   1  82
        0.83333        0.35235   1  83
        0.83333        0.35464   1  84
        0.83333        0.36071   1  85
        0.83333        0.36081   1  86
        0.83333        0.38035   1  87
        0.83333        0.38407   1  88
        0.83333        0.39596   1  89
        0.83333        0.39751   1  90
        0.83333        0.40091   1  91
        0.83333        0.40354   1  92
        0.83333        0.41462   1  93
        0.83333        0.41812   1  94
        0.83333        0.42205   1  95
        0.83333        0.42744   1  96
        0.83333        0.49265   1  97
        0.83333        0.50203   1  98
        0.83333        0.50755   1  99
        0.83333        0.50951   1 100
        0.83333        0.51227   1 101
        0.83333        0.53385   1 102
        0.83333        0.54238   1 103
        0.83333        0.54979   1 104
        0.83333        0.55683   1 105
        0.83333        0.56172   1 106
        0.83333        0.56382   1 107
        0.83333        0.58371   1 108
        0.83333        0.62201   1 109
        0.83333        0.63769   1 110
        0.83333        0.64102   1 111
        0.83333        0.65252   1 112
        0.83333        0.65543   1 113
        0.83333        0.66846   1 114
        0.83333        0.67483   1 115
        0.83333        0.68773   1 116
        0.83333        0.69213   1 117
        0.83333        0.70401   1 118
        0.83333        0.71320   1 119
        0.83333        0.72469   1 120
        0.83333        0.72668   1 121
        0.83333        0.73192   1 122
        0.83333        0.76216   1 123
        0.83333        0.77402   1 124
        0.83333        0.79420   1 125
        0.83333        0.80368   1 126
        0.83333        0.81063   1 127
        0.83333        0.82993   1 128
        0.83333        0.83084   1 129
        0.83333        0.83102   1 130
        0.83333        0.83781   1 131
        0.83333        0.85695   1 132
        0.83333        0.88029   1 133
        0.83333        0.90680   1 134
        0.83333        0.93931   1 135
        0.83333        0.94191   1 136
        0.83333        0.94384   1 137
        0.83333        0.95552   1 138
        0.83333        0.99493   1 139
        0.83333        0.99850   1 140
        0.83333        1.02218   1 141
        0.83333        1.02458   1 142
        0.83333        1.12125   1 143
        0.83333        1.12901   1 144
        0.83333        1.15965   1 145
        0.83333        1.16106   1 146
        0.83333        1.17787   1 147
        0.83333        1.17885   1 148
        0.83333        1.18415   1 149
        0.83333        1.18558   1 150
        0.83333        1.43839   1 151
        0.83333        1.48577   1 152
        0.87500       -0.87135   1   1
        0.87500       -0.86994   1   2
        0.87500       -0.86816   1   3
        0.87500       -0.86790   1   4
        0.87500       -0.83775   1   5
        0.87500       -0.83599   1   6
        0.87500       -0.80347   1   7
        0.87500       -0.79844   1   8
        0.87500       -0.77207   1   9
        0.87500       -0.75813   1  10
        0.87500       -0.74128   1  11
        0.87500       -0.73879   1  12
        0.87500       -0.73368   1  13
        0.87500       -0.71920   1  14
        0.87500       -0.69910   1  15
        0.87500       -0.69815   1  16
        0.87500       -0.67646   1  17
        0.87500       -0.67255   1  18
        0.87500       -0.65821   1  19
        0.87500       -0.65774   1  20
        0.87500       -0.64229   1  21
        0.87500       -0.63263   1  22
        0.87500       -0.62833   1  23
        0.87500       -0.62123   1  24
        0.87500       -0.59675   1  25
        0.87500       -0.56916   1  26
        0.87500       -0.55820   1  27
        0.87500       -0.52903   1  28
        0.87500       -0.52407   1  29
        0.87500       -0.50370   1  30
        0.87500       -0.50241   1  31
        0.87500       -0.49970   1  32
        0.87500       -0.48524   1  33
        0.87500       -0.48327   1  34
        0.87500       -0.48221   1  35
        0.87500       -0.47752   1  36
        0.87500       -0.47265   1  37
        0.87500       -0.47203   1  38
        0.87500       -0.46066   1  39
        0.87500       -0.45083   1  40
        0.87500       -0.35382   1  41
        0.87500       -0.34305   1  42
        0.87500       -0.33859   1  43
        0.87500       -0.31014   1  44
        0.87500       -0.30657   1  45
        0.87500       -0.30161   1  46
        0.87500       -0.29317   1  47
        0.87500       -0.28150   1  48
        0.87500       -0.27482   1  49
        0.87500       -0.26405   1  50
        0.87500       -0.21546   1  51
        0.87500       -0.19649   1  52
        0.87500       -0.07971   1  53
        0.87500       -0.04256   1  54
        0.87500       -0.02911   1  55
        0.87500       -0.02838   1  56
        0.87500        0.00065   1  57
        0.87500        0.04384   1  58
        0.87500        0.06582   1  59
        0.87500        0.09937   1  60
        0.87500        0.12357   1  61
        0.87500        0.13350   1  62
        0.87500        0.13914   1  63
        0.87500        0.14151   1  64
        0.87500        0.17486   1  65
        0.87500        0.18201   1  66
        0.87500        0.18807   1  67
        0.87500        0.19810   1  68
        0.87500        0.20212   1  69
        0.87500        0.22197   1  70
        0.87500        0.24278   1  71
        0.87500        0.26533   1  72
        0.87500        0.26665   1  73
        0.87500        0.27912   1  74
        0.87500        0.28530   1  75
        0.87500        0.29332   1  76
        0.87500        0.30571   1  77
        0.87500        0.30799   1  78
        0.87500        0.31333   1  79
        0.87500        0.33235   1  80
        0.87500        0.34936   1  81
        0.87500        0.35435   1  82
        0.87500        0.35450   1  83
        0.87500        0.35657   1  84
        0.87500        0.35792   1  85
        0.87500        0.36448   1  86
        0.87500        0.37939   1  87
        0.87500        0.38146   1  88
        0.87500        0.40382   1  89
        0.87500        0.41763   1  90
        0.87500        0.41790   1  91
        0.87500        0.42186   1  92
        0.87500        0.42875   1  93
        0.87500        0.43284   1  94
        0.87500        0.44576   1  95
        0.87500        0.45883   1  96
        0.87500        0.48107   1  97
        0.87500        0.48405   1  98
        0.87500        0.48923   1  99
        0.87500        0.49807   1 100
        0.87500        0.52091   1 101
        0.87500        0.52212   1 102
        0.87500        0.53088   1 103
        0.87500        0.54823   1 104
        0.87500        0.55599   1 105
        0.87500        0.56639   1 106
        0.87500        0.58965   1 107
        0.87500        0.59500   1 108
        0.87500        0.60173   1 109
        0.87500        0.60226   1 110
        0.87500        0.61532   1 111
        0.87500        0.61961   1 112
        0.87500        0.64145   1 113
        0.87500        0.65399   1 114
        0.87500        0.65494   1 115
        0.87500        0.66628   1 116
        0.87500        0.67126   1 117
        0.87500        0.67493   1 118
        0.87500        0.68068   1 119
        0.87500        0.68148   1 120
        0.87500        0.71644   1 121
        0.87500        0.72436   1 122
        0.87500        0.73811   1 123
        0.87500        0.75051   1 124
        0.87500        0.75358   1 125
        0.87500        0.75957   1 126
        0.87500        0.76626   1 127
        0.87500        0.77781   1 128
        0.87500        0.79961   1 129
        0.87500        0.80871   1 130
        0.87500        0.81606   1 131
        0.87500        0.83529   1 132
        0.87500        0.84783   1 133
        0.87500        0.88100   1 134
        0.87500        0.91088   1 135
        0.87500        0.91292   1 136
        0.87500        0.93227   1 137
        0.87500        0.93904   1 138
        0.87500        0.95118   1 139
        0.87500        0.95416   1 140
        0.87500        0.96555   1 141
        0.87500        0.97831   1 142
        0.87500        1.10950   1 143
        0.87500        1.11530   1 144
        0.87500        1.13712   1 145
        0.87500        1.13841   1 146
        0.87500        1.14554   1 147
        0.87500        1.14668   1 148
        0.87500        1.15084   1 149
        0.87500        1.15266   1 150
        0.87500        1.42993   1 151
        0.87500        1.47894   1 152
        0.91667       -0.87307   1   1
        0.91667       -0.87237   1   2
        0.91667       -0.87041   1   3
        0.91667       -0.87033   1   4
        0.91667       -0.82907   1   5
        0.91667       -0.82648   1   6
        0.91667       -0.81250   1   7
        0.91667       -0.80860   1   8
        0.91667       -0.76886   1   9
        0.91667       -0.75342   1  10
        0.91667       -0.74278   1  11
        0.91667       -0.74034   1  12
        0.91667       -0.73717   1  13
        0.91667       -0.72289   1  14
        0.91667       -0.70276   1  15
        0.91667       -0.70206   1  16
        0.91667       -0.67884   1  17
        0.91667       -0.67533   1  18
        0.91667       -0.65816   1  19
        0.91667       -0.65793   1  20
        0.91667       -0.63668   1  21
        0.91667       -0.63062   1  22
        0.91667       -0.62954   1  23
        0.91667       -0.61906   1  24
        0.91667       -0.60630   1  25
        0.91667       -0.57088   1  26
        0.91667       -0.55630   1  27
        0.91667       -0.52033   1  28
        0.91667       -0.51485   1  29
        0.91667       -0.50074   1  30
        0.91667       -0.49779   1  31
        0.91667       -0.49288   1  32
        0.91667       -0.48457   1  33
        0.91667       -0.48184   1  34
        0.91667       -0.47817   1  35
        0.91667       -0.47781   1  36
        0.91667       -0.47117   1  37
        0.91667       -0.46636   1  38
        0.91667       -0.46526   1  39
        0.91667       -0.46061   1  40
        0.91667       -0.34479   1  41
        0.91667       -0.33787   1  42
        0.91667       -0.32538   1  43
        0.91667       -0.30057   1  44
        0.91667       -0.29710   1  45
        0.91667       -0.29229   1  46
        0.91667       -0.28292   1  47
        0.91667       -0.27890   1  48
        0.91667       -0.27474   1  49
        0.91667       -0.26726   1  50
        0.91667       -0.21698   1  51
        0.91667       -0.20491   1  52
        0.91667       -0.04829   1  53
        0.91667       -0.01884   1  54
        0.91667       -0.01648   1  55
        0.91667       -0.01409   1  56
        0.91667        0.01585   1  57
        0.91667        0.04767   1  58
        0.91667        0.07058   1  59
        0.91667        0.09555   1  60
        0.91667        0.10243   1  61
        0.91667        0.14572   1  62
        0.91667        0.15737   1  63
        0.91667        0.15797   1  64
        0.91667        0.15961   1  65
        0.91667        0.18887   1  66
        0.91667        0.19403   1  67
        0.91667        0.19849   1  68
        0.91667        0.20049   1  69
        0.91667        0.20918   1  70
        0.91667        0.22653   1  71
        0.91667        0.25199   1  72
        0.91667        0.28263   1  73
        0.91667        0.29257   1  74
        0.91667        0.29289   1  75
        0.91667        0.32423   1  76
        0.91667        0.32549   1  77
        0.91667        0.32788   1  78
        0.91667        0.32957   1  79
        0.91667        0.34053   1  80
        0.91667        0.34311   1  81
        0.91667        0.34725   1  82
        0.91667        0.35793   1  83
        0.91667        0.36487   1  84
        0.91667        0.36909   1  85
        0.91667        0.38160   1  86
        0.91667        0.39300   1  87
        0.91667        0.39721   1  88
        0.91667        0.41032   1  89
        0.91667        0.41972   1  90
        0.91667        0.42490   1  91
        0.91667        0.43519   1  92
        0.91667        0.44733   1  93
        0.91667        0.44971   1  94
        0.91667        0.45578   1  95
        0.91667        0.46045   1  96
        0.91667        0.47229   1  97
        0.91667        0.47964   1  98
        0.91667        0.49814   1  99
        0.91667        0.50713   1 100
        0.91667        0.51240   1 101
        0.91667        0.53377   1 102
        0.91667        0.53430   1 103
        0.91667        0.54329   1 104
        0.91667        0.54873   1 105
        0.91667        0.55634   1 106
        0.91667        0.56301   1 107
        0.91667        0.56343   1 108
        0.91667        0.56431   1 109
        0.91667        0.57321   1 110
        0.91667        0.62818   1 111
        0.91667        0.62898   1 112
        0.91667        0.63267   1 113
        0.91667        0.63404   1 114
        0.91667        0.63537   1 115
        0.91667        0.65022   1 116
        0.91667        0.66485   1 117
        0.91667        0.66573   1 118
        0.91667        0.67006   1 119
        0.91667        0.67136   1 120
        0.91667        0.68718   1 121
        0.91667        0.70290   1 122
        0.91667        0.70408   1 123
        0.91667        0.71468   1 124
        0.91667        0.71863   1 125
        0.91667        0.72149   1 126
        0.91667        0.74040   1 127
        0.91667        0.75494   1 128
        0.91667        0.78344   1 129
        0.91667        0.78527   1 130
        0.91667        0.79312   1 131
        0.91667        0.80138   1 132
        0.91667        0.84319   1 133
        0.91667        0.86192   1 134
        0.91667        0.88757   1 135
        0.91667        0.88902   1 136
        0.91667        0.89203   1 137
        0.91667        0.91629   1 138
        0.91667        0.92023   1 139
        0.91667        0.92257   1 140
        0.91667        0.97978   1 141
        0.91667        0.98490   1 142
        0.91667        1.08214   1 143
        0.91667        1.08987   1 144
        0.91667        1.11310   1 145
        0.91667        1.11441   1 146
        0.91667        1.12971   1 147
        0.91667        1.13138   1 148
        0.91667        1.13140   1 149
        0.91667        1.13255   1 150
        0.91667        1.42572   1 151
        0.91667        1.47561   1 152
        0.95833       -0.87493   1   1
        0.95833       -0.87470   1   2
        0.95833       -0.87261   1   3
        0.95833       -0.87252   1   4
        0.95833       -0.82275   1   5
        0.95833       -0.81966   1   6
        0.95833       -0.81837   1   7
        0.95833       -0.81496   1   8
        0.95833       -0.76397   1   9
        0.95833       -0.74617   1  10
        0.95833       -0.74291   1  11
        0.95833       -0.74086   1  12
        0.95833       -0.74056   1  13
        0.95833       -0.72858   1  14
        0.95833       -0.70583   1  15
        0.95833       -0.70525   1  16
        0.95833       -0.68081   1  17
        0.95833       -0.67731   1  18
        0.95833       -0.65806   1  19
        0.95833       -0.65785   1  20
        0.95833       -0.63278   1  21
        0.95833       -0.63049   1  22
        0.95833       -0.62743   1  23
        0.95833       -0.61817   1  24
        0.95833       -0.61403   1  25
        0.95833       -0.57210   1  26
        0.95833       -0.55608   1  27
        0.95833       -0.51707   1  28
        0.95833       -0.50534   1  29
        0.95833       -0.49958   1  30
        0.95833       -0.49120   1  31
        0.95833       -0.48700   1  32
        0.95833       -0.48445   1  33
        0.95833       -0.48021   1  34
        0.95833       -0.47992   1  35
        0.95833       -0.47536   1  36
        0.95833       -0.47132   1  37
        0.95833       -0.46908   1  38
        0.95833       -0.46766   1  39
        0.95833       -0.46199   1  40
        0.95833       -0.33819   1  41
        0.95833       -0.33424   1  42
        0.95833       -0.31966   1  43
        0.95833       -0.28835   1  44
        0.95833       -0.28770   1  45
        0.95833       -0.28534   1  46
        0.95833       -0.28079   1  47
        0.95833       -0.27531   1  48
        0.95833       -0.27062   1  49
        0.95833       -0.26941   1  50
        0.95833       -0.22029   1  51
        0.95833       -0.21501   1  52
        0.95833       -0.02993   1  53
        0.95833       -0.01363   1  54
        0.95833       -0.00644   1  55
        0.95833        0.01510   1  56
        0.95833        0.02150   1  57
        0.95833        0.03895   1  58
        0.95833        0.06602   1  59
        0.95833        0.09842   1  60
        0.95833        0.11233   1  61
        0.95833        0.12749   1  62
        0.95833        0.14084   1  63
        0.95833        0.16083   1  64
        0.95833        0.16894   1  65
        0.95833        0.17340   1  66
        0.95833        0.21015   1  67
        0.95833        0.21150   1  68
        0.95833        0.21211   1  69
        0.95833        0.21361   1  70
        0.95833        0.22442   1  71
        0.95833        0.23482   1  72
        0.95833        0.27621   1  73
        0.95833        0.29729   1  74
        0.95833        0.30997   1  75
        0.95833        0.33852   1  76
        0.95833        0.34080   1  77
        0.95833        0.34157   1  78
        0.95833        0.34167   1  79
        0.95833        0.35186   1  80
        0.95833        0.35250   1  81
        0.95833        0.35850   1  82
        0.95833        0.35874   1  83
        0.95833        0.36514   1  84
        0.95833        0.37767   1  85
        0.95833        0.39738   1  86
        0.95833        0.39980   1  87
        0.95833        0.40049   1  88
        0.95833        0.40644   1  89
        0.95833        0.40795   1  90
        0.95833        0.40826   1  91
        0.95833        0.44072   1  92
        0.95833        0.45731   1  93
        0.95833        0.46170   1  94
        0.95833        0.46950   1  95
        0.95833        0.47192   1  96
        0.95833        0.48158   1  97
        0.95833        0.48810   1  98
        0.95833        0.50212   1  99
        0.95833        0.50560   1 100
        0.95833        0.51294   1 101
        0.95833        0.52265   1 102
        0.95833        0.54152   1 103
        0.95833        0.54231   1 104
        0.95833        0.54605   1 105
        0.95833        0.55209   1 106
        0.95833        0.55463   1 107
        0.95833        0.55527   1 108
        0.95833        0.55945   1 109
        0.95833        0.57442   1 110
        0.95833        0.59638   1 111
        0.95833        0.60543   1 112
        0.95833        0.60630   1 113
        0.95833        0.60836   1 114
        0.95833        0.62837   1 115
        0.95833        0.63552   1 116
        0.95833        0.64464   1 117
        0.95833        0.65469   1 118
        0.95833        0.65813   1 119
        0.95833        0.66336   1 120
        0.95833        0.68142   1 121
        0.95833        0.68506   1 122
        0.95833        0.69428   1 123
        0.95833        0.69739   1 124
        0.95833        0.72060   1 125
        0.95833        0.72690   1 126
        0.95833        0.73035   1 127
        0.95833        0.73253   1 128
        0.95833        0.75195   1 129
        0.95833        0.76297   1 130
        0.95833        0.78176   1 131
        0.95833        0.79708   1 132
        0.95833        0.81523   1 133
        0.95833        0.83586   1 134
        0.95833        0.88307   1 135
        0.95833        0.88686   1 136
        0.95833        0.89271   1 137
        0.95833        0.89984   1 138
        0.95833        0.90138   1 139
        0.95833        0.92118   1 140
        0.95833        0.97312   1 141
        0.95833        0.97787   1 142
        0.95833        1.07233   1 143
        0.95833        1.08074   1 144
        0.95833        1.09707   1 145
        0.95833        1.09875   1 146
        0.95833        1.11187   1 147
        0.95833        1.11387   1 148
        0.95833        1.12513   1 149
        0.95833        1.12600   1 150
        0.95833        1.42474   1 151
        0.95833        1.47505   1 152
        1.00000       -0.87572   1   1
        1.00000       -0.87560   1   2
        1.00000       -0.87347   1   3
        1.00000       -0.87339   1   4
        1.00000       -0.82073   1   5
        1.00000       -0.82010   1   6
        1.00000       -0.81748   1   7
        1.00000       -0.81683   1   8
        1.00000       -0.76136   1   9
        1.00000       -0.74283   1  10
        1.00000       -0.74280   1  11
        1.00000       -0.74054   1  12
        1.00000       -0.74053   1  13
        1.00000       -0.73354   1  14
        1.00000       -0.70706   1  15
        1.00000       -0.70651   1  16
        1.00000       -0.68154   1  17
        1.00000       -0.67804   1  18
        1.00000       -0.65803   1  19
        1.00000       -0.65777   1  20
        1.00000       -0.63164   1  21
        1.00000       -0.63046   1  22
        1.00000       -0.62520   1  23
        1.00000       -0.61802   1  24
        1.00000       -0.61790   1  25
        1.00000       -0.57254   1  26
        1.00000       -0.55616   1  27
        1.00000       -0.51654   1  28
        1.00000       -0.49979   1  29
        1.00000       -0.49867   1  30
        1.00000       -0.48997   1  31
        1.00000       -0.48494   1  32
        1.00000       -0.48437   1  33
        1.00000       -0.48139   1  34
        1.00000       -0.47802   1  35
        1.00000       -0.47533   1  36
        1.00000       -0.47349   1  37
        1.00000       -0.47001   1  38
        1.00000       -0.46908   1  39
        1.00000       -0.46054   1  40
        1.00000       -0.33596   1  41
        1.00000       -0.33252   1  42
        1.00000       -0.31853   1  43
        1.00000       -0.28542   1  44
        1.00000       -0.28269   1  45
        1.00000       -0.28232   1  46
        1.00000       -0.27898   1  47
        1.00000       -0.27526   1  48
        1.00000       -0.27024   1  49
        1.00000       -0.26622   1  50
        1.00000       -0.22330   1  51
        1.00000       -0.21968   1  52
        1.00000       -0.02611   1  53
        1.00000       -0.01228   1  54
        1.00000       -0.00183   1  55
        1.00000        0.02259   1  56
        1.00000        0.03677   1  57
        1.00000        0.04125   1  58
        1.00000        0.04573   1  59
        1.00000        0.11380   1  60
        1.00000        0.11630   1  61
        1.00000        0.11921   1  62
        1.00000        0.13242   1  63
        1.00000        0.15103   1  64
        1.00000        0.16209   1  65
        1.00000        0.17288   1  66
        1.00000        0.21938   1  67
        1.00000        0.22215   1  68
        1.00000        0.22234   1  69
        1.00000        0.22241   1  70
        1.00000        0.22260   1  71
        1.00000        0.22564   1  72
        1.00000        0.26703   1  73
        1.00000        0.29536   1  74
        1.00000        0.32815   1  75
        1.00000        0.33730   1  76
        1.00000        0.33900   1  77
        1.00000        0.33931   1  78
        1.00000        0.35069   1  79
        1.00000        0.35074   1  80
        1.00000        0.35393   1  81
        1.00000        0.35496   1  82
        1.00000        0.36744   1  83
        1.00000        0.36787   1  84
        1.00000        0.37164   1  85
        1.00000        0.39583   1  86
        1.00000        0.39595   1  87
        1.00000        0.40087   1  88
        1.00000        0.43093   1  89
        1.00000        0.43095   1  90
        1.00000        0.43759   1  91
        1.00000        0.43869   1  92
        1.00000        0.43869   1  93
        1.00000        0.44377   1  94
        1.00000        0.46055   1  95
        1.00000        0.46157   1  96
        1.00000        0.48637   1  97
        1.00000        0.48689   1  98
        1.00000        0.49710   1  99
        1.00000        0.49763   1 100
        1.00000        0.51882   1 101
        1.00000        0.52839   1 102
        1.00000        0.53996   1 103
        1.00000        0.54664   1 104
        1.00000        0.54990   1 105
        1.00000        0.55715   1 106
        1.00000        0.57749   1 107
        1.00000        0.57763   1 108
        1.00000        0.58309   1 109
        1.00000        0.58438   1 110
        1.00000        0.58464   1 111
        1.00000        0.58906   1 112
        1.00000        0.59809   1 113
        1.00000        0.59810   1 114
        1.00000        0.60859   1 115
        1.00000        0.61034   1 116
        1.00000        0.61037   1 117
        1.00000        0.61722   1 118
        1.00000        0.62762   1 119
        1.00000        0.63542   1 120
        1.00000        0.70873   1 121
        1.00000        0.70934   1 122
        1.00000        0.72195   1 123
        1.00000        0.72217   1 124
        1.00000        0.72668   1 125
        1.00000        0.73110   1 126
        1.00000        0.73112   1 127
        1.00000        0.73342   1 128
        1.00000        0.73348   1 129
        1.00000        0.74116   1 130
        1.00000        0.74752   1 131
        1.00000        0.74766   1 132
        1.00000        0.83912   1 133
        1.00000        0.87564   1 134
        1.00000        0.88254   1 135
        1.00000        0.88255   1 136
        1.00000        0.88691   1 137
        1.00000        0.88698   1 138
        1.00000        0.89187   1 139
        1.00000        0.89252   1 140
        1.00000        0.96288   1 141
        1.00000        0.97808   1 142
        1.00000        1.08864   1 143
        1.00000        1.09173   1 144
        1.00000        1.09176   1 145
        1.00000        1.09362   1 146
        1.00000        1.09365   1 147
        1.00000        1.09544   1 148
        1.00000        1.12328   1 149
        1.00000        1.12399   1 150
        1.00000        1.42490   1 151
        1.00000        1.47534   1 152
        1.00000       -0.87572   1   1
        1.00000       -0.87560   1   2
        1.00000       -0.87347   1   3
        1.00000       -0.87339   1   4
        1.00000       -0.82073   1   5
        1.00000       -0.82010   1   6
        1.00000       -0.81748   1   7
        1.00000       -0.81683   1   8
        1.00000       -0.76136   1   9
        1.00000       -0.74283   1  10
        1.00000       -0.74280   1  11
        1.00000       -0.74054   1  12
        1.00000       -0.74053   1  13
        1.00000       -0.73354   1  14
        1.00000       -0.70706   1  15
        1.00000       -0.70651   1  16
        1.00000       -0.68154   1  17
        1.00000       -0.67804   1  18
        1.00000       -0.65803   1  19
        1.00000       -0.65777   1  20
        1.00000       -0.63164   1  21
        1.00000       -0.63046   1  22
        1.00000       -0.62520   1  23
        1.00000       -0.61802   1  24
        1.00000       -0.61790   1  25
        1.00000       -0.57254   1  26
        1.00000       -0.55616   1  27
        1.00000       -0.51654   1  28
        1.00000       -0.49979   1  29
        1.00000       -0.49867   1  30
        1.00000       -0.48997   1  31
        1.00000       -0.48494   1  32
        1.00000       -0.48437   1  33
        1.00000       -0.48139   1  34
        1.00000       -0.47802   1  35
        1.00000       -0.47533   1  36
        1.00000       -0.47349   1  37
        1.00000       -0.47001   1  38
        1.00000       -0.46908   1  39
        1.00000       -0.46054   1  40
        1.00000       -0.33596   1  41
        1.00000       -0.33252   1  42
        1.00000       -0.31853   1  43
        1.00000       -0.28542   1  44
        1.00000       -0.28269   1  45
        1.00000       -0.28232   1  46
        1.00000       -0.27898   1  47
        1.00000       -0.27526   1  48
        1.00000       -0.27024   1  49
        1.00000       -0.26622   1  50
        1.00000       -0.22330   1  51
        1.00000       -0.21968   1  52
        1.00000       -0.02611   1  53
        1.00000       -0.01228   1  54
        1.00000       -0.00183   1  55
        1.00000        0.02259   1  56
        1.00000        0.03677   1  57
        1.00000        0.04125   1  58
        1.00000        0.04573   1  59
        1.00000        0.11380   1  60
        1.00000        0.11630   1  61
        1.00000        0.11921   1  62
        1.00000        0.13242   1  63
        1.00000        0.15103   1  64
        1.00000        0.16209   1  65
        1.00000        0.17288   1  66
        1.00000        0.21938   1  67
        1.00000        0.22215   1  68
        1.00000        0.22234   1  69
        1.00000        0.22241   1  70
        1.00000        0.22260   1  71
        1.00000        0.22564   1  72
        1.00000        0.26703   1  73
        1.00000        0.29536   1  74
        1.00000        0.32815   1  75
        1.00000        0.33730   1  76
        1.00000        0.33900   1  77
        1.00000        0.33931   1  78
        1.00000        0.35069   1  79
        1.00000        0.35074   1  80
        1.00000        0.35393   1  81
        1.00000        0.35496   1  82
        1.00000        0.36744   1  83
        1.00000        0.36787   1  84
        1.00000        0.37164   1  85
        1.00000        0.39583   1  86
        1.00000        0.39595   1  87
        1.00000        0.40087   1  88
        1.00000        0.43093   1  89
        1.00000        0.43095   1  90
        1.00000        0.43759   1  91
        1.00000        0.43869   1  92
        1.00000        0.43869   1  93
        1.00000        0.44377   1  94
        1.00000        0.46055   1  95
        1.00000        0.46157   1  96
        1.00000        0.48637   1  97
        1.00000        0.48689   1  98
        1.00000        0.49710   1  99
        1.00000        0.49763   1 100
        1.00000        0.51882   1 101
        1.00000        0.52839   1 102
        1.00000        0.53996   1 103
        1.00000        0.54664   1 104
        1.00000        0.54990   1 105
        1.00000        0.55715   1 106
        1.00000        0.57749   1 107
        1.00000        0.57763   1 108
        1.00000        0.58309   1 109
        1.00000        0.58438   1 110
        1.00000        0.58464   1 111
        1.00000        0.58906   1 112
        1.00000        0.59809   1 113
        1.00000        0.59810   1 114
        1.00000        0.60859   1 115
        1.00000        0.61034   1 116
        1.00000        0.61037   1 117
        1.00000        0.61722   1 118
        1.00000        0.62762   1 119
        1.00000        0.63542   1 120
        1.00000        0.70873   1 121
        1.00000        0.70934   1 122
        1.00000        0.72195   1 123
        1.00000        0.72217   1 124
        1.00000        0.72668   1 125
        1.00000        0.73110   1 126
        1.00000        0.73112   1 127
        1.00000        0.73342   1 128
        1.00000        0.73348   1 129
        1.00000        0.74116   1 130
        1.00000        0.74752   1 131
        1.00000        0.74766   1 132
        1.00000        0.83912   1 133
        1.00000        0.87564   1 134
        1.00000        0.88254   1 135
        1.00000        0.88255   1 136
        1.00000        0.88691   1 137
        1.00000        0.88698   1 138
        1.00000        0.89187   1 139
        1.00000        0.89252   1 140
        1.00000        0.96288   1 141
        1.00000        0.97808   1 142
        1.00000        1.08864   1 143
        1.00000        1.09173   1 144
        1.00000        1.09176   1 145
        1.00000        1.09362   1 146
        1.00000        1.09365   1 147
        1.00000        1.09544   1 148
        1.00000        1.12328   1 149
        1.00000        1.12399   1 150
        1.00000        1.42490   1 151
        1.00000        1.47534   1 152
        1.03928       -0.87515   1   1
        1.03928       -0.87461   1   2
        1.03928       -0.87289   1   3
        1.03928       -0.87237   1   4
        1.03928       -0.82165   1   5
        1.03928       -0.81943   1   6
        1.03928       -0.81845   1   7
        1.03928       -0.81615   1   8
        1.03928       -0.76388   1   9
        1.03928       -0.74643   1  10
        1.03928       -0.74205   1  11
        1.03928       -0.74178   1  12
        1.03928       -0.73976   1  13
        1.03928       -0.72911   1  14
        1.03928       -0.70597   1  15
        1.03928       -0.70539   1  16
        1.03928       -0.68093   1  17
        1.03928       -0.67736   1  18
        1.03928       -0.65805   1  19
        1.03928       -0.65783   1  20
        1.03928       -0.63228   1  21
        1.03928       -0.63091   1  22
        1.03928       -0.62723   1  23
        1.03928       -0.61784   1  24
        1.03928       -0.61468   1  25
        1.03928       -0.57222   1  26
        1.03928       -0.55602   1  27
        1.03928       -0.51695   1  28
        1.03928       -0.50342   1  29
        1.03928       -0.50153   1  30
        1.03928       -0.49075   1  31
        1.03928       -0.48640   1  32
        1.03928       -0.48482   1  33
        1.03928       -0.48022   1  34
        1.03928       -0.47970   1  35
        1.03928       -0.47464   1  36
        1.03928       -0.47161   1  37
        1.03928       -0.46915   1  38
        1.03928       -0.46841   1  39
        1.03928       -0.46170   1  40
        1.03928       -0.33785   1  41
        1.03928       -0.33420   1  42
        1.03928       -0.31942   1  43
        1.03928       -0.29448   1  44
        1.03928       -0.28769   1  45
        1.03928       -0.28080   1  46
        1.03928       -0.27840   1  47
        1.03928       -0.27513   1  48
        1.03928       -0.27013   1  49
        1.03928       -0.26807   1  50
        1.03928       -0.22724   1  51
        1.03928       -0.20949   1  52
        1.03928       -0.03135   1  53
        1.03928       -0.01357   1  54
        1.03928       -0.00724   1  55
        1.03928        0.02116   1  56
        1.03928        0.02126   1  57
        1.03928        0.04119   1  58
        1.03928        0.06095   1  59
        1.03928        0.09618   1  60
        1.03928        0.11953   1  61
        1.03928        0.12445   1  62
        1.03928        0.14131   1  63
        1.03928        0.15987   1  64
        1.03928        0.16921   1  65
        1.03928        0.17019   1  66
        1.03928        0.20268   1  67
        1.03928        0.20600   1  68
        1.03928        0.22381   1  69
        1.03928        0.22386   1  70
        1.03928        0.22413   1  71
        1.03928        0.23304   1  72
        1.03928        0.27343   1  73
        1.03928        0.29571   1  74
        1.03928        0.30798   1  75
        1.03928        0.33777   1  76
        1.03928        0.33906   1  77
        1.03928        0.33986   1  78
        1.03928        0.34530   1  79
        1.03928        0.34831   1  80
        1.03928        0.34997   1  81
        1.03928        0.36266   1  82
        1.03928        0.36293   1  83
        1.03928        0.36822   1  84
        1.03928        0.37703   1  85
        1.03928        0.38384   1  86
        1.03928        0.39684   1  87
        1.03928        0.39798   1  88
        1.03928        0.40671   1  89
        1.03928        0.43261   1  90
        1.03928        0.44040   1  91
        1.03928        0.44069   1  92
        1.03928        0.44606   1  93
        1.03928        0.45116   1  94
        1.03928        0.45182   1  95
        1.03928        0.45983   1  96
        1.03928        0.48794   1  97
        1.03928        0.49501   1  98
        1.03928        0.49875   1  99
        1.03928        0.50341   1 100
        1.03928        0.51533   1 101
        1.03928        0.52234   1 102
        1.03928        0.53453   1 103
        1.03928        0.54683   1 104
        1.03928        0.54694   1 105
        1.03928        0.55434   1 106
        1.03928        0.55631   1 107
        1.03928        0.56715   1 108
        1.03928        0.57900   1 109
        1.03928        0.58583   1 110
        1.03928        0.58837   1 111
        1.03928        0.59594   1 112
        1.03928        0.59933   1 113
        1.03928        0.60806   1 114
        1.03928        0.61172   1 115
        1.03928        0.61401   1 116
        1.03928        0.65049   1 117
        1.03928        0.65580   1 118
        1.03928        0.65703   1 119
        1.03928        0.66021   1 120
        1.03928        0.67669   1 121
        1.03928        0.69223   1 122
        1.03928        0.69474   1 123
        1.03928        0.70414   1 124
        1.03928        0.72265   1 125
        1.03928        0.73116   1 126
        1.03928        0.73499   1 127
        1.03928        0.74703   1 128
        1.03928        0.74978   1 129
        1.03928        0.75013   1 130
        1.03928        0.77340   1 131
        1.03928        0.78954   1 132
        1.03928        0.81648   1 133
        1.03928        0.83751   1 134
        1.03928        0.88502   1 135
        1.03928        0.88927   1 136
        1.03928        0.89093   1 137
        1.03928        0.89970   1 138
        1.03928        0.90005   1 139
        1.03928        0.91891   1 140
        1.03928        0.97183   1 141
        1.03928        0.97788   1 142
        1.03928        1.07473   1 143
        1.03928        1.08271   1 144
        1.03928        1.09426   1 145
        1.03928        1.09613   1 146
        1.03928        1.11119   1 147
        1.03928        1.11315   1 148
        1.03928        1.12503   1 149
        1.03928        1.12589   1 150
        1.03928        1.42478   1 151
        1.03928        1.47512   1 152
        1.07857       -0.87358   1   1
        1.07857       -0.87147   1   2
        1.07857       -0.87123   1   3
        1.07857       -0.86922   1   4
        1.07857       -0.82485   1   5
        1.07857       -0.82175   1   6
        1.07857       -0.81664   1   7
        1.07857       -0.81334   1   8
        1.07857       -0.77015   1   9
        1.07857       -0.75574   1  10
        1.07857       -0.73980   1  11
        1.07857       -0.73975   1  12
        1.07857       -0.73745   1  13
        1.07857       -0.72425   1  14
        1.07857       -0.70324   1  15
        1.07857       -0.70242   1  16
        1.07857       -0.67959   1  17
        1.07857       -0.67521   1  18
        1.07857       -0.65798   1  19
        1.07857       -0.65777   1  20
        1.07857       -0.63433   1  21
        1.07857       -0.63168   1  22
        1.07857       -0.63022   1  23
        1.07857       -0.61755   1  24
        1.07857       -0.60853   1  25
        1.07857       -0.57240   1  26
        1.07857       -0.55509   1  27
        1.07857       -0.51840   1  28
        1.07857       -0.51067   1  29
        1.07857       -0.50777   1  30
        1.07857       -0.49739   1  31
        1.07857       -0.49071   1  32
        1.07857       -0.48601   1  33
        1.07857       -0.48253   1  34
        1.07857       -0.47463   1  35
        1.07857       -0.47436   1  36
        1.07857       -0.47041   1  37
        1.07857       -0.46754   1  38
        1.07857       -0.46504   1  39
        1.07857       -0.46374   1  40
        1.07857       -0.34351   1  41
        1.07857       -0.33824   1  42
        1.07857       -0.32257   1  43
        1.07857       -0.32044   1  44
        1.07857       -0.30396   1  45
        1.07857       -0.28193   1  46
        1.07857       -0.27338   1  47
        1.07857       -0.27061   1  48
        1.07857       -0.26890   1  49
        1.07857       -0.26250   1  50
        1.07857       -0.24031   1  51
        1.07857       -0.18518   1  52
        1.07857       -0.06284   1  53
        1.07857       -0.01964   1  54
        1.07857       -0.01801   1  55
        1.07857        0.01070   1  56
        1.07857        0.01980   1  57
        1.07857        0.04756   1  58
        1.07857        0.07182   1  59
        1.07857        0.07349   1  60
        1.07857        0.12559   1  61
        1.07857        0.13729   1  62
        1.07857        0.15631   1  63
        1.07857        0.15999   1  64
        1.07857        0.16700   1  65
        1.07857        0.17611   1  66
        1.07857        0.18409   1  67
        1.07857        0.18692   1  68
        1.07857        0.22363   1  69
        1.07857        0.22824   1  70
        1.07857        0.22854   1  71
        1.07857        0.25212   1  72
        1.07857        0.27181   1  73
        1.07857        0.27886   1  74
        1.07857        0.28892   1  75
        1.07857        0.30018   1  76
        1.07857        0.30709   1  77
        1.07857        0.33085   1  78
        1.07857        0.33846   1  79
        1.07857        0.34393   1  80
        1.07857        0.34763   1  81
        1.07857        0.36370   1  82
        1.07857        0.36488   1  83
        1.07857        0.37006   1  84
        1.07857        0.37108   1  85
        1.07857        0.38604   1  86
        1.07857        0.39984   1  87
        1.07857        0.40124   1  88
        1.07857        0.41078   1  89
        1.07857        0.42274   1  90
        1.07857        0.43099   1  91
        1.07857        0.43675   1  92
        1.07857        0.43791   1  93
        1.07857        0.44582   1  94
        1.07857        0.46910   1  95
        1.07857        0.47172   1  96
        1.07857        0.47419   1  97
        1.07857        0.48779   1  98
        1.07857        0.49176   1  99
        1.07857        0.50271   1 100
        1.07857        0.50381   1 101
        1.07857        0.52458   1 102
        1.07857        0.53121   1 103
        1.07857        0.54754   1 104
        1.07857        0.55462   1 105
        1.07857        0.56129   1 106
        1.07857        0.57071   1 107
        1.07857        0.57926   1 108
        1.07857        0.58307   1 109
        1.07857        0.58965   1 110
        1.07857        0.60225   1 111
        1.07857        0.60339   1 112
        1.07857        0.60737   1 113
        1.07857        0.61579   1 114
        1.07857        0.63656   1 115
        1.07857        0.64241   1 116
        1.07857        0.64285   1 117
        1.07857        0.65362   1 118
        1.07857        0.65589   1 119
        1.07857        0.66582   1 120
        1.07857        0.69956   1 121
        1.07857        0.70442   1 122
        1.07857        0.72323   1 123
        1.07857        0.72768   1 124
        1.07857        0.73113   1 125
        1.07857        0.73932   1 126
        1.07857        0.74094   1 127
        1.07857        0.75528   1 128
        1.07857        0.77935   1 129
        1.07857        0.79463   1 130
        1.07857        0.79557   1 131
        1.07857        0.79602   1 132
        1.07857        0.80532   1 133
        1.07857        0.82587   1 134
        1.07857        0.88964   1 135
        1.07857        0.89126   1 136
        1.07857        0.89577   1 137
        1.07857        0.90937   1 138
        1.07857        0.91842   1 139
        1.07857        0.93556   1 140
        1.07857        0.98846   1 141
        1.07857        0.98910   1 142
        1.07857        1.08229   1 143
        1.07857        1.09054   1 144
        1.07857        1.10082   1 145
        1.07857        1.10270   1 146
        1.07857        1.12807   1 147
        1.07857        1.12976   1 148
        1.07857        1.13394   1 149
        1.07857        1.13479   1 150
        1.07857        1.42602   1 151
        1.07857        1.47606   1 152
        1.11785       -0.87085   1   1
        1.11785       -0.86832   1   2
        1.11785       -0.86627   1   3
        1.11785       -0.86398   1   4
        1.11785       -0.82917   1   5
        1.11785       -0.82622   1   6
        1.11785       -0.81198   1   7
        1.11785       -0.80867   1   8
        1.11785       -0.77832   1   9
        1.11785       -0.76571   1  10
        1.11785       -0.73836   1  11
        1.11785       -0.73596   1  12
        1.11785       -0.73367   1  13
        1.11785       -0.72200   1  14
        1.11785       -0.70006   1  15
        1.11785       -0.69823   1  16
        1.11785       -0.67841   1  17
        1.11785       -0.67170   1  18
        1.11785       -0.65736   1  19
        1.11785       -0.65705   1  20
        1.11785       -0.63721   1  21
        1.11785       -0.63281   1  22
        1.11785       -0.63258   1  23
        1.11785       -0.61708   1  24
        1.11785       -0.60166   1  25
        1.11785       -0.57635   1  26
        1.11785       -0.55174   1  27
        1.11785       -0.52199   1  28
        1.11785       -0.51847   1  29
        1.11785       -0.51525   1  30
        1.11785       -0.50835   1  31
        1.11785       -0.49585   1  32
        1.11785       -0.48826   1  33
        1.11785       -0.48419   1  34
        1.11785       -0.47440   1  35
        1.11785       -0.47044   1  36
        1.11785       -0.46909   1  37
        1.11785       -0.46568   1  38
        1.11785       -0.46521   1  39
        1.11785       -0.46113   1  40
        1.11785       -0.35399   1  41
        1.11785       -0.35111   1  42
        1.11785       -0.34368   1  43
        1.11785       -0.32821   1  44
        1.11785       -0.32096   1  45
        1.11785       -0.28489   1  46
        1.11785       -0.27260   1  47
        1.11785       -0.27088   1  48
        1.11785       -0.26853   1  49
        1.11785       -0.25230   1  50
        1.11785       -0.23973   1  51
        1.11785       -0.15622   1  52
        1.11785       -0.10761   1  53
        1.11785       -0.03428   1  54
        1.11785       -0.03312   1  55
        1.11785       -0.01696   1  56
        1.11785        0.02213   1  57
        1.11785        0.05828   1  58
        1.11785        0.06536   1  59
        1.11785        0.08025   1  60
        1.11785        0.12802   1  61
        1.11785        0.13585   1  62
        1.11785        0.14462   1  63
        1.11785        0.15828   1  64
        1.11785        0.16524   1  65
        1.11785        0.16781   1  66
        1.11785        0.18254   1  67
        1.11785        0.21062   1  68
        1.11785        0.21171   1  69
        1.11785        0.23479   1  70
        1.11785        0.23514   1  71
        1.11785        0.24187   1  72
        1.11785        0.24259   1  73
        1.11785        0.25368   1  74
        1.11785        0.28203   1  75
        1.11785        0.28613   1  76
        1.11785        0.28892   1  77
        1.11785        0.31911   1  78
        1.11785        0.32003   1  79
        1.11785        0.33641   1  80
        1.11785        0.33662   1  81
        1.11785        0.34364   1  82
        1.11785        0.36604   1  83
        1.11785        0.37222   1  84
        1.11785        0.37407   1  85
        1.11785        0.38039   1  86
        1.11785        0.38152   1  87
        1.11785        0.38810   1  88
        1.11785        0.40459   1  89
        1.11785        0.40673   1  90
        1.11785        0.41627   1  91
        1.11785        0.44207   1  92
        1.11785        0.44645   1  93
        1.11785        0.45463   1  94
        1.11785        0.47112   1  95
        1.11785        0.47393   1  96
        1.11785        0.47763   1  97
        1.11785        0.49755   1  98
        1.11785        0.50679   1  99
        1.11785        0.50889   1 100
        1.11785        0.51094   1 101
        1.11785        0.51836   1 102
        1.11785        0.53261   1 103
        1.11785        0.53922   1 104
        1.11785        0.56013   1 105
        1.11785        0.57037   1 106
        1.11785        0.57355   1 107
        1.11785        0.58065   1 108
        1.11785        0.58913   1 109
        1.11785        0.59541   1 110
        1.11785        0.61046   1 111
        1.11785        0.62215   1 112
        1.11785        0.62308   1 113
        1.11785        0.62760   1 114
        1.11785        0.63244   1 115
        1.11785        0.64026   1 116
        1.11785        0.66949   1 117
        1.11785        0.67424   1 118
        1.11785        0.67644   1 119
        1.11785        0.69024   1 120
        1.11785        0.72328   1 121
        1.11785        0.72955   1 122
        1.11785        0.73091   1 123
        1.11785        0.73837   1 124
        1.11785        0.74619   1 125
        1.11785        0.76308   1 126
        1.11785        0.76464   1 127
        1.11785        0.77149   1 128
        1.11785        0.78769   1 129
        1.11785        0.80401   1 130
        1.11785        0.80807   1 131
        1.11785        0.82042   1 132
        1.11785        0.86853   1 133
        1.11785        0.88342   1 134
        1.11785        0.89895   1 135
        1.11785        0.89949   1 136
        1.11785        0.90417   1 137
        1.11785        0.91413   1 138
        1.11785        0.93308   1 139
        1.11785        0.94333   1 140
        1.11785        1.01550   1 141
        1.11785        1.01927   1 142
        1.11785        1.10110   1 143
        1.11785        1.10845   1 144
        1.11785        1.11002   1 145
        1.11785        1.11194   1 146
        1.11785        1.15055   1 147
        1.11785        1.15192   1 148
        1.11785        1.15330   1 149
        1.11785        1.15435   1 150
        1.11785        1.43143   1 151
        1.11785        1.48068   1 152
        1.15713       -0.86681   1   1
        1.15713       -0.86401   1   2
        1.15713       -0.85905   1   3
        1.15713       -0.85671   1   4
        1.15713       -0.83345   1   5
        1.15713       -0.83073   1   6
        1.15713       -0.80557   1   7
        1.15713       -0.80221   1   8
        1.15713       -0.78715   1   9
        1.15713       -0.77556   1  10
        1.15713       -0.73849   1  11
        1.15713       -0.73080   1  12
        1.15713       -0.72849   1  13
        1.15713       -0.72331   1  14
        1.15713       -0.69744   1  15
        1.15713       -0.69323   1  16
        1.15713       -0.67861   1  17
        1.15713       -0.66737   1  18
        1.15713       -0.65572   1  19
        1.15713       -0.65536   1  20
        1.15713       -0.64030   1  21
        1.15713       -0.63448   1  22
        1.15713       -0.63339   1  23
        1.15713       -0.61640   1  24
        1.15713       -0.59503   1  25
        1.15713       -0.58686   1  26
        1.15713       -0.54532   1  27
        1.15713       -0.52947   1  28
        1.15713       -0.52652   1  29
        1.15713       -0.52169   1  30
        1.15713       -0.52003   1  31
        1.15713       -0.49972   1  32
        1.15713       -0.49150   1  33
        1.15713       -0.48535   1  34
        1.15713       -0.47523   1  35
        1.15713       -0.47032   1  36
        1.15713       -0.46689   1  37
        1.15713       -0.46443   1  38
        1.15713       -0.46297   1  39
        1.15713       -0.45926   1  40
        1.15713       -0.38577   1  41
        1.15713       -0.35910   1  42
        1.15713       -0.35068   1  43
        1.15713       -0.33801   1  44
        1.15713       -0.33463   1  45
        1.15713       -0.29236   1  46
        1.15713       -0.27483   1  47
        1.15713       -0.26967   1  48
        1.15713       -0.26665   1  49
        1.15713       -0.25710   1  50
        1.15713       -0.21116   1  51
        1.15713       -0.15280   1  52
        1.15713       -0.12442   1  53
        1.15713       -0.05797   1  54
        1.15713       -0.05625   1  55
        1.15713       -0.05133   1  56
        1.15713        0.01560   1  57
        1.15713        0.06482   1  58
        1.15713        0.07312   1  59
        1.15713        0.08029   1  60
        1.15713        0.11750   1  61
        1.15713        0.12802   1  62
        1.15713        0.14790   1  63
        1.15713        0.14989   1  64
        1.15713        0.15611   1  65
        1.15713        0.15831   1  66
        1.15713        0.16259   1  67
        1.15713        0.19637   1  68
        1.15713        0.19873   1  69
        1.15713        0.21324   1  70
        1.15713        0.23083   1  71
        1.15713        0.24347   1  72
        1.15713        0.24389   1  73
        1.15713        0.25830   1  74
        1.15713        0.26724   1  75
        1.15713        0.27958   1  76
        1.15713        0.27996   1  77
        1.15713        0.28659   1  78
        1.15713        0.30258   1  79
        1.15713        0.33229   1  80
        1.15713        0.33350   1  81
        1.15713        0.33529   1  82
        1.15713        0.33801   1  83
        1.15713        0.35520   1  84
        1.15713        0.36224   1  85
        1.15713        0.37990   1  86
        1.15713        0.38998   1  87
        1.15713        0.39527   1  88
        1.15713        0.39627   1  89
        1.15713        0.41032   1  90
        1.15713        0.43490   1  91
        1.15713        0.44965   1  92
        1.15713        0.45173   1  93
        1.15713        0.45781   1  94
        1.15713        0.46249   1  95
        1.15713        0.46385   1  96
        1.15713        0.46638   1  97
        1.15713        0.49573   1  98
        1.15713        0.49795   1  99
        1.15713        0.50517   1 100
        1.15713        0.50646   1 101
        1.15713        0.51697   1 102
        1.15713        0.56489   1 103
        1.15713        0.57408   1 104
        1.15713        0.57581   1 105
        1.15713        0.58165   1 106
        1.15713        0.58358   1 107
        1.15713        0.59045   1 108
        1.15713        0.59634   1 109
        1.15713        0.60228   1 110
        1.15713        0.61878   1 111
        1.15713        0.62031   1 112
        1.15713        0.63170   1 113
        1.15713        0.63400   1 114
        1.15713        0.63645   1 115
        1.15713        0.64692   1 116
        1.15713        0.69560   1 117
        1.15713        0.70110   1 118
        1.15713        0.70348   1 119
        1.15713        0.72208   1 120
        1.15713        0.72432   1 121
        1.15713        0.73223   1 122
        1.15713        0.74527   1 123
        1.15713        0.75720   1 124
        1.15713        0.76121   1 125
        1.15713        0.76418   1 126
        1.15713        0.77499   1 127
        1.15713        0.78094   1 128
        1.15713        0.82257   1 129
        1.15713        0.82857   1 130
        1.15713        0.85488   1 131
        1.15713        0.88466   1 132
        1.15713        0.88919   1 133
        1.15713        0.91030   1 134
        1.15713        0.91117   1 135
        1.15713        0.91571   1 136
        1.15713        0.95730   1 137
        1.15713        0.95928   1 138
        1.15713        0.98864   1 139
        1.15713        0.98965   1 140
        1.15713        1.02331   1 141
        1.15713        1.03504   1 142
        1.15713        1.12233   1 143
        1.15713        1.12433   1 144
        1.15713        1.13445   1 145
        1.15713        1.13884   1 146
        1.15713        1.18160   1 147
        1.15713        1.18313   1 148
        1.15713        1.18481   1 149
        1.15713        1.18611   1 150
        1.15713        1.44247   1 151
        1.15713        1.49015   1 152
        1.19642       -0.86153   1   1
        1.19642       -0.85830   1   2
        1.19642       -0.84995   1   3
        1.19642       -0.84754   1   4
        1.19642       -0.83675   1   5
        1.19642       -0.83430   1   6
        1.19642       -0.79744   1   7
        1.19642       -0.79583   1   8
        1.19642       -0.79399   1   9
        1.19642       -0.78471   1  10
        1.19642       -0.74083   1  11
        1.19642       -0.72802   1  12
        1.19642       -0.72426   1  13
        1.19642       -0.72195   1  14
        1.19642       -0.69648   1  15
        1.19642       -0.68806   1  16
        1.19642       -0.68148   1  17
        1.19642       -0.66309   1  18
        1.19642       -0.65301   1  19
        1.19642       -0.65273   1  20
        1.19642       -0.64129   1  21
        1.19642       -0.63707   1  22
        1.19642       -0.63276   1  23
        1.19642       -0.61560   1  24
        1.19642       -0.60412   1  25
        1.19642       -0.58993   1  26
        1.19642       -0.53794   1  27
        1.19642       -0.53699   1  28
        1.19642       -0.53636   1  29
        1.19642       -0.53046   1  30
        1.19642       -0.52668   1  31
        1.19642       -0.50114   1  32
        1.19642       -0.49575   1  33
        1.19642       -0.48721   1  34
        1.19642       -0.47806   1  35
        1.19642       -0.46995   1  36
        1.19642       -0.46711   1  37
        1.19642       -0.46362   1  38
        1.19642       -0.45967   1  39
        1.19642       -0.45883   1  40
        1.19642       -0.41109   1  41
        1.19642       -0.36501   1  42
        1.19642       -0.35938   1  43
        1.19642       -0.34913   1  44
        1.19642       -0.34453   1  45
        1.19642       -0.30081   1  46
        1.19642       -0.27497   1  47
        1.19642       -0.26944   1  48
        1.19642       -0.26444   1  49
        1.19642       -0.25808   1  50
        1.19642       -0.19571   1  51
        1.19642       -0.17870   1  52
        1.19642       -0.09064   1  53
        1.19642       -0.08877   1  54
        1.19642       -0.08452   1  55
        1.19642       -0.08352   1  56
        1.19642       -0.00651   1  57
        1.19642        0.05348   1  58
        1.19642        0.08067   1  59
        1.19642        0.09193   1  60
        1.19642        0.10367   1  61
        1.19642        0.10651   1  62
        1.19642        0.12634   1  63
        1.19642        0.13261   1  64
        1.19642        0.15085   1  65
        1.19642        0.15091   1  66
        1.19642        0.16713   1  67
        1.19642        0.17922   1  68
        1.19642        0.17939   1  69
        1.19642        0.20269   1  70
        1.19642        0.21151   1  71
        1.19642        0.21816   1  72
        1.19642        0.25121   1  73
        1.19642        0.25419   1  74
        1.19642        0.25452   1  75
        1.19642        0.25475   1  76
        1.19642        0.26061   1  77
        1.19642        0.27346   1  78
        1.19642        0.30289   1  79
        1.19642        0.32539   1  80
        1.19642        0.32564   1  81
        1.19642        0.32592   1  82
        1.19642        0.33044   1  83
        1.19642        0.35309   1  84
        1.19642        0.36205   1  85
        1.19642        0.38719   1  86
        1.19642        0.39505   1  87
        1.19642        0.40443   1  88
        1.19642        0.41635   1  89
        1.19642        0.41643   1  90
        1.19642        0.41818   1  91
        1.19642        0.43753   1  92
        1.19642        0.43832   1  93
        1.19642        0.45630   1  94
        1.19642        0.47194   1  95
        1.19642        0.48109   1  96
        1.19642        0.48174   1  97
        1.19642        0.50380   1  98
        1.19642        0.50682   1  99
        1.19642        0.51564   1 100
        1.19642        0.51619   1 101
        1.19642        0.52824   1 102
        1.19642        0.55862   1 103
        1.19642        0.57283   1 104
        1.19642        0.59092   1 105
        1.19642        0.59897   1 106
        1.19642        0.60174   1 107
        1.19642        0.60389   1 108
        1.19642        0.60915   1 109
        1.19642        0.60957   1 110
        1.19642        0.62002   1 111
        1.19642        0.63194   1 112
        1.19642        0.63339   1 113
        1.19642        0.63382   1 114
        1.19642        0.64438   1 115
        1.19642        0.64678   1 116
        1.19642        0.70986   1 117
        1.19642        0.72320   1 118
        1.19642        0.72853   1 119
        1.19642        0.73780   1 120
        1.19642        0.74001   1 121
        1.19642        0.74686   1 122
        1.19642        0.75857   1 123
        1.19642        0.77424   1 124
        1.19642        0.77573   1 125
        1.19642        0.79250   1 126
        1.19642        0.79334   1 127
        1.19642        0.81064   1 128
        1.19642        0.84249   1 129
        1.19642        0.87022   1 130
        1.19642        0.88126   1 131
        1.19642        0.89222   1 132
        1.19642        0.92904   1 133
        1.19642        0.93400   1 134
        1.19642        0.94358   1 135
        1.19642        0.96234   1 136
        1.19642        1.00700   1 137
        1.19642        1.02313   1 138
        1.19642        1.03219   1 139
        1.19642        1.03483   1 140
        1.19642        1.07343   1 141
        1.19642        1.07439   1 142
        1.19642        1.14011   1 143
        1.19642        1.14216   1 144
        1.19642        1.16970   1 145
        1.19642        1.17250   1 146
        1.19642        1.22236   1 147
        1.19642        1.22334   1 148
        1.19642        1.23114   1 149
        1.19642        1.23333   1 150
        1.19642        1.46042   1 151
        1.19642        1.50616   1 152
        1.23570       -0.85551   1   1
        1.23570       -0.85159   1   2
        1.23570       -0.83906   1   3
        1.23570       -0.83829   1   4
        1.23570       -0.83657   1   5
        1.23570       -0.83604   1   6
        1.23570       -0.80351   1   7
        1.23570       -0.79266   1   8
        1.23570       -0.78765   1   9
        1.23570       -0.78421   1  10
        1.23570       -0.74535   1  11
        1.23570       -0.73502   1  12
        1.23570       -0.71638   1  13
        1.23570       -0.71406   1  14
        1.23570       -0.70092   1  15
        1.23570       -0.68468   1  16
        1.23570       -0.68371   1  17
        1.23570       -0.65911   1  18
        1.23570       -0.64962   1  19
        1.23570       -0.64939   1  20
        1.23570       -0.64108   1  21
        1.23570       -0.63877   1  22
        1.23570       -0.63139   1  23
        1.23570       -0.62615   1  24
        1.23570       -0.61476   1  25
        1.23570       -0.58811   1  26
        1.23570       -0.54790   1  27
        1.23570       -0.54349   1  28
        1.23570       -0.53709   1  29
        1.23570       -0.53407   1  30
        1.23570       -0.52692   1  31
        1.23570       -0.50145   1  32
        1.23570       -0.50077   1  33
        1.23570       -0.49180   1  34
        1.23570       -0.48374   1  35
        1.23570       -0.46951   1  36
        1.23570       -0.46713   1  37
        1.23570       -0.46268   1  38
        1.23570       -0.45972   1  39
        1.23570       -0.45574   1  40
        1.23570       -0.42682   1  41
        1.23570       -0.37153   1  42
        1.23570       -0.36719   1  43
        1.23570       -0.35710   1  44
        1.23570       -0.35076   1  45
        1.23570       -0.30748   1  46
        1.23570       -0.27395   1  47
        1.23570       -0.26963   1  48
        1.23570       -0.26291   1  49
        1.23570       -0.25803   1  50
        1.23570       -0.23561   1  51
        1.23570       -0.14358   1  52
        1.23570       -0.12067   1  53
        1.23570       -0.11484   1  54
        1.23570       -0.11435   1  55
        1.23570       -0.05544   1  56
        1.23570       -0.03904   1  57
        1.23570        0.02706   1  58
        1.23570        0.07211   1  59
        1.23570        0.07270   1  60
        1.23570        0.08453   1  61
        1.23570        0.10162   1  62
        1.23570        0.10712   1  63
        1.23570        0.11434   1  64
        1.23570        0.15130   1  65
        1.23570        0.15771   1  66
        1.23570        0.16293   1  67
        1.23570        0.16496   1  68
        1.23570        0.17437   1  69
        1.23570        0.18184   1  70
        1.23570        0.18773   1  71
        1.23570        0.21752   1  72
        1.23570        0.22059   1  73
        1.23570        0.23293   1  74
        1.23570        0.23608   1  75
        1.23570        0.24972   1  76
        1.23570        0.26579   1  77
        1.23570        0.26648   1  78
        1.23570        0.28958   1  79
        1.23570        0.31694   1  80
        1.23570        0.32128   1  81
        1.23570        0.32544   1  82
        1.23570        0.33252   1  83
        1.23570        0.33389   1  84
        1.23570        0.35522   1  85
        1.23570        0.36510   1  86
        1.23570        0.39533   1  87
        1.23570        0.42132   1  88
        1.23570        0.42273   1  89
        1.23570        0.43521   1  90
        1.23570        0.43600   1  91
        1.23570        0.44103   1  92
        1.23570        0.44716   1  93
        1.23570        0.48916   1  94
        1.23570        0.49060   1  95
        1.23570        0.49187   1  96
        1.23570        0.49924   1  97
        1.23570        0.51645   1  98
        1.23570        0.52554   1  99
        1.23570        0.53084   1 100
        1.23570        0.53402   1 101
        1.23570        0.54470   1 102
        1.23570        0.55880   1 103
        1.23570        0.56994   1 104
        1.23570        0.57395   1 105
        1.23570        0.58974   1 106
        1.23570        0.61119   1 107
        1.23570        0.61579   1 108
        1.23570        0.61640   1 109
        1.23570        0.62185   1 110
        1.23570        0.62264   1 111
        1.23570        0.63288   1 112
        1.23570        0.64951   1 113
        1.23570        0.65302   1 114
        1.23570        0.66212   1 115
        1.23570        0.66293   1 116
        1.23570        0.72387   1 117
        1.23570        0.73631   1 118
        1.23570        0.73869   1 119
        1.23570        0.74548   1 120
        1.23570        0.75007   1 121
        1.23570        0.75075   1 122
        1.23570        0.79725   1 123
        1.23570        0.79991   1 124
        1.23570        0.81522   1 125
        1.23570        0.82242   1 126
        1.23570        0.82837   1 127
        1.23570        0.84644   1 128
        1.23570        0.84989   1 129
        1.23570        0.87206   1 130
        1.23570        0.92982   1 131
        1.23570        0.94527   1 132
        1.23570        0.95174   1 133
        1.23570        0.95532   1 134
        1.23570        0.96054   1 135
        1.23570        0.97378   1 136
        1.23570        1.04402   1 137
        1.23570        1.06001   1 138
        1.23570        1.11229   1 139
        1.23570        1.11243   1 140
        1.23570        1.11699   1 141
        1.23570        1.12155   1 142
        1.23570        1.16484   1 143
        1.23570        1.16690   1 144
        1.23570        1.20888   1 145
        1.23570        1.21063   1 146
        1.23570        1.27430   1 147
        1.23570        1.27562   1 148
        1.23570        1.29075   1 149
        1.23570        1.29283   1 150
        1.23570        1.48852   1 151
        1.23570        1.53187   1 152
        1.27499       -0.85009   1   1
        1.27499       -0.84552   1   2
        1.27499       -0.83787   1   3
        1.27499       -0.83496   1   4
        1.27499       -0.82645   1   5
        1.27499       -0.82387   1   6
        1.27499       -0.80892   1   7
        1.27499       -0.79857   1   8
        1.27499       -0.77650   1   9
        1.27499       -0.77299   1  10
        1.27499       -0.75116   1  11
        1.27499       -0.74279   1  12
        1.27499       -0.71359   1  13
        1.27499       -0.70741   1  14
        1.27499       -0.70509   1  15
        1.27499       -0.68452   1  16
        1.27499       -0.68201   1  17
        1.27499       -0.65489   1  18
        1.27499       -0.64951   1  19
        1.27499       -0.64614   1  20
        1.27499       -0.64597   1  21
        1.27499       -0.64569   1  22
        1.27499       -0.63516   1  23
        1.27499       -0.63040   1  24
        1.27499       -0.61393   1  25
        1.27499       -0.58994   1  26
        1.27499       -0.55725   1  27
        1.27499       -0.54518   1  28
        1.27499       -0.54222   1  29
        1.27499       -0.54170   1  30
        1.27499       -0.51792   1  31
        1.27499       -0.50739   1  32
        1.27499       -0.50495   1  33
        1.27499       -0.49595   1  34
        1.27499       -0.49027   1  35
        1.27499       -0.46976   1  36
        1.27499       -0.46612   1  37
        1.27499       -0.46090   1  38
        1.27499       -0.45719   1  39
        1.27499       -0.45360   1  40
        1.27499       -0.43435   1  41
        1.27499       -0.37888   1  42
        1.27499       -0.37397   1  43
        1.27499       -0.35880   1  44
        1.27499       -0.35413   1  45
        1.27499       -0.31261   1  46
        1.27499       -0.27399   1  47
        1.27499       -0.27108   1  48
        1.27499       -0.26975   1  49
        1.27499       -0.26226   1  50
        1.27499       -0.25757   1  51
        1.27499       -0.15038   1  52
        1.27499       -0.14510   1  53
        1.27499       -0.14470   1  54
        1.27499       -0.10595   1  55
        1.27499       -0.07455   1  56
        1.27499       -0.01884   1  57
        1.27499       -0.00590   1  58
        1.27499        0.03413   1  59
        1.27499        0.03440   1  60
        1.27499        0.07703   1  61
        1.27499        0.08260   1  62
        1.27499        0.08813   1  63
        1.27499        0.12846   1  64
        1.27499        0.13169   1  65
        1.27499        0.14001   1  66
        1.27499        0.15084   1  67
        1.27499        0.15179   1  68
        1.27499        0.16125   1  69
        1.27499        0.16705   1  70
        1.27499        0.20478   1  71
        1.27499        0.20482   1  72
        1.27499        0.21085   1  73
        1.27499        0.22564   1  74
        1.27499        0.23005   1  75
        1.27499        0.24283   1  76
        1.27499        0.27240   1  77
        1.27499        0.27535   1  78
        1.27499        0.27605   1  79
        1.27499        0.30918   1  80
        1.27499        0.31025   1  81
        1.27499        0.31519   1  82
        1.27499        0.32015   1  83
        1.27499        0.33112   1  84
        1.27499        0.33933   1  85
        1.27499        0.34942   1  86
        1.27499        0.40426   1  87
        1.27499        0.41840   1  88
        1.27499        0.43005   1  89
        1.27499        0.43416   1  90
        1.27499        0.46423   1  91
        1.27499        0.46721   1  92
        1.27499        0.47687   1  93
        1.27499        0.49209   1  94
        1.27499        0.50893   1  95
        1.27499        0.51302   1  96
        1.27499        0.51902   1  97
        1.27499        0.53175   1  98
        1.27499        0.53727   1  99
        1.27499        0.54838   1 100
        1.27499        0.55039   1 101
        1.27499        0.55197   1 102
        1.27499        0.56719   1 103
        1.27499        0.57514   1 104
        1.27499        0.58699   1 105
        1.27499        0.60641   1 106
        1.27499        0.62002   1 107
        1.27499        0.62410   1 108
        1.27499        0.62506   1 109
        1.27499        0.62958   1 110
        1.27499        0.63881   1 111
        1.27499        0.65305   1 112
        1.27499        0.66002   1 113
        1.27499        0.67411   1 114
        1.27499        0.67835   1 115
        1.27499        0.68769   1 116
        1.27499        0.73278   1 117
        1.27499        0.74311   1 118
        1.27499        0.74918   1 119
        1.27499        0.75684   1 120
        1.27499        0.76664   1 121
        1.27499        0.76957   1 122
        1.27499        0.81736   1 123
        1.27499        0.82413   1 124
        1.27499        0.83875   1 125
        1.27499        0.84228   1 126
        1.27499        0.85539   1 127
        1.27499        0.88099   1 128
        1.27499        0.89941   1 129
        1.27499        0.92540   1 130
        1.27499        0.93855   1 131
        1.27499        0.95284   1 132
        1.27499        0.98604   1 133
        1.27499        0.98859   1 134
        1.27499        0.99172   1 135
        1.27499        1.00201   1 136
        1.27499        1.09511   1 137
        1.27499        1.10434   1 138
        1.27499        1.12373   1 139
        1.27499        1.13686   1 140
        1.27499        1.18814   1 141
        1.27499        1.19024   1 142
        1.27499        1.19442   1 143
        1.27499        1.19648   1 144
        1.27499        1.25402   1 145
        1.27499        1.25571   1 146
        1.27499        1.33344   1 147
        1.27499        1.33697   1 148
        1.27499        1.36375   1 149
        1.27499        1.36540   1 150
        1.27499        1.52935   1 151
        1.27499        1.56854   1 152
        1.31427       -0.84679   1   1
        1.31427       -0.84209   1   2
        1.31427       -0.83750   1   3
        1.31427       -0.83144   1   4
        1.31427       -0.81249   1   5
        1.31427       -0.80982   1   6
        1.31427       -0.80913   1   7
        1.31427       -0.80059   1   8
        1.31427       -0.76418   1   9
        1.31427       -0.76057   1  10
        1.31427       -0.75712   1  11
        1.31427       -0.74949   1  12
        1.31427       -0.72999   1  13
        1.31427       -0.69765   1  14
        1.31427       -0.69532   1  15
        1.31427       -0.68964   1  16
        1.31427       -0.68308   1  17
        1.31427       -0.66554   1  18
        1.31427       -0.65230   1  19
        1.31427       -0.65034   1  20
        1.31427       -0.64329   1  21
        1.31427       -0.64169   1  22
        1.31427       -0.63264   1  23
        1.31427       -0.63129   1  24
        1.31427       -0.61311   1  25
        1.31427       -0.59235   1  26
        1.31427       -0.56415   1  27
        1.31427       -0.54809   1  28
        1.31427       -0.54677   1  29
        1.31427       -0.54236   1  30
        1.31427       -0.52286   1  31
        1.31427       -0.51436   1  32
        1.31427       -0.50282   1  33
        1.31427       -0.49737   1  34
        1.31427       -0.49517   1  35
        1.31427       -0.47069   1  36
        1.31427       -0.46433   1  37
        1.31427       -0.45802   1  38
        1.31427       -0.45262   1  39
        1.31427       -0.45185   1  40
        1.31427       -0.43725   1  41
        1.31427       -0.38383   1  42
        1.31427       -0.37819   1  43
        1.31427       -0.36061   1  44
        1.31427       -0.35311   1  45
        1.31427       -0.31652   1  46
        1.31427       -0.30609   1  47
        1.31427       -0.27144   1  48
        1.31427       -0.26963   1  49
        1.31427       -0.26247   1  50
        1.31427       -0.25687   1  51
        1.31427       -0.17749   1  52
        1.31427       -0.17449   1  53
        1.31427       -0.17408   1  54
        1.31427       -0.10940   1  55
        1.31427       -0.06614   1  56
        1.31427       -0.03976   1  57
        1.31427       -0.00342   1  58
        1.31427       -0.00320   1  59
        1.31427        0.01908   1  60
        1.31427        0.05048   1  61
        1.31427        0.05682   1  62
        1.31427        0.07959   1  63
        1.31427        0.09632   1  64
        1.31427        0.10289   1  65
        1.31427        0.12866   1  66
        1.31427        0.13051   1  67
        1.31427        0.15295   1  68
        1.31427        0.15339   1  69
        1.31427        0.16874   1  70
        1.31427        0.18870   1  71
        1.31427        0.20786   1  72
        1.31427        0.22279   1  73
        1.31427        0.23170   1  74
        1.31427        0.23588   1  75
        1.31427        0.25251   1  76
        1.31427        0.25519   1  77
        1.31427        0.28378   1  78
        1.31427        0.28453   1  79
        1.31427        0.28633   1  80
        1.31427        0.30894   1  81
        1.31427        0.31476   1  82
        1.31427        0.32015   1  83
        1.31427        0.32090   1  84
        1.31427        0.34160   1  85
        1.31427        0.35497   1  86
        1.31427        0.41573   1  87
        1.31427        0.41646   1  88
        1.31427        0.42729   1  89
        1.31427        0.44260   1  90
        1.31427        0.47063   1  91
        1.31427        0.48382   1  92
        1.31427        0.49653   1  93
        1.31427        0.50467   1  94
        1.31427        0.50643   1  95
        1.31427        0.50910   1  96
        1.31427        0.53114   1  97
        1.31427        0.53973   1  98
        1.31427        0.55411   1  99
        1.31427        0.56401   1 100
        1.31427        0.57783   1 101
        1.31427        0.58033   1 102
        1.31427        0.59448   1 103
        1.31427        0.59810   1 104
        1.31427        0.61171   1 105
        1.31427        0.62683   1 106
        1.31427        0.62712   1 107
        1.31427        0.63561   1 108
        1.31427        0.63881   1 109
        1.31427        0.64078   1 110
        1.31427        0.66245   1 111
        1.31427        0.66903   1 112
        1.31427        0.67971   1 113
        1.31427        0.70762   1 114
        1.31427        0.71618   1 115
        1.31427        0.71807   1 116
        1.31427        0.72803   1 117
        1.31427        0.74625   1 118
        1.31427        0.77339   1 119
        1.31427        0.78235   1 120
        1.31427        0.79377   1 121
        1.31427        0.79575   1 122
        1.31427        0.82672   1 123
        1.31427        0.84981   1 124
        1.31427        0.85582   1 125
        1.31427        0.87453   1 126
        1.31427        0.87981   1 127
        1.31427        0.90511   1 128
        1.31427        0.92974   1 129
        1.31427        0.95315   1 130
        1.31427        0.96832   1 131
        1.31427        1.01212   1 132
        1.31427        1.01730   1 133
        1.31427        1.02366   1 134
        1.31427        1.03541   1 135
        1.31427        1.05502   1 136
        1.31427        1.09531   1 137
        1.31427        1.10306   1 138
        1.31427        1.16642   1 139
        1.31427        1.18182   1 140
        1.31427        1.22466   1 141
        1.31427        1.22676   1 142
        1.31427        1.25280   1 143
        1.31427        1.25791   1 144
        1.31427        1.29948   1 145
        1.31427        1.30143   1 146
        1.31427        1.39570   1 147
        1.31427        1.40274   1 148
        1.31427        1.44681   1 149
        1.31427        1.44822   1 150
        1.31427        1.58038   1 151
        1.31427        1.61305   1 152
        1.35355       -0.84823   1   1
        1.35355       -0.84111   1   2
        1.35355       -0.83791   1   3
        1.35355       -0.82996   1   4
        1.35355       -0.80315   1   5
        1.35355       -0.79731   1   6
        1.35355       -0.79630   1   7
        1.35355       -0.79441   1   8
        1.35355       -0.76314   1   9
        1.35355       -0.75319   1  10
        1.35355       -0.75083   1  11
        1.35355       -0.74715   1  12
        1.35355       -0.74393   1  13
        1.35355       -0.70965   1  14
        1.35355       -0.68726   1  15
        1.35355       -0.68492   1  16
        1.35355       -0.68155   1  17
        1.35355       -0.66924   1  18
        1.35355       -0.65967   1  19
        1.35355       -0.64691   1  20
        1.35355       -0.64273   1  21
        1.35355       -0.63750   1  22
        1.35355       -0.63421   1  23
        1.35355       -0.63131   1  24
        1.35355       -0.61237   1  25
        1.35355       -0.59175   1  26
        1.35355       -0.56858   1  27
        1.35355       -0.55073   1  28
        1.35355       -0.54947   1  29
        1.35355       -0.53958   1  30
        1.35355       -0.53830   1  31
        1.35355       -0.52165   1  32
        1.35355       -0.50097   1  33
        1.35355       -0.49832   1  34
        1.35355       -0.49236   1  35
        1.35355       -0.47226   1  36
        1.35355       -0.46210   1  37
        1.35355       -0.45446   1  38
        1.35355       -0.45217   1  39
        1.35355       -0.44468   1  40
        1.35355       -0.43802   1  41
        1.35355       -0.38651   1  42
        1.35355       -0.37820   1  43
        1.35355       -0.36327   1  44
        1.35355       -0.35022   1  45
        1.35355       -0.33615   1  46
        1.35355       -0.31900   1  47
        1.35355       -0.27326   1  48
        1.35355       -0.26700   1  49
        1.35355       -0.26340   1  50
        1.35355       -0.25578   1  51
        1.35355       -0.20291   1  52
        1.35355       -0.20257   1  53
        1.35355       -0.20128   1  54
        1.35355       -0.14237   1  55
        1.35355       -0.07246   1  56
        1.35355       -0.03870   1  57
        1.35355       -0.03847   1  58
        1.35355       -0.02478   1  59
        1.35355        0.02241   1  60
        1.35355        0.03026   1  61
        1.35355        0.05064   1  62
        1.35355        0.05803   1  63
        1.35355        0.06203   1  64
        1.35355        0.08444   1  65
        1.35355        0.10109   1  66
        1.35355        0.12605   1  67
        1.35355        0.13302   1  68
        1.35355        0.13945   1  69
        1.35355        0.17952   1  70
        1.35355        0.19884   1  71
        1.35355        0.20145   1  72
        1.35355        0.22419   1  73
        1.35355        0.22791   1  74
        1.35355        0.24806   1  75
        1.35355        0.25393   1  76
        1.35355        0.26563   1  77
        1.35355        0.28570   1  78
        1.35355        0.30352   1  79
        1.35355        0.30473   1  80
        1.35355        0.30550   1  81
        1.35355        0.31656   1  82
        1.35355        0.33757   1  83
        1.35355        0.34078   1  84
        1.35355        0.34264   1  85
        1.35355        0.35662   1  86
        1.35355        0.41549   1  87
        1.35355        0.42368   1  88
        1.35355        0.43685   1  89
        1.35355        0.46470   1  90
        1.35355        0.46567   1  91
        1.35355        0.47460   1  92
        1.35355        0.49232   1  93
        1.35355        0.50760   1  94
        1.35355        0.53821   1  95
        1.35355        0.54093   1  96
        1.35355        0.55817   1  97
        1.35355        0.56500   1  98
        1.35355        0.56522   1  99
        1.35355        0.57175   1 100
        1.35355        0.60696   1 101
        1.35355        0.60761   1 102
        1.35355        0.61611   1 103
        1.35355        0.61883   1 104
        1.35355        0.62224   1 105
        1.35355        0.62521   1 106
        1.35355        0.63844   1 107
        1.35355        0.65955   1 108
        1.35355        0.66107   1 109
        1.35355        0.66607   1 110
        1.35355        0.67456   1 111
        1.35355        0.68257   1 112
        1.35355        0.73255   1 113
        1.35355        0.73847   1 114
        1.35355        0.74042   1 115
        1.35355        0.74819   1 116
        1.35355        0.74943   1 117
        1.35355        0.77626   1 118
        1.35355        0.80713   1 119
        1.35355        0.81411   1 120
        1.35355        0.82753   1 121
        1.35355        0.83264   1 122
        1.35355        0.83568   1 123
        1.35355        0.85807   1 124
        1.35355        0.89350   1 125
        1.35355        0.90280   1 126
        1.35355        0.91415   1 127
        1.35355        0.92820   1 128
        1.35355        0.96088   1 129
        1.35355        0.98441   1 130
        1.35355        1.03315   1 131
        1.35355        1.05074   1 132
        1.35355        1.05652   1 133
        1.35355        1.05806   1 134
        1.35355        1.06294   1 135
        1.35355        1.09266   1 136
        1.35355        1.11623   1 137
        1.35355        1.13046   1 138
        1.35355        1.21055   1 139
        1.35355        1.22432   1 140
        1.35355        1.25516   1 141
        1.35355        1.25731   1 142
        1.35355        1.30755   1 143
        1.35355        1.31601   1 144
        1.35355        1.35290   1 145
        1.35355        1.35523   1 146
        1.35355        1.45851   1 147
        1.35355        1.46871   1 148
        1.35355        1.53160   1 149
        1.35355        1.53308   1 150
        1.35355        1.63654   1 151
        1.35355        1.66103   1 152
        1.39284       -0.85676   1   1
        1.39284       -0.84480   1   2
        1.39284       -0.83614   1   3
        1.39284       -0.82940   1   4
        1.39284       -0.79659   1   5
        1.39284       -0.78821   1   6
        1.39284       -0.78125   1   7
        1.39284       -0.77818   1   8
        1.39284       -0.76944   1   9
        1.39284       -0.75165   1  10
        1.39284       -0.74807   1  11
        1.39284       -0.73681   1  12
        1.39284       -0.73309   1  13
        1.39284       -0.72944   1  14
        1.39284       -0.68017   1  15
        1.39284       -0.67647   1  16
        1.39284       -0.67411   1  17
        1.39284       -0.67015   1  18
        1.39284       -0.66752   1  19
        1.39284       -0.65038   1  20
        1.39284       -0.64553   1  21
        1.39284       -0.63360   1  22
        1.39284       -0.63211   1  23
        1.39284       -0.63050   1  24
        1.39284       -0.61169   1  25
        1.39284       -0.58767   1  26
        1.39284       -0.57087   1  27
        1.39284       -0.55487   1  28
        1.39284       -0.55140   1  29
        1.39284       -0.55084   1  30
        1.39284       -0.53623   1  31
        1.39284       -0.52892   1  32
        1.39284       -0.50707   1  33
        1.39284       -0.49977   1  34
        1.39284       -0.48134   1  35
        1.39284       -0.47435   1  36
        1.39284       -0.45947   1  37
        1.39284       -0.45258   1  38
        1.39284       -0.45064   1  39
        1.39284       -0.43849   1  40
        1.39284       -0.43490   1  41
        1.39284       -0.38755   1  42
        1.39284       -0.37523   1  43
        1.39284       -0.36583   1  44
        1.39284       -0.36248   1  45
        1.39284       -0.34760   1  46
        1.39284       -0.31979   1  47
        1.39284       -0.27574   1  48
        1.39284       -0.26490   1  49
        1.39284       -0.26435   1  50
        1.39284       -0.25421   1  51
        1.39284       -0.22932   1  52
        1.39284       -0.22894   1  53
        1.39284       -0.22273   1  54
        1.39284       -0.17298   1  55
        1.39284       -0.10337   1  56
        1.39284       -0.07082   1  57
        1.39284       -0.07050   1  58
        1.39284       -0.00614   1  59
        1.39284        0.00369   1  60
        1.39284        0.01801   1  61
        1.39284        0.02019   1  62
        1.39284        0.03051   1  63
        1.39284        0.06195   1  64
        1.39284        0.07529   1  65
        1.39284        0.09803   1  66
        1.39284        0.10640   1  67
        1.39284        0.11802   1  68
        1.39284        0.13647   1  69
        1.39284        0.17563   1  70
        1.39284        0.19125   1  71
        1.39284        0.20700   1  72
        1.39284        0.20844   1  73
        1.39284        0.24060   1  74
        1.39284        0.24727   1  75
        1.39284        0.26859   1  76
        1.39284        0.29654   1  77
        1.39284        0.29938   1  78
        1.39284        0.30450   1  79
        1.39284        0.31072   1  80
        1.39284        0.33689   1  81
        1.39284        0.34130   1  82
        1.39284        0.34458   1  83
        1.39284        0.35899   1  84
        1.39284        0.38704   1  85
        1.39284        0.38900   1  86
        1.39284        0.42025   1  87
        1.39284        0.42777   1  88
        1.39284        0.45531   1  89
        1.39284        0.46429   1  90
        1.39284        0.47389   1  91
        1.39284        0.50480   1  92
        1.39284        0.50851   1  93
        1.39284        0.52239   1  94
        1.39284        0.56461   1  95
        1.39284        0.57001   1  96
        1.39284        0.58102   1  97
        1.39284        0.58488   1  98
        1.39284        0.59348   1  99
        1.39284        0.59915   1 100
        1.39284        0.60774   1 101
        1.39284        0.61313   1 102
        1.39284        0.63576   1 103
        1.39284        0.64357   1 104
        1.39284        0.64642   1 105
        1.39284        0.66100   1 106
        1.39284        0.66684   1 107
        1.39284        0.67716   1 108
        1.39284        0.69079   1 109
        1.39284        0.69637   1 110
        1.39284        0.70127   1 111
        1.39284        0.70388   1 112
        1.39284        0.74922   1 113
        1.39284        0.76504   1 114
        1.39284        0.77542   1 115
        1.39284        0.78470   1 116
        1.39284        0.79332   1 117
        1.39284        0.81683   1 118
        1.39284        0.83594   1 119
        1.39284        0.85368   1 120
        1.39284        0.86560   1 121
        1.39284        0.86802   1 122
        1.39284        0.86913   1 123
        1.39284        0.89174   1 124
        1.39284        0.93754   1 125
        1.39284        0.93907   1 126
        1.39284        0.96133   1 127
        1.39284        0.96480   1 128
        1.39284        0.99412   1 129
        1.39284        1.01761   1 130
        1.39284        1.07007   1 131
        1.39284        1.09030   1 132
        1.39284        1.09117   1 133
        1.39284        1.09448   1 134
        1.39284        1.09965   1 135
        1.39284        1.14429   1 136
        1.39284        1.15132   1 137
        1.39284        1.17202   1 138
        1.39284        1.24933   1 139
        1.39284        1.26105   1 140
        1.39284        1.29131   1 141
        1.39284        1.29348   1 142
        1.39284        1.35170   1 143
        1.39284        1.36184   1 144
        1.39284        1.41063   1 145
        1.39284        1.41425   1 146
        1.39284        1.51407   1 147
        1.39284        1.52612   1 148
        1.39284        1.60854   1 149
        1.39284        1.61011   1 150
        1.39284        1.69311   1 151
        1.39284        1.70933   1 152
        1.43212       -0.86920   1   1
        1.43212       -0.85345   1   2
        1.43212       -0.83524   1   3
        1.43212       -0.82812   1   4
        1.43212       -0.79744   1   5
        1.43212       -0.78267   1   6
        1.43212       -0.76816   1   7
        1.43212       -0.76480   1   8
        1.43212       -0.76154   1   9
        1.43212       -0.74621   1  10
        1.43212       -0.74213   1  11
        1.43212       -0.73904   1  12
        1.43212       -0.72254   1  13
        1.43212       -0.71871   1  14
        1.43212       -0.67859   1  15
        1.43212       -0.67545   1  16
        1.43212       -0.67072   1  17
        1.43212       -0.66536   1  18
        1.43212       -0.66315   1  19
        1.43212       -0.65861   1  20
        1.43212       -0.65052   1  21
        1.43212       -0.63047   1  22
        1.43212       -0.62952   1  23
        1.43212       -0.62571   1  24
        1.43212       -0.61104   1  25
        1.43212       -0.58154   1  26
        1.43212       -0.57171   1  27
        1.43212       -0.56991   1  28
        1.43212       -0.55267   1  29
        1.43212       -0.55032   1  30
        1.43212       -0.53617   1  31
        1.43212       -0.53281   1  32
        1.43212       -0.51518   1  33
        1.43212       -0.49976   1  34
        1.43212       -0.47682   1  35
        1.43212       -0.46997   1  36
        1.43212       -0.45644   1  37
        1.43212       -0.45350   1  38
        1.43212       -0.44714   1  39
        1.43212       -0.43716   1  40
        1.43212       -0.42515   1  41
        1.43212       -0.38799   1  42
        1.43212       -0.38409   1  43
        1.43212       -0.37222   1  44
        1.43212       -0.36825   1  45
        1.43212       -0.34518   1  46
        1.43212       -0.31898   1  47
        1.43212       -0.27887   1  48
        1.43212       -0.26669   1  49
        1.43212       -0.26263   1  50
        1.43212       -0.25374   1  51
        1.43212       -0.25339   1  52
        1.43212       -0.25158   1  53
        1.43212       -0.24045   1  54
        1.43212       -0.20082   1  55
        1.43212       -0.13213   1  56
        1.43212       -0.09959   1  57
        1.43212       -0.09904   1  58
        1.43212       -0.03384   1  59
        1.43212       -0.02177   1  60
        1.43212       -0.00808   1  61
        1.43212        0.00221   1  62
        1.43212        0.04090   1  63
        1.43212        0.05247   1  64
        1.43212        0.06238   1  65
        1.43212        0.08044   1  66
        1.43212        0.09384   1  67
        1.43212        0.13968   1  68
        1.43212        0.14625   1  69
        1.43212        0.17263   1  70
        1.43212        0.17551   1  71
        1.43212        0.18535   1  72
        1.43212        0.19666   1  73
        1.43212        0.25059   1  74
        1.43212        0.28158   1  75
        1.43212        0.28527   1  76
        1.43212        0.28765   1  77
        1.43212        0.29804   1  78
        1.43212        0.30169   1  79
        1.43212        0.33816   1  80
        1.43212        0.35250   1  81
        1.43212        0.37327   1  82
        1.43212        0.39636   1  83
        1.43212        0.39858   1  84
        1.43212        0.42246   1  85
        1.43212        0.43201   1  86
        1.43212        0.45850   1  87
        1.43212        0.46093   1  88
        1.43212        0.46181   1  89
        1.43212        0.46759   1  90
        1.43212        0.53077   1  91
        1.43212        0.53277   1  92
        1.43212        0.54144   1  93
        1.43212        0.56293   1  94
        1.43212        0.57417   1  95
        1.43212        0.57932   1  96
        1.43212        0.59448   1  97
        1.43212        0.60167   1  98
        1.43212        0.62516   1  99
        1.43212        0.63092   1 100
        1.43212        0.64054   1 101
        1.43212        0.64596   1 102
        1.43212        0.66083   1 103
        1.43212        0.67385   1 104
        1.43212        0.69116   1 105
        1.43212        0.70735   1 106
        1.43212        0.70919   1 107
        1.43212        0.71096   1 108
        1.43212        0.71147   1 109
        1.43212        0.72919   1 110
        1.43212        0.74439   1 111
        1.43212        0.74951   1 112
        1.43212        0.77488   1 113
        1.43212        0.79174   1 114
        1.43212        0.82281   1 115
        1.43212        0.83199   1 116
        1.43212        0.83254   1 117
        1.43212        0.85216   1 118
        1.43212        0.88303   1 119
        1.43212        0.90061   1 120
        1.43212        0.90783   1 121
        1.43212        0.91098   1 122
        1.43212        0.92437   1 123
        1.43212        0.93413   1 124
        1.43212        0.97358   1 125
        1.43212        0.99198   1 126
        1.43212        1.00331   1 127
        1.43212        1.02098   1 128
        1.43212        1.04021   1 129
        1.43212        1.06122   1 130
        1.43212        1.10331   1 131
        1.43212        1.12811   1 132
        1.43212        1.12942   1 133
        1.43212        1.14101   1 134
        1.43212        1.15099   1 135
        1.43212        1.18070   1 136
        1.43212        1.18762   1 137
        1.43212        1.19827   1 138
        1.43212        1.28665   1 139
        1.43212        1.29687   1 140
        1.43212        1.33835   1 141
        1.43212        1.34040   1 142
        1.43212        1.37621   1 143
        1.43212        1.38672   1 144
        1.43212        1.46929   1 145
        1.43212        1.47470   1 146
        1.43212        1.54972   1 147
        1.43212        1.56127   1 148
        1.43212        1.67420   1 149
        1.43212        1.67600   1 150
        1.43212        1.74176   1 151
        1.43212        1.75177   1 152
        1.47140       -0.88336   1   1
        1.47140       -0.86445   1   2
        1.47140       -0.83772   1   3
        1.47140       -0.82830   1   4
        1.47140       -0.80046   1   5
        1.47140       -0.78289   1   6
        1.47140       -0.76029   1   7
        1.47140       -0.74851   1   8
        1.47140       -0.74611   1   9
        1.47140       -0.74495   1  10
        1.47140       -0.73007   1  11
        1.47140       -0.72686   1  12
        1.47140       -0.70836   1  13
        1.47140       -0.70451   1  14
        1.47140       -0.68263   1  15
        1.47140       -0.67694   1  16
        1.47140       -0.67056   1  17
        1.47140       -0.66617   1  18
        1.47140       -0.65643   1  19
        1.47140       -0.65456   1  20
        1.47140       -0.65235   1  21
        1.47140       -0.62901   1  22
        1.47140       -0.62867   1  23
        1.47140       -0.61796   1  24
        1.47140       -0.61039   1  25
        1.47140       -0.58370   1  26
        1.47140       -0.57488   1  27
        1.47140       -0.57078   1  28
        1.47140       -0.55337   1  29
        1.47140       -0.55008   1  30
        1.47140       -0.54255   1  31
        1.47140       -0.53003   1  32
        1.47140       -0.52393   1  33
        1.47140       -0.49911   1  34
        1.47140       -0.47962   1  35
        1.47140       -0.45855   1  36
        1.47140       -0.45456   1  37
        1.47140       -0.45299   1  38
        1.47140       -0.44502   1  39
        1.47140       -0.43513   1  40
        1.47140       -0.41505   1  41
        1.47140       -0.40340   1  42
        1.47140       -0.38518   1  43
        1.47140       -0.37183   1  44
        1.47140       -0.37013   1  45
        1.47140       -0.34252   1  46
        1.47140       -0.31760   1  47
        1.47140       -0.28257   1  48
        1.47140       -0.27628   1  49
        1.47140       -0.27582   1  50
        1.47140       -0.26857   1  51
        1.47140       -0.26191   1  52
        1.47140       -0.25345   1  53
        1.47140       -0.24870   1  54
        1.47140       -0.22551   1  55
        1.47140       -0.15837   1  56
        1.47140       -0.12512   1  57
        1.47140       -0.12416   1  58
        1.47140       -0.05950   1  59
        1.47140       -0.04509   1  60
        1.47140       -0.03336   1  61
        1.47140       -0.02269   1  62
        1.47140        0.02247   1  63
        1.47140        0.03278   1  64
        1.47140        0.05623   1  65
        1.47140        0.07052   1  66
        1.47140        0.10768   1  67
        1.47140        0.14616   1  68
        1.47140        0.15710   1  69
        1.47140        0.16030   1  70
        1.47140        0.16834   1  71
        1.47140        0.18220   1  72
        1.47140        0.20109   1  73
        1.47140        0.25770   1  74
        1.47140        0.27273   1  75
        1.47140        0.27736   1  76
        1.47140        0.28668   1  77
        1.47140        0.29212   1  78
        1.47140        0.34114   1  79
        1.47140        0.35770   1  80
        1.47140        0.39555   1  81
        1.47140        0.40718   1  82
        1.47140        0.41772   1  83
        1.47140        0.43005   1  84
        1.47140        0.46654   1  85
        1.47140        0.46756   1  86
        1.47140        0.46893   1  87
        1.47140        0.47963   1  88
        1.47140        0.54189   1  89
        1.47140        0.54275   1  90
        1.47140        0.56030   1  91
        1.47140        0.56724   1  92
        1.47140        0.58587   1  93
        1.47140        0.59222   1  94
        1.47140        0.60225   1  95
        1.47140        0.60890   1  96
        1.47140        0.60959   1  97
        1.47140        0.63568   1  98
        1.47140        0.65760   1  99
        1.47140        0.66922   1 100
        1.47140        0.68615   1 101
        1.47140        0.69189   1 102
        1.47140        0.70442   1 103
        1.47140        0.71041   1 104
        1.47140        0.73049   1 105
        1.47140        0.75256   1 106
        1.47140        0.75454   1 107
        1.47140        0.76800   1 108
        1.47140        0.76983   1 109
        1.47140        0.77060   1 110
        1.47140        0.80970   1 111
        1.47140        0.81128   1 112
        1.47140        0.81513   1 113
        1.47140        0.82705   1 114
        1.47140        0.87623   1 115
        1.47140        0.88781   1 116
        1.47140        0.89674   1 117
        1.47140        0.89676   1 118
        1.47140        0.93147   1 119
        1.47140        0.93942   1 120
        1.47140        0.94870   1 121
        1.47140        0.96658   1 122
        1.47140        0.98216   1 123
        1.47140        0.99824   1 124
        1.47140        1.01861   1 125
        1.47140        1.04997   1 126
        1.47140        1.06181   1 127
        1.47140        1.09104   1 128
        1.47140        1.09744   1 129
        1.47140        1.11034   1 130
        1.47140        1.12480   1 131
        1.47140        1.14880   1 132
        1.47140        1.17224   1 133
        1.47140        1.19207   1 134
        1.47140        1.20254   1 135
        1.47140        1.20932   1 136
        1.47140        1.21419   1 137
        1.47140        1.23409   1 138
        1.47140        1.32156   1 139
        1.47140        1.33095   1 140
        1.47140        1.38119   1 141
        1.47140        1.39276   1 142
        1.47140        1.39764   1 143
        1.47140        1.39947   1 144
        1.47140        1.52429   1 145
        1.47140        1.53038   1 146
        1.47140        1.56110   1 147
        1.47140        1.57158   1 148
        1.47140        1.72618   1 149
        1.47140        1.72813   1 150
        1.47140        1.77528   1 151
        1.47140        1.78148   1 152
        1.51069       -0.89764   1   1
        1.51069       -0.87612   1   2
        1.51069       -0.84335   1   3
        1.51069       -0.83139   1   4
        1.51069       -0.80054   1   5
        1.51069       -0.78515   1   6
        1.51069       -0.75033   1   7
        1.51069       -0.73919   1   8
        1.51069       -0.73287   1   9
        1.51069       -0.72905   1  10
        1.51069       -0.71626   1  11
        1.51069       -0.71091   1  12
        1.51069       -0.69487   1  13
        1.51069       -0.69098   1  14
        1.51069       -0.68908   1  15
        1.51069       -0.67824   1  16
        1.51069       -0.66894   1  17
        1.51069       -0.66837   1  18
        1.51069       -0.66053   1  19
        1.51069       -0.64439   1  20
        1.51069       -0.64221   1  21
        1.51069       -0.62980   1  22
        1.51069       -0.62889   1  23
        1.51069       -0.60976   1  24
        1.51069       -0.60946   1  25
        1.51069       -0.59471   1  26
        1.51069       -0.57000   1  27
        1.51069       -0.56827   1  28
        1.51069       -0.55367   1  29
        1.51069       -0.55033   1  30
        1.51069       -0.54825   1  31
        1.51069       -0.53294   1  32
        1.51069       -0.52692   1  33
        1.51069       -0.49897   1  34
        1.51069       -0.48269   1  35
        1.51069       -0.45637   1  36
        1.51069       -0.44931   1  37
        1.51069       -0.44729   1  38
        1.51069       -0.44443   1  39
        1.51069       -0.43224   1  40
        1.51069       -0.41636   1  41
        1.51069       -0.40569   1  42
        1.51069       -0.38278   1  43
        1.51069       -0.37415   1  44
        1.51069       -0.37131   1  45
        1.51069       -0.33998   1  46
        1.51069       -0.31738   1  47
        1.51069       -0.29644   1  48
        1.51069       -0.29606   1  49
        1.51069       -0.28668   1  50
        1.51069       -0.27038   1  51
        1.51069       -0.26682   1  52
        1.51069       -0.25838   1  53
        1.51069       -0.24679   1  54
        1.51069       -0.24494   1  55
        1.51069       -0.18167   1  56
        1.51069       -0.14736   1  57
        1.51069       -0.14570   1  58
        1.51069       -0.08240   1  59
        1.51069       -0.06565   1  60
        1.51069       -0.05531   1  61
        1.51069       -0.04390   1  62
        1.51069        0.00653   1  63
        1.51069        0.01593   1  64
        1.51069        0.03462   1  65
        1.51069        0.04955   1  66
        1.51069        0.12810   1  67
        1.51069        0.13797   1  68
        1.51069        0.14895   1  69
        1.51069        0.15351   1  70
        1.51069        0.15996   1  71
        1.51069        0.21514   1  72
        1.51069        0.22415   1  73
        1.51069        0.25673   1  74
        1.51069        0.25952   1  75
        1.51069        0.27004   1  76
        1.51069        0.27287   1  77
        1.51069        0.29313   1  78
        1.51069        0.38240   1  79
        1.51069        0.39973   1  80
        1.51069        0.40699   1  81
        1.51069        0.41289   1  82
        1.51069        0.43366   1  83
        1.51069        0.46515   1  84
        1.51069        0.47283   1  85
        1.51069        0.49430   1  86
        1.51069        0.54735   1  87
        1.51069        0.54879   1  88
        1.51069        0.59155   1  89
        1.51069        0.60013   1  90
        1.51069        0.60247   1  91
        1.51069        0.60801   1  92
        1.51069        0.61382   1  93
        1.51069        0.61480   1  94
        1.51069        0.62095   1  95
        1.51069        0.62797   1  96
        1.51069        0.68104   1  97
        1.51069        0.69064   1  98
        1.51069        0.69429   1  99
        1.51069        0.71332   1 100
        1.51069        0.71961   1 101
        1.51069        0.72380   1 102
        1.51069        0.76026   1 103
        1.51069        0.78543   1 104
        1.51069        0.78566   1 105
        1.51069        0.79182   1 106
        1.51069        0.81939   1 107
        1.51069        0.82313   1 108
        1.51069        0.83277   1 109
        1.51069        0.84836   1 110
        1.51069        0.85961   1 111
        1.51069        0.87279   1 112
        1.51069        0.89003   1 113
        1.51069        0.89551   1 114
        1.51069        0.91867   1 115
        1.51069        0.94237   1 116
        1.51069        0.96988   1 117
        1.51069        0.97276   1 118
        1.51069        0.97522   1 119
        1.51069        0.97838   1 120
        1.51069        0.99105   1 121
        1.51069        1.00416   1 122
        1.51069        1.05591   1 123
        1.51069        1.06953   1 124
        1.51069        1.08364   1 125
        1.51069        1.08962   1 126
        1.51069        1.11461   1 127
        1.51069        1.13917   1 128
        1.51069        1.14473   1 129
        1.51069        1.14953   1 130
        1.51069        1.18442   1 131
        1.51069        1.18783   1 132
        1.51069        1.19005   1 133
        1.51069        1.22509   1 134
        1.51069        1.23894   1 135
        1.51069        1.26911   1 136
        1.51069        1.27666   1 137
        1.51069        1.28972   1 138
        1.51069        1.33781   1 139
        1.51069        1.34526   1 140
        1.51069        1.38996   1 141
        1.51069        1.40481   1 142
        1.51069        1.46847   1 143
        1.51069        1.47032   1 144
        1.51069        1.54906   1 145
        1.51069        1.55214   1 146
        1.51069        1.56935   1 147
        1.51069        1.58158   1 148
        1.51069        1.76043   1 149
        1.51069        1.76235   1 150
        1.51069        1.79229   1 151
        1.51069        1.79622   1 152
        1.54997       -0.91079   1   1
        1.54997       -0.88727   1   2
        1.54997       -0.84993   1   3
        1.54997       -0.83671   1   4
        1.54997       -0.79890   1   5
        1.54997       -0.78591   1   6
        1.54997       -0.73954   1   7
        1.54997       -0.72827   1   8
        1.54997       -0.71863   1   9
        1.54997       -0.71449   1  10
        1.54997       -0.70440   1  11
        1.54997       -0.69746   1  12
        1.54997       -0.69474   1  13
        1.54997       -0.68270   1  14
        1.54997       -0.68236   1  15
        1.54997       -0.67872   1  16
        1.54997       -0.67122   1  17
        1.54997       -0.66199   1  18
        1.54997       -0.65565   1  19
        1.54997       -0.63545   1  20
        1.54997       -0.63351   1  21
        1.54997       -0.63202   1  22
        1.54997       -0.63165   1  23
        1.54997       -0.60909   1  24
        1.54997       -0.60290   1  25
        1.54997       -0.60063   1  26
        1.54997       -0.56812   1  27
        1.54997       -0.56401   1  28
        1.54997       -0.55382   1  29
        1.54997       -0.55309   1  30
        1.54997       -0.55070   1  31
        1.54997       -0.54073   1  32
        1.54997       -0.52402   1  33
        1.54997       -0.50038   1  34
        1.54997       -0.48581   1  35
        1.54997       -0.45774   1  36
        1.54997       -0.44903   1  37
        1.54997       -0.44534   1  38
        1.54997       -0.43407   1  39
        1.54997       -0.42922   1  40
        1.54997       -0.42375   1  41
        1.54997       -0.39809   1  42
        1.54997       -0.38032   1  43
        1.54997       -0.37674   1  44
        1.54997       -0.37272   1  45
        1.54997       -0.33851   1  46
        1.54997       -0.31911   1  47
        1.54997       -0.31473   1  48
        1.54997       -0.31440   1  49
        1.54997       -0.29091   1  50
        1.54997       -0.27264   1  51
        1.54997       -0.27169   1  52
        1.54997       -0.26469   1  53
        1.54997       -0.25944   1  54
        1.54997       -0.24090   1  55
        1.54997       -0.20132   1  56
        1.54997       -0.16611   1  57
        1.54997       -0.16350   1  58
        1.54997       -0.10184   1  59
        1.54997       -0.08289   1  60
        1.54997       -0.07364   1  61
        1.54997       -0.06122   1  62
        1.54997       -0.00689   1  63
        1.54997        0.00182   1  64
        1.54997        0.01609   1  65
        1.54997        0.03148   1  66
        1.54997        0.10930   1  67
        1.54997        0.11803   1  68
        1.54997        0.14040   1  69
        1.54997        0.15064   1  70
        1.54997        0.19767   1  71
        1.54997        0.22800   1  72
        1.54997        0.24618   1  73
        1.54997        0.24753   1  74
        1.54997        0.26338   1  75
        1.54997        0.26591   1  76
        1.54997        0.26705   1  77
        1.54997        0.30568   1  78
        1.54997        0.39017   1  79
        1.54997        0.40226   1  80
        1.54997        0.41997   1  81
        1.54997        0.44104   1  82
        1.54997        0.45899   1  83
        1.54997        0.48477   1  84
        1.54997        0.51708   1  85
        1.54997        0.52344   1  86
        1.54997        0.60462   1  87
        1.54997        0.61828   1  88
        1.54997        0.62262   1  89
        1.54997        0.62360   1  90
        1.54997        0.62446   1  91
        1.54997        0.63193   1  92
        1.54997        0.65198   1  93
        1.54997        0.65460   1  94
        1.54997        0.66911   1  95
        1.54997        0.67016   1  96
        1.54997        0.70729   1  97
        1.54997        0.71951   1  98
        1.54997        0.75299   1  99
        1.54997        0.76023   1 100
        1.54997        0.76469   1 101
        1.54997        0.78542   1 102
        1.54997        0.79966   1 103
        1.54997        0.82577   1 104
        1.54997        0.85483   1 105
        1.54997        0.86098   1 106
        1.54997        0.87177   1 107
        1.54997        0.87811   1 108
        1.54997        0.91362   1 109
        1.54997        0.91658   1 110
        1.54997        0.92479   1 111
        1.54997        0.93285   1 112
        1.54997        0.95492   1 113
        1.54997        0.97322   1 114
        1.54997        0.97810   1 115
        1.54997        0.97909   1 116
        1.54997        1.01028   1 117
        1.54997        1.01654   1 118
        1.54997        1.03012   1 119
        1.54997        1.04084   1 120
        1.54997        1.05685   1 121
        1.54997        1.05707   1 122
        1.54997        1.06488   1 123
        1.54997        1.10075   1 124
        1.54997        1.13500   1 125
        1.54997        1.14977   1 126
        1.54997        1.15291   1 127
        1.54997        1.16533   1 128
        1.54997        1.18679   1 129
        1.54997        1.20975   1 130
        1.54997        1.22753   1 131
        1.54997        1.23639   1 132
        1.54997        1.26458   1 133
        1.54997        1.27566   1 134
        1.54997        1.28183   1 135
        1.54997        1.29436   1 136
        1.54997        1.33626   1 137
        1.54997        1.34515   1 138
        1.54997        1.35554   1 139
        1.54997        1.37096   1 140
        1.54997        1.40640   1 141
        1.54997        1.42348   1 142
        1.54997        1.53401   1 143
        1.54997        1.53775   1 144
        1.54997        1.54621   1 145
        1.54997        1.54860   1 146
        1.54997        1.58638   1 147
        1.54997        1.59678   1 148
        1.54997        1.77292   1 149
        1.54997        1.77503   1 150
        1.54997        1.79475   1 151
        1.54997        1.79738   1 152
        1.58926       -0.92180   1   1
        1.58926       -0.89686   1   2
        1.58926       -0.85585   1   3
        1.58926       -0.84234   1   4
        1.58926       -0.79703   1   5
        1.58926       -0.78540   1   6
        1.58926       -0.72949   1   7
        1.58926       -0.71574   1   8
        1.58926       -0.70656   1   9
        1.58926       -0.70207   1  10
        1.58926       -0.69911   1  11
        1.58926       -0.69629   1  12
        1.58926       -0.68973   1  13
        1.58926       -0.68509   1  14
        1.58926       -0.67490   1  15
        1.58926       -0.67209   1  16
        1.58926       -0.66834   1  17
        1.58926       -0.65061   1  18
        1.58926       -0.64490   1  19
        1.58926       -0.63694   1  20
        1.58926       -0.63571   1  21
        1.58926       -0.62772   1  22
        1.58926       -0.62571   1  23
        1.58926       -0.60850   1  24
        1.58926       -0.60826   1  25
        1.58926       -0.59203   1  26
        1.58926       -0.56648   1  27
        1.58926       -0.56165   1  28
        1.58926       -0.55696   1  29
        1.58926       -0.55384   1  30
        1.58926       -0.55102   1  31
        1.58926       -0.54737   1  32
        1.58926       -0.52054   1  33
        1.58926       -0.50355   1  34
        1.58926       -0.48877   1  35
        1.58926       -0.45903   1  36
        1.58926       -0.45328   1  37
        1.58926       -0.44159   1  38
        1.58926       -0.42892   1  39
        1.58926       -0.42505   1  40
        1.58926       -0.42251   1  41
        1.58926       -0.39285   1  42
        1.58926       -0.38093   1  43
        1.58926       -0.37686   1  44
        1.58926       -0.37319   1  45
        1.58926       -0.34019   1  46
        1.58926       -0.33101   1  47
        1.58926       -0.33071   1  48
        1.58926       -0.32033   1  49
        1.58926       -0.29496   1  50
        1.58926       -0.27921   1  51
        1.58926       -0.27570   1  52
        1.58926       -0.27270   1  53
        1.58926       -0.26139   1  54
        1.58926       -0.23700   1  55
        1.58926       -0.21625   1  56
        1.58926       -0.18114   1  57
        1.58926       -0.17751   1  58
        1.58926       -0.11722   1  59
        1.58926       -0.09641   1  60
        1.58926       -0.08821   1  61
        1.58926       -0.07465   1  62
        1.58926       -0.01756   1  63
        1.58926       -0.00938   1  64
        1.58926        0.00117   1  65
        1.58926        0.01691   1  66
        1.58926        0.09361   1  67
        1.58926        0.10155   1  68
        1.58926        0.13164   1  69
        1.58926        0.14186   1  70
        1.58926        0.21990   1  71
        1.58926        0.23296   1  72
        1.58926        0.23937   1  73
        1.58926        0.25241   1  74
        1.58926        0.26211   1  75
        1.58926        0.27057   1  76
        1.58926        0.30005   1  77
        1.58926        0.32342   1  78
        1.58926        0.38534   1  79
        1.58926        0.39528   1  80
        1.58926        0.42749   1  81
        1.58926        0.44203   1  82
        1.58926        0.50803   1  83
        1.58926        0.51506   1  84
        1.58926        0.54817   1  85
        1.58926        0.57365   1  86
        1.58926        0.60477   1  87
        1.58926        0.62057   1  88
        1.58926        0.63836   1  89
        1.58926        0.65119   1  90
        1.58926        0.68123   1  91
        1.58926        0.68318   1  92
        1.58926        0.69090   1  93
        1.58926        0.69213   1  94
        1.58926        0.70827   1  95
        1.58926        0.70962   1  96
        1.58926        0.72848   1  97
        1.58926        0.73808   1  98
        1.58926        0.79184   1  99
        1.58926        0.80343   1 100
        1.58926        0.82365   1 101
        1.58926        0.83536   1 102
        1.58926        0.84450   1 103
        1.58926        0.86437   1 104
        1.58926        0.87843   1 105
        1.58926        0.88608   1 106
        1.58926        0.94556   1 107
        1.58926        0.95208   1 108
        1.58926        0.96237   1 109
        1.58926        0.97072   1 110
        1.58926        0.97755   1 111
        1.58926        0.99007   1 112
        1.58926        1.00659   1 113
        1.58926        1.00844   1 114
        1.58926        1.02593   1 115
        1.58926        1.04397   1 116
        1.58926        1.04886   1 117
        1.58926        1.04939   1 118
        1.58926        1.05648   1 119
        1.58926        1.07482   1 120
        1.58926        1.07526   1 121
        1.58926        1.09075   1 122
        1.58926        1.13120   1 123
        1.58926        1.13816   1 124
        1.58926        1.16315   1 125
        1.58926        1.17509   1 126
        1.58926        1.21817   1 127
        1.58926        1.22513   1 128
        1.58926        1.22930   1 129
        1.58926        1.23744   1 130
        1.58926        1.25537   1 131
        1.58926        1.27600   1 132
        1.58926        1.29432   1 133
        1.58926        1.30891   1 134
        1.58926        1.31839   1 135
        1.58926        1.34579   1 136
        1.58926        1.35152   1 137
        1.58926        1.36299   1 138
        1.58926        1.40690   1 139
        1.58926        1.42466   1 140
        1.58926        1.42665   1 141
        1.58926        1.44376   1 142
        1.58926        1.53042   1 143
        1.58926        1.53718   1 144
        1.58926        1.57408   1 145
        1.58926        1.58297   1 146
        1.58926        1.61952   1 147
        1.58926        1.62286   1 148
        1.58926        1.76600   1 149
        1.58926        1.76878   1 150
        1.58926        1.78439   1 151
        1.58926        1.78647   1 152
        1.62854       -0.93003   1   1
        1.62854       -0.90414   1   2
        1.62854       -0.86035   1   3
        1.62854       -0.84690   1   4
        1.62854       -0.79557   1   5
        1.62854       -0.78459   1   6
        1.62854       -0.72200   1   7
        1.62854       -0.70333   1   8
        1.62854       -0.70257   1   9
        1.62854       -0.69703   1  10
        1.62854       -0.69254   1  11
        1.62854       -0.69197   1  12
        1.62854       -0.68606   1  13
        1.62854       -0.68469   1  14
        1.62854       -0.67619   1  15
        1.62854       -0.66402   1  16
        1.62854       -0.66042   1  17
        1.62854       -0.64473   1  18
        1.62854       -0.64447   1  19
        1.62854       -0.63649   1  20
        1.62854       -0.62991   1  21
        1.62854       -0.62180   1  22
        1.62854       -0.61993   1  23
        1.62854       -0.61183   1  24
        1.62854       -0.60804   1  25
        1.62854       -0.58402   1  26
        1.62854       -0.56534   1  27
        1.62854       -0.56124   1  28
        1.62854       -0.55975   1  29
        1.62854       -0.55383   1  30
        1.62854       -0.55250   1  31
        1.62854       -0.55106   1  32
        1.62854       -0.51695   1  33
        1.62854       -0.50760   1  34
        1.62854       -0.49125   1  35
        1.62854       -0.46018   1  36
        1.62854       -0.45695   1  37
        1.62854       -0.43830   1  38
        1.62854       -0.43064   1  39
        1.62854       -0.42306   1  40
        1.62854       -0.41219   1  41
        1.62854       -0.38997   1  42
        1.62854       -0.38321   1  43
        1.62854       -0.37600   1  44
        1.62854       -0.37165   1  45
        1.62854       -0.34632   1  46
        1.62854       -0.34411   1  47
        1.62854       -0.34383   1  48
        1.62854       -0.31903   1  49
        1.62854       -0.29845   1  50
        1.62854       -0.28878   1  51
        1.62854       -0.27795   1  52
        1.62854       -0.27359   1  53
        1.62854       -0.26473   1  54
        1.62854       -0.23372   1  55
        1.62854       -0.22571   1  56
        1.62854       -0.19208   1  57
        1.62854       -0.18753   1  58
        1.62854       -0.12831   1  59
        1.62854       -0.10615   1  60
        1.62854       -0.09883   1  61
        1.62854       -0.08412   1  62
        1.62854       -0.02532   1  63
        1.62854       -0.01753   1  64
        1.62854       -0.00968   1  65
        1.62854        0.00634   1  66
        1.62854        0.08184   1  67
        1.62854        0.08923   1  68
        1.62854        0.12454   1  69
        1.62854        0.13489   1  70
        1.62854        0.20987   1  71
        1.62854        0.22283   1  72
        1.62854        0.25061   1  73
        1.62854        0.25803   1  74
        1.62854        0.27290   1  75
        1.62854        0.28895   1  76
        1.62854        0.32787   1  77
        1.62854        0.34145   1  78
        1.62854        0.38029   1  79
        1.62854        0.38955   1  80
        1.62854        0.42896   1  81
        1.62854        0.44042   1  82
        1.62854        0.53978   1  83
        1.62854        0.55743   1  84
        1.62854        0.57624   1  85
        1.62854        0.60023   1  86
        1.62854        0.61168   1  87
        1.62854        0.62160   1  88
        1.62854        0.64745   1  89
        1.62854        0.66360   1  90
        1.62854        0.71921   1  91
        1.62854        0.72096   1  92
        1.62854        0.72291   1  93
        1.62854        0.72418   1  94
        1.62854        0.73561   1  95
        1.62854        0.73744   1  96
        1.62854        0.74309   1  97
        1.62854        0.74915   1  98
        1.62854        0.82853   1  99
        1.62854        0.84411   1 100
        1.62854        0.85734   1 101
        1.62854        0.86530   1 102
        1.62854        0.88397   1 103
        1.62854        0.88720   1 104
        1.62854        0.89593   1 105
        1.62854        0.90982   1 106
        1.62854        0.96910   1 107
        1.62854        0.99443   1 108
        1.62854        1.00003   1 109
        1.62854        1.00096   1 110
        1.62854        1.00177   1 111
        1.62854        1.02539   1 112
        1.62854        1.04062   1 113
        1.62854        1.04798   1 114
        1.62854        1.05753   1 115
        1.62854        1.07424   1 116
        1.62854        1.07706   1 117
        1.62854        1.09051   1 118
        1.62854        1.09157   1 119
        1.62854        1.09692   1 120
        1.62854        1.10236   1 121
        1.62854        1.10405   1 122
        1.62854        1.18002   1 123
        1.62854        1.18639   1 124
        1.62854        1.19713   1 125
        1.62854        1.20921   1 126
        1.62854        1.23367   1 127
        1.62854        1.23935   1 128
        1.62854        1.25852   1 129
        1.62854        1.26184   1 130
        1.62854        1.27186   1 131
        1.62854        1.29697   1 132
        1.62854        1.30531   1 133
        1.62854        1.32741   1 134
        1.62854        1.35804   1 135
        1.62854        1.35961   1 136
        1.62854        1.36999   1 137
        1.62854        1.38934   1 138
        1.62854        1.41746   1 139
        1.62854        1.44343   1 140
        1.62854        1.47434   1 141
        1.62854        1.49681   1 142
        1.62854        1.53726   1 143
        1.62854        1.54200   1 144
        1.62854        1.54260   1 145
        1.62854        1.55462   1 146
        1.62854        1.67616   1 147
        1.62854        1.68031   1 148
        1.62854        1.75309   1 149
        1.62854        1.75644   1 150
        1.62854        1.76045   1 151
        1.62854        1.76265   1 152
        1.66782       -0.93512   1   1
        1.66782       -0.90870   1   2
        1.66782       -0.86313   1   3
        1.66782       -0.84981   1   4
        1.66782       -0.79471   1   5
        1.66782       -0.78399   1   6
        1.66782       -0.71795   1   7
        1.66782       -0.70445   1   8
        1.66782       -0.69299   1   9
        1.66782       -0.69161   1  10
        1.66782       -0.68966   1  11
        1.66782       -0.68674   1  12
        1.66782       -0.68493   1  13
        1.66782       -0.68423   1  14
        1.66782       -0.67148   1  15
        1.66782       -0.65903   1  16
        1.66782       -0.65553   1  17
        1.66782       -0.65159   1  18
        1.66782       -0.65057   1  19
        1.66782       -0.62664   1  20
        1.66782       -0.62101   1  21
        1.66782       -0.61800   1  22
        1.66782       -0.61659   1  23
        1.66782       -0.61403   1  24
        1.66782       -0.60774   1  25
        1.66782       -0.57745   1  26
        1.66782       -0.56501   1  27
        1.66782       -0.56204   1  28
        1.66782       -0.56143   1  29
        1.66782       -0.55582   1  30
        1.66782       -0.55371   1  31
        1.66782       -0.55096   1  32
        1.66782       -0.51420   1  33
        1.66782       -0.51104   1  34
        1.66782       -0.49291   1  35
        1.66782       -0.46129   1  36
        1.66782       -0.45895   1  37
        1.66782       -0.43593   1  38
        1.66782       -0.43188   1  39
        1.66782       -0.42163   1  40
        1.66782       -0.40458   1  41
        1.66782       -0.38906   1  42
        1.66782       -0.38457   1  43
        1.66782       -0.37401   1  44
        1.66782       -0.36956   1  45
        1.66782       -0.35517   1  46
        1.66782       -0.35261   1  47
        1.66782       -0.35190   1  48
        1.66782       -0.31700   1  49
        1.66782       -0.30086   1  50
        1.66782       -0.29457   1  51
        1.66782       -0.27801   1  52
        1.66782       -0.27403   1  53
        1.66782       -0.26922   1  54
        1.66782       -0.23156   1  55
        1.66782       -0.23034   1  56
        1.66782       -0.19865   1  57
        1.66782       -0.19348   1  58
        1.66782       -0.13500   1  59
        1.66782       -0.11204   1  60
        1.66782       -0.10527   1  61
        1.66782       -0.08968   1  62
        1.66782       -0.03006   1  63
        1.66782       -0.02254   1  64
        1.66782       -0.01621   1  65
        1.66782        0.00003   1  66
        1.66782        0.07448   1  67
        1.66782        0.08156   1  68
        1.66782        0.12000   1  69
        1.66782        0.13046   1  70
        1.66782        0.20338   1  71
        1.66782        0.21636   1  72
        1.66782        0.24855   1  73
        1.66782        0.25563   1  74
        1.66782        0.29362   1  75
        1.66782        0.30533   1  76
        1.66782        0.34469   1  77
        1.66782        0.35592   1  78
        1.66782        0.37709   1  79
        1.66782        0.38598   1  80
        1.66782        0.42870   1  81
        1.66782        0.43889   1  82
        1.66782        0.56748   1  83
        1.66782        0.58371   1  84
        1.66782        0.59081   1  85
        1.66782        0.59620   1  86
        1.66782        0.62994   1  87
        1.66782        0.63685   1  88
        1.66782        0.64836   1  89
        1.66782        0.66505   1  90
        1.66782        0.73959   1  91
        1.66782        0.74114   1  92
        1.66782        0.74175   1  93
        1.66782        0.74336   1  94
        1.66782        0.75247   1  95
        1.66782        0.75472   1  96
        1.66782        0.75481   1  97
        1.66782        0.75763   1  98
        1.66782        0.84521   1  99
        1.66782        0.86323   1 100
        1.66782        0.87907   1 101
        1.66782        0.88929   1 102
        1.66782        0.90312   1 103
        1.66782        0.90894   1 104
        1.66782        0.91159   1 105
        1.66782        0.92419   1 106
        1.66782        0.94813   1 107
        1.66782        1.00704   1 108
        1.66782        1.01783   1 109
        1.66782        1.01988   1 110
        1.66782        1.02400   1 111
        1.66782        1.02915   1 112
        1.66782        1.06641   1 113
        1.66782        1.06899   1 114
        1.66782        1.08330   1 115
        1.66782        1.09017   1 116
        1.66782        1.10390   1 117
        1.66782        1.11027   1 118
        1.66782        1.11541   1 119
        1.66782        1.11809   1 120
        1.66782        1.12124   1 121
        1.66782        1.12481   1 122
        1.66782        1.20395   1 123
        1.66782        1.21023   1 124
        1.66782        1.21811   1 125
        1.66782        1.22424   1 126
        1.66782        1.23811   1 127
        1.66782        1.24642   1 128
        1.66782        1.24777   1 129
        1.66782        1.28497   1 130
        1.66782        1.29492   1 131
        1.66782        1.29535   1 132
        1.66782        1.31610   1 133
        1.66782        1.33632   1 134
        1.66782        1.36117   1 135
        1.66782        1.37685   1 136
        1.66782        1.38450   1 137
        1.66782        1.41212   1 138
        1.66782        1.43580   1 139
        1.66782        1.45941   1 140
        1.66782        1.50356   1 141
        1.66782        1.51081   1 142
        1.66782        1.52067   1 143
        1.66782        1.52827   1 144
        1.66782        1.54773   1 145
        1.66782        1.55969   1 146
        1.66782        1.71043   1 147
        1.66782        1.71493   1 148
        1.66782        1.73339   1 149
        1.66782        1.73674   1 150
        1.66782        1.74277   1 151
        1.66782        1.74552   1 152
        1.70711       -0.93684   1   1
        1.70711       -0.91025   1   2
        1.70711       -0.86406   1   3
        1.70711       -0.85080   1   4
        1.70711       -0.79442   1   5
        1.70711       -0.78377   1   6
        1.70711       -0.71678   1   7
        1.70711       -0.70510   1   8
        1.70711       -0.69007   1   9
        1.70711       -0.68827   1  10
        1.70711       -0.68824   1  11
        1.70711       -0.68575   1  12
        1.70711       -0.68524   1  13
        1.70711       -0.68348   1  14
        1.70711       -0.66604   1  15
        1.70711       -0.65820   1  16
        1.70711       -0.65638   1  17
        1.70711       -0.65459   1  18
        1.70711       -0.65278   1  19
        1.70711       -0.62254   1  20
        1.70711       -0.61805   1  21
        1.70711       -0.61623   1  22
        1.70711       -0.61620   1  23
        1.70711       -0.61436   1  24
        1.70711       -0.60764   1  25
        1.70711       -0.57443   1  26
        1.70711       -0.56536   1  27
        1.70711       -0.56258   1  28
        1.70711       -0.56200   1  29
        1.70711       -0.55697   1  30
        1.70711       -0.55365   1  31
        1.70711       -0.55090   1  32
        1.70711       -0.51318   1  33
        1.70711       -0.51237   1  34
        1.70711       -0.49350   1  35
        1.70711       -0.46184   1  36
        1.70711       -0.45949   1  37
        1.70711       -0.43503   1  38
        1.70711       -0.43236   1  39
        1.70711       -0.42113   1  40
        1.70711       -0.40178   1  41
        1.70711       -0.38908   1  42
        1.70711       -0.38485   1  43
        1.70711       -0.37211   1  44
        1.70711       -0.36761   1  45
        1.70711       -0.36094   1  46
        1.70711       -0.35556   1  47
        1.70711       -0.35474   1  48
        1.70711       -0.31614   1  49
        1.70711       -0.30172   1  50
        1.70711       -0.29648   1  51
        1.70711       -0.27701   1  52
        1.70711       -0.27390   1  53
        1.70711       -0.27226   1  54
        1.70711       -0.23170   1  55
        1.70711       -0.23075   1  56
        1.70711       -0.20083   1  57
        1.70711       -0.19544   1  58
        1.70711       -0.13722   1  59
        1.70711       -0.11401   1  60
        1.70711       -0.10743   1  61
        1.70711       -0.09151   1  62
        1.70711       -0.03167   1  63
        1.70711       -0.02424   1  64
        1.70711       -0.01838   1  65
        1.70711       -0.00205   1  66
        1.70711        0.07197   1  67
        1.70711        0.07896   1  68
        1.70711        0.11845   1  69
        1.70711        0.12895   1  70
        1.70711        0.20117   1  71
        1.70711        0.21419   1  72
        1.70711        0.24779   1  73
        1.70711        0.25479   1  74
        1.70711        0.30035   1  75
        1.70711        0.31200   1  76
        1.70711        0.35017   1  77
        1.70711        0.36157   1  78
        1.70711        0.37604   1  79
        1.70711        0.38479   1  80
        1.70711        0.42849   1  81
        1.70711        0.43831   1  82
        1.70711        0.58112   1  83
        1.70711        0.58882   1  84
        1.70711        0.59341   1  85
        1.70711        0.59663   1  86
        1.70711        0.63921   1  87
        1.70711        0.64648   1  88
        1.70711        0.64661   1  89
        1.70711        0.66015   1  90
        1.70711        0.74567   1  91
        1.70711        0.74717   1  92
        1.70711        0.74730   1  93
        1.70711        0.74891   1  94
        1.70711        0.75812   1  95
        1.70711        0.76023   1  96
        1.70711        0.76025   1  97
        1.70711        0.76233   1  98
        1.70711        0.84750   1  99
        1.70711        0.86610   1 100
        1.70711        0.89502   1 101
        1.70711        0.89855   1 102
        1.70711        0.91387   1 103
        1.70711        0.91762   1 104
        1.70711        0.92097   1 105
        1.70711        0.92411   1 106
        1.70711        0.93126   1 107
        1.70711        1.00478   1 108
        1.70711        1.02356   1 109
        1.70711        1.02465   1 110
        1.70711        1.02951   1 111
        1.70711        1.03046   1 112
        1.70711        1.07336   1 113
        1.70711        1.07512   1 114
        1.70711        1.08997   1 115
        1.70711        1.09130   1 116
        1.70711        1.12146   1 117
        1.70711        1.12277   1 118
        1.70711        1.12282   1 119
        1.70711        1.12734   1 120
        1.70711        1.12897   1 121
        1.70711        1.13228   1 122
        1.70711        1.21008   1 123
        1.70711        1.21105   1 124
        1.70711        1.21652   1 125
        1.70711        1.21729   1 126
        1.70711        1.23506   1 127
        1.70711        1.26339   1 128
        1.70711        1.27402   1 129
        1.70711        1.29126   1 130
        1.70711        1.29328   1 131
        1.70711        1.30152   1 132
        1.70711        1.30273   1 133
        1.70711        1.31110   1 134
        1.70711        1.38979   1 135
        1.70711        1.39513   1 136
        1.70711        1.41691   1 137
        1.70711        1.41876   1 138
        1.70711        1.42143   1 139
        1.70711        1.42590   1 140
        1.70711        1.51164   1 141
        1.70711        1.51524   1 142
        1.70711        1.53551   1 143
        1.70711        1.54124   1 144
        1.70711        1.54609   1 145
        1.70711        1.55020   1 146
        1.70711        1.72147   1 147
        1.70711        1.72206   1 148
        1.70711        1.72586   1 149
        1.70711        1.72677   1 150
        1.70711        1.73850   1 151
        1.70711        1.74040   1 152
        1.70711       -0.93684   1   1
        1.70711       -0.91025   1   2
        1.70711       -0.86406   1   3
        1.70711       -0.85080   1   4
        1.70711       -0.79442   1   5
        1.70711       -0.78377   1   6
        1.70711       -0.71678   1   7
        1.70711       -0.70510   1   8
        1.70711       -0.69007   1   9
        1.70711       -0.68827   1  10
        1.70711       -0.68824   1  11
        1.70711       -0.68575   1  12
        1.70711       -0.68524   1  13
        1.70711       -0.68348   1  14
        1.70711       -0.66604   1  15
        1.70711       -0.65820   1  16
        1.70711       -0.65638   1  17
        1.70711       -0.65459   1  18
        1.70711       -0.65278   1  19
        1.70711       -0.62254   1  20
        1.70711       -0.61805   1  21
        1.70711       -0.61623   1  22
        1.70711       -0.61620   1  23
        1.70711       -0.61436   1  24
        1.70711       -0.60764   1  25
        1.70711       -0.57443   1  26
        1.70711       -0.56536   1  27
        1.70711       -0.56258   1  28
        1.70711       -0.56200   1  29
        1.70711       -0.55697   1  30
        1.70711       -0.55365   1  31
        1.70711       -0.55090   1  32
        1.70711       -0.51318   1  33
        1.70711       -0.51237   1  34
        1.70711       -0.49350   1  35
        1.70711       -0.46184   1  36
        1.70711       -0.45949   1  37
        1.70711       -0.43503   1  38
        1.70711       -0.43236   1  39
        1.70711       -0.42113   1  40
        1.70711       -0.40178   1  41
        1.70711       -0.38908   1  42
        1.70711       -0.38485   1  43
        1.70711       -0.37211   1  44
        1.70711       -0.36761   1  45
        1.70711       -0.36094   1  46
        1.70711       -0.35556   1  47
        1.70711       -0.35474   1  48
        1.70711       -0.31614   1  49
        1.70711       -0.30172   1  50
        1.70711       -0.29648   1  51
        1.70711       -0.27701   1  52
        1.70711       -0.27390   1  53
        1.70711       -0.27226   1  54
        1.70711       -0.23170   1  55
        1.70711       -0.23075   1  56
        1.70711       -0.20083   1  57
        1.70711       -0.19544   1  58
        1.70711       -0.13722   1  59
        1.70711       -0.11401   1  60
        1.70711       -0.10743   1  61
        1.70711       -0.09151   1  62
        1.70711       -0.03167   1  63
        1.70711       -0.02424   1  64
        1.70711       -0.01838   1  65
        1.70711       -0.00205   1  66
        1.70711        0.07197   1  67
        1.70711        0.07896   1  68
        1.70711        0.11845   1  69
        1.70711        0.12895   1  70
        1.70711        0.20117   1  71
        1.70711        0.21419   1  72
        1.70711        0.24779   1  73
        1.70711        0.25479   1  74
        1.70711        0.30035   1  75
        1.70711        0.31200   1  76
        1.70711        0.35017   1  77
        1.70711        0.36157   1  78
        1.70711        0.37604   1  79
        1.70711        0.38479   1  80
        1.70711        0.42849   1  81
        1.70711        0.43831   1  82
        1.70711        0.58112   1  83
        1.70711        0.58882   1  84
        1.70711        0.59341   1  85
        1.70711        0.59663   1  86
        1.70711        0.63921   1  87
        1.70711        0.64648   1  88
        1.70711        0.64661   1  89
        1.70711        0.66015   1  90
        1.70711        0.74567   1  91
        1.70711        0.74717   1  92
        1.70711        0.74730   1  93
        1.70711        0.74891   1  94
        1.70711        0.75812   1  95
        1.70711        0.76023   1  96
        1.70711        0.76025   1  97
        1.70711        0.76233   1  98
        1.70711        0.84750   1  99
        1.70711        0.86610   1 100
        1.70711        0.89502   1 101
        1.70711        0.89855   1 102
        1.70711        0.91387   1 103
        1.70711        0.91762   1 104
        1.70711        0.92097   1 105
        1.70711        0.92411   1 106
        1.70711        0.93126   1 107
        1.70711        1.00478   1 108
        1.70711        1.02356   1 109
        1.70711        1.02465   1 110
        1.70711        1.02951   1 111
        1.70711        1.03046   1 112
        1.70711        1.07336   1 113
        1.70711        1.07512   1 114
        1.70711        1.08997   1 115
        1.70711        1.09130   1 116
        1.70711        1.12146   1 117
        1.70711        1.12277   1 118
        1.70711        1.12282   1 119
        1.70711        1.12734   1 120
        1.70711        1.12897   1 121
        1.70711        1.13228   1 122
        1.70711        1.21008   1 123
        1.70711        1.21105   1 124
        1.70711        1.21652   1 125
        1.70711        1.21729   1 126
        1.70711        1.23506   1 127
        1.70711        1.26339   1 128
        1.70711        1.27402   1 129
        1.70711        1.29126   1 130
        1.70711        1.29328   1 131
        1.70711        1.30152   1 132
        1.70711        1.30273   1 133
        1.70711        1.31110   1 134
        1.70711        1.38979   1 135
        1.70711        1.39513   1 136
        1.70711        1.41691   1 137
        1.70711        1.41876   1 138
        1.70711        1.42143   1 139
        1.70711        1.42590   1 140
        1.70711        1.51164   1 141
        1.70711        1.51524   1 142
        1.70711        1.53551   1 143
        1.70711        1.54124   1 144
        1.70711        1.54609   1 145
        1.70711        1.55020   1 146
        1.70711        1.72147   1 147
        1.70711        1.72206   1 148
        1.70711        1.72586   1 149
        1.70711        1.72677   1 150
        1.70711        1.73850   1 151
        1.70711        1.74040   1 152
        1.73653       -0.93684   1   1
        1.73653       -0.91025   1   2
        1.73653       -0.86403   1   3
        1.73653       -0.85078   1   4
        1.73653       -0.79448   1   5
        1.73653       -0.78381   1   6
        1.73653       -0.71671   1   7
        1.73653       -0.70510   1   8
        1.73653       -0.69007   1   9
        1.73653       -0.68827   1  10
        1.73653       -0.68820   1  11
        1.73653       -0.68573   1  12
        1.73653       -0.68524   1  13
        1.73653       -0.68348   1  14
        1.73653       -0.66610   1  15
        1.73653       -0.65820   1  16
        1.73653       -0.65638   1  17
        1.73653       -0.65459   1  18
        1.73653       -0.65278   1  19
        1.73653       -0.62257   1  20
        1.73653       -0.61805   1  21
        1.73653       -0.61623   1  22
        1.73653       -0.61620   1  23
        1.73653       -0.61436   1  24
        1.73653       -0.60764   1  25
        1.73653       -0.57443   1  26
        1.73653       -0.56536   1  27
        1.73653       -0.56258   1  28
        1.73653       -0.56200   1  29
        1.73653       -0.55697   1  30
        1.73653       -0.55365   1  31
        1.73653       -0.55090   1  32
        1.73653       -0.51318   1  33
        1.73653       -0.51237   1  34
        1.73653       -0.49350   1  35
        1.73653       -0.46184   1  36
        1.73653       -0.45949   1  37
        1.73653       -0.43503   1  38
        1.73653       -0.43240   1  39
        1.73653       -0.42113   1  40
        1.73653       -0.40178   1  41
        1.73653       -0.38908   1  42
        1.73653       -0.38485   1  43
        1.73653       -0.37211   1  44
        1.73653       -0.36761   1  45
        1.73653       -0.36097   1  46
        1.73653       -0.35548   1  47
        1.73653       -0.35471   1  48
        1.73653       -0.31614   1  49
        1.73653       -0.30172   1  50
        1.73653       -0.29655   1  51
        1.73653       -0.27701   1  52
        1.73653       -0.27392   1  53
        1.73653       -0.27226   1  54
        1.73653       -0.23180   1  55
        1.73653       -0.23075   1  56
        1.73653       -0.20041   1  57
        1.73653       -0.19505   1  58
        1.73653       -0.14059   1  59
        1.73653       -0.11796   1  60
        1.73653       -0.10041   1  61
        1.73653       -0.08337   1  62
        1.73653       -0.04842   1  63
        1.73653       -0.03837   1  64
        1.73653       -0.00058   1  65
        1.73653        0.01256   1  66
        1.73653        0.06138   1  67
        1.73653        0.06933   1  68
        1.73653        0.12766   1  69
        1.73653        0.13714   1  70
        1.73653        0.19201   1  71
        1.73653        0.20406   1  72
        1.73653        0.25745   1  73
        1.73653        0.26587   1  74
        1.73653        0.30043   1  75
        1.73653        0.31200   1  76
        1.73653        0.35010   1  77
        1.73653        0.36014   1  78
        1.73653        0.36157   1  79
        1.73653        0.36824   1  80
        1.73653        0.45029   1  81
        1.73653        0.46043   1  82
        1.73653        0.55278   1  83
        1.73653        0.56484   1  84
        1.73653        0.58885   1  85
        1.73653        0.59661   1  86
        1.73653        0.63926   1  87
        1.73653        0.64647   1  88
        1.73653        0.67803   1  89
        1.73653        0.69190   1  90
        1.73653        0.74561   1  91
        1.73653        0.74711   1  92
        1.73653        0.74724   1  93
        1.73653        0.74884   1  94
        1.73653        0.75809   1  95
        1.73653        0.76019   1  96
        1.73653        0.76022   1  97
        1.73653        0.76229   1  98
        1.73653        0.81393   1  99
        1.73653        0.82964   1 100
        1.73653        0.89538   1 101
        1.73653        0.89895   1 102
        1.73653        0.91780   1 103
        1.73653        0.92143   1 104
        1.73653        0.92709   1 105
        1.73653        0.94472   1 106
        1.73653        0.95348   1 107
        1.73653        1.00500   1 108
        1.73653        1.02295   1 109
        1.73653        1.02404   1 110
        1.73653        1.02889   1 111
        1.73653        1.02983   1 112
        1.73653        1.07536   1 113
        1.73653        1.07722   1 114
        1.73653        1.09301   1 115
        1.73653        1.09444   1 116
        1.73653        1.11324   1 117
        1.73653        1.11773   1 118
        1.73653        1.11889   1 119
        1.73653        1.12217   1 120
        1.73653        1.12248   1 121
        1.73653        1.12397   1 122
        1.73653        1.21539   1 123
        1.73653        1.21639   1 124
        1.73653        1.22149   1 125
        1.73653        1.22233   1 126
        1.73653        1.23965   1 127
        1.73653        1.27034   1 128
        1.73653        1.27354   1 129
        1.73653        1.28534   1 130
        1.73653        1.28741   1 131
        1.73653        1.29646   1 132
        1.73653        1.29770   1 133
        1.73653        1.30814   1 134
        1.73653        1.39393   1 135
        1.73653        1.39932   1 136
        1.73653        1.41785   1 137
        1.73653        1.42112   1 138
        1.73653        1.42529   1 139
        1.73653        1.42561   1 140
        1.73653        1.50997   1 141
        1.73653        1.51347   1 142
        1.73653        1.53355   1 143
        1.73653        1.53923   1 144
        1.73653        1.54619   1 145
        1.73653        1.55024   1 146
        1.73653        1.72165   1 147
        1.73653        1.72226   1 148
        1.73653        1.72615   1 149
        1.73653        1.72708   1 150
        1.73653        1.73847   1 151
        1.73653        1.74037   1 152
        1.76595       -0.93685   1   1
        1.76595       -0.91026   1   2
        1.76595       -0.86401   1   3
        1.76595       -0.85076   1   4
        1.76595       -0.79454   1   5
        1.76595       -0.78384   1   6
        1.76595       -0.71665   1   7
        1.76595       -0.70510   1   8
        1.76595       -0.69007   1   9
        1.76595       -0.68827   1  10
        1.76595       -0.68815   1  11
        1.76595       -0.68570   1  12
        1.76595       -0.68524   1  13
        1.76595       -0.68348   1  14
        1.76595       -0.66615   1  15
        1.76595       -0.65820   1  16
        1.76595       -0.65638   1  17
        1.76595       -0.65459   1  18
        1.76595       -0.65278   1  19
        1.76595       -0.62260   1  20
        1.76595       -0.61805   1  21
        1.76595       -0.61623   1  22
        1.76595       -0.61620   1  23
        1.76595       -0.61436   1  24
        1.76595       -0.60764   1  25
        1.76595       -0.57443   1  26
        1.76595       -0.56536   1  27
        1.76595       -0.56258   1  28
        1.76595       -0.56200   1  29
        1.76595       -0.55696   1  30
        1.76595       -0.55365   1  31
        1.76595       -0.55090   1  32
        1.76595       -0.51318   1  33
        1.76595       -0.51237   1  34
        1.76595       -0.49350   1  35
        1.76595       -0.46184   1  36
        1.76595       -0.45949   1  37
        1.76595       -0.43503   1  38
        1.76595       -0.43244   1  39
        1.76595       -0.42113   1  40
        1.76595       -0.40178   1  41
        1.76595       -0.38908   1  42
        1.76595       -0.38485   1  43
        1.76595       -0.37211   1  44
        1.76595       -0.36761   1  45
        1.76595       -0.36099   1  46
        1.76595       -0.35539   1  47
        1.76595       -0.35468   1  48
        1.76595       -0.31614   1  49
        1.76595       -0.30172   1  50
        1.76595       -0.29663   1  51
        1.76595       -0.27701   1  52
        1.76595       -0.27393   1  53
        1.76595       -0.27226   1  54
        1.76595       -0.23190   1  55
        1.76595       -0.23075   1  56
        1.76595       -0.19998   1  57
        1.76595       -0.19466   1  58
        1.76595       -0.14331   1  59
        1.76595       -0.12085   1  60
        1.76595       -0.09216   1  61
        1.76595       -0.07323   1  62
        1.76595       -0.06038   1  63
        1.76595       -0.05132   1  64
        1.76595        0.01312   1  65
        1.76595        0.02561   1  66
        1.76595        0.04960   1  67
        1.76595        0.05808   1  68
        1.76595        0.13665   1  69
        1.76595        0.14529   1  70
        1.76595        0.18305   1  71
        1.76595        0.19489   1  72
        1.76595        0.26664   1  73
        1.76595        0.27601   1  74
        1.76595        0.30059   1  75
        1.76595        0.31200   1  76
        1.76595        0.34684   1  77
        1.76595        0.35056   1  78
        1.76595        0.35473   1  79
        1.76595        0.36157   1  80
        1.76595        0.47503   1  81
        1.76595        0.48535   1  82
        1.76595        0.52449   1  83
        1.76595        0.53641   1  84
        1.76595        0.58883   1  85
        1.76595        0.59660   1  86
        1.76595        0.63926   1  87
        1.76595        0.64647   1  88
        1.76595        0.71109   1  89
        1.76595        0.72545   1  90
        1.76595        0.74556   1  91
        1.76595        0.74704   1  92
        1.76595        0.74717   1  93
        1.76595        0.74877   1  94
        1.76595        0.75806   1  95
        1.76595        0.76015   1  96
        1.76595        0.76020   1  97
        1.76595        0.76225   1  98
        1.76595        0.77940   1  99
        1.76595        0.79394   1 100
        1.76595        0.89577   1 101
        1.76595        0.89936   1 102
        1.76595        0.91825   1 103
        1.76595        0.92188   1 104
        1.76595        0.92812   1 105
        1.76595        0.96348   1 106
        1.76595        0.97415   1 107
        1.76595        1.00549   1 108
        1.76595        1.02236   1 109
        1.76595        1.02344   1 110
        1.76595        1.02829   1 111
        1.76595        1.02921   1 112
        1.76595        1.07761   1 113
        1.76595        1.07962   1 114
        1.76595        1.09716   1 115
        1.76595        1.09879   1 116
        1.76595        1.10293   1 117
        1.76595        1.11111   1 118
        1.76595        1.11395   1 119
        1.76595        1.11486   1 120
        1.76595        1.11668   1 121
        1.76595        1.11793   1 122
        1.76595        1.22121   1 123
        1.76595        1.22220   1 124
        1.76595        1.22677   1 125
        1.76595        1.22765   1 126
        1.76595        1.24396   1 127
        1.76595        1.27297   1 128
        1.76595        1.27797   1 129
        1.76595        1.27915   1 130
        1.76595        1.28111   1 131
        1.76595        1.29106   1 132
        1.76595        1.29233   1 133
        1.76595        1.30398   1 134
        1.76595        1.39792   1 135
        1.76595        1.40338   1 136
        1.76595        1.41732   1 137
        1.76595        1.42489   1 138
        1.76595        1.42533   1 139
        1.76595        1.42910   1 140
        1.76595        1.50822   1 141
        1.76595        1.51163   1 142
        1.76595        1.53150   1 143
        1.76595        1.53713   1 144
        1.76595        1.54629   1 145
        1.76595        1.55028   1 146
        1.76595        1.72183   1 147
        1.76595        1.72245   1 148
        1.76595        1.72643   1 149
        1.76595        1.72738   1 150
        1.76595        1.73843   1 151
        1.76595        1.74034   1 152
        1.76595       -0.93685   1   1
        1.76595       -0.91026   1   2
        1.76595       -0.86401   1   3
        1.76595       -0.85076   1   4
        1.76595       -0.79454   1   5
        1.76595       -0.78384   1   6
        1.76595       -0.71665   1   7
        1.76595       -0.70510   1   8
        1.76595       -0.69007   1   9
        1.76595       -0.68827   1  10
        1.76595       -0.68815   1  11
        1.76595       -0.68570   1  12
        1.76595       -0.68524   1  13
        1.76595       -0.68348   1  14
        1.76595       -0.66615   1  15
        1.76595       -0.65820   1  16
        1.76595       -0.65638   1  17
        1.76595       -0.65459   1  18
        1.76595       -0.65278   1  19
        1.76595       -0.62260   1  20
        1.76595       -0.61805   1  21
        1.76595       -0.61623   1  22
        1.76595       -0.61620   1  23
        1.76595       -0.61436   1  24
        1.76595       -0.60764   1  25
        1.76595       -0.57443   1  26
        1.76595       -0.56536   1  27
        1.76595       -0.56258   1  28
        1.76595       -0.56200   1  29
        1.76595       -0.55696   1  30
        1.76595       -0.55365   1  31
        1.76595       -0.55090   1  32
        1.76595       -0.51318   1  33
        1.76595       -0.51237   1  34
        1.76595       -0.49350   1  35
        1.76595       -0.46184   1  36
        1.76595       -0.45949   1  37
        1.76595       -0.43503   1  38
        1.76595       -0.43244   1  39
        1.76595       -0.42113   1  40
        1.76595       -0.40178   1  41
        1.76595       -0.38908   1  42
        1.76595       -0.38485   1  43
        1.76595       -0.37211   1  44
        1.76595       -0.36761   1  45
        1.76595       -0.36099   1  46
        1.76595       -0.35539   1  47
        1.76595       -0.35468   1  48
        1.76595       -0.31614   1  49
        1.76595       -0.30172   1  50
        1.76595       -0.29663   1  51
        1.76595       -0.27701   1  52
        1.76595       -0.27393   1  53
        1.76595       -0.27226   1  54
        1.76595       -0.23190   1  55
        1.76595       -0.23075   1  56
        1.76595       -0.19998   1  57
        1.76595       -0.19466   1  58
        1.76595       -0.14331   1  59
        1.76595       -0.12085   1  60
        1.76595       -0.09216   1  61
        1.76595       -0.07323   1  62
        1.76595       -0.06038   1  63
        1.76595       -0.05132   1  64
        1.76595        0.01312   1  65
        1.76595        0.02561   1  66
        1.76595        0.04960   1  67
        1.76595        0.05808   1  68
        1.76595        0.13665   1  69
        1.76595        0.14529   1  70
        1.76595        0.18305   1  71
        1.76595        0.19489   1  72
        1.76595        0.26664   1  73
        1.76595        0.27601   1  74
        1.76595        0.30059   1  75
        1.76595        0.31200   1  76
        1.76595        0.34684   1  77
        1.76595        0.35056   1  78
        1.76595        0.35473   1  79
        1.76595        0.36157   1  80
        1.76595        0.47503   1  81
        1.76595        0.48535   1  82
        1.76595        0.52449   1  83
        1.76595        0.53641   1  84
        1.76595        0.58883   1  85
        1.76595        0.59660   1  86
        1.76595        0.63926   1  87
        1.76595        0.64647   1  88
        1.76595        0.71109   1  89
        1.76595        0.72545   1  90
        1.76595        0.74556   1  91
        1.76595        0.74704   1  92
        1.76595        0.74717   1  93
        1.76595        0.74877   1  94
        1.76595        0.75806   1  95
        1.76595        0.76015   1  96
        1.76595        0.76020   1  97
        1.76595        0.76225   1  98
        1.76595        0.77940   1  99
        1.76595        0.79394   1 100
        1.76595        0.89577   1 101
        1.76595        0.89936   1 102
        1.76595        0.91825   1 103
        1.76595        0.92188   1 104
        1.76595        0.92812   1 105
        1.76595        0.96348   1 106
        1.76595        0.97415   1 107
        1.76595        1.00549   1 108
        1.76595        1.02236   1 109
        1.76595        1.02344   1 110
        1.76595        1.02829   1 111
        1.76595        1.02921   1 112
        1.76595        1.07761   1 113
        1.76595        1.07962   1 114
        1.76595        1.09716   1 115
        1.76595        1.09879   1 116
        1.76595        1.10293   1 117
        1.76595        1.11111   1 118
        1.76595        1.11395   1 119
        1.76595        1.11486   1 120
        1.76595        1.11668   1 121
        1.76595        1.11793   1 122
        1.76595        1.22121   1 123
        1.76595        1.22220   1 124
        1.76595        1.22677   1 125
        1.76595        1.22765   1 126
        1.76595        1.24396   1 127
        1.76595        1.27297   1 128
        1.76595        1.27797   1 129
        1.76595        1.27915   1 130
        1.76595        1.28111   1 131
        1.76595        1.29106   1 132
        1.76595        1.29233   1 133
        1.76595        1.30398   1 134
        1.76595        1.39792   1 135
        1.76595        1.40338   1 136
        1.76595        1.41732   1 137
        1.76595        1.42489   1 138
        1.76595        1.42533   1 139
        1.76595        1.42910   1 140
        1.76595        1.50822   1 141
        1.76595        1.51163   1 142
        1.76595        1.53150   1 143
        1.76595        1.53713   1 144
        1.76595        1.54629   1 145
        1.76595        1.55028   1 146
        1.76595        1.72183   1 147
        1.76595        1.72245   1 148
        1.76595        1.72643   1 149
        1.76595        1.72738   1 150
        1.76595        1.73843   1 151
        1.76595        1.74034   1 152
        1.80761       -0.93491   1   1
        1.80761       -0.90852   1   2
        1.80761       -0.86297   1   3
        1.80761       -0.84966   1   4
        1.80761       -0.79488   1   5
        1.80761       -0.78410   1   6
        1.80761       -0.71808   1   7
        1.80761       -0.70438   1   8
        1.80761       -0.69383   1   9
        1.80761       -0.69265   1  10
        1.80761       -0.68871   1  11
        1.80761       -0.68730   1  12
        1.80761       -0.68503   1  13
        1.80761       -0.68383   1  14
        1.80761       -0.67259   1  15
        1.80761       -0.65728   1  16
        1.80761       -0.65395   1  17
        1.80761       -0.65241   1  18
        1.80761       -0.65171   1  19
        1.80761       -0.62761   1  20
        1.80761       -0.62237   1  21
        1.80761       -0.61719   1  22
        1.80761       -0.61583   1  23
        1.80761       -0.61433   1  24
        1.80761       -0.60771   1  25
        1.80761       -0.57762   1  26
        1.80761       -0.56533   1  27
        1.80761       -0.56209   1  28
        1.80761       -0.56141   1  29
        1.80761       -0.55564   1  30
        1.80761       -0.55355   1  31
        1.80761       -0.55085   1  32
        1.80761       -0.51419   1  33
        1.80761       -0.51096   1  34
        1.80761       -0.49284   1  35
        1.80761       -0.46184   1  36
        1.80761       -0.45832   1  37
        1.80761       -0.43600   1  38
        1.80761       -0.43191   1  39
        1.80761       -0.42168   1  40
        1.80761       -0.40474   1  41
        1.80761       -0.38948   1  42
        1.80761       -0.38412   1  43
        1.80761       -0.37619   1  44
        1.80761       -0.36734   1  45
        1.80761       -0.35510   1  46
        1.80761       -0.35205   1  47
        1.80761       -0.35156   1  48
        1.80761       -0.31706   1  49
        1.80761       -0.30077   1  50
        1.80761       -0.29452   1  51
        1.80761       -0.27919   1  52
        1.80761       -0.27252   1  53
        1.80761       -0.26941   1  54
        1.80761       -0.23153   1  55
        1.80761       -0.23053   1  56
        1.80761       -0.19755   1  57
        1.80761       -0.19246   1  58
        1.80761       -0.14078   1  59
        1.80761       -0.11872   1  60
        1.80761       -0.08963   1  61
        1.80761       -0.07090   1  62
        1.80761       -0.05848   1  63
        1.80761       -0.04956   1  64
        1.80761        0.01546   1  65
        1.80761        0.02813   1  66
        1.80761        0.05179   1  67
        1.80761        0.06023   1  68
        1.80761        0.13952   1  69
        1.80761        0.14809   1  70
        1.80761        0.18409   1  71
        1.80761        0.19592   1  72
        1.80761        0.26865   1  73
        1.80761        0.27782   1  74
        1.80761        0.28682   1  75
        1.80761        0.31149   1  76
        1.80761        0.33795   1  77
        1.80761        0.34760   1  78
        1.80761        0.35548   1  79
        1.80761        0.36169   1  80
        1.80761        0.47514   1  81
        1.80761        0.48620   1  82
        1.80761        0.52194   1  83
        1.80761        0.53553   1  84
        1.80761        0.57316   1  85
        1.80761        0.59510   1  86
        1.80761        0.62279   1  87
        1.80761        0.64479   1  88
        1.80761        0.70526   1  89
        1.80761        0.71505   1  90
        1.80761        0.73904   1  91
        1.80761        0.74141   1  92
        1.80761        0.74449   1  93
        1.80761        0.74606   1  94
        1.80761        0.75300   1  95
        1.80761        0.75606   1  96
        1.80761        0.75743   1  97
        1.80761        0.75938   1  98
        1.80761        0.77893   1  99
        1.80761        0.79436   1 100
        1.80761        0.86971   1 101
        1.80761        0.89289   1 102
        1.80761        0.89642   1 103
        1.80761        0.91531   1 104
        1.80761        0.94432   1 105
        1.80761        0.95921   1 106
        1.80761        0.97154   1 107
        1.80761        1.00319   1 108
        1.80761        1.01186   1 109
        1.80761        1.02177   1 110
        1.80761        1.02476   1 111
        1.80761        1.02700   1 112
        1.80761        1.05259   1 113
        1.80761        1.07384   1 114
        1.80761        1.07881   1 115
        1.80761        1.09908   1 116
        1.80761        1.10104   1 117
        1.80761        1.10259   1 118
        1.80761        1.10655   1 119
        1.80761        1.11216   1 120
        1.80761        1.11487   1 121
        1.80761        1.11702   1 122
        1.80761        1.20845   1 123
        1.80761        1.21641   1 124
        1.80761        1.22207   1 125
        1.80761        1.22572   1 126
        1.80761        1.22772   1 127
        1.80761        1.23619   1 128
        1.80761        1.25474   1 129
        1.80761        1.28152   1 130
        1.80761        1.29359   1 131
        1.80761        1.30504   1 132
        1.80761        1.31224   1 133
        1.80761        1.32707   1 134
        1.80761        1.35881   1 135
        1.80761        1.37405   1 136
        1.80761        1.39988   1 137
        1.80761        1.42714   1 138
        1.80761        1.42749   1 139
        1.80761        1.45289   1 140
        1.80761        1.50055   1 141
        1.80761        1.50978   1 142
        1.80761        1.51245   1 143
        1.80761        1.53513   1 144
        1.80761        1.54681   1 145
        1.80761        1.55869   1 146
        1.80761        1.71749   1 147
        1.80761        1.72110   1 148
        1.80761        1.72865   1 149
        1.80761        1.73307   1 150
        1.80761        1.74199   1 151
        1.80761        1.74450   1 152
        1.84928       -0.92923   1   1
        1.84928       -0.90344   1   2
        1.84928       -0.85992   1   3
        1.84928       -0.84650   1   4
        1.84928       -0.79628   1   5
        1.84928       -0.78520   1   6
        1.84928       -0.72404   1   7
        1.84928       -0.70743   1   8
        1.84928       -0.70253   1   9
        1.84928       -0.70060   1  10
        1.84928       -0.69593   1  11
        1.84928       -0.68807   1  12
        1.84928       -0.68679   1  13
        1.84928       -0.68308   1  14
        1.84928       -0.67794   1  15
        1.84928       -0.65687   1  16
        1.84928       -0.65336   1  17
        1.84928       -0.64900   1  18
        1.84928       -0.64759   1  19
        1.84928       -0.64087   1  20
        1.84928       -0.63524   1  21
        1.84928       -0.61789   1  22
        1.84928       -0.61606   1  23
        1.84928       -0.61253   1  24
        1.84928       -0.60742   1  25
        1.84928       -0.58381   1  26
        1.84928       -0.56765   1  27
        1.84928       -0.56308   1  28
        1.84928       -0.56004   1  29
        1.84928       -0.55230   1  30
        1.84928       -0.55152   1  31
        1.84928       -0.54974   1  32
        1.84928       -0.51640   1  33
        1.84928       -0.50739   1  34
        1.84928       -0.49104   1  35
        1.84928       -0.46366   1  36
        1.84928       -0.45357   1  37
        1.84928       -0.43813   1  38
        1.84928       -0.43058   1  39
        1.84928       -0.42320   1  40
        1.84928       -0.41175   1  41
        1.84928       -0.39292   1  42
        1.84928       -0.38471   1  43
        1.84928       -0.38007   1  44
        1.84928       -0.36310   1  45
        1.84928       -0.34666   1  46
        1.84928       -0.34264   1  47
        1.84928       -0.34244   1  48
        1.84928       -0.31894   1  49
        1.84928       -0.29829   1  50
        1.84928       -0.28833   1  51
        1.84928       -0.28355   1  52
        1.84928       -0.26733   1  53
        1.84928       -0.26540   1  54
        1.84928       -0.23361   1  55
        1.84928       -0.22578   1  56
        1.84928       -0.19024   1  57
        1.84928       -0.18583   1  58
        1.84928       -0.13334   1  59
        1.84928       -0.11239   1  60
        1.84928       -0.08216   1  61
        1.84928       -0.06398   1  62
        1.84928       -0.05298   1  63
        1.84928       -0.04446   1  64
        1.84928        0.02210   1  65
        1.84928        0.03530   1  66
        1.84928        0.05819   1  67
        1.84928        0.06657   1  68
        1.84928        0.14789   1  69
        1.84928        0.15630   1  70
        1.84928        0.18621   1  71
        1.84928        0.19860   1  72
        1.84928        0.23887   1  73
        1.84928        0.27503   1  74
        1.84928        0.28408   1  75
        1.84928        0.29660   1  76
        1.84928        0.32218   1  77
        1.84928        0.34924   1  78
        1.84928        0.35752   1  79
        1.84928        0.37340   1  80
        1.84928        0.46786   1  81
        1.84928        0.48662   1  82
        1.84928        0.50281   1  83
        1.84928        0.52686   1  84
        1.84928        0.54418   1  85
        1.84928        0.57985   1  86
        1.84928        0.59982   1  87
        1.84928        0.64836   1  88
        1.84928        0.67460   1  89
        1.84928        0.67852   1  90
        1.84928        0.70845   1  91
        1.84928        0.71081   1  92
        1.84928        0.73823   1  93
        1.84928        0.73974   1  94
        1.84928        0.74553   1  95
        1.84928        0.74679   1  96
        1.84928        0.74858   1  97
        1.84928        0.75644   1  98
        1.84928        0.77314   1  99
        1.84928        0.79137   1 100
        1.84928        0.82336   1 101
        1.84928        0.84670   1 102
        1.84928        0.87829   1 103
        1.84928        0.90044   1 104
        1.84928        0.91994   1 105
        1.84928        0.93844   1 106
        1.84928        0.94902   1 107
        1.84928        0.95747   1 108
        1.84928        0.97989   1 109
        1.84928        1.00529   1 110
        1.84928        1.00630   1 111
        1.84928        1.01746   1 112
        1.84928        1.02076   1 113
        1.84928        1.04970   1 114
        1.84928        1.06077   1 115
        1.84928        1.06552   1 116
        1.84928        1.07290   1 117
        1.84928        1.07940   1 118
        1.84928        1.08032   1 119
        1.84928        1.10306   1 120
        1.84928        1.10897   1 121
        1.84928        1.11118   1 122
        1.84928        1.16141   1 123
        1.84928        1.17230   1 124
        1.84928        1.19723   1 125
        1.84928        1.20489   1 126
        1.84928        1.22446   1 127
        1.84928        1.23052   1 128
        1.84928        1.25382   1 129
        1.84928        1.27896   1 130
        1.84928        1.28608   1 131
        1.84928        1.29067   1 132
        1.84928        1.29928   1 133
        1.84928        1.31976   1 134
        1.84928        1.34331   1 135
        1.84928        1.35494   1 136
        1.84928        1.38553   1 137
        1.84928        1.39840   1 138
        1.84928        1.41234   1 139
        1.84928        1.42926   1 140
        1.84928        1.51727   1 141
        1.84928        1.51821   1 142
        1.84928        1.52150   1 143
        1.84928        1.52250   1 144
        1.84928        1.53144   1 145
        1.84928        1.53978   1 146
        1.84928        1.71120   1 147
        1.84928        1.71368   1 148
        1.84928        1.74543   1 149
        1.84928        1.74576   1 150
        1.84928        1.74844   1 151
        1.84928        1.74932   1 152
        1.89095       -0.92012   1   1
        1.89095       -0.89545   1   2
        1.89095       -0.85523   1   3
        1.89095       -0.84192   1   4
        1.89095       -0.79987   1   5
        1.89095       -0.78801   1   6
        1.89095       -0.73669   1   7
        1.89095       -0.72543   1   8
        1.89095       -0.71408   1   9
        1.89095       -0.70940   1  10
        1.89095       -0.69963   1  11
        1.89095       -0.69093   1  12
        1.89095       -0.68676   1  13
        1.89095       -0.68162   1  14
        1.89095       -0.67535   1  15
        1.89095       -0.66121   1  16
        1.89095       -0.65634   1  17
        1.89095       -0.65481   1  18
        1.89095       -0.65276   1  19
        1.89095       -0.64349   1  20
        1.89095       -0.64175   1  21
        1.89095       -0.61886   1  22
        1.89095       -0.61696   1  23
        1.89095       -0.60901   1  24
        1.89095       -0.60550   1  25
        1.89095       -0.59064   1  26
        1.89095       -0.57195   1  27
        1.89095       -0.56728   1  28
        1.89095       -0.55837   1  29
        1.89095       -0.54992   1  30
        1.89095       -0.54744   1  31
        1.89095       -0.54495   1  32
        1.89095       -0.51845   1  33
        1.89095       -0.50277   1  34
        1.89095       -0.48856   1  35
        1.89095       -0.46659   1  36
        1.89095       -0.44693   1  37
        1.89095       -0.44011   1  38
        1.89095       -0.42893   1  39
        1.89095       -0.42533   1  40
        1.89095       -0.42036   1  41
        1.89095       -0.39909   1  42
        1.89095       -0.39319   1  43
        1.89095       -0.37404   1  44
        1.89095       -0.35877   1  45
        1.89095       -0.33922   1  46
        1.89095       -0.32867   1  47
        1.89095       -0.32837   1  48
        1.89095       -0.32046   1  49
        1.89095       -0.29541   1  50
        1.89095       -0.28852   1  51
        1.89095       -0.27789   1  52
        1.89095       -0.26351   1  53
        1.89095       -0.25933   1  54
        1.89095       -0.23636   1  55
        1.89095       -0.21663   1  56
        1.89095       -0.17830   1  57
        1.89095       -0.17494   1  58
        1.89095       -0.12146   1  59
        1.89095       -0.10216   1  60
        1.89095       -0.07034   1  61
        1.89095       -0.05299   1  62
        1.89095       -0.04445   1  63
        1.89095       -0.03654   1  64
        1.89095        0.03212   1  65
        1.89095        0.04611   1  66
        1.89095        0.06800   1  67
        1.89095        0.07642   1  68
        1.89095        0.16050   1  69
        1.89095        0.16609   1  70
        1.89095        0.16921   1  71
        1.89095        0.19926   1  72
        1.89095        0.19975   1  73
        1.89095        0.24016   1  74
        1.89095        0.28424   1  75
        1.89095        0.29512   1  76
        1.89095        0.34102   1  77
        1.89095        0.35090   1  78
        1.89095        0.36046   1  79
        1.89095        0.39380   1  80
        1.89095        0.41093   1  81
        1.89095        0.45991   1  82
        1.89095        0.49198   1  83
        1.89095        0.50437   1  84
        1.89095        0.53243   1  85
        1.89095        0.55127   1  86
        1.89095        0.60476   1  87
        1.89095        0.60683   1  88
        1.89095        0.60809   1  89
        1.89095        0.65412   1  90
        1.89095        0.65746   1  91
        1.89095        0.66071   1  92
        1.89095        0.72203   1  93
        1.89095        0.72779   1  94
        1.89095        0.72896   1  95
        1.89095        0.73251   1  96
        1.89095        0.73392   1  97
        1.89095        0.73581   1  98
        1.89095        0.74533   1  99
        1.89095        0.76849   1 100
        1.89095        0.77824   1 101
        1.89095        0.79264   1 102
        1.89095        0.84665   1 103
        1.89095        0.85202   1 104
        1.89095        0.85474   1 105
        1.89095        0.86364   1 106
        1.89095        0.87580   1 107
        1.89095        0.87718   1 108
        1.89095        0.90319   1 109
        1.89095        0.91696   1 110
        1.89095        0.98621   1 111
        1.89095        0.99090   1 112
        1.89095        0.99140   1 113
        1.89095        1.01086   1 114
        1.89095        1.01225   1 115
        1.89095        1.01813   1 116
        1.89095        1.01860   1 117
        1.89095        1.05455   1 118
        1.89095        1.08300   1 119
        1.89095        1.08783   1 120
        1.89095        1.09876   1 121
        1.89095        1.11122   1 122
        1.89095        1.11190   1 123
        1.89095        1.11253   1 124
        1.89095        1.16600   1 125
        1.89095        1.17811   1 126
        1.89095        1.22334   1 127
        1.89095        1.23002   1 128
        1.89095        1.23393   1 129
        1.89095        1.23778   1 130
        1.89095        1.23925   1 131
        1.89095        1.29034   1 132
        1.89095        1.29203   1 133
        1.89095        1.29717   1 134
        1.89095        1.30880   1 135
        1.89095        1.32615   1 136
        1.89095        1.37076   1 137
        1.89095        1.38967   1 138
        1.89095        1.39588   1 139
        1.89095        1.42756   1 140
        1.89095        1.46637   1 141
        1.89095        1.47619   1 142
        1.89095        1.53172   1 143
        1.89095        1.53728   1 144
        1.89095        1.53925   1 145
        1.89095        1.55159   1 146
        1.89095        1.70595   1 147
        1.89095        1.70833   1 148
        1.89095        1.74014   1 149
        1.89095        1.74304   1 150
        1.89095        1.76621   1 151
        1.89095        1.76905   1 152
        1.93261       -0.90826   1   1
        1.93261       -0.88535   1   2
        1.93261       -0.85000   1   3
        1.93261       -0.83792   1   4
        1.93261       -0.80679   1   5
        1.93261       -0.79293   1   6
        1.93261       -0.75382   1   7
        1.93261       -0.74462   1   8
        1.93261       -0.73169   1   9
        1.93261       -0.72662   1  10
        1.93261       -0.69693   1  11
        1.93261       -0.69389   1  12
        1.93261       -0.68501   1  13
        1.93261       -0.67964   1  14
        1.93261       -0.67860   1  15
        1.93261       -0.67118   1  16
        1.93261       -0.66805   1  17
        1.93261       -0.65552   1  18
        1.93261       -0.65205   1  19
        1.93261       -0.64079   1  20
        1.93261       -0.64010   1  21
        1.93261       -0.62020   1  22
        1.93261       -0.61828   1  23
        1.93261       -0.60413   1  24
        1.93261       -0.60056   1  25
        1.93261       -0.59744   1  26
        1.93261       -0.57660   1  27
        1.93261       -0.57359   1  28
        1.93261       -0.55676   1  29
        1.93261       -0.54761   1  30
        1.93261       -0.54531   1  31
        1.93261       -0.53635   1  32
        1.93261       -0.51966   1  33
        1.93261       -0.49791   1  34
        1.93261       -0.48606   1  35
        1.93261       -0.46970   1  36
        1.93261       -0.44073   1  37
        1.93261       -0.43978   1  38
        1.93261       -0.42964   1  39
        1.93261       -0.42756   1  40
        1.93261       -0.42673   1  41
        1.93261       -0.40688   1  42
        1.93261       -0.40082   1  43
        1.93261       -0.36776   1  44
        1.93261       -0.35586   1  45
        1.93261       -0.33256   1  46
        1.93261       -0.32098   1  47
        1.93261       -0.31202   1  48
        1.93261       -0.31165   1  49
        1.93261       -0.29503   1  50
        1.93261       -0.29046   1  51
        1.93261       -0.26476   1  52
        1.93261       -0.26212   1  53
        1.93261       -0.25171   1  54
        1.93261       -0.23895   1  55
        1.93261       -0.20328   1  56
        1.93261       -0.16220   1  57
        1.93261       -0.15998   1  58
        1.93261       -0.10601   1  59
        1.93261       -0.08871   1  60
        1.93261       -0.05516   1  61
        1.93261       -0.03870   1  62
        1.93261       -0.03376   1  63
        1.93261       -0.02632   1  64
        1.93261        0.04409   1  65
        1.93261        0.05923   1  66
        1.93261        0.07582   1  67
        1.93261        0.08764   1  68
        1.93261        0.10435   1  69
        1.93261        0.16388   1  70
        1.93261        0.17780   1  71
        1.93261        0.18617   1  72
        1.93261        0.20131   1  73
        1.93261        0.21612   1  74
        1.93261        0.28912   1  75
        1.93261        0.30512   1  76
        1.93261        0.32817   1  77
        1.93261        0.35921   1  78
        1.93261        0.36028   1  79
        1.93261        0.36701   1  80
        1.93261        0.38891   1  81
        1.93261        0.42173   1  82
        1.93261        0.47139   1  83
        1.93261        0.47554   1  84
        1.93261        0.51516   1  85
        1.93261        0.52430   1  86
        1.93261        0.52956   1  87
        1.93261        0.53041   1  88
        1.93261        0.58521   1  89
        1.93261        0.59518   1  90
        1.93261        0.61861   1  91
        1.93261        0.65731   1  92
        1.93261        0.65995   1  93
        1.93261        0.66514   1  94
        1.93261        0.67370   1  95
        1.93261        0.69188   1  96
        1.93261        0.71351   1  97
        1.93261        0.71433   1  98
        1.93261        0.71682   1  99
        1.93261        0.72145   1 100
        1.93261        0.73152   1 101
        1.93261        0.73877   1 102
        1.93261        0.75608   1 103
        1.93261        0.76522   1 104
        1.93261        0.79064   1 105
        1.93261        0.79988   1 106
        1.93261        0.80515   1 107
        1.93261        0.81344   1 108
        1.93261        0.82664   1 109
        1.93261        0.85160   1 110
        1.93261        0.88524   1 111
        1.93261        0.89013   1 112
        1.93261        0.92771   1 113
        1.93261        0.94577   1 114
        1.93261        0.99689   1 115
        1.93261        1.00872   1 116
        1.93261        1.00922   1 117
        1.93261        1.02479   1 118
        1.93261        1.02694   1 119
        1.93261        1.05092   1 120
        1.93261        1.09006   1 121
        1.93261        1.10060   1 122
        1.93261        1.11756   1 123
        1.93261        1.12146   1 124
        1.93261        1.12294   1 125
        1.93261        1.12416   1 126
        1.93261        1.17504   1 127
        1.93261        1.20678   1 128
        1.93261        1.20814   1 129
        1.93261        1.23852   1 130
        1.93261        1.24097   1 131
        1.93261        1.24927   1 132
        1.93261        1.25058   1 133
        1.93261        1.28320   1 134
        1.93261        1.29709   1 135
        1.93261        1.31855   1 136
        1.93261        1.33142   1 137
        1.93261        1.35904   1 138
        1.93261        1.39865   1 139
        1.93261        1.42439   1 140
        1.93261        1.43646   1 141
        1.93261        1.44184   1 142
        1.93261        1.52121   1 143
        1.93261        1.52694   1 144
        1.93261        1.56382   1 145
        1.93261        1.57194   1 146
        1.93261        1.69830   1 147
        1.93261        1.70077   1 148
        1.93261        1.71964   1 149
        1.93261        1.72266   1 150
        1.93261        1.78209   1 151
        1.93261        1.78430   1 152
        1.97428       -0.89496   1   1
        1.97428       -0.87484   1   2
        1.97428       -0.84749   1   3
        1.97428       -0.83926   1   4
        1.97428       -0.81558   1   5
        1.97428       -0.79799   1   6
        1.97428       -0.77086   1   7
        1.97428       -0.75996   1   8
        1.97428       -0.75262   1   9
        1.97428       -0.74799   1  10
        1.97428       -0.69961   1  11
        1.97428       -0.69317   1  12
        1.97428       -0.68956   1  13
        1.97428       -0.68291   1  14
        1.97428       -0.67704   1  15
        1.97428       -0.67697   1  16
        1.97428       -0.66230   1  17
        1.97428       -0.65457   1  18
        1.97428       -0.65121   1  19
        1.97428       -0.63985   1  20
        1.97428       -0.63916   1  21
        1.97428       -0.62192   1  22
        1.97428       -0.61998   1  23
        1.97428       -0.60399   1  24
        1.97428       -0.59771   1  25
        1.97428       -0.59173   1  26
        1.97428       -0.58093   1  27
        1.97428       -0.58019   1  28
        1.97428       -0.55567   1  29
        1.97428       -0.54606   1  30
        1.97428       -0.54432   1  31
        1.97428       -0.52631   1  32
        1.97428       -0.52000   1  33
        1.97428       -0.49346   1  34
        1.97428       -0.48390   1  35
        1.97428       -0.47213   1  36
        1.97428       -0.43892   1  37
        1.97428       -0.43854   1  38
        1.97428       -0.43253   1  39
        1.97428       -0.42940   1  40
        1.97428       -0.42432   1  41
        1.97428       -0.41541   1  42
        1.97428       -0.40702   1  43
        1.97428       -0.36293   1  44
        1.97428       -0.35499   1  45
        1.97428       -0.32671   1  46
        1.97428       -0.32041   1  47
        1.97428       -0.29678   1  48
        1.97428       -0.29300   1  49
        1.97428       -0.29266   1  50
        1.97428       -0.28984   1  51
        1.97428       -0.26186   1  52
        1.97428       -0.24896   1  53
        1.97428       -0.24420   1  54
        1.97428       -0.24067   1  55
        1.97428       -0.18722   1  56
        1.97428       -0.14205   1  57
        1.97428       -0.14077   1  58
        1.97428       -0.08859   1  59
        1.97428       -0.07338   1  60
        1.97428       -0.03838   1  61
        1.97428       -0.02361   1  62
        1.97428       -0.02188   1  63
        1.97428       -0.01453   1  64
        1.97428        0.02602   1  65
        1.97428        0.06011   1  66
        1.97428        0.07319   1  67
        1.97428        0.08457   1  68
        1.97428        0.09912   1  69
        1.97428        0.11880   1  70
        1.97428        0.19423   1  71
        1.97428        0.20296   1  72
        1.97428        0.20527   1  73
        1.97428        0.21695   1  74
        1.97428        0.23851   1  75
        1.97428        0.29196   1  76
        1.97428        0.31297   1  77
        1.97428        0.32890   1  78
        1.97428        0.34622   1  79
        1.97428        0.35263   1  80
        1.97428        0.39811   1  81
        1.97428        0.39948   1  82
        1.97428        0.40524   1  83
        1.97428        0.45518   1  84
        1.97428        0.45623   1  85
        1.97428        0.46074   1  86
        1.97428        0.49963   1  87
        1.97428        0.51890   1  88
        1.97428        0.52406   1  89
        1.97428        0.53751   1  90
        1.97428        0.57342   1  91
        1.97428        0.57812   1  92
        1.97428        0.61436   1  93
        1.97428        0.62751   1  94
        1.97428        0.62945   1  95
        1.97428        0.63392   1  96
        1.97428        0.64342   1  97
        1.97428        0.66229   1  98
        1.97428        0.67905   1  99
        1.97428        0.68368   1 100
        1.97428        0.69734   1 101
        1.97428        0.69804   1 102
        1.97428        0.70092   1 103
        1.97428        0.70786   1 104
        1.97428        0.74035   1 105
        1.97428        0.74982   1 106
        1.97428        0.75392   1 107
        1.97428        0.76624   1 108
        1.97428        0.79647   1 109
        1.97428        0.80256   1 110
        1.97428        0.80705   1 111
        1.97428        0.83357   1 112
        1.97428        0.85719   1 113
        1.97428        0.87094   1 114
        1.97428        0.94648   1 115
        1.97428        0.97315   1 116
        1.97428        0.97524   1 117
        1.97428        1.00024   1 118
        1.97428        1.01652   1 119
        1.97428        1.01677   1 120
        1.97428        1.05049   1 121
        1.97428        1.07317   1 122
        1.97428        1.09641   1 123
        1.97428        1.11949   1 124
        1.97428        1.13466   1 125
        1.97428        1.14062   1 126
        1.97428        1.14153   1 127
        1.97428        1.15827   1 128
        1.97428        1.16823   1 129
        1.97428        1.20347   1 130
        1.97428        1.21450   1 131
        1.97428        1.23451   1 132
        1.97428        1.24288   1 133
        1.97428        1.26215   1 134
        1.97428        1.27241   1 135
        1.97428        1.30431   1 136
        1.97428        1.30923   1 137
        1.97428        1.32451   1 138
        1.97428        1.41461   1 139
        1.97428        1.42250   1 140
        1.97428        1.42698   1 141
        1.97428        1.43098   1 142
        1.97428        1.48624   1 143
        1.97428        1.49352   1 144
        1.97428        1.58711   1 145
        1.97428        1.59285   1 146
        1.97428        1.67766   1 147
        1.97428        1.67866   1 148
        1.97428        1.69115   1 149
        1.97428        1.69613   1 150
        1.97428        1.78754   1 151
        1.97428        1.78932   1 152
        2.01595       -0.88299   1   1
        2.01595       -0.86729   1   2
        2.01595       -0.85424   1   3
        2.01595       -0.84966   1   4
        2.01595       -0.82035   1   5
        2.01595       -0.80219   1   6
        2.01595       -0.78345   1   7
        2.01595       -0.77432   1   8
        2.01595       -0.77415   1   9
        2.01595       -0.76094   1  10
        2.01595       -0.70273   1  11
        2.01595       -0.69270   1  12
        2.01595       -0.69059   1  13
        2.01595       -0.68063   1  14
        2.01595       -0.67917   1  15
        2.01595       -0.67417   1  16
        2.01595       -0.65530   1  17
        2.01595       -0.65342   1  18
        2.01595       -0.65027   1  19
        2.01595       -0.64121   1  20
        2.01595       -0.63813   1  21
        2.01595       -0.62400   1  22
        2.01595       -0.62206   1  23
        2.01595       -0.60993   1  24
        2.01595       -0.59040   1  25
        2.01595       -0.58897   1  26
        2.01595       -0.58352   1  27
        2.01595       -0.57697   1  28
        2.01595       -0.55564   1  29
        2.01595       -0.54555   1  30
        2.01595       -0.54462   1  31
        2.01595       -0.52004   1  32
        2.01595       -0.51520   1  33
        2.01595       -0.49077   1  34
        2.01595       -0.48124   1  35
        2.01595       -0.47323   1  36
        2.01595       -0.44673   1  37
        2.01595       -0.43360   1  38
        2.01595       -0.43057   1  39
        2.01595       -0.42619   1  40
        2.01595       -0.42423   1  41
        2.01595       -0.42002   1  42
        2.01595       -0.41147   1  43
        2.01595       -0.36071   1  44
        2.01595       -0.35615   1  45
        2.01595       -0.32147   1  46
        2.01595       -0.31878   1  47
        2.01595       -0.29610   1  48
        2.01595       -0.29016   1  49
        2.01595       -0.27179   1  50
        2.01595       -0.27141   1  51
        2.01595       -0.26098   1  52
        2.01595       -0.24120   1  53
        2.01595       -0.23825   1  54
        2.01595       -0.23142   1  55
        2.01595       -0.17002   1  56
        2.01595       -0.11794   1  57
        2.01595       -0.11717   1  58
        2.01595       -0.07529   1  59
        2.01595       -0.05945   1  60
        2.01595       -0.05327   1  61
        2.01595       -0.01424   1  62
        2.01595       -0.00563   1  63
        2.01595       -0.00233   1  64
        2.01595        0.00304   1  65
        2.01595        0.03856   1  66
        2.01595        0.07060   1  67
        2.01595        0.08546   1  68
        2.01595        0.10959   1  69
        2.01595        0.12080   1  70
        2.01595        0.17505   1  71
        2.01595        0.19608   1  72
        2.01595        0.19994   1  73
        2.01595        0.22038   1  74
        2.01595        0.22641   1  75
        2.01595        0.24112   1  76
        2.01595        0.28076   1  77
        2.01595        0.28839   1  78
        2.01595        0.33198   1  79
        2.01595        0.33855   1  80
        2.01595        0.35074   1  81
        2.01595        0.36473   1  82
        2.01595        0.40709   1  83
        2.01595        0.41745   1  84
        2.01595        0.43725   1  85
        2.01595        0.44349   1  86
        2.01595        0.45792   1  87
        2.01595        0.48798   1  88
        2.01595        0.49505   1  89
        2.01595        0.50053   1  90
        2.01595        0.52406   1  91
        2.01595        0.53176   1  92
        2.01595        0.55960   1  93
        2.01595        0.57130   1  94
        2.01595        0.58906   1  95
        2.01595        0.59767   1  96
        2.01595        0.60109   1  97
        2.01595        0.60577   1  98
        2.01595        0.63676   1  99
        2.01595        0.65786   1 100
        2.01595        0.68078   1 101
        2.01595        0.68121   1 102
        2.01595        0.68151   1 103
        2.01595        0.68669   1 104
        2.01595        0.69341   1 105
        2.01595        0.69647   1 106
        2.01595        0.70046   1 107
        2.01595        0.71304   1 108
        2.01595        0.75101   1 109
        2.01595        0.77045   1 110
        2.01595        0.78839   1 111
        2.01595        0.81265   1 112
        2.01595        0.82545   1 113
        2.01595        0.82938   1 114
        2.01595        0.88255   1 115
        2.01595        0.90590   1 116
        2.01595        0.92746   1 117
        2.01595        0.95378   1 118
        2.01595        1.01937   1 119
        2.01595        1.03347   1 120
        2.01595        1.03366   1 121
        2.01595        1.04119   1 122
        2.01595        1.06745   1 123
        2.01595        1.09148   1 124
        2.01595        1.10308   1 125
        2.01595        1.10928   1 126
        2.01595        1.14096   1 127
        2.01595        1.15001   1 128
        2.01595        1.16422   1 129
        2.01595        1.16459   1 130
        2.01595        1.18078   1 131
        2.01595        1.20347   1 132
        2.01595        1.22450   1 133
        2.01595        1.24298   1 134
        2.01595        1.25671   1 135
        2.01595        1.26678   1 136
        2.01595        1.32546   1 137
        2.01595        1.33639   1 138
        2.01595        1.39474   1 139
        2.01595        1.39861   1 140
        2.01595        1.44169   1 141
        2.01595        1.44552   1 142
        2.01595        1.45246   1 143
        2.01595        1.45559   1 144
        2.01595        1.60249   1 145
        2.01595        1.60682   1 146
        2.01595        1.63484   1 147
        2.01595        1.63589   1 148
        2.01595        1.67153   1 149
        2.01595        1.67719   1 150
        2.01595        1.78109   1 151
        2.01595        1.78253   1 152
        2.05761       -0.87765   1   1
        2.05761       -0.86919   1   2
        2.05761       -0.86777   1   3
        2.05761       -0.86548   1   4
        2.05761       -0.81933   1   5
        2.05761       -0.80373   1   6
        2.05761       -0.80311   1   7
        2.05761       -0.79780   1   8
        2.05761       -0.77783   1   9
        2.05761       -0.74968   1  10
        2.05761       -0.70298   1  11
        2.05761       -0.69094   1  12
        2.05761       -0.68846   1  13
        2.05761       -0.67968   1  14
        2.05761       -0.67830   1  15
        2.05761       -0.67106   1  16
        2.05761       -0.65242   1  17
        2.05761       -0.65179   1  18
        2.05761       -0.64925   1  19
        2.05761       -0.64489   1  20
        2.05761       -0.63376   1  21
        2.05761       -0.62634   1  22
        2.05761       -0.62447   1  23
        2.05761       -0.61519   1  24
        2.05761       -0.59614   1  25
        2.05761       -0.58337   1  26
        2.05761       -0.58329   1  27
        2.05761       -0.56285   1  28
        2.05761       -0.55722   1  29
        2.05761       -0.54621   1  30
        2.05761       -0.54424   1  31
        2.05761       -0.51937   1  32
        2.05761       -0.50429   1  33
        2.05761       -0.49079   1  34
        2.05761       -0.47711   1  35
        2.05761       -0.47275   1  36
        2.05761       -0.45406   1  37
        2.05761       -0.43343   1  38
        2.05761       -0.43052   1  39
        2.05761       -0.42384   1  40
        2.05761       -0.42069   1  41
        2.05761       -0.41524   1  42
        2.05761       -0.41331   1  43
        2.05761       -0.36042   1  44
        2.05761       -0.35886   1  45
        2.05761       -0.31802   1  46
        2.05761       -0.31475   1  47
        2.05761       -0.29689   1  48
        2.05761       -0.28827   1  49
        2.05761       -0.25978   1  50
        2.05761       -0.24845   1  51
        2.05761       -0.24801   1  52
        2.05761       -0.24057   1  53
        2.05761       -0.23265   1  54
        2.05761       -0.21797   1  55
        2.05761       -0.15400   1  56
        2.05761       -0.11692   1  57
        2.05761       -0.08958   1  58
        2.05761       -0.08932   1  59
        2.05761       -0.05698   1  60
        2.05761       -0.05588   1  61
        2.05761       -0.01920   1  62
        2.05761        0.00057   1  63
        2.05761        0.01394   1  64
        2.05761        0.01811   1  65
        2.05761        0.02603   1  66
        2.05761        0.06842   1  67
        2.05761        0.08993   1  68
        2.05761        0.11792   1  69
        2.05761        0.12655   1  70
        2.05761        0.13715   1  71
        2.05761        0.16917   1  72
        2.05761        0.18643   1  73
        2.05761        0.20870   1  74
        2.05761        0.23060   1  75
        2.05761        0.24498   1  76
        2.05761        0.24695   1  77
        2.05761        0.26079   1  78
        2.05761        0.30674   1  79
        2.05761        0.31170   1  80
        2.05761        0.33194   1  81
        2.05761        0.34760   1  82
        2.05761        0.39116   1  83
        2.05761        0.39870   1  84
        2.05761        0.40596   1  85
        2.05761        0.41860   1  86
        2.05761        0.44019   1  87
        2.05761        0.45034   1  88
        2.05761        0.46714   1  89
        2.05761        0.47798   1  90
        2.05761        0.47979   1  91
        2.05761        0.52074   1  92
        2.05761        0.52877   1  93
        2.05761        0.53735   1  94
        2.05761        0.54479   1  95
        2.05761        0.55117   1  96
        2.05761        0.57341   1  97
        2.05761        0.57878   1  98
        2.05761        0.62261   1  99
        2.05761        0.63638   1 100
        2.05761        0.63922   1 101
        2.05761        0.64736   1 102
        2.05761        0.64836   1 103
        2.05761        0.65810   1 104
        2.05761        0.66480   1 105
        2.05761        0.66562   1 106
        2.05761        0.67569   1 107
        2.05761        0.68638   1 108
        2.05761        0.72607   1 109
        2.05761        0.74792   1 110
        2.05761        0.77675   1 111
        2.05761        0.78669   1 112
        2.05761        0.79273   1 113
        2.05761        0.83765   1 114
        2.05761        0.83866   1 115
        2.05761        0.85770   1 116
        2.05761        0.88527   1 117
        2.05761        0.91108   1 118
        2.05761        0.98793   1 119
        2.05761        1.01093   1 120
        2.05761        1.02176   1 121
        2.05761        1.05550   1 122
        2.05761        1.05611   1 123
        2.05761        1.05629   1 124
        2.05761        1.05641   1 125
        2.05761        1.06559   1 126
        2.05761        1.09256   1 127
        2.05761        1.12553   1 128
        2.05761        1.13339   1 129
        2.05761        1.16691   1 130
        2.05761        1.19392   1 131
        2.05761        1.19417   1 132
        2.05761        1.20342   1 133
        2.05761        1.22042   1 134
        2.05761        1.25439   1 135
        2.05761        1.27316   1 136
        2.05761        1.34932   1 137
        2.05761        1.35400   1 138
        2.05761        1.35694   1 139
        2.05761        1.36427   1 140
        2.05761        1.41535   1 141
        2.05761        1.42599   1 142
        2.05761        1.47096   1 143
        2.05761        1.47915   1 144
        2.05761        1.59710   1 145
        2.05761        1.59826   1 146
        2.05761        1.60841   1 147
        2.05761        1.61187   1 148
        2.05761        1.65111   1 149
        2.05761        1.65755   1 150
        2.05761        1.76379   1 151
        2.05761        1.76498   1 152
        2.09928       -0.88636   1   1
        2.09928       -0.88264   1   2
        2.09928       -0.88143   1   3
        2.09928       -0.87584   1   4
        2.09928       -0.82580   1   5
        2.09928       -0.82310   1   6
        2.09928       -0.81135   1   7
        2.09928       -0.79430   1   8
        2.09928       -0.76863   1   9
        2.09928       -0.73070   1  10
        2.09928       -0.70161   1  11
        2.09928       -0.68760   1  12
        2.09928       -0.68673   1  13
        2.09928       -0.67830   1  14
        2.09928       -0.67607   1  15
        2.09928       -0.66783   1  16
        2.09928       -0.65425   1  17
        2.09928       -0.65062   1  18
        2.09928       -0.65044   1  19
        2.09928       -0.64801   1  20
        2.09928       -0.62882   1  21
        2.09928       -0.62724   1  22
        2.09928       -0.62514   1  23
        2.09928       -0.61971   1  24
        2.09928       -0.60258   1  25
        2.09928       -0.58157   1  26
        2.09928       -0.57759   1  27
        2.09928       -0.56093   1  28
        2.09928       -0.55622   1  29
        2.09928       -0.54832   1  30
        2.09928       -0.53450   1  31
        2.09928       -0.51856   1  32
        2.09928       -0.49376   1  33
        2.09928       -0.49239   1  34
        2.09928       -0.47300   1  35
        2.09928       -0.46977   1  36
        2.09928       -0.46022   1  37
        2.09928       -0.44000   1  38
        2.09928       -0.43093   1  39
        2.09928       -0.41774   1  40
        2.09928       -0.41618   1  41
        2.09928       -0.41164   1  42
        2.09928       -0.40597   1  43
        2.09928       -0.36238   1  44
        2.09928       -0.35899   1  45
        2.09928       -0.31596   1  46
        2.09928       -0.30938   1  47
        2.09928       -0.30036   1  48
        2.09928       -0.28304   1  49
        2.09928       -0.25854   1  50
        2.09928       -0.23923   1  51
        2.09928       -0.22855   1  52
        2.09928       -0.22714   1  53
        2.09928       -0.22316   1  54
        2.09928       -0.22248   1  55
        2.09928       -0.14964   1  56
        2.09928       -0.14694   1  57
        2.09928       -0.07763   1  58
        2.09928       -0.05836   1  59
        2.09928       -0.05761   1  60
        2.09928       -0.05694   1  61
        2.09928       -0.02881   1  62
        2.09928       -0.00028   1  63
        2.09928        0.01521   1  64
        2.09928        0.04186   1  65
        2.09928        0.04638   1  66
        2.09928        0.06652   1  67
        2.09928        0.09254   1  68
        2.09928        0.10439   1  69
        2.09928        0.11252   1  70
        2.09928        0.14230   1  71
        2.09928        0.16360   1  72
        2.09928        0.18132   1  73
        2.09928        0.19865   1  74
        2.09928        0.21413   1  75
        2.09928        0.23819   1  76
        2.09928        0.24806   1  77
        2.09928        0.26223   1  78
        2.09928        0.29575   1  79
        2.09928        0.30271   1  80
        2.09928        0.32193   1  81
        2.09928        0.33106   1  82
        2.09928        0.34382   1  83
        2.09928        0.34852   1  84
        2.09928        0.38199   1  85
        2.09928        0.39354   1  86
        2.09928        0.40901   1  87
        2.09928        0.41639   1  88
        2.09928        0.44849   1  89
        2.09928        0.45978   1  90
        2.09928        0.46740   1  91
        2.09928        0.47549   1  92
        2.09928        0.50784   1  93
        2.09928        0.51571   1  94
        2.09928        0.52564   1  95
        2.09928        0.53384   1  96
        2.09928        0.53827   1  97
        2.09928        0.57831   1  98
        2.09928        0.59377   1  99
        2.09928        0.60837   1 100
        2.09928        0.60994   1 101
        2.09928        0.61985   1 102
        2.09928        0.62968   1 103
        2.09928        0.63993   1 104
        2.09928        0.65058   1 105
        2.09928        0.65162   1 106
        2.09928        0.66676   1 107
        2.09928        0.67857   1 108
        2.09928        0.69988   1 109
        2.09928        0.72082   1 110
        2.09928        0.74044   1 111
        2.09928        0.76142   1 112
        2.09928        0.79686   1 113
        2.09928        0.81156   1 114
        2.09928        0.83075   1 115
        2.09928        0.85532   1 116
        2.09928        0.85681   1 117
        2.09928        0.87980   1 118
        2.09928        0.95215   1 119
        2.09928        0.97313   1 120
        2.09928        0.97701   1 121
        2.09928        1.01972   1 122
        2.09928        1.02089   1 123
        2.09928        1.02345   1 124
        2.09928        1.04938   1 125
        2.09928        1.08172   1 126
        2.09928        1.08177   1 127
        2.09928        1.08542   1 128
        2.09928        1.09115   1 129
        2.09928        1.11678   1 130
        2.09928        1.19039   1 131
        2.09928        1.20559   1 132
        2.09928        1.22979   1 133
        2.09928        1.23010   1 134
        2.09928        1.27967   1 135
        2.09928        1.29683   1 136
        2.09928        1.31265   1 137
        2.09928        1.31752   1 138
        2.09928        1.39008   1 139
        2.09928        1.39252   1 140
        2.09928        1.39860   1 141
        2.09928        1.40014   1 142
        2.09928        1.49508   1 143
        2.09928        1.50177   1 144
        2.09928        1.57390   1 145
        2.09928        1.57519   1 146
        2.09928        1.60619   1 147
        2.09928        1.60908   1 148
        2.09928        1.63244   1 149
        2.09928        1.63952   1 150
        2.09928        1.73710   1 151
        2.09928        1.73816   1 152
        2.14095       -0.90134   1   1
        2.14095       -0.89778   1   2
        2.14095       -0.89023   1   3
        2.14095       -0.88638   1   4
        2.14095       -0.84554   1   5
        2.14095       -0.84318   1   6
        2.14095       -0.79915   1   7
        2.14095       -0.78241   1   8
        2.14095       -0.75690   1   9
        2.14095       -0.70972   1  10
        2.14095       -0.69955   1  11
        2.14095       -0.68805   1  12
        2.14095       -0.68093   1  13
        2.14095       -0.67505   1  14
        2.14095       -0.67416   1  15
        2.14095       -0.66476   1  16
        2.14095       -0.65849   1  17
        2.14095       -0.65715   1  18
        2.14095       -0.64852   1  19
        2.14095       -0.64672   1  20
        2.14095       -0.63130   1  21
        2.14095       -0.63018   1  22
        2.14095       -0.62348   1  23
        2.14095       -0.61559   1  24
        2.14095       -0.60788   1  25
        2.14095       -0.57837   1  26
        2.14095       -0.57370   1  27
        2.14095       -0.56671   1  28
        2.14095       -0.55746   1  29
        2.14095       -0.55064   1  30
        2.14095       -0.51862   1  31
        2.14095       -0.51725   1  32
        2.14095       -0.49459   1  33
        2.14095       -0.48389   1  34
        2.14095       -0.47066   1  35
        2.14095       -0.46490   1  36
        2.14095       -0.46265   1  37
        2.14095       -0.44583   1  38
        2.14095       -0.43054   1  39
        2.14095       -0.41980   1  40
        2.14095       -0.41265   1  41
        2.14095       -0.40244   1  42
        2.14095       -0.39513   1  43
        2.14095       -0.36594   1  44
        2.14095       -0.35183   1  45
        2.14095       -0.31418   1  46
        2.14095       -0.30665   1  47
        2.14095       -0.30203   1  48
        2.14095       -0.27707   1  49
        2.14095       -0.26883   1  50
        2.14095       -0.25772   1  51
        2.14095       -0.23762   1  52
        2.14095       -0.22495   1  53
        2.14095       -0.19680   1  54
        2.14095       -0.19637   1  55
        2.14095       -0.16395   1  56
        2.14095       -0.14996   1  57
        2.14095       -0.08251   1  58
        2.14095       -0.07486   1  59
        2.14095       -0.03702   1  60
        2.14095       -0.02252   1  61
        2.14095       -0.02225   1  62
        2.14095       -0.01049   1  63
        2.14095       -0.00228   1  64
        2.14095        0.06809   1  65
        2.14095        0.07468   1  66
        2.14095        0.07595   1  67
        2.14095        0.08464   1  68
        2.14095        0.08901   1  69
        2.14095        0.10789   1  70
        2.14095        0.16523   1  71
        2.14095        0.17705   1  72
        2.14095        0.18113   1  73
        2.14095        0.19443   1  74
        2.14095        0.19496   1  75
        2.14095        0.22923   1  76
        2.14095        0.24601   1  77
        2.14095        0.25597   1  78
        2.14095        0.28532   1  79
        2.14095        0.29051   1  80
        2.14095        0.31233   1  81
        2.14095        0.31820   1  82
        2.14095        0.33078   1  83
        2.14095        0.33391   1  84
        2.14095        0.33846   1  85
        2.14095        0.34894   1  86
        2.14095        0.37521   1  87
        2.14095        0.38267   1  88
        2.14095        0.44318   1  89
        2.14095        0.45081   1  90
        2.14095        0.45486   1  91
        2.14095        0.46599   1  92
        2.14095        0.47427   1  93
        2.14095        0.48198   1  94
        2.14095        0.48799   1  95
        2.14095        0.49446   1  96
        2.14095        0.56291   1  97
        2.14095        0.56968   1  98
        2.14095        0.57645   1  99
        2.14095        0.59672   1 100
        2.14095        0.60041   1 101
        2.14095        0.60780   1 102
        2.14095        0.62406   1 103
        2.14095        0.63705   1 104
        2.14095        0.63947   1 105
        2.14095        0.64315   1 106
        2.14095        0.66083   1 107
        2.14095        0.66513   1 108
        2.14095        0.68729   1 109
        2.14095        0.68834   1 110
        2.14095        0.72131   1 111
        2.14095        0.74331   1 112
        2.14095        0.79230   1 113
        2.14095        0.81212   1 114
        2.14095        0.81367   1 115
        2.14095        0.83416   1 116
        2.14095        0.85906   1 117
        2.14095        0.87651   1 118
        2.14095        0.93022   1 119
        2.14095        0.94024   1 120
        2.14095        0.94808   1 121
        2.14095        0.96793   1 122
        2.14095        0.97993   1 123
        2.14095        0.98541   1 124
        2.14095        1.01077   1 125
        2.14095        1.03473   1 126
        2.14095        1.07583   1 127
        2.14095        1.09273   1 128
        2.14095        1.10800   1 129
        2.14095        1.10814   1 130
        2.14095        1.15941   1 131
        2.14095        1.17533   1 132
        2.14095        1.27128   1 133
        2.14095        1.27181   1 134
        2.14095        1.30511   1 135
        2.14095        1.30943   1 136
        2.14095        1.31346   1 137
        2.14095        1.33249   1 138
        2.14095        1.36597   1 139
        2.14095        1.37593   1 140
        2.14095        1.42563   1 141
        2.14095        1.43038   1 142
        2.14095        1.51046   1 143
        2.14095        1.51588   1 144
        2.14095        1.56231   1 145
        2.14095        1.56351   1 146
        2.14095        1.59750   1 147
        2.14095        1.60001   1 148
        2.14095        1.61764   1 149
        2.14095        1.62529   1 150
        2.14095        1.70287   1 151
        2.14095        1.70386   1 152
        2.18261       -0.91305   1   1
        2.18261       -0.90956   1   2
        2.18261       -0.89826   1   3
        2.18261       -0.89516   1   4
        2.18261       -0.86086   1   5
        2.18261       -0.85874   1   6
        2.18261       -0.78695   1   7
        2.18261       -0.76991   1   8
        2.18261       -0.74714   1   9
        2.18261       -0.69717   1  10
        2.18261       -0.69453   1  11
        2.18261       -0.68889   1  12
        2.18261       -0.67288   1  13
        2.18261       -0.67275   1  14
        2.18261       -0.67183   1  15
        2.18261       -0.66222   1  16
        2.18261       -0.66166   1  17
        2.18261       -0.66127   1  18
        2.18261       -0.64629   1  19
        2.18261       -0.64518   1  20
        2.18261       -0.63376   1  21
        2.18261       -0.63320   1  22
        2.18261       -0.62638   1  23
        2.18261       -0.61181   1  24
        2.18261       -0.60707   1  25
        2.18261       -0.57722   1  26
        2.18261       -0.57446   1  27
        2.18261       -0.56933   1  28
        2.18261       -0.55997   1  29
        2.18261       -0.55269   1  30
        2.18261       -0.51711   1  31
        2.18261       -0.50390   1  32
        2.18261       -0.49639   1  33
        2.18261       -0.47534   1  34
        2.18261       -0.47052   1  35
        2.18261       -0.46604   1  36
        2.18261       -0.45143   1  37
        2.18261       -0.45018   1  38
        2.18261       -0.43003   1  39
        2.18261       -0.42316   1  40
        2.18261       -0.41017   1  41
        2.18261       -0.39767   1  42
        2.18261       -0.38180   1  43
        2.18261       -0.36891   1  44
        2.18261       -0.33692   1  45
        2.18261       -0.31736   1  46
        2.18261       -0.31274   1  47
        2.18261       -0.30850   1  48
        2.18261       -0.29917   1  49
        2.18261       -0.27221   1  50
        2.18261       -0.25651   1  51
        2.18261       -0.23620   1  52
        2.18261       -0.22270   1  53
        2.18261       -0.19295   1  54
        2.18261       -0.16948   1  55
        2.18261       -0.16903   1  56
        2.18261       -0.15536   1  57
        2.18261       -0.08592   1  58
        2.18261       -0.07857   1  59
        2.18261       -0.04922   1  60
        2.18261       -0.02053   1  61
        2.18261       -0.01928   1  62
        2.18261        0.01584   1  63
        2.18261        0.01612   1  64
        2.18261        0.04844   1  65
        2.18261        0.05585   1  66
        2.18261        0.10504   1  67
        2.18261        0.10624   1  68
        2.18261        0.10673   1  69
        2.18261        0.12843   1  70
        2.18261        0.16038   1  71
        2.18261        0.18054   1  72
        2.18261        0.18748   1  73
        2.18261        0.19033   1  74
        2.18261        0.20443   1  75
        2.18261        0.21130   1  76
        2.18261        0.23150   1  77
        2.18261        0.23584   1  78
        2.18261        0.26310   1  79
        2.18261        0.26988   1  80
        2.18261        0.30762   1  81
        2.18261        0.31166   1  82
        2.18261        0.31762   1  83
        2.18261        0.32679   1  84
        2.18261        0.33712   1  85
        2.18261        0.34282   1  86
        2.18261        0.35718   1  87
        2.18261        0.36214   1  88
        2.18261        0.39983   1  89
        2.18261        0.41165   1  90
        2.18261        0.43268   1  91
        2.18261        0.43999   1  92
        2.18261        0.47462   1  93
        2.18261        0.48057   1  94
        2.18261        0.48846   1  95
        2.18261        0.49424   1  96
        2.18261        0.53361   1  97
        2.18261        0.55035   1  98
        2.18261        0.57535   1  99
        2.18261        0.58542   1 100
        2.18261        0.59253   1 101
        2.18261        0.60010   1 102
        2.18261        0.62577   1 103
        2.18261        0.62982   1 104
        2.18261        0.63516   1 105
        2.18261        0.64062   1 106
        2.18261        0.64906   1 107
        2.18261        0.67066   1 108
        2.18261        0.67486   1 109
        2.18261        0.70243   1 110
        2.18261        0.72229   1 111
        2.18261        0.72716   1 112
        2.18261        0.78347   1 113
        2.18261        0.80485   1 114
        2.18261        0.81577   1 115
        2.18261        0.82984   1 116
        2.18261        0.84116   1 117
        2.18261        0.89313   1 118
        2.18261        0.91034   1 119
        2.18261        0.91660   1 120
        2.18261        0.92227   1 121
        2.18261        0.93991   1 122
        2.18261        0.95091   1 123
        2.18261        0.95810   1 124
        2.18261        0.97777   1 125
        2.18261        0.98111   1 126
        2.18261        1.06470   1 127
        2.18261        1.08153   1 128
        2.18261        1.13193   1 129
        2.18261        1.13206   1 130
        2.18261        1.13220   1 131
        2.18261        1.14620   1 132
        2.18261        1.29854   1 133
        2.18261        1.30270   1 134
        2.18261        1.31710   1 135
        2.18261        1.31811   1 136
        2.18261        1.34859   1 137
        2.18261        1.35562   1 138
        2.18261        1.36559   1 139
        2.18261        1.37141   1 140
        2.18261        1.44937   1 141
        2.18261        1.45213   1 142
        2.18261        1.51565   1 143
        2.18261        1.51953   1 144
        2.18261        1.55508   1 145
        2.18261        1.55611   1 146
        2.18261        1.58610   1 147
        2.18261        1.58839   1 148
        2.18261        1.60807   1 149
        2.18261        1.61615   1 150
        2.18261        1.66531   1 151
        2.18261        1.66613   1 152
        2.22428       -0.92045   1   1
        2.22428       -0.91700   1   2
        2.22428       -0.90345   1   3
        2.22428       -0.90065   1   4
        2.22428       -0.87066   1   5
        2.22428       -0.86867   1   6
        2.22428       -0.77785   1   7
        2.22428       -0.75999   1   8
        2.22428       -0.74153   1   9
        2.22428       -0.69502   1  10
        2.22428       -0.69104   1  11
        2.22428       -0.68959   1  12
        2.22428       -0.67449   1  13
        2.22428       -0.67192   1  14
        2.22428       -0.66856   1  15
        2.22428       -0.66050   1  16
        2.22428       -0.65993   1  17
        2.22428       -0.65212   1  18
        2.22428       -0.64397   1  19
        2.22428       -0.64343   1  20
        2.22428       -0.63616   1  21
        2.22428       -0.63601   1  22
        2.22428       -0.62821   1  23
        2.22428       -0.61425   1  24
        2.22428       -0.60100   1  25
        2.22428       -0.58694   1  26
        2.22428       -0.57161   1  27
        2.22428       -0.56804   1  28
        2.22428       -0.56200   1  29
        2.22428       -0.55411   1  30
        2.22428       -0.51664   1  31
        2.22428       -0.49750   1  32
        2.22428       -0.49517   1  33
        2.22428       -0.47229   1  34
        2.22428       -0.46882   1  35
        2.22428       -0.46452   1  36
        2.22428       -0.45289   1  37
        2.22428       -0.43382   1  38
        2.22428       -0.42951   1  39
        2.22428       -0.42685   1  40
        2.22428       -0.40870   1  41
        2.22428       -0.39638   1  42
        2.22428       -0.37650   1  43
        2.22428       -0.37089   1  44
        2.22428       -0.35307   1  45
        2.22428       -0.31950   1  46
        2.22428       -0.31170   1  47
        2.22428       -0.30944   1  48
        2.22428       -0.29810   1  49
        2.22428       -0.27158   1  50
        2.22428       -0.25126   1  51
        2.22428       -0.23536   1  52
        2.22428       -0.22141   1  53
        2.22428       -0.21831   1  54
        2.22428       -0.17414   1  55
        2.22428       -0.14489   1  56
        2.22428       -0.14458   1  57
        2.22428       -0.09032   1  58
        2.22428       -0.08125   1  59
        2.22428       -0.05104   1  60
        2.22428       -0.03206   1  61
        2.22428       -0.02833   1  62
        2.22428        0.03166   1  63
        2.22428        0.03626   1  64
        2.22428        0.05635   1  65
        2.22428        0.05739   1  66
        2.22428        0.11336   1  67
        2.22428        0.12424   1  68
        2.22428        0.12515   1  69
        2.22428        0.14839   1  70
        2.22428        0.15578   1  71
        2.22428        0.16898   1  72
        2.22428        0.16933   1  73
        2.22428        0.19373   1  74
        2.22428        0.19626   1  75
        2.22428        0.21346   1  76
        2.22428        0.22409   1  77
        2.22428        0.22748   1  78
        2.22428        0.25101   1  79
        2.22428        0.26113   1  80
        2.22428        0.29499   1  81
        2.22428        0.29864   1  82
        2.22428        0.30816   1  83
        2.22428        0.31400   1  84
        2.22428        0.31657   1  85
        2.22428        0.31784   1  86
        2.22428        0.37125   1  87
        2.22428        0.37615   1  88
        2.22428        0.39535   1  89
        2.22428        0.40722   1  90
        2.22428        0.40804   1  91
        2.22428        0.41656   1  92
        2.22428        0.46647   1  93
        2.22428        0.47062   1  94
        2.22428        0.47702   1  95
        2.22428        0.48354   1  96
        2.22428        0.52911   1  97
        2.22428        0.54502   1  98
        2.22428        0.56237   1  99
        2.22428        0.57233   1 100
        2.22428        0.59371   1 101
        2.22428        0.59654   1 102
        2.22428        0.62268   1 103
        2.22428        0.62456   1 104
        2.22428        0.63523   1 105
        2.22428        0.63653   1 106
        2.22428        0.63729   1 107
        2.22428        0.66131   1 108
        2.22428        0.69369   1 109
        2.22428        0.71230   1 110
        2.22428        0.71604   1 111
        2.22428        0.76529   1 112
        2.22428        0.77846   1 113
        2.22428        0.78898   1 114
        2.22428        0.81300   1 115
        2.22428        0.83577   1 116
        2.22428        0.83663   1 117
        2.22428        0.85962   1 118
        2.22428        0.89836   1 119
        2.22428        0.90587   1 120
        2.22428        0.91547   1 121
        2.22428        0.92964   1 122
        2.22428        0.93774   1 123
        2.22428        0.94179   1 124
        2.22428        0.94444   1 125
        2.22428        0.96737   1 126
        2.22428        1.04278   1 127
        2.22428        1.06058   1 128
        2.22428        1.13164   1 129
        2.22428        1.14403   1 130
        2.22428        1.14908   1 131
        2.22428        1.14921   1 132
        2.22428        1.27514   1 133
        2.22428        1.27949   1 134
        2.22428        1.36275   1 135
        2.22428        1.36529   1 136
        2.22428        1.36561   1 137
        2.22428        1.37451   1 138
        2.22428        1.37697   1 139
        2.22428        1.40292   1 140
        2.22428        1.45374   1 141
        2.22428        1.45483   1 142
        2.22428        1.51312   1 143
        2.22428        1.51490   1 144
        2.22428        1.54861   1 145
        2.22428        1.54971   1 146
        2.22428        1.58041   1 147
        2.22428        1.58224   1 148
        2.22428        1.60359   1 149
        2.22428        1.61184   1 150
        2.22428        1.63233   1 151
        2.22428        1.63289   1 152
        2.26595       -0.92298   1   1
        2.26595       -0.91954   1   2
        2.26595       -0.90520   1   3
        2.26595       -0.90248   1   4
        2.26595       -0.87406   1   5
        2.26595       -0.87212   1   6
        2.26595       -0.77441   1   7
        2.26595       -0.75603   1   8
        2.26595       -0.73987   1   9
        2.26595       -0.69409   1  10
        2.26595       -0.69149   1  11
        2.26595       -0.68989   1  12
        2.26595       -0.67583   1  13
        2.26595       -0.67164   1  14
        2.26595       -0.66881   1  15
        2.26595       -0.65987   1  16
        2.26595       -0.65874   1  17
        2.26595       -0.64401   1  18
        2.26595       -0.64260   1  19
        2.26595       -0.64231   1  20
        2.26595       -0.63754   1  21
        2.26595       -0.63751   1  22
        2.26595       -0.62884   1  23
        2.26595       -0.61507   1  24
        2.26595       -0.59874   1  25
        2.26595       -0.59255   1  26
        2.26595       -0.57053   1  27
        2.26595       -0.56749   1  28
        2.26595       -0.56274   1  29
        2.26595       -0.55461   1  30
        2.26595       -0.51648   1  31
        2.26595       -0.49778   1  32
        2.26595       -0.49241   1  33
        2.26595       -0.47288   1  34
        2.26595       -0.46660   1  35
        2.26595       -0.46350   1  36
        2.26595       -0.45380   1  37
        2.26595       -0.42959   1  38
        2.26595       -0.42863   1  39
        2.26595       -0.41448   1  40
        2.26595       -0.40821   1  41
        2.26595       -0.39701   1  42
        2.26595       -0.39608   1  43
        2.26595       -0.37172   1  44
        2.26595       -0.35497   1  45
        2.26595       -0.31280   1  46
        2.26595       -0.31106   1  47
        2.26595       -0.30644   1  48
        2.26595       -0.29980   1  49
        2.26595       -0.27303   1  50
        2.26595       -0.24229   1  51
        2.26595       -0.23727   1  52
        2.26595       -0.23185   1  53
        2.26595       -0.22098   1  54
        2.26595       -0.18364   1  55
        2.26595       -0.13315   1  56
        2.26595       -0.13292   1  57
        2.26595       -0.09775   1  58
        2.26595       -0.07901   1  59
        2.26595       -0.05540   1  60
        2.26595       -0.03800   1  61
        2.26595       -0.02777   1  62
        2.26595        0.02691   1  63
        2.26595        0.03018   1  64
        2.26595        0.08739   1  65
        2.26595        0.09010   1  66
        2.26595        0.10997   1  67
        2.26595        0.11165   1  68
        2.26595        0.11167   1  69
        2.26595        0.15223   1  70
        2.26595        0.15487   1  71
        2.26595        0.16013   1  72
        2.26595        0.17989   1  73
        2.26595        0.19200   1  74
        2.26595        0.19819   1  75
        2.26595        0.21576   1  76
        2.26595        0.22508   1  77
        2.26595        0.23047   1  78
        2.26595        0.23944   1  79
        2.26595        0.24908   1  80
        2.26595        0.28716   1  81
        2.26595        0.29274   1  82
        2.26595        0.29914   1  83
        2.26595        0.30118   1  84
        2.26595        0.31706   1  85
        2.26595        0.32371   1  86
        2.26595        0.35429   1  87
        2.26595        0.36285   1  88
        2.26595        0.41852   1  89
        2.26595        0.42243   1  90
        2.26595        0.42708   1  91
        2.26595        0.42800   1  92
        2.26595        0.44321   1  93
        2.26595        0.45331   1  94
        2.26595        0.45508   1  95
        2.26595        0.45796   1  96
        2.26595        0.54066   1  97
        2.26595        0.55212   1  98
        2.26595        0.56089   1  99
        2.26595        0.57097   1 100
        2.26595        0.59293   1 101
        2.26595        0.59506   1 102
        2.26595        0.62107   1 103
        2.26595        0.62272   1 104
        2.26595        0.62532   1 105
        2.26595        0.63450   1 106
        2.26595        0.63569   1 107
        2.26595        0.65048   1 108
        2.26595        0.69700   1 109
        2.26595        0.72143   1 110
        2.26595        0.74512   1 111
        2.26595        0.75287   1 112
        2.26595        0.77615   1 113
        2.26595        0.81193   1 114
        2.26595        0.81416   1 115
        2.26595        0.81437   1 116
        2.26595        0.83612   1 117
        2.26595        0.85026   1 118
        2.26595        0.87998   1 119
        2.26595        0.90257   1 120
        2.26595        0.91543   1 121
        2.26595        0.91796   1 122
        2.26595        0.93800   1 123
        2.26595        0.93850   1 124
        2.26595        0.94045   1 125
        2.26595        0.96541   1 126
        2.26595        1.03208   1 127
        2.26595        1.04950   1 128
        2.26595        1.13646   1 129
        2.26595        1.14894   1 130
        2.26595        1.15534   1 131
        2.26595        1.15547   1 132
        2.26595        1.26238   1 133
        2.26595        1.26642   1 134
        2.26595        1.37161   1 135
        2.26595        1.38058   1 136
        2.26595        1.38292   1 137
        2.26595        1.39625   1 138
        2.26595        1.39640   1 139
        2.26595        1.41346   1 140
        2.26595        1.44204   1 141
        2.26595        1.44343   1 142
        2.26595        1.51188   1 143
        2.26595        1.51229   1 144
        2.26595        1.54550   1 145
        2.26595        1.54669   1 146
        2.26595        1.58187   1 147
        2.26595        1.58301   1 148
        2.26595        1.60244   1 149
        2.26595        1.61071   1 150
        2.26595        1.61681   1 151
        2.26595        1.61743   1 152
        2.26595       -0.92298   1   1
        2.26595       -0.91954   1   2
        2.26595       -0.90520   1   3
        2.26595       -0.90248   1   4
        2.26595       -0.87406   1   5
        2.26595       -0.87212   1   6
        2.26595       -0.77441   1   7
        2.26595       -0.75603   1   8
        2.26595       -0.73987   1   9
        2.26595       -0.69409   1  10
        2.26595       -0.69149   1  11
        2.26595       -0.68989   1  12
        2.26595       -0.67583   1  13
        2.26595       -0.67164   1  14
        2.26595       -0.66881   1  15
        2.26595       -0.65987   1  16
        2.26595       -0.65874   1  17
        2.26595       -0.64401   1  18
        2.26595       -0.64260   1  19
        2.26595       -0.64231   1  20
        2.26595       -0.63754   1  21
        2.26595       -0.63751   1  22
        2.26595       -0.62884   1  23
        2.26595       -0.61507   1  24
        2.26595       -0.59874   1  25
        2.26595       -0.59255   1  26
        2.26595       -0.57053   1  27
        2.26595       -0.56749   1  28
        2.26595       -0.56274   1  29
        2.26595       -0.55461   1  30
        2.26595       -0.51648   1  31
        2.26595       -0.49778   1  32
        2.26595       -0.49241   1  33
        2.26595       -0.47288   1  34
        2.26595       -0.46660   1  35
        2.26595       -0.46350   1  36
        2.26595       -0.45380   1  37
        2.26595       -0.42959   1  38
        2.26595       -0.42863   1  39
        2.26595       -0.41448   1  40
        2.26595       -0.40821   1  41
        2.26595       -0.39701   1  42
        2.26595       -0.39608   1  43
        2.26595       -0.37172   1  44
        2.26595       -0.35497   1  45
        2.26595       -0.31280   1  46
        2.26595       -0.31106   1  47
        2.26595       -0.30644   1  48
        2.26595       -0.29980   1  49
        2.26595       -0.27303   1  50
        2.26595       -0.24229   1  51
        2.26595       -0.23727   1  52
        2.26595       -0.23185   1  53
        2.26595       -0.22098   1  54
        2.26595       -0.18364   1  55
        2.26595       -0.13315   1  56
        2.26595       -0.13292   1  57
        2.26595       -0.09775   1  58
        2.26595       -0.07901   1  59
        2.26595       -0.05540   1  60
        2.26595       -0.03800   1  61
        2.26595       -0.02777   1  62
        2.26595        0.02691   1  63
        2.26595        0.03018   1  64
        2.26595        0.08739   1  65
        2.26595        0.09010   1  66
        2.26595        0.10997   1  67
        2.26595        0.11165   1  68
        2.26595        0.11167   1  69
        2.26595        0.15223   1  70
        2.26595        0.15487   1  71
        2.26595        0.16013   1  72
        2.26595        0.17989   1  73
        2.26595        0.19200   1  74
        2.26595        0.19819   1  75
        2.26595        0.21576   1  76
        2.26595        0.22508   1  77
        2.26595        0.23047   1  78
        2.26595        0.23944   1  79
        2.26595        0.24908   1  80
        2.26595        0.28716   1  81
        2.26595        0.29274   1  82
        2.26595        0.29914   1  83
        2.26595        0.30118   1  84
        2.26595        0.31706   1  85
        2.26595        0.32371   1  86
        2.26595        0.35429   1  87
        2.26595        0.36285   1  88
        2.26595        0.41852   1  89
        2.26595        0.42243   1  90
        2.26595        0.42708   1  91
        2.26595        0.42800   1  92
        2.26595        0.44321   1  93
        2.26595        0.45331   1  94
        2.26595        0.45508   1  95
        2.26595        0.45796   1  96
        2.26595        0.54066   1  97
        2.26595        0.55212   1  98
        2.26595        0.56089   1  99
        2.26595        0.57097   1 100
        2.26595        0.59293   1 101
        2.26595        0.59506   1 102
        2.26595        0.62107   1 103
        2.26595        0.62272   1 104
        2.26595        0.62532   1 105
        2.26595        0.63450   1 106
        2.26595        0.63569   1 107
        2.26595        0.65048   1 108
        2.26595        0.69700   1 109
        2.26595        0.72143   1 110
        2.26595        0.74512   1 111
        2.26595        0.75287   1 112
        2.26595        0.77615   1 113
        2.26595        0.81193   1 114
        2.26595        0.81416   1 115
        2.26595        0.81437   1 116
        2.26595        0.83612   1 117
        2.26595        0.85026   1 118
        2.26595        0.87998   1 119
        2.26595        0.90257   1 120
        2.26595        0.91543   1 121
        2.26595        0.91796   1 122
        2.26595        0.93800   1 123
        2.26595        0.93850   1 124
        2.26595        0.94045   1 125
        2.26595        0.96541   1 126
        2.26595        1.03208   1 127
        2.26595        1.04950   1 128
        2.26595        1.13646   1 129
        2.26595        1.14894   1 130
        2.26595        1.15534   1 131
        2.26595        1.15547   1 132
        2.26595        1.26238   1 133
        2.26595        1.26642   1 134
        2.26595        1.37161   1 135
        2.26595        1.38058   1 136
        2.26595        1.38292   1 137
        2.26595        1.39625   1 138
        2.26595        1.39640   1 139
        2.26595        1.41346   1 140
        2.26595        1.44204   1 141
        2.26595        1.44343   1 142
        2.26595        1.51188   1 143
        2.26595        1.51229   1 144
        2.26595        1.54550   1 145
        2.26595        1.54669   1 146
        2.26595        1.58187   1 147
        2.26595        1.58301   1 148
        2.26595        1.60244   1 149
        2.26595        1.61071   1 150
        2.26595        1.61681   1 151
        2.26595        1.61743   1 152
        2.30761       -0.92179   1   1
        2.30761       -0.91834   1   2
        2.30761       -0.90420   1   3
        2.30761       -0.90149   1   4
        2.30761       -0.87338   1   5
        2.30761       -0.87147   1   6
        2.30761       -0.77397   1   7
        2.30761       -0.75551   1   8
        2.30761       -0.73832   1   9
        2.30761       -0.69393   1  10
        2.30761       -0.69135   1  11
        2.30761       -0.68873   1  12
        2.30761       -0.67867   1  13
        2.30761       -0.67124   1  14
        2.30761       -0.67077   1  15
        2.30761       -0.66106   1  16
        2.30761       -0.65822   1  17
        2.30761       -0.64580   1  18
        2.30761       -0.64548   1  19
        2.30761       -0.64218   1  20
        2.30761       -0.64058   1  21
        2.30761       -0.64028   1  22
        2.30761       -0.63039   1  23
        2.30761       -0.61586   1  24
        2.30761       -0.59776   1  25
        2.30761       -0.59128   1  26
        2.30761       -0.57834   1  27
        2.30761       -0.56599   1  28
        2.30761       -0.56205   1  29
        2.30761       -0.54689   1  30
        2.30761       -0.51828   1  31
        2.30761       -0.49706   1  32
        2.30761       -0.49162   1  33
        2.30761       -0.47442   1  34
        2.30761       -0.46830   1  35
        2.30761       -0.46379   1  36
        2.30761       -0.45437   1  37
        2.30761       -0.43798   1  38
        2.30761       -0.42711   1  39
        2.30761       -0.42107   1  40
        2.30761       -0.40536   1  41
        2.30761       -0.39527   1  42
        2.30761       -0.39350   1  43
        2.30761       -0.36963   1  44
        2.30761       -0.34272   1  45
        2.30761       -0.31754   1  46
        2.30761       -0.31503   1  47
        2.30761       -0.30821   1  48
        2.30761       -0.29633   1  49
        2.30761       -0.27339   1  50
        2.30761       -0.25005   1  51
        2.30761       -0.23495   1  52
        2.30761       -0.22656   1  53
        2.30761       -0.21210   1  54
        2.30761       -0.18143   1  55
        2.30761       -0.13140   1  56
        2.30761       -0.13118   1  57
        2.30761       -0.09524   1  58
        2.30761       -0.07496   1  59
        2.30761       -0.05102   1  60
        2.30761       -0.03501   1  61
        2.30761       -0.02438   1  62
        2.30761        0.03044   1  63
        2.30761        0.03366   1  64
        2.30761        0.08996   1  65
        2.30761        0.09271   1  66
        2.30761        0.11177   1  67
        2.30761        0.11363   1  68
        2.30761        0.11364   1  69
        2.30761        0.15460   1  70
        2.30761        0.15662   1  71
        2.30761        0.16242   1  72
        2.30761        0.18216   1  73
        2.30761        0.19339   1  74
        2.30761        0.20060   1  75
        2.30761        0.21666   1  76
        2.30761        0.22710   1  77
        2.30761        0.23220   1  78
        2.30761        0.24152   1  79
        2.30761        0.25115   1  80
        2.30761        0.28999   1  81
        2.30761        0.29563   1  82
        2.30761        0.30302   1  83
        2.30761        0.30537   1  84
        2.30761        0.31920   1  85
        2.30761        0.32579   1  86
        2.30761        0.35513   1  87
        2.30761        0.36374   1  88
        2.30761        0.41971   1  89
        2.30761        0.42462   1  90
        2.30761        0.42836   1  91
        2.30761        0.43010   1  92
        2.30761        0.44962   1  93
        2.30761        0.45285   1  94
        2.30761        0.45793   1  95
        2.30761        0.46136   1  96
        2.30761        0.54309   1  97
        2.30761        0.55449   1  98
        2.30761        0.56266   1  99
        2.30761        0.57307   1 100
        2.30761        0.58313   1 101
        2.30761        0.58648   1 102
        2.30761        0.61083   1 103
        2.30761        0.61641   1 104
        2.30761        0.62926   1 105
        2.30761        0.63080   1 106
        2.30761        0.63302   1 107
        2.30761        0.65476   1 108
        2.30761        0.69277   1 109
        2.30761        0.70882   1 110
        2.30761        0.71884   1 111
        2.30761        0.75502   1 112
        2.30761        0.77541   1 113
        2.30761        0.77833   1 114
        2.30761        0.78720   1 115
        2.30761        0.82355   1 116
        2.30761        0.83169   1 117
        2.30761        0.83537   1 118
        2.30761        0.88291   1 119
        2.30761        0.89738   1 120
        2.30761        0.91319   1 121
        2.30761        0.92069   1 122
        2.30761        0.94058   1 123
        2.30761        0.94860   1 124
        2.30761        0.94879   1 125
        2.30761        0.98609   1 126
        2.30761        1.02939   1 127
        2.30761        1.04567   1 128
        2.30761        1.12214   1 129
        2.30761        1.12696   1 130
        2.30761        1.14922   1 131
        2.30761        1.15697   1 132
        2.30761        1.25155   1 133
        2.30761        1.25541   1 134
        2.30761        1.33956   1 135
        2.30761        1.35716   1 136
        2.30761        1.38173   1 137
        2.30761        1.38201   1 138
        2.30761        1.39083   1 139
        2.30761        1.41306   1 140
        2.30761        1.42782   1 141
        2.30761        1.42828   1 142
        2.30761        1.49363   1 143
        2.30761        1.49413   1 144
        2.30761        1.53633   1 145
        2.30761        1.53738   1 146
        2.30761        1.56797   1 147
        2.30761        1.56912   1 148
        2.30761        1.59533   1 149
        2.30761        1.59798   1 150
        2.30761        1.60625   1 151
        2.30761        1.61413   1 152
        2.34928       -0.91826   1   1
        2.34928       -0.91472   1   2
        2.34928       -0.90123   1   3
        2.34928       -0.89856   1   4
        2.34928       -0.87140   1   5
        2.34928       -0.86955   1   6
        2.34928       -0.77278   1   7
        2.34928       -0.75406   1   8
        2.34928       -0.73373   1   9
        2.34928       -0.69351   1  10
        2.34928       -0.69095   1  11
        2.34928       -0.68973   1  12
        2.34928       -0.68178   1  13
        2.34928       -0.67921   1  14
        2.34928       -0.66997   1  15
        2.34928       -0.66431   1  16
        2.34928       -0.65747   1  17
        2.34928       -0.65483   1  18
        2.34928       -0.65437   1  19
        2.34928       -0.64787   1  20
        2.34928       -0.64690   1  21
        2.34928       -0.63678   1  22
        2.34928       -0.63403   1  23
        2.34928       -0.61803   1  24
        2.34928       -0.59531   1  25
        2.34928       -0.59113   1  26
        2.34928       -0.58758   1  27
        2.34928       -0.56086   1  28
        2.34928       -0.56018   1  29
        2.34928       -0.53534   1  30
        2.34928       -0.52277   1  31
        2.34928       -0.49496   1  32
        2.34928       -0.49010   1  33
        2.34928       -0.47835   1  34
        2.34928       -0.47325   1  35
        2.34928       -0.46440   1  36
        2.34928       -0.45654   1  37
        2.34928       -0.44891   1  38
        2.34928       -0.44215   1  39
        2.34928       -0.42297   1  40
        2.34928       -0.39371   1  41
        2.34928       -0.39063   1  42
        2.34928       -0.38878   1  43
        2.34928       -0.36425   1  44
        2.34928       -0.33214   1  45
        2.34928       -0.32396   1  46
        2.34928       -0.31727   1  47
        2.34928       -0.30607   1  48
        2.34928       -0.29139   1  49
        2.34928       -0.27527   1  50
        2.34928       -0.25800   1  51
        2.34928       -0.23400   1  52
        2.34928       -0.21708   1  53
        2.34928       -0.19194   1  54
        2.34928       -0.17496   1  55
        2.34928       -0.12621   1  56
        2.34928       -0.12601   1  57
        2.34928       -0.08790   1  58
        2.34928       -0.06320   1  59
        2.34928       -0.03845   1  60
        2.34928       -0.02612   1  61
        2.34928       -0.01424   1  62
        2.34928        0.04050   1  63
        2.34928        0.04355   1  64
        2.34928        0.09772   1  65
        2.34928        0.10061   1  66
        2.34928        0.11677   1  67
        2.34928        0.11971   1  68
        2.34928        0.11972   1  69
        2.34928        0.16154   1  70
        2.34928        0.16190   1  71
        2.34928        0.16936   1  72
        2.34928        0.18887   1  73
        2.34928        0.19750   1  74
        2.34928        0.20755   1  75
        2.34928        0.21922   1  76
        2.34928        0.23316   1  77
        2.34928        0.23737   1  78
        2.34928        0.24774   1  79
        2.34928        0.25731   1  80
        2.34928        0.29833   1  81
        2.34928        0.30419   1  82
        2.34928        0.31344   1  83
        2.34928        0.31648   1  84
        2.34928        0.32576   1  85
        2.34928        0.33237   1  86
        2.34928        0.35755   1  87
        2.34928        0.36620   1  88
        2.34928        0.42300   1  89
        2.34928        0.42991   1  90
        2.34928        0.43200   1  91
        2.34928        0.43501   1  92
        2.34928        0.45155   1  93
        2.34928        0.45839   1  94
        2.34928        0.46702   1  95
        2.34928        0.47860   1  96
        2.34928        0.54999   1  97
        2.34928        0.55349   1  98
        2.34928        0.55947   1  99
        2.34928        0.56134   1 100
        2.34928        0.56624   1 101
        2.34928        0.57896   1 102
        2.34928        0.59136   1 103
        2.34928        0.60012   1 104
        2.34928        0.61512   1 105
        2.34928        0.61774   1 106
        2.34928        0.63711   1 107
        2.34928        0.64408   1 108
        2.34928        0.66506   1 109
        2.34928        0.67679   1 110
        2.34928        0.70469   1 111
        2.34928        0.70861   1 112
        2.34928        0.75866   1 113
        2.34928        0.75994   1 114
        2.34928        0.78479   1 115
        2.34928        0.78836   1 116
        2.34928        0.79541   1 117
        2.34928        0.84982   1 118
        2.34928        0.85150   1 119
        2.34928        0.88674   1 120
        2.34928        0.90447   1 121
        2.34928        0.93524   1 122
        2.34928        0.93714   1 123
        2.34928        0.95870   1 124
        2.34928        0.97442   1 125
        2.34928        1.01601   1 126
        2.34928        1.02295   1 127
        2.34928        1.03647   1 128
        2.34928        1.07034   1 129
        2.34928        1.07177   1 130
        2.34928        1.13751   1 131
        2.34928        1.14879   1 132
        2.34928        1.22297   1 133
        2.34928        1.22627   1 134
        2.34928        1.28149   1 135
        2.34928        1.30308   1 136
        2.34928        1.32589   1 137
        2.34928        1.32645   1 138
        2.34928        1.37026   1 139
        2.34928        1.37954   1 140
        2.34928        1.38342   1 141
        2.34928        1.39075   1 142
        2.34928        1.44661   1 143
        2.34928        1.44716   1 144
        2.34928        1.48092   1 145
        2.34928        1.48204   1 146
        2.34928        1.53563   1 147
        2.34928        1.53677   1 148
        2.34928        1.54274   1 149
        2.34928        1.54302   1 150
        2.34928        1.59910   1 151
        2.34928        1.61337   1 152
        2.39095       -0.91251   1   1
        2.39095       -0.90882   1   2
        2.39095       -0.89650   1   3
        2.39095       -0.89389   1   4
        2.39095       -0.86834   1   5
        2.39095       -0.86662   1   6
        2.39095       -0.77128   1   7
        2.39095       -0.75211   1   8
        2.39095       -0.72639   1   9
        2.39095       -0.70143   1  10
        2.39095       -0.69302   1  11
        2.39095       -0.69229   1  12
        2.39095       -0.69047   1  13
        2.39095       -0.67619   1  14
        2.39095       -0.67420   1  15
        2.39095       -0.67274   1  16
        2.39095       -0.66819   1  17
        2.39095       -0.66759   1  18
        2.39095       -0.66013   1  19
        2.39095       -0.65346   1  20
        2.39095       -0.64917   1  21
        2.39095       -0.63729   1  22
        2.39095       -0.62802   1  23
        2.39095       -0.62108   1  24
        2.39095       -0.60424   1  25
        2.39095       -0.59184   1  26
        2.39095       -0.58218   1  27
        2.39095       -0.55813   1  28
        2.39095       -0.55267   1  29
        2.39095       -0.52844   1  30
        2.39095       -0.52437   1  31
        2.39095       -0.49174   1  32
        2.39095       -0.48923   1  33
        2.39095       -0.48315   1  34
        2.39095       -0.48007   1  35
        2.39095       -0.46804   1  36
        2.39095       -0.46281   1  37
        2.39095       -0.46025   1  38
        2.39095       -0.45481   1  39
        2.39095       -0.41748   1  40
        2.39095       -0.38861   1  41
        2.39095       -0.38334   1  42
        2.39095       -0.37637   1  43
        2.39095       -0.35761   1  44
        2.39095       -0.35011   1  45
        2.39095       -0.33263   1  46
        2.39095       -0.30214   1  47
        2.39095       -0.28888   1  48
        2.39095       -0.28726   1  49
        2.39095       -0.27907   1  50
        2.39095       -0.26138   1  51
        2.39095       -0.23211   1  52
        2.39095       -0.20840   1  53
        2.39095       -0.16692   1  54
        2.39095       -0.16445   1  55
        2.39095       -0.11783   1  56
        2.39095       -0.11764   1  57
        2.39095       -0.07637   1  58
        2.39095       -0.04482   1  59
        2.39095       -0.01971   1  60
        2.39095       -0.01214   1  61
        2.39095        0.00239   1  62
        2.39095        0.05579   1  63
        2.39095        0.05846   1  64
        2.39095        0.11062   1  65
        2.39095        0.11363   1  66
        2.39095        0.12376   1  67
        2.39095        0.12978   1  68
        2.39095        0.12985   1  69
        2.39095        0.16894   1  70
        2.39095        0.17382   1  71
        2.39095        0.18103   1  72
        2.39095        0.19932   1  73
        2.39095        0.20430   1  74
        2.39095        0.21814   1  75
        2.39095        0.22318   1  76
        2.39095        0.24260   1  77
        2.39095        0.24569   1  78
        2.39095        0.25760   1  79
        2.39095        0.26701   1  80
        2.39095        0.31146   1  81
        2.39095        0.31784   1  82
        2.39095        0.32727   1  83
        2.39095        0.33071   1  84
        2.39095        0.33690   1  85
        2.39095        0.34426   1  86
        2.39095        0.36089   1  87
        2.39095        0.36945   1  88
        2.39095        0.42745   1  89
        2.39095        0.43139   1  90
        2.39095        0.43647   1  91
        2.39095        0.43713   1  92
        2.39095        0.45069   1  93
        2.39095        0.46152   1  94
        2.39095        0.48891   1  95
        2.39095        0.50183   1  96
        2.39095        0.51074   1  97
        2.39095        0.52029   1  98
        2.39095        0.54802   1  99
        2.39095        0.56006   1 100
        2.39095        0.56342   1 101
        2.39095        0.56855   1 102
        2.39095        0.58044   1 103
        2.39095        0.58209   1 104
        2.39095        0.58230   1 105
        2.39095        0.59788   1 106
        2.39095        0.60275   1 107
        2.39095        0.63083   1 108
        2.39095        0.64472   1 109
        2.39095        0.65284   1 110
        2.39095        0.67782   1 111
        2.39095        0.68182   1 112
        2.39095        0.72197   1 113
        2.39095        0.74048   1 114
        2.39095        0.76991   1 115
        2.39095        0.77669   1 116
        2.39095        0.78286   1 117
        2.39095        0.81174   1 118
        2.39095        0.85511   1 119
        2.39095        0.88434   1 120
        2.39095        0.88677   1 121
        2.39095        0.92148   1 122
        2.39095        0.93851   1 123
        2.39095        0.96460   1 124
        2.39095        0.97916   1 125
        2.39095        0.98548   1 126
        2.39095        0.98922   1 127
        2.39095        1.01370   1 128
        2.39095        1.01921   1 129
        2.39095        1.02440   1 130
        2.39095        1.11599   1 131
        2.39095        1.12762   1 132
        2.39095        1.17838   1 133
        2.39095        1.18066   1 134
        2.39095        1.20567   1 135
        2.39095        1.22671   1 136
        2.39095        1.22754   1 137
        2.39095        1.22812   1 138
        2.39095        1.30858   1 139
        2.39095        1.31156   1 140
        2.39095        1.31815   1 141
        2.39095        1.32850   1 142
        2.39095        1.36004   1 143
        2.39095        1.36143   1 144
        2.39095        1.39233   1 145
        2.39095        1.39326   1 146
        2.39095        1.46335   1 147
        2.39095        1.46382   1 148
        2.39095        1.48636   1 149
        2.39095        1.48757   1 150
        2.39095        1.58220   1 151
        2.39095        1.60270   1 152
        2.43261       -0.90488   1   1
        2.43261       -0.90096   1   2
        2.43261       -0.89042   1   3
        2.43261       -0.88793   1   4
        2.43261       -0.86460   1   5
        2.43261       -0.86310   1   6
        2.43261       -0.77027   1   7
        2.43261       -0.75063   1   8
        2.43261       -0.71694   1   9
        2.43261       -0.71678   1  10
        2.43261       -0.70828   1  11
        2.43261       -0.69328   1  12
        2.43261       -0.69063   1  13
        2.43261       -0.68830   1  14
        2.43261       -0.68718   1  15
        2.43261       -0.68348   1  16
        2.43261       -0.68263   1  17
        2.43261       -0.66710   1  18
        2.43261       -0.66105   1  19
        2.43261       -0.65528   1  20
        2.43261       -0.64971   1  21
        2.43261       -0.63596   1  22
        2.43261       -0.62450   1  23
        2.43261       -0.61671   1  24
        2.43261       -0.61647   1  25
        2.43261       -0.58726   1  26
        2.43261       -0.57619   1  27
        2.43261       -0.55724   1  28
        2.43261       -0.54193   1  29
        2.43261       -0.53408   1  30
        2.43261       -0.51442   1  31
        2.43261       -0.49048   1  32
        2.43261       -0.48839   1  33
        2.43261       -0.48732   1  34
        2.43261       -0.48722   1  35
        2.43261       -0.48031   1  36
        2.43261       -0.47380   1  37
        2.43261       -0.46508   1  38
        2.43261       -0.45523   1  39
        2.43261       -0.41101   1  40
        2.43261       -0.38395   1  41
        2.43261       -0.37533   1  42
        2.43261       -0.36949   1  43
        2.43261       -0.36203   1  44
        2.43261       -0.34753   1  45
        2.43261       -0.34065   1  46
        2.43261       -0.29752   1  47
        2.43261       -0.29185   1  48
        2.43261       -0.27998   1  49
        2.43261       -0.26152   1  50
        2.43261       -0.25518   1  51
        2.43261       -0.22937   1  52
        2.43261       -0.20115   1  53
        2.43261       -0.15074   1  54
        2.43261       -0.13937   1  55
        2.43261       -0.10660   1  56
        2.43261       -0.10641   1  57
        2.43261       -0.06150   1  58
        2.43261       -0.02126   1  59
        2.43261        0.00216   1  60
        2.43261        0.00555   1  61
        2.43261        0.02524   1  62
        2.43261        0.07423   1  63
        2.43261        0.07621   1  64
        2.43261        0.12853   1  65
        2.43261        0.13081   1  66
        2.43261        0.13138   1  67
        2.43261        0.14343   1  68
        2.43261        0.14363   1  69
        2.43261        0.17563   1  70
        2.43261        0.19105   1  71
        2.43261        0.19744   1  72
        2.43261        0.21200   1  73
        2.43261        0.21411   1  74
        2.43261        0.22972   1  75
        2.43261        0.23108   1  76
        2.43261        0.25421   1  77
        2.43261        0.25647   1  78
        2.43261        0.27019   1  79
        2.43261        0.27948   1  80
        2.43261        0.32846   1  81
        2.43261        0.33579   1  82
        2.43261        0.34069   1  83
        2.43261        0.34389   1  84
        2.43261        0.35217   1  85
        2.43261        0.36175   1  86
        2.43261        0.36391   1  87
        2.43261        0.37223   1  88
        2.43261        0.42171   1  89
        2.43261        0.43013   1  90
        2.43261        0.43056   1  91
        2.43261        0.43262   1  92
        2.43261        0.44202   1  93
        2.43261        0.45102   1  94
        2.43261        0.46790   1  95
        2.43261        0.48860   1  96
        2.43261        0.49694   1  97
        2.43261        0.52012   1  98
        2.43261        0.52406   1  99
        2.43261        0.53414   1 100
        2.43261        0.54597   1 101
        2.43261        0.55448   1 102
        2.43261        0.56771   1 103
        2.43261        0.56950   1 104
        2.43261        0.57243   1 105
        2.43261        0.58694   1 106
        2.43261        0.58748   1 107
        2.43261        0.59570   1 108
        2.43261        0.61847   1 109
        2.43261        0.63572   1 110
        2.43261        0.64600   1 111
        2.43261        0.68043   1 112
        2.43261        0.69515   1 113
        2.43261        0.72797   1 114
        2.43261        0.73396   1 115
        2.43261        0.75820   1 116
        2.43261        0.80383   1 117
        2.43261        0.82803   1 118
        2.43261        0.83917   1 119
        2.43261        0.86129   1 120
        2.43261        0.87704   1 121
        2.43261        0.88901   1 122
        2.43261        0.88995   1 123
        2.43261        0.89015   1 124
        2.43261        0.90589   1 125
        2.43261        0.94471   1 126
        2.43261        0.98042   1 127
        2.43261        0.99410   1 128
        2.43261        0.99583   1 129
        2.43261        1.00258   1 130
        2.43261        1.06877   1 131
        2.43261        1.08077   1 132
        2.43261        1.11256   1 133
        2.43261        1.11348   1 134
        2.43261        1.12322   1 135
        2.43261        1.12494   1 136
        2.43261        1.13162   1 137
        2.43261        1.15589   1 138
        2.43261        1.23392   1 139
        2.43261        1.24458   1 140
        2.43261        1.24488   1 141
        2.43261        1.24641   1 142
        2.43261        1.24675   1 143
        2.43261        1.24845   1 144
        2.43261        1.31526   1 145
        2.43261        1.31641   1 146
        2.43261        1.38789   1 147
        2.43261        1.38993   1 148
        2.43261        1.42448   1 149
        2.43261        1.42577   1 150
        2.43261        1.55387   1 151
        2.43261        1.58106   1 152
        2.47428       -0.89577   1   1
        2.47428       -0.89150   1   2
        2.47428       -0.88359   1   3
        2.47428       -0.88127   1   4
        2.47428       -0.86061   1   5
        2.47428       -0.85948   1   6
        2.47428       -0.77105   1   7
        2.47428       -0.75169   1   8
        2.47428       -0.73320   1   9
        2.47428       -0.72495   1  10
        2.47428       -0.70759   1  11
        2.47428       -0.70384   1  12
        2.47428       -0.70238   1  13
        2.47428       -0.70084   1  14
        2.47428       -0.70043   1  15
        2.47428       -0.69026   1  16
        2.47428       -0.68907   1  17
        2.47428       -0.66265   1  18
        2.47428       -0.65586   1  19
        2.47428       -0.65547   1  20
        2.47428       -0.65268   1  21
        2.47428       -0.63103   1  22
        2.47428       -0.62890   1  23
        2.47428       -0.62684   1  24
        2.47428       -0.60284   1  25
        2.47428       -0.58022   1  26
        2.47428       -0.57093   1  27
        2.47428       -0.55923   1  28
        2.47428       -0.53869   1  29
        2.47428       -0.52936   1  30
        2.47428       -0.50544   1  31
        2.47428       -0.49590   1  32
        2.47428       -0.49396   1  33
        2.47428       -0.49356   1  34
        2.47428       -0.48951   1  35
        2.47428       -0.48340   1  36
        2.47428       -0.47686   1  37
        2.47428       -0.46994   1  38
        2.47428       -0.45445   1  39
        2.47428       -0.40330   1  40
        2.47428       -0.39280   1  41
        2.47428       -0.37176   1  42
        2.47428       -0.36497   1  43
        2.47428       -0.34887   1  44
        2.47428       -0.34734   1  45
        2.47428       -0.33804   1  46
        2.47428       -0.29796   1  47
        2.47428       -0.29238   1  48
        2.47428       -0.27859   1  49
        2.47428       -0.26057   1  50
        2.47428       -0.22596   1  51
        2.47428       -0.22169   1  52
        2.47428       -0.19547   1  53
        2.47428       -0.13390   1  54
        2.47428       -0.11074   1  55
        2.47428       -0.09285   1  56
        2.47428       -0.09262   1  57
        2.47428       -0.04406   1  58
        2.47428        0.00627   1  59
        2.47428        0.02561   1  60
        2.47428        0.02643   1  61
        2.47428        0.05377   1  62
        2.47428        0.09233   1  63
        2.47428        0.09361   1  64
        2.47428        0.13666   1  65
        2.47428        0.15150   1  66
        2.47428        0.15361   1  67
        2.47428        0.16072   1  68
        2.47428        0.16099   1  69
        2.47428        0.17835   1  70
        2.47428        0.21428   1  71
        2.47428        0.21826   1  72
        2.47428        0.22453   1  73
        2.47428        0.22789   1  74
        2.47428        0.24228   1  75
        2.47428        0.24504   1  76
        2.47428        0.26738   1  77
        2.47428        0.26933   1  78
        2.47428        0.28497   1  79
        2.47428        0.29479   1  80
        2.47428        0.34781   1  81
        2.47428        0.34898   1  82
        2.47428        0.35371   1  83
        2.47428        0.35807   1  84
        2.47428        0.36359   1  85
        2.47428        0.36694   1  86
        2.47428        0.37335   1  87
        2.47428        0.38238   1  88
        2.47428        0.38842   1  89
        2.47428        0.39630   1  90
        2.47428        0.41143   1  91
        2.47428        0.41725   1  92
        2.47428        0.42638   1  93
        2.47428        0.44069   1  94
        2.47428        0.44494   1  95
        2.47428        0.47558   1  96
        2.47428        0.47682   1  97
        2.47428        0.50516   1  98
        2.47428        0.50839   1  99
        2.47428        0.52515   1 100
        2.47428        0.53396   1 101
        2.47428        0.54164   1 102
        2.47428        0.54727   1 103
        2.47428        0.55787   1 104
        2.47428        0.56662   1 105
        2.47428        0.57980   1 106
        2.47428        0.58885   1 107
        2.47428        0.59414   1 108
        2.47428        0.61218   1 109
        2.47428        0.61262   1 110
        2.47428        0.63128   1 111
        2.47428        0.64115   1 112
        2.47428        0.70874   1 113
        2.47428        0.72948   1 114
        2.47428        0.73321   1 115
        2.47428        0.75381   1 116
        2.47428        0.79498   1 117
        2.47428        0.80744   1 118
        2.47428        0.81003   1 119
        2.47428        0.83215   1 120
        2.47428        0.84056   1 121
        2.47428        0.84088   1 122
        2.47428        0.84180   1 123
        2.47428        0.85600   1 124
        2.47428        0.85661   1 125
        2.47428        0.88207   1 126
        2.47428        0.94816   1 127
        2.47428        0.95069   1 128
        2.47428        0.95442   1 129
        2.47428        0.96081   1 130
        2.47428        1.03103   1 131
        2.47428        1.03220   1 132
        2.47428        1.03332   1 133
        2.47428        1.04507   1 134
        2.47428        1.06042   1 135
        2.47428        1.06222   1 136
        2.47428        1.06510   1 137
        2.47428        1.09191   1 138
        2.47428        1.14736   1 139
        2.47428        1.15042   1 140
        2.47428        1.15551   1 141
        2.47428        1.16474   1 142
        2.47428        1.20642   1 143
        2.47428        1.21224   1 144
        2.47428        1.25913   1 145
        2.47428        1.26043   1 146
        2.47428        1.32529   1 147
        2.47428        1.32764   1 148
        2.47428        1.35620   1 149
        2.47428        1.35753   1 150
        2.47428        1.51727   1 151
        2.47428        1.55112   1 152
        2.51595       -0.88593   1   1
        2.51595       -0.88116   1   2
        2.51595       -0.87689   1   3
        2.51595       -0.87480   1   4
        2.51595       -0.85670   1   5
        2.51595       -0.85611   1   6
        2.51595       -0.77509   1   7
        2.51595       -0.75846   1   8
        2.51595       -0.74883   1   9
        2.51595       -0.74018   1  10
        2.51595       -0.71752   1  11
        2.51595       -0.71697   1  12
        2.51595       -0.71515   1  13
        2.51595       -0.71238   1  14
        2.51595       -0.69517   1  15
        2.51595       -0.69013   1  16
        2.51595       -0.68916   1  17
        2.51595       -0.66377   1  18
        2.51595       -0.65631   1  19
        2.51595       -0.65553   1  20
        2.51595       -0.64472   1  21
        2.51595       -0.63833   1  22
        2.51595       -0.63016   1  23
        2.51595       -0.62659   1  24
        2.51595       -0.58814   1  25
        2.51595       -0.56939   1  26
        2.51595       -0.56758   1  27
        2.51595       -0.56534   1  28
        2.51595       -0.54128   1  29
        2.51595       -0.51600   1  30
        2.51595       -0.50296   1  31
        2.51595       -0.50054   1  32
        2.51595       -0.49864   1  33
        2.51595       -0.49606   1  34
        2.51595       -0.48971   1  35
        2.51595       -0.48022   1  36
        2.51595       -0.47757   1  37
        2.51595       -0.47407   1  38
        2.51595       -0.45412   1  39
        2.51595       -0.40939   1  40
        2.51595       -0.39349   1  41
        2.51595       -0.36479   1  42
        2.51595       -0.35274   1  43
        2.51595       -0.35181   1  44
        2.51595       -0.33593   1  45
        2.51595       -0.32783   1  46
        2.51595       -0.30261   1  47
        2.51595       -0.28844   1  48
        2.51595       -0.27722   1  49
        2.51595       -0.25990   1  50
        2.51595       -0.22212   1  51
        2.51595       -0.19169   1  52
        2.51595       -0.18681   1  53
        2.51595       -0.11461   1  54
        2.51595       -0.08148   1  55
        2.51595       -0.07700   1  56
        2.51595       -0.07661   1  57
        2.51595       -0.02471   1  58
        2.51595        0.03663   1  59
        2.51595        0.05076   1  60
        2.51595        0.05095   1  61
        2.51595        0.08647   1  62
        2.51595        0.10331   1  63
        2.51595        0.10615   1  64
        2.51595        0.14331   1  65
        2.51595        0.17716   1  66
        2.51595        0.17882   1  67
        2.51595        0.17971   1  68
        2.51595        0.18211   1  69
        2.51595        0.18228   1  70
        2.51595        0.23326   1  71
        2.51595        0.23822   1  72
        2.51595        0.24421   1  73
        2.51595        0.24472   1  74
        2.51595        0.26221   1  75
        2.51595        0.26296   1  76
        2.51595        0.28073   1  77
        2.51595        0.28315   1  78
        2.51595        0.29680   1  79
        2.51595        0.31374   1  80
        2.51595        0.32555   1  81
        2.51595        0.32664   1  82
        2.51595        0.35738   1  83
        2.51595        0.36312   1  84
        2.51595        0.36429   1  85
        2.51595        0.37094   1  86
        2.51595        0.37806   1  87
        2.51595        0.38248   1  88
        2.51595        0.38528   1  89
        2.51595        0.39023   1  90
        2.51595        0.40216   1  91
        2.51595        0.40727   1  92
        2.51595        0.42125   1  93
        2.51595        0.43014   1  94
        2.51595        0.43225   1  95
        2.51595        0.45009   1  96
        2.51595        0.46361   1  97
        2.51595        0.46873   1  98
        2.51595        0.47312   1  99
        2.51595        0.52507   1 100
        2.51595        0.52630   1 101
        2.51595        0.53762   1 102
        2.51595        0.55198   1 103
        2.51595        0.55722   1 104
        2.51595        0.57333   1 105
        2.51595        0.57740   1 106
        2.51595        0.58299   1 107
        2.51595        0.59460   1 108
        2.51595        0.61334   1 109
        2.51595        0.61716   1 110
        2.51595        0.63146   1 111
        2.51595        0.63209   1 112
        2.51595        0.71802   1 113
        2.51595        0.72834   1 114
        2.51595        0.72974   1 115
        2.51595        0.74666   1 116
        2.51595        0.75020   1 117
        2.51595        0.76040   1 118
        2.51595        0.77094   1 119
        2.51595        0.77222   1 120
        2.51595        0.78864   1 121
        2.51595        0.80771   1 122
        2.51595        0.81413   1 123
        2.51595        0.82351   1 124
        2.51595        0.86473   1 125
        2.51595        0.87872   1 126
        2.51595        0.87909   1 127
        2.51595        0.89156   1 128
        2.51595        0.91231   1 129
        2.51595        0.91617   1 130
        2.51595        0.95247   1 131
        2.51595        0.95475   1 132
        2.51595        0.99348   1 133
        2.51595        1.01018   1 134
        2.51595        1.01701   1 135
        2.51595        1.01889   1 136
        2.51595        1.01968   1 137
        2.51595        1.03760   1 138
        2.51595        1.08457   1 139
        2.51595        1.08885   1 140
        2.51595        1.09868   1 141
        2.51595        1.10875   1 142
        2.51595        1.17768   1 143
        2.51595        1.18370   1 144
        2.51595        1.21824   1 145
        2.51595        1.21952   1 146
        2.51595        1.26937   1 147
        2.51595        1.27101   1 148
        2.51595        1.28755   1 149
        2.51595        1.28882   1 150
        2.51595        1.48077   1 151
        2.51595        1.52069   1 152
        2.55761       -0.87707   1   1
        2.55761       -0.87189   1   2
        2.55761       -0.87166   1   3
        2.55761       -0.86982   1   4
        2.55761       -0.85252   1   5
        2.55761       -0.85235   1   6
        2.55761       -0.78273   1   7
        2.55761       -0.77101   1   8
        2.55761       -0.76210   1   9
        2.55761       -0.75185   1  10
        2.55761       -0.72912   1  11
        2.55761       -0.72681   1  12
        2.55761       -0.72543   1  13
        2.55761       -0.71613   1  14
        2.55761       -0.69393   1  15
        2.55761       -0.69180   1  16
        2.55761       -0.68151   1  17
        2.55761       -0.66631   1  18
        2.55761       -0.65730   1  19
        2.55761       -0.65664   1  20
        2.55761       -0.64517   1  21
        2.55761       -0.63506   1  22
        2.55761       -0.63213   1  23
        2.55761       -0.62485   1  24
        2.55761       -0.57535   1  25
        2.55761       -0.57398   1  26
        2.55761       -0.56654   1  27
        2.55761       -0.55495   1  28
        2.55761       -0.54067   1  29
        2.55761       -0.50593   1  30
        2.55761       -0.50348   1  31
        2.55761       -0.50342   1  32
        2.55761       -0.50187   1  33
        2.55761       -0.48825   1  34
        2.55761       -0.48799   1  35
        2.55761       -0.47948   1  36
        2.55761       -0.47750   1  37
        2.55761       -0.47548   1  38
        2.55761       -0.45488   1  39
        2.55761       -0.42505   1  40
        2.55761       -0.38085   1  41
        2.55761       -0.35753   1  42
        2.55761       -0.35268   1  43
        2.55761       -0.33893   1  44
        2.55761       -0.32368   1  45
        2.55761       -0.31687   1  46
        2.55761       -0.30583   1  47
        2.55761       -0.28529   1  48
        2.55761       -0.27614   1  49
        2.55761       -0.26011   1  50
        2.55761       -0.21854   1  51
        2.55761       -0.18990   1  52
        2.55761       -0.15130   1  53
        2.55761       -0.09303   1  54
        2.55761       -0.06010   1  55
        2.55761       -0.05998   1  56
        2.55761       -0.05163   1  57
        2.55761       -0.00373   1  58
        2.55761        0.06766   1  59
        2.55761        0.07762   1  60
        2.55761        0.07877   1  61
        2.55761        0.10018   1  62
        2.55761        0.10947   1  63
        2.55761        0.12153   1  64
        2.55761        0.15475   1  65
        2.55761        0.17711   1  66
        2.55761        0.20529   1  67
        2.55761        0.20596   1  68
        2.55761        0.20670   1  69
        2.55761        0.20776   1  70
        2.55761        0.23450   1  71
        2.55761        0.24789   1  72
        2.55761        0.24877   1  73
        2.55761        0.25381   1  74
        2.55761        0.28058   1  75
        2.55761        0.28577   1  76
        2.55761        0.29142   1  77
        2.55761        0.29318   1  78
        2.55761        0.29414   1  79
        2.55761        0.30382   1  80
        2.55761        0.32991   1  81
        2.55761        0.33127   1  82
        2.55761        0.34806   1  83
        2.55761        0.35024   1  84
        2.55761        0.36167   1  85
        2.55761        0.36402   1  86
        2.55761        0.36612   1  87
        2.55761        0.37165   1  88
        2.55761        0.38900   1  89
        2.55761        0.40425   1  90
        2.55761        0.40881   1  91
        2.55761        0.41530   1  92
        2.55761        0.41624   1  93
        2.55761        0.42190   1  94
        2.55761        0.43392   1  95
        2.55761        0.44235   1  96
        2.55761        0.45336   1  97
        2.55761        0.46880   1  98
        2.55761        0.47021   1  99
        2.55761        0.48052   1 100
        2.55761        0.53410   1 101
        2.55761        0.55131   1 102
        2.55761        0.55234   1 103
        2.55761        0.55749   1 104
        2.55761        0.56804   1 105
        2.55761        0.57827   1 106
        2.55761        0.58204   1 107
        2.55761        0.59767   1 108
        2.55761        0.61619   1 109
        2.55761        0.63376   1 110
        2.55761        0.63508   1 111
        2.55761        0.64939   1 112
        2.55761        0.68696   1 113
        2.55761        0.69678   1 114
        2.55761        0.70342   1 115
        2.55761        0.71550   1 116
        2.55761        0.71660   1 117
        2.55761        0.71931   1 118
        2.55761        0.73913   1 119
        2.55761        0.75168   1 120
        2.55761        0.77542   1 121
        2.55761        0.78066   1 122
        2.55761        0.78771   1 123
        2.55761        0.80091   1 124
        2.55761        0.80503   1 125
        2.55761        0.81405   1 126
        2.55761        0.85637   1 127
        2.55761        0.85662   1 128
        2.55761        0.88777   1 129
        2.55761        0.89118   1 130
        2.55761        0.89452   1 131
        2.55761        0.91629   1 132
        2.55761        0.91795   1 133
        2.55761        0.94179   1 134
        2.55761        0.97030   1 135
        2.55761        0.97645   1 136
        2.55761        0.97752   1 137
        2.55761        0.98491   1 138
        2.55761        1.04021   1 139
        2.55761        1.04451   1 140
        2.55761        1.07168   1 141
        2.55761        1.07621   1 142
        2.55761        1.14209   1 143
        2.55761        1.14983   1 144
        2.55761        1.18597   1 145
        2.55761        1.18729   1 146
        2.55761        1.22247   1 147
        2.55761        1.22383   1 148
        2.55761        1.22605   1 149
        2.55761        1.22717   1 150
        2.55761        1.45394   1 151
        2.55761        1.49846   1 152
        2.59928       -0.87194   1   1
        2.59928       -0.86927   1   2
        2.59928       -0.86757   1   3
        2.59928       -0.86736   1   4
        2.59928       -0.84632   1   5
        2.59928       -0.84568   1   6
        2.59928       -0.79278   1   7
        2.59928       -0.78537   1   8
        2.59928       -0.77041   1   9
        2.59928       -0.75802   1  10
        2.59928       -0.73706   1  11
        2.59928       -0.73463   1  12
        2.59928       -0.73024   1  13
        2.59928       -0.71740   1  14
        2.59928       -0.69593   1  15
        2.59928       -0.69453   1  16
        2.59928       -0.67618   1  17
        2.59928       -0.66943   1  18
        2.59928       -0.65798   1  19
        2.59928       -0.65727   1  20
        2.59928       -0.64663   1  21
        2.59928       -0.63309   1  22
        2.59928       -0.62869   1  23
        2.59928       -0.62417   1  24
        2.59928       -0.58604   1  25
        2.59928       -0.56745   1  26
        2.59928       -0.56381   1  27
        2.59928       -0.53967   1  28
        2.59928       -0.53553   1  29
        2.59928       -0.50565   1  30
        2.59928       -0.50422   1  31
        2.59928       -0.50314   1  32
        2.59928       -0.49172   1  33
        2.59928       -0.48649   1  34
        2.59928       -0.48153   1  35
        2.59928       -0.47957   1  36
        2.59928       -0.47751   1  37
        2.59928       -0.47383   1  38
        2.59928       -0.45704   1  39
        2.59928       -0.43892   1  40
        2.59928       -0.36619   1  41
        2.59928       -0.35107   1  42
        2.59928       -0.34822   1  43
        2.59928       -0.32446   1  44
        2.59928       -0.31222   1  45
        2.59928       -0.30734   1  46
        2.59928       -0.30523   1  47
        2.59928       -0.28305   1  48
        2.59928       -0.27534   1  49
        2.59928       -0.26149   1  50
        2.59928       -0.21609   1  51
        2.59928       -0.19143   1  52
        2.59928       -0.11521   1  53
        2.59928       -0.06902   1  54
        2.59928       -0.04346   1  55
        2.59928       -0.04329   1  56
        2.59928       -0.02352   1  57
        2.59928        0.01908   1  58
        2.59928        0.08557   1  59
        2.59928        0.09672   1  60
        2.59928        0.10457   1  61
        2.59928        0.10500   1  62
        2.59928        0.11064   1  63
        2.59928        0.15616   1  64
        2.59928        0.16783   1  65
        2.59928        0.18098   1  66
        2.59928        0.18720   1  67
        2.59928        0.21591   1  68
        2.59928        0.22025   1  69
        2.59928        0.22188   1  70
        2.59928        0.23595   1  71
        2.59928        0.23705   1  72
        2.59928        0.25748   1  73
        2.59928        0.26216   1  74
        2.59928        0.28758   1  75
        2.59928        0.29570   1  76
        2.59928        0.29962   1  77
        2.59928        0.30085   1  78
        2.59928        0.31404   1  79
        2.59928        0.31779   1  80
        2.59928        0.32981   1  81
        2.59928        0.33997   1  82
        2.59928        0.35060   1  83
        2.59928        0.35542   1  84
        2.59928        0.35988   1  85
        2.59928        0.36018   1  86
        2.59928        0.37161   1  87
        2.59928        0.37659   1  88
        2.59928        0.37740   1  89
        2.59928        0.38097   1  90
        2.59928        0.40366   1  91
        2.59928        0.41333   1  92
        2.59928        0.42252   1  93
        2.59928        0.43747   1  94
        2.59928        0.44812   1  95
        2.59928        0.46223   1  96
        2.59928        0.46587   1  97
        2.59928        0.47916   1  98
        2.59928        0.48506   1  99
        2.59928        0.49223   1 100
        2.59928        0.51602   1 101
        2.59928        0.53490   1 102
        2.59928        0.53517   1 103
        2.59928        0.54375   1 104
        2.59928        0.56953   1 105
        2.59928        0.57657   1 106
        2.59928        0.58811   1 107
        2.59928        0.59479   1 108
        2.59928        0.61005   1 109
        2.59928        0.62745   1 110
        2.59928        0.65256   1 111
        2.59928        0.65824   1 112
        2.59928        0.66502   1 113
        2.59928        0.66668   1 114
        2.59928        0.66975   1 115
        2.59928        0.68604   1 116
        2.59928        0.69183   1 117
        2.59928        0.69364   1 118
        2.59928        0.71325   1 119
        2.59928        0.71558   1 120
        2.59928        0.72630   1 121
        2.59928        0.72712   1 122
        2.59928        0.75872   1 123
        2.59928        0.76962   1 124
        2.59928        0.79723   1 125
        2.59928        0.80674   1 126
        2.59928        0.80985   1 127
        2.59928        0.82844   1 128
        2.59928        0.83108   1 129
        2.59928        0.83221   1 130
        2.59928        0.83907   1 131
        2.59928        0.85918   1 132
        2.59928        0.88574   1 133
        2.59928        0.91148   1 134
        2.59928        0.94152   1 135
        2.59928        0.94163   1 136
        2.59928        0.94326   1 137
        2.59928        0.95874   1 138
        2.59928        0.99415   1 139
        2.59928        0.99780   1 140
        2.59928        1.02047   1 141
        2.59928        1.02178   1 142
        2.59928        1.11888   1 143
        2.59928        1.12679   1 144
        2.59928        1.15983   1 145
        2.59928        1.16127   1 146
        2.59928        1.17787   1 147
        2.59928        1.17884   1 148
        2.59928        1.18502   1 149
        2.59928        1.18660   1 150
        2.59928        1.43846   1 151
        2.59928        1.48581   1 152
        2.64095       -0.87135   1   1
        2.64095       -0.86994   1   2
        2.64095       -0.86816   1   3
        2.64095       -0.86790   1   4
        2.64095       -0.83775   1   5
        2.64095       -0.83599   1   6
        2.64095       -0.80347   1   7
        2.64095       -0.79844   1   8
        2.64095       -0.77208   1   9
        2.64095       -0.75813   1  10
        2.64095       -0.74128   1  11
        2.64095       -0.73879   1  12
        2.64095       -0.73368   1  13
        2.64095       -0.71920   1  14
        2.64095       -0.69910   1  15
        2.64095       -0.69815   1  16
        2.64095       -0.67646   1  17
        2.64095       -0.67255   1  18
        2.64095       -0.65821   1  19
        2.64095       -0.65774   1  20
        2.64095       -0.64229   1  21
        2.64095       -0.63263   1  22
        2.64095       -0.62834   1  23
        2.64095       -0.62123   1  24
        2.64095       -0.59675   1  25
        2.64095       -0.56917   1  26
        2.64095       -0.55820   1  27
        2.64095       -0.52903   1  28
        2.64095       -0.52408   1  29
        2.64095       -0.50370   1  30
        2.64095       -0.50241   1  31
        2.64095       -0.49970   1  32
        2.64095       -0.48524   1  33
        2.64095       -0.48327   1  34
        2.64095       -0.48221   1  35
        2.64095       -0.47752   1  36
        2.64095       -0.47265   1  37
        2.64095       -0.47203   1  38
        2.64095       -0.46066   1  39
        2.64095       -0.45083   1  40
        2.64095       -0.35383   1  41
        2.64095       -0.34306   1  42
        2.64095       -0.33859   1  43
        2.64095       -0.31014   1  44
        2.64095       -0.30657   1  45
        2.64095       -0.30161   1  46
        2.64095       -0.29317   1  47
        2.64095       -0.28150   1  48
        2.64095       -0.27482   1  49
        2.64095       -0.26405   1  50
        2.64095       -0.21546   1  51
        2.64095       -0.19650   1  52
        2.64095       -0.07970   1  53
        2.64095       -0.04253   1  54
        2.64095       -0.02906   1  55
        2.64095       -0.02840   1  56
        2.64095        0.00057   1  57
        2.64095        0.04392   1  58
        2.64095        0.06581   1  59
        2.64095        0.09938   1  60
        2.64095        0.12254   1  61
        2.64095        0.13310   1  62
        2.64095        0.13948   1  63
        2.64095        0.14236   1  64
        2.64095        0.17487   1  65
        2.64095        0.18271   1  66
        2.64095        0.18813   1  67
        2.64095        0.19826   1  68
        2.64095        0.20161   1  69
        2.64095        0.22145   1  70
        2.64095        0.24262   1  71
        2.64095        0.26491   1  72
        2.64095        0.26666   1  73
        2.64095        0.27874   1  74
        2.64095        0.28578   1  75
        2.64095        0.29291   1  76
        2.64095        0.30689   1  77
        2.64095        0.30858   1  78
        2.64095        0.31225   1  79
        2.64095        0.33077   1  80
        2.64095        0.35019   1  81
        2.64095        0.35415   1  82
        2.64095        0.35473   1  83
        2.64095        0.35714   1  84
        2.64095        0.35825   1  85
        2.64095        0.37309   1  86
        2.64095        0.37834   1  87
        2.64095        0.39085   1  88
        2.64095        0.39655   1  89
        2.64095        0.40102   1  90
        2.64095        0.40866   1  91
        2.64095        0.41001   1  92
        2.64095        0.42932   1  93
        2.64095        0.44426   1  94
        2.64095        0.46490   1  95
        2.64095        0.47177   1  96
        2.64095        0.48247   1  97
        2.64095        0.48637   1  98
        2.64095        0.49587   1  99
        2.64095        0.49888   1 100
        2.64095        0.50152   1 101
        2.64095        0.50754   1 102
        2.64095        0.53580   1 103
        2.64095        0.55043   1 104
        2.64095        0.55772   1 105
        2.64095        0.57108   1 106
        2.64095        0.57434   1 107
        2.64095        0.58998   1 108
        2.64095        0.59493   1 109
        2.64095        0.60561   1 110
        2.64095        0.62234   1 111
        2.64095        0.62466   1 112
        2.64095        0.62692   1 113
        2.64095        0.63628   1 114
        2.64095        0.66294   1 115
        2.64095        0.67542   1 116
        2.64095        0.68827   1 117
        2.64095        0.69255   1 118
        2.64095        0.69422   1 119
        2.64095        0.69776   1 120
        2.64095        0.70977   1 121
        2.64095        0.71876   1 122
        2.64095        0.72334   1 123
        2.64095        0.73580   1 124
        2.64095        0.75669   1 125
        2.64095        0.76051   1 126
        2.64095        0.76451   1 127
        2.64095        0.77267   1 128
        2.64095        0.79632   1 129
        2.64095        0.80392   1 130
        2.64095        0.82053   1 131
        2.64095        0.83988   1 132
        2.64095        0.84526   1 133
        2.64095        0.87762   1 134
        2.64095        0.91101   1 135
        2.64095        0.91292   1 136
        2.64095        0.93009   1 137
        2.64095        0.93491   1 138
        2.64095        0.95122   1 139
        2.64095        0.95427   1 140
        2.64095        0.97343   1 141
        2.64095        0.98745   1 142
        2.64095        1.10618   1 143
        2.64095        1.11198   1 144
        2.64095        1.13722   1 145
        2.64095        1.13854   1 146
        2.64095        1.14551   1 147
        2.64095        1.14665   1 148
        2.64095        1.15120   1 149
        2.64095        1.15314   1 150
        2.64095        1.43004   1 151
        2.64095        1.47899   1 152
        2.68261       -0.87307   1   1
        2.68261       -0.87237   1   2
        2.68261       -0.87041   1   3
        2.68261       -0.87033   1   4
        2.68261       -0.82907   1   5
        2.68261       -0.82648   1   6
        2.68261       -0.81250   1   7
        2.68261       -0.80860   1   8
        2.68261       -0.76887   1   9
        2.68261       -0.75342   1  10
        2.68261       -0.74278   1  11
        2.68261       -0.74034   1  12
        2.68261       -0.73717   1  13
        2.68261       -0.72289   1  14
        2.68261       -0.70276   1  15
        2.68261       -0.70206   1  16
        2.68261       -0.67884   1  17
        2.68261       -0.67534   1  18
        2.68261       -0.65816   1  19
        2.68261       -0.65792   1  20
        2.68261       -0.63668   1  21
        2.68261       -0.63062   1  22
        2.68261       -0.62954   1  23
        2.68261       -0.61906   1  24
        2.68261       -0.60630   1  25
        2.68261       -0.57088   1  26
        2.68261       -0.55630   1  27
        2.68261       -0.52033   1  28
        2.68261       -0.51485   1  29
        2.68261       -0.50074   1  30
        2.68261       -0.49779   1  31
        2.68261       -0.49289   1  32
        2.68261       -0.48457   1  33
        2.68261       -0.48184   1  34
        2.68261       -0.47817   1  35
        2.68261       -0.47781   1  36
        2.68261       -0.47117   1  37
        2.68261       -0.46636   1  38
        2.68261       -0.46526   1  39
        2.68261       -0.46061   1  40
        2.68261       -0.34479   1  41
        2.68261       -0.33787   1  42
        2.68261       -0.32538   1  43
        2.68261       -0.30057   1  44
        2.68261       -0.29711   1  45
        2.68261       -0.29230   1  46
        2.68261       -0.28292   1  47
        2.68261       -0.27890   1  48
        2.68261       -0.27474   1  49
        2.68261       -0.26726   1  50
        2.68261       -0.21698   1  51
        2.68261       -0.20492   1  52
        2.68261       -0.04829   1  53
        2.68261       -0.01882   1  54
        2.68261       -0.01648   1  55
        2.68261       -0.01405   1  56
        2.68261        0.01583   1  57
        2.68261        0.04761   1  58
        2.68261        0.07065   1  59
        2.68261        0.09548   1  60
        2.68261        0.10232   1  61
        2.68261        0.14511   1  62
        2.68261        0.15693   1  63
        2.68261        0.15845   1  64
        2.68261        0.15953   1  65
        2.68261        0.19004   1  66
        2.68261        0.19388   1  67
        2.68261        0.19864   1  68
        2.68261        0.20083   1  69
        2.68261        0.20811   1  70
        2.68261        0.22656   1  71
        2.68261        0.25214   1  72
        2.68261        0.28240   1  73
        2.68261        0.29256   1  74
        2.68261        0.29322   1  75
        2.68261        0.32469   1  76
        2.68261        0.32582   1  77
        2.68261        0.32731   1  78
        2.68261        0.32962   1  79
        2.68261        0.33981   1  80
        2.68261        0.34280   1  81
        2.68261        0.34698   1  82
        2.68261        0.35735   1  83
        2.68261        0.36376   1  84
        2.68261        0.36876   1  85
        2.68261        0.38069   1  86
        2.68261        0.39546   1  87
        2.68261        0.39916   1  88
        2.68261        0.41574   1  89
        2.68261        0.42380   1  90
        2.68261        0.42635   1  91
        2.68261        0.43589   1  92
        2.68261        0.44170   1  93
        2.68261        0.44776   1  94
        2.68261        0.44901   1  95
        2.68261        0.46607   1  96
        2.68261        0.47417   1  97
        2.68261        0.47629   1  98
        2.68261        0.48325   1  99
        2.68261        0.50188   1 100
        2.68261        0.51708   1 101
        2.68261        0.53210   1 102
        2.68261        0.53931   1 103
        2.68261        0.55057   1 104
        2.68261        0.55405   1 105
        2.68261        0.55806   1 106
        2.68261        0.55972   1 107
        2.68261        0.56986   1 108
        2.68261        0.58840   1 109
        2.68261        0.59323   1 110
        2.68261        0.59781   1 111
        2.68261        0.60527   1 112
        2.68261        0.61529   1 113
        2.68261        0.62529   1 114
        2.68261        0.63907   1 115
        2.68261        0.64349   1 116
        2.68261        0.64682   1 117
        2.68261        0.64853   1 118
        2.68261        0.67392   1 119
        2.68261        0.68135   1 120
        2.68261        0.70838   1 121
        2.68261        0.71187   1 122
        2.68261        0.71995   1 123
        2.68261        0.72850   1 124
        2.68261        0.72964   1 125
        2.68261        0.74206   1 126
        2.68261        0.75561   1 127
        2.68261        0.76730   1 128
        2.68261        0.76956   1 129
        2.68261        0.77063   1 130
        2.68261        0.77960   1 131
        2.68261        0.78594   1 132
        2.68261        0.83084   1 133
        2.68261        0.85308   1 134
        2.68261        0.88879   1 135
        2.68261        0.89133   1 136
        2.68261        0.89325   1 137
        2.68261        0.91691   1 138
        2.68261        0.92092   1 139
        2.68261        0.92338   1 140
        2.68261        0.98397   1 141
        2.68261        0.99108   1 142
        2.68261        1.07953   1 143
        2.68261        1.08723   1 144
        2.68261        1.11317   1 145
        2.68261        1.11453   1 146
        2.68261        1.12994   1 147
        2.68261        1.13152   1 148
        2.68261        1.13163   1 149
        2.68261        1.13267   1 150
        2.68261        1.42583   1 151
        2.68261        1.47567   1 152
        2.72428       -0.87493   1   1
        2.72428       -0.87470   1   2
        2.72428       -0.87261   1   3
        2.72428       -0.87252   1   4
        2.72428       -0.82275   1   5
        2.72428       -0.81966   1   6
        2.72428       -0.81837   1   7
        2.72428       -0.81496   1   8
        2.72428       -0.76397   1   9
        2.72428       -0.74617   1  10
        2.72428       -0.74291   1  11
        2.72428       -0.74085   1  12
        2.72428       -0.74056   1  13
        2.72428       -0.72858   1  14
        2.72428       -0.70583   1  15
        2.72428       -0.70525   1  16
        2.72428       -0.68081   1  17
        2.72428       -0.67731   1  18
        2.72428       -0.65806   1  19
        2.72428       -0.65785   1  20
        2.72428       -0.63278   1  21
        2.72428       -0.63050   1  22
        2.72428       -0.62743   1  23
        2.72428       -0.61817   1  24
        2.72428       -0.61403   1  25
        2.72428       -0.57210   1  26
        2.72428       -0.55608   1  27
        2.72428       -0.51707   1  28
        2.72428       -0.50534   1  29
        2.72428       -0.49958   1  30
        2.72428       -0.49120   1  31
        2.72428       -0.48701   1  32
        2.72428       -0.48445   1  33
        2.72428       -0.48021   1  34
        2.72428       -0.47992   1  35
        2.72428       -0.47536   1  36
        2.72428       -0.47132   1  37
        2.72428       -0.46908   1  38
        2.72428       -0.46766   1  39
        2.72428       -0.46199   1  40
        2.72428       -0.33819   1  41
        2.72428       -0.33424   1  42
        2.72428       -0.31966   1  43
        2.72428       -0.28836   1  44
        2.72428       -0.28771   1  45
        2.72428       -0.28535   1  46
        2.72428       -0.28079   1  47
        2.72428       -0.27531   1  48
        2.72428       -0.27062   1  49
        2.72428       -0.26941   1  50
        2.72428       -0.22030   1  51
        2.72428       -0.21502   1  52
        2.72428       -0.02994   1  53
        2.72428       -0.01363   1  54
        2.72428       -0.00643   1  55
        2.72428        0.01509   1  56
        2.72428        0.02150   1  57
        2.72428        0.03887   1  58
        2.72428        0.06597   1  59
        2.72428        0.09839   1  60
        2.72428        0.11218   1  61
        2.72428        0.12743   1  62
        2.72428        0.14081   1  63
        2.72428        0.16066   1  64
        2.72428        0.16881   1  65
        2.72428        0.17363   1  66
        2.72428        0.20931   1  67
        2.72428        0.21163   1  68
        2.72428        0.21214   1  69
        2.72428        0.21374   1  70
        2.72428        0.22508   1  71
        2.72428        0.23494   1  72
        2.72428        0.27605   1  73
        2.72428        0.29717   1  74
        2.72428        0.30998   1  75
        2.72428        0.33858   1  76
        2.72428        0.34051   1  77
        2.72428        0.34167   1  78
        2.72428        0.34177   1  79
        2.72428        0.35210   1  80
        2.72428        0.35240   1  81
        2.72428        0.35842   1  82
        2.72428        0.35918   1  83
        2.72428        0.36501   1  84
        2.72428        0.37698   1  85
        2.72428        0.39778   1  86
        2.72428        0.39806   1  87
        2.72428        0.40087   1  88
        2.72428        0.40500   1  89
        2.72428        0.40662   1  90
        2.72428        0.40868   1  91
        2.72428        0.44199   1  92
        2.72428        0.46328   1  93
        2.72428        0.46904   1  94
        2.72428        0.47190   1  95
        2.72428        0.48448   1  96
        2.72428        0.48675   1  97
        2.72428        0.49244   1  98
        2.72428        0.49577   1  99
        2.72428        0.49920   1 100
        2.72428        0.50363   1 101
        2.72428        0.50925   1 102
        2.72428        0.51736   1 103
        2.72428        0.52140   1 104
        2.72428        0.53789   1 105
        2.72428        0.55635   1 106
        2.72428        0.57611   1 107
        2.72428        0.58106   1 108
        2.72428        0.58491   1 109
        2.72428        0.59066   1 110
        2.72428        0.59336   1 111
        2.72428        0.59474   1 112
        2.72428        0.61306   1 113
        2.72428        0.61586   1 114
        2.72428        0.62056   1 115
        2.72428        0.62494   1 116
        2.72428        0.63760   1 117
        2.72428        0.64197   1 118
        2.72428        0.64711   1 119
        2.72428        0.65001   1 120
        2.72428        0.66963   1 121
        2.72428        0.67786   1 122
        2.72428        0.70413   1 123
        2.72428        0.71677   1 124
        2.72428        0.71975   1 125
        2.72428        0.72986   1 126
        2.72428        0.73399   1 127
        2.72428        0.73619   1 128
        2.72428        0.75492   1 129
        2.72428        0.76960   1 130
        2.72428        0.78141   1 131
        2.72428        0.79766   1 132
        2.72428        0.81485   1 133
        2.72428        0.83402   1 134
        2.72428        0.88059   1 135
        2.72428        0.88363   1 136
        2.72428        0.89545   1 137
        2.72428        0.89993   1 138
        2.72428        0.90153   1 139
        2.72428        0.92573   1 140
        2.72428        0.97029   1 141
        2.72428        0.97335   1 142
        2.72428        1.07180   1 143
        2.72428        1.08035   1 144
        2.72428        1.09719   1 145
        2.72428        1.09898   1 146
        2.72428        1.11227   1 147
        2.72428        1.11439   1 148
        2.72428        1.12530   1 149
        2.72428        1.12615   1 150
        2.72428        1.42482   1 151
        2.72428        1.47511   1 152
        2.76595       -0.87572   1   1
        2.76595       -0.87560   1   2
        2.76595       -0.87347   1   3
        2.76595       -0.87339   1   4
        2.76595       -0.82073   1   5
        2.76595       -0.82010   1   6
        2.76595       -0.81748   1   7
        2.76595       -0.81683   1   8
        2.76595       -0.76136   1   9
        2.76595       -0.74283   1  10
        2.76595       -0.74280   1  11
        2.76595       -0.74054   1  12
        2.76595       -0.74053   1  13
        2.76595       -0.73354   1  14
        2.76595       -0.70706   1  15
        2.76595       -0.70651   1  16
        2.76595       -0.68154   1  17
        2.76595       -0.67803   1  18
        2.76595       -0.65803   1  19
        2.76595       -0.65779   1  20
        2.76595       -0.63165   1  21
        2.76595       -0.63046   1  22
        2.76595       -0.62520   1  23
        2.76595       -0.61802   1  24
        2.76595       -0.61790   1  25
        2.76595       -0.57255   1  26
        2.76595       -0.55616   1  27
        2.76595       -0.51654   1  28
        2.76595       -0.49979   1  29
        2.76595       -0.49867   1  30
        2.76595       -0.48997   1  31
        2.76595       -0.48495   1  32
        2.76595       -0.48437   1  33
        2.76595       -0.48140   1  34
        2.76595       -0.47802   1  35
        2.76595       -0.47533   1  36
        2.76595       -0.47349   1  37
        2.76595       -0.47001   1  38
        2.76595       -0.46908   1  39
        2.76595       -0.46054   1  40
        2.76595       -0.33596   1  41
        2.76595       -0.33252   1  42
        2.76595       -0.31853   1  43
        2.76595       -0.28543   1  44
        2.76595       -0.28270   1  45
        2.76595       -0.28232   1  46
        2.76595       -0.27898   1  47
        2.76595       -0.27526   1  48
        2.76595       -0.27024   1  49
        2.76595       -0.26622   1  50
        2.76595       -0.22332   1  51
        2.76595       -0.21970   1  52
        2.76595       -0.02611   1  53
        2.76595       -0.01228   1  54
        2.76595       -0.00183   1  55
        2.76595        0.02259   1  56
        2.76595        0.03669   1  57
        2.76595        0.04116   1  58
        2.76595        0.04572   1  59
        2.76595        0.11374   1  60
        2.76595        0.11617   1  61
        2.76595        0.11907   1  62
        2.76595        0.13243   1  63
        2.76595        0.15102   1  64
        2.76595        0.16205   1  65
        2.76595        0.17296   1  66
        2.76595        0.21947   1  67
        2.76595        0.22211   1  68
        2.76595        0.22230   1  69
        2.76595        0.22239   1  70
        2.76595        0.22259   1  71
        2.76595        0.22564   1  72
        2.76595        0.26695   1  73
        2.76595        0.29525   1  74
        2.76595        0.32732   1  75
        2.76595        0.33695   1  76
        2.76595        0.33903   1  77
        2.76595        0.33934   1  78
        2.76595        0.35066   1  79
        2.76595        0.35072   1  80
        2.76595        0.35481   1  81
        2.76595        0.35532   1  82
        2.76595        0.36740   1  83
        2.76595        0.36781   1  84
        2.76595        0.37211   1  85
        2.76595        0.39606   1  86
        2.76595        0.39616   1  87
        2.76595        0.40144   1  88
        2.76595        0.42986   1  89
        2.76595        0.42989   1  90
        2.76595        0.43651   1  91
        2.76595        0.43666   1  92
        2.76595        0.43730   1  93
        2.76595        0.44323   1  94
        2.76595        0.45972   1  95
        2.76595        0.46049   1  96
        2.76595        0.49700   1  97
        2.76595        0.49763   1  98
        2.76595        0.50993   1  99
        2.76595        0.51056   1 100
        2.76595        0.51396   1 101
        2.76595        0.52332   1 102
        2.76595        0.54603   1 103
        2.76595        0.54611   1 104
        2.76595        0.55183   1 105
        2.76595        0.55356   1 106
        2.76595        0.55356   1 107
        2.76595        0.55360   1 108
        2.76595        0.56573   1 109
        2.76595        0.56583   1 110
        2.76595        0.57508   1 111
        2.76595        0.57698   1 112
        2.76595        0.58780   1 113
        2.76595        0.59398   1 114
        2.76595        0.65169   1 115
        2.76595        0.65188   1 116
        2.76595        0.65355   1 117
        2.76595        0.65996   1 118
        2.76595        0.66019   1 119
        2.76595        0.66041   1 120
        2.76595        0.66141   1 121
        2.76595        0.66177   1 122
        2.76595        0.67409   1 123
        2.76595        0.67416   1 124
        2.76595        0.70713   1 125
        2.76595        0.71044   1 126
        2.76595        0.71134   1 127
        2.76595        0.72423   1 128
        2.76595        0.76589   1 129
        2.76595        0.76602   1 130
        2.76595        0.77912   1 131
        2.76595        0.77930   1 132
        2.76595        0.85344   1 133
        2.76595        0.87886   1 134
        2.76595        0.87893   1 135
        2.76595        0.88227   1 136
        2.76595        0.88234   1 137
        2.76595        0.89081   1 138
        2.76595        0.89118   1 139
        2.76595        0.89182   1 140
        2.76595        0.95659   1 141
        2.76595        0.96929   1 142
        2.76595        1.08887   1 143
        2.76595        1.09186   1 144
        2.76595        1.09189   1 145
        2.76595        1.09390   1 146
        2.76595        1.09393   1 147
        2.76595        1.09608   1 148
        2.76595        1.12342   1 149
        2.76595        1.12411   1 150
        2.76595        1.42498   1 151
        2.76595        1.47539   1 152
        2.76595       -0.87572   1   1
        2.76595       -0.87560   1   2
        2.76595       -0.87347   1   3
        2.76595       -0.87339   1   4
        2.76595       -0.82073   1   5
        2.76595       -0.82010   1   6
        2.76595       -0.81748   1   7
        2.76595       -0.81683   1   8
        2.76595       -0.76136   1   9
        2.76595       -0.74283   1  10
        2.76595       -0.74280   1  11
        2.76595       -0.74054   1  12
        2.76595       -0.74053   1  13
        2.76595       -0.73354   1  14
        2.76595       -0.70706   1  15
        2.76595       -0.70651   1  16
        2.76595       -0.68154   1  17
        2.76595       -0.67803   1  18
        2.76595       -0.65803   1  19
        2.76595       -0.65779   1  20
        2.76595       -0.63165   1  21
        2.76595       -0.63046   1  22
        2.76595       -0.62520   1  23
        2.76595       -0.61802   1  24
        2.76595       -0.61790   1  25
        2.76595       -0.57255   1  26
        2.76595       -0.55616   1  27
        2.76595       -0.51654   1  28
        2.76595       -0.49979   1  29
        2.76595       -0.49867   1  30
        2.76595       -0.48997   1  31
        2.76595       -0.48495   1  32
        2.76595       -0.48437   1  33
        2.76595       -0.48140   1  34
        2.76595       -0.47802   1  35
        2.76595       -0.47533   1  36
        2.76595       -0.47349   1  37
        2.76595       -0.47001   1  38
        2.76595       -0.46908   1  39
        2.76595       -0.46054   1  40
        2.76595       -0.33596   1  41
        2.76595       -0.33252   1  42
        2.76595       -0.31853   1  43
        2.76595       -0.28543   1  44
        2.76595       -0.28270   1  45
        2.76595       -0.28232   1  46
        2.76595       -0.27898   1  47
        2.76595       -0.27526   1  48
        2.76595       -0.27024   1  49
        2.76595       -0.26622   1  50
        2.76595       -0.22332   1  51
        2.76595       -0.21970   1  52
        2.76595       -0.02611   1  53
        2.76595       -0.01228   1  54
        2.76595       -0.00183   1  55
        2.76595        0.02259   1  56
        2.76595        0.03669   1  57
        2.76595        0.04116   1  58
        2.76595        0.04572   1  59
        2.76595        0.11374   1  60
        2.76595        0.11617   1  61
        2.76595        0.11907   1  62
        2.76595        0.13243   1  63
        2.76595        0.15102   1  64
        2.76595        0.16205   1  65
        2.76595        0.17296   1  66
        2.76595        0.21947   1  67
        2.76595        0.22211   1  68
        2.76595        0.22230   1  69
        2.76595        0.22239   1  70
        2.76595        0.22259   1  71
        2.76595        0.22564   1  72
        2.76595        0.26695   1  73
        2.76595        0.29525   1  74
        2.76595        0.32732   1  75
        2.76595        0.33695   1  76
        2.76595        0.33903   1  77
        2.76595        0.33934   1  78
        2.76595        0.35066   1  79
        2.76595        0.35072   1  80
        2.76595        0.35481   1  81
        2.76595        0.35532   1  82
        2.76595        0.36740   1  83
        2.76595        0.36781   1  84
        2.76595        0.37211   1  85
        2.76595        0.39606   1  86
        2.76595        0.39616   1  87
        2.76595        0.40144   1  88
        2.76595        0.42986   1  89
        2.76595        0.42989   1  90
        2.76595        0.43651   1  91
        2.76595        0.43666   1  92
        2.76595        0.43730   1  93
        2.76595        0.44323   1  94
        2.76595        0.45972   1  95
        2.76595        0.46049   1  96
        2.76595        0.49700   1  97
        2.76595        0.49763   1  98
        2.76595        0.50993   1  99
        2.76595        0.51056   1 100
        2.76595        0.51396   1 101
        2.76595        0.52332   1 102
        2.76595        0.54603   1 103
        2.76595        0.54611   1 104
        2.76595        0.55183   1 105
        2.76595        0.55356   1 106
        2.76595        0.55356   1 107
        2.76595        0.55360   1 108
        2.76595        0.56573   1 109
        2.76595        0.56583   1 110
        2.76595        0.57508   1 111
        2.76595        0.57698   1 112
        2.76595        0.58780   1 113
        2.76595        0.59398   1 114
        2.76595        0.65169   1 115
        2.76595        0.65188   1 116
        2.76595        0.65355   1 117
        2.76595        0.65996   1 118
        2.76595        0.66019   1 119
        2.76595        0.66041   1 120
        2.76595        0.66141   1 121
        2.76595        0.66177   1 122
        2.76595        0.67409   1 123
        2.76595        0.67416   1 124
        2.76595        0.70713   1 125
        2.76595        0.71044   1 126
        2.76595        0.71134   1 127
        2.76595        0.72423   1 128
        2.76595        0.76589   1 129
        2.76595        0.76602   1 130
        2.76595        0.77912   1 131
        2.76595        0.77930   1 132
        2.76595        0.85344   1 133
        2.76595        0.87886   1 134
        2.76595        0.87893   1 135
        2.76595        0.88227   1 136
        2.76595        0.88234   1 137
        2.76595        0.89081   1 138
        2.76595        0.89118   1 139
        2.76595        0.89182   1 140
        2.76595        0.95659   1 141
        2.76595        0.96929   1 142
        2.76595        1.08887   1 143
        2.76595        1.09186   1 144
        2.76595        1.09189   1 145
        2.76595        1.09390   1 146
        2.76595        1.09393   1 147
        2.76595        1.09608   1 148
        2.76595        1.12342   1 149
        2.76595        1.12411   1 150
        2.76595        1.42498   1 151
        2.76595        1.47539   1 152
        2.80523       -0.87515   1   1
        2.80523       -0.87461   1   2
        2.80523       -0.87289   1   3
        2.80523       -0.87237   1   4
        2.80523       -0.82165   1   5
        2.80523       -0.81943   1   6
        2.80523       -0.81845   1   7
        2.80523       -0.81615   1   8
        2.80523       -0.76389   1   9
        2.80523       -0.74643   1  10
        2.80523       -0.74205   1  11
        2.80523       -0.74177   1  12
        2.80523       -0.73976   1  13
        2.80523       -0.72911   1  14
        2.80523       -0.70597   1  15
        2.80523       -0.70539   1  16
        2.80523       -0.68093   1  17
        2.80523       -0.67735   1  18
        2.80523       -0.65805   1  19
        2.80523       -0.65784   1  20
        2.80523       -0.63228   1  21
        2.80523       -0.63091   1  22
        2.80523       -0.62723   1  23
        2.80523       -0.61784   1  24
        2.80523       -0.61468   1  25
        2.80523       -0.57223   1  26
        2.80523       -0.55602   1  27
        2.80523       -0.51695   1  28
        2.80523       -0.50342   1  29
        2.80523       -0.50153   1  30
        2.80523       -0.49075   1  31
        2.80523       -0.48640   1  32
        2.80523       -0.48483   1  33
        2.80523       -0.48022   1  34
        2.80523       -0.47970   1  35
        2.80523       -0.47464   1  36
        2.80523       -0.47161   1  37
        2.80523       -0.46915   1  38
        2.80523       -0.46841   1  39
        2.80523       -0.46170   1  40
        2.80523       -0.33785   1  41
        2.80523       -0.33420   1  42
        2.80523       -0.31942   1  43
        2.80523       -0.29449   1  44
        2.80523       -0.28769   1  45
        2.80523       -0.28080   1  46
        2.80523       -0.27842   1  47
        2.80523       -0.27513   1  48
        2.80523       -0.27013   1  49
        2.80523       -0.26807   1  50
        2.80523       -0.22725   1  51
        2.80523       -0.20950   1  52
        2.80523       -0.03133   1  53
        2.80523       -0.01357   1  54
        2.80523       -0.00731   1  55
        2.80523        0.02119   1  56
        2.80523        0.02126   1  57
        2.80523        0.04111   1  58
        2.80523        0.06091   1  59
        2.80523        0.09615   1  60
        2.80523        0.11939   1  61
        2.80523        0.12439   1  62
        2.80523        0.14124   1  63
        2.80523        0.15974   1  64
        2.80523        0.16915   1  65
        2.80523        0.17027   1  66
        2.80523        0.20220   1  67
        2.80523        0.20626   1  68
        2.80523        0.22381   1  69
        2.80523        0.22410   1  70
        2.80523        0.22426   1  71
        2.80523        0.23316   1  72
        2.80523        0.27332   1  73
        2.80523        0.29561   1  74
        2.80523        0.30802   1  75
        2.80523        0.33788   1  76
        2.80523        0.33909   1  77
        2.80523        0.33968   1  78
        2.80523        0.34507   1  79
        2.80523        0.34870   1  80
        2.80523        0.34994   1  81
        2.80523        0.36258   1  82
        2.80523        0.36288   1  83
        2.80523        0.36825   1  84
        2.80523        0.37612   1  85
        2.80523        0.38316   1  86
        2.80523        0.39717   1  87
        2.80523        0.39802   1  88
        2.80523        0.40797   1  89
        2.80523        0.43153   1  90
        2.80523        0.43839   1  91
        2.80523        0.44080   1  92
        2.80523        0.44234   1  93
        2.80523        0.44788   1  94
        2.80523        0.46615   1  95
        2.80523        0.47583   1  96
        2.80523        0.48015   1  97
        2.80523        0.48915   1  98
        2.80523        0.49838   1  99
        2.80523        0.50939   1 100
        2.80523        0.51138   1 101
        2.80523        0.51527   1 102
        2.80523        0.53417   1 103
        2.80523        0.54619   1 104
        2.80523        0.54757   1 105
        2.80523        0.55283   1 106
        2.80523        0.55503   1 107
        2.80523        0.56316   1 108
        2.80523        0.56907   1 109
        2.80523        0.57705   1 110
        2.80523        0.58802   1 111
        2.80523        0.59885   1 112
        2.80523        0.61457   1 113
        2.80523        0.62261   1 114
        2.80523        0.62549   1 115
        2.80523        0.62735   1 116
        2.80523        0.64405   1 117
        2.80523        0.64885   1 118
        2.80523        0.65317   1 119
        2.80523        0.66145   1 120
        2.80523        0.66271   1 121
        2.80523        0.67538   1 122
        2.80523        0.68963   1 123
        2.80523        0.70057   1 124
        2.80523        0.71663   1 125
        2.80523        0.72892   1 126
        2.80523        0.73706   1 127
        2.80523        0.73943   1 128
        2.80523        0.76661   1 129
        2.80523        0.76928   1 130
        2.80523        0.78012   1 131
        2.80523        0.78587   1 132
        2.80523        0.81915   1 133
        2.80523        0.83787   1 134
        2.80523        0.88155   1 135
        2.80523        0.88494   1 136
        2.80523        0.89405   1 137
        2.80523        0.89945   1 138
        2.80523        0.90067   1 139
        2.80523        0.92416   1 140
        2.80523        0.96834   1 141
        2.80523        0.97222   1 142
        2.80523        1.07436   1 143
        2.80523        1.08247   1 144
        2.80523        1.09439   1 145
        2.80523        1.09642   1 146
        2.80523        1.11154   1 147
        2.80523        1.11363   1 148
        2.80523        1.12519   1 149
        2.80523        1.12604   1 150
        2.80523        1.42486   1 151
        2.80523        1.47518   1 152
        2.84451       -0.87358   1   1
        2.84451       -0.87147   1   2
        2.84451       -0.87123   1   3
        2.84451       -0.86922   1   4
        2.84451       -0.82485   1   5
        2.84451       -0.82175   1   6
        2.84451       -0.81664   1   7
        2.84451       -0.81334   1   8
        2.84451       -0.77015   1   9
        2.84451       -0.75574   1  10
        2.84451       -0.73980   1  11
        2.84451       -0.73975   1  12
        2.84451       -0.73745   1  13
        2.84451       -0.72425   1  14
        2.84451       -0.70324   1  15
        2.84451       -0.70242   1  16
        2.84451       -0.67959   1  17
        2.84451       -0.67522   1  18
        2.84451       -0.65798   1  19
        2.84451       -0.65777   1  20
        2.84451       -0.63433   1  21
        2.84451       -0.63168   1  22
        2.84451       -0.63022   1  23
        2.84451       -0.61755   1  24
        2.84451       -0.60853   1  25
        2.84451       -0.57240   1  26
        2.84451       -0.55509   1  27
        2.84451       -0.51840   1  28
        2.84451       -0.51067   1  29
        2.84451       -0.50777   1  30
        2.84451       -0.49739   1  31
        2.84451       -0.49071   1  32
        2.84451       -0.48602   1  33
        2.84451       -0.48253   1  34
        2.84451       -0.47463   1  35
        2.84451       -0.47437   1  36
        2.84451       -0.47041   1  37
        2.84451       -0.46754   1  38
        2.84451       -0.46504   1  39
        2.84451       -0.46374   1  40
        2.84451       -0.34351   1  41
        2.84451       -0.33824   1  42
        2.84451       -0.32257   1  43
        2.84451       -0.32044   1  44
        2.84451       -0.30396   1  45
        2.84451       -0.28193   1  46
        2.84451       -0.27338   1  47
        2.84451       -0.27061   1  48
        2.84451       -0.26890   1  49
        2.84451       -0.26251   1  50
        2.84451       -0.24031   1  51
        2.84451       -0.18519   1  52
        2.84451       -0.06279   1  53
        2.84451       -0.01958   1  54
        2.84451       -0.01814   1  55
        2.84451        0.01060   1  56
        2.84451        0.01991   1  57
        2.84451        0.04747   1  58
        2.84451        0.07192   1  59
        2.84451        0.07349   1  60
        2.84451        0.12545   1  61
        2.84451        0.13702   1  62
        2.84451        0.15617   1  63
        2.84451        0.15973   1  64
        2.84451        0.16698   1  65
        2.84451        0.17636   1  66
        2.84451        0.18379   1  67
        2.84451        0.18735   1  68
        2.84451        0.22392   1  69
        2.84451        0.22819   1  70
        2.84451        0.22850   1  71
        2.84451        0.25222   1  72
        2.84451        0.27184   1  73
        2.84451        0.27934   1  74
        2.84451        0.28873   1  75
        2.84451        0.30069   1  76
        2.84451        0.30603   1  77
        2.84451        0.32925   1  78
        2.84451        0.33847   1  79
        2.84451        0.34471   1  80
        2.84451        0.34758   1  81
        2.84451        0.36288   1  82
        2.84451        0.36411   1  83
        2.84451        0.37024   1  84
        2.84451        0.37496   1  85
        2.84451        0.39172   1  86
        2.84451        0.40028   1  87
        2.84451        0.40064   1  88
        2.84451        0.40663   1  89
        2.84451        0.41212   1  90
        2.84451        0.42911   1  91
        2.84451        0.43673   1  92
        2.84451        0.44379   1  93
        2.84451        0.45323   1  94
        2.84451        0.46425   1  95
        2.84451        0.46836   1  96
        2.84451        0.47412   1  97
        2.84451        0.49007   1  98
        2.84451        0.50163   1  99
        2.84451        0.50440   1 100
        2.84451        0.51478   1 101
        2.84451        0.51997   1 102
        2.84451        0.53129   1 103
        2.84451        0.54645   1 104
        2.84451        0.55233   1 105
        2.84451        0.55858   1 106
        2.84451        0.55969   1 107
        2.84451        0.57074   1 108
        2.84451        0.57870   1 109
        2.84451        0.58957   1 110
        2.84451        0.59126   1 111
        2.84451        0.59521   1 112
        2.84451        0.60792   1 113
        2.84451        0.61555   1 114
        2.84451        0.65669   1 115
        2.84451        0.65936   1 116
        2.84451        0.66455   1 117
        2.84451        0.66479   1 118
        2.84451        0.66598   1 119
        2.84451        0.67870   1 120
        2.84451        0.68352   1 121
        2.84451        0.68820   1 122
        2.84451        0.68945   1 123
        2.84451        0.69747   1 124
        2.84451        0.73190   1 125
        2.84451        0.74646   1 126
        2.84451        0.76783   1 127
        2.84451        0.76836   1 128
        2.84451        0.78250   1 129
        2.84451        0.78523   1 130
        2.84451        0.78800   1 131
        2.84451        0.79271   1 132
        2.84451        0.81183   1 133
        2.84451        0.82781   1 134
        2.84451        0.88808   1 135
        2.84451        0.89148   1 136
        2.84451        0.89355   1 137
        2.84451        0.91200   1 138
        2.84451        0.91825   1 139
        2.84451        0.93636   1 140
        2.84451        0.98816   1 141
        2.84451        0.98884   1 142
        2.84451        1.08094   1 143
        2.84451        1.08913   1 144
        2.84451        1.10097   1 145
        2.84451        1.10299   1 146
        2.84451        1.12821   1 147
        2.84451        1.12991   1 148
        2.84451        1.13417   1 149
        2.84451        1.13507   1 150
        2.84451        1.42611   1 151
        2.84451        1.47612   1 152
        2.88380       -0.87085   1   1
        2.88380       -0.86832   1   2
        2.88380       -0.86627   1   3
        2.88380       -0.86398   1   4
        2.88380       -0.82917   1   5
        2.88380       -0.82622   1   6
        2.88380       -0.81198   1   7
        2.88380       -0.80867   1   8
        2.88380       -0.77832   1   9
        2.88380       -0.76571   1  10
        2.88380       -0.73837   1  11
        2.88380       -0.73596   1  12
        2.88380       -0.73367   1  13
        2.88380       -0.72200   1  14
        2.88380       -0.70005   1  15
        2.88380       -0.69823   1  16
        2.88380       -0.67842   1  17
        2.88380       -0.67170   1  18
        2.88380       -0.65736   1  19
        2.88380       -0.65705   1  20
        2.88380       -0.63721   1  21
        2.88380       -0.63282   1  22
        2.88380       -0.63258   1  23
        2.88380       -0.61708   1  24
        2.88380       -0.60166   1  25
        2.88380       -0.57635   1  26
        2.88380       -0.55174   1  27
        2.88380       -0.52199   1  28
        2.88380       -0.51847   1  29
        2.88380       -0.51525   1  30
        2.88380       -0.50835   1  31
        2.88380       -0.49585   1  32
        2.88380       -0.48827   1  33
        2.88380       -0.48419   1  34
        2.88380       -0.47440   1  35
        2.88380       -0.47044   1  36
        2.88380       -0.46909   1  37
        2.88380       -0.46569   1  38
        2.88380       -0.46521   1  39
        2.88380       -0.46113   1  40
        2.88380       -0.35399   1  41
        2.88380       -0.35111   1  42
        2.88380       -0.34368   1  43
        2.88380       -0.32821   1  44
        2.88380       -0.32096   1  45
        2.88380       -0.28489   1  46
        2.88380       -0.27260   1  47
        2.88380       -0.27088   1  48
        2.88380       -0.26853   1  49
        2.88380       -0.25230   1  50
        2.88380       -0.23974   1  51
        2.88380       -0.15624   1  52
        2.88380       -0.10761   1  53
        2.88380       -0.03420   1  54
        2.88380       -0.03313   1  55
        2.88380       -0.01707   1  56
        2.88380        0.02212   1  57
        2.88380        0.05820   1  58
        2.88380        0.06537   1  59
        2.88380        0.08026   1  60
        2.88380        0.12802   1  61
        2.88380        0.13572   1  62
        2.88380        0.14465   1  63
        2.88380        0.15829   1  64
        2.88380        0.16518   1  65
        2.88380        0.16775   1  66
        2.88380        0.18252   1  67
        2.88380        0.21068   1  68
        2.88380        0.21157   1  69
        2.88380        0.23472   1  70
        2.88380        0.23508   1  71
        2.88380        0.24243   1  72
        2.88380        0.24351   1  73
        2.88380        0.25360   1  74
        2.88380        0.28101   1  75
        2.88380        0.28583   1  76
        2.88380        0.28667   1  77
        2.88380        0.31711   1  78
        2.88380        0.32758   1  79
        2.88380        0.33640   1  80
        2.88380        0.34359   1  81
        2.88380        0.34805   1  82
        2.88380        0.34937   1  83
        2.88380        0.35955   1  84
        2.88380        0.37418   1  85
        2.88380        0.37773   1  86
        2.88380        0.38063   1  87
        2.88380        0.39849   1  88
        2.88380        0.40495   1  89
        2.88380        0.42238   1  90
        2.88380        0.42586   1  91
        2.88380        0.44470   1  92
        2.88380        0.44541   1  93
        2.88380        0.45260   1  94
        2.88380        0.45456   1  95
        2.88380        0.46892   1  96
        2.88380        0.47409   1  97
        2.88380        0.48559   1  98
        2.88380        0.50687   1  99
        2.88380        0.51919   1 100
        2.88380        0.52046   1 101
        2.88380        0.53289   1 102
        2.88380        0.53895   1 103
        2.88380        0.54317   1 104
        2.88380        0.55714   1 105
        2.88380        0.56024   1 106
        2.88380        0.56734   1 107
        2.88380        0.56894   1 108
        2.88380        0.57195   1 109
        2.88380        0.58317   1 110
        2.88380        0.61170   1 111
        2.88380        0.62141   1 112
        2.88380        0.65126   1 113
        2.88380        0.65672   1 114
        2.88380        0.66031   1 115
        2.88380        0.66143   1 116
        2.88380        0.66758   1 117
        2.88380        0.66806   1 118
        2.88380        0.67058   1 119
        2.88380        0.67636   1 120
        2.88380        0.68398   1 121
        2.88380        0.69393   1 122
        2.88380        0.72093   1 123
        2.88380        0.73070   1 124
        2.88380        0.76483   1 125
        2.88380        0.77131   1 126
        2.88380        0.77195   1 127
        2.88380        0.78215   1 128
        2.88380        0.78673   1 129
        2.88380        0.80265   1 130
        2.88380        0.80886   1 131
        2.88380        0.82275   1 132
        2.88380        0.87903   1 133
        2.88380        0.89189   1 134
        2.88380        0.89653   1 135
        2.88380        0.89796   1 136
        2.88380        0.90030   1 137
        2.88380        0.91535   1 138
        2.88380        0.93181   1 139
        2.88380        0.94383   1 140
        2.88380        1.01154   1 141
        2.88380        1.01401   1 142
        2.88380        1.10070   1 143
        2.88380        1.10797   1 144
        2.88380        1.11019   1 145
        2.88380        1.11225   1 146
        2.88380        1.15086   1 147
        2.88380        1.15217   1 148
        2.88380        1.15381   1 149
        2.88380        1.15506   1 150
        2.88380        1.43149   1 151
        2.88380        1.48072   1 152
        2.92308       -0.86681   1   1
        2.92308       -0.86401   1   2
        2.92308       -0.85905   1   3
        2.92308       -0.85671   1   4
        2.92308       -0.83345   1   5
        2.92308       -0.83073   1   6
        2.92308       -0.80557   1   7
        2.92308       -0.80221   1   8
        2.92308       -0.78715   1   9
        2.92308       -0.77556   1  10
        2.92308       -0.73850   1  11
        2.92308       -0.73080   1  12
        2.92308       -0.72849   1  13
        2.92308       -0.72331   1  14
        2.92308       -0.69744   1  15
        2.92308       -0.69323   1  16
        2.92308       -0.67861   1  17
        2.92308       -0.66737   1  18
        2.92308       -0.65573   1  19
        2.92308       -0.65536   1  20
        2.92308       -0.64030   1  21
        2.92308       -0.63449   1  22
        2.92308       -0.63339   1  23
        2.92308       -0.61640   1  24
        2.92308       -0.59503   1  25
        2.92308       -0.58687   1  26
        2.92308       -0.54532   1  27
        2.92308       -0.52947   1  28
        2.92308       -0.52652   1  29
        2.92308       -0.52169   1  30
        2.92308       -0.52003   1  31
        2.92308       -0.49972   1  32
        2.92308       -0.49150   1  33
        2.92308       -0.48535   1  34
        2.92308       -0.47523   1  35
        2.92308       -0.47032   1  36
        2.92308       -0.46689   1  37
        2.92308       -0.46443   1  38
        2.92308       -0.46297   1  39
        2.92308       -0.45926   1  40
        2.92308       -0.38577   1  41
        2.92308       -0.35910   1  42
        2.92308       -0.35068   1  43
        2.92308       -0.33802   1  44
        2.92308       -0.33463   1  45
        2.92308       -0.29236   1  46
        2.92308       -0.27483   1  47
        2.92308       -0.26967   1  48
        2.92308       -0.26665   1  49
        2.92308       -0.25710   1  50
        2.92308       -0.21118   1  51
        2.92308       -0.15282   1  52
        2.92308       -0.12443   1  53
        2.92308       -0.05818   1  54
        2.92308       -0.05619   1  55
        2.92308       -0.05111   1  56
        2.92308        0.01550   1  57
        2.92308        0.06472   1  58
        2.92308        0.07304   1  59
        2.92308        0.08031   1  60
        2.92308        0.11767   1  61
        2.92308        0.12836   1  62
        2.92308        0.14748   1  63
        2.92308        0.14974   1  64
        2.92308        0.15621   1  65
        2.92308        0.15799   1  66
        2.92308        0.16225   1  67
        2.92308        0.19655   1  68
        2.92308        0.19965   1  69
        2.92308        0.21445   1  70
        2.92308        0.23108   1  71
        2.92308        0.24339   1  72
        2.92308        0.24382   1  73
        2.92308        0.26081   1  74
        2.92308        0.26322   1  75
        2.92308        0.27127   1  76
        2.92308        0.27671   1  77
        2.92308        0.29589   1  78
        2.92308        0.31181   1  79
        2.92308        0.32154   1  80
        2.92308        0.32667   1  81
        2.92308        0.33227   1  82
        2.92308        0.33796   1  83
        2.92308        0.36662   1  84
        2.92308        0.37719   1  85
        2.92308        0.38004   1  86
        2.92308        0.39386   1  87
        2.92308        0.39698   1  88
        2.92308        0.40732   1  89
        2.92308        0.40784   1  90
        2.92308        0.41059   1  91
        2.92308        0.42367   1  92
        2.92308        0.44101   1  93
        2.92308        0.45666   1  94
        2.92308        0.46431   1  95
        2.92308        0.46839   1  96
        2.92308        0.48148   1  97
        2.92308        0.48935   1  98
        2.92308        0.51195   1  99
        2.92308        0.51378   1 100
        2.92308        0.52770   1 101
        2.92308        0.53904   1 102
        2.92308        0.55760   1 103
        2.92308        0.56280   1 104
        2.92308        0.56578   1 105
        2.92308        0.57018   1 106
        2.92308        0.57315   1 107
        2.92308        0.57682   1 108
        2.92308        0.58402   1 109
        2.92308        0.58813   1 110
        2.92308        0.62425   1 111
        2.92308        0.63647   1 112
        2.92308        0.64265   1 113
        2.92308        0.65244   1 114
        2.92308        0.66679   1 115
        2.92308        0.67182   1 116
        2.92308        0.67281   1 117
        2.92308        0.67827   1 118
        2.92308        0.69243   1 119
        2.92308        0.69364   1 120
        2.92308        0.70962   1 121
        2.92308        0.72326   1 122
        2.92308        0.75006   1 123
        2.92308        0.76568   1 124
        2.92308        0.76656   1 125
        2.92308        0.77803   1 126
        2.92308        0.78074   1 127
        2.92308        0.79446   1 128
        2.92308        0.82214   1 129
        2.92308        0.82863   1 130
        2.92308        0.85989   1 131
        2.92308        0.88790   1 132
        2.92308        0.88873   1 133
        2.92308        0.90803   1 134
        2.92308        0.91198   1 135
        2.92308        0.91200   1 136
        2.92308        0.95742   1 137
        2.92308        0.95962   1 138
        2.92308        0.98948   1 139
        2.92308        0.99093   1 140
        2.92308        1.01735   1 141
        2.92308        1.02766   1 142
        2.92308        1.12254   1 143
        2.92308        1.12467   1 144
        2.92308        1.13487   1 145
        2.92308        1.13940   1 146
        2.92308        1.18226   1 147
        2.92308        1.18382   1 148
        2.92308        1.18527   1 149
        2.92308        1.18670   1 150
        2.92308        1.44250   1 151
        2.92308        1.49017   1 152
        2.96237       -0.86153   1   1
        2.96237       -0.85830   1   2
        2.96237       -0.84995   1   3
        2.96237       -0.84754   1   4
        2.96237       -0.83675   1   5
        2.96237       -0.83430   1   6
        2.96237       -0.79744   1   7
        2.96237       -0.79583   1   8
        2.96237       -0.79399   1   9
        2.96237       -0.78470   1  10
        2.96237       -0.74084   1  11
        2.96237       -0.72802   1  12
        2.96237       -0.72426   1  13
        2.96237       -0.72195   1  14
        2.96237       -0.69648   1  15
        2.96237       -0.68806   1  16
        2.96237       -0.68149   1  17
        2.96237       -0.66309   1  18
        2.96237       -0.65302   1  19
        2.96237       -0.65273   1  20
        2.96237       -0.64128   1  21
        2.96237       -0.63708   1  22
        2.96237       -0.63276   1  23
        2.96237       -0.61560   1  24
        2.96237       -0.60412   1  25
        2.96237       -0.58993   1  26
        2.96237       -0.53794   1  27
        2.96237       -0.53699   1  28
        2.96237       -0.53636   1  29
        2.96237       -0.53046   1  30
        2.96237       -0.52668   1  31
        2.96237       -0.50114   1  32
        2.96237       -0.49576   1  33
        2.96237       -0.48721   1  34
        2.96237       -0.47806   1  35
        2.96237       -0.46995   1  36
        2.96237       -0.46711   1  37
        2.96237       -0.46362   1  38
        2.96237       -0.45967   1  39
        2.96237       -0.45883   1  40
        2.96237       -0.41109   1  41
        2.96237       -0.36501   1  42
        2.96237       -0.35938   1  43
        2.96237       -0.34913   1  44
        2.96237       -0.34453   1  45
        2.96237       -0.30081   1  46
        2.96237       -0.27497   1  47
        2.96237       -0.26944   1  48
        2.96237       -0.26444   1  49
        2.96237       -0.25808   1  50
        2.96237       -0.19572   1  51
        2.96237       -0.17871   1  52
        2.96237       -0.09066   1  53
        2.96237       -0.08915   1  54
        2.96237       -0.08446   1  55
        2.96237       -0.08311   1  56
        2.96237       -0.00660   1  57
        2.96237        0.05337   1  58
        2.96237        0.08069   1  59
        2.96237        0.09185   1  60
        2.96237        0.10372   1  61
        2.96237        0.10691   1  62
        2.96237        0.12602   1  63
        2.96237        0.13175   1  64
        2.96237        0.15080   1  65
        2.96237        0.15089   1  66
        2.96237        0.16703   1  67
        2.96237        0.18037   1  68
        2.96237        0.18057   1  69
        2.96237        0.20573   1  70
        2.96237        0.21141   1  71
        2.96237        0.22477   1  72
        2.96237        0.23125   1  73
        2.96237        0.23878   1  74
        2.96237        0.25411   1  75
        2.96237        0.25465   1  76
        2.96237        0.27556   1  77
        2.96237        0.29855   1  78
        2.96237        0.30179   1  79
        2.96237        0.31752   1  80
        2.96237        0.32481   1  81
        2.96237        0.32570   1  82
        2.96237        0.33038   1  83
        2.96237        0.35296   1  84
        2.96237        0.36323   1  85
        2.96237        0.37832   1  86
        2.96237        0.38746   1  87
        2.96237        0.39389   1  88
        2.96237        0.41666   1  89
        2.96237        0.41678   1  90
        2.96237        0.41776   1  91
        2.96237        0.43767   1  92
        2.96237        0.45640   1  93
        2.96237        0.47076   1  94
        2.96237        0.47502   1  95
        2.96237        0.47919   1  96
        2.96237        0.48538   1  97
        2.96237        0.49396   1  98
        2.96237        0.50978   1  99
        2.96237        0.52317   1 100
        2.96237        0.53607   1 101
        2.96237        0.53791   1 102
        2.96237        0.53846   1 103
        2.96237        0.54762   1 104
        2.96237        0.58116   1 105
        2.96237        0.58164   1 106
        2.96237        0.58746   1 107
        2.96237        0.58835   1 108
        2.96237        0.60441   1 109
        2.96237        0.61112   1 110
        2.96237        0.62757   1 111
        2.96237        0.63776   1 112
        2.96237        0.64772   1 113
        2.96237        0.66067   1 114
        2.96237        0.67300   1 115
        2.96237        0.67778   1 116
        2.96237        0.69133   1 117
        2.96237        0.69518   1 118
        2.96237        0.70610   1 119
        2.96237        0.71686   1 120
        2.96237        0.73695   1 121
        2.96237        0.75548   1 122
        2.96237        0.75892   1 123
        2.96237        0.77830   1 124
        2.96237        0.79066   1 125
        2.96237        0.79154   1 126
        2.96237        0.80814   1 127
        2.96237        0.81197   1 128
        2.96237        0.84765   1 129
        2.96237        0.87656   1 130
        2.96237        0.87963   1 131
        2.96237        0.89091   1 132
        2.96237        0.92647   1 133
        2.96237        0.93055   1 134
        2.96237        0.93931   1 135
        2.96237        0.95706   1 136
        2.96237        1.00597   1 137
        2.96237        1.02264   1 138
        2.96237        1.03195   1 139
        2.96237        1.03339   1 140
        2.96237        1.07480   1 141
        2.96237        1.07615   1 142
        2.96237        1.14035   1 143
        2.96237        1.14252   1 144
        2.96237        1.16993   1 145
        2.96237        1.17287   1 146
        2.96237        1.22264   1 147
        2.96237        1.22367   1 148
        2.96237        1.23092   1 149
        2.96237        1.23312   1 150
        2.96237        1.46048   1 151
        2.96237        1.50619   1 152
        3.00165       -0.85551   1   1
        3.00165       -0.85159   1   2
        3.00165       -0.83906   1   3
        3.00165       -0.83829   1   4
        3.00165       -0.83657   1   5
        3.00165       -0.83604   1   6
        3.00165       -0.80351   1   7
        3.00165       -0.79266   1   8
        3.00165       -0.78765   1   9
        3.00165       -0.78421   1  10
        3.00165       -0.74534   1  11
        3.00165       -0.73502   1  12
        3.00165       -0.71638   1  13
        3.00165       -0.71406   1  14
        3.00165       -0.70092   1  15
        3.00165       -0.68468   1  16
        3.00165       -0.68371   1  17
        3.00165       -0.65911   1  18
        3.00165       -0.64962   1  19
        3.00165       -0.64939   1  20
        3.00165       -0.64108   1  21
        3.00165       -0.63877   1  22
        3.00165       -0.63139   1  23
        3.00165       -0.62615   1  24
        3.00165       -0.61476   1  25
        3.00165       -0.58811   1  26
        3.00165       -0.54790   1  27
        3.00165       -0.54349   1  28
        3.00165       -0.53709   1  29
        3.00165       -0.53407   1  30
        3.00165       -0.52692   1  31
        3.00165       -0.50145   1  32
        3.00165       -0.50077   1  33
        3.00165       -0.49180   1  34
        3.00165       -0.48375   1  35
        3.00165       -0.46951   1  36
        3.00165       -0.46713   1  37
        3.00165       -0.46268   1  38
        3.00165       -0.45972   1  39
        3.00165       -0.45574   1  40
        3.00165       -0.42682   1  41
        3.00165       -0.37153   1  42
        3.00165       -0.36719   1  43
        3.00165       -0.35710   1  44
        3.00165       -0.35076   1  45
        3.00165       -0.30748   1  46
        3.00165       -0.27395   1  47
        3.00165       -0.26963   1  48
        3.00165       -0.26291   1  49
        3.00165       -0.25803   1  50
        3.00165       -0.23562   1  51
        3.00165       -0.14359   1  52
        3.00165       -0.12084   1  53
        3.00165       -0.11480   1  54
        3.00165       -0.11418   1  55
        3.00165       -0.05545   1  56
        3.00165       -0.03909   1  57
        3.00165        0.02700   1  58
        3.00165        0.07220   1  59
        3.00165        0.07302   1  60
        3.00165        0.08452   1  61
        3.00165        0.10119   1  62
        3.00165        0.10631   1  63
        3.00165        0.11427   1  64
        3.00165        0.15103   1  65
        3.00165        0.15748   1  66
        3.00165        0.16522   1  67
        3.00165        0.16710   1  68
        3.00165        0.17646   1  69
        3.00165        0.18469   1  70
        3.00165        0.18767   1  71
        3.00165        0.20387   1  72
        3.00165        0.21123   1  73
        3.00165        0.22153   1  74
        3.00165        0.26258   1  75
        3.00165        0.26569   1  76
        3.00165        0.26636   1  77
        3.00165        0.28186   1  78
        3.00165        0.28199   1  79
        3.00165        0.30069   1  80
        3.00165        0.30798   1  81
        3.00165        0.31689   1  82
        3.00165        0.32120   1  83
        3.00165        0.33336   1  84
        3.00165        0.36429   1  85
        3.00165        0.37915   1  86
        3.00165        0.39563   1  87
        3.00165        0.42304   1  88
        3.00165        0.43122   1  89
        3.00165        0.43599   1  90
        3.00165        0.43838   1  91
        3.00165        0.44755   1  92
        3.00165        0.45713   1  93
        3.00165        0.47397   1  94
        3.00165        0.48147   1  95
        3.00165        0.48829   1  96
        3.00165        0.49766   1  97
        3.00165        0.51075   1  98
        3.00165        0.52411   1  99
        3.00165        0.53477   1 100
        3.00165        0.53740   1 101
        3.00165        0.54335   1 102
        3.00165        0.55361   1 103
        3.00165        0.55778   1 104
        3.00165        0.59381   1 105
        3.00165        0.59438   1 106
        3.00165        0.59863   1 107
        3.00165        0.60364   1 108
        3.00165        0.61401   1 109
        3.00165        0.62284   1 110
        3.00165        0.62637   1 111
        3.00165        0.63488   1 112
        3.00165        0.65232   1 113
        3.00165        0.66568   1 114
        3.00165        0.68239   1 115
        3.00165        0.68762   1 116
        3.00165        0.71066   1 117
        3.00165        0.71838   1 118
        3.00165        0.72585   1 119
        3.00165        0.72974   1 120
        3.00165        0.74259   1 121
        3.00165        0.74465   1 122
        3.00165        0.80550   1 123
        3.00165        0.80970   1 124
        3.00165        0.82650   1 125
        3.00165        0.82851   1 126
        3.00165        0.82908   1 127
        3.00165        0.84409   1 128
        3.00165        0.85552   1 129
        3.00165        0.87346   1 130
        3.00165        0.92781   1 131
        3.00165        0.94378   1 132
        3.00165        0.94925   1 133
        3.00165        0.95301   1 134
        3.00165        0.95736   1 135
        3.00165        0.96930   1 136
        3.00165        1.04558   1 137
        3.00165        1.06192   1 138
        3.00165        1.11233   1 139
        3.00165        1.11249   1 140
        3.00165        1.11719   1 141
        3.00165        1.12173   1 142
        3.00165        1.16509   1 143
        3.00165        1.16729   1 144
        3.00165        1.20894   1 145
        3.00165        1.21075   1 146
        3.00165        1.27430   1 147
        3.00165        1.27561   1 148
        3.00165        1.29051   1 149
        3.00165        1.29258   1 150
        3.00165        1.48860   1 151
        3.00165        1.53193   1 152
        3.04093       -0.85009   1   1
        3.04093       -0.84552   1   2
        3.04093       -0.83787   1   3
        3.04093       -0.83496   1   4
        3.04093       -0.82645   1   5
        3.04093       -0.82387   1   6
        3.04093       -0.80893   1   7
        3.04093       -0.79858   1   8
        3.04093       -0.77650   1   9
        3.04093       -0.77299   1  10
        3.04093       -0.75116   1  11
        3.04093       -0.74279   1  12
        3.04093       -0.71359   1  13
        3.04093       -0.70741   1  14
        3.04093       -0.70509   1  15
        3.04093       -0.68453   1  16
        3.04093       -0.68201   1  17
        3.04093       -0.65489   1  18
        3.04093       -0.64952   1  19
        3.04093       -0.64614   1  20
        3.04093       -0.64597   1  21
        3.04093       -0.64569   1  22
        3.04093       -0.63516   1  23
        3.04093       -0.63040   1  24
        3.04093       -0.61393   1  25
        3.04093       -0.58994   1  26
        3.04093       -0.55725   1  27
        3.04093       -0.54518   1  28
        3.04093       -0.54222   1  29
        3.04093       -0.54170   1  30
        3.04093       -0.51792   1  31
        3.04093       -0.50739   1  32
        3.04093       -0.50495   1  33
        3.04093       -0.49595   1  34
        3.04093       -0.49027   1  35
        3.04093       -0.46976   1  36
        3.04093       -0.46612   1  37
        3.04093       -0.46090   1  38
        3.04093       -0.45719   1  39
        3.04093       -0.45360   1  40
        3.04093       -0.43435   1  41
        3.04093       -0.37888   1  42
        3.04093       -0.37397   1  43
        3.04093       -0.35880   1  44
        3.04093       -0.35413   1  45
        3.04093       -0.31261   1  46
        3.04093       -0.27400   1  47
        3.04093       -0.27109   1  48
        3.04093       -0.26975   1  49
        3.04093       -0.26226   1  50
        3.04093       -0.25757   1  51
        3.04093       -0.15041   1  52
        3.04093       -0.14509   1  53
        3.04093       -0.14469   1  54
        3.04093       -0.10596   1  55
        3.04093       -0.07456   1  56
        3.04093       -0.01885   1  57
        3.04093       -0.00593   1  58
        3.04093        0.03427   1  59
        3.04093        0.03468   1  60
        3.04093        0.07613   1  61
        3.04093        0.08144   1  62
        3.04093        0.08820   1  63
        3.04093        0.13618   1  64
        3.04093        0.13678   1  65
        3.04093        0.13980   1  66
        3.04093        0.14086   1  67
        3.04093        0.14961   1  68
        3.04093        0.15963   1  69
        3.04093        0.16935   1  70
        3.04093        0.19948   1  71
        3.04093        0.19957   1  72
        3.04093        0.21076   1  73
        3.04093        0.23237   1  74
        3.04093        0.24400   1  75
        3.04093        0.25825   1  76
        3.04093        0.26540   1  77
        3.04093        0.27395   1  78
        3.04093        0.27526   1  79
        3.04093        0.27595   1  80
        3.04093        0.30582   1  81
        3.04093        0.31014   1  82
        3.04093        0.31505   1  83
        3.04093        0.33341   1  84
        3.04093        0.36355   1  85
        3.04093        0.37344   1  86
        3.04093        0.40450   1  87
        3.04093        0.41613   1  88
        3.04093        0.42535   1  89
        3.04093        0.43034   1  90
        3.04093        0.45700   1  91
        3.04093        0.46870   1  92
        3.04093        0.46896   1  93
        3.04093        0.47855   1  94
        3.04093        0.50776   1  95
        3.04093        0.50904   1  96
        3.04093        0.51828   1  97
        3.04093        0.54153   1  98
        3.04093        0.54222   1  99
        3.04093        0.55165   1 100
        3.04093        0.55448   1 101
        3.04093        0.55772   1 102
        3.04093        0.57568   1 103
        3.04093        0.58110   1 104
        3.04093        0.60438   1 105
        3.04093        0.60695   1 106
        3.04093        0.60989   1 107
        3.04093        0.61079   1 108
        3.04093        0.61582   1 109
        3.04093        0.62196   1 110
        3.04093        0.63951   1 111
        3.04093        0.65202   1 112
        3.04093        0.65425   1 113
        3.04093        0.66987   1 114
        3.04093        0.69900   1 115
        3.04093        0.70505   1 116
        3.04093        0.73144   1 117
        3.04093        0.73553   1 118
        3.04093        0.74236   1 119
        3.04093        0.74666   1 120
        3.04093        0.75079   1 121
        3.04093        0.76653   1 122
        3.04093        0.82224   1 123
        3.04093        0.83421   1 124
        3.04093        0.84367   1 125
        3.04093        0.85289   1 126
        3.04093        0.85690   1 127
        3.04093        0.88123   1 128
        3.04093        0.89734   1 129
        3.04093        0.92393   1 130
        3.04093        0.93908   1 131
        3.04093        0.94969   1 132
        3.04093        0.98387   1 133
        3.04093        0.98848   1 134
        3.04093        0.98892   1 135
        3.04093        1.00206   1 136
        3.04093        1.09588   1 137
        3.04093        1.10487   1 138
        3.04093        1.12344   1 139
        3.04093        1.13717   1 140
        3.04093        1.18775   1 141
        3.04093        1.18957   1 142
        3.04093        1.19468   1 143
        3.04093        1.19689   1 144
        3.04093        1.25411   1 145
        3.04093        1.25587   1 146
        3.04093        1.33361   1 147
        3.04093        1.33712   1 148
        3.04093        1.36367   1 149
        3.04093        1.36529   1 150
        3.04093        1.52937   1 151
        3.04093        1.56857   1 152
        3.08022       -0.84679   1   1
        3.08022       -0.84209   1   2
        3.08022       -0.83749   1   3
        3.08022       -0.83143   1   4
        3.08022       -0.81249   1   5
        3.08022       -0.80982   1   6
        3.08022       -0.80914   1   7
        3.08022       -0.80060   1   8
        3.08022       -0.76418   1   9
        3.08022       -0.76057   1  10
        3.08022       -0.75715   1  11
        3.08022       -0.74950   1  12
        3.08022       -0.72995   1  13
        3.08022       -0.69765   1  14
        3.08022       -0.69532   1  15
        3.08022       -0.68961   1  16
        3.08022       -0.68309   1  17
        3.08022       -0.66557   1  18
        3.08022       -0.65230   1  19
        3.08022       -0.65033   1  20
        3.08022       -0.64331   1  21
        3.08022       -0.64169   1  22
        3.08022       -0.63263   1  23
        3.08022       -0.63129   1  24
        3.08022       -0.61311   1  25
        3.08022       -0.59235   1  26
        3.08022       -0.56415   1  27
        3.08022       -0.54809   1  28
        3.08022       -0.54677   1  29
        3.08022       -0.54235   1  30
        3.08022       -0.52287   1  31
        3.08022       -0.51436   1  32
        3.08022       -0.50282   1  33
        3.08022       -0.49737   1  34
        3.08022       -0.49517   1  35
        3.08022       -0.47069   1  36
        3.08022       -0.46433   1  37
        3.08022       -0.45802   1  38
        3.08022       -0.45262   1  39
        3.08022       -0.45186   1  40
        3.08022       -0.43725   1  41
        3.08022       -0.38383   1  42
        3.08022       -0.37819   1  43
        3.08022       -0.36061   1  44
        3.08022       -0.35311   1  45
        3.08022       -0.31652   1  46
        3.08022       -0.30610   1  47
        3.08022       -0.27144   1  48
        3.08022       -0.26963   1  49
        3.08022       -0.26247   1  50
        3.08022       -0.25686   1  51
        3.08022       -0.17744   1  52
        3.08022       -0.17451   1  53
        3.08022       -0.17414   1  54
        3.08022       -0.10939   1  55
        3.08022       -0.06615   1  56
        3.08022       -0.03975   1  57
        3.08022       -0.00327   1  58
        3.08022       -0.00297   1  59
        3.08022        0.01906   1  60
        3.08022        0.04881   1  61
        3.08022        0.05494   1  62
        3.08022        0.08287   1  63
        3.08022        0.10477   1  64
        3.08022        0.10585   1  65
        3.08022        0.11804   1  66
        3.08022        0.12009   1  67
        3.08022        0.15690   1  68
        3.08022        0.16165   1  69
        3.08022        0.16871   1  70
        3.08022        0.18849   1  71
        3.08022        0.20311   1  72
        3.08022        0.22654   1  73
        3.08022        0.23463   1  74
        3.08022        0.23590   1  75
        3.08022        0.25339   1  76
        3.08022        0.25719   1  77
        3.08022        0.26954   1  78
        3.08022        0.28370   1  79
        3.08022        0.28442   1  80
        3.08022        0.30047   1  81
        3.08022        0.31463   1  82
        3.08022        0.32065   1  83
        3.08022        0.32624   1  84
        3.08022        0.36662   1  85
        3.08022        0.37551   1  86
        3.08022        0.39349   1  87
        3.08022        0.40132   1  88
        3.08022        0.41659   1  89
        3.08022        0.44287   1  90
        3.08022        0.46362   1  91
        3.08022        0.48413   1  92
        3.08022        0.49747   1  93
        3.08022        0.49879   1  94
        3.08022        0.52783   1  95
        3.08022        0.53132   1  96
        3.08022        0.53729   1  97
        3.08022        0.53957   1  98
        3.08022        0.55064   1  99
        3.08022        0.55674   1 100
        3.08022        0.57888   1 101
        3.08022        0.58285   1 102
        3.08022        0.59757   1 103
        3.08022        0.60271   1 104
        3.08022        0.60612   1 105
        3.08022        0.62231   1 106
        3.08022        0.62512   1 107
        3.08022        0.62527   1 108
        3.08022        0.62815   1 109
        3.08022        0.63903   1 110
        3.08022        0.65988   1 111
        3.08022        0.66657   1 112
        3.08022        0.67894   1 113
        3.08022        0.71669   1 114
        3.08022        0.72313   1 115
        3.08022        0.72966   1 116
        3.08022        0.73157   1 117
        3.08022        0.74801   1 118
        3.08022        0.76518   1 119
        3.08022        0.77493   1 120
        3.08022        0.78025   1 121
        3.08022        0.79614   1 122
        3.08022        0.82839   1 123
        3.08022        0.85228   1 124
        3.08022        0.86451   1 125
        3.08022        0.87877   1 126
        3.08022        0.88401   1 127
        3.08022        0.90414   1 128
        3.08022        0.92899   1 129
        3.08022        0.95125   1 130
        3.08022        0.96669   1 131
        3.08022        1.01079   1 132
        3.08022        1.01521   1 133
        3.08022        1.02070   1 134
        3.08022        1.03571   1 135
        3.08022        1.05553   1 136
        3.08022        1.09616   1 137
        3.08022        1.10400   1 138
        3.08022        1.16681   1 139
        3.08022        1.18249   1 140
        3.08022        1.22493   1 141
        3.08022        1.22716   1 142
        3.08022        1.25214   1 143
        3.08022        1.25694   1 144
        3.08022        1.29956   1 145
        3.08022        1.30156   1 146
        3.08022        1.39590   1 147
        3.08022        1.40298   1 148
        3.08022        1.44677   1 149
        3.08022        1.44816   1 150
        3.08022        1.58035   1 151
        3.08022        1.61302   1 152
        3.11950       -0.84823   1   1
        3.11950       -0.84111   1   2
        3.11950       -0.83791   1   3
        3.11950       -0.82995   1   4
        3.11950       -0.80317   1   5
        3.11950       -0.79731   1   6
        3.11950       -0.79631   1   7
        3.11950       -0.79441   1   8
        3.11950       -0.76321   1   9
        3.11950       -0.75322   1  10
        3.11950       -0.75083   1  11
        3.11950       -0.74715   1  12
        3.11950       -0.74383   1  13
        3.11950       -0.70957   1  14
        3.11950       -0.68726   1  15
        3.11950       -0.68492   1  16
        3.11950       -0.68157   1  17
        3.11950       -0.66929   1  18
        3.11950       -0.65968   1  19
        3.11950       -0.64686   1  20
        3.11950       -0.64281   1  21
        3.11950       -0.63750   1  22
        3.11950       -0.63418   1  23
        3.11950       -0.63131   1  24
        3.11950       -0.61237   1  25
        3.11950       -0.59175   1  26
        3.11950       -0.56858   1  27
        3.11950       -0.55073   1  28
        3.11950       -0.54947   1  29
        3.11950       -0.53958   1  30
        3.11950       -0.53829   1  31
        3.11950       -0.52165   1  32
        3.11950       -0.50097   1  33
        3.11950       -0.49832   1  34
        3.11950       -0.49236   1  35
        3.11950       -0.47226   1  36
        3.11950       -0.46210   1  37
        3.11950       -0.45446   1  38
        3.11950       -0.45217   1  39
        3.11950       -0.44468   1  40
        3.11950       -0.43802   1  41
        3.11950       -0.38651   1  42
        3.11950       -0.37820   1  43
        3.11950       -0.36327   1  44
        3.11950       -0.35022   1  45
        3.11950       -0.33615   1  46
        3.11950       -0.31900   1  47
        3.11950       -0.27326   1  48
        3.11950       -0.26700   1  49
        3.11950       -0.26340   1  50
        3.11950       -0.25578   1  51
        3.11950       -0.20282   1  52
        3.11950       -0.20250   1  53
        3.11950       -0.20147   1  54
        3.11950       -0.14235   1  55
        3.11950       -0.07244   1  56
        3.11950       -0.03856   1  57
        3.11950       -0.03825   1  58
        3.11950       -0.02479   1  59
        3.11950        0.01979   1  60
        3.11950        0.02734   1  61
        3.11950        0.05792   1  62
        3.11950        0.06107   1  63
        3.11950        0.07358   1  64
        3.11950        0.07460   1  65
        3.11950        0.08546   1  66
        3.11950        0.12104   1  67
        3.11950        0.14697   1  68
        3.11950        0.15240   1  69
        3.11950        0.17118   1  70
        3.11950        0.18561   1  71
        3.11950        0.20139   1  72
        3.11950        0.22267   1  73
        3.11950        0.24072   1  74
        3.11950        0.24681   1  75
        3.11950        0.26477   1  76
        3.11950        0.26569   1  77
        3.11950        0.27365   1  78
        3.11950        0.29251   1  79
        3.11950        0.30344   1  80
        3.11950        0.30528   1  81
        3.11950        0.31807   1  82
        3.11950        0.33747   1  83
        3.11950        0.34243   1  84
        3.11950        0.36522   1  85
        3.11950        0.37503   1  86
        3.11950        0.38650   1  87
        3.11950        0.39417   1  88
        3.11950        0.43729   1  89
        3.11950        0.46608   1  90
        3.11950        0.47282   1  91
        3.11950        0.48998   1  92
        3.11950        0.51215   1  93
        3.11950        0.51921   1  94
        3.11950        0.53869   1  95
        3.11950        0.54401   1  96
        3.11950        0.54653   1  97
        3.11950        0.55190   1  98
        3.11950        0.55822   1  99
        3.11950        0.56483   1 100
        3.11950        0.60548   1 101
        3.11950        0.61221   1 102
        3.11950        0.61499   1 103
        3.11950        0.61800   1 104
        3.11950        0.62449   1 105
        3.11950        0.63344   1 106
        3.11950        0.64181   1 107
        3.11950        0.65181   1 108
        3.11950        0.65407   1 109
        3.11950        0.65988   1 110
        3.11950        0.67349   1 111
        3.11950        0.68183   1 112
        3.11950        0.73699   1 113
        3.11950        0.73978   1 114
        3.11950        0.75218   1 115
        3.11950        0.75303   1 116
        3.11950        0.75937   1 117
        3.11950        0.77611   1 118
        3.11950        0.79935   1 119
        3.11950        0.81002   1 120
        3.11950        0.81450   1 121
        3.11950        0.83247   1 122
        3.11950        0.83727   1 123
        3.11950        0.85570   1 124
        3.11950        0.89962   1 125
        3.11950        0.90121   1 126
        3.11950        0.92245   1 127
        3.11950        0.92393   1 128
        3.11950        0.96150   1 129
        3.11950        0.98500   1 130
        3.11950        1.03164   1 131
        3.11950        1.04878   1 132
        3.11950        1.05515   1 133
        3.11950        1.05592   1 134
        3.11950        1.06244   1 135
        3.11950        1.09085   1 136
        3.11950        1.12015   1 137
        3.11950        1.13517   1 138
        3.11950        1.21094   1 139
        3.11950        1.22463   1 140
        3.11950        1.25540   1 141
        3.11950        1.25771   1 142
        3.11950        1.30573   1 143
        3.11950        1.31399   1 144
        3.11950        1.35282   1 145
        3.11950        1.35520   1 146
        3.11950        1.45896   1 147
        3.11950        1.46924   1 148
        3.11950        1.53163   1 149
        3.11950        1.53311   1 150
        3.11950        1.63645   1 151
        3.11950        1.66093   1 152
        3.15878       -0.85676   1   1
        3.15878       -0.84480   1   2
        3.15878       -0.83613   1   3
        3.15878       -0.82939   1   4
        3.15878       -0.79664   1   5
        3.15878       -0.78824   1   6
        3.15878       -0.78125   1   7
        3.15878       -0.77818   1   8
        3.15878       -0.76945   1   9
        3.15878       -0.75169   1  10
        3.15878       -0.74800   1  11
        3.15878       -0.73681   1  12
        3.15878       -0.73309   1  13
        3.15878       -0.72935   1  14
        3.15878       -0.68020   1  15
        3.15878       -0.67647   1  16
        3.15878       -0.67411   1  17
        3.15878       -0.67019   1  18
        3.15878       -0.66752   1  19
        3.15878       -0.65042   1  20
        3.15878       -0.64548   1  21
        3.15878       -0.63359   1  22
        3.15878       -0.63212   1  23
        3.15878       -0.63049   1  24
        3.15878       -0.61169   1  25
        3.15878       -0.58766   1  26
        3.15878       -0.57087   1  27
        3.15878       -0.55486   1  28
        3.15878       -0.55140   1  29
        3.15878       -0.55084   1  30
        3.15878       -0.53623   1  31
        3.15878       -0.52892   1  32
        3.15878       -0.50707   1  33
        3.15878       -0.49978   1  34
        3.15878       -0.48134   1  35
        3.15878       -0.47435   1  36
        3.15878       -0.45948   1  37
        3.15878       -0.45258   1  38
        3.15878       -0.45064   1  39
        3.15878       -0.43849   1  40
        3.15878       -0.43490   1  41
        3.15878       -0.38755   1  42
        3.15878       -0.37523   1  43
        3.15878       -0.36583   1  44
        3.15878       -0.36249   1  45
        3.15878       -0.34760   1  46
        3.15878       -0.31979   1  47
        3.15878       -0.27574   1  48
        3.15878       -0.26490   1  49
        3.15878       -0.26435   1  50
        3.15878       -0.25421   1  51
        3.15878       -0.22932   1  52
        3.15878       -0.22893   1  53
        3.15878       -0.22276   1  54
        3.15878       -0.17296   1  55
        3.15878       -0.10334   1  56
        3.15878       -0.07067   1  57
        3.15878       -0.07026   1  58
        3.15878       -0.00965   1  59
        3.15878       -0.00038   1  60
        3.15878        0.01803   1  61
        3.15878        0.03500   1  62
        3.15878        0.04402   1  63
        3.15878        0.04757   1  64
        3.15878        0.05456   1  65
        3.15878        0.09808   1  66
        3.15878        0.12244   1  67
        3.15878        0.13154   1  68
        3.15878        0.14021   1  69
        3.15878        0.15306   1  70
        3.15878        0.17227   1  71
        3.15878        0.21692   1  72
        3.15878        0.23275   1  73
        3.15878        0.24055   1  74
        3.15878        0.25800   1  75
        3.15878        0.25986   1  76
        3.15878        0.27244   1  77
        3.15878        0.28589   1  78
        3.15878        0.30447   1  79
        3.15878        0.32308   1  80
        3.15878        0.34104   1  81
        3.15878        0.34410   1  82
        3.15878        0.36234   1  83
        3.15878        0.37350   1  84
        3.15878        0.38698   1  85
        3.15878        0.38858   1  86
        3.15878        0.38899   1  87
        3.15878        0.39938   1  88
        3.15878        0.47451   1  89
        3.15878        0.47904   1  90
        3.15878        0.48993   1  91
        3.15878        0.50548   1  92
        3.15878        0.52090   1  93
        3.15878        0.53145   1  94
        3.15878        0.53297   1  95
        3.15878        0.54002   1  96
        3.15878        0.58343   1  97
        3.15878        0.58680   1  98
        3.15878        0.59321   1  99
        3.15878        0.59870   1 100
        3.15878        0.61812   1 101
        3.15878        0.62414   1 102
        3.15878        0.63404   1 103
        3.15878        0.64385   1 104
        3.15878        0.64865   1 105
        3.15878        0.66672   1 106
        3.15878        0.66989   1 107
        3.15878        0.67575   1 108
        3.15878        0.68688   1 109
        3.15878        0.68874   1 110
        3.15878        0.68921   1 111
        3.15878        0.70362   1 112
        3.15878        0.75659   1 113
        3.15878        0.77083   1 114
        3.15878        0.78806   1 115
        3.15878        0.79329   1 116
        3.15878        0.79553   1 117
        3.15878        0.81794   1 118
        3.15878        0.82993   1 119
        3.15878        0.83985   1 120
        3.15878        0.85591   1 121
        3.15878        0.85929   1 122
        3.15878        0.87015   1 123
        3.15878        0.89433   1 124
        3.15878        0.93303   1 125
        3.15878        0.94560   1 126
        3.15878        0.95796   1 127
        3.15878        0.97069   1 128
        3.15878        0.99675   1 129
        3.15878        1.02016   1 130
        3.15878        1.07265   1 131
        3.15878        1.08883   1 132
        3.15878        1.09121   1 133
        3.15878        1.09372   1 134
        3.15878        1.09618   1 135
        3.15878        1.14063   1 136
        3.15878        1.15610   1 137
        3.15878        1.17756   1 138
        3.15878        1.24980   1 139
        3.15878        1.26108   1 140
        3.15878        1.29160   1 141
        3.15878        1.29396   1 142
        3.15878        1.34806   1 143
        3.15878        1.35815   1 144
        3.15878        1.41050   1 145
        3.15878        1.41429   1 146
        3.15878        1.51531   1 147
        3.15878        1.52736   1 148
        3.15878        1.60865   1 149
        3.15878        1.61022   1 150
        3.15878        1.69286   1 151
        3.15878        1.70907   1 152
        3.19807       -0.86920   1   1
        3.19807       -0.85345   1   2
        3.19807       -0.83522   1   3
        3.19807       -0.82811   1   4
        3.19807       -0.79751   1   5
        3.19807       -0.78271   1   6
        3.19807       -0.76812   1   7
        3.19807       -0.76480   1   8
        3.19807       -0.76154   1   9
        3.19807       -0.74622   1  10
        3.19807       -0.74211   1  11
        3.19807       -0.73899   1  12
        3.19807       -0.72254   1  13
        3.19807       -0.71871   1  14
        3.19807       -0.67863   1  15
        3.19807       -0.67545   1  16
        3.19807       -0.67075   1  17
        3.19807       -0.66536   1  18
        3.19807       -0.66315   1  19
        3.19807       -0.65864   1  20
        3.19807       -0.65046   1  21
        3.19807       -0.63047   1  22
        3.19807       -0.62952   1  23
        3.19807       -0.62572   1  24
        3.19807       -0.61104   1  25
        3.19807       -0.58154   1  26
        3.19807       -0.57171   1  27
        3.19807       -0.56990   1  28
        3.19807       -0.55267   1  29
        3.19807       -0.55032   1  30
        3.19807       -0.53617   1  31
        3.19807       -0.53281   1  32
        3.19807       -0.51518   1  33
        3.19807       -0.49976   1  34
        3.19807       -0.47682   1  35
        3.19807       -0.46997   1  36
        3.19807       -0.45644   1  37
        3.19807       -0.45350   1  38
        3.19807       -0.44714   1  39
        3.19807       -0.43716   1  40
        3.19807       -0.42515   1  41
        3.19807       -0.38799   1  42
        3.19807       -0.38410   1  43
        3.19807       -0.37222   1  44
        3.19807       -0.36825   1  45
        3.19807       -0.34518   1  46
        3.19807       -0.31898   1  47
        3.19807       -0.27887   1  48
        3.19807       -0.26669   1  49
        3.19807       -0.26263   1  50
        3.19807       -0.25373   1  51
        3.19807       -0.25338   1  52
        3.19807       -0.25161   1  53
        3.19807       -0.24046   1  54
        3.19807       -0.20081   1  55
        3.19807       -0.13213   1  56
        3.19807       -0.09940   1  57
        3.19807       -0.09875   1  58
        3.19807       -0.03811   1  59
        3.19807       -0.02694   1  60
        3.19807        0.00869   1  61
        3.19807        0.01934   1  62
        3.19807        0.02306   1  63
        3.19807        0.02738   1  64
        3.19807        0.06236   1  65
        3.19807        0.10197   1  66
        3.19807        0.11891   1  67
        3.19807        0.12704   1  68
        3.19807        0.13795   1  69
        3.19807        0.13981   1  70
        3.19807        0.17058   1  71
        3.19807        0.21400   1  72
        3.19807        0.22636   1  73
        3.19807        0.24275   1  74
        3.19807        0.25132   1  75
        3.19807        0.26305   1  76
        3.19807        0.28735   1  77
        3.19807        0.30216   1  78
        3.19807        0.33423   1  79
        3.19807        0.35255   1  80
        3.19807        0.35742   1  81
        3.19807        0.37383   1  82
        3.19807        0.39002   1  83
        3.19807        0.39604   1  84
        3.19807        0.39803   1  85
        3.19807        0.40740   1  86
        3.19807        0.46088   1  87
        3.19807        0.46178   1  88
        3.19807        0.48908   1  89
        3.19807        0.49608   1  90
        3.19807        0.53344   1  91
        3.19807        0.53467   1  92
        3.19807        0.53875   1  93
        3.19807        0.54216   1  94
        3.19807        0.54913   1  95
        3.19807        0.56391   1  96
        3.19807        0.61997   1  97
        3.19807        0.62535   1  98
        3.19807        0.62650   1  99
        3.19807        0.63076   1 100
        3.19807        0.63996   1 101
        3.19807        0.64512   1 102
        3.19807        0.64858   1 103
        3.19807        0.66245   1 104
        3.19807        0.69707   1 105
        3.19807        0.71033   1 106
        3.19807        0.71141   1 107
        3.19807        0.71252   1 108
        3.19807        0.71745   1 109
        3.19807        0.73193   1 110
        3.19807        0.73351   1 111
        3.19807        0.73540   1 112
        3.19807        0.78835   1 113
        3.19807        0.80269   1 114
        3.19807        0.82414   1 115
        3.19807        0.83645   1 116
        3.19807        0.84358   1 117
        3.19807        0.84772   1 118
        3.19807        0.87417   1 119
        3.19807        0.89026   1 120
        3.19807        0.89289   1 121
        3.19807        0.91075   1 122
        3.19807        0.91263   1 123
        3.19807        0.93475   1 124
        3.19807        0.97398   1 125
        3.19807        1.00137   1 126
        3.19807        1.00526   1 127
        3.19807        1.03181   1 128
        3.19807        1.04002   1 129
        3.19807        1.05999   1 130
        3.19807        1.10568   1 131
        3.19807        1.12948   1 132
        3.19807        1.13459   1 133
        3.19807        1.13783   1 134
        3.19807        1.14594   1 135
        3.19807        1.18340   1 136
        3.19807        1.18609   1 137
        3.19807        1.20210   1 138
        3.19807        1.28641   1 139
        3.19807        1.29575   1 140
        3.19807        1.33882   1 141
        3.19807        1.34110   1 142
        3.19807        1.37162   1 143
        3.19807        1.38214   1 144
        3.19807        1.46942   1 145
        3.19807        1.47524   1 146
        3.19807        1.55164   1 147
        3.19807        1.56314   1 148
        3.19807        1.67422   1 149
        3.19807        1.67593   1 150
        3.19807        1.74139   1 151
        3.19807        1.75140   1 152
        3.23735       -0.88336   1   1
        3.23735       -0.86446   1   2
        3.23735       -0.83771   1   3
        3.23735       -0.82830   1   4
        3.23735       -0.80050   1   5
        3.23735       -0.78292   1   6
        3.23735       -0.76026   1   7
        3.23735       -0.74851   1   8
        3.23735       -0.74608   1   9
        3.23735       -0.74495   1  10
        3.23735       -0.73007   1  11
        3.23735       -0.72686   1  12
        3.23735       -0.70836   1  13
        3.23735       -0.70451   1  14
        3.23735       -0.68263   1  15
        3.23735       -0.67699   1  16
        3.23735       -0.67058   1  17
        3.23735       -0.66618   1  18
        3.23735       -0.65639   1  19
        3.23735       -0.65456   1  20
        3.23735       -0.65235   1  21
        3.23735       -0.62901   1  22
        3.23735       -0.62866   1  23
        3.23735       -0.61796   1  24
        3.23735       -0.61039   1  25
        3.23735       -0.58370   1  26
        3.23735       -0.57488   1  27
        3.23735       -0.57078   1  28
        3.23735       -0.55337   1  29
        3.23735       -0.55008   1  30
        3.23735       -0.54256   1  31
        3.23735       -0.53002   1  32
        3.23735       -0.52393   1  33
        3.23735       -0.49911   1  34
        3.23735       -0.47962   1  35
        3.23735       -0.45855   1  36
        3.23735       -0.45456   1  37
        3.23735       -0.45300   1  38
        3.23735       -0.44502   1  39
        3.23735       -0.43513   1  40
        3.23735       -0.41505   1  41
        3.23735       -0.40342   1  42
        3.23735       -0.38518   1  43
        3.23735       -0.37183   1  44
        3.23735       -0.37013   1  45
        3.23735       -0.34252   1  46
        3.23735       -0.31760   1  47
        3.23735       -0.28257   1  48
        3.23735       -0.27629   1  49
        3.23735       -0.27579   1  50
        3.23735       -0.26857   1  51
        3.23735       -0.26188   1  52
        3.23735       -0.25345   1  53
        3.23735       -0.24870   1  54
        3.23735       -0.22554   1  55
        3.23735       -0.15842   1  56
        3.23735       -0.12485   1  57
        3.23735       -0.12377   1  58
        3.23735       -0.06446   1  59
        3.23735       -0.05127   1  60
        3.23735       -0.01595   1  61
        3.23735       -0.00137   1  62
        3.23735       -0.00048   1  63
        3.23735        0.00579   1  64
        3.23735        0.08076   1  65
        3.23735        0.09702   1  66
        3.23735        0.10766   1  67
        3.23735        0.11283   1  68
        3.23735        0.12110   1  69
        3.23735        0.18050   1  70
        3.23735        0.18223   1  71
        3.23735        0.21211   1  72
        3.23735        0.21890   1  73
        3.23735        0.22540   1  74
        3.23735        0.22839   1  75
        3.23735        0.27113   1  76
        3.23735        0.31310   1  77
        3.23735        0.33159   1  78
        3.23735        0.34105   1  79
        3.23735        0.35674   1  80
        3.23735        0.37510   1  81
        3.23735        0.39307   1  82
        3.23735        0.40685   1  83
        3.23735        0.42350   1  84
        3.23735        0.46718   1  85
        3.23735        0.46852   1  86
        3.23735        0.50053   1  87
        3.23735        0.50753   1  88
        3.23735        0.54122   1  89
        3.23735        0.54204   1  90
        3.23735        0.54273   1  91
        3.23735        0.55273   1  92
        3.23735        0.56529   1  93
        3.23735        0.57213   1  94
        3.23735        0.61018   1  95
        3.23735        0.62890   1  96
        3.23735        0.63444   1  97
        3.23735        0.63706   1  98
        3.23735        0.65988   1  99
        3.23735        0.66572   1 100
        3.23735        0.67316   1 101
        3.23735        0.68525   1 102
        3.23735        0.70331   1 103
        3.23735        0.70890   1 104
        3.23735        0.73513   1 105
        3.23735        0.75187   1 106
        3.23735        0.76146   1 107
        3.23735        0.76937   1 108
        3.23735        0.77712   1 109
        3.23735        0.78115   1 110
        3.23735        0.79732   1 111
        3.23735        0.79950   1 112
        3.23735        0.82963   1 113
        3.23735        0.84104   1 114
        3.23735        0.85511   1 115
        3.23735        0.88020   1 116
        3.23735        0.90258   1 117
        3.23735        0.90882   1 118
        3.23735        0.92466   1 119
        3.23735        0.93068   1 120
        3.23735        0.94923   1 121
        3.23735        0.96530   1 122
        3.23735        0.96853   1 123
        3.23735        0.98436   1 124
        3.23735        1.02792   1 125
        3.23735        1.06022   1 126
        3.23735        1.07364   1 127
        3.23735        1.08657   1 128
        3.23735        1.10469   1 129
        3.23735        1.11074   1 130
        3.23735        1.12384   1 131
        3.23735        1.15627   1 132
        3.23735        1.17490   1 133
        3.23735        1.19517   1 134
        3.23735        1.19809   1 135
        3.23735        1.20719   1 136
        3.23735        1.21035   1 137
        3.23735        1.23534   1 138
        3.23735        1.31964   1 139
        3.23735        1.32795   1 140
        3.23735        1.37725   1 141
        3.23735        1.38874   1 142
        3.23735        1.39828   1 143
        3.23735        1.40032   1 144
        3.23735        1.52473   1 145
        3.23735        1.53136   1 146
        3.23735        1.56330   1 147
        3.23735        1.57376   1 148
        3.23735        1.72602   1 149
        3.23735        1.72783   1 150
        3.23735        1.77490   1 151
        3.23735        1.78106   1 152
        3.27664       -0.89764   1   1
        3.27664       -0.87612   1   2
        3.27664       -0.84334   1   3
        3.27664       -0.83139   1   4
        3.27664       -0.80057   1   5
        3.27664       -0.78517   1   6
        3.27664       -0.75030   1   7
        3.27664       -0.73917   1   8
        3.27664       -0.73287   1   9
        3.27664       -0.72905   1  10
        3.27664       -0.71625   1  11
        3.27664       -0.71091   1  12
        3.27664       -0.69487   1  13
        3.27664       -0.69098   1  14
        3.27664       -0.68908   1  15
        3.27664       -0.67829   1  16
        3.27664       -0.66894   1  17
        3.27664       -0.66839   1  18
        3.27664       -0.66049   1  19
        3.27664       -0.64439   1  20
        3.27664       -0.64221   1  21
        3.27664       -0.62980   1  22
        3.27664       -0.62887   1  23
        3.27664       -0.60976   1  24
        3.27664       -0.60947   1  25
        3.27664       -0.59471   1  26
        3.27664       -0.57000   1  27
        3.27664       -0.56827   1  28
        3.27664       -0.55367   1  29
        3.27664       -0.55033   1  30
        3.27664       -0.54825   1  31
        3.27664       -0.53295   1  32
        3.27664       -0.52692   1  33
        3.27664       -0.49897   1  34
        3.27664       -0.48269   1  35
        3.27664       -0.45637   1  36
        3.27664       -0.44931   1  37
        3.27664       -0.44729   1  38
        3.27664       -0.44443   1  39
        3.27664       -0.43224   1  40
        3.27664       -0.41638   1  41
        3.27664       -0.40569   1  42
        3.27664       -0.38278   1  43
        3.27664       -0.37415   1  44
        3.27664       -0.37130   1  45
        3.27664       -0.33998   1  46
        3.27664       -0.31738   1  47
        3.27664       -0.29643   1  48
        3.27664       -0.29600   1  49
        3.27664       -0.28668   1  50
        3.27664       -0.27038   1  51
        3.27664       -0.26680   1  52
        3.27664       -0.25837   1  53
        3.27664       -0.24687   1  54
        3.27664       -0.24495   1  55
        3.27664       -0.18178   1  56
        3.27664       -0.14696   1  57
        3.27664       -0.14520   1  58
        3.27664       -0.08787   1  59
        3.27664       -0.07254   1  60
        3.27664       -0.03788   1  61
        3.27664       -0.02177   1  62
        3.27664       -0.01901   1  63
        3.27664       -0.01167   1  64
        3.27664        0.06152   1  65
        3.27664        0.07707   1  66
        3.27664        0.09576   1  67
        3.27664        0.10388   1  68
        3.27664        0.15315   1  69
        3.27664        0.18994   1  70
        3.27664        0.19738   1  71
        3.27664        0.20328   1  72
        3.27664        0.21186   1  73
        3.27664        0.22414   1  74
        3.27664        0.23007   1  75
        3.27664        0.28441   1  76
        3.27664        0.30694   1  77
        3.27664        0.32012   1  78
        3.27664        0.35838   1  79
        3.27664        0.37135   1  80
        3.27664        0.39926   1  81
        3.27664        0.41172   1  82
        3.27664        0.45023   1  83
        3.27664        0.46530   1  84
        3.27664        0.50494   1  85
        3.27664        0.51380   1  86
        3.27664        0.54707   1  87
        3.27664        0.54810   1  88
        3.27664        0.54872   1  89
        3.27664        0.56524   1  90
        3.27664        0.60183   1  91
        3.27664        0.60495   1  92
        3.27664        0.61386   1  93
        3.27664        0.61479   1  94
        3.27664        0.64824   1  95
        3.27664        0.65391   1  96
        3.27664        0.67997   1  97
        3.27664        0.68634   1  98
        3.27664        0.69177   1  99
        3.27664        0.71455   1 100
        3.27664        0.71953   1 101
        3.27664        0.73172   1 102
        3.27664        0.75762   1 103
        3.27664        0.77870   1 104
        3.27664        0.78342   1 105
        3.27664        0.78944   1 106
        3.27664        0.82197   1 107
        3.27664        0.83146   1 108
        3.27664        0.84054   1 109
        3.27664        0.86028   1 110
        3.27664        0.87540   1 111
        3.27664        0.87741   1 112
        3.27664        0.87975   1 113
        3.27664        0.87986   1 114
        3.27664        0.89218   1 115
        3.27664        0.91997   1 116
        3.27664        0.97111   1 117
        3.27664        0.97343   1 118
        3.27664        0.98445   1 119
        3.27664        0.99009   1 120
        3.27664        0.99129   1 121
        3.27664        1.00878   1 122
        3.27664        1.05286   1 123
        3.27664        1.06816   1 124
        3.27664        1.07130   1 125
        3.27664        1.10220   1 126
        3.27664        1.11446   1 127
        3.27664        1.13588   1 128
        3.27664        1.14561   1 129
        3.27664        1.16007   1 130
        3.27664        1.18560   1 131
        3.27664        1.19047   1 132
        3.27664        1.20006   1 133
        3.27664        1.22208   1 134
        3.27664        1.23854   1 135
        3.27664        1.27017   1 136
        3.27664        1.27227   1 137
        3.27664        1.28324   1 138
        3.27664        1.33454   1 139
        3.27664        1.34201   1 140
        3.27664        1.38938   1 141
        3.27664        1.40386   1 142
        3.27664        1.46910   1 143
        3.27664        1.47108   1 144
        3.27664        1.55095   1 145
        3.27664        1.55404   1 146
        3.27664        1.56932   1 147
        3.27664        1.58178   1 148
        3.27664        1.76030   1 149
        3.27664        1.76217   1 150
        3.27664        1.79205   1 151
        3.27664        1.79598   1 152
        3.31592       -0.91079   1   1
        3.31592       -0.88728   1   2
        3.31592       -0.84992   1   3
        3.31592       -0.83670   1   4
        3.31592       -0.79894   1   5
        3.31592       -0.78593   1   6
        3.31592       -0.73950   1   7
        3.31592       -0.72826   1   8
        3.31592       -0.71863   1   9
        3.31592       -0.71449   1  10
        3.31592       -0.70440   1  11
        3.31592       -0.69746   1  12
        3.31592       -0.69474   1  13
        3.31592       -0.68272   1  14
        3.31592       -0.68238   1  15
        3.31592       -0.67872   1  16
        3.31592       -0.67121   1  17
        3.31592       -0.66201   1  18
        3.31592       -0.65563   1  19
        3.31592       -0.63545   1  20
        3.31592       -0.63351   1  21
        3.31592       -0.63202   1  22
        3.31592       -0.63163   1  23
        3.31592       -0.60909   1  24
        3.31592       -0.60291   1  25
        3.31592       -0.60064   1  26
        3.31592       -0.56812   1  27
        3.31592       -0.56401   1  28
        3.31592       -0.55382   1  29
        3.31592       -0.55309   1  30
        3.31592       -0.55070   1  31
        3.31592       -0.54073   1  32
        3.31592       -0.52402   1  33
        3.31592       -0.50038   1  34
        3.31592       -0.48581   1  35
        3.31592       -0.45774   1  36
        3.31592       -0.44903   1  37
        3.31592       -0.44534   1  38
        3.31592       -0.43407   1  39
        3.31592       -0.42923   1  40
        3.31592       -0.42378   1  41
        3.31592       -0.39809   1  42
        3.31592       -0.38032   1  43
        3.31592       -0.37674   1  44
        3.31592       -0.37271   1  45
        3.31592       -0.33851   1  46
        3.31592       -0.31910   1  47
        3.31592       -0.31468   1  48
        3.31592       -0.31432   1  49
        3.31592       -0.29091   1  50
        3.31592       -0.27263   1  51
        3.31592       -0.27168   1  52
        3.31592       -0.26483   1  53
        3.31592       -0.25944   1  54
        3.31592       -0.24090   1  55
        3.31592       -0.20150   1  56
        3.31592       -0.16557   1  57
        3.31592       -0.16290   1  58
        3.31592       -0.10758   1  59
        3.31592       -0.09007   1  60
        3.31592       -0.05670   1  61
        3.31592       -0.03987   1  62
        3.31592       -0.03366   1  63
        3.31592       -0.02594   1  64
        3.31592        0.04486   1  65
        3.31592        0.05954   1  66
        3.31592        0.08005   1  67
        3.31592        0.08826   1  68
        3.31592        0.17567   1  69
        3.31592        0.18378   1  70
        3.31592        0.19296   1  71
        3.31592        0.19813   1  72
        3.31592        0.20740   1  73
        3.31592        0.24530   1  74
        3.31592        0.26420   1  75
        3.31592        0.29471   1  76
        3.31592        0.29908   1  77
        3.31592        0.30978   1  78
        3.31592        0.35563   1  79
        3.31592        0.36592   1  80
        3.31592        0.44068   1  81
        3.31592        0.45923   1  82
        3.31592        0.47649   1  83
        3.31592        0.50421   1  84
        3.31592        0.51646   1  85
        3.31592        0.52277   1  86
        3.31592        0.55405   1  87
        3.31592        0.57736   1  88
        3.31592        0.62253   1  89
        3.31592        0.62427   1  90
        3.31592        0.64232   1  91
        3.31592        0.64434   1  92
        3.31592        0.66863   1  93
        3.31592        0.66998   1  94
        3.31592        0.67057   1  95
        3.31592        0.67485   1  96
        3.31592        0.71218   1  97
        3.31592        0.71940   1  98
        3.31592        0.76075   1  99
        3.31592        0.76575   1 100
        3.31592        0.77503   1 101
        3.31592        0.77642   1 102
        3.31592        0.78644   1 103
        3.31592        0.79651   1 104
        3.31592        0.86305   1 105
        3.31592        0.86912   1 106
        3.31592        0.87536   1 107
        3.31592        0.87631   1 108
        3.31592        0.91685   1 109
        3.31592        0.92023   1 110
        3.31592        0.92441   1 111
        3.31592        0.94035   1 112
        3.31592        0.94433   1 113
        3.31592        0.96211   1 114
        3.31592        0.96435   1 115
        3.31592        0.96674   1 116
        3.31592        1.01144   1 117
        3.31592        1.01711   1 118
        3.31592        1.02996   1 119
        3.31592        1.04769   1 120
        3.31592        1.06589   1 121
        3.31592        1.07011   1 122
        3.31592        1.07544   1 123
        3.31592        1.10740   1 124
        3.31592        1.13803   1 125
        3.31592        1.13987   1 126
        3.31592        1.15177   1 127
        3.31592        1.15506   1 128
        3.31592        1.18866   1 129
        3.31592        1.20999   1 130
        3.31592        1.22434   1 131
        3.31592        1.24586   1 132
        3.31592        1.25781   1 133
        3.31592        1.27264   1 134
        3.31592        1.28572   1 135
        3.31592        1.29185   1 136
        3.31592        1.33578   1 137
        3.31592        1.34621   1 138
        3.31592        1.35184   1 139
        3.31592        1.36636   1 140
        3.31592        1.41059   1 141
        3.31592        1.42783   1 142
        3.31592        1.53464   1 143
        3.31592        1.53821   1 144
        3.31592        1.54667   1 145
        3.31592        1.54911   1 146
        3.31592        1.58471   1 147
        3.31592        1.59490   1 148
        3.31592        1.77300   1 149
        3.31592        1.77513   1 150
        3.31592        1.79492   1 151
        3.31592        1.79762   1 152
        3.35520       -0.92181   1   1
        3.35520       -0.89687   1   2
        3.35520       -0.85583   1   3
        3.35520       -0.84232   1   4
        3.35520       -0.79708   1   5
        3.35520       -0.78542   1   6
        3.35520       -0.72943   1   7
        3.35520       -0.71573   1   8
        3.35520       -0.70656   1   9
        3.35520       -0.70207   1  10
        3.35520       -0.69911   1  11
        3.35520       -0.69628   1  12
        3.35520       -0.68973   1  13
        3.35520       -0.68513   1  14
        3.35520       -0.67490   1  15
        3.35520       -0.67209   1  16
        3.35520       -0.66834   1  17
        3.35520       -0.65062   1  18
        3.35520       -0.64489   1  19
        3.35520       -0.63693   1  20
        3.35520       -0.63571   1  21
        3.35520       -0.62772   1  22
        3.35520       -0.62571   1  23
        3.35520       -0.60850   1  24
        3.35520       -0.60828   1  25
        3.35520       -0.59204   1  26
        3.35520       -0.56648   1  27
        3.35520       -0.56165   1  28
        3.35520       -0.55696   1  29
        3.35520       -0.55384   1  30
        3.35520       -0.55102   1  31
        3.35520       -0.54737   1  32
        3.35520       -0.52054   1  33
        3.35520       -0.50355   1  34
        3.35520       -0.48877   1  35
        3.35520       -0.45903   1  36
        3.35520       -0.45328   1  37
        3.35520       -0.44159   1  38
        3.35520       -0.42897   1  39
        3.35520       -0.42505   1  40
        3.35520       -0.42251   1  41
        3.35520       -0.39285   1  42
        3.35520       -0.38093   1  43
        3.35520       -0.37685   1  44
        3.35520       -0.37319   1  45
        3.35520       -0.34020   1  46
        3.35520       -0.33089   1  47
        3.35520       -0.33061   1  48
        3.35520       -0.32033   1  49
        3.35520       -0.29496   1  50
        3.35520       -0.27940   1  51
        3.35520       -0.27570   1  52
        3.35520       -0.27270   1  53
        3.35520       -0.26138   1  54
        3.35520       -0.23700   1  55
        3.35520       -0.21647   1  56
        3.35520       -0.18049   1  57
        3.35520       -0.17682   1  58
        3.35520       -0.12309   1  59
        3.35520       -0.10360   1  60
        3.35520       -0.07192   1  61
        3.35520       -0.05436   1  62
        3.35520       -0.04524   1  63
        3.35520       -0.03706   1  64
        3.35520        0.03134   1  65
        3.35520        0.04517   1  66
        3.35520        0.06704   1  67
        3.35520        0.07533   1  68
        3.35520        0.15915   1  69
        3.35520        0.16738   1  70
        3.35520        0.19040   1  71
        3.35520        0.20258   1  72
        3.35520        0.23896   1  73
        3.35520        0.26621   1  74
        3.35520        0.28351   1  75
        3.35520        0.29287   1  76
        3.35520        0.30033   1  77
        3.35520        0.32277   1  78
        3.35520        0.35206   1  79
        3.35520        0.36120   1  80
        3.35520        0.46560   1  81
        3.35520        0.48806   1  82
        3.35520        0.50594   1  83
        3.35520        0.51395   1  84
        3.35520        0.52458   1  85
        3.35520        0.56013   1  86
        3.35520        0.57323   1  87
        3.35520        0.59268   1  88
        3.35520        0.67493   1  89
        3.35520        0.67887   1  90
        3.35520        0.68120   1  91
        3.35520        0.68316   1  92
        3.35520        0.69725   1  93
        3.35520        0.69982   1  94
        3.35520        0.70833   1  95
        3.35520        0.70967   1  96
        3.35520        0.74134   1  97
        3.35520        0.74939   1  98
        3.35520        0.77981   1  99
        3.35520        0.80016   1 100
        3.35520        0.80247   1 101
        3.35520        0.82171   1 102
        3.35520        0.82437   1 103
        3.35520        0.84521   1 104
        3.35520        0.90038   1 105
        3.35520        0.91698   1 106
        3.35520        0.94302   1 107
        3.35520        0.94970   1 108
        3.35520        0.95933   1 109
        3.35520        0.96200   1 110
        3.35520        0.97370   1 111
        3.35520        0.99694   1 112
        3.35520        1.00624   1 113
        3.35520        1.01660   1 114
        3.35520        1.02844   1 115
        3.35520        1.03498   1 116
        3.35520        1.03737   1 117
        3.35520        1.05188   1 118
        3.35520        1.05684   1 119
        3.35520        1.08017   1 120
        3.35520        1.08104   1 121
        3.35520        1.09269   1 122
        3.35520        1.14257   1 123
        3.35520        1.14772   1 124
        3.35520        1.16397   1 125
        3.35520        1.17543   1 126
        3.35520        1.20590   1 127
        3.35520        1.22018   1 128
        3.35520        1.22381   1 129
        3.35520        1.23363   1 130
        3.35520        1.25312   1 131
        3.35520        1.27134   1 132
        3.35520        1.28969   1 133
        3.35520        1.31587   1 134
        3.35520        1.31979   1 135
        3.35520        1.35089   1 136
        3.35520        1.35265   1 137
        3.35520        1.36338   1 138
        3.35520        1.41194   1 139
        3.35520        1.42195   1 140
        3.35520        1.43052   1 141
        3.35520        1.44079   1 142
        3.35520        1.53079   1 143
        3.35520        1.53786   1 144
        3.35520        1.57201   1 145
        3.35520        1.58079   1 146
        3.35520        1.61980   1 147
        3.35520        1.62316   1 148
        3.35520        1.76600   1 149
        3.35520        1.76871   1 150
        3.35520        1.78469   1 151
        3.35520        1.78681   1 152
        3.39449       -0.93004   1   1
        3.39449       -0.90415   1   2
        3.39449       -0.86032   1   3
        3.39449       -0.84689   1   4
        3.39449       -0.79565   1   5
        3.39449       -0.78462   1   6
        3.39449       -0.72191   1   7
        3.39449       -0.70330   1   8
        3.39449       -0.70257   1   9
        3.39449       -0.69703   1  10
        3.39449       -0.69254   1  11
        3.39449       -0.69195   1  12
        3.39449       -0.68606   1  13
        3.39449       -0.68469   1  14
        3.39449       -0.67622   1  15
        3.39449       -0.66402   1  16
        3.39449       -0.66042   1  17
        3.39449       -0.64470   1  18
        3.39449       -0.64448   1  19
        3.39449       -0.63651   1  20
        3.39449       -0.62991   1  21
        3.39449       -0.62180   1  22
        3.39449       -0.61993   1  23
        3.39449       -0.61186   1  24
        3.39449       -0.60804   1  25
        3.39449       -0.58402   1  26
        3.39449       -0.56534   1  27
        3.39449       -0.56124   1  28
        3.39449       -0.55975   1  29
        3.39449       -0.55383   1  30
        3.39449       -0.55250   1  31
        3.39449       -0.55107   1  32
        3.39449       -0.51695   1  33
        3.39449       -0.50760   1  34
        3.39449       -0.49125   1  35
        3.39449       -0.46018   1  36
        3.39449       -0.45695   1  37
        3.39449       -0.43830   1  38
        3.39449       -0.43072   1  39
        3.39449       -0.42306   1  40
        3.39449       -0.41219   1  41
        3.39449       -0.38997   1  42
        3.39449       -0.38321   1  43
        3.39449       -0.37599   1  44
        3.39449       -0.37165   1  45
        3.39449       -0.34631   1  46
        3.39449       -0.34397   1  47
        3.39449       -0.34377   1  48
        3.39449       -0.31903   1  49
        3.39449       -0.29845   1  50
        3.39449       -0.28901   1  51
        3.39449       -0.27795   1  52
        3.39449       -0.27359   1  53
        3.39449       -0.26473   1  54
        3.39449       -0.23373   1  55
        3.39449       -0.22594   1  56
        3.39449       -0.19132   1  57
        3.39449       -0.18678   1  58
        3.39449       -0.13428   1  59
        3.39449       -0.11321   1  60
        3.39449       -0.08311   1  61
        3.39449       -0.06485   1  62
        3.39449       -0.05361   1  63
        3.39449       -0.04498   1  64
        3.39449        0.02137   1  65
        3.39449        0.03449   1  66
        3.39449        0.05742   1  67
        3.39449        0.06579   1  68
        3.39449        0.14682   1  69
        3.39449        0.15525   1  70
        3.39449        0.18668   1  71
        3.39449        0.19852   1  72
        3.39449        0.27161   1  73
        3.39449        0.27409   1  74
        3.39449        0.28425   1  75
        3.39449        0.28892   1  76
        3.39449        0.32792   1  77
        3.39449        0.34079   1  78
        3.39449        0.34923   1  79
        3.39449        0.35786   1  80
        3.39449        0.47458   1  81
        3.39449        0.48806   1  82
        3.39449        0.51579   1  83
        3.39449        0.53268   1  84
        3.39449        0.55640   1  85
        3.39449        0.57112   1  86
        3.39449        0.60945   1  87
        3.39449        0.61561   1  88
        3.39449        0.69556   1  89
        3.39449        0.70249   1  90
        3.39449        0.71922   1  91
        3.39449        0.72100   1  92
        3.39449        0.72624   1  93
        3.39449        0.72775   1  94
        3.39449        0.73572   1  95
        3.39449        0.73750   1  96
        3.39449        0.75443   1  97
        3.39449        0.76240   1  98
        3.39449        0.78040   1  99
        3.39449        0.79831   1 100
        3.39449        0.84001   1 101
        3.39449        0.86450   1 102
        3.39449        0.86581   1 103
        3.39449        0.88748   1 104
        3.39449        0.93208   1 105
        3.39449        0.95306   1 106
        3.39449        0.97339   1 107
        3.39449        0.99248   1 108
        3.39449        0.99576   1 109
        3.39449        0.99776   1 110
        3.39449        0.99915   1 111
        3.39449        1.02451   1 112
        3.39449        1.03959   1 113
        3.39449        1.04611   1 114
        3.39449        1.06532   1 115
        3.39449        1.06698   1 116
        3.39449        1.08332   1 117
        3.39449        1.08405   1 118
        3.39449        1.08647   1 119
        3.39449        1.09563   1 120
        3.39449        1.10465   1 121
        3.39449        1.10794   1 122
        3.39449        1.19068   1 123
        3.39449        1.19282   1 124
        3.39449        1.19589   1 125
        3.39449        1.20539   1 126
        3.39449        1.22305   1 127
        3.39449        1.23090   1 128
        3.39449        1.24993   1 129
        3.39449        1.26163   1 130
        3.39449        1.26428   1 131
        3.39449        1.30370   1 132
        3.39449        1.31040   1 133
        3.39449        1.33372   1 134
        3.39449        1.36056   1 135
        3.39449        1.36525   1 136
        3.39449        1.36943   1 137
        3.39449        1.39555   1 138
        3.39449        1.41320   1 139
        3.39449        1.43783   1 140
        3.39449        1.47166   1 141
        3.39449        1.49382   1 142
        3.39449        1.53703   1 143
        3.39449        1.54209   1 144
        3.39449        1.54395   1 145
        3.39449        1.55762   1 146
        3.39449        1.67639   1 147
        3.39449        1.68062   1 148
        3.39449        1.75270   1 149
        3.39449        1.75587   1 150
        3.39449        1.76057   1 151
        3.39449        1.76277   1 152
        3.43377       -0.93513   1   1
        3.43377       -0.90871   1   2
        3.43377       -0.86308   1   3
        3.43377       -0.84978   1   4
        3.43377       -0.79482   1   5
        3.43377       -0.78404   1   6
        3.43377       -0.71783   1   7
        3.43377       -0.70445   1   8
        3.43377       -0.69293   1   9
        3.43377       -0.69161   1  10
        3.43377       -0.68965   1  11
        3.43377       -0.68674   1  12
        3.43377       -0.68489   1  13
        3.43377       -0.68423   1  14
        3.43377       -0.67156   1  15
        3.43377       -0.65903   1  16
        3.43377       -0.65553   1  17
        3.43377       -0.65161   1  18
        3.43377       -0.65055   1  19
        3.43377       -0.62667   1  20
        3.43377       -0.62101   1  21
        3.43377       -0.61800   1  22
        3.43377       -0.61659   1  23
        3.43377       -0.61405   1  24
        3.43377       -0.60774   1  25
        3.43377       -0.57745   1  26
        3.43377       -0.56501   1  27
        3.43377       -0.56204   1  28
        3.43377       -0.56143   1  29
        3.43377       -0.55581   1  30
        3.43377       -0.55371   1  31
        3.43377       -0.55096   1  32
        3.43377       -0.51420   1  33
        3.43377       -0.51104   1  34
        3.43377       -0.49291   1  35
        3.43377       -0.46129   1  36
        3.43377       -0.45895   1  37
        3.43377       -0.43593   1  38
        3.43377       -0.43196   1  39
        3.43377       -0.42163   1  40
        3.43377       -0.40458   1  41
        3.43377       -0.38906   1  42
        3.43377       -0.38457   1  43
        3.43377       -0.37401   1  44
        3.43377       -0.36956   1  45
        3.43377       -0.35519   1  46
        3.43377       -0.35242   1  47
        3.43377       -0.35187   1  48
        3.43377       -0.31700   1  49
        3.43377       -0.30086   1  50
        3.43377       -0.29475   1  51
        3.43377       -0.27802   1  52
        3.43377       -0.27404   1  53
        3.43377       -0.26922   1  54
        3.43377       -0.23159   1  55
        3.43377       -0.23053   1  56
        3.43377       -0.19782   1  57
        3.43377       -0.19270   1  58
        3.43377       -0.14105   1  59
        3.43377       -0.11895   1  60
        3.43377       -0.08990   1  61
        3.43377       -0.07115   1  62
        3.43377       -0.05868   1  63
        3.43377       -0.04974   1  64
        3.43377        0.01521   1  65
        3.43377        0.02787   1  66
        3.43377        0.05156   1  67
        3.43377        0.06000   1  68
        3.43377        0.13921   1  69
        3.43377        0.14779   1  70
        3.43377        0.18400   1  71
        3.43377        0.19582   1  72
        3.43377        0.26847   1  73
        3.43377        0.27780   1  74
        3.43377        0.29397   1  75
        3.43377        0.30527   1  76
        3.43377        0.34459   1  77
        3.43377        0.34771   1  78
        3.43377        0.35419   1  79
        3.43377        0.35713   1  80
        3.43377        0.47527   1  81
        3.43377        0.48616   1  82
        3.43377        0.52275   1  83
        3.43377        0.53582   1  84
        3.43377        0.58077   1  85
        3.43377        0.58826   1  86
        3.43377        0.63095   1  87
        3.43377        0.63799   1  88
        3.43377        0.70734   1  89
        3.43377        0.71823   1  90
        3.43377        0.73971   1  91
        3.43377        0.74130   1  92
        3.43377        0.74421   1  93
        3.43377        0.74616   1  94
        3.43377        0.75286   1  95
        3.43377        0.75502   1  96
        3.43377        0.75695   1  97
        3.43377        0.76182   1  98
        3.43377        0.77938   1  99
        3.43377        0.79475   1 100
        3.43377        0.87476   1 101
        3.43377        0.88993   1 102
        3.43377        0.90167   1 103
        3.43377        0.91236   1 104
        3.43377        0.94453   1 105
        3.43377        0.95997   1 106
        3.43377        0.97291   1 107
        3.43377        1.00664   1 108
        3.43377        1.01645   1 109
        3.43377        1.01877   1 110
        3.43377        1.02264   1 111
        3.43377        1.02776   1 112
        3.43377        1.06089   1 113
        3.43377        1.07135   1 114
        3.43377        1.08147   1 115
        3.43377        1.09066   1 116
        3.43377        1.10653   1 117
        3.43377        1.10804   1 118
        3.43377        1.10922   1 119
        3.43377        1.10976   1 120
        3.43377        1.11083   1 121
        3.43377        1.11990   1 122
        3.43377        1.21479   1 123
        3.43377        1.21588   1 124
        3.43377        1.22026   1 125
        3.43377        1.22451   1 126
        3.43377        1.23309   1 127
        3.43377        1.24350   1 128
        3.43377        1.25561   1 129
        3.43377        1.27311   1 130
        3.43377        1.28488   1 131
        3.43377        1.30582   1 132
        3.43377        1.31498   1 133
        3.43377        1.32931   1 134
        3.43377        1.36662   1 135
        3.43377        1.38158   1 136
        3.43377        1.39220   1 137
        3.43377        1.41928   1 138
        3.43377        1.43178   1 139
        3.43377        1.45651   1 140
        3.43377        1.50040   1 141
        3.43377        1.50940   1 142
        3.43377        1.51856   1 143
        3.43377        1.52463   1 144
        3.43377        1.54961   1 145
        3.43377        1.56202   1 146
        3.43377        1.71075   1 147
        3.43377        1.71541   1 148
        3.43377        1.73352   1 149
        3.43377        1.73699   1 150
        3.43377        1.74248   1 151
        3.43377        1.74511   1 152
        3.47305       -0.93685   1   1
        3.47305       -0.91026   1   2
        3.47305       -0.86401   1   3
        3.47305       -0.85076   1   4
        3.47305       -0.79454   1   5
        3.47305       -0.78384   1   6
        3.47305       -0.71665   1   7
        3.47305       -0.70510   1   8
        3.47305       -0.69007   1   9
        3.47305       -0.68827   1  10
        3.47305       -0.68815   1  11
        3.47305       -0.68570   1  12
        3.47305       -0.68524   1  13
        3.47305       -0.68348   1  14
        3.47305       -0.66615   1  15
        3.47305       -0.65820   1  16
        3.47305       -0.65638   1  17
        3.47305       -0.65459   1  18
        3.47305       -0.65278   1  19
        3.47305       -0.62260   1  20
        3.47305       -0.61805   1  21
        3.47305       -0.61623   1  22
        3.47305       -0.61620   1  23
        3.47305       -0.61436   1  24
        3.47305       -0.60764   1  25
        3.47305       -0.57443   1  26
        3.47305       -0.56536   1  27
        3.47305       -0.56258   1  28
        3.47305       -0.56200   1  29
        3.47305       -0.55696   1  30
        3.47305       -0.55365   1  31
        3.47305       -0.55090   1  32
        3.47305       -0.51318   1  33
        3.47305       -0.51237   1  34
        3.47305       -0.49350   1  35
        3.47305       -0.46184   1  36
        3.47305       -0.45949   1  37
        3.47305       -0.43503   1  38
        3.47305       -0.43244   1  39
        3.47305       -0.42113   1  40
        3.47305       -0.40178   1  41
        3.47305       -0.38908   1  42
        3.47305       -0.38485   1  43
        3.47305       -0.37211   1  44
        3.47305       -0.36761   1  45
        3.47305       -0.36099   1  46
        3.47305       -0.35539   1  47
        3.47305       -0.35468   1  48
        3.47305       -0.31614   1  49
        3.47305       -0.30172   1  50
        3.47305       -0.29663   1  51
        3.47305       -0.27701   1  52
        3.47305       -0.27393   1  53
        3.47305       -0.27226   1  54
        3.47305       -0.23190   1  55
        3.47305       -0.23075   1  56
        3.47305       -0.19998   1  57
        3.47305       -0.19466   1  58
        3.47305       -0.14331   1  59
        3.47305       -0.12085   1  60
        3.47305       -0.09216   1  61
        3.47305       -0.07323   1  62
        3.47305       -0.06038   1  63
        3.47305       -0.05132   1  64
        3.47305        0.01312   1  65
        3.47305        0.02561   1  66
        3.47305        0.04960   1  67
        3.47305        0.05808   1  68
        3.47305        0.13665   1  69
        3.47305        0.14529   1  70
        3.47305        0.18305   1  71
        3.47305        0.19489   1  72
        3.47305        0.26664   1  73
        3.47305        0.27601   1  74
        3.47305        0.30059   1  75
        3.47305        0.31200   1  76
        3.47305        0.34684   1  77
        3.47305        0.35056   1  78
        3.47305        0.35473   1  79
        3.47305        0.36157   1  80
        3.47305        0.47503   1  81
        3.47305        0.48535   1  82
        3.47305        0.52449   1  83
        3.47305        0.53641   1  84
        3.47305        0.58883   1  85
        3.47305        0.59660   1  86
        3.47305        0.63926   1  87
        3.47305        0.64647   1  88
        3.47305        0.71109   1  89
        3.47305        0.72545   1  90
        3.47305        0.74556   1  91
        3.47305        0.74704   1  92
        3.47305        0.74717   1  93
        3.47305        0.74877   1  94
        3.47305        0.75806   1  95
        3.47305        0.76015   1  96
        3.47305        0.76020   1  97
        3.47305        0.76225   1  98
        3.47305        0.77940   1  99
        3.47305        0.79394   1 100
        3.47305        0.89577   1 101
        3.47305        0.89936   1 102
        3.47305        0.91825   1 103
        3.47305        0.92188   1 104
        3.47305        0.92812   1 105
        3.47305        0.96348   1 106
        3.47305        0.97415   1 107
        3.47305        1.00549   1 108
        3.47305        1.02236   1 109
        3.47305        1.02344   1 110
        3.47305        1.02829   1 111
        3.47305        1.02921   1 112
        3.47305        1.07761   1 113
        3.47305        1.07962   1 114
        3.47305        1.09716   1 115
        3.47305        1.09879   1 116
        3.47305        1.10293   1 117
        3.47305        1.11111   1 118
        3.47305        1.11395   1 119
        3.47305        1.11486   1 120
        3.47305        1.11668   1 121
        3.47305        1.11793   1 122
        3.47305        1.22121   1 123
        3.47305        1.22220   1 124
        3.47305        1.22677   1 125
        3.47305        1.22765   1 126
        3.47305        1.24396   1 127
        3.47305        1.27297   1 128
        3.47305        1.27797   1 129
        3.47305        1.27915   1 130
        3.47305        1.28111   1 131
        3.47305        1.29106   1 132
        3.47305        1.29233   1 133
        3.47305        1.30398   1 134
        3.47305        1.39792   1 135
        3.47305        1.40338   1 136
        3.47305        1.41732   1 137
        3.47305        1.42489   1 138
        3.47305        1.42533   1 139
        3.47305        1.42910   1 140
        3.47305        1.50822   1 141
        3.47305        1.51163   1 142
        3.47305        1.53150   1 143
        3.47305        1.53713   1 144
        3.47305        1.54629   1 145
        3.47305        1.55028   1 146
        3.47305        1.72183   1 147
        3.47305        1.72245   1 148
        3.47305        1.72643   1 149
        3.47305        1.72738   1 150
        3.47305        1.73843   1 151
        3.47305        1.74034   1 152
        3.47305       -0.92298   1   1
        3.47305       -0.91954   1   2
        3.47305       -0.90520   1   3
        3.47305       -0.90248   1   4
        3.47305       -0.87406   1   5
        3.47305       -0.87212   1   6
        3.47305       -0.77442   1   7
        3.47305       -0.75604   1   8
        3.47305       -0.73987   1   9
        3.47305       -0.69408   1  10
        3.47305       -0.69149   1  11
        3.47305       -0.68990   1  12
        3.47305       -0.67576   1  13
        3.47305       -0.67164   1  14
        3.47305       -0.66880   1  15
        3.47305       -0.65987   1  16
        3.47305       -0.65880   1  17
        3.47305       -0.64401   1  18
        3.47305       -0.64260   1  19
        3.47305       -0.64231   1  20
        3.47305       -0.63754   1  21
        3.47305       -0.63751   1  22
        3.47305       -0.62884   1  23
        3.47305       -0.61507   1  24
        3.47305       -0.59875   1  25
        3.47305       -0.59256   1  26
        3.47305       -0.57053   1  27
        3.47305       -0.56749   1  28
        3.47305       -0.56275   1  29
        3.47305       -0.55461   1  30
        3.47305       -0.51648   1  31
        3.47305       -0.49778   1  32
        3.47305       -0.49241   1  33
        3.47305       -0.47288   1  34
        3.47305       -0.46659   1  35
        3.47305       -0.46350   1  36
        3.47305       -0.45380   1  37
        3.47305       -0.42959   1  38
        3.47305       -0.42863   1  39
        3.47305       -0.41448   1  40
        3.47305       -0.40821   1  41
        3.47305       -0.39701   1  42
        3.47305       -0.39608   1  43
        3.47305       -0.37172   1  44
        3.47305       -0.35496   1  45
        3.47305       -0.31280   1  46
        3.47305       -0.31106   1  47
        3.47305       -0.30643   1  48
        3.47305       -0.29980   1  49
        3.47305       -0.27303   1  50
        3.47305       -0.24229   1  51
        3.47305       -0.23727   1  52
        3.47305       -0.23185   1  53
        3.47305       -0.22098   1  54
        3.47305       -0.18363   1  55
        3.47305       -0.13314   1  56
        3.47305       -0.13292   1  57
        3.47305       -0.09774   1  58
        3.47305       -0.07906   1  59
        3.47305       -0.05538   1  60
        3.47305       -0.03797   1  61
        3.47305       -0.02784   1  62
        3.47305        0.02691   1  63
        3.47305        0.03017   1  64
        3.47305        0.08767   1  65
        3.47305        0.09037   1  66
        3.47305        0.10827   1  67
        3.47305        0.11164   1  68
        3.47305        0.11350   1  69
        3.47305        0.14970   1  70
        3.47305        0.15496   1  71
        3.47305        0.15835   1  72
        3.47305        0.18478   1  73
        3.47305        0.19170   1  74
        3.47305        0.20264   1  75
        3.47305        0.21611   1  76
        3.47305        0.22489   1  77
        3.47305        0.22958   1  78
        3.47305        0.23384   1  79
        3.47305        0.24327   1  80
        3.47305        0.29012   1  81
        3.47305        0.29525   1  82
        3.47305        0.29789   1  83
        3.47305        0.29997   1  84
        3.47305        0.32101   1  85
        3.47305        0.32774   1  86
        3.47305        0.37245   1  87
        3.47305        0.37874   1  88
        3.47305        0.38030   1  89
        3.47305        0.39363   1  90
        3.47305        0.41126   1  91
        3.47305        0.41743   1  92
        3.47305        0.46527   1  93
        3.47305        0.46845   1  94
        3.47305        0.47776   1  95
        3.47305        0.48367   1  96
        3.47305        0.52125   1  97
        3.47305        0.53823   1  98
        3.47305        0.55644   1  99
        3.47305        0.56792   1 100
        3.47305        0.59292   1 101
        3.47305        0.59505   1 102
        3.47305        0.62107   1 103
        3.47305        0.62271   1 104
        3.47305        0.63074   1 105
        3.47305        0.63450   1 106
        3.47305        0.63569   1 107
        3.47305        0.65391   1 108
        3.47305        0.69944   1 109
        3.47305        0.72266   1 110
        3.47305        0.74512   1 111
        3.47305        0.75309   1 112
        3.47305        0.77679   1 113
        3.47305        0.81193   1 114
        3.47305        0.81399   1 115
        3.47305        0.81416   1 116
        3.47305        0.83703   1 117
        3.47305        0.85026   1 118
        3.47305        0.87996   1 119
        3.47305        0.90223   1 120
        3.47305        0.91165   1 121
        3.47305        0.91792   1 122
        3.47305        0.93521   1 123
        3.47305        0.93743   1 124
        3.47305        0.93761   1 125
        3.47305        0.96424   1 126
        3.47305        1.03668   1 127
        3.47305        1.05501   1 128
        3.47305        1.13760   1 129
        3.47305        1.15040   1 130
        3.47305        1.15534   1 131
        3.47305        1.15548   1 132
        3.47305        1.26044   1 133
        3.47305        1.26414   1 134
        3.47305        1.37107   1 135
        3.47305        1.37985   1 136
        3.47305        1.38290   1 137
        3.47305        1.39625   1 138
        3.47305        1.39640   1 139
        3.47305        1.41347   1 140
        3.47305        1.44204   1 141
        3.47305        1.44342   1 142
        3.47305        1.51188   1 143
        3.47305        1.51229   1 144
        3.47305        1.54591   1 145
        3.47305        1.54715   1 146
        3.47305        1.58187   1 147
        3.47305        1.58301   1 148
        3.47305        1.60258   1 149
        3.47305        1.61092   1 150
        3.47305        1.61681   1 151
        3.47305        1.61743   1 152
        3.50247       -0.92298   1   1
        3.50247       -0.91954   1   2
        3.50247       -0.90520   1   3
        3.50247       -0.90248   1   4
        3.50247       -0.87406   1   5
        3.50247       -0.87212   1   6
        3.50247       -0.77442   1   7
        3.50247       -0.75603   1   8
        3.50247       -0.73987   1   9
        3.50247       -0.69409   1  10
        3.50247       -0.69149   1  11
        3.50247       -0.68989   1  12
        3.50247       -0.67579   1  13
        3.50247       -0.67164   1  14
        3.50247       -0.66880   1  15
        3.50247       -0.65987   1  16
        3.50247       -0.65877   1  17
        3.50247       -0.64401   1  18
        3.50247       -0.64260   1  19
        3.50247       -0.64231   1  20
        3.50247       -0.63754   1  21
        3.50247       -0.63751   1  22
        3.50247       -0.62884   1  23
        3.50247       -0.61507   1  24
        3.50247       -0.59875   1  25
        3.50247       -0.59255   1  26
        3.50247       -0.57053   1  27
        3.50247       -0.56749   1  28
        3.50247       -0.56274   1  29
        3.50247       -0.55461   1  30
        3.50247       -0.51648   1  31
        3.50247       -0.49778   1  32
        3.50247       -0.49241   1  33
        3.50247       -0.47288   1  34
        3.50247       -0.46659   1  35
        3.50247       -0.46350   1  36
        3.50247       -0.45380   1  37
        3.50247       -0.42959   1  38
        3.50247       -0.42863   1  39
        3.50247       -0.41448   1  40
        3.50247       -0.40821   1  41
        3.50247       -0.39701   1  42
        3.50247       -0.39608   1  43
        3.50247       -0.37172   1  44
        3.50247       -0.35497   1  45
        3.50247       -0.31280   1  46
        3.50247       -0.31106   1  47
        3.50247       -0.30644   1  48
        3.50247       -0.29980   1  49
        3.50247       -0.27303   1  50
        3.50247       -0.24229   1  51
        3.50247       -0.23727   1  52
        3.50247       -0.23185   1  53
        3.50247       -0.22098   1  54
        3.50247       -0.18363   1  55
        3.50247       -0.13314   1  56
        3.50247       -0.13292   1  57
        3.50247       -0.09775   1  58
        3.50247       -0.07904   1  59
        3.50247       -0.05539   1  60
        3.50247       -0.03798   1  61
        3.50247       -0.02781   1  62
        3.50247        0.02691   1  63
        3.50247        0.03018   1  64
        3.50247        0.08753   1  65
        3.50247        0.09023   1  66
        3.50247        0.10891   1  67
        3.50247        0.11164   1  68
        3.50247        0.11280   1  69
        3.50247        0.15090   1  70
        3.50247        0.15491   1  71
        3.50247        0.15922   1  72
        3.50247        0.18234   1  73
        3.50247        0.19185   1  74
        3.50247        0.20036   1  75
        3.50247        0.21593   1  76
        3.50247        0.22498   1  77
        3.50247        0.23003   1  78
        3.50247        0.23663   1  79
        3.50247        0.24620   1  80
        3.50247        0.28872   1  81
        3.50247        0.29407   1  82
        3.50247        0.29846   1  83
        3.50247        0.30053   1  84
        3.50247        0.31906   1  85
        3.50247        0.32574   1  86
        3.50247        0.35986   1  87
        3.50247        0.36837   1  88
        3.50247        0.39991   1  89
        3.50247        0.41037   1  90
        3.50247        0.41622   1  91
        3.50247        0.42216   1  92
        3.50247        0.45991   1  93
        3.50247        0.46211   1  94
        3.50247        0.46377   1  95
        3.50247        0.47106   1  96
        3.50247        0.53219   1  97
        3.50247        0.54582   1  98
        3.50247        0.55871   1  99
        3.50247        0.56947   1 100
        3.50247        0.59292   1 101
        3.50247        0.59506   1 102
        3.50247        0.62107   1 103
        3.50247        0.62271   1 104
        3.50247        0.62816   1 105
        3.50247        0.63450   1 106
        3.50247        0.63569   1 107
        3.50247        0.65224   1 108
        3.50247        0.69822   1 109
        3.50247        0.72205   1 110
        3.50247        0.74512   1 111
        3.50247        0.75298   1 112
        3.50247        0.77647   1 113
        3.50247        0.81193   1 114
        3.50247        0.81416   1 115
        3.50247        0.81418   1 116
        3.50247        0.83657   1 117
        3.50247        0.85026   1 118
        3.50247        0.87997   1 119
        3.50247        0.90240   1 120
        3.50247        0.91351   1 121
        3.50247        0.91794   1 122
        3.50247        0.93746   1 123
        3.50247        0.93772   1 124
        3.50247        0.93837   1 125
        3.50247        0.96482   1 126
        3.50247        1.03441   1 127
        3.50247        1.05229   1 128
        3.50247        1.13703   1 129
        3.50247        1.14967   1 130
        3.50247        1.15534   1 131
        3.50247        1.15547   1 132
        3.50247        1.26142   1 133
        3.50247        1.26529   1 134
        3.50247        1.37134   1 135
        3.50247        1.38021   1 136
        3.50247        1.38291   1 137
        3.50247        1.39625   1 138
        3.50247        1.39640   1 139
        3.50247        1.41346   1 140
        3.50247        1.44204   1 141
        3.50247        1.44343   1 142
        3.50247        1.51188   1 143
        3.50247        1.51229   1 144
        3.50247        1.54570   1 145
        3.50247        1.54692   1 146
        3.50247        1.58187   1 147
        3.50247        1.58301   1 148
        3.50247        1.60251   1 149
        3.50247        1.61081   1 150
        3.50247        1.61681   1 151
        3.50247        1.61743   1 152
        3.53189       -0.92298   1   1
        3.53189       -0.91954   1   2
        3.53189       -0.90520   1   3
        3.53189       -0.90248   1   4
        3.53189       -0.87406   1   5
        3.53189       -0.87212   1   6
        3.53189       -0.77441   1   7
        3.53189       -0.75603   1   8
        3.53189       -0.73987   1   9
        3.53189       -0.69409   1  10
        3.53189       -0.69149   1  11
        3.53189       -0.68989   1  12
        3.53189       -0.67583   1  13
        3.53189       -0.67164   1  14
        3.53189       -0.66881   1  15
        3.53189       -0.65987   1  16
        3.53189       -0.65874   1  17
        3.53189       -0.64401   1  18
        3.53189       -0.64260   1  19
        3.53189       -0.64231   1  20
        3.53189       -0.63754   1  21
        3.53189       -0.63751   1  22
        3.53189       -0.62884   1  23
        3.53189       -0.61507   1  24
        3.53189       -0.59874   1  25
        3.53189       -0.59255   1  26
        3.53189       -0.57053   1  27
        3.53189       -0.56749   1  28
        3.53189       -0.56274   1  29
        3.53189       -0.55461   1  30
        3.53189       -0.51648   1  31
        3.53189       -0.49778   1  32
        3.53189       -0.49241   1  33
        3.53189       -0.47288   1  34
        3.53189       -0.46660   1  35
        3.53189       -0.46350   1  36
        3.53189       -0.45380   1  37
        3.53189       -0.42959   1  38
        3.53189       -0.42863   1  39
        3.53189       -0.41448   1  40
        3.53189       -0.40821   1  41
        3.53189       -0.39701   1  42
        3.53189       -0.39608   1  43
        3.53189       -0.37172   1  44
        3.53189       -0.35497   1  45
        3.53189       -0.31280   1  46
        3.53189       -0.31106   1  47
        3.53189       -0.30644   1  48
        3.53189       -0.29980   1  49
        3.53189       -0.27303   1  50
        3.53189       -0.24229   1  51
        3.53189       -0.23727   1  52
        3.53189       -0.23185   1  53
        3.53189       -0.22098   1  54
        3.53189       -0.18364   1  55
        3.53189       -0.13315   1  56
        3.53189       -0.13292   1  57
        3.53189       -0.09775   1  58
        3.53189       -0.07901   1  59
        3.53189       -0.05540   1  60
        3.53189       -0.03800   1  61
        3.53189       -0.02777   1  62
        3.53189        0.02691   1  63
        3.53189        0.03018   1  64
        3.53189        0.08739   1  65
        3.53189        0.09010   1  66
        3.53189        0.10997   1  67
        3.53189        0.11165   1  68
        3.53189        0.11167   1  69
        3.53189        0.15223   1  70
        3.53189        0.15487   1  71
        3.53189        0.16013   1  72
        3.53189        0.17989   1  73
        3.53189        0.19200   1  74
        3.53189        0.19819   1  75
        3.53189        0.21576   1  76
        3.53189        0.22508   1  77
        3.53189        0.23047   1  78
        3.53189        0.23944   1  79
        3.53189        0.24908   1  80
        3.53189        0.28716   1  81
        3.53189        0.29274   1  82
        3.53189        0.29914   1  83
        3.53189        0.30118   1  84
        3.53189        0.31706   1  85
        3.53189        0.32371   1  86
        3.53189        0.35429   1  87
        3.53189        0.36285   1  88
        3.53189        0.41852   1  89
        3.53189        0.42243   1  90
        3.53189        0.42708   1  91
        3.53189        0.42800   1  92
        3.53189        0.44321   1  93
        3.53189        0.45331   1  94
        3.53189        0.45508   1  95
        3.53189        0.45796   1  96
        3.53189        0.54066   1  97
        3.53189        0.55212   1  98
        3.53189        0.56089   1  99
        3.53189        0.57097   1 100
        3.53189        0.59293   1 101
        3.53189        0.59506   1 102
        3.53189        0.62107   1 103
        3.53189        0.62272   1 104
        3.53189        0.62532   1 105
        3.53189        0.63450   1 106
        3.53189        0.63569   1 107
        3.53189        0.65048   1 108
        3.53189        0.69700   1 109
        3.53189        0.72143   1 110
        3.53189        0.74512   1 111
        3.53189        0.75287   1 112
        3.53189        0.77615   1 113
        3.53189        0.81193   1 114
        3.53189        0.81416   1 115
        3.53189        0.81437   1 116
        3.53189        0.83612   1 117
        3.53189        0.85026   1 118
        3.53189        0.87998   1 119
        3.53189        0.90257   1 120
        3.53189        0.91543   1 121
        3.53189        0.91796   1 122
        3.53189        0.93800   1 123
        3.53189        0.93850   1 124
        3.53189        0.94045   1 125
        3.53189        0.96541   1 126
        3.53189        1.03208   1 127
        3.53189        1.04950   1 128
        3.53189        1.13646   1 129
        3.53189        1.14894   1 130
        3.53189        1.15534   1 131
        3.53189        1.15547   1 132
        3.53189        1.26238   1 133
        3.53189        1.26642   1 134
        3.53189        1.37161   1 135
        3.53189        1.38058   1 136
        3.53189        1.38292   1 137
        3.53189        1.39625   1 138
        3.53189        1.39640   1 139
        3.53189        1.41346   1 140
        3.53189        1.44204   1 141
        3.53189        1.44343   1 142
        3.53189        1.51188   1 143
        3.53189        1.51229   1 144
        3.53189        1.54550   1 145
        3.53189        1.54669   1 146
        3.53189        1.58187   1 147
        3.53189        1.58301   1 148
        3.53189        1.60244   1 149
        3.53189        1.61071   1 150
        3.53189        1.61681   1 151
        3.53189        1.61743   1 152
        3.53189       -0.87572   1   1
        3.53189       -0.87560   1   2
        3.53189       -0.87347   1   3
        3.53189       -0.87339   1   4
        3.53189       -0.82073   1   5
        3.53189       -0.82010   1   6
        3.53189       -0.81748   1   7
        3.53189       -0.81683   1   8
        3.53189       -0.76136   1   9
        3.53189       -0.74283   1  10
        3.53189       -0.74280   1  11
        3.53189       -0.74054   1  12
        3.53189       -0.74053   1  13
        3.53189       -0.73354   1  14
        3.53189       -0.70706   1  15
        3.53189       -0.70651   1  16
        3.53189       -0.68154   1  17
        3.53189       -0.67804   1  18
        3.53189       -0.65803   1  19
        3.53189       -0.65777   1  20
        3.53189       -0.63164   1  21
        3.53189       -0.63046   1  22
        3.53189       -0.62520   1  23
        3.53189       -0.61802   1  24
        3.53189       -0.61790   1  25
        3.53189       -0.57254   1  26
        3.53189       -0.55616   1  27
        3.53189       -0.51654   1  28
        3.53189       -0.49979   1  29
        3.53189       -0.49867   1  30
        3.53189       -0.48997   1  31
        3.53189       -0.48494   1  32
        3.53189       -0.48437   1  33
        3.53189       -0.48139   1  34
        3.53189       -0.47802   1  35
        3.53189       -0.47533   1  36
        3.53189       -0.47349   1  37
        3.53189       -0.47001   1  38
        3.53189       -0.46908   1  39
        3.53189       -0.46054   1  40
        3.53189       -0.33596   1  41
        3.53189       -0.33252   1  42
        3.53189       -0.31853   1  43
        3.53189       -0.28542   1  44
        3.53189       -0.28269   1  45
        3.53189       -0.28232   1  46
        3.53189       -0.27898   1  47
        3.53189       -0.27526   1  48
        3.53189       -0.27024   1  49
        3.53189       -0.26622   1  50
        3.53189       -0.22330   1  51
        3.53189       -0.21968   1  52
        3.53189       -0.02611   1  53
        3.53189       -0.01228   1  54
        3.53189       -0.00183   1  55
        3.53189        0.02259   1  56
        3.53189        0.03677   1  57
        3.53189        0.04125   1  58
        3.53189        0.04573   1  59
        3.53189        0.11380   1  60
        3.53189        0.11630   1  61
        3.53189        0.11921   1  62
        3.53189        0.13242   1  63
        3.53189        0.15103   1  64
        3.53189        0.16209   1  65
        3.53189        0.17288   1  66
        3.53189        0.21938   1  67
        3.53189        0.22215   1  68
        3.53189        0.22234   1  69
        3.53189        0.22241   1  70
        3.53189        0.22260   1  71
        3.53189        0.22564   1  72
        3.53189        0.26703   1  73
        3.53189        0.29536   1  74
        3.53189        0.32815   1  75
        3.53189        0.33730   1  76
        3.53189        0.33900   1  77
        3.53189        0.33931   1  78
        3.53189        0.35069   1  79
        3.53189        0.35074   1  80
        3.53189        0.35393   1  81
        3.53189        0.35496   1  82
        3.53189        0.36744   1  83
        3.53189        0.36787   1  84
        3.53189        0.37164   1  85
        3.53189        0.39583   1  86
        3.53189        0.39595   1  87
        3.53189        0.40087   1  88
        3.53189        0.43093   1  89
        3.53189        0.43095   1  90
        3.53189        0.43759   1  91
        3.53189        0.43869   1  92
        3.53189        0.43869   1  93
        3.53189        0.44377   1  94
        3.53189        0.46055   1  95
        3.53189        0.46157   1  96
        3.53189        0.48637   1  97
        3.53189        0.48689   1  98
        3.53189        0.49710   1  99
        3.53189        0.49763   1 100
        3.53189        0.51882   1 101
        3.53189        0.52839   1 102
        3.53189        0.53996   1 103
        3.53189        0.54664   1 104
        3.53189        0.54990   1 105
        3.53189        0.55715   1 106
        3.53189        0.57749   1 107
        3.53189        0.57763   1 108
        3.53189        0.58309   1 109
        3.53189        0.58438   1 110
        3.53189        0.58464   1 111
        3.53189        0.58906   1 112
        3.53189        0.59809   1 113
        3.53189        0.59810   1 114
        3.53189        0.60859   1 115
        3.53189        0.61034   1 116
        3.53189        0.61037   1 117
        3.53189        0.61722   1 118
        3.53189        0.62762   1 119
        3.53189        0.63542   1 120
        3.53189        0.70873   1 121
        3.53189        0.70934   1 122
        3.53189        0.72195   1 123
        3.53189        0.72217   1 124
        3.53189        0.72668   1 125
        3.53189        0.73110   1 126
        3.53189        0.73112   1 127
        3.53189        0.73342   1 128
        3.53189        0.73348   1 129
        3.53189        0.74116   1 130
        3.53189        0.74752   1 131
        3.53189        0.74766   1 132
        3.53189        0.83912   1 133
        3.53189        0.87564   1 134
        3.53189        0.88254   1 135
        3.53189        0.88255   1 136
        3.53189        0.88691   1 137
        3.53189        0.88698   1 138
        3.53189        0.89187   1 139
        3.53189        0.89252   1 140
        3.53189        0.96288   1 141
        3.53189        0.97808   1 142
        3.53189        1.08864   1 143
        3.53189        1.09173   1 144
        3.53189        1.09176   1 145
        3.53189        1.09362   1 146
        3.53189        1.09365   1 147
        3.53189        1.09544   1 148
        3.53189        1.12328   1 149
        3.53189        1.12399   1 150
        3.53189        1.42490   1 151
        3.53189        1.47534   1 152
        3.56131       -0.87572   1   1
        3.56131       -0.87560   1   2
        3.56131       -0.87347   1   3
        3.56131       -0.87339   1   4
        3.56131       -0.82073   1   5
        3.56131       -0.82010   1   6
        3.56131       -0.81748   1   7
        3.56131       -0.81683   1   8
        3.56131       -0.76136   1   9
        3.56131       -0.74283   1  10
        3.56131       -0.74280   1  11
        3.56131       -0.74054   1  12
        3.56131       -0.74053   1  13
        3.56131       -0.73354   1  14
        3.56131       -0.70706   1  15
        3.56131       -0.70651   1  16
        3.56131       -0.68154   1  17
        3.56131       -0.67803   1  18
        3.56131       -0.65803   1  19
        3.56131       -0.65778   1  20
        3.56131       -0.63164   1  21
        3.56131       -0.63046   1  22
        3.56131       -0.62520   1  23
        3.56131       -0.61802   1  24
        3.56131       -0.61790   1  25
        3.56131       -0.57254   1  26
        3.56131       -0.55616   1  27
        3.56131       -0.51654   1  28
        3.56131       -0.49979   1  29
        3.56131       -0.49867   1  30
        3.56131       -0.48997   1  31
        3.56131       -0.48495   1  32
        3.56131       -0.48437   1  33
        3.56131       -0.48139   1  34
        3.56131       -0.47802   1  35
        3.56131       -0.47533   1  36
        3.56131       -0.47349   1  37
        3.56131       -0.47001   1  38
        3.56131       -0.46908   1  39
        3.56131       -0.46054   1  40
        3.56131       -0.33596   1  41
        3.56131       -0.33252   1  42
        3.56131       -0.31853   1  43
        3.56131       -0.28543   1  44
        3.56131       -0.28270   1  45
        3.56131       -0.28232   1  46
        3.56131       -0.27898   1  47
        3.56131       -0.27526   1  48
        3.56131       -0.27024   1  49
        3.56131       -0.26622   1  50
        3.56131       -0.22331   1  51
        3.56131       -0.21969   1  52
        3.56131       -0.02611   1  53
        3.56131       -0.01228   1  54
        3.56131       -0.00183   1  55
        3.56131        0.02259   1  56
        3.56131        0.03673   1  57
        3.56131        0.04121   1  58
        3.56131        0.04573   1  59
        3.56131        0.11377   1  60
        3.56131        0.11624   1  61
        3.56131        0.11914   1  62
        3.56131        0.13242   1  63
        3.56131        0.15102   1  64
        3.56131        0.16207   1  65
        3.56131        0.17292   1  66
        3.56131        0.21942   1  67
        3.56131        0.22213   1  68
        3.56131        0.22232   1  69
        3.56131        0.22240   1  70
        3.56131        0.22260   1  71
        3.56131        0.22564   1  72
        3.56131        0.26699   1  73
        3.56131        0.29530   1  74
        3.56131        0.32773   1  75
        3.56131        0.33712   1  76
        3.56131        0.33901   1  77
        3.56131        0.33932   1  78
        3.56131        0.35068   1  79
        3.56131        0.35073   1  80
        3.56131        0.35437   1  81
        3.56131        0.35514   1  82
        3.56131        0.36742   1  83
        3.56131        0.36784   1  84
        3.56131        0.37188   1  85
        3.56131        0.39595   1  86
        3.56131        0.39606   1  87
        3.56131        0.40115   1  88
        3.56131        0.43038   1  89
        3.56131        0.43040   1  90
        3.56131        0.43724   1  91
        3.56131        0.43763   1  92
        3.56131        0.43777   1  93
        3.56131        0.44350   1  94
        3.56131        0.46013   1  95
        3.56131        0.46102   1  96
        3.56131        0.49112   1  97
        3.56131        0.49167   1  98
        3.56131        0.50275   1  99
        3.56131        0.50330   1 100
        3.56131        0.51603   1 101
        3.56131        0.52547   1 102
        3.56131        0.54571   1 103
        3.56131        0.54971   1 104
        3.56131        0.55667   1 105
        3.56131        0.55867   1 106
        3.56131        0.55874   1 107
        3.56131        0.56080   1 108
        3.56131        0.56676   1 109
        3.56131        0.56684   1 110
        3.56131        0.57962   1 111
        3.56131        0.58455   1 112
        3.56131        0.59645   1 113
        3.56131        0.60390   1 114
        3.56131        0.62184   1 115
        3.56131        0.62193   1 116
        3.56131        0.63231   1 117
        3.56131        0.63244   1 118
        3.56131        0.64194   1 119
        3.56131        0.64987   1 120
        3.56131        0.69280   1 121
        3.56131        0.69292   1 122
        3.56131        0.70350   1 123
        3.56131        0.70364   1 124
        3.56131        0.70959   1 125
        3.56131        0.71035   1 126
        3.56131        0.71761   1 127
        3.56131        0.73310   1 128
        3.56131        0.75524   1 129
        3.56131        0.75536   1 130
        3.56131        0.76810   1 131
        3.56131        0.76827   1 132
        3.56131        0.84640   1 133
        3.56131        0.88063   1 134
        3.56131        0.88080   1 135
        3.56131        0.88324   1 136
        3.56131        0.88468   1 137
        3.56131        0.88475   1 138
        3.56131        0.89153   1 139
        3.56131        0.89217   1 140
        3.56131        0.95986   1 141
        3.56131        0.97396   1 142
        3.56131        1.08876   1 143
        3.56131        1.09179   1 144
        3.56131        1.09183   1 145
        3.56131        1.09376   1 146
        3.56131        1.09379   1 147
        3.56131        1.09576   1 148
        3.56131        1.12335   1 149
        3.56131        1.12405   1 150
        3.56131        1.42494   1 151
        3.56131        1.47536   1 152
        3.59073       -0.87572   1   1
        3.59073       -0.87560   1   2
        3.59073       -0.87347   1   3
        3.59073       -0.87339   1   4
        3.59073       -0.82073   1   5
        3.59073       -0.82010   1   6
        3.59073       -0.81748   1   7
        3.59073       -0.81683   1   8
        3.59073       -0.76136   1   9
        3.59073       -0.74283   1  10
        3.59073       -0.74280   1  11
        3.59073       -0.74054   1  12
        3.59073       -0.74053   1  13
        3.59073       -0.73354   1  14
        3.59073       -0.70706   1  15
        3.59073       -0.70651   1  16
        3.59073       -0.68154   1  17
        3.59073       -0.67803   1  18
        3.59073       -0.65803   1  19
        3.59073       -0.65779   1  20
        3.59073       -0.63165   1  21
        3.59073       -0.63046   1  22
        3.59073       -0.62520   1  23
        3.59073       -0.61802   1  24
        3.59073       -0.61790   1  25
        3.59073       -0.57255   1  26
        3.59073       -0.55616   1  27
        3.59073       -0.51654   1  28
        3.59073       -0.49979   1  29
        3.59073       -0.49867   1  30
        3.59073       -0.48997   1  31
        3.59073       -0.48495   1  32
        3.59073       -0.48437   1  33
        3.59073       -0.48140   1  34
        3.59073       -0.47802   1  35
        3.59073       -0.47533   1  36
        3.59073       -0.47349   1  37
        3.59073       -0.47001   1  38
        3.59073       -0.46908   1  39
        3.59073       -0.46054   1  40
        3.59073       -0.33596   1  41
        3.59073       -0.33252   1  42
        3.59073       -0.31853   1  43
        3.59073       -0.28543   1  44
        3.59073       -0.28270   1  45
        3.59073       -0.28232   1  46
        3.59073       -0.27898   1  47
        3.59073       -0.27526   1  48
        3.59073       -0.27024   1  49
        3.59073       -0.26622   1  50
        3.59073       -0.22332   1  51
        3.59073       -0.21970   1  52
        3.59073       -0.02611   1  53
        3.59073       -0.01228   1  54
        3.59073       -0.00183   1  55
        3.59073        0.02259   1  56
        3.59073        0.03669   1  57
        3.59073        0.04116   1  58
        3.59073        0.04572   1  59
        3.59073        0.11374   1  60
        3.59073        0.11617   1  61
        3.59073        0.11907   1  62
        3.59073        0.13243   1  63
        3.59073        0.15102   1  64
        3.59073        0.16205   1  65
        3.59073        0.17296   1  66
        3.59073        0.21947   1  67
        3.59073        0.22211   1  68
        3.59073        0.22230   1  69
        3.59073        0.22239   1  70
        3.59073        0.22259   1  71
        3.59073        0.22564   1  72
        3.59073        0.26695   1  73
        3.59073        0.29525   1  74
        3.59073        0.32732   1  75
        3.59073        0.33695   1  76
        3.59073        0.33903   1  77
        3.59073        0.33934   1  78
        3.59073        0.35066   1  79
        3.59073        0.35072   1  80
        3.59073        0.35481   1  81
        3.59073        0.35532   1  82
        3.59073        0.36740   1  83
        3.59073        0.36781   1  84
        3.59073        0.37211   1  85
        3.59073        0.39606   1  86
        3.59073        0.39616   1  87
        3.59073        0.40144   1  88
        3.59073        0.42986   1  89
        3.59073        0.42989   1  90
        3.59073        0.43651   1  91
        3.59073        0.43666   1  92
        3.59073        0.43730   1  93
        3.59073        0.44323   1  94
        3.59073        0.45972   1  95
        3.59073        0.46049   1  96
        3.59073        0.49700   1  97
        3.59073        0.49763   1  98
        3.59073        0.50993   1  99
        3.59073        0.51056   1 100
        3.59073        0.51396   1 101
        3.59073        0.52332   1 102
        3.59073        0.54603   1 103
        3.59073        0.54611   1 104
        3.59073        0.55183   1 105
        3.59073        0.55356   1 106
        3.59073        0.55356   1 107
        3.59073        0.55360   1 108
        3.59073        0.56573   1 109
        3.59073        0.56583   1 110
        3.59073        0.57508   1 111
        3.59073        0.57698   1 112
        3.59073        0.58780   1 113
        3.59073        0.59398   1 114
        3.59073        0.65169   1 115
        3.59073        0.65188   1 116
        3.59073        0.65355   1 117
        3.59073        0.65996   1 118
        3.59073        0.66019   1 119
        3.59073        0.66041   1 120
        3.59073        0.66141   1 121
        3.59073        0.66177   1 122
        3.59073        0.67409   1 123
        3.59073        0.67416   1 124
        3.59073        0.70713   1 125
        3.59073        0.71044   1 126
        3.59073        0.71134   1 127
        3.59073        0.72423   1 128
        3.59073        0.76589   1 129
        3.59073        0.76602   1 130
        3.59073        0.77912   1 131
        3.59073        0.77930   1 132
        3.59073        0.85344   1 133
        3.59073        0.87886   1 134
        3.59073        0.87893   1 135
        3.59073        0.88227   1 136
        3.59073        0.88234   1 137
        3.59073        0.89081   1 138
        3.59073        0.89118   1 139
        3.59073        0.89182   1 140
        3.59073        0.95659   1 141
        3.59073        0.96929   1 142
        3.59073        1.08887   1 143
        3.59073        1.09186   1 144
        3.59073        1.09189   1 145
        3.59073        1.09390   1 146
        3.59073        1.09393   1 147
        3.59073        1.09608   1 148
        3.59073        1.12342   1 149
        3.59073        1.12411   1 150
        3.59073        1.42498   1 151
        3.59073        1.47539   1 152
