# partial DOS in the spheres (states/eV), summed over m; E (eV) as in tdos.txt
# made by dos_table.py on 2026-09-30 04:48 from /home/takao/ecalj/Samples/DOS/ZnS_work
# columns: E, then s p d f g of site 1 spin 1, (site 1 spin 2,) site 2 spin 1, ...
#   E(eV)   s_site1_sp1 p_site1_sp1 d_site1_sp1 f_site1_sp1 g_site1_sp1 s_site2_sp1 p_site2_sp1 d_site2_sp1 f_site2_sp1 g_site2_sp1
  -14.9999     0.00000     0.00000     0.00000     0.00000     0.00000     0.00000     0.00000     0.00000     0.00000     0.00000
  -14.9698     0.00000     0.00000     0.00000     0.00000     0.00000     0.00000     0.00000     0.00000     0.00000     0.00000
  -14.9399     0.00000     0.00000     0.00000     0.00000     0.00000     0.00000     0.00000     0.00000     0.00000     0.00000
  -14.9098     0.00000     0.00000     0.00000     0.00000     0.00000     0.00000     0.00000     0.00000     0.00000     0.00000
  -14.8797     0.00000     0.00000     0.00000     0.00000     0.00000     0.00000     0.00000     0.00000     0.00000     0.00000
  -14.8498     0.00000     0.00000     0.00000     0.00000     0.00000     0.00000     0.00000     0.00000     0.00000     0.00000
  -14.8197     0.00000     0.00000     0.00000     0.00000     0.00000     0.00000     0.00000     0.00000     0.00000     0.00000
  -14.7897     0.00000     0.00000     0.00000     0.00000     0.00000     0.00000     0.00000     0.00000     0.00000     0.00000
  -14.7596     0.00000     0.00000     0.00000     0.00000     0.00000     0.00000     0.00000     0.00000     0.00000     0.00000
  -14.7297     0.00000     0.00000     0.00000     0.00000     0.00000     0.00000     0.00000     0.00000     0.00000     0.00000
  -14.6996     0.00000     0.00000     0.00000     0.00000     0.00000     0.00000     0.00000     0.00000     0.00000     0.00000
  -14.6695     0.00000     0.00000     0.00000     0.00000     0.00000     0.00000     0.00000     0.00000     0.00000     0.00000
  -14.6396     0.00000     0.00000     0.00000     0.00000     0.00000     0.00000     0.00000     0.00000     0.00000     0.00000
  -14.6095     0.00000     0.00000     0.00000     0.00000     0.00000     0.00000     0.00000     0.00000     0.00000     0.00000
  -14.5795     0.00000     0.00000     0.00000     0.00000     0.00000     0.00000     0.00000     0.00000     0.00000     0.00000
  -14.5494     0.00000     0.00000     0.00000     0.00000     0.00000     0.00000     0.00000     0.00000     0.00000     0.00000
  -14.5195     0.00000     0.00000     0.00000     0.00000     0.00000     0.00000     0.00000     0.00000     0.00000     0.00000
  -14.4894     0.00000     0.00000     0.00000     0.00000     0.00000     0.00000     0.00000     0.00000     0.00000     0.00000
  -14.4593     0.00000     0.00000     0.00000     0.00000     0.00000     0.00000     0.00000     0.00000     0.00000     0.00000
  -14.4294     0.00000     0.00000     0.00000     0.00000     0.00000     0.00000     0.00000     0.00000     0.00000     0.00000
  -14.3993     0.00000     0.00000     0.00000     0.00000     0.00000     0.00000     0.00000     0.00000     0.00000     0.00000
  -14.3692     0.00000     0.00000     0.00000     0.00000     0.00000     0.00000     0.00000     0.00000     0.00000     0.00000
  -14.3392     0.00000     0.00000     0.00000     0.00000     0.00000     0.00000     0.00000     0.00000     0.00000     0.00000
  -14.3092     0.00000     0.00000     0.00000     0.00000     0.00000     0.00000     0.00000     0.00000     0.00000     0.00000
  -14.2792     0.00000     0.00000     0.00000     0.00000     0.00000     0.00000     0.00000     0.00000     0.00000     0.00000
  -14.2491     0.00000     0.00000     0.00000     0.00000     0.00000     0.00000     0.00000     0.00000     0.00000     0.00000
  -14.2192     0.00000     0.00000     0.00000     0.00000     0.00000     0.00000     0.00000     0.00000     0.00000     0.00000
  -14.1891     0.00000     0.00000     0.00000     0.00000     0.00000     0.00000     0.00000     0.00000     0.00000     0.00000
  -14.1590     0.00000     0.00000     0.00000     0.00000     0.00000     0.00000     0.00000     0.00000     0.00000     0.00000
  -14.1290     0.00000     0.00000     0.00000     0.00000     0.00000     0.00000     0.00000     0.00000     0.00000     0.00000
  -14.0990     0.00000     0.00000     0.00000     0.00000     0.00000     0.00000     0.00000     0.00000     0.00000     0.00000
  -14.0690     0.00000     0.00000     0.00000     0.00000     0.00000     0.00000     0.00000     0.00000     0.00000     0.00000
  -14.0389     0.00000     0.00000     0.00000     0.00000     0.00000     0.00000     0.00000     0.00000     0.00000     0.00000
  -14.0090     0.00000     0.00000     0.00000     0.00000     0.00000     0.00000     0.00000     0.00000     0.00000     0.00000
  -13.9789     0.00000     0.00000     0.00000     0.00000     0.00000     0.00000     0.00000     0.00000     0.00000     0.00000
  -13.9488     0.00000     0.00000     0.00000     0.00000     0.00000     0.00000     0.00000     0.00000     0.00000     0.00000
  -13.9188     0.00000     0.00000     0.00000     0.00000     0.00000     0.00000     0.00000     0.00000     0.00000     0.00000
  -13.8888     0.00000     0.00000     0.00000     0.00000     0.00000     0.00000     0.00000     0.00000     0.00000     0.00000
  -13.8588     0.00000     0.00000     0.00000     0.00000     0.00000     0.00000     0.00000     0.00000     0.00000     0.00000
  -13.8287     0.00000     0.00000     0.00000     0.00000     0.00000     0.00000     0.00000     0.00000     0.00000     0.00000
  -13.7988     0.00000     0.00000     0.00000     0.00000     0.00000     0.00000     0.00000     0.00000     0.00000     0.00000
  -13.7687     0.00000     0.00000     0.00000     0.00000     0.00000     0.00000     0.00000     0.00000     0.00000     0.00000
  -13.7386     0.00000     0.00000     0.00000     0.00000     0.00000     0.00000     0.00000     0.00000     0.00000     0.00000
  -13.7086     0.00000     0.00000     0.00000     0.00000     0.00000     0.00000     0.00000     0.00000     0.00000     0.00000
  -13.6786     0.00000     0.00000     0.00000     0.00000     0.00000     0.00000     0.00000     0.00000     0.00000     0.00000
  -13.6486     0.00000     0.00000     0.00000     0.00000     0.00000     0.00000     0.00000     0.00000     0.00000     0.00000
  -13.6185     0.00000     0.00000     0.00000     0.00000     0.00000     0.00000     0.00000     0.00000     0.00000     0.00000
  -13.5884     0.00000     0.00000     0.00000     0.00000     0.00000     0.00000     0.00000     0.00000     0.00000     0.00000
  -13.5585     0.00000     0.00000     0.00000     0.00000     0.00000     0.00000     0.00000     0.00000     0.00000     0.00000
  -13.5284     0.00000     0.00000     0.00000     0.00000     0.00000     0.00000     0.00000     0.00000     0.00000     0.00000
  -13.4983     0.00000     0.00000     0.00000     0.00000     0.00000     0.00000     0.00000     0.00000     0.00000     0.00000
  -13.4684     0.00000     0.00000     0.00000     0.00000     0.00000     0.00000     0.00000     0.00000     0.00000     0.00000
  -13.4383     0.00000     0.00000     0.00000     0.00000     0.00000     0.00000     0.00000     0.00000     0.00000     0.00000
  -13.4083     0.00000     0.00000     0.00000     0.00000     0.00000     0.00000     0.00000     0.00000     0.00000     0.00000
  -13.3782     0.00000     0.00000     0.00000     0.00000     0.00000     0.00000     0.00000     0.00000     0.00000     0.00000
  -13.3483     0.00000     0.00000     0.00000     0.00000     0.00000     0.00000     0.00000     0.00000     0.00000     0.00000
  -13.3182     0.00000     0.00000     0.00000     0.00000     0.00000     0.00000     0.00000     0.00000     0.00000     0.00000
  -13.2881     0.00000     0.00000     0.00000     0.00000     0.00000     0.00000     0.00000     0.00000     0.00000     0.00000
  -13.2582     0.00000     0.00000     0.00000     0.00000     0.00000     0.00000     0.00000     0.00000     0.00000     0.00000
  -13.2281     0.00000     0.00000     0.00000     0.00000     0.00000     0.00000     0.00000     0.00000     0.00000     0.00000
  -13.1981     0.00000     0.00000     0.00000     0.00000     0.00000     0.00000     0.00000     0.00000     0.00000     0.00000
  -13.1680     0.00000     0.00000     0.00000     0.00000     0.00000     0.00000     0.00000     0.00000     0.00000     0.00000
  -13.1381     0.00000     0.00000     0.00000     0.00000     0.00000     0.00001     0.00000     0.00000     0.00000     0.00000
  -13.1080     0.00033     0.00001     0.00001     0.00001     0.00000     0.00332     0.00000     0.00000     0.00000     0.00000
  -13.0779     0.00213     0.00005     0.00006     0.00005     0.00000     0.02145     0.00002     0.00000     0.00001     0.00000
  -13.0480     0.00634     0.00014     0.00018     0.00015     0.00001     0.06389     0.00005     0.00000     0.00002     0.00000
  -13.0179     0.01275     0.00030     0.00037     0.00029     0.00002     0.12871     0.00011     0.00000     0.00005     0.00000
  -12.9879     0.01644     0.00052     0.00067     0.00038     0.00003     0.17064     0.00018     0.00000     0.00007     0.00000
  -12.9578     0.01695     0.00079     0.00105     0.00040     0.00003     0.18416     0.00026     0.00000     0.00007     0.00000
  -12.9279     0.01844     0.00104     0.00141     0.00044     0.00004     0.20649     0.00033     0.00001     0.00008     0.00000
  -12.8978     0.02046     0.00131     0.00179     0.00049     0.00004     0.23418     0.00040     0.00001     0.00009     0.00001
  -12.8677     0.02256     0.00159     0.00220     0.00055     0.00005     0.26312     0.00048     0.00001     0.00010     0.00001
  -12.8378     0.02472     0.00188     0.00263     0.00060     0.00005     0.29331     0.00056     0.00001     0.00011     0.00001
  -12.8077     0.02684     0.00222     0.00312     0.00066     0.00006     0.32431     0.00064     0.00001     0.00012     0.00001
  -12.7777     0.02856     0.00264     0.00378     0.00071     0.00007     0.35484     0.00074     0.00002     0.00013     0.00001
  -12.7476     0.02960     0.00319     0.00469     0.00075     0.00007     0.38397     0.00084     0.00002     0.00014     0.00001
  -12.7176     0.03020     0.00385     0.00578     0.00078     0.00007     0.41254     0.00096     0.00003     0.00016     0.00001
  -12.6876     0.03101     0.00449     0.00688     0.00081     0.00008     0.44295     0.00107     0.00003     0.00017     0.00001
  -12.6575     0.03218     0.00511     0.00794     0.00086     0.00009     0.47571     0.00116     0.00004     0.00018     0.00001
  -12.6276     0.03340     0.00574     0.00905     0.00090     0.00009     0.50977     0.00126     0.00004     0.00019     0.00001
  -12.5975     0.03464     0.00640     0.01022     0.00095     0.00010     0.54501     0.00135     0.00005     0.00020     0.00001
  -12.5674     0.03588     0.00709     0.01144     0.00099     0.00011     0.58144     0.00144     0.00005     0.00022     0.00001
  -12.5374     0.03715     0.00781     0.01272     0.00104     0.00011     0.61904     0.00153     0.00006     0.00023     0.00001
  -12.5074     0.03839     0.00862     0.01419     0.00109     0.00012     0.66003     0.00163     0.00007     0.00025     0.00001
  -12.4774     0.03949     0.00985     0.01652     0.00115     0.00013     0.71568     0.00174     0.00008     0.00026     0.00001
  -12.4473     0.04059     0.01149     0.01971     0.00122     0.00014     0.78684     0.00187     0.00009     0.00029     0.00001
  -12.4174     0.04179     0.01327     0.02321     0.00130     0.00016     0.86440     0.00198     0.00010     0.00032     0.00002
  -12.3873     0.04304     0.01518     0.02701     0.00138     0.00017     0.94777     0.00209     0.00012     0.00035     0.00002
  -12.3572     0.04446     0.01728     0.03122     0.00147     0.00019     1.04012     0.00220     0.00014     0.00038     0.00002
  -12.3272     0.04618     0.01962     0.03598     0.00158     0.00021     1.14482     0.00229     0.00016     0.00042     0.00002
  -12.2972     0.04818     0.02222     0.04130     0.00170     0.00023     1.26196     0.00238     0.00018     0.00046     0.00002
  -12.2672     0.05037     0.02507     0.04716     0.00183     0.00025     1.39083     0.00247     0.00021     0.00051     0.00003
  -12.2371     0.05273     0.02823     0.05368     0.00197     0.00028     1.53285     0.00255     0.00024     0.00056     0.00003
  -12.2072     0.05888     0.03565     0.06916     0.00232     0.00034     1.87414     0.00271     0.00031     0.00069     0.00004
  -12.1771     0.06522     0.04647     0.09205     0.00278     0.00043     2.34841     0.00288     0.00040     0.00086     0.00005
  -12.1470     0.06135     0.05074     0.10161     0.00281     0.00046     2.47804     0.00283     0.00039     0.00090     0.00005
  -12.1170     0.05405     0.05104     0.10290     0.00265     0.00045     2.42404     0.00267     0.00034     0.00088     0.00005
  -12.0870     0.04994     0.05337     0.10835     0.00263     0.00046     2.47688     0.00255     0.00032     0.00090     0.00005
  -12.0570     0.04496     0.05607     0.11473     0.00259     0.00047     2.53652     0.00239     0.00030     0.00092     0.00005
  -12.0269     0.03874     0.06075     0.12560     0.00259     0.00050     2.66168     0.00216     0.00027     0.00097     0.00006
  -11.9970     0.03282     0.06669     0.13924     0.00262     0.00053     2.83856     0.00189     0.00025     0.00103     0.00006
  -11.9669     0.02748     0.07236     0.15220     0.00267     0.00056     3.00953     0.00163     0.00023     0.00109     0.00007
  -11.9368     0.02171     0.08723     0.18468     0.00296     0.00065     3.52651     0.00138     0.00021     0.00128     0.00008
  -11.9068     0.01172     0.06879     0.14601     0.00222     0.00050     2.73140     0.00079     0.00014     0.00098     0.00006
  -11.8768     0.00239     0.01920     0.04077     0.00060     0.00014     0.75385     0.00017     0.00004     0.00027     0.00002
  -11.8467     0.00000     0.00000     0.00000     0.00000     0.00000     0.00000     0.00000     0.00000     0.00000     0.00000
  -11.8167     0.00000     0.00000     0.00000     0.00000     0.00000     0.00000     0.00000     0.00000     0.00000     0.00000
  -11.7867     0.00000     0.00000     0.00000     0.00000     0.00000     0.00000     0.00000     0.00000     0.00000     0.00000
  -11.7567     0.00000     0.00000     0.00000     0.00000     0.00000     0.00000     0.00000     0.00000     0.00000     0.00000
  -11.7266     0.00000     0.00000     0.00000     0.00000     0.00000     0.00000     0.00000     0.00000     0.00000     0.00000
  -11.6965     0.00000     0.00000     0.00000     0.00000     0.00000     0.00000     0.00000     0.00000     0.00000     0.00000
  -11.6666     0.00000     0.00000     0.00000     0.00000     0.00000     0.00000     0.00000     0.00000     0.00000     0.00000
  -11.6365     0.00000     0.00000     0.00000     0.00000     0.00000     0.00000     0.00000     0.00000     0.00000     0.00000
  -11.6065     0.00000     0.00000     0.00000     0.00000     0.00000     0.00000     0.00000     0.00000     0.00000     0.00000
  -11.5765     0.00000     0.00000     0.00000     0.00000     0.00000     0.00000     0.00000     0.00000     0.00000     0.00000
  -11.5465     0.00000     0.00000     0.00000     0.00000     0.00000     0.00000     0.00000     0.00000     0.00000     0.00000
  -11.5164     0.00000     0.00000     0.00000     0.00000     0.00000     0.00000     0.00000     0.00000     0.00000     0.00000
  -11.4863     0.00000     0.00000     0.00000     0.00000     0.00000     0.00000     0.00000     0.00000     0.00000     0.00000
  -11.4564     0.00000     0.00000     0.00000     0.00000     0.00000     0.00000     0.00000     0.00000     0.00000     0.00000
  -11.4263     0.00000     0.00000     0.00000     0.00000     0.00000     0.00000     0.00000     0.00000     0.00000     0.00000
  -11.3963     0.00000     0.00000     0.00000     0.00000     0.00000     0.00000     0.00000     0.00000     0.00000     0.00000
  -11.3663     0.00000     0.00000     0.00000     0.00000     0.00000     0.00000     0.00000     0.00000     0.00000     0.00000
  -11.3363     0.00000     0.00000     0.00000     0.00000     0.00000     0.00000     0.00000     0.00000     0.00000     0.00000
  -11.3062     0.00000     0.00000     0.00000     0.00000     0.00000     0.00000     0.00000     0.00000     0.00000     0.00000
  -11.2761     0.00000     0.00000     0.00000     0.00000     0.00000     0.00000     0.00000     0.00000     0.00000     0.00000
  -11.2462     0.00000     0.00000     0.00000     0.00000     0.00000     0.00000     0.00000     0.00000     0.00000     0.00000
  -11.2161     0.00000     0.00000     0.00000     0.00000     0.00000     0.00000     0.00000     0.00000     0.00000     0.00000
  -11.1861     0.00000     0.00000     0.00000     0.00000     0.00000     0.00000     0.00000     0.00000     0.00000     0.00000
  -11.1561     0.00000     0.00000     0.00000     0.00000     0.00000     0.00000     0.00000     0.00000     0.00000     0.00000
  -11.1261     0.00000     0.00000     0.00000     0.00000     0.00000     0.00000     0.00000     0.00000     0.00000     0.00000
  -11.0960     0.00000     0.00000     0.00000     0.00000     0.00000     0.00000     0.00000     0.00000     0.00000     0.00000
  -11.0659     0.00000     0.00000     0.00000     0.00000     0.00000     0.00000     0.00000     0.00000     0.00000     0.00000
  -11.0360     0.00000     0.00000     0.00000     0.00000     0.00000     0.00000     0.00000     0.00000     0.00000     0.00000
  -11.0059     0.00000     0.00000     0.00000     0.00000     0.00000     0.00000     0.00000     0.00000     0.00000     0.00000
  -10.9758     0.00000     0.00000     0.00000     0.00000     0.00000     0.00000     0.00000     0.00000     0.00000     0.00000
  -10.9459     0.00000     0.00000     0.00000     0.00000     0.00000     0.00000     0.00000     0.00000     0.00000     0.00000
  -10.9158     0.00000     0.00000     0.00000     0.00000     0.00000     0.00000     0.00000     0.00000     0.00000     0.00000
  -10.8858     0.00000     0.00000     0.00000     0.00000     0.00000     0.00000     0.00000     0.00000     0.00000     0.00000
  -10.8557     0.00000     0.00000     0.00000     0.00000     0.00000     0.00000     0.00000     0.00000     0.00000     0.00000
  -10.8258     0.00000     0.00000     0.00000     0.00000     0.00000     0.00000     0.00000     0.00000     0.00000     0.00000
  -10.7957     0.00000     0.00000     0.00000     0.00000     0.00000     0.00000     0.00000     0.00000     0.00000     0.00000
  -10.7656     0.00000     0.00000     0.00000     0.00000     0.00000     0.00000     0.00000     0.00000     0.00000     0.00000
  -10.7357     0.00000     0.00000     0.00000     0.00000     0.00000     0.00000     0.00000     0.00000     0.00000     0.00000
  -10.7056     0.00000     0.00000     0.00000     0.00000     0.00000     0.00000     0.00000     0.00000     0.00000     0.00000
  -10.6756     0.00000     0.00000     0.00000     0.00000     0.00000     0.00000     0.00000     0.00000     0.00000     0.00000
  -10.6455     0.00000     0.00000     0.00000     0.00000     0.00000     0.00000     0.00000     0.00000     0.00000     0.00000
  -10.6156     0.00000     0.00000     0.00000     0.00000     0.00000     0.00000     0.00000     0.00000     0.00000     0.00000
  -10.5855     0.00000     0.00000     0.00000     0.00000     0.00000     0.00000     0.00000     0.00000     0.00000     0.00000
  -10.5554     0.00000     0.00000     0.00000     0.00000     0.00000     0.00000     0.00000     0.00000     0.00000     0.00000
  -10.5255     0.00000     0.00000     0.00000     0.00000     0.00000     0.00000     0.00000     0.00000     0.00000     0.00000
  -10.4954     0.00000     0.00000     0.00000     0.00000     0.00000     0.00000     0.00000     0.00000     0.00000     0.00000
  -10.4654     0.00000     0.00000     0.00000     0.00000     0.00000     0.00000     0.00000     0.00000     0.00000     0.00000
  -10.4353     0.00000     0.00000     0.00000     0.00000     0.00000     0.00000     0.00000     0.00000     0.00000     0.00000
  -10.4054     0.00000     0.00000     0.00000     0.00000     0.00000     0.00000     0.00000     0.00000     0.00000     0.00000
  -10.3753     0.00000     0.00000     0.00000     0.00000     0.00000     0.00000     0.00000     0.00000     0.00000     0.00000
  -10.3452     0.00000     0.00000     0.00000     0.00000     0.00000     0.00000     0.00000     0.00000     0.00000     0.00000
  -10.3153     0.00000     0.00000     0.00000     0.00000     0.00000     0.00000     0.00000     0.00000     0.00000     0.00000
  -10.2852     0.00000     0.00000     0.00000     0.00000     0.00000     0.00000     0.00000     0.00000     0.00000     0.00000
  -10.2552     0.00000     0.00000     0.00000     0.00000     0.00000     0.00000     0.00000     0.00000     0.00000     0.00000
  -10.2251     0.00000     0.00000     0.00000     0.00000     0.00000     0.00000     0.00000     0.00000     0.00000     0.00000
  -10.1952     0.00000     0.00000     0.00000     0.00000     0.00000     0.00000     0.00000     0.00000     0.00000     0.00000
  -10.1651     0.00000     0.00000     0.00000     0.00000     0.00000     0.00000     0.00000     0.00000     0.00000     0.00000
  -10.1350     0.00000     0.00000     0.00000     0.00000     0.00000     0.00000     0.00000     0.00000     0.00000     0.00000
  -10.1051     0.00000     0.00000     0.00000     0.00000     0.00000     0.00000     0.00000     0.00000     0.00000     0.00000
  -10.0750     0.00000     0.00000     0.00000     0.00000     0.00000     0.00000     0.00000     0.00000     0.00000     0.00000
  -10.0449     0.00000     0.00000     0.00000     0.00000     0.00000     0.00000     0.00000     0.00000     0.00000     0.00000
  -10.0149     0.00000     0.00000     0.00000     0.00000     0.00000     0.00000     0.00000     0.00000     0.00000     0.00000
   -9.9849     0.00000     0.00000     0.00000     0.00000     0.00000     0.00000     0.00000     0.00000     0.00000     0.00000
   -9.9549     0.00000     0.00000     0.00000     0.00000     0.00000     0.00000     0.00000     0.00000     0.00000     0.00000
   -9.9248     0.00000     0.00000     0.00000     0.00000     0.00000     0.00000     0.00000     0.00000     0.00000     0.00000
   -9.8949     0.00000     0.00000     0.00000     0.00000     0.00000     0.00000     0.00000     0.00000     0.00000     0.00000
   -9.8648     0.00000     0.00000     0.00000     0.00000     0.00000     0.00000     0.00000     0.00000     0.00000     0.00000
   -9.8347     0.00000     0.00000     0.00000     0.00000     0.00000     0.00000     0.00000     0.00000     0.00000     0.00000
   -9.8047     0.00000     0.00000     0.00000     0.00000     0.00000     0.00000     0.00000     0.00000     0.00000     0.00000
   -9.7747     0.00000     0.00000     0.00000     0.00000     0.00000     0.00000     0.00000     0.00000     0.00000     0.00000
   -9.7447     0.00000     0.00000     0.00000     0.00000     0.00000     0.00000     0.00000     0.00000     0.00000     0.00000
   -9.7146     0.00000     0.00000     0.00000     0.00000     0.00000     0.00000     0.00000     0.00000     0.00000     0.00000
   -9.6847     0.00000     0.00000     0.00000     0.00000     0.00000     0.00000     0.00000     0.00000     0.00000     0.00000
   -9.6546     0.00000     0.00000     0.00000     0.00000     0.00000     0.00000     0.00000     0.00000     0.00000     0.00000
   -9.6245     0.00000     0.00000     0.00000     0.00000     0.00000     0.00000     0.00000     0.00000     0.00000     0.00000
   -9.5945     0.00000     0.00000     0.00000     0.00000     0.00000     0.00000     0.00000     0.00000     0.00000     0.00000
   -9.5645     0.00000     0.00000     0.00000     0.00000     0.00000     0.00000     0.00000     0.00000     0.00000     0.00000
   -9.5345     0.00000     0.00000     0.00000     0.00000     0.00000     0.00000     0.00000     0.00000     0.00000     0.00000
   -9.5044     0.00000     0.00000     0.00000     0.00000     0.00000     0.00000     0.00000     0.00000     0.00000     0.00000
   -9.4745     0.00000     0.00000     0.00000     0.00000     0.00000     0.00000     0.00000     0.00000     0.00000     0.00000
   -9.4444     0.00000     0.00000     0.00000     0.00000     0.00000     0.00000     0.00000     0.00000     0.00000     0.00000
   -9.4143     0.00000     0.00000     0.00000     0.00000     0.00000     0.00000     0.00000     0.00000     0.00000     0.00000
   -9.3843     0.00000     0.00000     0.00000     0.00000     0.00000     0.00000     0.00000     0.00000     0.00000     0.00000
   -9.3543     0.00000     0.00000     0.00000     0.00000     0.00000     0.00000     0.00000     0.00000     0.00000     0.00000
   -9.3243     0.00000     0.00000     0.00000     0.00000     0.00000     0.00000     0.00000     0.00000     0.00000     0.00000
   -9.2942     0.00000     0.00000     0.00000     0.00000     0.00000     0.00000     0.00000     0.00000     0.00000     0.00000
   -9.2643     0.00000     0.00000     0.00000     0.00000     0.00000     0.00000     0.00000     0.00000     0.00000     0.00000
   -9.2342     0.00000     0.00000     0.00000     0.00000     0.00000     0.00000     0.00000     0.00000     0.00000     0.00000
   -9.2041     0.00000     0.00000     0.00000     0.00000     0.00000     0.00000     0.00000     0.00000     0.00000     0.00000
   -9.1740     0.00000     0.00000     0.00000     0.00000     0.00000     0.00000     0.00000     0.00000     0.00000     0.00000
   -9.1441     0.00000     0.00000     0.00000     0.00000     0.00000     0.00000     0.00000     0.00000     0.00000     0.00000
   -9.1140     0.00000     0.00000     0.00000     0.00000     0.00000     0.00000     0.00000     0.00000     0.00000     0.00000
   -9.0840     0.00000     0.00000     0.00000     0.00000     0.00000     0.00000     0.00000     0.00000     0.00000     0.00000
   -9.0540     0.00000     0.00000     0.00000     0.00000     0.00000     0.00000     0.00000     0.00000     0.00000     0.00000
   -9.0240     0.00000     0.00000     0.00000     0.00000     0.00000     0.00000     0.00000     0.00000     0.00000     0.00000
   -8.9939     0.00000     0.00000     0.00000     0.00000     0.00000     0.00000     0.00000     0.00000     0.00000     0.00000
   -8.9638     0.00000     0.00000     0.00000     0.00000     0.00000     0.00000     0.00000     0.00000     0.00000     0.00000
   -8.9339     0.00000     0.00000     0.00000     0.00000     0.00000     0.00000     0.00000     0.00000     0.00000     0.00000
   -8.9038     0.00000     0.00000     0.00000     0.00000     0.00000     0.00000     0.00000     0.00000     0.00000     0.00000
   -8.8738     0.00000     0.00000     0.00000     0.00000     0.00000     0.00000     0.00000     0.00000     0.00000     0.00000
   -8.8438     0.00000     0.00000     0.00000     0.00000     0.00000     0.00000     0.00000     0.00000     0.00000     0.00000
   -8.8138     0.00000     0.00000     0.00000     0.00000     0.00000     0.00000     0.00000     0.00000     0.00000     0.00000
   -8.7837     0.00000     0.00000     0.00000     0.00000     0.00000     0.00000     0.00000     0.00000     0.00000     0.00000
   -8.7536     0.00000     0.00000     0.00000     0.00000     0.00000     0.00000     0.00000     0.00000     0.00000     0.00000
   -8.7237     0.00000     0.00000     0.00000     0.00000     0.00000     0.00000     0.00000     0.00000     0.00000     0.00000
   -8.6936     0.00000     0.00000     0.00000     0.00000     0.00000     0.00000     0.00000     0.00000     0.00000     0.00000
   -8.6636     0.00000     0.00000     0.00000     0.00000     0.00000     0.00000     0.00000     0.00000     0.00000     0.00000
   -8.6336     0.00000     0.00000     0.00000     0.00000     0.00000     0.00000     0.00000     0.00000     0.00000     0.00000
   -8.6036     0.00000     0.00000     0.00000     0.00000     0.00000     0.00000     0.00000     0.00000     0.00000     0.00000
   -8.5735     0.00000     0.00000     0.00000     0.00000     0.00000     0.00000     0.00000     0.00000     0.00000     0.00000
   -8.5434     0.00000     0.00000     0.00000     0.00000     0.00000     0.00000     0.00000     0.00000     0.00000     0.00000
   -8.5135     0.00000     0.00000     0.00000     0.00000     0.00000     0.00000     0.00000     0.00000     0.00000     0.00000
   -8.4834     0.00000     0.00000     0.00000     0.00000     0.00000     0.00000     0.00000     0.00000     0.00000     0.00000
   -8.4534     0.00000     0.00000     0.00000     0.00000     0.00000     0.00000     0.00000     0.00000     0.00000     0.00000
   -8.4234     0.00000     0.00000     0.00000     0.00000     0.00000     0.00000     0.00000     0.00000     0.00000     0.00000
   -8.3934     0.00000     0.00000     0.00000     0.00000     0.00000     0.00000     0.00000     0.00000     0.00000     0.00000
   -8.3633     0.00000     0.00000     0.00000     0.00000     0.00000     0.00000     0.00000     0.00000     0.00000     0.00000
   -8.3332     0.00000     0.00000     0.00000     0.00000     0.00000     0.00000     0.00000     0.00000     0.00000     0.00000
   -8.3033     0.00000     0.00000     0.00000     0.00000     0.00000     0.00000     0.00000     0.00000     0.00000     0.00000
   -8.2732     0.00000     0.00000     0.00000     0.00000     0.00000     0.00000     0.00000     0.00000     0.00000     0.00000
   -8.2431     0.00000     0.00000     0.00000     0.00000     0.00000     0.00000     0.00000     0.00000     0.00000     0.00000
   -8.2132     0.00000     0.00000     0.00000     0.00000     0.00000     0.00000     0.00000     0.00000     0.00000     0.00000
   -8.1831     0.00000     0.00000     0.00000     0.00000     0.00000     0.00000     0.00000     0.00000     0.00000     0.00000
   -8.1531     0.00000     0.00000     0.00000     0.00000     0.00000     0.00000     0.00000     0.00000     0.00000     0.00000
   -8.1230     0.00000     0.00000     0.00000     0.00000     0.00000     0.00000     0.00000     0.00000     0.00000     0.00000
   -8.0931     0.00000     0.00000     0.00000     0.00000     0.00000     0.00000     0.00000     0.00000     0.00000     0.00000
   -8.0630     0.00000     0.00000     0.00000     0.00000     0.00000     0.00000     0.00000     0.00000     0.00000     0.00000
   -8.0329     0.00000     0.00000     0.00000     0.00000     0.00000     0.00000     0.00000     0.00000     0.00000     0.00000
   -8.0030     0.00000     0.00000     0.00000     0.00000     0.00000     0.00000     0.00000     0.00000     0.00000     0.00000
   -7.9729     0.00000     0.00000     0.00000     0.00000     0.00000     0.00000     0.00000     0.00000     0.00000     0.00000
   -7.9429     0.00000     0.00000     0.00000     0.00000     0.00000     0.00000     0.00000     0.00000     0.00000     0.00000
   -7.9128     0.00000     0.00000     0.00000     0.00000     0.00000     0.00000     0.00000     0.00000     0.00000     0.00000
   -7.8829     0.00000     0.00000     0.00000     0.00000     0.00000     0.00000     0.00000     0.00000     0.00000     0.00000
   -7.8528     0.00000     0.00000     0.00000     0.00000     0.00000     0.00000     0.00000     0.00000     0.00000     0.00000
   -7.8227     0.00000     0.00000     0.00000     0.00000     0.00000     0.00000     0.00000     0.00000     0.00000     0.00000
   -7.7928     0.00000     0.00000     0.00000     0.00000     0.00000     0.00000     0.00000     0.00000     0.00000     0.00000
   -7.7627     0.00000     0.00000     0.00000     0.00000     0.00000     0.00000     0.00000     0.00000     0.00000     0.00000
   -7.7327     0.00000     0.00000     0.00000     0.00000     0.00000     0.00000     0.00000     0.00000     0.00000     0.00000
   -7.7026     0.00000     0.00000     0.00000     0.00000     0.00000     0.00000     0.00000     0.00000     0.00000     0.00000
   -7.6727     0.00000     0.00000     0.00000     0.00000     0.00000     0.00000     0.00000     0.00000     0.00000     0.00000
   -7.6426     0.00000     0.00000     0.00000     0.00000     0.00000     0.00000     0.00000     0.00000     0.00000     0.00000
   -7.6125     0.00000     0.00000     0.00000     0.00000     0.00000     0.00000     0.00000     0.00000     0.00000     0.00000
   -7.5826     0.00000     0.00000     0.00000     0.00000     0.00000     0.00000     0.00000     0.00000     0.00000     0.00000
   -7.5525     0.00000     0.00000     0.00000     0.00000     0.00000     0.00000     0.00000     0.00000     0.00000     0.00000
   -7.5225     0.00000     0.00000     0.00000     0.00000     0.00000     0.00000     0.00000     0.00000     0.00000     0.00000
   -7.4924     0.00000     0.00000     0.00000     0.00000     0.00000     0.00000     0.00000     0.00000     0.00000     0.00000
   -7.4625     0.00000     0.00000     0.00000     0.00000     0.00000     0.00000     0.00000     0.00000     0.00000     0.00000
   -7.4324     0.00000     0.00000     0.00000     0.00000     0.00000     0.00000     0.00000     0.00000     0.00000     0.00000
   -7.4023     0.00000     0.00000     0.00000     0.00000     0.00000     0.00000     0.00000     0.00000     0.00000     0.00000
   -7.3724     0.00000     0.00000     0.00000     0.00000     0.00000     0.00000     0.00000     0.00000     0.00000     0.00000
   -7.3423     0.00000     0.00000     0.00000     0.00000     0.00000     0.00000     0.00000     0.00000     0.00000     0.00000
   -7.3122     0.00000     0.00000     0.00000     0.00000     0.00000     0.00000     0.00000     0.00000     0.00000     0.00000
   -7.2822     0.00000     0.00000     0.00000     0.00000     0.00000     0.00000     0.00000     0.00000     0.00000     0.00000
   -7.2522     0.00000     0.00000     0.00000     0.00000     0.00000     0.00000     0.00000     0.00000     0.00000     0.00000
   -7.2222     0.00000     0.00000     0.00000     0.00000     0.00000     0.00000     0.00000     0.00000     0.00000     0.00000
   -7.1921     0.00000     0.00000     0.00000     0.00000     0.00000     0.00000     0.00000     0.00000     0.00000     0.00000
   -7.1622     0.00000     0.00000     0.00000     0.00000     0.00000     0.00000     0.00000     0.00000     0.00000     0.00000
   -7.1321     0.00000     0.00000     0.00000     0.00000     0.00000     0.00000     0.00000     0.00000     0.00000     0.00000
   -7.1020     0.00000     0.00000     0.00000     0.00000     0.00000     0.00000     0.00000     0.00000     0.00000     0.00000
   -7.0720     0.00000     0.00000     0.00000     0.00000     0.00000     0.00000     0.00000     0.00000     0.00000     0.00000
   -7.0420     0.00000     0.00000     0.00000     0.00000     0.00000     0.00000     0.00000     0.00000     0.00000     0.00000
   -7.0120     0.00000     0.00000     0.00000     0.00000     0.00000     0.00000     0.00000     0.00000     0.00000     0.00000
   -6.9819     0.00000     0.00000     0.00000     0.00000     0.00000     0.00000     0.00000     0.00000     0.00000     0.00000
   -6.9520     0.00000     0.00000     0.00000     0.00000     0.00000     0.00000     0.00000     0.00000     0.00000     0.00000
   -6.9219     0.00000     0.00000     0.00000     0.00000     0.00000     0.00000     0.00000     0.00000     0.00000     0.00000
   -6.8918     0.00000     0.00000     0.00000     0.00000     0.00000     0.00000     0.00000     0.00000     0.00000     0.00000
   -6.8618     0.00000     0.00000     0.00000     0.00000     0.00000     0.00000     0.00000     0.00000     0.00000     0.00000
   -6.8318     0.00000     0.00000     0.00000     0.00000     0.00000     0.00000     0.00000     0.00000     0.00000     0.00000
   -6.8018     0.00000     0.00000     0.00000     0.00000     0.00000     0.00000     0.00000     0.00000     0.00000     0.00000
   -6.7717     0.00000     0.00000     0.00000     0.00000     0.00000     0.00000     0.00000     0.00000     0.00000     0.00000
   -6.7416     0.00000     0.00000     0.00000     0.00000     0.00000     0.00000     0.00000     0.00000     0.00000     0.00000
   -6.7117     0.00000     0.00000     0.00000     0.00000     0.00000     0.00000     0.00000     0.00000     0.00000     0.00000
   -6.6816     0.00000     0.00000     0.00000     0.00000     0.00000     0.00000     0.00000     0.00000     0.00000     0.00000
   -6.6516     0.00000     0.00000     0.00000     0.00000     0.00000     0.00000     0.00000     0.00000     0.00000     0.00000
   -6.6216     0.00000     0.00000     0.00000     0.00000     0.00000     0.00000     0.00000     0.00000     0.00000     0.00000
   -6.5916     0.00000     0.00000     0.00000     0.00000     0.00000     0.00000     0.00000     0.00000     0.00000     0.00000
   -6.5615     0.00000     0.00000     0.00000     0.00000     0.00000     0.00000     0.00000     0.00000     0.00000     0.00000
   -6.5314     0.00000     0.00000     0.00000     0.00000     0.00000     0.00000     0.00000     0.00000     0.00000     0.00000
   -6.5015     0.00000     0.00000     0.00000     0.00000     0.00000     0.00000     0.00000     0.00000     0.00000     0.00000
   -6.4714     0.00000     0.00000     0.00000     0.00000     0.00000     0.00000     0.00000     0.00000     0.00000     0.00000
   -6.4413     0.00000     0.00000     0.00000     0.00000     0.00000     0.00000     0.00000     0.00000     0.00000     0.00000
   -6.4114     0.00000     0.00000     0.00000     0.00000     0.00000     0.00000     0.00000     0.00000     0.00000     0.00000
   -6.3813     0.00000     0.00000     0.00000     0.00000     0.00000     0.00000     0.00000     0.00000     0.00000     0.00000
   -6.3513     0.00574     0.00014     0.19838     0.00005     0.00000     0.00008     0.02427     0.00021     0.00005     0.00006
   -6.3212     0.06310     0.00296     2.87338     0.00067     0.00005     0.00108     0.31892     0.00410     0.00061     0.00084
   -6.2913     0.13209     0.00827     6.35080     0.00144     0.00011     0.00178     0.68868     0.00937     0.00137     0.00180
   -6.2612     0.14011     0.01456     8.46310     0.00173     0.00016     0.00133     0.85030     0.01371     0.00187     0.00231
   -6.2311     0.13213     0.02474    11.69096     0.00204     0.00021     0.00109     1.05922     0.02128     0.00275     0.00309
   -6.2012     0.14241     0.05651    21.94271     0.00295     0.00045     0.00141     1.77332     0.04341     0.00591     0.00546
   -6.1711     0.09636     0.06265    23.19394     0.00277     0.00048     0.00137     1.74493     0.05044     0.00666     0.00555
   -6.1411     0.03800     0.03508    13.71896     0.00167     0.00026     0.00102     0.93318     0.03702     0.00448     0.00304
   -6.1110     0.03894     0.02624    11.00174     0.00141     0.00020     0.00116     0.69260     0.03472     0.00440     0.00217
   -6.0811     0.04500     0.02496    10.54390     0.00133     0.00020     0.00137     0.62722     0.03603     0.00493     0.00186
   -6.0510     0.04731     0.02333    10.04341     0.00121     0.00019     0.00158     0.55473     0.03770     0.00527     0.00154
   -6.0209     0.04724     0.02041     8.66583     0.00102     0.00017     0.00184     0.45699     0.03478     0.00487     0.00119
   -5.9910     0.04984     0.01688     7.05339     0.00083     0.00014     0.00212     0.35783     0.02967     0.00417     0.00086
   -5.9609     0.05828     0.01396     6.73371     0.00078     0.00012     0.00239     0.30493     0.02973     0.00407     0.00066
   -5.9309     0.06376     0.01116     6.71892     0.00074     0.00011     0.00255     0.26284     0.03023     0.00405     0.00053
   -5.9008     0.07152     0.00996     7.82118     0.00078     0.00010     0.00283     0.24931     0.03415     0.00472     0.00049
   -5.8709     0.06787     0.00940     7.69664     0.00068     0.00009     0.00330     0.21573     0.03249     0.00465     0.00044
   -5.8408     0.03302     0.00519     5.86524     0.00030     0.00005     0.00374     0.09730     0.02369     0.00256     0.00039
   -5.8107     0.01796     0.00272    18.98999     0.00024     0.00005     0.00868     0.04203     0.06046     0.00817     0.00140
   -5.7808     0.02628     0.00392    33.87064     0.00040     0.00007     0.01327     0.06045     0.09018     0.01889     0.00241
   -5.7507     0.03425     0.00460    24.87699     0.00039     0.00006     0.01957     0.06801     0.05506     0.01705     0.00176
   -5.7206     0.04153     0.00524     9.72900     0.00037     0.00006     0.02900     0.07495     0.02166     0.00760     0.00075
   -5.6906     0.04355     0.00577     4.68715     0.00038     0.00006     0.03755     0.07669     0.01356     0.00380     0.00045
   -5.6606     0.05080     0.00696     4.63769     0.00045     0.00006     0.04952     0.08812     0.01386     0.00399     0.00047
   -5.6306     0.05608     0.00754     4.56840     0.00051     0.00007     0.05920     0.09516     0.01384     0.00408     0.00049
   -5.6005     0.05693     0.00804     4.43548     0.00054     0.00007     0.06980     0.09374     0.01347     0.00403     0.00051
   -5.5706     0.05657     0.00854     4.36653     0.00055     0.00007     0.08102     0.09078     0.01283     0.00405     0.00054
   -5.5405     0.05373     0.00823     4.10980     0.00054     0.00006     0.08596     0.08446     0.01121     0.00393     0.00053
   -5.5104     0.04340     0.00784     3.66828     0.00045     0.00005     0.08582     0.06727     0.00901     0.00358     0.00050
   -5.4804     0.02486     0.00589     2.53522     0.00027     0.00004     0.06536     0.03822     0.00552     0.00251     0.00035
   -5.4504     0.00839     0.00248     1.01504     0.00010     0.00001     0.02793     0.01287     0.00197     0.00102     0.00014
   -5.4204     0.00154     0.00045     0.18700     0.00002     0.00000     0.00521     0.00238     0.00034     0.00019     0.00003
   -5.3903     0.00010     0.00003     0.01227     0.00000     0.00000     0.00034     0.00016     0.00002     0.00001     0.00000
   -5.3604     0.00000     0.00000     0.00000     0.00000     0.00000     0.00000     0.00000     0.00000     0.00000     0.00000
   -5.3303     0.00000     0.00000     0.00000     0.00000     0.00000     0.00000     0.00000     0.00000     0.00000     0.00000
   -5.3002     0.00000     0.00000     0.00000     0.00000     0.00000     0.00000     0.00000     0.00000     0.00000     0.00000
   -5.2702     0.00002     0.00000     0.00002     0.00000     0.00000     0.00000     0.00005     0.00000     0.00000     0.00000
   -5.2402     0.00020     0.00005     0.00027     0.00000     0.00000     0.00003     0.00055     0.00001     0.00000     0.00000
   -5.2102     0.00075     0.00017     0.00099     0.00000     0.00000     0.00010     0.00202     0.00002     0.00000     0.00000
   -5.1801     0.00173     0.00039     0.00226     0.00001     0.00000     0.00022     0.00463     0.00005     0.00000     0.00000
   -5.1502     0.00312     0.00071     0.00408     0.00002     0.00001     0.00040     0.00838     0.00009     0.00001     0.00000
   -5.1201     0.00494     0.00112     0.00646     0.00003     0.00001     0.00064     0.01327     0.00014     0.00001     0.00000
   -5.0900     0.00719     0.00163     0.00940     0.00004     0.00001     0.00093     0.01930     0.00021     0.00002     0.00000
   -5.0600     0.00985     0.00223     0.01289     0.00005     0.00002     0.00127     0.02646     0.00028     0.00003     0.00001
   -5.0300     0.01295     0.00293     0.01693     0.00007     0.00002     0.00167     0.03476     0.00037     0.00003     0.00001
   -5.0000     0.01646     0.00372     0.02153     0.00009     0.00003     0.00213     0.04420     0.00047     0.00004     0.00001
   -4.9699     0.02165     0.00487     0.02851     0.00012     0.00004     0.00281     0.05799     0.00062     0.00006     0.00001
   -4.9400     0.03225     0.00709     0.04325     0.00018     0.00005     0.00423     0.08548     0.00095     0.00009     0.00002
   -4.9099     0.04598     0.00985     0.06226     0.00026     0.00007     0.00611     0.12048     0.00139     0.00013     0.00002
   -4.8798     0.05768     0.01204     0.07796     0.00034     0.00009     0.00779     0.14960     0.00178     0.00016     0.00003
   -4.8497     0.06743     0.01366     0.09035     0.00041     0.00010     0.00926     0.17292     0.00212     0.00019     0.00004
   -4.8198     0.07678     0.01497     0.10134     0.00047     0.00011     0.01065     0.19416     0.00247     0.00022     0.00004
   -4.7897     0.08696     0.01617     0.11241     0.00055     0.00013     0.01209     0.21621     0.00286     0.00024     0.00004
   -4.7597     0.09809     0.01730     0.12374     0.00064     0.00014     0.01357     0.23941     0.00331     0.00027     0.00005
   -4.7297     0.11019     0.01835     0.13533     0.00073     0.00015     0.01512     0.26376     0.00381     0.00031     0.00005
   -4.6997     0.12325     0.01933     0.14719     0.00083     0.00016     0.01672     0.28926     0.00436     0.00034     0.00006
   -4.6696     0.14381     0.02082     0.16516     0.00100     0.00018     0.01898     0.32912     0.00523     0.00039     0.00007
   -4.6395     0.18655     0.02419     0.20283     0.00133     0.00022     0.02317     0.41286     0.00702     0.00049     0.00008
   -4.6096     0.25187     0.02892     0.26040     0.00184     0.00028     0.02885     0.53856     0.00980     0.00064     0.00011
   -4.5795     0.50080     0.03722     0.45875     0.00381     0.00045     0.03975     0.96736     0.02134     0.00117     0.00017
   -4.5495     0.65945     0.04124     0.59421     0.00508     0.00056     0.04839     1.23475     0.02876     0.00153     0.00021
   -4.5195     0.51278     0.03422     0.50749     0.00389     0.00044     0.04409     0.97150     0.02218     0.00126     0.00017
   -4.4895     0.36789     0.02614     0.42090     0.00270     0.00032     0.03662     0.70487     0.01587     0.00099     0.00012
   -4.4594     0.29579     0.02219     0.37736     0.00211     0.00026     0.03371     0.57293     0.01271     0.00086     0.00009
   -4.4293     0.26015     0.02063     0.35004     0.00184     0.00024     0.03317     0.51036     0.01108     0.00079     0.00008
   -4.3994     0.22496     0.01963     0.31338     0.00158     0.00021     0.03270     0.45162     0.00940     0.00071     0.00007
   -4.3693     0.19475     0.01881     0.27951     0.00137     0.00019     0.03216     0.40148     0.00797     0.00064     0.00007
   -4.3393     0.17871     0.01819     0.26280     0.00125     0.00018     0.03192     0.37399     0.00724     0.00060     0.00007
   -4.3093     0.16829     0.01765     0.25323     0.00118     0.00017     0.03181     0.35552     0.00678     0.00058     0.00006
   -4.2793     0.15834     0.01715     0.24399     0.00110     0.00016     0.03168     0.33793     0.00634     0.00056     0.00006
   -4.2492     0.14884     0.01668     0.23507     0.00103     0.00016     0.03154     0.32121     0.00592     0.00054     0.00005
   -4.2191     0.13980     0.01624     0.22648     0.00097     0.00015     0.03140     0.30537     0.00553     0.00052     0.00005
   -4.1892     0.13106     0.01582     0.21800     0.00090     0.00014     0.03121     0.29009     0.00514     0.00050     0.00005
   -4.1591     0.11909     0.01500     0.20415     0.00081     0.00013     0.03019     0.26773     0.00463     0.00047     0.00005
   -4.1291     0.10404     0.01375     0.18485     0.00070     0.00012     0.02829     0.23836     0.00402     0.00042     0.00004
   -4.0991     0.09153     0.01264     0.16835     0.00061     0.00010     0.02664     0.21370     0.00351     0.00038     0.00004
   -4.0691     0.08351     0.01191     0.15759     0.00055     0.00009     0.02565     0.19788     0.00318     0.00036     0.00003
   -4.0390     0.07873     0.01145     0.15096     0.00052     0.00009     0.02516     0.18846     0.00299     0.00034     0.00003
   -4.0089     0.07529     0.01111     0.14607     0.00050     0.00009     0.02488     0.18178     0.00285     0.00033     0.00003
   -3.9790     0.07244     0.01085     0.14195     0.00048     0.00008     0.02469     0.17636     0.00273     0.00032     0.00003
   -3.9489     0.07017     0.01065     0.13858     0.00046     0.00008     0.02461     0.17218     0.00264     0.00032     0.00003
   -3.9188     0.06834     0.01051     0.13579     0.00045     0.00008     0.02460     0.16896     0.00257     0.00031     0.00003
   -3.8889     0.06669     0.01038     0.13324     0.00044     0.00008     0.02461     0.16613     0.00250     0.00031     0.00003
   -3.8588     0.06509     0.01027     0.13073     0.00043     0.00008     0.02461     0.16338     0.00243     0.00030     0.00002
   -3.8288     0.06352     0.01015     0.12821     0.00042     0.00007     0.02460     0.16067     0.00236     0.00029     0.00002
   -3.7987     0.06194     0.01003     0.12566     0.00041     0.00007     0.02457     0.15794     0.00229     0.00029     0.00002
   -3.7688     0.06034     0.00990     0.12302     0.00040     0.00007     0.02450     0.15514     0.00223     0.00029     0.00002
   -3.7387     0.05873     0.00977     0.12030     0.00039     0.00007     0.02440     0.15227     0.00216     0.00028     0.00002
   -3.7086     0.05710     0.00963     0.11750     0.00038     0.00007     0.02426     0.14932     0.00209     0.00027     0.00002
   -3.6787     0.05544     0.00948     0.11461     0.00037     0.00007     0.02409     0.14629     0.00203     0.00027     0.00002
   -3.6486     0.05377     0.00932     0.11163     0.00036     0.00006     0.02389     0.14318     0.00196     0.00026     0.00002
   -3.6186     0.05207     0.00916     0.10857     0.00035     0.00006     0.02365     0.13999     0.00189     0.00025     0.00002
   -3.5885     0.05036     0.00898     0.10542     0.00034     0.00006     0.02337     0.13672     0.00183     0.00025     0.00002
   -3.5586     0.04862     0.00880     0.10219     0.00033     0.00006     0.02306     0.13337     0.00176     0.00024     0.00002
   -3.5285     0.04687     0.00862     0.09887     0.00032     0.00006     0.02272     0.12995     0.00169     0.00023     0.00002
   -3.4984     0.04511     0.00842     0.09549     0.00031     0.00005     0.02234     0.12645     0.00163     0.00023     0.00002
   -3.4685     0.04340     0.00821     0.09216     0.00030     0.00005     0.02192     0.12293     0.00156     0.00022     0.00002
   -3.4384     0.04175     0.00800     0.08897     0.00029     0.00005     0.02151     0.11951     0.00150     0.00021     0.00002
   -3.4084     0.04018     0.00780     0.08589     0.00028     0.00005     0.02111     0.11623     0.00144     0.00020     0.00002
   -3.3783     0.03866     0.00761     0.08291     0.00026     0.00005     0.02071     0.11304     0.00139     0.00020     0.00002
   -3.3484     0.03681     0.00733     0.07920     0.00025     0.00005     0.02012     0.10891     0.00132     0.00019     0.00002
   -3.3183     0.03455     0.00697     0.07460     0.00024     0.00004     0.01932     0.10363     0.00124     0.00018     0.00001
   -3.2882     0.03238     0.00661     0.07016     0.00023     0.00004     0.01852     0.09851     0.00116     0.00017     0.00001
   -3.2583     0.03051     0.00630     0.06631     0.00022     0.00004     0.01784     0.09410     0.00110     0.00016     0.00001
   -3.2282     0.02892     0.00604     0.06303     0.00021     0.00003     0.01727     0.09040     0.00104     0.00015     0.00001
   -3.1982     0.02763     0.00582     0.06034     0.00020     0.00003     0.01680     0.08741     0.00100     0.00014     0.00001
   -3.1681     0.02663     0.00566     0.05823     0.00019     0.00003     0.01645     0.08513     0.00096     0.00014     0.00001
   -3.1382     0.02591     0.00554     0.05670     0.00019     0.00003     0.01621     0.08354     0.00093     0.00014     0.00001
   -3.1081     0.02541     0.00546     0.05559     0.00019     0.00003     0.01605     0.08249     0.00091     0.00013     0.00001
   -3.0780     0.02506     0.00579     0.05529     0.00019     0.00003     0.01594     0.08422     0.00092     0.00013     0.00001
   -3.0481     0.02503     0.00787     0.05786     0.00020     0.00004     0.01589     0.09728     0.00104     0.00014     0.00001
   -3.0180     0.02552     0.01278     0.06507     0.00024     0.00006     0.01595     0.12870     0.00134     0.00016     0.00001
   -2.9879     0.02656     0.02065     0.07713     0.00029     0.00009     0.01613     0.17938     0.00184     0.00018     0.00002
   -2.9579     0.02821     0.03199     0.09437     0.00037     0.00013     0.01645     0.25246     0.00257     0.00022     0.00002
   -2.9279     0.03073     0.04834     0.11779     0.00050     0.00019     0.01695     0.35768     0.00367     0.00027     0.00003
   -2.8979     0.03429     0.07089     0.14815     0.00070     0.00028     0.01769     0.50249     0.00526     0.00034     0.00004
   -2.8678     0.03815     0.09474     0.17906     0.00092     0.00037     0.01853     0.65608     0.00699     0.00041     0.00005
   -2.8379     0.03946     0.10136     0.18699     0.00101     0.00039     0.01890     0.70176     0.00751     0.00043     0.00006
   -2.8078     0.03846     0.09259     0.17509     0.00097     0.00036     0.01880     0.65074     0.00693     0.00042     0.00005
   -2.7777     0.03769     0.08530     0.16549     0.00094     0.00033     0.01870     0.60873     0.00647     0.00040     0.00005
   -2.7477     0.03731     0.08088     0.15992     0.00093     0.00031     0.01863     0.58442     0.00622     0.00040     0.00005
   -2.7177     0.03708     0.07864     0.15717     0.00092     0.00031     0.01857     0.57299     0.00610     0.00039     0.00004
   -2.6877     0.03687     0.07737     0.15556     0.00093     0.00030     0.01850     0.56725     0.00603     0.00039     0.00004
   -2.6576     0.03667     0.07648     0.15433     0.00093     0.00030     0.01842     0.56390     0.00599     0.00039     0.00004
   -2.6277     0.03649     0.07594     0.15349     0.00094     0.00029     0.01835     0.56298     0.00596     0.00040     0.00004
   -2.5976     0.03631     0.07577     0.15306     0.00096     0.00029     0.01827     0.56456     0.00596     0.00040     0.00004
   -2.5675     0.03614     0.07596     0.15304     0.00098     0.00029     0.01818     0.56863     0.00597     0.00041     0.00004
   -2.5375     0.03595     0.07652     0.15337     0.00100     0.00030     0.01808     0.57512     0.00600     0.00041     0.00004
   -2.5075     0.03572     0.07744     0.15397     0.00103     0.00030     0.01792     0.58392     0.00605     0.00042     0.00004
   -2.4775     0.03596     0.09415     0.16825     0.00130     0.00037     0.01784     0.69904     0.00666     0.00053     0.00005
   -2.4474     0.03574     0.10575     0.17754     0.00150     0.00041     0.01760     0.78084     0.00702     0.00061     0.00006
   -2.4175     0.03447     0.09599     0.16776     0.00139     0.00038     0.01709     0.72013     0.00656     0.00056     0.00005
   -2.3874     0.03315     0.08742     0.15905     0.00130     0.00034     0.01652     0.66757     0.00617     0.00052     0.00005
   -2.3573     0.03184     0.08239     0.15338     0.00126     0.00032     0.01592     0.63870     0.00591     0.00050     0.00004
   -2.3273     0.03061     0.08025     0.15030     0.00126     0.00031     0.01535     0.62920     0.00576     0.00049     0.00004
   -2.2973     0.02957     0.08002     0.14935     0.00129     0.00031     0.01486     0.63290     0.00568     0.00050     0.00004
   -2.2673     0.02875     0.08138     0.15045     0.00135     0.00032     0.01443     0.64764     0.00568     0.00051     0.00004
   -2.2372     0.02817     0.08437     0.15370     0.00142     0.00033     0.01407     0.67377     0.00577     0.00054     0.00004
   -2.2073     0.02770     0.08860     0.15841     0.00151     0.00035     0.01374     0.70786     0.00589     0.00057     0.00005
   -2.1772     0.02719     0.09312     0.16328     0.00159     0.00037     0.01342     0.74297     0.00600     0.00060     0.00005
   -2.1471     0.02665     0.09743     0.16780     0.00167     0.00038     0.01311     0.77626     0.00608     0.00064     0.00005
   -2.1170     0.02615     0.10157     0.17216     0.00175     0.00040     0.01283     0.80843     0.00618     0.00067     0.00005
   -2.0871     0.02569     0.10555     0.17634     0.00183     0.00042     0.01259     0.83948     0.00629     0.00070     0.00006
   -2.0570     0.02527     0.10944     0.18036     0.00191     0.00044     0.01237     0.87045     0.00642     0.00072     0.00006
   -2.0270     0.02487     0.11367     0.18457     0.00202     0.00045     0.01219     0.90570     0.00664     0.00075     0.00006
   -1.9970     0.02451     0.11736     0.18842     0.00213     0.00047     0.01205     0.93900     0.00693     0.00076     0.00006
   -1.9670     0.02416     0.11845     0.18983     0.00218     0.00047     0.01193     0.95338     0.00714     0.00076     0.00006
   -1.9369     0.02379     0.11623     0.18784     0.00218     0.00046     0.01180     0.94314     0.00722     0.00074     0.00006
   -1.9068     0.02342     0.11311     0.18489     0.00216     0.00045     0.01167     0.92594     0.00724     0.00071     0.00006
   -1.8769     0.02306     0.11144     0.18342     0.00216     0.00044     0.01153     0.91904     0.00725     0.00069     0.00006
   -1.8468     0.02269     0.11054     0.18283     0.00218     0.00044     0.01140     0.91780     0.00726     0.00068     0.00006
   -1.8168     0.02233     0.10956     0.18231     0.00219     0.00043     0.01127     0.91607     0.00726     0.00067     0.00006
   -1.7868     0.02196     0.10852     0.18184     0.00220     0.00043     0.01114     0.91385     0.00726     0.00067     0.00006
   -1.7568     0.02158     0.10752     0.18160     0.00221     0.00042     0.01101     0.91210     0.00725     0.00066     0.00006
   -1.7267     0.02118     0.10665     0.18172     0.00222     0.00042     0.01087     0.91170     0.00725     0.00065     0.00005
   -1.6966     0.02078     0.10575     0.18173     0.00223     0.00042     0.01073     0.91068     0.00725     0.00064     0.00005
   -1.6667     0.02039     0.10471     0.18134     0.00223     0.00041     0.01058     0.90782     0.00723     0.00063     0.00005
   -1.6366     0.02001     0.10359     0.18083     0.00223     0.00040     0.01042     0.90431     0.00721     0.00062     0.00005
   -1.6066     0.01964     0.10242     0.18034     0.00223     0.00040     0.01027     0.90072     0.00719     0.00061     0.00005
   -1.5766     0.01925     0.10144     0.18024     0.00224     0.00040     0.01012     0.89945     0.00717     0.00060     0.00005
   -1.5466     0.01882     0.10120     0.18143     0.00227     0.00039     0.00995     0.90603     0.00719     0.00060     0.00005
   -1.5165     0.01834     0.10180     0.18415     0.00234     0.00039     0.00977     0.92186     0.00723     0.00060     0.00005
   -1.4864     0.01782     0.10285     0.18778     0.00242     0.00040     0.00957     0.94306     0.00728     0.00060     0.00005
   -1.4565     0.01732     0.10381     0.19130     0.00250     0.00040     0.00937     0.96324     0.00734     0.00061     0.00005
   -1.4264     0.01683     0.10447     0.19431     0.00256     0.00040     0.00916     0.98014     0.00737     0.00061     0.00005
   -1.3964     0.01632     0.10478     0.19672     0.00262     0.00040     0.00894     0.99380     0.00738     0.00061     0.00005
   -1.3664     0.01576     0.10464     0.19833     0.00266     0.00040     0.00870     1.00319     0.00735     0.00061     0.00005
   -1.3364     0.01520     0.10418     0.19938     0.00270     0.00040     0.00845     1.00946     0.00730     0.00060     0.00005
   -1.3063     0.01463     0.10345     0.19984     0.00273     0.00039     0.00820     1.01255     0.00722     0.00059     0.00005
   -1.2762     0.01407     0.10250     0.19970     0.00274     0.00039     0.00796     1.01239     0.00714     0.00059     0.00005
   -1.2463     0.01353     0.10140     0.19922     0.00275     0.00038     0.00772     1.01021     0.00705     0.00058     0.00005
   -1.2162     0.01299     0.10022     0.19863     0.00276     0.00038     0.00748     1.00728     0.00695     0.00057     0.00005
   -1.1861     0.01245     0.09896     0.19796     0.00276     0.00037     0.00723     1.00376     0.00685     0.00056     0.00005
   -1.1562     0.01191     0.09759     0.19720     0.00276     0.00036     0.00699     0.99953     0.00674     0.00055     0.00004
   -1.1261     0.01127     0.09610     0.19621     0.00276     0.00036     0.00664     0.99451     0.00662     0.00054     0.00004
   -1.0961     0.01010     0.09472     0.19500     0.00277     0.00035     0.00577     0.99132     0.00649     0.00052     0.00004
   -1.0660     0.00892     0.09403     0.19536     0.00280     0.00034     0.00488     0.99703     0.00638     0.00051     0.00004
   -1.0361     0.00826     0.09355     0.19681     0.00285     0.00034     0.00450     1.00572     0.00627     0.00051     0.00004
   -1.0060     0.00773     0.09230     0.19684     0.00287     0.00034     0.00425     1.00580     0.00613     0.00050     0.00004
   -0.9759     0.00722     0.09016     0.19511     0.00286     0.00032     0.00401     0.99592     0.00596     0.00049     0.00004
   -0.9460     0.00674     0.08714     0.19163     0.00282     0.00031     0.00378     0.97606     0.00575     0.00047     0.00004
   -0.9159     0.00630     0.08323     0.18638     0.00275     0.00030     0.00357     0.94618     0.00551     0.00044     0.00004
   -0.8859     0.00587     0.07816     0.17859     0.00263     0.00027     0.00336     0.90243     0.00522     0.00041     0.00003
   -0.8558     0.00547     0.07093     0.16582     0.00242     0.00025     0.00317     0.83192     0.00483     0.00037     0.00003
   -0.8259     0.00507     0.06313     0.15190     0.00219     0.00021     0.00298     0.75460     0.00442     0.00032     0.00003
   -0.7958     0.00468     0.05759     0.14352     0.00204     0.00019     0.00279     0.70544     0.00415     0.00029     0.00002
   -0.7657     0.00433     0.05356     0.13790     0.00195     0.00017     0.00261     0.67232     0.00393     0.00026     0.00002
   -0.7358     0.00403     0.05002     0.13208     0.00186     0.00016     0.00244     0.64085     0.00370     0.00024     0.00002
   -0.7057     0.00375     0.04684     0.12659     0.00178     0.00015     0.00228     0.61195     0.00348     0.00022     0.00002
   -0.6757     0.00349     0.04374     0.12102     0.00170     0.00014     0.00213     0.58282     0.00326     0.00020     0.00002
   -0.6456     0.00324     0.04068     0.11541     0.00162     0.00012     0.00199     0.55357     0.00304     0.00018     0.00002
   -0.6157     0.00302     0.03766     0.10980     0.00154     0.00011     0.00186     0.52434     0.00283     0.00016     0.00001
   -0.5856     0.00282     0.03467     0.10419     0.00146     0.00010     0.00174     0.49513     0.00262     0.00015     0.00001
   -0.5555     0.00264     0.03172     0.09858     0.00138     0.00009     0.00163     0.46595     0.00241     0.00013     0.00001
   -0.5256     0.00248     0.02882     0.09288     0.00130     0.00008     0.00153     0.43642     0.00221     0.00011     0.00001
   -0.4955     0.00231     0.02606     0.08686     0.00121     0.00007     0.00143     0.40593     0.00201     0.00010     0.00001
   -0.4655     0.00213     0.02359     0.08057     0.00112     0.00006     0.00131     0.37511     0.00183     0.00009     0.00001
   -0.4354     0.00193     0.02138     0.07436     0.00103     0.00006     0.00119     0.34524     0.00167     0.00008     0.00001
   -0.4054     0.00174     0.01933     0.06844     0.00095     0.00005     0.00107     0.31698     0.00151     0.00007     0.00001
   -0.3754     0.00154     0.01746     0.06311     0.00088     0.00004     0.00095     0.29151     0.00136     0.00006     0.00001
   -0.3453     0.00134     0.01581     0.05861     0.00081     0.00004     0.00082     0.26994     0.00123     0.00005     0.00001
   -0.3154     0.00113     0.01438     0.05498     0.00076     0.00003     0.00069     0.25248     0.00111     0.00005     0.00001
   -0.2853     0.00092     0.01317     0.05224     0.00072     0.00003     0.00056     0.23916     0.00099     0.00004     0.00001
   -0.2552     0.00069     0.01218     0.05038     0.00070     0.00002     0.00043     0.22995     0.00089     0.00003     0.00000
   -0.2252     0.00047     0.01141     0.04938     0.00068     0.00002     0.00029     0.22483     0.00080     0.00003     0.00000
   -0.1952     0.00025     0.01050     0.04751     0.00066     0.00002     0.00016     0.21578     0.00071     0.00002     0.00000
   -0.1652     0.00010     0.00836     0.03961     0.00055     0.00001     0.00007     0.17928     0.00054     0.00002     0.00000
   -0.1351     0.00003     0.00549     0.02702     0.00037     0.00001     0.00003     0.12182     0.00035     0.00001     0.00000
   -0.1052     0.00002     0.00326     0.01622     0.00022     0.00000     0.00002     0.07304     0.00020     0.00001     0.00000
   -0.0751     0.00001     0.00171     0.00849     0.00012     0.00000     0.00001     0.03821     0.00011     0.00000     0.00000
   -0.0450     0.00000     0.00067     0.00333     0.00004     0.00000     0.00000     0.01499     0.00004     0.00000     0.00000
   -0.0150     0.00000     0.00015     0.00073     0.00001     0.00000     0.00000     0.00326     0.00001     0.00000     0.00000
    0.0150     0.00000     0.00001     0.00003     0.00000     0.00000     0.00000     0.00012     0.00000     0.00000     0.00000
    0.0450     0.00000     0.00000     0.00000     0.00000     0.00000     0.00000     0.00000     0.00000     0.00000     0.00000
    0.0751     0.00000     0.00000     0.00000     0.00000     0.00000     0.00000     0.00000     0.00000     0.00000     0.00000
    0.1052     0.00000     0.00000     0.00000     0.00000     0.00000     0.00000     0.00000     0.00000     0.00000     0.00000
    0.1351     0.00000     0.00000     0.00000     0.00000     0.00000     0.00000     0.00000     0.00000     0.00000     0.00000
    0.1652     0.00000     0.00000     0.00000     0.00000     0.00000     0.00000     0.00000     0.00000     0.00000     0.00000
    0.1952     0.00000     0.00000     0.00000     0.00000     0.00000     0.00000     0.00000     0.00000     0.00000     0.00000
    0.2252     0.00000     0.00000     0.00000     0.00000     0.00000     0.00000     0.00000     0.00000     0.00000     0.00000
    0.2552     0.00000     0.00000     0.00000     0.00000     0.00000     0.00000     0.00000     0.00000     0.00000     0.00000
    0.2853     0.00000     0.00000     0.00000     0.00000     0.00000     0.00000     0.00000     0.00000     0.00000     0.00000
    0.3154     0.00000     0.00000     0.00000     0.00000     0.00000     0.00000     0.00000     0.00000     0.00000     0.00000
    0.3453     0.00000     0.00000     0.00000     0.00000     0.00000     0.00000     0.00000     0.00000     0.00000     0.00000
    0.3754     0.00000     0.00000     0.00000     0.00000     0.00000     0.00000     0.00000     0.00000     0.00000     0.00000
    0.4054     0.00000     0.00000     0.00000     0.00000     0.00000     0.00000     0.00000     0.00000     0.00000     0.00000
    0.4354     0.00000     0.00000     0.00000     0.00000     0.00000     0.00000     0.00000     0.00000     0.00000     0.00000
    0.4655     0.00000     0.00000     0.00000     0.00000     0.00000     0.00000     0.00000     0.00000     0.00000     0.00000
    0.4955     0.00000     0.00000     0.00000     0.00000     0.00000     0.00000     0.00000     0.00000     0.00000     0.00000
    0.5256     0.00000     0.00000     0.00000     0.00000     0.00000     0.00000     0.00000     0.00000     0.00000     0.00000
    0.5555     0.00000     0.00000     0.00000     0.00000     0.00000     0.00000     0.00000     0.00000     0.00000     0.00000
    0.5856     0.00000     0.00000     0.00000     0.00000     0.00000     0.00000     0.00000     0.00000     0.00000     0.00000
    0.6157     0.00000     0.00000     0.00000     0.00000     0.00000     0.00000     0.00000     0.00000     0.00000     0.00000
    0.6456     0.00000     0.00000     0.00000     0.00000     0.00000     0.00000     0.00000     0.00000     0.00000     0.00000
    0.6757     0.00000     0.00000     0.00000     0.00000     0.00000     0.00000     0.00000     0.00000     0.00000     0.00000
    0.7057     0.00000     0.00000     0.00000     0.00000     0.00000     0.00000     0.00000     0.00000     0.00000     0.00000
    0.7358     0.00000     0.00000     0.00000     0.00000     0.00000     0.00000     0.00000     0.00000     0.00000     0.00000
    0.7657     0.00000     0.00000     0.00000     0.00000     0.00000     0.00000     0.00000     0.00000     0.00000     0.00000
    0.7958     0.00000     0.00000     0.00000     0.00000     0.00000     0.00000     0.00000     0.00000     0.00000     0.00000
    0.8259     0.00000     0.00000     0.00000     0.00000     0.00000     0.00000     0.00000     0.00000     0.00000     0.00000
    0.8558     0.00000     0.00000     0.00000     0.00000     0.00000     0.00000     0.00000     0.00000     0.00000     0.00000
    0.8859     0.00000     0.00000     0.00000     0.00000     0.00000     0.00000     0.00000     0.00000     0.00000     0.00000
    0.9159     0.00000     0.00000     0.00000     0.00000     0.00000     0.00000     0.00000     0.00000     0.00000     0.00000
    0.9460     0.00000     0.00000     0.00000     0.00000     0.00000     0.00000     0.00000     0.00000     0.00000     0.00000
    0.9759     0.00000     0.00000     0.00000     0.00000     0.00000     0.00000     0.00000     0.00000     0.00000     0.00000
    1.0060     0.00000     0.00000     0.00000     0.00000     0.00000     0.00000     0.00000     0.00000     0.00000     0.00000
    1.0361     0.00000     0.00000     0.00000     0.00000     0.00000     0.00000     0.00000     0.00000     0.00000     0.00000
    1.0660     0.00000     0.00000     0.00000     0.00000     0.00000     0.00000     0.00000     0.00000     0.00000     0.00000
    1.0961     0.00000     0.00000     0.00000     0.00000     0.00000     0.00000     0.00000     0.00000     0.00000     0.00000
    1.1261     0.00000     0.00000     0.00000     0.00000     0.00000     0.00000     0.00000     0.00000     0.00000     0.00000
    1.1562     0.00000     0.00000     0.00000     0.00000     0.00000     0.00000     0.00000     0.00000     0.00000     0.00000
    1.1861     0.00000     0.00000     0.00000     0.00000     0.00000     0.00000     0.00000     0.00000     0.00000     0.00000
    1.2162     0.00000     0.00000     0.00000     0.00000     0.00000     0.00000     0.00000     0.00000     0.00000     0.00000
    1.2463     0.00000     0.00000     0.00000     0.00000     0.00000     0.00000     0.00000     0.00000     0.00000     0.00000
    1.2762     0.00000     0.00000     0.00000     0.00000     0.00000     0.00000     0.00000     0.00000     0.00000     0.00000
    1.3063     0.00000     0.00000     0.00000     0.00000     0.00000     0.00000     0.00000     0.00000     0.00000     0.00000
    1.3364     0.00000     0.00000     0.00000     0.00000     0.00000     0.00000     0.00000     0.00000     0.00000     0.00000
    1.3664     0.00000     0.00000     0.00000     0.00000     0.00000     0.00000     0.00000     0.00000     0.00000     0.00000
    1.3964     0.00000     0.00000     0.00000     0.00000     0.00000     0.00000     0.00000     0.00000     0.00000     0.00000
    1.4264     0.00000     0.00000     0.00000     0.00000     0.00000     0.00000     0.00000     0.00000     0.00000     0.00000
    1.4565     0.00000     0.00000     0.00000     0.00000     0.00000     0.00000     0.00000     0.00000     0.00000     0.00000
    1.4864     0.00000     0.00000     0.00000     0.00000     0.00000     0.00000     0.00000     0.00000     0.00000     0.00000
    1.5165     0.00000     0.00000     0.00000     0.00000     0.00000     0.00000     0.00000     0.00000     0.00000     0.00000
    1.5466     0.00000     0.00000     0.00000     0.00000     0.00000     0.00000     0.00000     0.00000     0.00000     0.00000
    1.5766     0.00000     0.00000     0.00000     0.00000     0.00000     0.00000     0.00000     0.00000     0.00000     0.00000
    1.6066     0.00000     0.00000     0.00000     0.00000     0.00000     0.00000     0.00000     0.00000     0.00000     0.00000
    1.6366     0.00000     0.00000     0.00000     0.00000     0.00000     0.00000     0.00000     0.00000     0.00000     0.00000
    1.6667     0.00000     0.00000     0.00000     0.00000     0.00000     0.00000     0.00000     0.00000     0.00000     0.00000
    1.6966     0.00000     0.00000     0.00000     0.00000     0.00000     0.00000     0.00000     0.00000     0.00000     0.00000
    1.7267     0.00000     0.00000     0.00000     0.00000     0.00000     0.00000     0.00000     0.00000     0.00000     0.00000
    1.7568     0.00000     0.00000     0.00000     0.00000     0.00000     0.00000     0.00000     0.00000     0.00000     0.00000
    1.7868     0.00000     0.00000     0.00000     0.00000     0.00000     0.00000     0.00000     0.00000     0.00000     0.00000
    1.8168     0.00000     0.00000     0.00000     0.00000     0.00000     0.00000     0.00000     0.00000     0.00000     0.00000
    1.8468     0.00000     0.00000     0.00000     0.00000     0.00000     0.00000     0.00000     0.00000     0.00000     0.00000
    1.8769     0.00000     0.00000     0.00000     0.00000     0.00000     0.00000     0.00000     0.00000     0.00000     0.00000
    1.9068     0.00000     0.00000     0.00000     0.00000     0.00000     0.00000     0.00000     0.00000     0.00000     0.00000
    1.9369     0.00000     0.00000     0.00000     0.00000     0.00000     0.00000     0.00000     0.00000     0.00000     0.00000
    1.9670     0.00000     0.00000     0.00000     0.00000     0.00000     0.00000     0.00000     0.00000     0.00000     0.00000
    1.9970     0.00000     0.00000     0.00000     0.00000     0.00000     0.00000     0.00000     0.00000     0.00000     0.00000
    2.0270     0.00000     0.00000     0.00000     0.00000     0.00000     0.00000     0.00000     0.00000     0.00000     0.00000
    2.0570     0.00000     0.00000     0.00000     0.00000     0.00000     0.00000     0.00000     0.00000     0.00000     0.00000
    2.0871     0.00000     0.00000     0.00000     0.00000     0.00000     0.00000     0.00000     0.00000     0.00000     0.00000
    2.1170     0.00001     0.00000     0.00000     0.00000     0.00000     0.00001     0.00000     0.00000     0.00000     0.00000
    2.1471     0.00003     0.00000     0.00000     0.00000     0.00000     0.00004     0.00002     0.00000     0.00000     0.00000
    2.1772     0.00008     0.00000     0.00000     0.00000     0.00000     0.00009     0.00004     0.00000     0.00000     0.00000
    2.2073     0.00014     0.00001     0.00000     0.00000     0.00000     0.00016     0.00008     0.00000     0.00000     0.00000
    2.2372     0.00023     0.00001     0.00000     0.00000     0.00000     0.00026     0.00013     0.00000     0.00000     0.00000
    2.2673     0.00034     0.00002     0.00001     0.00001     0.00000     0.00037     0.00019     0.00000     0.00000     0.00000
    2.2973     0.00047     0.00002     0.00001     0.00001     0.00000     0.00052     0.00026     0.00001     0.00000     0.00000
    2.3273     0.00061     0.00003     0.00001     0.00001     0.00000     0.00068     0.00035     0.00001     0.00000     0.00000
    2.3573     0.00078     0.00004     0.00002     0.00002     0.00000     0.00087     0.00045     0.00001     0.00000     0.00000
    2.3874     0.00098     0.00004     0.00002     0.00002     0.00000     0.00109     0.00056     0.00002     0.00000     0.00000
    2.4175     0.00119     0.00005     0.00002     0.00002     0.00000     0.00132     0.00068     0.00002     0.00001     0.00000
    2.4474     0.00142     0.00006     0.00003     0.00003     0.00000     0.00158     0.00081     0.00002     0.00001     0.00000
    2.4775     0.00167     0.00007     0.00004     0.00004     0.00000     0.00186     0.00095     0.00003     0.00001     0.00000
    2.5075     0.00195     0.00009     0.00004     0.00004     0.00000     0.00217     0.00111     0.00003     0.00001     0.00000
    2.5375     0.00224     0.00010     0.00005     0.00005     0.00000     0.00250     0.00128     0.00004     0.00001     0.00000
    2.5675     0.00256     0.00011     0.00005     0.00006     0.00000     0.00285     0.00146     0.00004     0.00001     0.00000
    2.5976     0.00290     0.00013     0.00006     0.00006     0.00000     0.00323     0.00165     0.00005     0.00001     0.00000
    2.6277     0.00326     0.00015     0.00007     0.00007     0.00000     0.00362     0.00186     0.00005     0.00002     0.00000
    2.6576     0.00364     0.00016     0.00007     0.00008     0.00000     0.00405     0.00207     0.00006     0.00002     0.00000
    2.6877     0.00404     0.00018     0.00009     0.00009     0.00000     0.00449     0.00230     0.00006     0.00002     0.00000
    2.7177     0.00446     0.00020     0.00009     0.00010     0.00000     0.00496     0.00254     0.00007     0.00002     0.00000
    2.7477     0.00490     0.00022     0.00010     0.00011     0.00000     0.00545     0.00280     0.00008     0.00002     0.00000
    2.7777     0.00536     0.00024     0.00011     0.00012     0.00000     0.00597     0.00306     0.00009     0.00003     0.00000
    2.8078     0.00585     0.00026     0.00012     0.00013     0.00000     0.00650     0.00334     0.00010     0.00003     0.00000
    2.8379     0.00635     0.00029     0.00013     0.00014     0.00000     0.00707     0.00362     0.00010     0.00003     0.00000
    2.8678     0.00688     0.00031     0.00015     0.00015     0.00001     0.00765     0.00392     0.00011     0.00003     0.00000
    2.8979     0.00742     0.00034     0.00016     0.00016     0.00001     0.00825     0.00425     0.00012     0.00004     0.00000
    2.9279     0.00799     0.00039     0.00017     0.00017     0.00001     0.00881     0.00477     0.00015     0.00004     0.00000
    2.9579     0.00859     0.00047     0.00019     0.00019     0.00001     0.00932     0.00555     0.00019     0.00004     0.00000
    2.9879     0.00923     0.00057     0.00021     0.00020     0.00001     0.00984     0.00640     0.00025     0.00005     0.00000
    3.0180     0.00993     0.00067     0.00023     0.00022     0.00001     0.01041     0.00727     0.00032     0.00005     0.00000
    3.0481     0.01068     0.00078     0.00025     0.00024     0.00001     0.01102     0.00816     0.00039     0.00006     0.00000
    3.0780     0.01149     0.00090     0.00027     0.00025     0.00001     0.01168     0.00907     0.00047     0.00006     0.00000
    3.1081     0.01234     0.00102     0.00030     0.00028     0.00001     0.01238     0.01000     0.00056     0.00007     0.00000
    3.1382     0.01325     0.00114     0.00032     0.00030     0.00001     0.01312     0.01094     0.00065     0.00008     0.00000
    3.1681     0.01421     0.00127     0.00035     0.00032     0.00001     0.01390     0.01191     0.00076     0.00008     0.00000
    3.1982     0.01522     0.00141     0.00037     0.00034     0.00002     0.01472     0.01289     0.00087     0.00009     0.00000
    3.2282     0.01628     0.00155     0.00040     0.00036     0.00002     0.01559     0.01390     0.00098     0.00009     0.00000
    3.2583     0.01739     0.00170     0.00042     0.00038     0.00002     0.01651     0.01492     0.00110     0.00010     0.00000
    3.2882     0.01858     0.00185     0.00045     0.00041     0.00002     0.01747     0.01597     0.00124     0.00011     0.00000
    3.3183     0.02014     0.00205     0.00050     0.00044     0.00002     0.01862     0.01717     0.00148     0.00012     0.00000
    3.3484     0.02253     0.00237     0.00060     0.00048     0.00002     0.02018     0.01868     0.00196     0.00014     0.00000
    3.3783     0.02593     0.00281     0.00076     0.00053     0.00003     0.02223     0.02059     0.00273     0.00016     0.00000
    3.4084     0.03029     0.00340     0.00096     0.00059     0.00003     0.02479     0.02293     0.00376     0.00018     0.00000
    3.4384     0.03558     0.00421     0.00125     0.00066     0.00003     0.02790     0.02576     0.00510     0.00021     0.00001
    3.4685     0.04170     0.00535     0.00170     0.00075     0.00004     0.03156     0.02905     0.00683     0.00025     0.00001
    3.4984     0.04826     0.00683     0.00232     0.00084     0.00004     0.03552     0.03262     0.00893     0.00030     0.00001
    3.5285     0.05490     0.00858     0.00310     0.00093     0.00005     0.03957     0.03631     0.01130     0.00034     0.00001
    3.5586     0.06159     0.01059     0.00405     0.00103     0.00005     0.04368     0.04011     0.01395     0.00039     0.00001
    3.5885     0.06832     0.01288     0.00515     0.00112     0.00006     0.04785     0.04400     0.01688     0.00044     0.00001
    3.6186     0.07510     0.01544     0.00642     0.00122     0.00006     0.05207     0.04800     0.02008     0.00050     0.00001
    3.6486     0.08191     0.01827     0.00785     0.00131     0.00007     0.05636     0.05210     0.02355     0.00055     0.00001
    3.6787     0.08878     0.02137     0.00945     0.00141     0.00007     0.06070     0.05630     0.02730     0.00061     0.00002
    3.7086     0.09566     0.02467     0.01116     0.00150     0.00008     0.06506     0.06060     0.03125     0.00067     0.00002
    3.7387     0.10238     0.02760     0.01265     0.00160     0.00008     0.06909     0.06500     0.03488     0.00072     0.00002
    3.7688     0.10873     0.02944     0.01346     0.00169     0.00009     0.07237     0.06950     0.03748     0.00077     0.00002
    3.7987     0.11486     0.03040     0.01372     0.00178     0.00009     0.07503     0.07413     0.03929     0.00082     0.00002
    3.8288     0.12132     0.03191     0.01433     0.00187     0.00010     0.07790     0.07890     0.04175     0.00088     0.00002
    3.8588     0.12813     0.03423     0.01546     0.00197     0.00010     0.08116     0.08379     0.04506     0.00093     0.00002
    3.8889     0.13493     0.03658     0.01661     0.00206     0.00011     0.08435     0.08879     0.04845     0.00100     0.00002
    3.9188     0.14171     0.03892     0.01778     0.00216     0.00012     0.08744     0.09389     0.05186     0.00105     0.00002
    3.9489     0.14846     0.04125     0.01896     0.00225     0.00012     0.09043     0.09908     0.05529     0.00111     0.00003
    3.9790     0.15487     0.04353     0.02013     0.00234     0.00012     0.09311     0.10448     0.05868     0.00117     0.00003
    4.0089     0.15913     0.04566     0.02130     0.00240     0.00013     0.09412     0.11100     0.06170     0.00123     0.00003
    4.0390     0.16249     0.04782     0.02265     0.00246     0.00014     0.09383     0.11970     0.06488     0.00129     0.00003
    4.0691     0.16807     0.05038     0.02437     0.00255     0.00015     0.09401     0.13070     0.06908     0.00138     0.00003
    4.0991     0.17591     0.05339     0.02637     0.00266     0.00016     0.09517     0.14254     0.07420     0.00147     0.00003
    4.1291     0.18556     0.05686     0.02847     0.00278     0.00017     0.09764     0.15344     0.08000     0.00157     0.00004
    4.1591     0.19633     0.06073     0.03069     0.00291     0.00018     0.10097     0.16303     0.08637     0.00167     0.00004
    4.1892     0.20750     0.06484     0.03305     0.00303     0.00019     0.10441     0.17209     0.09320     0.00178     0.00004
    4.2191     0.21895     0.06912     0.03558     0.00316     0.00020     0.10779     0.18129     0.10042     0.00189     0.00005
    4.2492     0.23070     0.07358     0.03827     0.00328     0.00021     0.11113     0.19070     0.10801     0.00200     0.00005
    4.2793     0.24276     0.07821     0.04113     0.00340     0.00022     0.11443     0.20031     0.11598     0.00212     0.00006
    4.3093     0.25513     0.08284     0.04406     0.00352     0.00023     0.11766     0.21034     0.12413     0.00223     0.00006
    4.3393     0.26680     0.08637     0.04647     0.00363     0.00024     0.12023     0.22065     0.13115     0.00234     0.00006
    4.3693     0.27639     0.08833     0.04819     0.00372     0.00025     0.12145     0.22982     0.13641     0.00243     0.00007
    4.3994     0.28360     0.08929     0.04958     0.00376     0.00025     0.12126     0.23671     0.14057     0.00249     0.00007
    4.4293     0.28855     0.08936     0.05069     0.00375     0.00026     0.11972     0.24131     0.14378     0.00252     0.00007
    4.4594     0.29122     0.08854     0.05154     0.00370     0.00025     0.11683     0.24363     0.14602     0.00254     0.00007
    4.4895     0.29185     0.08693     0.05213     0.00361     0.00025     0.11275     0.24394     0.14740     0.00253     0.00007
    4.5195     0.29148     0.08492     0.05260     0.00351     0.00025     0.10813     0.24347     0.14830     0.00252     0.00007
    4.5495     0.29109     0.08290     0.05304     0.00341     0.00024     0.10363     0.24335     0.14913     0.00250     0.00007
    4.5795     0.29128     0.08106     0.05350     0.00333     0.00024     0.09948     0.24412     0.15012     0.00249     0.00007
    4.6096     0.29213     0.07945     0.05401     0.00326     0.00024     0.09570     0.24587     0.15137     0.00249     0.00007
    4.6395     0.29303     0.07802     0.05447     0.00321     0.00024     0.09220     0.24845     0.15258     0.00249     0.00007
    4.6696     0.29315     0.07676     0.05470     0.00317     0.00024     0.08893     0.25159     0.15334     0.00250     0.00008
    4.6997     0.29231     0.07563     0.05470     0.00315     0.00024     0.08586     0.25483     0.15356     0.00251     0.00008
    4.7297     0.29102     0.07465     0.05459     0.00314     0.00024     0.08302     0.25820     0.15350     0.00252     0.00008
    4.7597     0.29080     0.07396     0.05443     0.00315     0.00024     0.08072     0.26288     0.15364     0.00255     0.00008
    4.7897     0.29345     0.07378     0.05433     0.00319     0.00025     0.07935     0.27030     0.15454     0.00260     0.00008
    4.8198     0.29523     0.07356     0.05407     0.00323     0.00026     0.07757     0.27686     0.15517     0.00265     0.00008
    4.8497     0.28814     0.07392     0.05568     0.00314     0.00025     0.07119     0.27745     0.15741     0.00265     0.00008
    4.8798     0.26808     0.07202     0.05599     0.00293     0.00023     0.06193     0.26608     0.15456     0.00252     0.00008
    4.9099     0.23788     0.06554     0.05139     0.00266     0.00021     0.05334     0.24169     0.14087     0.00225     0.00007
    4.9400     0.20605     0.05821     0.04553     0.00238     0.00019     0.04511     0.21431     0.12483     0.00197     0.00006
    4.9699     0.17865     0.05343     0.04055     0.00217     0.00017     0.03823     0.19180     0.11215     0.00174     0.00005
    5.0000     0.15492     0.04917     0.03625     0.00198     0.00015     0.03214     0.17204     0.10120     0.00154     0.00005
    5.0300     0.13387     0.04389     0.03233     0.00178     0.00013     0.02639     0.15322     0.09047     0.00134     0.00004
    5.0600     0.11607     0.03948     0.02894     0.00161     0.00012     0.02153     0.13725     0.08138     0.00117     0.00004
    5.0900     0.10152     0.03594     0.02608     0.00148     0.00011     0.01755     0.12414     0.07393     0.00103     0.00003
    5.1201     0.09023     0.03328     0.02374     0.00137     0.00010     0.01446     0.11388     0.06813     0.00093     0.00003
    5.1502     0.08219     0.03149     0.02194     0.00130     0.00010     0.01226     0.10647     0.06398     0.00086     0.00003
    5.1801     0.07739     0.03057     0.02067     0.00127     0.00009     0.01095     0.10191     0.06146     0.00082     0.00003
    5.2102     0.07517     0.03035     0.01983     0.00126     0.00009     0.01034     0.09964     0.06026     0.00080     0.00003
    5.2402     0.07405     0.03045     0.01919     0.00126     0.00009     0.01002     0.09844     0.05967     0.00080     0.00003
    5.2702     0.07313     0.03066     0.01863     0.00126     0.00009     0.00977     0.09755     0.05926     0.00080     0.00003
    5.3002     0.07235     0.03095     0.01814     0.00127     0.00009     0.00955     0.09694     0.05898     0.00080     0.00003
    5.3303     0.07172     0.03132     0.01771     0.00129     0.00009     0.00936     0.09659     0.05886     0.00081     0.00003
    5.3604     0.07123     0.03178     0.01734     0.00130     0.00010     0.00922     0.09651     0.05888     0.00082     0.00003
    5.3903     0.07088     0.03233     0.01705     0.00132     0.00010     0.00911     0.09671     0.05905     0.00082     0.00003
    5.4204     0.07068     0.03308     0.01682     0.00135     0.00010     0.00905     0.09723     0.05948     0.00084     0.00003
    5.4504     0.07062     0.03424     0.01670     0.00138     0.00010     0.00906     0.09814     0.06032     0.00085     0.00003
    5.4804     0.07071     0.03589     0.01668     0.00142     0.00011     0.00914     0.09949     0.06166     0.00088     0.00003
    5.5104     0.07093     0.03803     0.01677     0.00148     0.00011     0.00929     0.10127     0.06349     0.00091     0.00003
    5.5405     0.07131     0.04071     0.01695     0.00155     0.00011     0.00952     0.10348     0.06585     0.00095     0.00003
    5.5706     0.07186     0.04416     0.01721     0.00163     0.00012     0.00979     0.10607     0.06892     0.00101     0.00003
    5.6005     0.07255     0.04781     0.01751     0.00171     0.00012     0.01005     0.10884     0.07223     0.00106     0.00004
    5.6306     0.07329     0.05080     0.01781     0.00179     0.00013     0.01024     0.11164     0.07508     0.00111     0.00004
    5.6606     0.07407     0.05302     0.01813     0.00185     0.00013     0.01039     0.11445     0.07739     0.00115     0.00004
    5.6906     0.07490     0.05479     0.01848     0.00191     0.00014     0.01051     0.11736     0.07939     0.00118     0.00004
    5.7206     0.07580     0.05648     0.01886     0.00198     0.00014     0.01063     0.12042     0.08138     0.00120     0.00004
    5.7507     0.07673     0.05819     0.01925     0.00204     0.00015     0.01076     0.12360     0.08341     0.00123     0.00004
    5.7808     0.07768     0.05993     0.01965     0.00210     0.00015     0.01090     0.12687     0.08547     0.00126     0.00004
    5.8107     0.07864     0.06169     0.02006     0.00217     0.00015     0.01104     0.13023     0.08756     0.00129     0.00004
    5.8408     0.07963     0.06347     0.02047     0.00224     0.00016     0.01118     0.13368     0.08968     0.00132     0.00005
    5.8709     0.08063     0.06528     0.02089     0.00231     0.00016     0.01133     0.13723     0.09184     0.00135     0.00005
    5.9008     0.08166     0.06711     0.02131     0.00239     0.00016     0.01148     0.14087     0.09402     0.00138     0.00005
    5.9309     0.10926     0.08187     0.03109     0.00351     0.00022     0.01425     0.21061     0.12434     0.00173     0.00007
    5.9609     0.19340     0.12295     0.05973     0.00683     0.00040     0.02205     0.42080     0.21308     0.00273     0.00012
    5.9910     0.22775     0.14000     0.07075     0.00830     0.00049     0.02465     0.51273     0.24994     0.00311     0.00015
    6.0209     0.19402     0.13132     0.06140     0.00735     0.00044     0.02181     0.44463     0.22379     0.00280     0.00013
    6.0510     0.17301     0.13436     0.05898     0.00703     0.00041     0.02121     0.41094     0.21736     0.00275     0.00013
    6.0811     0.15394     0.13725     0.05680     0.00673     0.00039     0.02064     0.38021     0.21167     0.00270     0.00013
    6.1110     0.13652     0.13957     0.05473     0.00644     0.00037     0.02007     0.35171     0.20616     0.00266     0.00012
    6.1411     0.12067     0.14100     0.05275     0.00616     0.00035     0.01946     0.32526     0.20057     0.00261     0.00012
    6.1711     0.10637     0.14147     0.05086     0.00588     0.00033     0.01882     0.30079     0.19482     0.00256     0.00012
    6.2012     0.09360     0.14098     0.04906     0.00561     0.00032     0.01814     0.27833     0.18890     0.00249     0.00012
    6.2311     0.08237     0.13953     0.04735     0.00534     0.00030     0.01742     0.25785     0.18281     0.00243     0.00011
    6.2612     0.07269     0.13691     0.04572     0.00508     0.00029     0.01666     0.23939     0.17641     0.00235     0.00011
    6.2913     0.06447     0.13188     0.04418     0.00482     0.00027     0.01587     0.22299     0.16875     0.00225     0.00011
    6.3212     0.05757     0.12591     0.04275     0.00457     0.00025     0.01509     0.20875     0.16094     0.00215     0.00010
    6.3513     0.05190     0.12187     0.04134     0.00435     0.00024     0.01432     0.19633     0.15505     0.00207     0.00010
    6.3813     0.04715     0.11913     0.03947     0.00413     0.00024     0.01349     0.18426     0.14996     0.00199     0.00010
    6.4114     0.04297     0.11625     0.03702     0.00389     0.00023     0.01261     0.17190     0.14417     0.00190     0.00010
    6.4413     0.03885     0.11261     0.03410     0.00361     0.00022     0.01169     0.15827     0.13706     0.00180     0.00010
    6.4714     0.03396     0.10845     0.03066     0.00323     0.00020     0.01062     0.14018     0.12847     0.00169     0.00009
    6.5015     0.02868     0.10518     0.02733     0.00281     0.00019     0.00950     0.12013     0.12042     0.00159     0.00009
    6.5314     0.02391     0.10363     0.02454     0.00244     0.00018     0.00849     0.10246     0.11452     0.00151     0.00009
    6.5615     0.01970     0.10304     0.02204     0.00213     0.00017     0.00754     0.08696     0.10989     0.00144     0.00009
    6.5916     0.01606     0.10273     0.01956     0.00185     0.00016     0.00660     0.07325     0.10571     0.00137     0.00008
    6.6216     0.01299     0.10206     0.01707     0.00160     0.00016     0.00565     0.06133     0.10147     0.00130     0.00008
    6.6516     0.01045     0.09993     0.01460     0.00137     0.00015     0.00470     0.05110     0.09635     0.00122     0.00008
    6.6816     0.00824     0.09657     0.01231     0.00118     0.00014     0.00370     0.04251     0.09071     0.00114     0.00007
    6.7117     0.00678     0.09481     0.01080     0.00108     0.00013     0.00304     0.03769     0.08737     0.00110     0.00007
    6.7416     0.00600     0.09469     0.00993     0.00105     0.00013     0.00273     0.03588     0.08607     0.00109     0.00007
    6.7717     0.00524     0.09400     0.00906     0.00102     0.00013     0.00243     0.03407     0.08438     0.00108     0.00007
    6.8018     0.00446     0.09265     0.00818     0.00098     0.00012     0.00211     0.03208     0.08216     0.00107     0.00006
    6.8318     0.00365     0.09101     0.00727     0.00095     0.00012     0.00177     0.02994     0.07973     0.00105     0.00006
    6.8618     0.00281     0.08969     0.00638     0.00091     0.00011     0.00142     0.02770     0.07756     0.00104     0.00006
    6.8918     0.00194     0.08897     0.00551     0.00088     0.00011     0.00104     0.02540     0.07592     0.00104     0.00006
    6.9219     0.00111     0.09006     0.00493     0.00087     0.00011     0.00068     0.02358     0.07609     0.00106     0.00005
    6.9520     0.00053     0.09522     0.00511     0.00089     0.00012     0.00043     0.02349     0.08055     0.00113     0.00006
    6.9819     0.00035     0.10678     0.00641     0.00100     0.00013     0.00042     0.02643     0.09159     0.00128     0.00007
    7.0120     0.00050     0.12481     0.00873     0.00118     0.00016     0.00064     0.03255     0.10913     0.00151     0.00008
    7.0420     0.00078     0.14538     0.01147     0.00141     0.00019     0.00097     0.04039     0.12930     0.00177     0.00010
    7.0720     0.00113     0.16561     0.01425     0.00167     0.00023     0.00135     0.04888     0.14934     0.00203     0.00012
    7.1020     0.00152     0.18544     0.01705     0.00194     0.00026     0.00176     0.05801     0.16919     0.00230     0.00014
    7.1321     0.00203     0.20517     0.01996     0.00224     0.00029     0.00227     0.06810     0.18923     0.00256     0.00015
    7.1622     0.01037     0.28744     0.03730     0.00425     0.00045     0.01183     0.13362     0.28209     0.00385     0.00023
    7.1921     0.02337     0.40903     0.06354     0.00725     0.00069     0.02670     0.23359     0.41970     0.00579     0.00033
    7.2222     0.02645     0.43133     0.06928     0.00788     0.00075     0.02936     0.25797     0.44696     0.00613     0.00037
    7.2522     0.02224     0.37523     0.05989     0.00685     0.00064     0.02330     0.22573     0.39002     0.00525     0.00033
    7.2822     0.01875     0.32961     0.05302     0.00612     0.00056     0.01867     0.20134     0.34539     0.00458     0.00029
    7.3122     0.01817     0.30928     0.05120     0.00594     0.00052     0.01749     0.19590     0.32806     0.00432     0.00028
    7.3423     0.01934     0.29943     0.05135     0.00601     0.00052     0.01825     0.19901     0.32161     0.00424     0.00028
    7.3724     0.02041     0.28557     0.05042     0.00601     0.00050     0.01894     0.19939     0.31013     0.00412     0.00027
    7.4023     0.02129     0.26923     0.04852     0.00595     0.00048     0.01949     0.19724     0.29493     0.00398     0.00026
    7.4324     0.02171     0.25109     0.04589     0.00582     0.00045     0.01993     0.19218     0.27677     0.00383     0.00024
    7.4625     0.02165     0.23304     0.04318     0.00566     0.00043     0.02039     0.18530     0.25813     0.00367     0.00022
    7.4924     0.02156     0.21845     0.04105     0.00553     0.00040     0.02099     0.17959     0.24299     0.00355     0.00021
    7.5225     0.02162     0.20807     0.03963     0.00546     0.00039     0.02177     0.17595     0.23222     0.00349     0.00020
    7.5525     0.02183     0.20202     0.03891     0.00546     0.00038     0.02273     0.17439     0.22593     0.00349     0.00019
    7.5826     0.02216     0.19977     0.03879     0.00550     0.00038     0.02383     0.17458     0.22354     0.00353     0.00019
    7.6125     0.02255     0.19957     0.03898     0.00557     0.00038     0.02504     0.17564     0.22320     0.00361     0.00019
    7.6426     0.02296     0.20019     0.03930     0.00565     0.00038     0.02632     0.17699     0.22369     0.00369     0.00019
    7.6727     0.02338     0.20146     0.03972     0.00575     0.00039     0.02767     0.17858     0.22483     0.00378     0.00019
    7.7026     0.02383     0.20323     0.04024     0.00585     0.00039     0.02909     0.18037     0.22648     0.00389     0.00019
    7.7327     0.02429     0.20545     0.04085     0.00595     0.00040     0.03058     0.18237     0.22859     0.00400     0.00019
    7.7627     0.02476     0.20813     0.04155     0.00607     0.00040     0.03215     0.18457     0.23116     0.00412     0.00019
    7.7928     0.02524     0.21119     0.04232     0.00619     0.00041     0.03377     0.18691     0.23410     0.00425     0.00019
    7.8227     0.02542     0.21311     0.04285     0.00627     0.00042     0.03512     0.18802     0.23568     0.00435     0.00020
    7.8528     0.02449     0.20819     0.04203     0.00614     0.00041     0.03457     0.18424     0.23004     0.00428     0.00019
    7.8829     0.02162     0.18424     0.03765     0.00546     0.00037     0.02778     0.17137     0.20631     0.00371     0.00017
    7.9128     0.01924     0.16260     0.03368     0.00486     0.00035     0.02142     0.16067     0.18513     0.00319     0.00016
    7.9429     0.01855     0.15717     0.03269     0.00472     0.00034     0.02032     0.15781     0.17926     0.00310     0.00015
    7.9729     0.01794     0.15226     0.03180     0.00460     0.00033     0.01942     0.15523     0.17384     0.00302     0.00015
    8.0030     0.01737     0.14739     0.03089     0.00447     0.00033     0.01859     0.15270     0.16842     0.00295     0.00014
    8.0329     0.01679     0.14188     0.02980     0.00434     0.00032     0.01766     0.14982     0.16214     0.00286     0.00014
    8.0630     0.01616     0.13502     0.02833     0.00417     0.00031     0.01646     0.14620     0.15416     0.00274     0.00013
    8.0931     0.01551     0.12758     0.02672     0.00398     0.00030     0.01515     0.14228     0.14551     0.00261     0.00013
    8.1230     0.01499     0.12158     0.02558     0.00384     0.00030     0.01421     0.13945     0.13877     0.00251     0.00012
    8.1531     0.01463     0.11732     0.02497     0.00375     0.00029     0.01368     0.13797     0.13427     0.00244     0.00012
    8.1831     0.01436     0.11381     0.02453     0.00367     0.00029     0.01326     0.13710     0.13064     0.00238     0.00011
    8.2132     0.01413     0.11085     0.02419     0.00361     0.00029     0.01288     0.13666     0.12761     0.00234     0.00011
    8.2431     0.01395     0.10844     0.02396     0.00357     0.00029     0.01255     0.13669     0.12519     0.00230     0.00011
    8.2732     0.01384     0.10659     0.02385     0.00354     0.00030     0.01228     0.13738     0.12338     0.00227     0.00011
    8.3033     0.01379     0.10528     0.02386     0.00352     0.00030     0.01206     0.13889     0.12215     0.00226     0.00011
    8.3332     0.01383     0.10447     0.02398     0.00353     0.00030     0.01190     0.14128     0.12146     0.00226     0.00011
    8.3633     0.01394     0.10414     0.02424     0.00356     0.00031     0.01179     0.14452     0.12129     0.00227     0.00011
    8.3934     0.01411     0.10426     0.02460     0.00361     0.00032     0.01175     0.14859     0.12160     0.00229     0.00011
    8.4234     0.01434     0.10468     0.02505     0.00368     0.00033     0.01175     0.15334     0.12219     0.00232     0.00011
    8.4534     0.01466     0.10534     0.02565     0.00376     0.00034     0.01182     0.15938     0.12314     0.00236     0.00011
    8.4834     0.01538     0.10675     0.02692     0.00391     0.00036     0.01211     0.17029     0.12551     0.00242     0.00012
    8.5135     0.01676     0.10932     0.02923     0.00416     0.00040     0.01273     0.18879     0.13011     0.00250     0.00012
    8.5434     0.01851     0.11271     0.03217     0.00448     0.00045     0.01354     0.21201     0.13617     0.00261     0.00013
    8.5735     0.02036     0.11662     0.03530     0.00482     0.00050     0.01438     0.23668     0.14289     0.00273     0.00014
    8.6036     0.02226     0.12102     0.03855     0.00518     0.00055     0.01522     0.26230     0.15018     0.00286     0.00015
    8.6336     0.02420     0.12591     0.04192     0.00557     0.00061     0.01606     0.28885     0.15805     0.00301     0.00016
    8.6636     0.02620     0.13130     0.04540     0.00597     0.00066     0.01689     0.31636     0.16649     0.00317     0.00017
    8.6936     0.02728     0.13535     0.04804     0.00623     0.00070     0.01735     0.33291     0.17377     0.00328     0.00018
    8.7237     0.02613     0.13642     0.04877     0.00615     0.00068     0.01690     0.32343     0.17865     0.00330     0.00018
    8.7536     0.02358     0.13435     0.04778     0.00585     0.00063     0.01585     0.29688     0.17980     0.00323     0.00018
    8.7837     0.02080     0.12777     0.04501     0.00543     0.00057     0.01454     0.26397     0.17403     0.00308     0.00017
    8.8138     0.01800     0.11754     0.04087     0.00493     0.00049     0.01308     0.22748     0.16254     0.00288     0.00015
    8.8438     0.01564     0.10743     0.03688     0.00449     0.00043     0.01178     0.19597     0.15060     0.00269     0.00014
    8.8738     0.01390     0.09925     0.03377     0.00417     0.00038     0.01077     0.17289     0.14085     0.00255     0.00013
    8.9038     0.01261     0.09266     0.03138     0.00393     0.00034     0.00999     0.15567     0.13306     0.00245     0.00012
    8.9339     0.01161     0.08736     0.02955     0.00375     0.00031     0.00936     0.14251     0.12698     0.00237     0.00011
    8.9638     0.01090     0.08333     0.02828     0.00363     0.00029     0.00889     0.13326     0.12259     0.00231     0.00010
    8.9939     0.01049     0.08058     0.02758     0.00357     0.00028     0.00859     0.12792     0.11991     0.00228     0.00010
    9.0240     0.01032     0.07903     0.02734     0.00355     0.00027     0.00841     0.12582     0.11877     0.00227     0.00010
    9.0540     0.01024     0.07814     0.02733     0.00356     0.00027     0.00829     0.12515     0.11848     0.00228     0.00010
    9.0840     0.01018     0.07739     0.02737     0.00357     0.00027     0.00818     0.12467     0.11839     0.00228     0.00010
    9.1140     0.01012     0.07671     0.02744     0.00359     0.00027     0.00809     0.12426     0.11845     0.00229     0.00010
    9.1441     0.01007     0.07609     0.02755     0.00361     0.00027     0.00800     0.12394     0.11865     0.00230     0.00010
    9.1740     0.01003     0.07555     0.02769     0.00363     0.00027     0.00792     0.12369     0.11899     0.00232     0.00010
    9.2041     0.01000     0.07508     0.02788     0.00366     0.00027     0.00785     0.12352     0.11947     0.00234     0.00010
    9.2342     0.00997     0.07468     0.02809     0.00368     0.00027     0.00779     0.12342     0.12010     0.00236     0.00010
    9.2643     0.00995     0.07435     0.02835     0.00372     0.00027     0.00774     0.12340     0.12087     0.00239     0.00010
    9.2942     0.00993     0.07409     0.02864     0.00375     0.00027     0.00769     0.12347     0.12179     0.00241     0.00010
    9.3243     0.00992     0.07390     0.02896     0.00379     0.00027     0.00766     0.12360     0.12284     0.00244     0.00010
    9.3543     0.00993     0.07379     0.02933     0.00384     0.00027     0.00763     0.12384     0.12405     0.00247     0.00010
    9.3843     0.00997     0.07376     0.02973     0.00389     0.00027     0.00762     0.12429     0.12545     0.00251     0.00010
    9.4143     0.01006     0.07382     0.03020     0.00394     0.00028     0.00763     0.12504     0.12708     0.00255     0.00010
    9.4444     0.01022     0.07397     0.03072     0.00401     0.00028     0.00765     0.12613     0.12895     0.00260     0.00010
    9.4745     0.01045     0.07422     0.03130     0.00409     0.00029     0.00768     0.12755     0.13105     0.00265     0.00010
    9.5044     0.01073     0.07457     0.03194     0.00417     0.00029     0.00774     0.12929     0.13339     0.00270     0.00010
    9.5345     0.01108     0.07501     0.03263     0.00426     0.00030     0.00780     0.13136     0.13597     0.00276     0.00010
    9.5645     0.01145     0.07794     0.03297     0.00447     0.00030     0.00789     0.13496     0.14001     0.00291     0.00011
    9.5945     0.01154     0.08071     0.03156     0.00457     0.00030     0.00789     0.13477     0.13939     0.00303     0.00011
    9.6245     0.01139     0.07854     0.02900     0.00433     0.00028     0.00779     0.12799     0.13101     0.00296     0.00011
    9.6546     0.01127     0.07438     0.02695     0.00401     0.00027     0.00767     0.12070     0.12203     0.00282     0.00010
    9.6847     0.01098     0.07085     0.02574     0.00375     0.00026     0.00744     0.11445     0.11591     0.00272     0.00010
    9.7146     0.01027     0.06780     0.02553     0.00354     0.00025     0.00705     0.10820     0.11299     0.00265     0.00009
    9.7447     0.00925     0.06507     0.02589     0.00336     0.00024     0.00655     0.10202     0.11187     0.00261     0.00009
    9.7747     0.00866     0.06313     0.02673     0.00326     0.00024     0.00617     0.09842     0.11288     0.00260     0.00009
    9.8047     0.00862     0.06202     0.02805     0.00324     0.00025     0.00597     0.09752     0.11607     0.00263     0.00009
    9.8347     0.00857     0.06119     0.02948     0.00323     0.00025     0.00583     0.09674     0.11985     0.00266     0.00009
    9.8648     0.00843     0.06057     0.03098     0.00323     0.00026     0.00571     0.09574     0.12401     0.00270     0.00009
    9.8949     0.00822     0.06014     0.03255     0.00324     0.00026     0.00562     0.09452     0.12854     0.00275     0.00009
    9.9248     0.00795     0.05987     0.03418     0.00325     0.00026     0.00553     0.09317     0.13342     0.00280     0.00009
    9.9549     0.00767     0.05970     0.03590     0.00328     0.00027     0.00545     0.09191     0.13871     0.00285     0.00010
    9.9849     0.00741     0.05964     0.03769     0.00331     0.00027     0.00536     0.09084     0.14441     0.00291     0.00010
   10.0149     0.00717     0.05968     0.03958     0.00335     0.00027     0.00526     0.08996     0.15053     0.00297     0.00010
   10.0449     0.00694     0.05983     0.04156     0.00340     0.00028     0.00516     0.08929     0.15711     0.00304     0.00010
   10.0750     0.00674     0.06010     0.04371     0.00346     0.00028     0.00506     0.08883     0.16430     0.00312     0.00010
   10.1051     0.00655     0.06052     0.04605     0.00354     0.00029     0.00496     0.08861     0.17221     0.00320     0.00011
   10.1350     0.00639     0.06108     0.04861     0.00363     0.00030     0.00487     0.08862     0.18087     0.00330     0.00011
   10.1651     0.00623     0.06166     0.05082     0.00371     0.00030     0.00477     0.08870     0.18849     0.00339     0.00011
   10.1952     0.00603     0.06146     0.04944     0.00367     0.00030     0.00461     0.08787     0.18471     0.00336     0.00011
   10.2251     0.00579     0.06044     0.04504     0.00353     0.00028     0.00440     0.08634     0.17110     0.00323     0.00010
   10.2552     0.00561     0.05955     0.04185     0.00342     0.00028     0.00424     0.08534     0.16104     0.00314     0.00010
   10.2852     0.00548     0.05907     0.04020     0.00337     0.00027     0.00411     0.08486     0.15592     0.00311     0.00010
   10.3153     0.00538     0.05889     0.03945     0.00335     0.00027     0.00400     0.08468     0.15377     0.00310     0.00010
   10.3452     0.00532     0.05903     0.03931     0.00336     0.00027     0.00393     0.08480     0.15370     0.00313     0.00010
   10.3753     0.00529     0.05952     0.03940     0.00339     0.00027     0.00389     0.08520     0.15447     0.00317     0.00010
   10.4054     0.00530     0.06038     0.03959     0.00343     0.00028     0.00391     0.08591     0.15572     0.00324     0.00010
   10.4353     0.00541     0.06418     0.04020     0.00357     0.00029     0.00400     0.09004     0.15996     0.00341     0.00010
   10.4654     0.00582     0.07423     0.04173     0.00394     0.00031     0.00421     0.10229     0.17068     0.00380     0.00012
   10.4954     0.00667     0.08772     0.04398     0.00448     0.00035     0.00454     0.12072     0.18546     0.00434     0.00013
   10.5255     0.00738     0.09602     0.04548     0.00482     0.00038     0.00480     0.13277     0.19461     0.00471     0.00014
   10.5554     0.00722     0.09274     0.04480     0.00465     0.00037     0.00479     0.12689     0.19010     0.00467     0.00014
   10.5855     0.00664     0.08147     0.04284     0.00416     0.00033     0.00465     0.10984     0.17669     0.00436     0.00013
   10.6156     0.00633     0.07323     0.04152     0.00378     0.00031     0.00491     0.09654     0.16630     0.00419     0.00012
   10.6455     0.00645     0.07829     0.04219     0.00378     0.00032     0.00619     0.09638     0.16816     0.00454     0.00013
   10.6756     0.00704     0.09571     0.04477     0.00415     0.00035     0.00852     0.10850     0.18137     0.00539     0.00015
   10.7056     0.00781     0.11625     0.04771     0.00459     0.00039     0.01117     0.12396     0.19672     0.00638     0.00018
   10.7357     0.00839     0.13447     0.04971     0.00493     0.00042     0.01366     0.13668     0.20779     0.00725     0.00021
   10.7656     0.00867     0.14890     0.05041     0.00511     0.00044     0.01589     0.14490     0.21271     0.00795     0.00023
   10.7957     0.00865     0.15953     0.04979     0.00512     0.00045     0.01786     0.14860     0.21144     0.00846     0.00025
   10.8258     0.00834     0.16662     0.04797     0.00499     0.00045     0.01958     0.14811     0.20450     0.00881     0.00026
   10.8557     0.00815     0.17443     0.04682     0.00493     0.00045     0.02126     0.14888     0.20025     0.00922     0.00027
   10.8858     0.00825     0.18497     0.04736     0.00505     0.00046     0.02296     0.15412     0.20326     0.00977     0.00029
   10.9158     0.00836     0.19508     0.04836     0.00521     0.00048     0.02445     0.16042     0.20797     0.01031     0.00030
   10.9459     0.00845     0.20354     0.04937     0.00537     0.00050     0.02566     0.16634     0.21225     0.01079     0.00032
   10.9758     0.00854     0.21035     0.05040     0.00552     0.00051     0.02658     0.17185     0.21620     0.01120     0.00033
   11.0059     0.00862     0.21538     0.05144     0.00566     0.00053     0.02720     0.17687     0.21973     0.01155     0.00034
   11.0360     0.00870     0.21702     0.05226     0.00577     0.00054     0.02732     0.18045     0.22166     0.01175     0.00034
   11.0659     0.00876     0.21295     0.05258     0.00581     0.00054     0.02666     0.18124     0.22056     0.01172     0.00034
   11.0960     0.00879     0.20232     0.05277     0.00579     0.00055     0.02511     0.17873     0.21767     0.01142     0.00033
   11.1261     0.00884     0.18943     0.05316     0.00574     0.00055     0.02324     0.17498     0.21532     0.01102     0.00032
   11.1561     0.00891     0.18142     0.05391     0.00575     0.00055     0.02199     0.17319     0.21579     0.01081     0.00031
   11.1861     0.00899     0.17691     0.05465     0.00577     0.00056     0.02118     0.17236     0.21755     0.01072     0.00031
   11.2161     0.00904     0.17168     0.05481     0.00575     0.00057     0.02025     0.17033     0.21746     0.01057     0.00030
   11.2462     0.00906     0.16571     0.05441     0.00569     0.00056     0.01919     0.16708     0.21554     0.01035     0.00029
   11.2761     0.00905     0.15971     0.05354     0.00561     0.00055     0.01817     0.16291     0.21221     0.01011     0.00029
   11.3062     0.00902     0.15426     0.05242     0.00551     0.00054     0.01732     0.15833     0.20809     0.00988     0.00028
   11.3363     0.00896     0.14895     0.05116     0.00539     0.00053     0.01654     0.15351     0.20350     0.00964     0.00027
   11.3663     0.00887     0.14346     0.04983     0.00527     0.00052     0.01575     0.14841     0.19867     0.00939     0.00027
   11.3963     0.00876     0.13778     0.04844     0.00514     0.00051     0.01495     0.14303     0.19364     0.00911     0.00025
   11.4263     0.00862     0.13193     0.04699     0.00501     0.00049     0.01413     0.13737     0.18842     0.00882     0.00025
   11.4564     0.00845     0.12590     0.04548     0.00486     0.00048     0.01330     0.13144     0.18299     0.00851     0.00024
   11.4863     0.00826     0.11969     0.04390     0.00471     0.00046     0.01247     0.12523     0.17737     0.00818     0.00023
   11.5164     0.00804     0.11330     0.04227     0.00454     0.00044     0.01161     0.11874     0.17155     0.00783     0.00021
   11.5465     0.00779     0.10674     0.04057     0.00437     0.00042     0.01075     0.11197     0.16554     0.00747     0.00021
   11.5765     0.00754     0.10001     0.03882     0.00419     0.00040     0.00988     0.10495     0.15936     0.00710     0.00019
   11.6065     0.00737     0.09324     0.03708     0.00401     0.00038     0.00902     0.09775     0.15333     0.00673     0.00018
   11.6365     0.00736     0.08667     0.03551     0.00387     0.00036     0.00819     0.09050     0.14826     0.00641     0.00017
   11.6666     0.00753     0.08031     0.03414     0.00376     0.00034     0.00739     0.08323     0.14422     0.00613     0.00016
   11.6965     0.00792     0.07451     0.03297     0.00368     0.00033     0.00667     0.07669     0.14103     0.00592     0.00015
   11.7266     0.00864     0.07105     0.03223     0.00368     0.00032     0.00612     0.07368     0.13939     0.00586     0.00014
   11.7567     0.00976     0.07159     0.03204     0.00377     0.00033     0.00573     0.07673     0.13962     0.00603     0.00014
   11.7867     0.01115     0.07366     0.03216     0.00392     0.00034     0.00541     0.08201     0.14105     0.00632     0.00015
   11.8167     0.01266     0.07423     0.03220     0.00410     0.00035     0.00508     0.08498     0.14330     0.00656     0.00015
   11.8467     0.01426     0.07321     0.03206     0.00431     0.00035     0.00475     0.08546     0.14551     0.00676     0.00015
   11.8768     0.01564     0.07077     0.03187     0.00444     0.00035     0.00444     0.08338     0.14651     0.00689     0.00015
   11.9068     0.01624     0.06668     0.03153     0.00448     0.00034     0.00412     0.07837     0.14639     0.00684     0.00014
   11.9368     0.01555     0.06100     0.03077     0.00438     0.00032     0.00375     0.07065     0.14460     0.00649     0.00013
   11.9669     0.01320     0.05428     0.02932     0.00408     0.00029     0.00337     0.06101     0.13981     0.00576     0.00012
   11.9970     0.01018     0.04764     0.02762     0.00369     0.00027     0.00303     0.05117     0.13394     0.00490     0.00010
   12.0269     0.00770     0.04197     0.02628     0.00339     0.00025     0.00274     0.04254     0.12980     0.00419     0.00009
   12.0570     0.00581     0.03732     0.02533     0.00319     0.00023     0.00252     0.03519     0.12753     0.00365     0.00008
   12.0870     0.00452     0.03369     0.02477     0.00308     0.00022     0.00236     0.02912     0.12714     0.00328     0.00008
   12.1170     0.00382     0.03108     0.02460     0.00307     0.00021     0.00226     0.02433     0.12862     0.00307     0.00007
   12.1470     0.00371     0.02948     0.02483     0.00316     0.00021     0.00222     0.02083     0.13198     0.00303     0.00007
   12.1771     0.00412     0.02884     0.02540     0.00332     0.00021     0.00224     0.01852     0.13703     0.00314     0.00007
   12.2072     0.00483     0.02895     0.02620     0.00355     0.00021     0.00230     0.01717     0.14321     0.00335     0.00007
   12.2371     0.00567     0.02964     0.02712     0.00380     0.00022     0.00238     0.01658     0.15007     0.00360     0.00008
   12.2672     0.00661     0.03083     0.02814     0.00407     0.00023     0.00249     0.01658     0.15750     0.00390     0.00008
   12.2972     0.00762     0.03246     0.02918     0.00436     0.00024     0.00264     0.01693     0.16516     0.00423     0.00009
   12.3272     0.00868     0.03439     0.03017     0.00464     0.00025     0.00283     0.01743     0.17262     0.00458     0.00009
   12.3572     0.00976     0.03645     0.03111     0.00492     0.00026     0.00304     0.01802     0.17979     0.00493     0.00010
   12.3873     0.01088     0.03864     0.03201     0.00519     0.00027     0.00328     0.01869     0.18672     0.00528     0.00011
   12.4174     0.01201     0.04094     0.03285     0.00545     0.00028     0.00354     0.01943     0.19339     0.00563     0.00012
   12.4473     0.01318     0.04331     0.03363     0.00571     0.00029     0.00383     0.02016     0.19978     0.00598     0.00013
   12.4774     0.01437     0.04569     0.03434     0.00596     0.00030     0.00413     0.02084     0.20588     0.00633     0.00014
   12.5074     0.01558     0.04807     0.03498     0.00620     0.00031     0.00445     0.02146     0.21171     0.00668     0.00014
   12.5374     0.01682     0.05047     0.03554     0.00644     0.00032     0.00478     0.02203     0.21728     0.00703     0.00015
   12.5674     0.01810     0.05291     0.03607     0.00668     0.00032     0.00514     0.02258     0.22272     0.00737     0.00016
   12.5975     0.01945     0.05544     0.03666     0.00693     0.00033     0.00550     0.02320     0.22856     0.00774     0.00017
   12.6276     0.02090     0.05813     0.03741     0.00720     0.00034     0.00586     0.02395     0.23518     0.00813     0.00019
   12.6575     0.02227     0.06093     0.03825     0.00749     0.00035     0.00621     0.02479     0.24246     0.00854     0.00020
   12.6876     0.02335     0.06377     0.03914     0.00780     0.00037     0.00655     0.02569     0.25018     0.00891     0.00021
   12.7176     0.02428     0.06662     0.04005     0.00812     0.00038     0.00689     0.02662     0.25826     0.00928     0.00022
   12.7476     0.02521     0.06947     0.04097     0.00845     0.00039     0.00722     0.02757     0.26670     0.00963     0.00023
   12.7777     0.02615     0.07232     0.04192     0.00879     0.00040     0.00754     0.02856     0.27551     0.00999     0.00024
   12.8077     0.02709     0.07516     0.04289     0.00914     0.00041     0.00785     0.02958     0.28467     0.01034     0.00025
   12.8378     0.02803     0.07799     0.04388     0.00951     0.00042     0.00815     0.03062     0.29420     0.01068     0.00026
   12.8677     0.02897     0.08083     0.04489     0.00988     0.00044     0.00844     0.03170     0.30408     0.01102     0.00027
   12.8978     0.02992     0.08366     0.04592     0.01027     0.00045     0.00873     0.03280     0.31433     0.01137     0.00028
   12.9279     0.03087     0.08649     0.04697     0.01066     0.00047     0.00901     0.03394     0.32493     0.01170     0.00029
   12.9578     0.03182     0.08934     0.04799     0.01106     0.00048     0.00929     0.03511     0.33551     0.01203     0.00031
   12.9879     0.03278     0.09228     0.04891     0.01143     0.00049     0.00957     0.03638     0.34542     0.01235     0.00032
   13.0179     0.03374     0.09531     0.04984     0.01182     0.00050     0.00985     0.03771     0.35576     0.01267     0.00033
   13.0480     0.03471     0.09837     0.05093     0.01226     0.00052     0.01011     0.03908     0.36792     0.01300     0.00034
   13.0779     0.03569     0.10146     0.05220     0.01277     0.00054     0.01037     0.04049     0.38202     0.01333     0.00035
   13.1080     0.03667     0.10462     0.05362     0.01335     0.00056     0.01062     0.04195     0.39798     0.01366     0.00037
   13.1381     0.03767     0.10788     0.05513     0.01397     0.00058     0.01087     0.04349     0.41542     0.01400     0.00038
   13.1680     0.03869     0.11123     0.05670     0.01465     0.00060     0.01111     0.04511     0.43397     0.01434     0.00040
   13.1981     0.03968     0.11468     0.05830     0.01536     0.00063     0.01135     0.04680     0.45360     0.01468     0.00041
   13.2281     0.04006     0.11560     0.05875     0.01565     0.00064     0.01154     0.04793     0.46072     0.01474     0.00042
   13.2582     0.03963     0.11324     0.05755     0.01536     0.00062     0.01166     0.04799     0.45145     0.01440     0.00041
   13.2881     0.03955     0.11305     0.05715     0.01543     0.00063     0.01192     0.04852     0.45281     0.01424     0.00042
   13.3182     0.04038     0.11711     0.05862     0.01622     0.00065     0.01243     0.05079     0.47398     0.01453     0.00044
   13.3483     0.04176     0.12280     0.06084     0.01729     0.00069     0.01303     0.05433     0.50207     0.01505     0.00046
   13.3782     0.04346     0.12743     0.06261     0.01826     0.00072     0.01343     0.05820     0.52579     0.01554     0.00048
   13.4083     0.04532     0.13056     0.06365     0.01905     0.00074     0.01360     0.06186     0.54357     0.01596     0.00050
   13.4383     0.04694     0.13289     0.06419     0.01974     0.00076     0.01371     0.06478     0.55811     0.01626     0.00051
   13.4684     0.04758     0.13429     0.06408     0.02034     0.00077     0.01375     0.06593     0.57138     0.01627     0.00052
   13.4983     0.04747     0.14215     0.06585     0.02272     0.00082     0.01373     0.06634     0.63682     0.01613     0.00056
   13.5284     0.04724     0.14528     0.06557     0.02350     0.00083     0.01363     0.06592     0.66033     0.01585     0.00058
   13.5585     0.04690     0.13726     0.06121     0.02112     0.00078     0.01345     0.06409     0.59624     0.01536     0.00055
   13.5884     0.04642     0.12992     0.05705     0.01911     0.00074     0.01317     0.06182     0.54206     0.01482     0.00053
   13.6185     0.04589     0.12644     0.05460     0.01778     0.00071     0.01282     0.06122     0.51125     0.01435     0.00052
   13.6486     0.04570     0.15086     0.06512     0.01945     0.00085     0.01241     0.07853     0.60527     0.01481     0.00060
   13.6786     0.04234     0.14474     0.06174     0.01842     0.00082     0.01134     0.07678     0.57871     0.01380     0.00058
   13.7086     0.03609     0.09857     0.04033     0.01355     0.00057     0.00985     0.04954     0.38560     0.01115     0.00043
   13.7386     0.03248     0.07769     0.03099     0.01103     0.00045     0.00877     0.03822     0.29484     0.00982     0.00035
   13.7687     0.03122     0.06800     0.02676     0.00962     0.00040     0.00793     0.03359     0.24933     0.00923     0.00032
   13.7988     0.03030     0.05977     0.02314     0.00841     0.00035     0.00721     0.02961     0.21042     0.00874     0.00029
   13.8287     0.02942     0.05288     0.02012     0.00740     0.00031     0.00663     0.02626     0.17798     0.00831     0.00027
   13.8588     0.02859     0.04733     0.01769     0.00659     0.00028     0.00618     0.02354     0.15202     0.00795     0.00025
   13.8888     0.02780     0.04314     0.01584     0.00598     0.00026     0.00585     0.02146     0.13252     0.00765     0.00023
   13.9188     0.02705     0.04029     0.01459     0.00556     0.00024     0.00566     0.02001     0.11950     0.00741     0.00022
   13.9488     0.02636     0.03878     0.01392     0.00535     0.00024     0.00559     0.01919     0.11290     0.00723     0.00022
   13.9789     0.02580     0.03838     0.01382     0.00530     0.00024     0.00563     0.01885     0.11125     0.00717     0.00022
   14.0090     0.02541     0.03849     0.01405     0.00535     0.00024     0.00573     0.01869     0.11141     0.00725     0.00022
   14.0389     0.02508     0.03863     0.01432     0.00539     0.00024     0.00583     0.01850     0.11150     0.00735     0.00023
   14.0690     0.02475     0.03869     0.01455     0.00543     0.00024     0.00592     0.01827     0.11135     0.00743     0.00023
   14.0990     0.02443     0.03870     0.01474     0.00545     0.00025     0.00600     0.01799     0.11098     0.00750     0.00023
   14.1290     0.02411     0.03903     0.01498     0.00551     0.00025     0.00617     0.01786     0.11164     0.00758     0.00024
   14.1590     0.02392     0.04098     0.01566     0.00575     0.00026     0.00667     0.01858     0.11738     0.00776     0.00024
   14.1891     0.02398     0.04515     0.01698     0.00625     0.00029     0.00753     0.02070     0.13004     0.00811     0.00026
   14.2192     0.02416     0.05020     0.01856     0.00686     0.00032     0.00853     0.02345     0.14530     0.00853     0.00028
   14.2491     0.02431     0.05504     0.02007     0.00742     0.00035     0.00951     0.02608     0.15976     0.00893     0.00030
   14.2792     0.02440     0.05966     0.02150     0.00794     0.00038     0.01048     0.02855     0.17332     0.00929     0.00032
   14.3092     0.02444     0.06404     0.02285     0.00843     0.00041     0.01144     0.03088     0.18598     0.00963     0.00034
   14.3392     0.02444     0.06821     0.02413     0.00887     0.00044     0.01238     0.03307     0.19781     0.00994     0.00036
   14.3692     0.02439     0.07224     0.02543     0.00930     0.00046     0.01335     0.03525     0.20947     0.01023     0.00037
   14.3993     0.02430     0.07626     0.02693     0.00976     0.00049     0.01437     0.03757     0.22196     0.01052     0.00039
   14.4294     0.02419     0.08031     0.02867     0.01026     0.00052     0.01546     0.04012     0.23565     0.01082     0.00041
   14.4593     0.02428     0.08880     0.03310     0.01156     0.00059     0.01797     0.04771     0.26704     0.01159     0.00044
   14.4894     0.02478     0.10540     0.04229     0.01428     0.00072     0.02309     0.06398     0.33022     0.01317     0.00051
   14.5195     0.02541     0.12461     0.05318     0.01739     0.00088     0.02919     0.08222     0.40481     0.01492     0.00059
   14.5494     0.02594     0.14115     0.06291     0.02002     0.00101     0.03460     0.09682     0.47137     0.01631     0.00066
   14.5795     0.02635     0.15318     0.07077     0.02199     0.00111     0.03857     0.10753     0.52425     0.01727     0.00072
   14.6095     0.02679     0.15946     0.07625     0.02318     0.00117     0.04059     0.11425     0.55904     0.01778     0.00077
   14.6396     0.02737     0.15553     0.07488     0.02248     0.00115     0.03932     0.11156     0.54651     0.01740     0.00077
   14.6695     0.02790     0.13632     0.06027     0.01844     0.00099     0.03334     0.09197     0.44603     0.01555     0.00071
   14.6996     0.02954     0.12433     0.04925     0.01526     0.00087     0.03015     0.07667     0.36725     0.01447     0.00068
   14.7297     0.03292     0.13017     0.05047     0.01506     0.00090     0.03319     0.07639     0.36659     0.01517     0.00074
   14.7596     0.03600     0.13635     0.05208     0.01504     0.00094     0.03617     0.07708     0.36937     0.01593     0.00079
   14.7897     0.03704     0.13638     0.05193     0.01478     0.00094     0.03635     0.07652     0.36317     0.01615     0.00081
   14.8197     0.03687     0.13283     0.05077     0.01439     0.00092     0.03488     0.07527     0.35195     0.01605     0.00079
   14.8498     0.03677     0.12959     0.04973     0.01405     0.00090     0.03352     0.07425     0.34171     0.01600     0.00078
   14.8797     0.03673     0.12658     0.04875     0.01373     0.00089     0.03222     0.07328     0.33203     0.01597     0.00077
   14.9098     0.03673     0.12380     0.04782     0.01345     0.00087     0.03098     0.07236     0.32287     0.01597     0.00076
   14.9399     0.03678     0.12125     0.04694     0.01318     0.00086     0.02981     0.07148     0.31425     0.01599     0.00075
   14.9698     0.03689     0.11893     0.04610     0.01294     0.00085     0.02870     0.07065     0.30616     0.01604     0.00074
   14.9999     0.03689     0.11893     0.04610     0.01294     0.00085     0.02870     0.07065     0.30616     0.01604     0.00074
