 nbb,nqbz
           6         216
  0.16666666666666666        0.0000000000000000        0.0000000000000000        18.000000000000000     
   0.0000000000000000       0.16666666666666666        0.0000000000000000        18.000000000000000     
   0.0000000000000000        0.0000000000000000       0.16666666666666666        18.000000000000000     
 -0.16666666666666666       -0.0000000000000000       -0.0000000000000000        18.000000000000000     
  -0.0000000000000000      -0.16666666666666666       -0.0000000000000000        18.000000000000000     
  -0.0000000000000000       -0.0000000000000000      -0.16666666666666666        18.000000000000000     
    1      0.0000000000000000      0.0000000000000000      0.0000000000000000
    1    1    2      0.1666666666666667      0.0000000000000000      0.0000000000000000
    1    2    7      0.0000000000000000      0.1666666666666667      0.0000000000000000
    1    3   37      0.0000000000000000      0.0000000000000000      0.1666666666666667
    1    4    6      0.8333333333333334      0.0000000000000000      0.0000000000000000
    1    5   31      0.0000000000000000      0.8333333333333334      0.0000000000000000
    1    6  181      0.0000000000000000      0.0000000000000000      0.8333333333333334
    2      0.1666666666666667      0.0000000000000000      0.0000000000000000
    2    1    3      0.3333333333333333      0.0000000000000000      0.0000000000000000
    2    2    8      0.1666666666666667      0.1666666666666667      0.0000000000000000
    2    3   38      0.1666666666666667      0.0000000000000000      0.1666666666666667
    2    4    1      0.0000000000000000      0.0000000000000000      0.0000000000000000
    2    5   32      0.1666666666666667      0.8333333333333334      0.0000000000000000
    2    6  182      0.1666666666666667      0.0000000000000000      0.8333333333333334
    3      0.3333333333333333      0.0000000000000000      0.0000000000000000
    3    1    4      0.5000000000000000      0.0000000000000000      0.0000000000000000
    3    2    9      0.3333333333333333      0.1666666666666667      0.0000000000000000
    3    3   39      0.3333333333333333      0.0000000000000000      0.1666666666666667
    3    4    2      0.1666666666666667      0.0000000000000000      0.0000000000000000
    3    5   33      0.3333333333333333      0.8333333333333334      0.0000000000000000
    3    6  183      0.3333333333333333      0.0000000000000000      0.8333333333333334
    4      0.5000000000000000      0.0000000000000000      0.0000000000000000
    4    1    5      0.6666666666666666      0.0000000000000000      0.0000000000000000
    4    2   10      0.5000000000000000      0.1666666666666667      0.0000000000000000
    4    3   40      0.5000000000000000      0.0000000000000000      0.1666666666666667
    4    4    3      0.3333333333333333      0.0000000000000000      0.0000000000000000
    4    5   34      0.5000000000000000      0.8333333333333334      0.0000000000000000
    4    6  184      0.5000000000000000      0.0000000000000000      0.8333333333333334
    5      0.6666666666666666      0.0000000000000000      0.0000000000000000
    5    1    6      0.8333333333333334      0.0000000000000000      0.0000000000000000
    5    2   11      0.6666666666666666      0.1666666666666667      0.0000000000000000
    5    3   41      0.6666666666666666      0.0000000000000000      0.1666666666666667
    5    4    4      0.5000000000000000      0.0000000000000000      0.0000000000000000
    5    5   35      0.6666666666666666      0.8333333333333334      0.0000000000000000
    5    6  185      0.6666666666666666      0.0000000000000000      0.8333333333333334
    6      0.8333333333333334      0.0000000000000000      0.0000000000000000
    6    1    1      0.0000000000000000      0.0000000000000000      0.0000000000000000
    6    2   12      0.8333333333333334      0.1666666666666667      0.0000000000000000
    6    3   42      0.8333333333333334      0.0000000000000000      0.1666666666666667
    6    4    5      0.6666666666666666      0.0000000000000000      0.0000000000000000
    6    5   36      0.8333333333333334      0.8333333333333334      0.0000000000000000
    6    6  186      0.8333333333333334      0.0000000000000000      0.8333333333333334
    7      0.0000000000000000      0.1666666666666667      0.0000000000000000
    7    1    8      0.1666666666666667      0.1666666666666667      0.0000000000000000
    7    2   13      0.0000000000000000      0.3333333333333333      0.0000000000000000
    7    3   43      0.0000000000000000      0.1666666666666667      0.1666666666666667
    7    4   12      0.8333333333333334      0.1666666666666667      0.0000000000000000
    7    5    1      0.0000000000000000      0.0000000000000000      0.0000000000000000
    7    6  187      0.0000000000000000      0.1666666666666667      0.8333333333333334
    8      0.1666666666666667      0.1666666666666667      0.0000000000000000
    8    1    9      0.3333333333333333      0.1666666666666667      0.0000000000000000
    8    2   14      0.1666666666666667      0.3333333333333333      0.0000000000000000
    8    3   44      0.1666666666666667      0.1666666666666667      0.1666666666666667
    8    4    7      0.0000000000000000      0.1666666666666667      0.0000000000000000
    8    5    2      0.1666666666666667      0.0000000000000000      0.0000000000000000
    8    6  188      0.1666666666666667      0.1666666666666667      0.8333333333333334
    9      0.3333333333333333      0.1666666666666667      0.0000000000000000
    9    1   10      0.5000000000000000      0.1666666666666667      0.0000000000000000
    9    2   15      0.3333333333333333      0.3333333333333333      0.0000000000000000
    9    3   45      0.3333333333333333      0.1666666666666667      0.1666666666666667
    9    4    8      0.1666666666666667      0.1666666666666667      0.0000000000000000
    9    5    3      0.3333333333333333      0.0000000000000000      0.0000000000000000
    9    6  189      0.3333333333333333      0.1666666666666667      0.8333333333333334
   10      0.5000000000000000      0.1666666666666667      0.0000000000000000
   10    1   11      0.6666666666666666      0.1666666666666667      0.0000000000000000
   10    2   16      0.5000000000000000      0.3333333333333333      0.0000000000000000
   10    3   46      0.5000000000000000      0.1666666666666667      0.1666666666666667
   10    4    9      0.3333333333333333      0.1666666666666667      0.0000000000000000
   10    5    4      0.5000000000000000      0.0000000000000000      0.0000000000000000
   10    6  190      0.5000000000000000      0.1666666666666667      0.8333333333333334
   11      0.6666666666666666      0.1666666666666667      0.0000000000000000
   11    1   12      0.8333333333333334      0.1666666666666667      0.0000000000000000
   11    2   17      0.6666666666666666      0.3333333333333333      0.0000000000000000
   11    3   47      0.6666666666666666      0.1666666666666667      0.1666666666666667
   11    4   10      0.5000000000000000      0.1666666666666667      0.0000000000000000
   11    5    5      0.6666666666666666      0.0000000000000000      0.0000000000000000
   11    6  191      0.6666666666666666      0.1666666666666667      0.8333333333333334
   12      0.8333333333333334      0.1666666666666667      0.0000000000000000
   12    1    7      0.0000000000000000      0.1666666666666667      0.0000000000000000
   12    2   18      0.8333333333333334      0.3333333333333333      0.0000000000000000
   12    3   48      0.8333333333333334      0.1666666666666667      0.1666666666666667
   12    4   11      0.6666666666666666      0.1666666666666667      0.0000000000000000
   12    5    6      0.8333333333333334      0.0000000000000000      0.0000000000000000
   12    6  192      0.8333333333333334      0.1666666666666667      0.8333333333333334
   13      0.0000000000000000      0.3333333333333333      0.0000000000000000
   13    1   14      0.1666666666666667      0.3333333333333333      0.0000000000000000
   13    2   19      0.0000000000000000      0.5000000000000000      0.0000000000000000
   13    3   49      0.0000000000000000      0.3333333333333333      0.1666666666666667
   13    4   18      0.8333333333333334      0.3333333333333333      0.0000000000000000
   13    5    7      0.0000000000000000      0.1666666666666667      0.0000000000000000
   13    6  193      0.0000000000000000      0.3333333333333333      0.8333333333333334
   14      0.1666666666666667      0.3333333333333333      0.0000000000000000
   14    1   15      0.3333333333333333      0.3333333333333333      0.0000000000000000
   14    2   20      0.1666666666666667      0.5000000000000000      0.0000000000000000
   14    3   50      0.1666666666666667      0.3333333333333333      0.1666666666666667
   14    4   13      0.0000000000000000      0.3333333333333333      0.0000000000000000
   14    5    8      0.1666666666666667      0.1666666666666667      0.0000000000000000
   14    6  194      0.1666666666666667      0.3333333333333333      0.8333333333333334
   15      0.3333333333333333      0.3333333333333333      0.0000000000000000
   15    1   16      0.5000000000000000      0.3333333333333333      0.0000000000000000
   15    2   21      0.3333333333333333      0.5000000000000000      0.0000000000000000
   15    3   51      0.3333333333333333      0.3333333333333333      0.1666666666666667
   15    4   14      0.1666666666666667      0.3333333333333333      0.0000000000000000
   15    5    9      0.3333333333333333      0.1666666666666667      0.0000000000000000
   15    6  195      0.3333333333333333      0.3333333333333333      0.8333333333333334
   16      0.5000000000000000      0.3333333333333333      0.0000000000000000
   16    1   17      0.6666666666666666      0.3333333333333333      0.0000000000000000
   16    2   22      0.5000000000000000      0.5000000000000000      0.0000000000000000
   16    3   52      0.5000000000000000      0.3333333333333333      0.1666666666666667
   16    4   15      0.3333333333333333      0.3333333333333333      0.0000000000000000
   16    5   10      0.5000000000000000      0.1666666666666667      0.0000000000000000
   16    6  196      0.5000000000000000      0.3333333333333333      0.8333333333333334
   17      0.6666666666666666      0.3333333333333333      0.0000000000000000
   17    1   18      0.8333333333333334      0.3333333333333333      0.0000000000000000
   17    2   23      0.6666666666666666      0.5000000000000000      0.0000000000000000
   17    3   53      0.6666666666666666      0.3333333333333333      0.1666666666666667
   17    4   16      0.5000000000000000      0.3333333333333333      0.0000000000000000
   17    5   11      0.6666666666666666      0.1666666666666667      0.0000000000000000
   17    6  197      0.6666666666666666      0.3333333333333333      0.8333333333333334
   18      0.8333333333333334      0.3333333333333333      0.0000000000000000
   18    1   13      0.0000000000000000      0.3333333333333333      0.0000000000000000
   18    2   24      0.8333333333333334      0.5000000000000000      0.0000000000000000
   18    3   54      0.8333333333333334      0.3333333333333333      0.1666666666666667
   18    4   17      0.6666666666666666      0.3333333333333333      0.0000000000000000
   18    5   12      0.8333333333333334      0.1666666666666667      0.0000000000000000
   18    6  198      0.8333333333333334      0.3333333333333333      0.8333333333333334
   19      0.0000000000000000      0.5000000000000000      0.0000000000000000
   19    1   20      0.1666666666666667      0.5000000000000000      0.0000000000000000
   19    2   25      0.0000000000000000      0.6666666666666666      0.0000000000000000
   19    3   55      0.0000000000000000      0.5000000000000000      0.1666666666666667
   19    4   24      0.8333333333333334      0.5000000000000000      0.0000000000000000
   19    5   13      0.0000000000000000      0.3333333333333333      0.0000000000000000
   19    6  199      0.0000000000000000      0.5000000000000000      0.8333333333333334
   20      0.1666666666666667      0.5000000000000000      0.0000000000000000
   20    1   21      0.3333333333333333      0.5000000000000000      0.0000000000000000
   20    2   26      0.1666666666666667      0.6666666666666666      0.0000000000000000
   20    3   56      0.1666666666666667      0.5000000000000000      0.1666666666666667
   20    4   19      0.0000000000000000      0.5000000000000000      0.0000000000000000
   20    5   14      0.1666666666666667      0.3333333333333333      0.0000000000000000
   20    6  200      0.1666666666666667      0.5000000000000000      0.8333333333333334
   21      0.3333333333333333      0.5000000000000000      0.0000000000000000
   21    1   22      0.5000000000000000      0.5000000000000000      0.0000000000000000
   21    2   27      0.3333333333333333      0.6666666666666666      0.0000000000000000
   21    3   57      0.3333333333333333      0.5000000000000000      0.1666666666666667
   21    4   20      0.1666666666666667      0.5000000000000000      0.0000000000000000
   21    5   15      0.3333333333333333      0.3333333333333333      0.0000000000000000
   21    6  201      0.3333333333333333      0.5000000000000000      0.8333333333333334
   22      0.5000000000000000      0.5000000000000000      0.0000000000000000
   22    1   23      0.6666666666666666      0.5000000000000000      0.0000000000000000
   22    2   28      0.5000000000000000      0.6666666666666666      0.0000000000000000
   22    3   58      0.5000000000000000      0.5000000000000000      0.1666666666666667
   22    4   21      0.3333333333333333      0.5000000000000000      0.0000000000000000
   22    5   16      0.5000000000000000      0.3333333333333333      0.0000000000000000
   22    6  202      0.5000000000000000      0.5000000000000000      0.8333333333333334
   23      0.6666666666666666      0.5000000000000000      0.0000000000000000
   23    1   24      0.8333333333333334      0.5000000000000000      0.0000000000000000
   23    2   29      0.6666666666666666      0.6666666666666666      0.0000000000000000
   23    3   59      0.6666666666666666      0.5000000000000000      0.1666666666666667
   23    4   22      0.5000000000000000      0.5000000000000000      0.0000000000000000
   23    5   17      0.6666666666666666      0.3333333333333333      0.0000000000000000
   23    6  203      0.6666666666666666      0.5000000000000000      0.8333333333333334
   24      0.8333333333333334      0.5000000000000000      0.0000000000000000
   24    1   19      0.0000000000000000      0.5000000000000000      0.0000000000000000
   24    2   30      0.8333333333333334      0.6666666666666666      0.0000000000000000
   24    3   60      0.8333333333333334      0.5000000000000000      0.1666666666666667
   24    4   23      0.6666666666666666      0.5000000000000000      0.0000000000000000
   24    5   18      0.8333333333333334      0.3333333333333333      0.0000000000000000
   24    6  204      0.8333333333333334      0.5000000000000000      0.8333333333333334
   25      0.0000000000000000      0.6666666666666666      0.0000000000000000
   25    1   26      0.1666666666666667      0.6666666666666666      0.0000000000000000
   25    2   31      0.0000000000000000      0.8333333333333334      0.0000000000000000
   25    3   61      0.0000000000000000      0.6666666666666666      0.1666666666666667
   25    4   30      0.8333333333333334      0.6666666666666666      0.0000000000000000
   25    5   19      0.0000000000000000      0.5000000000000000      0.0000000000000000
   25    6  205      0.0000000000000000      0.6666666666666666      0.8333333333333334
   26      0.1666666666666667      0.6666666666666666      0.0000000000000000
   26    1   27      0.3333333333333333      0.6666666666666666      0.0000000000000000
   26    2   32      0.1666666666666667      0.8333333333333334      0.0000000000000000
   26    3   62      0.1666666666666667      0.6666666666666666      0.1666666666666667
   26    4   25      0.0000000000000000      0.6666666666666666      0.0000000000000000
   26    5   20      0.1666666666666667      0.5000000000000000      0.0000000000000000
   26    6  206      0.1666666666666667      0.6666666666666666      0.8333333333333334
   27      0.3333333333333333      0.6666666666666666      0.0000000000000000
   27    1   28      0.5000000000000000      0.6666666666666666      0.0000000000000000
   27    2   33      0.3333333333333333      0.8333333333333334      0.0000000000000000
   27    3   63      0.3333333333333333      0.6666666666666666      0.1666666666666667
   27    4   26      0.1666666666666667      0.6666666666666666      0.0000000000000000
   27    5   21      0.3333333333333333      0.5000000000000000      0.0000000000000000
   27    6  207      0.3333333333333333      0.6666666666666666      0.8333333333333334
   28      0.5000000000000000      0.6666666666666666      0.0000000000000000
   28    1   29      0.6666666666666666      0.6666666666666666      0.0000000000000000
   28    2   34      0.5000000000000000      0.8333333333333334      0.0000000000000000
   28    3   64      0.5000000000000000      0.6666666666666666      0.1666666666666667
   28    4   27      0.3333333333333333      0.6666666666666666      0.0000000000000000
   28    5   22      0.5000000000000000      0.5000000000000000      0.0000000000000000
   28    6  208      0.5000000000000000      0.6666666666666666      0.8333333333333334
   29      0.6666666666666666      0.6666666666666666      0.0000000000000000
   29    1   30      0.8333333333333334      0.6666666666666666      0.0000000000000000
   29    2   35      0.6666666666666666      0.8333333333333334      0.0000000000000000
   29    3   65      0.6666666666666666      0.6666666666666666      0.1666666666666667
   29    4   28      0.5000000000000000      0.6666666666666666      0.0000000000000000
   29    5   23      0.6666666666666666      0.5000000000000000      0.0000000000000000
   29    6  209      0.6666666666666666      0.6666666666666666      0.8333333333333334
   30      0.8333333333333334      0.6666666666666666      0.0000000000000000
   30    1   25      0.0000000000000000      0.6666666666666666      0.0000000000000000
   30    2   36      0.8333333333333334      0.8333333333333334      0.0000000000000000
   30    3   66      0.8333333333333334      0.6666666666666666      0.1666666666666667
   30    4   29      0.6666666666666666      0.6666666666666666      0.0000000000000000
   30    5   24      0.8333333333333334      0.5000000000000000      0.0000000000000000
   30    6  210      0.8333333333333334      0.6666666666666666      0.8333333333333334
   31      0.0000000000000000      0.8333333333333334      0.0000000000000000
   31    1   32      0.1666666666666667      0.8333333333333334      0.0000000000000000
   31    2    1      0.0000000000000000      0.0000000000000000      0.0000000000000000
   31    3   67      0.0000000000000000      0.8333333333333334      0.1666666666666667
   31    4   36      0.8333333333333334      0.8333333333333334      0.0000000000000000
   31    5   25      0.0000000000000000      0.6666666666666666      0.0000000000000000
   31    6  211      0.0000000000000000      0.8333333333333334      0.8333333333333334
   32      0.1666666666666667      0.8333333333333334      0.0000000000000000
   32    1   33      0.3333333333333333      0.8333333333333334      0.0000000000000000
   32    2    2      0.1666666666666667      0.0000000000000000      0.0000000000000000
   32    3   68      0.1666666666666667      0.8333333333333334      0.1666666666666667
   32    4   31      0.0000000000000000      0.8333333333333334      0.0000000000000000
   32    5   26      0.1666666666666667      0.6666666666666666      0.0000000000000000
   32    6  212      0.1666666666666667      0.8333333333333334      0.8333333333333334
   33      0.3333333333333333      0.8333333333333334      0.0000000000000000
   33    1   34      0.5000000000000000      0.8333333333333334      0.0000000000000000
   33    2    3      0.3333333333333333      0.0000000000000000      0.0000000000000000
   33    3   69      0.3333333333333333      0.8333333333333334      0.1666666666666667
   33    4   32      0.1666666666666667      0.8333333333333334      0.0000000000000000
   33    5   27      0.3333333333333333      0.6666666666666666      0.0000000000000000
   33    6  213      0.3333333333333333      0.8333333333333334      0.8333333333333334
   34      0.5000000000000000      0.8333333333333334      0.0000000000000000
   34    1   35      0.6666666666666666      0.8333333333333334      0.0000000000000000
   34    2    4      0.5000000000000000      0.0000000000000000      0.0000000000000000
   34    3   70      0.5000000000000000      0.8333333333333334      0.1666666666666667
   34    4   33      0.3333333333333333      0.8333333333333334      0.0000000000000000
   34    5   28      0.5000000000000000      0.6666666666666666      0.0000000000000000
   34    6  214      0.5000000000000000      0.8333333333333334      0.8333333333333334
   35      0.6666666666666666      0.8333333333333334      0.0000000000000000
   35    1   36      0.8333333333333334      0.8333333333333334      0.0000000000000000
   35    2    5      0.6666666666666666      0.0000000000000000      0.0000000000000000
   35    3   71      0.6666666666666666      0.8333333333333334      0.1666666666666667
   35    4   34      0.5000000000000000      0.8333333333333334      0.0000000000000000
   35    5   29      0.6666666666666666      0.6666666666666666      0.0000000000000000
   35    6  215      0.6666666666666666      0.8333333333333334      0.8333333333333334
   36      0.8333333333333334      0.8333333333333334      0.0000000000000000
   36    1   31      0.0000000000000000      0.8333333333333334      0.0000000000000000
   36    2    6      0.8333333333333334      0.0000000000000000      0.0000000000000000
   36    3   72      0.8333333333333334      0.8333333333333334      0.1666666666666667
   36    4   35      0.6666666666666666      0.8333333333333334      0.0000000000000000
   36    5   30      0.8333333333333334      0.6666666666666666      0.0000000000000000
   36    6  216      0.8333333333333334      0.8333333333333334      0.8333333333333334
   37      0.0000000000000000      0.0000000000000000      0.1666666666666667
   37    1   38      0.1666666666666667      0.0000000000000000      0.1666666666666667
   37    2   43      0.0000000000000000      0.1666666666666667      0.1666666666666667
   37    3   73      0.0000000000000000      0.0000000000000000      0.3333333333333333
   37    4   42      0.8333333333333334      0.0000000000000000      0.1666666666666667
   37    5   67      0.0000000000000000      0.8333333333333334      0.1666666666666667
   37    6    1      0.0000000000000000      0.0000000000000000      0.0000000000000000
   38      0.1666666666666667      0.0000000000000000      0.1666666666666667
   38    1   39      0.3333333333333333      0.0000000000000000      0.1666666666666667
   38    2   44      0.1666666666666667      0.1666666666666667      0.1666666666666667
   38    3   74      0.1666666666666667      0.0000000000000000      0.3333333333333333
   38    4   37      0.0000000000000000      0.0000000000000000      0.1666666666666667
   38    5   68      0.1666666666666667      0.8333333333333334      0.1666666666666667
   38    6    2      0.1666666666666667      0.0000000000000000      0.0000000000000000
   39      0.3333333333333333      0.0000000000000000      0.1666666666666667
   39    1   40      0.5000000000000000      0.0000000000000000      0.1666666666666667
   39    2   45      0.3333333333333333      0.1666666666666667      0.1666666666666667
   39    3   75      0.3333333333333333      0.0000000000000000      0.3333333333333333
   39    4   38      0.1666666666666667      0.0000000000000000      0.1666666666666667
   39    5   69      0.3333333333333333      0.8333333333333334      0.1666666666666667
   39    6    3      0.3333333333333333      0.0000000000000000      0.0000000000000000
   40      0.5000000000000000      0.0000000000000000      0.1666666666666667
   40    1   41      0.6666666666666666      0.0000000000000000      0.1666666666666667
   40    2   46      0.5000000000000000      0.1666666666666667      0.1666666666666667
   40    3   76      0.5000000000000000      0.0000000000000000      0.3333333333333333
   40    4   39      0.3333333333333333      0.0000000000000000      0.1666666666666667
   40    5   70      0.5000000000000000      0.8333333333333334      0.1666666666666667
   40    6    4      0.5000000000000000      0.0000000000000000      0.0000000000000000
   41      0.6666666666666666      0.0000000000000000      0.1666666666666667
   41    1   42      0.8333333333333334      0.0000000000000000      0.1666666666666667
   41    2   47      0.6666666666666666      0.1666666666666667      0.1666666666666667
   41    3   77      0.6666666666666666      0.0000000000000000      0.3333333333333333
   41    4   40      0.5000000000000000      0.0000000000000000      0.1666666666666667
   41    5   71      0.6666666666666666      0.8333333333333334      0.1666666666666667
   41    6    5      0.6666666666666666      0.0000000000000000      0.0000000000000000
   42      0.8333333333333334      0.0000000000000000      0.1666666666666667
   42    1   37      0.0000000000000000      0.0000000000000000      0.1666666666666667
   42    2   48      0.8333333333333334      0.1666666666666667      0.1666666666666667
   42    3   78      0.8333333333333334      0.0000000000000000      0.3333333333333333
   42    4   41      0.6666666666666666      0.0000000000000000      0.1666666666666667
   42    5   72      0.8333333333333334      0.8333333333333334      0.1666666666666667
   42    6    6      0.8333333333333334      0.0000000000000000      0.0000000000000000
   43      0.0000000000000000      0.1666666666666667      0.1666666666666667
   43    1   44      0.1666666666666667      0.1666666666666667      0.1666666666666667
   43    2   49      0.0000000000000000      0.3333333333333333      0.1666666666666667
   43    3   79      0.0000000000000000      0.1666666666666667      0.3333333333333333
   43    4   48      0.8333333333333334      0.1666666666666667      0.1666666666666667
   43    5   37      0.0000000000000000      0.0000000000000000      0.1666666666666667
   43    6    7      0.0000000000000000      0.1666666666666667      0.0000000000000000
   44      0.1666666666666667      0.1666666666666667      0.1666666666666667
   44    1   45      0.3333333333333333      0.1666666666666667      0.1666666666666667
   44    2   50      0.1666666666666667      0.3333333333333333      0.1666666666666667
   44    3   80      0.1666666666666667      0.1666666666666667      0.3333333333333333
   44    4   43      0.0000000000000000      0.1666666666666667      0.1666666666666667
   44    5   38      0.1666666666666667      0.0000000000000000      0.1666666666666667
   44    6    8      0.1666666666666667      0.1666666666666667      0.0000000000000000
   45      0.3333333333333333      0.1666666666666667      0.1666666666666667
   45    1   46      0.5000000000000000      0.1666666666666667      0.1666666666666667
   45    2   51      0.3333333333333333      0.3333333333333333      0.1666666666666667
   45    3   81      0.3333333333333333      0.1666666666666667      0.3333333333333333
   45    4   44      0.1666666666666667      0.1666666666666667      0.1666666666666667
   45    5   39      0.3333333333333333      0.0000000000000000      0.1666666666666667
   45    6    9      0.3333333333333333      0.1666666666666667      0.0000000000000000
   46      0.5000000000000000      0.1666666666666667      0.1666666666666667
   46    1   47      0.6666666666666666      0.1666666666666667      0.1666666666666667
   46    2   52      0.5000000000000000      0.3333333333333333      0.1666666666666667
   46    3   82      0.5000000000000000      0.1666666666666667      0.3333333333333333
   46    4   45      0.3333333333333333      0.1666666666666667      0.1666666666666667
   46    5   40      0.5000000000000000      0.0000000000000000      0.1666666666666667
   46    6   10      0.5000000000000000      0.1666666666666667      0.0000000000000000
   47      0.6666666666666666      0.1666666666666667      0.1666666666666667
   47    1   48      0.8333333333333334      0.1666666666666667      0.1666666666666667
   47    2   53      0.6666666666666666      0.3333333333333333      0.1666666666666667
   47    3   83      0.6666666666666666      0.1666666666666667      0.3333333333333333
   47    4   46      0.5000000000000000      0.1666666666666667      0.1666666666666667
   47    5   41      0.6666666666666666      0.0000000000000000      0.1666666666666667
   47    6   11      0.6666666666666666      0.1666666666666667      0.0000000000000000
   48      0.8333333333333334      0.1666666666666667      0.1666666666666667
   48    1   43      0.0000000000000000      0.1666666666666667      0.1666666666666667
   48    2   54      0.8333333333333334      0.3333333333333333      0.1666666666666667
   48    3   84      0.8333333333333334      0.1666666666666667      0.3333333333333333
   48    4   47      0.6666666666666666      0.1666666666666667      0.1666666666666667
   48    5   42      0.8333333333333334      0.0000000000000000      0.1666666666666667
   48    6   12      0.8333333333333334      0.1666666666666667      0.0000000000000000
   49      0.0000000000000000      0.3333333333333333      0.1666666666666667
   49    1   50      0.1666666666666667      0.3333333333333333      0.1666666666666667
   49    2   55      0.0000000000000000      0.5000000000000000      0.1666666666666667
   49    3   85      0.0000000000000000      0.3333333333333333      0.3333333333333333
   49    4   54      0.8333333333333334      0.3333333333333333      0.1666666666666667
   49    5   43      0.0000000000000000      0.1666666666666667      0.1666666666666667
   49    6   13      0.0000000000000000      0.3333333333333333      0.0000000000000000
   50      0.1666666666666667      0.3333333333333333      0.1666666666666667
   50    1   51      0.3333333333333333      0.3333333333333333      0.1666666666666667
   50    2   56      0.1666666666666667      0.5000000000000000      0.1666666666666667
   50    3   86      0.1666666666666667      0.3333333333333333      0.3333333333333333
   50    4   49      0.0000000000000000      0.3333333333333333      0.1666666666666667
   50    5   44      0.1666666666666667      0.1666666666666667      0.1666666666666667
   50    6   14      0.1666666666666667      0.3333333333333333      0.0000000000000000
   51      0.3333333333333333      0.3333333333333333      0.1666666666666667
   51    1   52      0.5000000000000000      0.3333333333333333      0.1666666666666667
   51    2   57      0.3333333333333333      0.5000000000000000      0.1666666666666667
   51    3   87      0.3333333333333333      0.3333333333333333      0.3333333333333333
   51    4   50      0.1666666666666667      0.3333333333333333      0.1666666666666667
   51    5   45      0.3333333333333333      0.1666666666666667      0.1666666666666667
   51    6   15      0.3333333333333333      0.3333333333333333      0.0000000000000000
   52      0.5000000000000000      0.3333333333333333      0.1666666666666667
   52    1   53      0.6666666666666666      0.3333333333333333      0.1666666666666667
   52    2   58      0.5000000000000000      0.5000000000000000      0.1666666666666667
   52    3   88      0.5000000000000000      0.3333333333333333      0.3333333333333333
   52    4   51      0.3333333333333333      0.3333333333333333      0.1666666666666667
   52    5   46      0.5000000000000000      0.1666666666666667      0.1666666666666667
   52    6   16      0.5000000000000000      0.3333333333333333      0.0000000000000000
   53      0.6666666666666666      0.3333333333333333      0.1666666666666667
   53    1   54      0.8333333333333334      0.3333333333333333      0.1666666666666667
   53    2   59      0.6666666666666666      0.5000000000000000      0.1666666666666667
   53    3   89      0.6666666666666666      0.3333333333333333      0.3333333333333333
   53    4   52      0.5000000000000000      0.3333333333333333      0.1666666666666667
   53    5   47      0.6666666666666666      0.1666666666666667      0.1666666666666667
   53    6   17      0.6666666666666666      0.3333333333333333      0.0000000000000000
   54      0.8333333333333334      0.3333333333333333      0.1666666666666667
   54    1   49      0.0000000000000000      0.3333333333333333      0.1666666666666667
   54    2   60      0.8333333333333334      0.5000000000000000      0.1666666666666667
   54    3   90      0.8333333333333334      0.3333333333333333      0.3333333333333333
   54    4   53      0.6666666666666666      0.3333333333333333      0.1666666666666667
   54    5   48      0.8333333333333334      0.1666666666666667      0.1666666666666667
   54    6   18      0.8333333333333334      0.3333333333333333      0.0000000000000000
   55      0.0000000000000000      0.5000000000000000      0.1666666666666667
   55    1   56      0.1666666666666667      0.5000000000000000      0.1666666666666667
   55    2   61      0.0000000000000000      0.6666666666666666      0.1666666666666667
   55    3   91      0.0000000000000000      0.5000000000000000      0.3333333333333333
   55    4   60      0.8333333333333334      0.5000000000000000      0.1666666666666667
   55    5   49      0.0000000000000000      0.3333333333333333      0.1666666666666667
   55    6   19      0.0000000000000000      0.5000000000000000      0.0000000000000000
   56      0.1666666666666667      0.5000000000000000      0.1666666666666667
   56    1   57      0.3333333333333333      0.5000000000000000      0.1666666666666667
   56    2   62      0.1666666666666667      0.6666666666666666      0.1666666666666667
   56    3   92      0.1666666666666667      0.5000000000000000      0.3333333333333333
   56    4   55      0.0000000000000000      0.5000000000000000      0.1666666666666667
   56    5   50      0.1666666666666667      0.3333333333333333      0.1666666666666667
   56    6   20      0.1666666666666667      0.5000000000000000      0.0000000000000000
   57      0.3333333333333333      0.5000000000000000      0.1666666666666667
   57    1   58      0.5000000000000000      0.5000000000000000      0.1666666666666667
   57    2   63      0.3333333333333333      0.6666666666666666      0.1666666666666667
   57    3   93      0.3333333333333333      0.5000000000000000      0.3333333333333333
   57    4   56      0.1666666666666667      0.5000000000000000      0.1666666666666667
   57    5   51      0.3333333333333333      0.3333333333333333      0.1666666666666667
   57    6   21      0.3333333333333333      0.5000000000000000      0.0000000000000000
   58      0.5000000000000000      0.5000000000000000      0.1666666666666667
   58    1   59      0.6666666666666666      0.5000000000000000      0.1666666666666667
   58    2   64      0.5000000000000000      0.6666666666666666      0.1666666666666667
   58    3   94      0.5000000000000000      0.5000000000000000      0.3333333333333333
   58    4   57      0.3333333333333333      0.5000000000000000      0.1666666666666667
   58    5   52      0.5000000000000000      0.3333333333333333      0.1666666666666667
   58    6   22      0.5000000000000000      0.5000000000000000      0.0000000000000000
   59      0.6666666666666666      0.5000000000000000      0.1666666666666667
   59    1   60      0.8333333333333334      0.5000000000000000      0.1666666666666667
   59    2   65      0.6666666666666666      0.6666666666666666      0.1666666666666667
   59    3   95      0.6666666666666666      0.5000000000000000      0.3333333333333333
   59    4   58      0.5000000000000000      0.5000000000000000      0.1666666666666667
   59    5   53      0.6666666666666666      0.3333333333333333      0.1666666666666667
   59    6   23      0.6666666666666666      0.5000000000000000      0.0000000000000000
   60      0.8333333333333334      0.5000000000000000      0.1666666666666667
   60    1   55      0.0000000000000000      0.5000000000000000      0.1666666666666667
   60    2   66      0.8333333333333334      0.6666666666666666      0.1666666666666667
   60    3   96      0.8333333333333334      0.5000000000000000      0.3333333333333333
   60    4   59      0.6666666666666666      0.5000000000000000      0.1666666666666667
   60    5   54      0.8333333333333334      0.3333333333333333      0.1666666666666667
   60    6   24      0.8333333333333334      0.5000000000000000      0.0000000000000000
   61      0.0000000000000000      0.6666666666666666      0.1666666666666667
   61    1   62      0.1666666666666667      0.6666666666666666      0.1666666666666667
   61    2   67      0.0000000000000000      0.8333333333333334      0.1666666666666667
   61    3   97      0.0000000000000000      0.6666666666666666      0.3333333333333333
   61    4   66      0.8333333333333334      0.6666666666666666      0.1666666666666667
   61    5   55      0.0000000000000000      0.5000000000000000      0.1666666666666667
   61    6   25      0.0000000000000000      0.6666666666666666      0.0000000000000000
   62      0.1666666666666667      0.6666666666666666      0.1666666666666667
   62    1   63      0.3333333333333333      0.6666666666666666      0.1666666666666667
   62    2   68      0.1666666666666667      0.8333333333333334      0.1666666666666667
   62    3   98      0.1666666666666667      0.6666666666666666      0.3333333333333333
   62    4   61      0.0000000000000000      0.6666666666666666      0.1666666666666667
   62    5   56      0.1666666666666667      0.5000000000000000      0.1666666666666667
   62    6   26      0.1666666666666667      0.6666666666666666      0.0000000000000000
   63      0.3333333333333333      0.6666666666666666      0.1666666666666667
   63    1   64      0.5000000000000000      0.6666666666666666      0.1666666666666667
   63    2   69      0.3333333333333333      0.8333333333333334      0.1666666666666667
   63    3   99      0.3333333333333333      0.6666666666666666      0.3333333333333333
   63    4   62      0.1666666666666667      0.6666666666666666      0.1666666666666667
   63    5   57      0.3333333333333333      0.5000000000000000      0.1666666666666667
   63    6   27      0.3333333333333333      0.6666666666666666      0.0000000000000000
   64      0.5000000000000000      0.6666666666666666      0.1666666666666667
   64    1   65      0.6666666666666666      0.6666666666666666      0.1666666666666667
   64    2   70      0.5000000000000000      0.8333333333333334      0.1666666666666667
   64    3  100      0.5000000000000000      0.6666666666666666      0.3333333333333333
   64    4   63      0.3333333333333333      0.6666666666666666      0.1666666666666667
   64    5   58      0.5000000000000000      0.5000000000000000      0.1666666666666667
   64    6   28      0.5000000000000000      0.6666666666666666      0.0000000000000000
   65      0.6666666666666666      0.6666666666666666      0.1666666666666667
   65    1   66      0.8333333333333334      0.6666666666666666      0.1666666666666667
   65    2   71      0.6666666666666666      0.8333333333333334      0.1666666666666667
   65    3  101      0.6666666666666666      0.6666666666666666      0.3333333333333333
   65    4   64      0.5000000000000000      0.6666666666666666      0.1666666666666667
   65    5   59      0.6666666666666666      0.5000000000000000      0.1666666666666667
   65    6   29      0.6666666666666666      0.6666666666666666      0.0000000000000000
   66      0.8333333333333334      0.6666666666666666      0.1666666666666667
   66    1   61      0.0000000000000000      0.6666666666666666      0.1666666666666667
   66    2   72      0.8333333333333334      0.8333333333333334      0.1666666666666667
   66    3  102      0.8333333333333334      0.6666666666666666      0.3333333333333333
   66    4   65      0.6666666666666666      0.6666666666666666      0.1666666666666667
   66    5   60      0.8333333333333334      0.5000000000000000      0.1666666666666667
   66    6   30      0.8333333333333334      0.6666666666666666      0.0000000000000000
   67      0.0000000000000000      0.8333333333333334      0.1666666666666667
   67    1   68      0.1666666666666667      0.8333333333333334      0.1666666666666667
   67    2   37      0.0000000000000000      0.0000000000000000      0.1666666666666667
   67    3  103      0.0000000000000000      0.8333333333333334      0.3333333333333333
   67    4   72      0.8333333333333334      0.8333333333333334      0.1666666666666667
   67    5   61      0.0000000000000000      0.6666666666666666      0.1666666666666667
   67    6   31      0.0000000000000000      0.8333333333333334      0.0000000000000000
   68      0.1666666666666667      0.8333333333333334      0.1666666666666667
   68    1   69      0.3333333333333333      0.8333333333333334      0.1666666666666667
   68    2   38      0.1666666666666667      0.0000000000000000      0.1666666666666667
   68    3  104      0.1666666666666667      0.8333333333333334      0.3333333333333333
   68    4   67      0.0000000000000000      0.8333333333333334      0.1666666666666667
   68    5   62      0.1666666666666667      0.6666666666666666      0.1666666666666667
   68    6   32      0.1666666666666667      0.8333333333333334      0.0000000000000000
   69      0.3333333333333333      0.8333333333333334      0.1666666666666667
   69    1   70      0.5000000000000000      0.8333333333333334      0.1666666666666667
   69    2   39      0.3333333333333333      0.0000000000000000      0.1666666666666667
   69    3  105      0.3333333333333333      0.8333333333333334      0.3333333333333333
   69    4   68      0.1666666666666667      0.8333333333333334      0.1666666666666667
   69    5   63      0.3333333333333333      0.6666666666666666      0.1666666666666667
   69    6   33      0.3333333333333333      0.8333333333333334      0.0000000000000000
   70      0.5000000000000000      0.8333333333333334      0.1666666666666667
   70    1   71      0.6666666666666666      0.8333333333333334      0.1666666666666667
   70    2   40      0.5000000000000000      0.0000000000000000      0.1666666666666667
   70    3  106      0.5000000000000000      0.8333333333333334      0.3333333333333333
   70    4   69      0.3333333333333333      0.8333333333333334      0.1666666666666667
   70    5   64      0.5000000000000000      0.6666666666666666      0.1666666666666667
   70    6   34      0.5000000000000000      0.8333333333333334      0.0000000000000000
   71      0.6666666666666666      0.8333333333333334      0.1666666666666667
   71    1   72      0.8333333333333334      0.8333333333333334      0.1666666666666667
   71    2   41      0.6666666666666666      0.0000000000000000      0.1666666666666667
   71    3  107      0.6666666666666666      0.8333333333333334      0.3333333333333333
   71    4   70      0.5000000000000000      0.8333333333333334      0.1666666666666667
   71    5   65      0.6666666666666666      0.6666666666666666      0.1666666666666667
   71    6   35      0.6666666666666666      0.8333333333333334      0.0000000000000000
   72      0.8333333333333334      0.8333333333333334      0.1666666666666667
   72    1   67      0.0000000000000000      0.8333333333333334      0.1666666666666667
   72    2   42      0.8333333333333334      0.0000000000000000      0.1666666666666667
   72    3  108      0.8333333333333334      0.8333333333333334      0.3333333333333333
   72    4   71      0.6666666666666666      0.8333333333333334      0.1666666666666667
   72    5   66      0.8333333333333334      0.6666666666666666      0.1666666666666667
   72    6   36      0.8333333333333334      0.8333333333333334      0.0000000000000000
   73      0.0000000000000000      0.0000000000000000      0.3333333333333333
   73    1   74      0.1666666666666667      0.0000000000000000      0.3333333333333333
   73    2   79      0.0000000000000000      0.1666666666666667      0.3333333333333333
   73    3  109      0.0000000000000000      0.0000000000000000      0.5000000000000000
   73    4   78      0.8333333333333334      0.0000000000000000      0.3333333333333333
   73    5  103      0.0000000000000000      0.8333333333333334      0.3333333333333333
   73    6   37      0.0000000000000000      0.0000000000000000      0.1666666666666667
   74      0.1666666666666667      0.0000000000000000      0.3333333333333333
   74    1   75      0.3333333333333333      0.0000000000000000      0.3333333333333333
   74    2   80      0.1666666666666667      0.1666666666666667      0.3333333333333333
   74    3  110      0.1666666666666667      0.0000000000000000      0.5000000000000000
   74    4   73      0.0000000000000000      0.0000000000000000      0.3333333333333333
   74    5  104      0.1666666666666667      0.8333333333333334      0.3333333333333333
   74    6   38      0.1666666666666667      0.0000000000000000      0.1666666666666667
   75      0.3333333333333333      0.0000000000000000      0.3333333333333333
   75    1   76      0.5000000000000000      0.0000000000000000      0.3333333333333333
   75    2   81      0.3333333333333333      0.1666666666666667      0.3333333333333333
   75    3  111      0.3333333333333333      0.0000000000000000      0.5000000000000000
   75    4   74      0.1666666666666667      0.0000000000000000      0.3333333333333333
   75    5  105      0.3333333333333333      0.8333333333333334      0.3333333333333333
   75    6   39      0.3333333333333333      0.0000000000000000      0.1666666666666667
   76      0.5000000000000000      0.0000000000000000      0.3333333333333333
   76    1   77      0.6666666666666666      0.0000000000000000      0.3333333333333333
   76    2   82      0.5000000000000000      0.1666666666666667      0.3333333333333333
   76    3  112      0.5000000000000000      0.0000000000000000      0.5000000000000000
   76    4   75      0.3333333333333333      0.0000000000000000      0.3333333333333333
   76    5  106      0.5000000000000000      0.8333333333333334      0.3333333333333333
   76    6   40      0.5000000000000000      0.0000000000000000      0.1666666666666667
   77      0.6666666666666666      0.0000000000000000      0.3333333333333333
   77    1   78      0.8333333333333334      0.0000000000000000      0.3333333333333333
   77    2   83      0.6666666666666666      0.1666666666666667      0.3333333333333333
   77    3  113      0.6666666666666666      0.0000000000000000      0.5000000000000000
   77    4   76      0.5000000000000000      0.0000000000000000      0.3333333333333333
   77    5  107      0.6666666666666666      0.8333333333333334      0.3333333333333333
   77    6   41      0.6666666666666666      0.0000000000000000      0.1666666666666667
   78      0.8333333333333334      0.0000000000000000      0.3333333333333333
   78    1   73      0.0000000000000000      0.0000000000000000      0.3333333333333333
   78    2   84      0.8333333333333334      0.1666666666666667      0.3333333333333333
   78    3  114      0.8333333333333334      0.0000000000000000      0.5000000000000000
   78    4   77      0.6666666666666666      0.0000000000000000      0.3333333333333333
   78    5  108      0.8333333333333334      0.8333333333333334      0.3333333333333333
   78    6   42      0.8333333333333334      0.0000000000000000      0.1666666666666667
   79      0.0000000000000000      0.1666666666666667      0.3333333333333333
   79    1   80      0.1666666666666667      0.1666666666666667      0.3333333333333333
   79    2   85      0.0000000000000000      0.3333333333333333      0.3333333333333333
   79    3  115      0.0000000000000000      0.1666666666666667      0.5000000000000000
   79    4   84      0.8333333333333334      0.1666666666666667      0.3333333333333333
   79    5   73      0.0000000000000000      0.0000000000000000      0.3333333333333333
   79    6   43      0.0000000000000000      0.1666666666666667      0.1666666666666667
   80      0.1666666666666667      0.1666666666666667      0.3333333333333333
   80    1   81      0.3333333333333333      0.1666666666666667      0.3333333333333333
   80    2   86      0.1666666666666667      0.3333333333333333      0.3333333333333333
   80    3  116      0.1666666666666667      0.1666666666666667      0.5000000000000000
   80    4   79      0.0000000000000000      0.1666666666666667      0.3333333333333333
   80    5   74      0.1666666666666667      0.0000000000000000      0.3333333333333333
   80    6   44      0.1666666666666667      0.1666666666666667      0.1666666666666667
   81      0.3333333333333333      0.1666666666666667      0.3333333333333333
   81    1   82      0.5000000000000000      0.1666666666666667      0.3333333333333333
   81    2   87      0.3333333333333333      0.3333333333333333      0.3333333333333333
   81    3  117      0.3333333333333333      0.1666666666666667      0.5000000000000000
   81    4   80      0.1666666666666667      0.1666666666666667      0.3333333333333333
   81    5   75      0.3333333333333333      0.0000000000000000      0.3333333333333333
   81    6   45      0.3333333333333333      0.1666666666666667      0.1666666666666667
   82      0.5000000000000000      0.1666666666666667      0.3333333333333333
   82    1   83      0.6666666666666666      0.1666666666666667      0.3333333333333333
   82    2   88      0.5000000000000000      0.3333333333333333      0.3333333333333333
   82    3  118      0.5000000000000000      0.1666666666666667      0.5000000000000000
   82    4   81      0.3333333333333333      0.1666666666666667      0.3333333333333333
   82    5   76      0.5000000000000000      0.0000000000000000      0.3333333333333333
   82    6   46      0.5000000000000000      0.1666666666666667      0.1666666666666667
   83      0.6666666666666666      0.1666666666666667      0.3333333333333333
   83    1   84      0.8333333333333334      0.1666666666666667      0.3333333333333333
   83    2   89      0.6666666666666666      0.3333333333333333      0.3333333333333333
   83    3  119      0.6666666666666666      0.1666666666666667      0.5000000000000000
   83    4   82      0.5000000000000000      0.1666666666666667      0.3333333333333333
   83    5   77      0.6666666666666666      0.0000000000000000      0.3333333333333333
   83    6   47      0.6666666666666666      0.1666666666666667      0.1666666666666667
   84      0.8333333333333334      0.1666666666666667      0.3333333333333333
   84    1   79      0.0000000000000000      0.1666666666666667      0.3333333333333333
   84    2   90      0.8333333333333334      0.3333333333333333      0.3333333333333333
   84    3  120      0.8333333333333334      0.1666666666666667      0.5000000000000000
   84    4   83      0.6666666666666666      0.1666666666666667      0.3333333333333333
   84    5   78      0.8333333333333334      0.0000000000000000      0.3333333333333333
   84    6   48      0.8333333333333334      0.1666666666666667      0.1666666666666667
   85      0.0000000000000000      0.3333333333333333      0.3333333333333333
   85    1   86      0.1666666666666667      0.3333333333333333      0.3333333333333333
   85    2   91      0.0000000000000000      0.5000000000000000      0.3333333333333333
   85    3  121      0.0000000000000000      0.3333333333333333      0.5000000000000000
   85    4   90      0.8333333333333334      0.3333333333333333      0.3333333333333333
   85    5   79      0.0000000000000000      0.1666666666666667      0.3333333333333333
   85    6   49      0.0000000000000000      0.3333333333333333      0.1666666666666667
   86      0.1666666666666667      0.3333333333333333      0.3333333333333333
   86    1   87      0.3333333333333333      0.3333333333333333      0.3333333333333333
   86    2   92      0.1666666666666667      0.5000000000000000      0.3333333333333333
   86    3  122      0.1666666666666667      0.3333333333333333      0.5000000000000000
   86    4   85      0.0000000000000000      0.3333333333333333      0.3333333333333333
   86    5   80      0.1666666666666667      0.1666666666666667      0.3333333333333333
   86    6   50      0.1666666666666667      0.3333333333333333      0.1666666666666667
   87      0.3333333333333333      0.3333333333333333      0.3333333333333333
   87    1   88      0.5000000000000000      0.3333333333333333      0.3333333333333333
   87    2   93      0.3333333333333333      0.5000000000000000      0.3333333333333333
   87    3  123      0.3333333333333333      0.3333333333333333      0.5000000000000000
   87    4   86      0.1666666666666667      0.3333333333333333      0.3333333333333333
   87    5   81      0.3333333333333333      0.1666666666666667      0.3333333333333333
   87    6   51      0.3333333333333333      0.3333333333333333      0.1666666666666667
   88      0.5000000000000000      0.3333333333333333      0.3333333333333333
   88    1   89      0.6666666666666666      0.3333333333333333      0.3333333333333333
   88    2   94      0.5000000000000000      0.5000000000000000      0.3333333333333333
   88    3  124      0.5000000000000000      0.3333333333333333      0.5000000000000000
   88    4   87      0.3333333333333333      0.3333333333333333      0.3333333333333333
   88    5   82      0.5000000000000000      0.1666666666666667      0.3333333333333333
   88    6   52      0.5000000000000000      0.3333333333333333      0.1666666666666667
   89      0.6666666666666666      0.3333333333333333      0.3333333333333333
   89    1   90      0.8333333333333334      0.3333333333333333      0.3333333333333333
   89    2   95      0.6666666666666666      0.5000000000000000      0.3333333333333333
   89    3  125      0.6666666666666666      0.3333333333333333      0.5000000000000000
   89    4   88      0.5000000000000000      0.3333333333333333      0.3333333333333333
   89    5   83      0.6666666666666666      0.1666666666666667      0.3333333333333333
   89    6   53      0.6666666666666666      0.3333333333333333      0.1666666666666667
   90      0.8333333333333334      0.3333333333333333      0.3333333333333333
   90    1   85      0.0000000000000000      0.3333333333333333      0.3333333333333333
   90    2   96      0.8333333333333334      0.5000000000000000      0.3333333333333333
   90    3  126      0.8333333333333334      0.3333333333333333      0.5000000000000000
   90    4   89      0.6666666666666666      0.3333333333333333      0.3333333333333333
   90    5   84      0.8333333333333334      0.1666666666666667      0.3333333333333333
   90    6   54      0.8333333333333334      0.3333333333333333      0.1666666666666667
   91      0.0000000000000000      0.5000000000000000      0.3333333333333333
   91    1   92      0.1666666666666667      0.5000000000000000      0.3333333333333333
   91    2   97      0.0000000000000000      0.6666666666666666      0.3333333333333333
   91    3  127      0.0000000000000000      0.5000000000000000      0.5000000000000000
   91    4   96      0.8333333333333334      0.5000000000000000      0.3333333333333333
   91    5   85      0.0000000000000000      0.3333333333333333      0.3333333333333333
   91    6   55      0.0000000000000000      0.5000000000000000      0.1666666666666667
   92      0.1666666666666667      0.5000000000000000      0.3333333333333333
   92    1   93      0.3333333333333333      0.5000000000000000      0.3333333333333333
   92    2   98      0.1666666666666667      0.6666666666666666      0.3333333333333333
   92    3  128      0.1666666666666667      0.5000000000000000      0.5000000000000000
   92    4   91      0.0000000000000000      0.5000000000000000      0.3333333333333333
   92    5   86      0.1666666666666667      0.3333333333333333      0.3333333333333333
   92    6   56      0.1666666666666667      0.5000000000000000      0.1666666666666667
   93      0.3333333333333333      0.5000000000000000      0.3333333333333333
   93    1   94      0.5000000000000000      0.5000000000000000      0.3333333333333333
   93    2   99      0.3333333333333333      0.6666666666666666      0.3333333333333333
   93    3  129      0.3333333333333333      0.5000000000000000      0.5000000000000000
   93    4   92      0.1666666666666667      0.5000000000000000      0.3333333333333333
   93    5   87      0.3333333333333333      0.3333333333333333      0.3333333333333333
   93    6   57      0.3333333333333333      0.5000000000000000      0.1666666666666667
   94      0.5000000000000000      0.5000000000000000      0.3333333333333333
   94    1   95      0.6666666666666666      0.5000000000000000      0.3333333333333333
   94    2  100      0.5000000000000000      0.6666666666666666      0.3333333333333333
   94    3  130      0.5000000000000000      0.5000000000000000      0.5000000000000000
   94    4   93      0.3333333333333333      0.5000000000000000      0.3333333333333333
   94    5   88      0.5000000000000000      0.3333333333333333      0.3333333333333333
   94    6   58      0.5000000000000000      0.5000000000000000      0.1666666666666667
   95      0.6666666666666666      0.5000000000000000      0.3333333333333333
   95    1   96      0.8333333333333334      0.5000000000000000      0.3333333333333333
   95    2  101      0.6666666666666666      0.6666666666666666      0.3333333333333333
   95    3  131      0.6666666666666666      0.5000000000000000      0.5000000000000000
   95    4   94      0.5000000000000000      0.5000000000000000      0.3333333333333333
   95    5   89      0.6666666666666666      0.3333333333333333      0.3333333333333333
   95    6   59      0.6666666666666666      0.5000000000000000      0.1666666666666667
   96      0.8333333333333334      0.5000000000000000      0.3333333333333333
   96    1   91      0.0000000000000000      0.5000000000000000      0.3333333333333333
   96    2  102      0.8333333333333334      0.6666666666666666      0.3333333333333333
   96    3  132      0.8333333333333334      0.5000000000000000      0.5000000000000000
   96    4   95      0.6666666666666666      0.5000000000000000      0.3333333333333333
   96    5   90      0.8333333333333334      0.3333333333333333      0.3333333333333333
   96    6   60      0.8333333333333334      0.5000000000000000      0.1666666666666667
   97      0.0000000000000000      0.6666666666666666      0.3333333333333333
   97    1   98      0.1666666666666667      0.6666666666666666      0.3333333333333333
   97    2  103      0.0000000000000000      0.8333333333333334      0.3333333333333333
   97    3  133      0.0000000000000000      0.6666666666666666      0.5000000000000000
   97    4  102      0.8333333333333334      0.6666666666666666      0.3333333333333333
   97    5   91      0.0000000000000000      0.5000000000000000      0.3333333333333333
   97    6   61      0.0000000000000000      0.6666666666666666      0.1666666666666667
   98      0.1666666666666667      0.6666666666666666      0.3333333333333333
   98    1   99      0.3333333333333333      0.6666666666666666      0.3333333333333333
   98    2  104      0.1666666666666667      0.8333333333333334      0.3333333333333333
   98    3  134      0.1666666666666667      0.6666666666666666      0.5000000000000000
   98    4   97      0.0000000000000000      0.6666666666666666      0.3333333333333333
   98    5   92      0.1666666666666667      0.5000000000000000      0.3333333333333333
   98    6   62      0.1666666666666667      0.6666666666666666      0.1666666666666667
   99      0.3333333333333333      0.6666666666666666      0.3333333333333333
   99    1  100      0.5000000000000000      0.6666666666666666      0.3333333333333333
   99    2  105      0.3333333333333333      0.8333333333333334      0.3333333333333333
   99    3  135      0.3333333333333333      0.6666666666666666      0.5000000000000000
   99    4   98      0.1666666666666667      0.6666666666666666      0.3333333333333333
   99    5   93      0.3333333333333333      0.5000000000000000      0.3333333333333333
   99    6   63      0.3333333333333333      0.6666666666666666      0.1666666666666667
  100      0.5000000000000000      0.6666666666666666      0.3333333333333333
  100    1  101      0.6666666666666666      0.6666666666666666      0.3333333333333333
  100    2  106      0.5000000000000000      0.8333333333333334      0.3333333333333333
  100    3  136      0.5000000000000000      0.6666666666666666      0.5000000000000000
  100    4   99      0.3333333333333333      0.6666666666666666      0.3333333333333333
  100    5   94      0.5000000000000000      0.5000000000000000      0.3333333333333333
  100    6   64      0.5000000000000000      0.6666666666666666      0.1666666666666667
  101      0.6666666666666666      0.6666666666666666      0.3333333333333333
  101    1  102      0.8333333333333334      0.6666666666666666      0.3333333333333333
  101    2  107      0.6666666666666666      0.8333333333333334      0.3333333333333333
  101    3  137      0.6666666666666666      0.6666666666666666      0.5000000000000000
  101    4  100      0.5000000000000000      0.6666666666666666      0.3333333333333333
  101    5   95      0.6666666666666666      0.5000000000000000      0.3333333333333333
  101    6   65      0.6666666666666666      0.6666666666666666      0.1666666666666667
  102      0.8333333333333334      0.6666666666666666      0.3333333333333333
  102    1   97      0.0000000000000000      0.6666666666666666      0.3333333333333333
  102    2  108      0.8333333333333334      0.8333333333333334      0.3333333333333333
  102    3  138      0.8333333333333334      0.6666666666666666      0.5000000000000000
  102    4  101      0.6666666666666666      0.6666666666666666      0.3333333333333333
  102    5   96      0.8333333333333334      0.5000000000000000      0.3333333333333333
  102    6   66      0.8333333333333334      0.6666666666666666      0.1666666666666667
  103      0.0000000000000000      0.8333333333333334      0.3333333333333333
  103    1  104      0.1666666666666667      0.8333333333333334      0.3333333333333333
  103    2   73      0.0000000000000000      0.0000000000000000      0.3333333333333333
  103    3  139      0.0000000000000000      0.8333333333333334      0.5000000000000000
  103    4  108      0.8333333333333334      0.8333333333333334      0.3333333333333333
  103    5   97      0.0000000000000000      0.6666666666666666      0.3333333333333333
  103    6   67      0.0000000000000000      0.8333333333333334      0.1666666666666667
  104      0.1666666666666667      0.8333333333333334      0.3333333333333333
  104    1  105      0.3333333333333333      0.8333333333333334      0.3333333333333333
  104    2   74      0.1666666666666667      0.0000000000000000      0.3333333333333333
  104    3  140      0.1666666666666667      0.8333333333333334      0.5000000000000000
  104    4  103      0.0000000000000000      0.8333333333333334      0.3333333333333333
  104    5   98      0.1666666666666667      0.6666666666666666      0.3333333333333333
  104    6   68      0.1666666666666667      0.8333333333333334      0.1666666666666667
  105      0.3333333333333333      0.8333333333333334      0.3333333333333333
  105    1  106      0.5000000000000000      0.8333333333333334      0.3333333333333333
  105    2   75      0.3333333333333333      0.0000000000000000      0.3333333333333333
  105    3  141      0.3333333333333333      0.8333333333333334      0.5000000000000000
  105    4  104      0.1666666666666667      0.8333333333333334      0.3333333333333333
  105    5   99      0.3333333333333333      0.6666666666666666      0.3333333333333333
  105    6   69      0.3333333333333333      0.8333333333333334      0.1666666666666667
  106      0.5000000000000000      0.8333333333333334      0.3333333333333333
  106    1  107      0.6666666666666666      0.8333333333333334      0.3333333333333333
  106    2   76      0.5000000000000000      0.0000000000000000      0.3333333333333333
  106    3  142      0.5000000000000000      0.8333333333333334      0.5000000000000000
  106    4  105      0.3333333333333333      0.8333333333333334      0.3333333333333333
  106    5  100      0.5000000000000000      0.6666666666666666      0.3333333333333333
  106    6   70      0.5000000000000000      0.8333333333333334      0.1666666666666667
  107      0.6666666666666666      0.8333333333333334      0.3333333333333333
  107    1  108      0.8333333333333334      0.8333333333333334      0.3333333333333333
  107    2   77      0.6666666666666666      0.0000000000000000      0.3333333333333333
  107    3  143      0.6666666666666666      0.8333333333333334      0.5000000000000000
  107    4  106      0.5000000000000000      0.8333333333333334      0.3333333333333333
  107    5  101      0.6666666666666666      0.6666666666666666      0.3333333333333333
  107    6   71      0.6666666666666666      0.8333333333333334      0.1666666666666667
  108      0.8333333333333334      0.8333333333333334      0.3333333333333333
  108    1  103      0.0000000000000000      0.8333333333333334      0.3333333333333333
  108    2   78      0.8333333333333334      0.0000000000000000      0.3333333333333333
  108    3  144      0.8333333333333334      0.8333333333333334      0.5000000000000000
  108    4  107      0.6666666666666666      0.8333333333333334      0.3333333333333333
  108    5  102      0.8333333333333334      0.6666666666666666      0.3333333333333333
  108    6   72      0.8333333333333334      0.8333333333333334      0.1666666666666667
  109      0.0000000000000000      0.0000000000000000      0.5000000000000000
  109    1  110      0.1666666666666667      0.0000000000000000      0.5000000000000000
  109    2  115      0.0000000000000000      0.1666666666666667      0.5000000000000000
  109    3  145      0.0000000000000000      0.0000000000000000      0.6666666666666666
  109    4  114      0.8333333333333334      0.0000000000000000      0.5000000000000000
  109    5  139      0.0000000000000000      0.8333333333333334      0.5000000000000000
  109    6   73      0.0000000000000000      0.0000000000000000      0.3333333333333333
  110      0.1666666666666667      0.0000000000000000      0.5000000000000000
  110    1  111      0.3333333333333333      0.0000000000000000      0.5000000000000000
  110    2  116      0.1666666666666667      0.1666666666666667      0.5000000000000000
  110    3  146      0.1666666666666667      0.0000000000000000      0.6666666666666666
  110    4  109      0.0000000000000000      0.0000000000000000      0.5000000000000000
  110    5  140      0.1666666666666667      0.8333333333333334      0.5000000000000000
  110    6   74      0.1666666666666667      0.0000000000000000      0.3333333333333333
  111      0.3333333333333333      0.0000000000000000      0.5000000000000000
  111    1  112      0.5000000000000000      0.0000000000000000      0.5000000000000000
  111    2  117      0.3333333333333333      0.1666666666666667      0.5000000000000000
  111    3  147      0.3333333333333333      0.0000000000000000      0.6666666666666666
  111    4  110      0.1666666666666667      0.0000000000000000      0.5000000000000000
  111    5  141      0.3333333333333333      0.8333333333333334      0.5000000000000000
  111    6   75      0.3333333333333333      0.0000000000000000      0.3333333333333333
  112      0.5000000000000000      0.0000000000000000      0.5000000000000000
  112    1  113      0.6666666666666666      0.0000000000000000      0.5000000000000000
  112    2  118      0.5000000000000000      0.1666666666666667      0.5000000000000000
  112    3  148      0.5000000000000000      0.0000000000000000      0.6666666666666666
  112    4  111      0.3333333333333333      0.0000000000000000      0.5000000000000000
  112    5  142      0.5000000000000000      0.8333333333333334      0.5000000000000000
  112    6   76      0.5000000000000000      0.0000000000000000      0.3333333333333333
  113      0.6666666666666666      0.0000000000000000      0.5000000000000000
  113    1  114      0.8333333333333334      0.0000000000000000      0.5000000000000000
  113    2  119      0.6666666666666666      0.1666666666666667      0.5000000000000000
  113    3  149      0.6666666666666666      0.0000000000000000      0.6666666666666666
  113    4  112      0.5000000000000000      0.0000000000000000      0.5000000000000000
  113    5  143      0.6666666666666666      0.8333333333333334      0.5000000000000000
  113    6   77      0.6666666666666666      0.0000000000000000      0.3333333333333333
  114      0.8333333333333334      0.0000000000000000      0.5000000000000000
  114    1  109      0.0000000000000000      0.0000000000000000      0.5000000000000000
  114    2  120      0.8333333333333334      0.1666666666666667      0.5000000000000000
  114    3  150      0.8333333333333334      0.0000000000000000      0.6666666666666666
  114    4  113      0.6666666666666666      0.0000000000000000      0.5000000000000000
  114    5  144      0.8333333333333334      0.8333333333333334      0.5000000000000000
  114    6   78      0.8333333333333334      0.0000000000000000      0.3333333333333333
  115      0.0000000000000000      0.1666666666666667      0.5000000000000000
  115    1  116      0.1666666666666667      0.1666666666666667      0.5000000000000000
  115    2  121      0.0000000000000000      0.3333333333333333      0.5000000000000000
  115    3  151      0.0000000000000000      0.1666666666666667      0.6666666666666666
  115    4  120      0.8333333333333334      0.1666666666666667      0.5000000000000000
  115    5  109      0.0000000000000000      0.0000000000000000      0.5000000000000000
  115    6   79      0.0000000000000000      0.1666666666666667      0.3333333333333333
  116      0.1666666666666667      0.1666666666666667      0.5000000000000000
  116    1  117      0.3333333333333333      0.1666666666666667      0.5000000000000000
  116    2  122      0.1666666666666667      0.3333333333333333      0.5000000000000000
  116    3  152      0.1666666666666667      0.1666666666666667      0.6666666666666666
  116    4  115      0.0000000000000000      0.1666666666666667      0.5000000000000000
  116    5  110      0.1666666666666667      0.0000000000000000      0.5000000000000000
  116    6   80      0.1666666666666667      0.1666666666666667      0.3333333333333333
  117      0.3333333333333333      0.1666666666666667      0.5000000000000000
  117    1  118      0.5000000000000000      0.1666666666666667      0.5000000000000000
  117    2  123      0.3333333333333333      0.3333333333333333      0.5000000000000000
  117    3  153      0.3333333333333333      0.1666666666666667      0.6666666666666666
  117    4  116      0.1666666666666667      0.1666666666666667      0.5000000000000000
  117    5  111      0.3333333333333333      0.0000000000000000      0.5000000000000000
  117    6   81      0.3333333333333333      0.1666666666666667      0.3333333333333333
  118      0.5000000000000000      0.1666666666666667      0.5000000000000000
  118    1  119      0.6666666666666666      0.1666666666666667      0.5000000000000000
  118    2  124      0.5000000000000000      0.3333333333333333      0.5000000000000000
  118    3  154      0.5000000000000000      0.1666666666666667      0.6666666666666666
  118    4  117      0.3333333333333333      0.1666666666666667      0.5000000000000000
  118    5  112      0.5000000000000000      0.0000000000000000      0.5000000000000000
  118    6   82      0.5000000000000000      0.1666666666666667      0.3333333333333333
  119      0.6666666666666666      0.1666666666666667      0.5000000000000000
  119    1  120      0.8333333333333334      0.1666666666666667      0.5000000000000000
  119    2  125      0.6666666666666666      0.3333333333333333      0.5000000000000000
  119    3  155      0.6666666666666666      0.1666666666666667      0.6666666666666666
  119    4  118      0.5000000000000000      0.1666666666666667      0.5000000000000000
  119    5  113      0.6666666666666666      0.0000000000000000      0.5000000000000000
  119    6   83      0.6666666666666666      0.1666666666666667      0.3333333333333333
  120      0.8333333333333334      0.1666666666666667      0.5000000000000000
  120    1  115      0.0000000000000000      0.1666666666666667      0.5000000000000000
  120    2  126      0.8333333333333334      0.3333333333333333      0.5000000000000000
  120    3  156      0.8333333333333334      0.1666666666666667      0.6666666666666666
  120    4  119      0.6666666666666666      0.1666666666666667      0.5000000000000000
  120    5  114      0.8333333333333334      0.0000000000000000      0.5000000000000000
  120    6   84      0.8333333333333334      0.1666666666666667      0.3333333333333333
  121      0.0000000000000000      0.3333333333333333      0.5000000000000000
  121    1  122      0.1666666666666667      0.3333333333333333      0.5000000000000000
  121    2  127      0.0000000000000000      0.5000000000000000      0.5000000000000000
  121    3  157      0.0000000000000000      0.3333333333333333      0.6666666666666666
  121    4  126      0.8333333333333334      0.3333333333333333      0.5000000000000000
  121    5  115      0.0000000000000000      0.1666666666666667      0.5000000000000000
  121    6   85      0.0000000000000000      0.3333333333333333      0.3333333333333333
  122      0.1666666666666667      0.3333333333333333      0.5000000000000000
  122    1  123      0.3333333333333333      0.3333333333333333      0.5000000000000000
  122    2  128      0.1666666666666667      0.5000000000000000      0.5000000000000000
  122    3  158      0.1666666666666667      0.3333333333333333      0.6666666666666666
  122    4  121      0.0000000000000000      0.3333333333333333      0.5000000000000000
  122    5  116      0.1666666666666667      0.1666666666666667      0.5000000000000000
  122    6   86      0.1666666666666667      0.3333333333333333      0.3333333333333333
  123      0.3333333333333333      0.3333333333333333      0.5000000000000000
  123    1  124      0.5000000000000000      0.3333333333333333      0.5000000000000000
  123    2  129      0.3333333333333333      0.5000000000000000      0.5000000000000000
  123    3  159      0.3333333333333333      0.3333333333333333      0.6666666666666666
  123    4  122      0.1666666666666667      0.3333333333333333      0.5000000000000000
  123    5  117      0.3333333333333333      0.1666666666666667      0.5000000000000000
  123    6   87      0.3333333333333333      0.3333333333333333      0.3333333333333333
  124      0.5000000000000000      0.3333333333333333      0.5000000000000000
  124    1  125      0.6666666666666666      0.3333333333333333      0.5000000000000000
  124    2  130      0.5000000000000000      0.5000000000000000      0.5000000000000000
  124    3  160      0.5000000000000000      0.3333333333333333      0.6666666666666666
  124    4  123      0.3333333333333333      0.3333333333333333      0.5000000000000000
  124    5  118      0.5000000000000000      0.1666666666666667      0.5000000000000000
  124    6   88      0.5000000000000000      0.3333333333333333      0.3333333333333333
  125      0.6666666666666666      0.3333333333333333      0.5000000000000000
  125    1  126      0.8333333333333334      0.3333333333333333      0.5000000000000000
  125    2  131      0.6666666666666666      0.5000000000000000      0.5000000000000000
  125    3  161      0.6666666666666666      0.3333333333333333      0.6666666666666666
  125    4  124      0.5000000000000000      0.3333333333333333      0.5000000000000000
  125    5  119      0.6666666666666666      0.1666666666666667      0.5000000000000000
  125    6   89      0.6666666666666666      0.3333333333333333      0.3333333333333333
  126      0.8333333333333334      0.3333333333333333      0.5000000000000000
  126    1  121      0.0000000000000000      0.3333333333333333      0.5000000000000000
  126    2  132      0.8333333333333334      0.5000000000000000      0.5000000000000000
  126    3  162      0.8333333333333334      0.3333333333333333      0.6666666666666666
  126    4  125      0.6666666666666666      0.3333333333333333      0.5000000000000000
  126    5  120      0.8333333333333334      0.1666666666666667      0.5000000000000000
  126    6   90      0.8333333333333334      0.3333333333333333      0.3333333333333333
  127      0.0000000000000000      0.5000000000000000      0.5000000000000000
  127    1  128      0.1666666666666667      0.5000000000000000      0.5000000000000000
  127    2  133      0.0000000000000000      0.6666666666666666      0.5000000000000000
  127    3  163      0.0000000000000000      0.5000000000000000      0.6666666666666666
  127    4  132      0.8333333333333334      0.5000000000000000      0.5000000000000000
  127    5  121      0.0000000000000000      0.3333333333333333      0.5000000000000000
  127    6   91      0.0000000000000000      0.5000000000000000      0.3333333333333333
  128      0.1666666666666667      0.5000000000000000      0.5000000000000000
  128    1  129      0.3333333333333333      0.5000000000000000      0.5000000000000000
  128    2  134      0.1666666666666667      0.6666666666666666      0.5000000000000000
  128    3  164      0.1666666666666667      0.5000000000000000      0.6666666666666666
  128    4  127      0.0000000000000000      0.5000000000000000      0.5000000000000000
  128    5  122      0.1666666666666667      0.3333333333333333      0.5000000000000000
  128    6   92      0.1666666666666667      0.5000000000000000      0.3333333333333333
  129      0.3333333333333333      0.5000000000000000      0.5000000000000000
  129    1  130      0.5000000000000000      0.5000000000000000      0.5000000000000000
  129    2  135      0.3333333333333333      0.6666666666666666      0.5000000000000000
  129    3  165      0.3333333333333333      0.5000000000000000      0.6666666666666666
  129    4  128      0.1666666666666667      0.5000000000000000      0.5000000000000000
  129    5  123      0.3333333333333333      0.3333333333333333      0.5000000000000000
  129    6   93      0.3333333333333333      0.5000000000000000      0.3333333333333333
  130      0.5000000000000000      0.5000000000000000      0.5000000000000000
  130    1  131      0.6666666666666666      0.5000000000000000      0.5000000000000000
  130    2  136      0.5000000000000000      0.6666666666666666      0.5000000000000000
  130    3  166      0.5000000000000000      0.5000000000000000      0.6666666666666666
  130    4  129      0.3333333333333333      0.5000000000000000      0.5000000000000000
  130    5  124      0.5000000000000000      0.3333333333333333      0.5000000000000000
  130    6   94      0.5000000000000000      0.5000000000000000      0.3333333333333333
  131      0.6666666666666666      0.5000000000000000      0.5000000000000000
  131    1  132      0.8333333333333334      0.5000000000000000      0.5000000000000000
  131    2  137      0.6666666666666666      0.6666666666666666      0.5000000000000000
  131    3  167      0.6666666666666666      0.5000000000000000      0.6666666666666666
  131    4  130      0.5000000000000000      0.5000000000000000      0.5000000000000000
  131    5  125      0.6666666666666666      0.3333333333333333      0.5000000000000000
  131    6   95      0.6666666666666666      0.5000000000000000      0.3333333333333333
  132      0.8333333333333334      0.5000000000000000      0.5000000000000000
  132    1  127      0.0000000000000000      0.5000000000000000      0.5000000000000000
  132    2  138      0.8333333333333334      0.6666666666666666      0.5000000000000000
  132    3  168      0.8333333333333334      0.5000000000000000      0.6666666666666666
  132    4  131      0.6666666666666666      0.5000000000000000      0.5000000000000000
  132    5  126      0.8333333333333334      0.3333333333333333      0.5000000000000000
  132    6   96      0.8333333333333334      0.5000000000000000      0.3333333333333333
  133      0.0000000000000000      0.6666666666666666      0.5000000000000000
  133    1  134      0.1666666666666667      0.6666666666666666      0.5000000000000000
  133    2  139      0.0000000000000000      0.8333333333333334      0.5000000000000000
  133    3  169      0.0000000000000000      0.6666666666666666      0.6666666666666666
  133    4  138      0.8333333333333334      0.6666666666666666      0.5000000000000000
  133    5  127      0.0000000000000000      0.5000000000000000      0.5000000000000000
  133    6   97      0.0000000000000000      0.6666666666666666      0.3333333333333333
  134      0.1666666666666667      0.6666666666666666      0.5000000000000000
  134    1  135      0.3333333333333333      0.6666666666666666      0.5000000000000000
  134    2  140      0.1666666666666667      0.8333333333333334      0.5000000000000000
  134    3  170      0.1666666666666667      0.6666666666666666      0.6666666666666666
  134    4  133      0.0000000000000000      0.6666666666666666      0.5000000000000000
  134    5  128      0.1666666666666667      0.5000000000000000      0.5000000000000000
  134    6   98      0.1666666666666667      0.6666666666666666      0.3333333333333333
  135      0.3333333333333333      0.6666666666666666      0.5000000000000000
  135    1  136      0.5000000000000000      0.6666666666666666      0.5000000000000000
  135    2  141      0.3333333333333333      0.8333333333333334      0.5000000000000000
  135    3  171      0.3333333333333333      0.6666666666666666      0.6666666666666666
  135    4  134      0.1666666666666667      0.6666666666666666      0.5000000000000000
  135    5  129      0.3333333333333333      0.5000000000000000      0.5000000000000000
  135    6   99      0.3333333333333333      0.6666666666666666      0.3333333333333333
  136      0.5000000000000000      0.6666666666666666      0.5000000000000000
  136    1  137      0.6666666666666666      0.6666666666666666      0.5000000000000000
  136    2  142      0.5000000000000000      0.8333333333333334      0.5000000000000000
  136    3  172      0.5000000000000000      0.6666666666666666      0.6666666666666666
  136    4  135      0.3333333333333333      0.6666666666666666      0.5000000000000000
  136    5  130      0.5000000000000000      0.5000000000000000      0.5000000000000000
  136    6  100      0.5000000000000000      0.6666666666666666      0.3333333333333333
  137      0.6666666666666666      0.6666666666666666      0.5000000000000000
  137    1  138      0.8333333333333334      0.6666666666666666      0.5000000000000000
  137    2  143      0.6666666666666666      0.8333333333333334      0.5000000000000000
  137    3  173      0.6666666666666666      0.6666666666666666      0.6666666666666666
  137    4  136      0.5000000000000000      0.6666666666666666      0.5000000000000000
  137    5  131      0.6666666666666666      0.5000000000000000      0.5000000000000000
  137    6  101      0.6666666666666666      0.6666666666666666      0.3333333333333333
  138      0.8333333333333334      0.6666666666666666      0.5000000000000000
  138    1  133      0.0000000000000000      0.6666666666666666      0.5000000000000000
  138    2  144      0.8333333333333334      0.8333333333333334      0.5000000000000000
  138    3  174      0.8333333333333334      0.6666666666666666      0.6666666666666666
  138    4  137      0.6666666666666666      0.6666666666666666      0.5000000000000000
  138    5  132      0.8333333333333334      0.5000000000000000      0.5000000000000000
  138    6  102      0.8333333333333334      0.6666666666666666      0.3333333333333333
  139      0.0000000000000000      0.8333333333333334      0.5000000000000000
  139    1  140      0.1666666666666667      0.8333333333333334      0.5000000000000000
  139    2  109      0.0000000000000000      0.0000000000000000      0.5000000000000000
  139    3  175      0.0000000000000000      0.8333333333333334      0.6666666666666666
  139    4  144      0.8333333333333334      0.8333333333333334      0.5000000000000000
  139    5  133      0.0000000000000000      0.6666666666666666      0.5000000000000000
  139    6  103      0.0000000000000000      0.8333333333333334      0.3333333333333333
  140      0.1666666666666667      0.8333333333333334      0.5000000000000000
  140    1  141      0.3333333333333333      0.8333333333333334      0.5000000000000000
  140    2  110      0.1666666666666667      0.0000000000000000      0.5000000000000000
  140    3  176      0.1666666666666667      0.8333333333333334      0.6666666666666666
  140    4  139      0.0000000000000000      0.8333333333333334      0.5000000000000000
  140    5  134      0.1666666666666667      0.6666666666666666      0.5000000000000000
  140    6  104      0.1666666666666667      0.8333333333333334      0.3333333333333333
  141      0.3333333333333333      0.8333333333333334      0.5000000000000000
  141    1  142      0.5000000000000000      0.8333333333333334      0.5000000000000000
  141    2  111      0.3333333333333333      0.0000000000000000      0.5000000000000000
  141    3  177      0.3333333333333333      0.8333333333333334      0.6666666666666666
  141    4  140      0.1666666666666667      0.8333333333333334      0.5000000000000000
  141    5  135      0.3333333333333333      0.6666666666666666      0.5000000000000000
  141    6  105      0.3333333333333333      0.8333333333333334      0.3333333333333333
  142      0.5000000000000000      0.8333333333333334      0.5000000000000000
  142    1  143      0.6666666666666666      0.8333333333333334      0.5000000000000000
  142    2  112      0.5000000000000000      0.0000000000000000      0.5000000000000000
  142    3  178      0.5000000000000000      0.8333333333333334      0.6666666666666666
  142    4  141      0.3333333333333333      0.8333333333333334      0.5000000000000000
  142    5  136      0.5000000000000000      0.6666666666666666      0.5000000000000000
  142    6  106      0.5000000000000000      0.8333333333333334      0.3333333333333333
  143      0.6666666666666666      0.8333333333333334      0.5000000000000000
  143    1  144      0.8333333333333334      0.8333333333333334      0.5000000000000000
  143    2  113      0.6666666666666666      0.0000000000000000      0.5000000000000000
  143    3  179      0.6666666666666666      0.8333333333333334      0.6666666666666666
  143    4  142      0.5000000000000000      0.8333333333333334      0.5000000000000000
  143    5  137      0.6666666666666666      0.6666666666666666      0.5000000000000000
  143    6  107      0.6666666666666666      0.8333333333333334      0.3333333333333333
  144      0.8333333333333334      0.8333333333333334      0.5000000000000000
  144    1  139      0.0000000000000000      0.8333333333333334      0.5000000000000000
  144    2  114      0.8333333333333334      0.0000000000000000      0.5000000000000000
  144    3  180      0.8333333333333334      0.8333333333333334      0.6666666666666666
  144    4  143      0.6666666666666666      0.8333333333333334      0.5000000000000000
  144    5  138      0.8333333333333334      0.6666666666666666      0.5000000000000000
  144    6  108      0.8333333333333334      0.8333333333333334      0.3333333333333333
  145      0.0000000000000000      0.0000000000000000      0.6666666666666666
  145    1  146      0.1666666666666667      0.0000000000000000      0.6666666666666666
  145    2  151      0.0000000000000000      0.1666666666666667      0.6666666666666666
  145    3  181      0.0000000000000000      0.0000000000000000      0.8333333333333334
  145    4  150      0.8333333333333334      0.0000000000000000      0.6666666666666666
  145    5  175      0.0000000000000000      0.8333333333333334      0.6666666666666666
  145    6  109      0.0000000000000000      0.0000000000000000      0.5000000000000000
  146      0.1666666666666667      0.0000000000000000      0.6666666666666666
  146    1  147      0.3333333333333333      0.0000000000000000      0.6666666666666666
  146    2  152      0.1666666666666667      0.1666666666666667      0.6666666666666666
  146    3  182      0.1666666666666667      0.0000000000000000      0.8333333333333334
  146    4  145      0.0000000000000000      0.0000000000000000      0.6666666666666666
  146    5  176      0.1666666666666667      0.8333333333333334      0.6666666666666666
  146    6  110      0.1666666666666667      0.0000000000000000      0.5000000000000000
  147      0.3333333333333333      0.0000000000000000      0.6666666666666666
  147    1  148      0.5000000000000000      0.0000000000000000      0.6666666666666666
  147    2  153      0.3333333333333333      0.1666666666666667      0.6666666666666666
  147    3  183      0.3333333333333333      0.0000000000000000      0.8333333333333334
  147    4  146      0.1666666666666667      0.0000000000000000      0.6666666666666666
  147    5  177      0.3333333333333333      0.8333333333333334      0.6666666666666666
  147    6  111      0.3333333333333333      0.0000000000000000      0.5000000000000000
  148      0.5000000000000000      0.0000000000000000      0.6666666666666666
  148    1  149      0.6666666666666666      0.0000000000000000      0.6666666666666666
  148    2  154      0.5000000000000000      0.1666666666666667      0.6666666666666666
  148    3  184      0.5000000000000000      0.0000000000000000      0.8333333333333334
  148    4  147      0.3333333333333333      0.0000000000000000      0.6666666666666666
  148    5  178      0.5000000000000000      0.8333333333333334      0.6666666666666666
  148    6  112      0.5000000000000000      0.0000000000000000      0.5000000000000000
  149      0.6666666666666666      0.0000000000000000      0.6666666666666666
  149    1  150      0.8333333333333334      0.0000000000000000      0.6666666666666666
  149    2  155      0.6666666666666666      0.1666666666666667      0.6666666666666666
  149    3  185      0.6666666666666666      0.0000000000000000      0.8333333333333334
  149    4  148      0.5000000000000000      0.0000000000000000      0.6666666666666666
  149    5  179      0.6666666666666666      0.8333333333333334      0.6666666666666666
  149    6  113      0.6666666666666666      0.0000000000000000      0.5000000000000000
  150      0.8333333333333334      0.0000000000000000      0.6666666666666666
  150    1  145      0.0000000000000000      0.0000000000000000      0.6666666666666666
  150    2  156      0.8333333333333334      0.1666666666666667      0.6666666666666666
  150    3  186      0.8333333333333334      0.0000000000000000      0.8333333333333334
  150    4  149      0.6666666666666666      0.0000000000000000      0.6666666666666666
  150    5  180      0.8333333333333334      0.8333333333333334      0.6666666666666666
  150    6  114      0.8333333333333334      0.0000000000000000      0.5000000000000000
  151      0.0000000000000000      0.1666666666666667      0.6666666666666666
  151    1  152      0.1666666666666667      0.1666666666666667      0.6666666666666666
  151    2  157      0.0000000000000000      0.3333333333333333      0.6666666666666666
  151    3  187      0.0000000000000000      0.1666666666666667      0.8333333333333334
  151    4  156      0.8333333333333334      0.1666666666666667      0.6666666666666666
  151    5  145      0.0000000000000000      0.0000000000000000      0.6666666666666666
  151    6  115      0.0000000000000000      0.1666666666666667      0.5000000000000000
  152      0.1666666666666667      0.1666666666666667      0.6666666666666666
  152    1  153      0.3333333333333333      0.1666666666666667      0.6666666666666666
  152    2  158      0.1666666666666667      0.3333333333333333      0.6666666666666666
  152    3  188      0.1666666666666667      0.1666666666666667      0.8333333333333334
  152    4  151      0.0000000000000000      0.1666666666666667      0.6666666666666666
  152    5  146      0.1666666666666667      0.0000000000000000      0.6666666666666666
  152    6  116      0.1666666666666667      0.1666666666666667      0.5000000000000000
  153      0.3333333333333333      0.1666666666666667      0.6666666666666666
  153    1  154      0.5000000000000000      0.1666666666666667      0.6666666666666666
  153    2  159      0.3333333333333333      0.3333333333333333      0.6666666666666666
  153    3  189      0.3333333333333333      0.1666666666666667      0.8333333333333334
  153    4  152      0.1666666666666667      0.1666666666666667      0.6666666666666666
  153    5  147      0.3333333333333333      0.0000000000000000      0.6666666666666666
  153    6  117      0.3333333333333333      0.1666666666666667      0.5000000000000000
  154      0.5000000000000000      0.1666666666666667      0.6666666666666666
  154    1  155      0.6666666666666666      0.1666666666666667      0.6666666666666666
  154    2  160      0.5000000000000000      0.3333333333333333      0.6666666666666666
  154    3  190      0.5000000000000000      0.1666666666666667      0.8333333333333334
  154    4  153      0.3333333333333333      0.1666666666666667      0.6666666666666666
  154    5  148      0.5000000000000000      0.0000000000000000      0.6666666666666666
  154    6  118      0.5000000000000000      0.1666666666666667      0.5000000000000000
  155      0.6666666666666666      0.1666666666666667      0.6666666666666666
  155    1  156      0.8333333333333334      0.1666666666666667      0.6666666666666666
  155    2  161      0.6666666666666666      0.3333333333333333      0.6666666666666666
  155    3  191      0.6666666666666666      0.1666666666666667      0.8333333333333334
  155    4  154      0.5000000000000000      0.1666666666666667      0.6666666666666666
  155    5  149      0.6666666666666666      0.0000000000000000      0.6666666666666666
  155    6  119      0.6666666666666666      0.1666666666666667      0.5000000000000000
  156      0.8333333333333334      0.1666666666666667      0.6666666666666666
  156    1  151      0.0000000000000000      0.1666666666666667      0.6666666666666666
  156    2  162      0.8333333333333334      0.3333333333333333      0.6666666666666666
  156    3  192      0.8333333333333334      0.1666666666666667      0.8333333333333334
  156    4  155      0.6666666666666666      0.1666666666666667      0.6666666666666666
  156    5  150      0.8333333333333334      0.0000000000000000      0.6666666666666666
  156    6  120      0.8333333333333334      0.1666666666666667      0.5000000000000000
  157      0.0000000000000000      0.3333333333333333      0.6666666666666666
  157    1  158      0.1666666666666667      0.3333333333333333      0.6666666666666666
  157    2  163      0.0000000000000000      0.5000000000000000      0.6666666666666666
  157    3  193      0.0000000000000000      0.3333333333333333      0.8333333333333334
  157    4  162      0.8333333333333334      0.3333333333333333      0.6666666666666666
  157    5  151      0.0000000000000000      0.1666666666666667      0.6666666666666666
  157    6  121      0.0000000000000000      0.3333333333333333      0.5000000000000000
  158      0.1666666666666667      0.3333333333333333      0.6666666666666666
  158    1  159      0.3333333333333333      0.3333333333333333      0.6666666666666666
  158    2  164      0.1666666666666667      0.5000000000000000      0.6666666666666666
  158    3  194      0.1666666666666667      0.3333333333333333      0.8333333333333334
  158    4  157      0.0000000000000000      0.3333333333333333      0.6666666666666666
  158    5  152      0.1666666666666667      0.1666666666666667      0.6666666666666666
  158    6  122      0.1666666666666667      0.3333333333333333      0.5000000000000000
  159      0.3333333333333333      0.3333333333333333      0.6666666666666666
  159    1  160      0.5000000000000000      0.3333333333333333      0.6666666666666666
  159    2  165      0.3333333333333333      0.5000000000000000      0.6666666666666666
  159    3  195      0.3333333333333333      0.3333333333333333      0.8333333333333334
  159    4  158      0.1666666666666667      0.3333333333333333      0.6666666666666666
  159    5  153      0.3333333333333333      0.1666666666666667      0.6666666666666666
  159    6  123      0.3333333333333333      0.3333333333333333      0.5000000000000000
  160      0.5000000000000000      0.3333333333333333      0.6666666666666666
  160    1  161      0.6666666666666666      0.3333333333333333      0.6666666666666666
  160    2  166      0.5000000000000000      0.5000000000000000      0.6666666666666666
  160    3  196      0.5000000000000000      0.3333333333333333      0.8333333333333334
  160    4  159      0.3333333333333333      0.3333333333333333      0.6666666666666666
  160    5  154      0.5000000000000000      0.1666666666666667      0.6666666666666666
  160    6  124      0.5000000000000000      0.3333333333333333      0.5000000000000000
  161      0.6666666666666666      0.3333333333333333      0.6666666666666666
  161    1  162      0.8333333333333334      0.3333333333333333      0.6666666666666666
  161    2  167      0.6666666666666666      0.5000000000000000      0.6666666666666666
  161    3  197      0.6666666666666666      0.3333333333333333      0.8333333333333334
  161    4  160      0.5000000000000000      0.3333333333333333      0.6666666666666666
  161    5  155      0.6666666666666666      0.1666666666666667      0.6666666666666666
  161    6  125      0.6666666666666666      0.3333333333333333      0.5000000000000000
  162      0.8333333333333334      0.3333333333333333      0.6666666666666666
  162    1  157      0.0000000000000000      0.3333333333333333      0.6666666666666666
  162    2  168      0.8333333333333334      0.5000000000000000      0.6666666666666666
  162    3  198      0.8333333333333334      0.3333333333333333      0.8333333333333334
  162    4  161      0.6666666666666666      0.3333333333333333      0.6666666666666666
  162    5  156      0.8333333333333334      0.1666666666666667      0.6666666666666666
  162    6  126      0.8333333333333334      0.3333333333333333      0.5000000000000000
  163      0.0000000000000000      0.5000000000000000      0.6666666666666666
  163    1  164      0.1666666666666667      0.5000000000000000      0.6666666666666666
  163    2  169      0.0000000000000000      0.6666666666666666      0.6666666666666666
  163    3  199      0.0000000000000000      0.5000000000000000      0.8333333333333334
  163    4  168      0.8333333333333334      0.5000000000000000      0.6666666666666666
  163    5  157      0.0000000000000000      0.3333333333333333      0.6666666666666666
  163    6  127      0.0000000000000000      0.5000000000000000      0.5000000000000000
  164      0.1666666666666667      0.5000000000000000      0.6666666666666666
  164    1  165      0.3333333333333333      0.5000000000000000      0.6666666666666666
  164    2  170      0.1666666666666667      0.6666666666666666      0.6666666666666666
  164    3  200      0.1666666666666667      0.5000000000000000      0.8333333333333334
  164    4  163      0.0000000000000000      0.5000000000000000      0.6666666666666666
  164    5  158      0.1666666666666667      0.3333333333333333      0.6666666666666666
  164    6  128      0.1666666666666667      0.5000000000000000      0.5000000000000000
  165      0.3333333333333333      0.5000000000000000      0.6666666666666666
  165    1  166      0.5000000000000000      0.5000000000000000      0.6666666666666666
  165    2  171      0.3333333333333333      0.6666666666666666      0.6666666666666666
  165    3  201      0.3333333333333333      0.5000000000000000      0.8333333333333334
  165    4  164      0.1666666666666667      0.5000000000000000      0.6666666666666666
  165    5  159      0.3333333333333333      0.3333333333333333      0.6666666666666666
  165    6  129      0.3333333333333333      0.5000000000000000      0.5000000000000000
  166      0.5000000000000000      0.5000000000000000      0.6666666666666666
  166    1  167      0.6666666666666666      0.5000000000000000      0.6666666666666666
  166    2  172      0.5000000000000000      0.6666666666666666      0.6666666666666666
  166    3  202      0.5000000000000000      0.5000000000000000      0.8333333333333334
  166    4  165      0.3333333333333333      0.5000000000000000      0.6666666666666666
  166    5  160      0.5000000000000000      0.3333333333333333      0.6666666666666666
  166    6  130      0.5000000000000000      0.5000000000000000      0.5000000000000000
  167      0.6666666666666666      0.5000000000000000      0.6666666666666666
  167    1  168      0.8333333333333334      0.5000000000000000      0.6666666666666666
  167    2  173      0.6666666666666666      0.6666666666666666      0.6666666666666666
  167    3  203      0.6666666666666666      0.5000000000000000      0.8333333333333334
  167    4  166      0.5000000000000000      0.5000000000000000      0.6666666666666666
  167    5  161      0.6666666666666666      0.3333333333333333      0.6666666666666666
  167    6  131      0.6666666666666666      0.5000000000000000      0.5000000000000000
  168      0.8333333333333334      0.5000000000000000      0.6666666666666666
  168    1  163      0.0000000000000000      0.5000000000000000      0.6666666666666666
  168    2  174      0.8333333333333334      0.6666666666666666      0.6666666666666666
  168    3  204      0.8333333333333334      0.5000000000000000      0.8333333333333334
  168    4  167      0.6666666666666666      0.5000000000000000      0.6666666666666666
  168    5  162      0.8333333333333334      0.3333333333333333      0.6666666666666666
  168    6  132      0.8333333333333334      0.5000000000000000      0.5000000000000000
  169      0.0000000000000000      0.6666666666666666      0.6666666666666666
  169    1  170      0.1666666666666667      0.6666666666666666      0.6666666666666666
  169    2  175      0.0000000000000000      0.8333333333333334      0.6666666666666666
  169    3  205      0.0000000000000000      0.6666666666666666      0.8333333333333334
  169    4  174      0.8333333333333334      0.6666666666666666      0.6666666666666666
  169    5  163      0.0000000000000000      0.5000000000000000      0.6666666666666666
  169    6  133      0.0000000000000000      0.6666666666666666      0.5000000000000000
  170      0.1666666666666667      0.6666666666666666      0.6666666666666666
  170    1  171      0.3333333333333333      0.6666666666666666      0.6666666666666666
  170    2  176      0.1666666666666667      0.8333333333333334      0.6666666666666666
  170    3  206      0.1666666666666667      0.6666666666666666      0.8333333333333334
  170    4  169      0.0000000000000000      0.6666666666666666      0.6666666666666666
  170    5  164      0.1666666666666667      0.5000000000000000      0.6666666666666666
  170    6  134      0.1666666666666667      0.6666666666666666      0.5000000000000000
  171      0.3333333333333333      0.6666666666666666      0.6666666666666666
  171    1  172      0.5000000000000000      0.6666666666666666      0.6666666666666666
  171    2  177      0.3333333333333333      0.8333333333333334      0.6666666666666666
  171    3  207      0.3333333333333333      0.6666666666666666      0.8333333333333334
  171    4  170      0.1666666666666667      0.6666666666666666      0.6666666666666666
  171    5  165      0.3333333333333333      0.5000000000000000      0.6666666666666666
  171    6  135      0.3333333333333333      0.6666666666666666      0.5000000000000000
  172      0.5000000000000000      0.6666666666666666      0.6666666666666666
  172    1  173      0.6666666666666666      0.6666666666666666      0.6666666666666666
  172    2  178      0.5000000000000000      0.8333333333333334      0.6666666666666666
  172    3  208      0.5000000000000000      0.6666666666666666      0.8333333333333334
  172    4  171      0.3333333333333333      0.6666666666666666      0.6666666666666666
  172    5  166      0.5000000000000000      0.5000000000000000      0.6666666666666666
  172    6  136      0.5000000000000000      0.6666666666666666      0.5000000000000000
  173      0.6666666666666666      0.6666666666666666      0.6666666666666666
  173    1  174      0.8333333333333334      0.6666666666666666      0.6666666666666666
  173    2  179      0.6666666666666666      0.8333333333333334      0.6666666666666666
  173    3  209      0.6666666666666666      0.6666666666666666      0.8333333333333334
  173    4  172      0.5000000000000000      0.6666666666666666      0.6666666666666666
  173    5  167      0.6666666666666666      0.5000000000000000      0.6666666666666666
  173    6  137      0.6666666666666666      0.6666666666666666      0.5000000000000000
  174      0.8333333333333334      0.6666666666666666      0.6666666666666666
  174    1  169      0.0000000000000000      0.6666666666666666      0.6666666666666666
  174    2  180      0.8333333333333334      0.8333333333333334      0.6666666666666666
  174    3  210      0.8333333333333334      0.6666666666666666      0.8333333333333334
  174    4  173      0.6666666666666666      0.6666666666666666      0.6666666666666666
  174    5  168      0.8333333333333334      0.5000000000000000      0.6666666666666666
  174    6  138      0.8333333333333334      0.6666666666666666      0.5000000000000000
  175      0.0000000000000000      0.8333333333333334      0.6666666666666666
  175    1  176      0.1666666666666667      0.8333333333333334      0.6666666666666666
  175    2  145      0.0000000000000000      0.0000000000000000      0.6666666666666666
  175    3  211      0.0000000000000000      0.8333333333333334      0.8333333333333334
  175    4  180      0.8333333333333334      0.8333333333333334      0.6666666666666666
  175    5  169      0.0000000000000000      0.6666666666666666      0.6666666666666666
  175    6  139      0.0000000000000000      0.8333333333333334      0.5000000000000000
  176      0.1666666666666667      0.8333333333333334      0.6666666666666666
  176    1  177      0.3333333333333333      0.8333333333333334      0.6666666666666666
  176    2  146      0.1666666666666667      0.0000000000000000      0.6666666666666666
  176    3  212      0.1666666666666667      0.8333333333333334      0.8333333333333334
  176    4  175      0.0000000000000000      0.8333333333333334      0.6666666666666666
  176    5  170      0.1666666666666667      0.6666666666666666      0.6666666666666666
  176    6  140      0.1666666666666667      0.8333333333333334      0.5000000000000000
  177      0.3333333333333333      0.8333333333333334      0.6666666666666666
  177    1  178      0.5000000000000000      0.8333333333333334      0.6666666666666666
  177    2  147      0.3333333333333333      0.0000000000000000      0.6666666666666666
  177    3  213      0.3333333333333333      0.8333333333333334      0.8333333333333334
  177    4  176      0.1666666666666667      0.8333333333333334      0.6666666666666666
  177    5  171      0.3333333333333333      0.6666666666666666      0.6666666666666666
  177    6  141      0.3333333333333333      0.8333333333333334      0.5000000000000000
  178      0.5000000000000000      0.8333333333333334      0.6666666666666666
  178    1  179      0.6666666666666666      0.8333333333333334      0.6666666666666666
  178    2  148      0.5000000000000000      0.0000000000000000      0.6666666666666666
  178    3  214      0.5000000000000000      0.8333333333333334      0.8333333333333334
  178    4  177      0.3333333333333333      0.8333333333333334      0.6666666666666666
  178    5  172      0.5000000000000000      0.6666666666666666      0.6666666666666666
  178    6  142      0.5000000000000000      0.8333333333333334      0.5000000000000000
  179      0.6666666666666666      0.8333333333333334      0.6666666666666666
  179    1  180      0.8333333333333334      0.8333333333333334      0.6666666666666666
  179    2  149      0.6666666666666666      0.0000000000000000      0.6666666666666666
  179    3  215      0.6666666666666666      0.8333333333333334      0.8333333333333334
  179    4  178      0.5000000000000000      0.8333333333333334      0.6666666666666666
  179    5  173      0.6666666666666666      0.6666666666666666      0.6666666666666666
  179    6  143      0.6666666666666666      0.8333333333333334      0.5000000000000000
  180      0.8333333333333334      0.8333333333333334      0.6666666666666666
  180    1  175      0.0000000000000000      0.8333333333333334      0.6666666666666666
  180    2  150      0.8333333333333334      0.0000000000000000      0.6666666666666666
  180    3  216      0.8333333333333334      0.8333333333333334      0.8333333333333334
  180    4  179      0.6666666666666666      0.8333333333333334      0.6666666666666666
  180    5  174      0.8333333333333334      0.6666666666666666      0.6666666666666666
  180    6  144      0.8333333333333334      0.8333333333333334      0.5000000000000000
  181      0.0000000000000000      0.0000000000000000      0.8333333333333334
  181    1  182      0.1666666666666667      0.0000000000000000      0.8333333333333334
  181    2  187      0.0000000000000000      0.1666666666666667      0.8333333333333334
  181    3    1      0.0000000000000000      0.0000000000000000      0.0000000000000000
  181    4  186      0.8333333333333334      0.0000000000000000      0.8333333333333334
  181    5  211      0.0000000000000000      0.8333333333333334      0.8333333333333334
  181    6  145      0.0000000000000000      0.0000000000000000      0.6666666666666666
  182      0.1666666666666667      0.0000000000000000      0.8333333333333334
  182    1  183      0.3333333333333333      0.0000000000000000      0.8333333333333334
  182    2  188      0.1666666666666667      0.1666666666666667      0.8333333333333334
  182    3    2      0.1666666666666667      0.0000000000000000      0.0000000000000000
  182    4  181      0.0000000000000000      0.0000000000000000      0.8333333333333334
  182    5  212      0.1666666666666667      0.8333333333333334      0.8333333333333334
  182    6  146      0.1666666666666667      0.0000000000000000      0.6666666666666666
  183      0.3333333333333333      0.0000000000000000      0.8333333333333334
  183    1  184      0.5000000000000000      0.0000000000000000      0.8333333333333334
  183    2  189      0.3333333333333333      0.1666666666666667      0.8333333333333334
  183    3    3      0.3333333333333333      0.0000000000000000      0.0000000000000000
  183    4  182      0.1666666666666667      0.0000000000000000      0.8333333333333334
  183    5  213      0.3333333333333333      0.8333333333333334      0.8333333333333334
  183    6  147      0.3333333333333333      0.0000000000000000      0.6666666666666666
  184      0.5000000000000000      0.0000000000000000      0.8333333333333334
  184    1  185      0.6666666666666666      0.0000000000000000      0.8333333333333334
  184    2  190      0.5000000000000000      0.1666666666666667      0.8333333333333334
  184    3    4      0.5000000000000000      0.0000000000000000      0.0000000000000000
  184    4  183      0.3333333333333333      0.0000000000000000      0.8333333333333334
  184    5  214      0.5000000000000000      0.8333333333333334      0.8333333333333334
  184    6  148      0.5000000000000000      0.0000000000000000      0.6666666666666666
  185      0.6666666666666666      0.0000000000000000      0.8333333333333334
  185    1  186      0.8333333333333334      0.0000000000000000      0.8333333333333334
  185    2  191      0.6666666666666666      0.1666666666666667      0.8333333333333334
  185    3    5      0.6666666666666666      0.0000000000000000      0.0000000000000000
  185    4  184      0.5000000000000000      0.0000000000000000      0.8333333333333334
  185    5  215      0.6666666666666666      0.8333333333333334      0.8333333333333334
  185    6  149      0.6666666666666666      0.0000000000000000      0.6666666666666666
  186      0.8333333333333334      0.0000000000000000      0.8333333333333334
  186    1  181      0.0000000000000000      0.0000000000000000      0.8333333333333334
  186    2  192      0.8333333333333334      0.1666666666666667      0.8333333333333334
  186    3    6      0.8333333333333334      0.0000000000000000      0.0000000000000000
  186    4  185      0.6666666666666666      0.0000000000000000      0.8333333333333334
  186    5  216      0.8333333333333334      0.8333333333333334      0.8333333333333334
  186    6  150      0.8333333333333334      0.0000000000000000      0.6666666666666666
  187      0.0000000000000000      0.1666666666666667      0.8333333333333334
  187    1  188      0.1666666666666667      0.1666666666666667      0.8333333333333334
  187    2  193      0.0000000000000000      0.3333333333333333      0.8333333333333334
  187    3    7      0.0000000000000000      0.1666666666666667      0.0000000000000000
  187    4  192      0.8333333333333334      0.1666666666666667      0.8333333333333334
  187    5  181      0.0000000000000000      0.0000000000000000      0.8333333333333334
  187    6  151      0.0000000000000000      0.1666666666666667      0.6666666666666666
  188      0.1666666666666667      0.1666666666666667      0.8333333333333334
  188    1  189      0.3333333333333333      0.1666666666666667      0.8333333333333334
  188    2  194      0.1666666666666667      0.3333333333333333      0.8333333333333334
  188    3    8      0.1666666666666667      0.1666666666666667      0.0000000000000000
  188    4  187      0.0000000000000000      0.1666666666666667      0.8333333333333334
  188    5  182      0.1666666666666667      0.0000000000000000      0.8333333333333334
  188    6  152      0.1666666666666667      0.1666666666666667      0.6666666666666666
  189      0.3333333333333333      0.1666666666666667      0.8333333333333334
  189    1  190      0.5000000000000000      0.1666666666666667      0.8333333333333334
  189    2  195      0.3333333333333333      0.3333333333333333      0.8333333333333334
  189    3    9      0.3333333333333333      0.1666666666666667      0.0000000000000000
  189    4  188      0.1666666666666667      0.1666666666666667      0.8333333333333334
  189    5  183      0.3333333333333333      0.0000000000000000      0.8333333333333334
  189    6  153      0.3333333333333333      0.1666666666666667      0.6666666666666666
  190      0.5000000000000000      0.1666666666666667      0.8333333333333334
  190    1  191      0.6666666666666666      0.1666666666666667      0.8333333333333334
  190    2  196      0.5000000000000000      0.3333333333333333      0.8333333333333334
  190    3   10      0.5000000000000000      0.1666666666666667      0.0000000000000000
  190    4  189      0.3333333333333333      0.1666666666666667      0.8333333333333334
  190    5  184      0.5000000000000000      0.0000000000000000      0.8333333333333334
  190    6  154      0.5000000000000000      0.1666666666666667      0.6666666666666666
  191      0.6666666666666666      0.1666666666666667      0.8333333333333334
  191    1  192      0.8333333333333334      0.1666666666666667      0.8333333333333334
  191    2  197      0.6666666666666666      0.3333333333333333      0.8333333333333334
  191    3   11      0.6666666666666666      0.1666666666666667      0.0000000000000000
  191    4  190      0.5000000000000000      0.1666666666666667      0.8333333333333334
  191    5  185      0.6666666666666666      0.0000000000000000      0.8333333333333334
  191    6  155      0.6666666666666666      0.1666666666666667      0.6666666666666666
  192      0.8333333333333334      0.1666666666666667      0.8333333333333334
  192    1  187      0.0000000000000000      0.1666666666666667      0.8333333333333334
  192    2  198      0.8333333333333334      0.3333333333333333      0.8333333333333334
  192    3   12      0.8333333333333334      0.1666666666666667      0.0000000000000000
  192    4  191      0.6666666666666666      0.1666666666666667      0.8333333333333334
  192    5  186      0.8333333333333334      0.0000000000000000      0.8333333333333334
  192    6  156      0.8333333333333334      0.1666666666666667      0.6666666666666666
  193      0.0000000000000000      0.3333333333333333      0.8333333333333334
  193    1  194      0.1666666666666667      0.3333333333333333      0.8333333333333334
  193    2  199      0.0000000000000000      0.5000000000000000      0.8333333333333334
  193    3   13      0.0000000000000000      0.3333333333333333      0.0000000000000000
  193    4  198      0.8333333333333334      0.3333333333333333      0.8333333333333334
  193    5  187      0.0000000000000000      0.1666666666666667      0.8333333333333334
  193    6  157      0.0000000000000000      0.3333333333333333      0.6666666666666666
  194      0.1666666666666667      0.3333333333333333      0.8333333333333334
  194    1  195      0.3333333333333333      0.3333333333333333      0.8333333333333334
  194    2  200      0.1666666666666667      0.5000000000000000      0.8333333333333334
  194    3   14      0.1666666666666667      0.3333333333333333      0.0000000000000000
  194    4  193      0.0000000000000000      0.3333333333333333      0.8333333333333334
  194    5  188      0.1666666666666667      0.1666666666666667      0.8333333333333334
  194    6  158      0.1666666666666667      0.3333333333333333      0.6666666666666666
  195      0.3333333333333333      0.3333333333333333      0.8333333333333334
  195    1  196      0.5000000000000000      0.3333333333333333      0.8333333333333334
  195    2  201      0.3333333333333333      0.5000000000000000      0.8333333333333334
  195    3   15      0.3333333333333333      0.3333333333333333      0.0000000000000000
  195    4  194      0.1666666666666667      0.3333333333333333      0.8333333333333334
  195    5  189      0.3333333333333333      0.1666666666666667      0.8333333333333334
  195    6  159      0.3333333333333333      0.3333333333333333      0.6666666666666666
  196      0.5000000000000000      0.3333333333333333      0.8333333333333334
  196    1  197      0.6666666666666666      0.3333333333333333      0.8333333333333334
  196    2  202      0.5000000000000000      0.5000000000000000      0.8333333333333334
  196    3   16      0.5000000000000000      0.3333333333333333      0.0000000000000000
  196    4  195      0.3333333333333333      0.3333333333333333      0.8333333333333334
  196    5  190      0.5000000000000000      0.1666666666666667      0.8333333333333334
  196    6  160      0.5000000000000000      0.3333333333333333      0.6666666666666666
  197      0.6666666666666666      0.3333333333333333      0.8333333333333334
  197    1  198      0.8333333333333334      0.3333333333333333      0.8333333333333334
  197    2  203      0.6666666666666666      0.5000000000000000      0.8333333333333334
  197    3   17      0.6666666666666666      0.3333333333333333      0.0000000000000000
  197    4  196      0.5000000000000000      0.3333333333333333      0.8333333333333334
  197    5  191      0.6666666666666666      0.1666666666666667      0.8333333333333334
  197    6  161      0.6666666666666666      0.3333333333333333      0.6666666666666666
  198      0.8333333333333334      0.3333333333333333      0.8333333333333334
  198    1  193      0.0000000000000000      0.3333333333333333      0.8333333333333334
  198    2  204      0.8333333333333334      0.5000000000000000      0.8333333333333334
  198    3   18      0.8333333333333334      0.3333333333333333      0.0000000000000000
  198    4  197      0.6666666666666666      0.3333333333333333      0.8333333333333334
  198    5  192      0.8333333333333334      0.1666666666666667      0.8333333333333334
  198    6  162      0.8333333333333334      0.3333333333333333      0.6666666666666666
  199      0.0000000000000000      0.5000000000000000      0.8333333333333334
  199    1  200      0.1666666666666667      0.5000000000000000      0.8333333333333334
  199    2  205      0.0000000000000000      0.6666666666666666      0.8333333333333334
  199    3   19      0.0000000000000000      0.5000000000000000      0.0000000000000000
  199    4  204      0.8333333333333334      0.5000000000000000      0.8333333333333334
  199    5  193      0.0000000000000000      0.3333333333333333      0.8333333333333334
  199    6  163      0.0000000000000000      0.5000000000000000      0.6666666666666666
  200      0.1666666666666667      0.5000000000000000      0.8333333333333334
  200    1  201      0.3333333333333333      0.5000000000000000      0.8333333333333334
  200    2  206      0.1666666666666667      0.6666666666666666      0.8333333333333334
  200    3   20      0.1666666666666667      0.5000000000000000      0.0000000000000000
  200    4  199      0.0000000000000000      0.5000000000000000      0.8333333333333334
  200    5  194      0.1666666666666667      0.3333333333333333      0.8333333333333334
  200    6  164      0.1666666666666667      0.5000000000000000      0.6666666666666666
  201      0.3333333333333333      0.5000000000000000      0.8333333333333334
  201    1  202      0.5000000000000000      0.5000000000000000      0.8333333333333334
  201    2  207      0.3333333333333333      0.6666666666666666      0.8333333333333334
  201    3   21      0.3333333333333333      0.5000000000000000      0.0000000000000000
  201    4  200      0.1666666666666667      0.5000000000000000      0.8333333333333334
  201    5  195      0.3333333333333333      0.3333333333333333      0.8333333333333334
  201    6  165      0.3333333333333333      0.5000000000000000      0.6666666666666666
  202      0.5000000000000000      0.5000000000000000      0.8333333333333334
  202    1  203      0.6666666666666666      0.5000000000000000      0.8333333333333334
  202    2  208      0.5000000000000000      0.6666666666666666      0.8333333333333334
  202    3   22      0.5000000000000000      0.5000000000000000      0.0000000000000000
  202    4  201      0.3333333333333333      0.5000000000000000      0.8333333333333334
  202    5  196      0.5000000000000000      0.3333333333333333      0.8333333333333334
  202    6  166      0.5000000000000000      0.5000000000000000      0.6666666666666666
  203      0.6666666666666666      0.5000000000000000      0.8333333333333334
  203    1  204      0.8333333333333334      0.5000000000000000      0.8333333333333334
  203    2  209      0.6666666666666666      0.6666666666666666      0.8333333333333334
  203    3   23      0.6666666666666666      0.5000000000000000      0.0000000000000000
  203    4  202      0.5000000000000000      0.5000000000000000      0.8333333333333334
  203    5  197      0.6666666666666666      0.3333333333333333      0.8333333333333334
  203    6  167      0.6666666666666666      0.5000000000000000      0.6666666666666666
  204      0.8333333333333334      0.5000000000000000      0.8333333333333334
  204    1  199      0.0000000000000000      0.5000000000000000      0.8333333333333334
  204    2  210      0.8333333333333334      0.6666666666666666      0.8333333333333334
  204    3   24      0.8333333333333334      0.5000000000000000      0.0000000000000000
  204    4  203      0.6666666666666666      0.5000000000000000      0.8333333333333334
  204    5  198      0.8333333333333334      0.3333333333333333      0.8333333333333334
  204    6  168      0.8333333333333334      0.5000000000000000      0.6666666666666666
  205      0.0000000000000000      0.6666666666666666      0.8333333333333334
  205    1  206      0.1666666666666667      0.6666666666666666      0.8333333333333334
  205    2  211      0.0000000000000000      0.8333333333333334      0.8333333333333334
  205    3   25      0.0000000000000000      0.6666666666666666      0.0000000000000000
  205    4  210      0.8333333333333334      0.6666666666666666      0.8333333333333334
  205    5  199      0.0000000000000000      0.5000000000000000      0.8333333333333334
  205    6  169      0.0000000000000000      0.6666666666666666      0.6666666666666666
  206      0.1666666666666667      0.6666666666666666      0.8333333333333334
  206    1  207      0.3333333333333333      0.6666666666666666      0.8333333333333334
  206    2  212      0.1666666666666667      0.8333333333333334      0.8333333333333334
  206    3   26      0.1666666666666667      0.6666666666666666      0.0000000000000000
  206    4  205      0.0000000000000000      0.6666666666666666      0.8333333333333334
  206    5  200      0.1666666666666667      0.5000000000000000      0.8333333333333334
  206    6  170      0.1666666666666667      0.6666666666666666      0.6666666666666666
  207      0.3333333333333333      0.6666666666666666      0.8333333333333334
  207    1  208      0.5000000000000000      0.6666666666666666      0.8333333333333334
  207    2  213      0.3333333333333333      0.8333333333333334      0.8333333333333334
  207    3   27      0.3333333333333333      0.6666666666666666      0.0000000000000000
  207    4  206      0.1666666666666667      0.6666666666666666      0.8333333333333334
  207    5  201      0.3333333333333333      0.5000000000000000      0.8333333333333334
  207    6  171      0.3333333333333333      0.6666666666666666      0.6666666666666666
  208      0.5000000000000000      0.6666666666666666      0.8333333333333334
  208    1  209      0.6666666666666666      0.6666666666666666      0.8333333333333334
  208    2  214      0.5000000000000000      0.8333333333333334      0.8333333333333334
  208    3   28      0.5000000000000000      0.6666666666666666      0.0000000000000000
  208    4  207      0.3333333333333333      0.6666666666666666      0.8333333333333334
  208    5  202      0.5000000000000000      0.5000000000000000      0.8333333333333334
  208    6  172      0.5000000000000000      0.6666666666666666      0.6666666666666666
  209      0.6666666666666666      0.6666666666666666      0.8333333333333334
  209    1  210      0.8333333333333334      0.6666666666666666      0.8333333333333334
  209    2  215      0.6666666666666666      0.8333333333333334      0.8333333333333334
  209    3   29      0.6666666666666666      0.6666666666666666      0.0000000000000000
  209    4  208      0.5000000000000000      0.6666666666666666      0.8333333333333334
  209    5  203      0.6666666666666666      0.5000000000000000      0.8333333333333334
  209    6  173      0.6666666666666666      0.6666666666666666      0.6666666666666666
  210      0.8333333333333334      0.6666666666666666      0.8333333333333334
  210    1  205      0.0000000000000000      0.6666666666666666      0.8333333333333334
  210    2  216      0.8333333333333334      0.8333333333333334      0.8333333333333334
  210    3   30      0.8333333333333334      0.6666666666666666      0.0000000000000000
  210    4  209      0.6666666666666666      0.6666666666666666      0.8333333333333334
  210    5  204      0.8333333333333334      0.5000000000000000      0.8333333333333334
  210    6  174      0.8333333333333334      0.6666666666666666      0.6666666666666666
  211      0.0000000000000000      0.8333333333333334      0.8333333333333334
  211    1  212      0.1666666666666667      0.8333333333333334      0.8333333333333334
  211    2  181      0.0000000000000000      0.0000000000000000      0.8333333333333334
  211    3   31      0.0000000000000000      0.8333333333333334      0.0000000000000000
  211    4  216      0.8333333333333334      0.8333333333333334      0.8333333333333334
  211    5  205      0.0000000000000000      0.6666666666666666      0.8333333333333334
  211    6  175      0.0000000000000000      0.8333333333333334      0.6666666666666666
  212      0.1666666666666667      0.8333333333333334      0.8333333333333334
  212    1  213      0.3333333333333333      0.8333333333333334      0.8333333333333334
  212    2  182      0.1666666666666667      0.0000000000000000      0.8333333333333334
  212    3   32      0.1666666666666667      0.8333333333333334      0.0000000000000000
  212    4  211      0.0000000000000000      0.8333333333333334      0.8333333333333334
  212    5  206      0.1666666666666667      0.6666666666666666      0.8333333333333334
  212    6  176      0.1666666666666667      0.8333333333333334      0.6666666666666666
  213      0.3333333333333333      0.8333333333333334      0.8333333333333334
  213    1  214      0.5000000000000000      0.8333333333333334      0.8333333333333334
  213    2  183      0.3333333333333333      0.0000000000000000      0.8333333333333334
  213    3   33      0.3333333333333333      0.8333333333333334      0.0000000000000000
  213    4  212      0.1666666666666667      0.8333333333333334      0.8333333333333334
  213    5  207      0.3333333333333333      0.6666666666666666      0.8333333333333334
  213    6  177      0.3333333333333333      0.8333333333333334      0.6666666666666666
  214      0.5000000000000000      0.8333333333333334      0.8333333333333334
  214    1  215      0.6666666666666666      0.8333333333333334      0.8333333333333334
  214    2  184      0.5000000000000000      0.0000000000000000      0.8333333333333334
  214    3   34      0.5000000000000000      0.8333333333333334      0.0000000000000000
  214    4  213      0.3333333333333333      0.8333333333333334      0.8333333333333334
  214    5  208      0.5000000000000000      0.6666666666666666      0.8333333333333334
  214    6  178      0.5000000000000000      0.8333333333333334      0.6666666666666666
  215      0.6666666666666666      0.8333333333333334      0.8333333333333334
  215    1  216      0.8333333333333334      0.8333333333333334      0.8333333333333334
  215    2  185      0.6666666666666666      0.0000000000000000      0.8333333333333334
  215    3   35      0.6666666666666666      0.8333333333333334      0.0000000000000000
  215    4  214      0.5000000000000000      0.8333333333333334      0.8333333333333334
  215    5  209      0.6666666666666666      0.6666666666666666      0.8333333333333334
  215    6  179      0.6666666666666666      0.8333333333333334      0.6666666666666666
  216      0.8333333333333334      0.8333333333333334      0.8333333333333334
  216    1  211      0.0000000000000000      0.8333333333333334      0.8333333333333334
  216    2  186      0.8333333333333334      0.0000000000000000      0.8333333333333334
  216    3   36      0.8333333333333334      0.8333333333333334      0.0000000000000000
  216    4  215      0.6666666666666666      0.8333333333333334      0.8333333333333334
  216    5  210      0.8333333333333334      0.6666666666666666      0.8333333333333334
  216    6  180      0.8333333333333334      0.8333333333333334      0.6666666666666666
