1 0.020624  0.000002  0.000000  0.000003  0.001577  0.000001  0.007035  0.000002  0.001252  0.000002  0.000000  0.000002  0.000000  0.000008  0.000000  0.000000  0.010508  0.000001  0.000000  0.000002  0.000898  0.000000  0.003662  0.000001  0.000559  0.000783  0.000011  0.006551  0.000004  0.004433  0.000000  0.000134  0.000000  0.004233  0.000000  0.000000  0.000000  0.000000  0.000000  0.003478  0.000000  0.006942  0.000001  0.001782  0.000001  0.005045  0.000000  0.000029  0.000000  0.001502  0.000000  0.000000  0.000000  0.000000  0.000000  0.000005  0.000000  0.000011  0.000000  0.000008  0.009995  0.005497  0.000000  0.008937  0.007403  0.000001  0.004698  0.000001  0.002593  0.005890  0.004898  0.000000  0.006599  0.009995  0.005496  0.000000  0.008936  0.007398  0.000001  0.004679  0.000001  0.002603  0.005890  0.004898  0.000000  0.006598  0.017603  0.007423  0.000000  0.009262  0.002615  0.000002  0.005229  0.000000  0.001394  0.010548  0.006297  0.000000  0.007104  0.017603  0.007422  0.000000  0.009262  0.002594  0.000002  0.005240  0.000000  0.001378  0.010548  0.006297  0.000000  0.007104
1 0.022892  0.000000  0.000000  0.000000  0.000008  0.000000  0.004437  0.000000  0.000783  0.000000  0.000000  0.000000  0.000000  0.000000  0.000000  0.000000  0.009013  0.000000  0.000000  0.000000  0.000004  0.000000  0.001618  0.000000  0.000189  0.000000  0.000000  0.000002  0.000000  0.000000  0.000000  0.000007  0.000000  0.003781  0.000000  0.000000  0.000000  0.000000  0.000000  0.000111  0.000000  0.000220  0.000000  0.000002  0.000000  0.005229  0.000000  0.000001  0.000000  0.001048  0.000000  0.000000  0.000000  0.000000  0.000000  0.000000  0.000000  0.000000  0.000000  0.000000  0.008343  0.007209  0.000000  0.010288  0.013110  0.000000  0.006234  0.000000  0.001914  0.003437  0.003806  0.000000  0.004789  0.008343  0.007209  0.000000  0.010288  0.013110  0.000000  0.006234  0.000000  0.001914  0.003437  0.003806  0.000000  0.004789  0.014535  0.008925  0.000000  0.010341  0.009555  0.000000  0.012132  0.000000  0.001299  0.006074  0.004603  0.000000  0.005002  0.014535  0.008925  0.000000  0.010341  0.009555  0.000000  0.012132  0.000000  0.001299  0.006074  0.004603  0.000000  0.005002
2 0.000002  0.070084  0.000000  0.000555  0.000002  0.000000  0.000000  0.000000  0.000001  0.010556  0.000005  0.005322  0.000004  0.016704  0.000005  0.005270  0.000001  0.039165  0.000000  0.000281  0.000001  0.000000  0.000000  0.000000  0.000001  0.000034  0.000000  0.000009  0.000001  0.000012  0.000125  0.000000  0.000000  0.000011  0.008445  0.000002  0.002070  0.000000  0.000204  0.000013  0.000000  0.000019  0.000000  0.000020  0.000000  0.000005  0.000006  0.000000  0.000000  0.000006  0.004556  0.000001  0.000955  0.000000  0.000103  0.004302  0.000007  0.007023  0.000022  0.003543  0.009045  0.003199  0.000000  0.006457  0.023768  0.000000  0.017124  0.000003  0.001933  0.006189  0.003711  0.000000  0.006620  0.009045  0.003202  0.000000  0.006456  0.023830  0.000000  0.017125  0.000003  0.002012  0.006189  0.003714  0.000000  0.006619  0.011214  0.002069  0.000000  0.004641  0.010158  0.000005  0.013686  0.000005  0.004292  0.007700  0.001110  0.000000  0.004775  0.011214  0.002068  0.000000  0.004638  0.010154  0.000005  0.013769  0.000005  0.004258  0.007700  0.001109  0.000000  0.004772
2 0.000000  0.037221  0.000000  0.000009  0.000000  0.000000  0.000000  0.000000  0.000000  0.000912  0.000000  0.006233  0.000000  0.000441  0.000000  0.000164  0.000000  0.018606  0.000000  0.000005  0.000000  0.000000  0.000000  0.000000  0.000000  0.000000  0.000000  0.000000  0.000000  0.000000  0.000007  0.000000  0.000000  0.000000  0.006355  0.000000  0.000077  0.000000  0.000004  0.000000  0.000000  0.000000  0.000000  0.000000  0.000000  0.000000  0.000001  0.000000  0.000000  0.000000  0.002258  0.000000  0.000023  0.000000  0.000002  0.000002  0.000000  0.000000  0.000000  0.000000  0.008859  0.008514  0.000000  0.013850  0.019303  0.000000  0.007175  0.000000  0.012033  0.004300  0.004827  0.000000  0.007542  0.008859  0.008514  0.000000  0.013850  0.019303  0.000000  0.007175  0.000000  0.012033  0.004300  0.004827  0.000000  0.007542  0.010837  0.001251  0.000000  0.009941  0.000081  0.000000  0.024331  0.000000  0.013857  0.005147  0.000095  0.000000  0.005378  0.010837  0.001251  0.000000  0.009941  0.000081  0.000000  0.024331  0.000000  0.013857  0.005147  0.000095  0.000000  0.005378
3 0.000000  0.000000  0.075219  0.000001  0.000000  0.000000  0.000000  0.000000  0.000000  0.000004  0.007071  0.000007  0.004259  0.000003  0.000262  0.000004  0.000000  0.000000  0.041752  0.000000  0.000000  0.000000  0.000000  0.000000  0.000000  0.000000  0.000009  0.000000  0.000012  0.000000  0.000000  0.000000  0.000000  0.000000  0.000001  0.000106  0.000000  0.001840  0.000002  0.000000  0.000006  0.000001  0.000002  0.000001  0.000008  0.000000  0.000000  0.000000  0.000000  0.000000  0.000000  0.000014  0.000000  0.001050  0.000002  0.000004  0.000868  0.000003  0.003763  0.000013  0.000000  0.000001  0.002936  0.000000  0.000000  0.006553  0.000001  0.001557  0.000004  0.000000  0.000001  0.002907  0.000000  0.000000  0.000001  0.002936  0.000000  0.000000  0.006523  0.000001  0.001553  0.000002  0.000000  0.000001  0.002907  0.000000  0.000000  0.000000  0.008110  0.000000  0.000005  0.033606  0.000005  0.035264  0.000002  0.000000  0.000000  0.009659  0.000000  0.000000  0.000000  0.008109  0.000000  0.000004  0.033572  0.000005  0.035236  0.000003  0.000000  0.000000  0.009658  0.000000
3 0.000000  0.000000  0.031242  0.000000  0.000000  0.000000  0.000000  0.000000  0.000000  0.000000  0.000132  0.000000  0.012894  0.000000  0.000180  0.000000  0.000000  0.000000  0.016521  0.000000  0.000000  0.000000  0.000000  0.000000  0.000000  0.000000  0.000000  0.000000  0.000000  0.000000  0.000000  0.000000  0.000000  0.000000  0.000000  0.000008  0.000000  0.001740  0.000000  0.000000  0.000000  0.000000  0.000000  0.000000  0.000000  0.000000  0.000000  0.000000  0.000000  0.000000  0.000000  0.000004  0.000000  0.000659  0.000000  0.000000  0.000000  0.000000  0.000001  0.000000  0.000000  0.000000  0.005039  0.000000  0.000000  0.009359  0.000000  0.010399  0.000000  0.000000  0.000000  0.002633  0.000000  0.000000  0.000000  0.005039  0.000000  0.000000  0.009359  0.000000  0.010399  0.000000  0.000000  0.000000  0.002633  0.000000  0.000000  0.000000  0.019434  0.000000  0.000000  0.027424  0.000000  0.027843  0.000000  0.000000  0.000000  0.011233  0.000000  0.000000  0.000000  0.019434  0.000000  0.000000  0.027424  0.000000  0.027843  0.000000  0.000000  0.000000  0.011233  0.000000
4 0.000003  0.000555  0.000001  0.070211  0.000008  0.000000  0.000009  0.000000  0.000007  0.008528  0.000009  0.015110  0.000003  0.007870  0.000015  0.010843  0.000001  0.000286  0.000000  0.039592  0.000003  0.000000  0.000004  0.000000  0.000004  0.000088  0.000001  0.000220  0.000000  0.000090  0.004222  0.000011  0.000000  0.000000  0.001579  0.000001  0.001634  0.000001  0.002250  0.000081  0.000000  0.000070  0.000000  0.000018  0.000000  0.000071  0.001374  0.000006  0.000000  0.000001  0.000913  0.000001  0.001159  0.000000  0.001102  0.003779  0.000001  0.003098  0.000006  0.000189  0.012694  0.006946  0.000000  0.000340  0.019045  0.000001  0.018527  0.000005  0.002652  0.007919  0.007287  0.000000  0.002141  0.012694  0.006953  0.000000  0.000331  0.019107  0.000000  0.018666  0.000004  0.001831  0.007918  0.007295  0.000000  0.002131  0.012959  0.004740  0.000000  0.005208  0.005330  0.000000  0.016325  0.000013  0.003474  0.008378  0.005035  0.000000  0.002711  0.012958  0.004732  0.000000  0.005194  0.005478  0.000000  0.015476  0.000011  0.003235  0.008376  0.005028  0.000000  0.002696
4 0.000000  0.000009  0.000000  0.038496  0.000000  0.000000  0.000000  0.000000  0.000000  0.000173  0.000000  0.000460  0.000000  0.005134  0.000000  0.000194  0.000000  0.000005  0.000000  0.018891  0.000000  0.000000  0.000000  0.000000  0.000000  0.000000  0.000000  0.000000  0.000000  0.000000  0.003781  0.000000  0.000000  0.000000  0.000023  0.000000  0.001049  0.000000  0.002633  0.000000  0.000000  0.000000  0.000000  0.000000  0.000000  0.000000  0.000920  0.000000  0.000000  0.000000  0.000007  0.000000  0.000422  0.000000  0.000803  0.000000  0.000000  0.000000  0.000000  0.000001  0.012132  0.013868  0.000000  0.005323  0.015048  0.000000  0.010299  0.000000  0.011977  0.005276  0.007548  0.000000  0.003737  0.012132  0.013868  0.000000  0.005323  0.015048  0.000000  0.010299  0.000000  0.011977  0.005276  0.007548  0.000000  0.003737  0.012324  0.009954  0.000000  0.003372  0.000733  0.000000  0.023624  0.000000  0.012963  0.005540  0.005382  0.000000  0.000715  0.012324  0.009954  0.000000  0.003372  0.000733  0.000000  0.023624  0.000000  0.012963  0.005540  0.005382  0.000000  0.000715
5 0.001577  0.000002  0.000000  0.000008  0.042819  0.000002  0.019804  0.000005  0.000226  0.000010  0.000000  0.000019  0.000000  0.000019  0.000000  0.000007  0.000619  0.000001  0.000000  0.000005  0.032394  0.000001  0.009790  0.000003  0.000021  0.165886  0.000023  0.008811  0.000040  0.000940  0.000000  0.008366  0.000000  0.001671  0.000000  0.000000  0.000000  0.000000  0.000001  0.016120  0.000001  0.009776  0.000003  0.021608  0.000001  0.005314  0.000000  0.002870  0.000000  0.000674  0.000000  0.000000  0.000000  0.000000  0.000001  0.000004  0.000000  0.000018  0.000000  0.000006  0.036512  0.033929  0.000001  0.028104  0.009676  0.000001  0.000022  0.000001  0.003674  0.021000  0.023569  0.000000  0.020315  0.036513  0.033929  0.000001  0.028106  0.009675  0.000001  0.000008  0.000001  0.003696  0.021000  0.023568  0.000000  0.020317  0.025149  0.002376  0.000001  0.000402  0.003527  0.000005  0.024721  0.000001  0.002631  0.014677  0.002140  0.000000  0.001206  0.025149  0.002375  0.000001  0.000403  0.003519  0.000005  0.024710  0.000001  0.002599  0.014677  0.002139  0.000000  0.001206
5 0.000008  0.000000  0.000000  0.000000  0.307971  0.000000  0.000259  0.000000  0.000002  0.000000  0.000000  0.000000  0.000000  0.000000  0.000000  0.000000  0.000008  0.000000  0.000000  0.000000  0.189250  0.000000  0.000022  0.000000  0.000000  0.676468  0.000000  0.000000  0.000000  0.000000  0.000000  0.006355  0.000000  0.000023  0.000000  0.000000  0.000000  0.000000  0.000000  0.010679  0.000000  0.006373  0.000000  0.000640  0.000000  0.000098  0.000000  0.002122  0.000000  0.000004  0.000000  0.000000  0.000000  0.000000  0.000000  0.000000  0.000000  0.000000  0.000000  0.000000  0.018836  0.023114  0.000000  0.018758  0.042734  0.000000  0.016954  0.000000  0.005346  0.009243  0.012874  0.000000  0.011159  0.018836  0.023114  0.000000  0.018758  0.042734  0.000000  0.016954  0.000000  0.005346  0.009243  0.012874  0.000000  0.011159  0.013438  0.000986  0.000000  0.000163  0.004519  0.000000  0.051972  0.000000  0.001711  0.006568  0.001069  0.000000  0.000782  0.013438  0.000986  0.000000  0.000163  0.004519  0.000000  0.051972  0.000000  0.001711  0.006568  0.001069  0.000000  0.000782
6 0.000001  0.000000  0.000000  0.000000  0.000002  0.064852  0.000003  0.006072  0.000000  0.000000  0.000003  0.000000  0.000001  0.000000  0.000001  0.000000  0.000000  0.000000  0.000000  0.000000  0.000002  0.042958  0.000002  0.002867  0.000001  0.000012  0.179066  0.000022  0.001184  0.000033  0.000000  0.000003  0.000113  0.000003  0.000000  0.000000  0.000000  0.000000  0.000000  0.000003  0.009797  0.000002  0.002147  0.000005  0.001171  0.000006  0.000000  0.000002  0.000044  0.000002  0.000000  0.000000  0.000000  0.000000  0.000000  0.000000  0.000004  0.000000  0.000007  0.000000  0.000000  0.000004  0.014600  0.000007  0.000001  0.008275  0.000001  0.014669  0.000000  0.000000  0.000003  0.010094  0.000005  0.000000  0.000004  0.014600  0.000007  0.000001  0.008271  0.000001  0.014664  0.000000  0.000000  0.000003  0.010094  0.000005  0.000000  0.000001  0.047760  0.000002  0.000012  0.001361  0.000008  0.019771  0.000001  0.000000  0.000001  0.033884  0.000001  0.000000  0.000001  0.047760  0.000002  0.000012  0.001378  0.000008  0.019780  0.000001  0.000000  0.000001  0.033884  0.000001
6 0.000000  0.000000  0.000000  0.000000  0.000000  0.300031  0.000000  0.000061  0.000000  0.000000  0.000000  0.000000  0.000000  0.000000  0.000000  0.000000  0.000000  0.000000  0.000000  0.000000  0.000000  0.186327  0.000000  0.000012  0.000000  0.000000  0.676471  0.000000  0.000000  0.000000  0.000000  0.000000  0.000008  0.000000  0.000000  0.000000  0.000000  0.000000  0.000000  0.000000  0.010325  0.000000  0.000043  0.000000  0.000002  0.000000  0.000000  0.000000  0.000005  0.000000  0.000000  0.000000  0.000000  0.000000  0.000000  0.000000  0.000000  0.000000  0.000000  0.000000  0.000000  0.000000  0.010159  0.000000  0.000000  0.016675  0.000000  0.024776  0.000000  0.000000  0.000000  0.005432  0.000000  0.000000  0.000000  0.010159  0.000000  0.000000  0.016675  0.000000  0.024776  0.000000  0.000000  0.000000  0.005432  0.000000  0.000000  0.000000  0.032259  0.000000  0.000000  0.015153  0.000000  0.056337  0.000000  0.000000  0.000000  0.018222  0.000000  0.000000  0.000000  0.032259  0.000000  0.000000  0.015153  0.000000  0.056337  0.000000  0.000000  0.000000  0.018222  0.000000
7 0.007035  0.000000  0.000000  0.000009  0.019804  0.000003  0.027671  0.000004  0.001199  0.000011  0.000000  0.000022  0.000000  0.000018  0.000000  0.000010  0.002170  0.000000  0.000000  0.000005  0.009907  0.000002  0.023718  0.000003  0.000613  0.010777  0.000004  0.145265  0.000046  0.000253  0.000000  0.002064  0.000000  0.001525  0.000000  0.000000  0.000000  0.000000  0.000001  0.004853  0.000002  0.002045  0.000009  0.018088  0.000003  0.004692  0.000000  0.000600  0.000000  0.000841  0.000000  0.000000  0.000000  0.000000  0.000001  0.000006  0.000000  0.000008  0.000000  0.000002  0.018226  0.014579  0.000001  0.017373  0.000463  0.000005  0.007185  0.000000  0.000585  0.010994  0.011030  0.000001  0.012775  0.018226  0.014580  0.000001  0.017370  0.000453  0.000005  0.007184  0.000000  0.000606  0.010994  0.011031  0.000001  0.012772  0.033253  0.041665  0.000000  0.040781  0.032694  0.000004  0.028475  0.000001  0.000447  0.018688  0.027846  0.000000  0.027356  0.033254  0.041667  0.000000  0.040780  0.032712  0.000004  0.028479  0.000001  0.000506  0.018688  0.027847  0.000000  0.027355
7 0.004437  0.000000  0.000000  0.000000  0.000259  0.000000  0.319413  0.000000  0.000758  0.000000  0.000000  0.000000  0.000000  0.000000  0.000000  0.000000  0.001338  0.000000  0.000000  0.000000  0.000024  0.000000  0.194263  0.000000  0.000233  0.000000  0.000000  0.676465  0.000000  0.000000  0.000000  0.000077  0.000000  0.001049  0.000000  0.000000  0.000000  0.000000  0.000000  0.000317  0.000000  0.000070  0.000000  0.009336  0.000000  0.002213  0.000000  0.000017  0.000000  0.000393  0.000000  0.000000  0.000000  0.000000  0.000000  0.000000  0.000000  0.000000  0.000000  0.000000  0.009467  0.009314  0.000000  0.012473  0.017119  0.000000  0.021717  0.000000  0.002028  0.004886  0.005865  0.000000  0.007165  0.009467  0.009314  0.000000  0.012473  0.017119  0.000000  0.021717  0.000000  0.002028  0.004886  0.005865  0.000000  0.007165  0.016957  0.026943  0.000000  0.026190  0.051917  0.000000  0.037079  0.000000  0.000513  0.008219  0.014242  0.000000  0.013974  0.016957  0.026943  0.000000  0.026190  0.051917  0.000000  0.037079  0.000000  0.000513  0.008219  0.014242  0.000000  0.013974
8 0.000002  0.000000  0.000000  0.000000  0.000005  0.006072  0.000004  0.065056  0.000007  0.000000  0.000006  0.000000  0.000000  0.000000  0.000001  0.000000  0.000001  0.000000  0.000000  0.000000  0.000003  0.002917  0.000002  0.043262  0.000004  0.000043  0.000388  0.000066  0.184321  0.000019  0.000000  0.000002  0.001827  0.000003  0.000000  0.000000  0.000000  0.000000  0.000000  0.000009  0.000724  0.000005  0.003822  0.000005  0.002637  0.000010  0.000000  0.000001  0.000691  0.000001  0.000000  0.000000  0.000000  0.000000  0.000000  0.000000  0.000000  0.000000  0.000013  0.000000  0.000001  0.000009  0.015726  0.000010  0.000000  0.014849  0.000000  0.008169  0.000001  0.000000  0.000006  0.010579  0.000007  0.000001  0.000009  0.015726  0.000010  0.000000  0.014843  0.000001  0.008168  0.000001  0.000000  0.000006  0.010578  0.000007  0.000001  0.000006  0.048204  0.000003  0.000012  0.020120  0.000003  0.000610  0.000002  0.000001  0.000004  0.034087  0.000002  0.000001  0.000006  0.048204  0.000003  0.000012  0.020090  0.000003  0.000607  0.000002  0.000001  0.000004  0.034087  0.000002
8 0.000000  0.000000  0.000000  0.000000  0.000000  0.000061  0.000000  0.300335  0.000000  0.000000  0.000000  0.000000  0.000000  0.000000  0.000000  0.000000  0.000000  0.000000  0.000000  0.000000  0.000000  0.000012  0.000000  0.186420  0.000000  0.000000  0.000000  0.000000  0.676470  0.000000  0.000000  0.000000  0.001740  0.000000  0.000000  0.000000  0.000000  0.000000  0.000000  0.000000  0.000042  0.000000  0.009081  0.000000  0.002709  0.000000  0.000000  0.000000  0.000618  0.000000  0.000000  0.000000  0.000000  0.000000  0.000000  0.000000  0.000000  0.000000  0.000000  0.000000  0.000000  0.000000  0.011247  0.000000  0.000000  0.024746  0.000000  0.014787  0.000000  0.000000  0.000000  0.005863  0.000000  0.000000  0.000000  0.011247  0.000000  0.000000  0.024746  0.000000  0.014787  0.000000  0.000000  0.000000  0.005863  0.000000  0.000000  0.000000  0.032690  0.000000  0.000000  0.056330  0.000000  0.014066  0.000000  0.000000  0.000000  0.018381  0.000000  0.000000  0.000000  0.032690  0.000000  0.000000  0.056330  0.000000  0.014066  0.000000  0.000000  0.000000  0.018381  0.000000
9 0.001252  0.000001  0.000000  0.000007  0.000226  0.000000  0.001199  0.000007  0.064749  0.000002  0.000000  0.000009  0.000000  0.000013  0.000000  0.000003  0.000351  0.000001  0.000000  0.000004  0.000137  0.000001  0.000609  0.000004  0.042965  0.001090  0.000048  0.000005  0.000010  0.169032  0.000000  0.000089  0.000001  0.002108  0.000001  0.000000  0.000001  0.000000  0.000000  0.003847  0.000003  0.000811  0.000008  0.003626  0.000011  0.005090  0.000000  0.000046  0.000001  0.000628  0.000001  0.000000  0.000000  0.000000  0.000000  0.000017  0.000000  0.000034  0.000000  0.000005  0.003044  0.015484  0.000001  0.015389  0.001227  0.000003  0.000437  0.000005  0.022875  0.001440  0.010275  0.000001  0.009978  0.003044  0.015484  0.000001  0.015390  0.001236  0.000003  0.000359  0.000005  0.022873  0.001440  0.010276  0.000001  0.009979  0.001999  0.018059  0.000002  0.017226  0.000957  0.000007  0.001156  0.000004  0.010505  0.000793  0.011883  0.000002  0.011384  0.001999  0.018059  0.000002  0.017226  0.000961  0.000008  0.001159  0.000004  0.010472  0.000793  0.011883  0.000002  0.011384
9 0.000783  0.000000  0.000000  0.000000  0.000002  0.000000  0.000758  0.000000  0.307624  0.000000  0.000000  0.000000  0.000000  0.000000  0.000000  0.000000  0.000159  0.000000  0.000000  0.000000  0.000000  0.000000  0.000233  0.000000  0.189181  0.000000  0.000000  0.000000  0.000000  0.676468  0.000000  0.000004  0.000000  0.002633  0.000000  0.000000  0.000000  0.000000  0.000000  0.000014  0.000000  0.000078  0.000000  0.000821  0.000000  0.010645  0.000000  0.000001  0.000000  0.000763  0.000000  0.000000  0.000000  0.000000  0.000000  0.000000  0.000000  0.000000  0.000000  0.000000  0.002096  0.012859  0.000000  0.012773  0.005296  0.000000  0.001995  0.000000  0.043571  0.000688  0.006457  0.000000  0.006327  0.002096  0.012859  0.000000  0.012773  0.005296  0.000000  0.001995  0.000000  0.043571  0.000688  0.006457  0.000000  0.006327  0.001389  0.014705  0.000000  0.013765  0.001643  0.000000  0.000523  0.000000  0.019258  0.000394  0.007287  0.000000  0.006934  0.001389  0.014705  0.000000  0.013765  0.001643  0.000000  0.000523  0.000000  0.019258  0.000394  0.007287  0.000000  0.006934
10 0.000002  0.010556  0.000004  0.008528  0.000010  0.000000  0.000011  0.000000  0.000002  1.807862  0.000019  0.032459  0.000042  0.017608  0.000069  0.039518  0.000001  0.004267  0.000003  0.003618  0.000004  0.000000  0.000003  0.000000  0.000001  0.000036  0.000000  0.000475  0.000001  0.000160  0.003472  0.000013  0.000000  0.000082  0.016267  0.000013  0.004921  0.000008  0.003959  0.000000  0.000000  0.000071  0.000000  0.000137  0.000000  0.000017  0.001119  0.000008  0.000000  0.000048  0.007459  0.000008  0.002502  0.000006  0.002638  0.027061  0.000027  0.005657  0.000085  0.001342  0.029707  0.028949  0.000001  0.001125  0.076353  0.000020  0.059753  0.000003  0.000508  0.018273  0.025150  0.000001  0.000928  0.029705  0.028956  0.000001  0.001122  0.076342  0.000022  0.059488  0.000002  0.000292  0.018274  0.025153  0.000001  0.000923  0.013723  0.009830  0.000002  0.011875  0.013862  0.000055  0.029357  0.000027  0.059840  0.009096  0.009269  0.000001  0.010768  0.013724  0.009826  0.000002  0.011875  0.013839  0.000056  0.028025  0.000029  0.059887  0.009092  0.009269  0.000001  0.010767
10 0.000000  0.000912  0.000000  0.000173  0.000000  0.000000  0.000000  0.000000  0.000000  0.676907  0.000000  0.001612  0.000000  0.003277  0.000000  0.002342  0.000000  0.000186  0.000000  0.000002  0.000000  0.000000  0.000000  0.000000  0.000000  0.000000  0.000000  0.000000  0.000000  0.000000  0.000111  0.000000  0.000000  0.000000  0.010679  0.000000  0.000317  0.000000  0.000014  0.000000  0.000000  0.000000  0.000000  0.000000  0.000000  0.000000  0.000021  0.000000  0.000000  0.000000  0.004454  0.000000  0.000140  0.000000  0.000014  0.000004  0.000000  0.000000  0.000000  0.000000  0.021256  0.046619  0.000000  0.009888  0.056509  0.000000  0.010318  0.000000  0.076095  0.012243  0.030116  0.000000  0.007525  0.021256  0.046619  0.000000  0.009888  0.056509  0.000000  0.010318  0.000000  0.076095  0.012243  0.030116  0.000000  0.007525  0.009933  0.012446  0.000000  0.015504  0.012340  0.000000  0.056146  0.000000  0.010801  0.005591  0.008095  0.000000  0.008703  0.009933  0.012446  0.000000  0.015504  0.012340  0.000000  0.056146  0.000000  0.010801  0.005591  0.008095  0.000000  0.008703
11 0.000000  0.000005  0.007071  0.000009  0.000000  0.000003  0.000000  0.000006  0.000000  0.000019  1.907429  0.000002  0.004222  0.000001  0.014080  0.000049  0.000000  0.000003  0.002535  0.000006  0.000000  0.000003  0.000000  0.000005  0.000000  0.000001  0.000171  0.000001  0.000343  0.000001  0.000001  0.000000  0.000006  0.000000  0.000001  0.009922  0.000003  0.000826  0.000008  0.000000  0.000001  0.000000  0.000019  0.000000  0.000009  0.000000  0.000001  0.000000  0.000004  0.000000  0.000001  0.004855  0.000002  0.000452  0.000007  0.000063  0.027224  0.000054  0.010965  0.000043  0.000001  0.000000  0.028624  0.000003  0.000016  0.073103  0.000031  0.045825  0.000014  0.000000  0.000000  0.024293  0.000002  0.000001  0.000000  0.028620  0.000003  0.000016  0.073098  0.000031  0.045885  0.000014  0.000000  0.000000  0.024288  0.000002  0.000001  0.000002  0.048539  0.000000  0.000003  0.119313  0.000004  0.128901  0.000006  0.000001  0.000002  0.041938  0.000001  0.000001  0.000002  0.048542  0.000000  0.000003  0.119245  0.000005  0.128929  0.000005  0.000001  0.000002  0.041942  0.000001
11 0.000000  0.000000  0.000132  0.000000  0.000000  0.000000  0.000000  0.000000  0.000000  0.000000  0.666305  0.000000  0.000005  0.000000  0.000000  0.000000  0.000000  0.000000  0.000044  0.000000  0.000000  0.000000  0.000000  0.000000  0.000000  0.000000  0.000000  0.000000  0.000000  0.000000  0.000000  0.000000  0.000000  0.000000  0.000000  0.010325  0.000000  0.000042  0.000000  0.000000  0.000000  0.000000  0.000000  0.000000  0.000000  0.000000  0.000000  0.000000  0.000000  0.000000  0.000000  0.004411  0.000000  0.000018  0.000000  0.000000  0.000005  0.000000  0.000000  0.000000  0.000000  0.000000  0.032407  0.000000  0.000000  0.060540  0.000000  0.056077  0.000000  0.000000  0.000000  0.019581  0.000000  0.000000  0.000000  0.032407  0.000000  0.000000  0.060540  0.000000  0.056077  0.000000  0.000000  0.000000  0.019581  0.000000  0.000000  0.000000  0.077637  0.000000  0.000000  0.045761  0.000000  0.044858  0.000000  0.000000  0.000000  0.050450  0.000000  0.000000  0.000000  0.077637  0.000000  0.000000  0.045761  0.000000  0.044858  0.000000  0.000000  0.000000  0.050450  0.000000
12 0.000002  0.005322  0.000007  0.015110  0.000019  0.000000  0.000022  0.000000  0.000009  0.032459  0.000002  1.730083  0.000056  0.009984  0.000005  0.028359  0.000001  0.001583  0.000004  0.005004  0.000008  0.000000  0.000008  0.000000  0.000005  0.000241  0.000002  0.000721  0.000000  0.000161  0.006939  0.000019  0.000001  0.000070  0.009695  0.000002  0.002219  0.000009  0.000830  0.000070  0.000000  0.000000  0.000000  0.000193  0.000000  0.000108  0.002205  0.000011  0.000000  0.000042  0.004400  0.000002  0.000321  0.000007  0.001044  0.006405  0.000077  0.005619  0.000094  0.016071  0.020893  0.002497  0.000001  0.011135  0.082428  0.000012  0.039870  0.000015  0.012583  0.012352  0.002114  0.000001  0.011639  0.020896  0.002502  0.000001  0.011116  0.082489  0.000010  0.040131  0.000012  0.013943  0.012352  0.002125  0.000001  0.011615  0.056864  0.006857  0.000003  0.041098  0.095238  0.000029  0.068431  0.000026  0.005710  0.034997  0.007201  0.000003  0.036807  0.056865  0.006846  0.000003  0.041114  0.095520  0.000029  0.066290  0.000023  0.005354  0.034989  0.007195  0.000003  0.036825
12 0.000000  0.006233  0.000000  0.000460  0.000000  0.000000  0.000000  0.000000  0.000000  0.001612  0.000000  0.716354  0.000000  0.003072  0.000000  0.003269  0.000000  0.002210  0.000000  0.000017  0.000000  0.000000  0.000000  0.000000  0.000000  0.000000  0.000000  0.000000  0.000000  0.000000  0.000220  0.000000  0.000000  0.000000  0.006374  0.000000  0.000071  0.000000  0.000078  0.000000  0.000000  0.000000  0.000000  0.000000  0.000000  0.000000  0.000035  0.000000  0.000000  0.000000  0.002369  0.000000  0.000012  0.000000  0.000041  0.000002  0.000000  0.000000  0.000000  0.000000  0.013846  0.015931  0.000000  0.024006  0.027637  0.000000  0.040794  0.000000  0.017376  0.008492  0.011197  0.000000  0.016493  0.013846  0.015932  0.000000  0.024006  0.027637  0.000000  0.040794  0.000000  0.017376  0.008492  0.011197  0.000000  0.016493  0.040917  0.020475  0.000000  0.062393  0.042460  0.000000  0.003465  0.000000  0.076512  0.022999  0.014789  0.000000  0.039143  0.040917  0.020475  0.000000  0.062393  0.042460  0.000000  0.003465  0.000000  0.076512  0.022999  0.014789  0.000000  0.039143
13 0.000000  0.000004  0.004259  0.000003  0.000000  0.000001  0.000000  0.000000  0.000000  0.000042  0.004222  0.000056  1.946196  0.000030  0.016968  0.000079  0.000000  0.000002  0.002634  0.000002  0.000000  0.000000  0.000000  0.000000  0.000000  0.000000  0.000047  0.000000  0.000102  0.000000  0.000002  0.000000  0.000002  0.000000  0.000004  0.002365  0.000008  0.003823  0.000004  0.000000  0.000019  0.000000  0.000000  0.000000  0.000029  0.000001  0.000001  0.000000  0.000001  0.000000  0.000003  0.001697  0.000005  0.001727  0.000003  0.000039  0.007461  0.000010  0.007406  0.000068  0.000001  0.000003  0.019780  0.000001  0.000029  0.049058  0.000013  0.035496  0.000013  0.000001  0.000003  0.016916  0.000001  0.000001  0.000003  0.019780  0.000001  0.000029  0.049195  0.000014  0.035533  0.000012  0.000001  0.000003  0.016915  0.000001  0.000000  0.000002  0.033615  0.000004  0.000014  0.018617  0.000038  0.036406  0.000024  0.000000  0.000002  0.027591  0.000003  0.000000  0.000002  0.033614  0.000004  0.000014  0.018548  0.000037  0.036396  0.000024  0.000000  0.000002  0.027590  0.000003
13 0.000000  0.000000  0.012894  0.000000  0.000000  0.000000  0.000000  0.000000  0.000000  0.000000  0.000005  0.000000  0.630770  0.000000  0.001042  0.000000  0.000000  0.000000  0.005484  0.000000  0.000000  0.000000  0.000000  0.000000  0.000000  0.000000  0.000000  0.000000  0.000000  0.000000  0.000000  0.000000  0.000000  0.000000  0.000000  0.000043  0.000000  0.009081  0.000000  0.000000  0.000000  0.000000  0.000000  0.000000  0.000000  0.000000  0.000000  0.000000  0.000000  0.000000  0.000000  0.000050  0.000000  0.003774  0.000000  0.000000  0.000000  0.000000  0.000004  0.000000  0.000000  0.000000  0.027459  0.000000  0.000000  0.045773  0.000000  0.051684  0.000000  0.000000  0.000000  0.016153  0.000000  0.000000  0.000000  0.027459  0.000000  0.000000  0.045773  0.000000  0.051684  0.000000  0.000000  0.000000  0.016153  0.000000  0.000000  0.000000  0.037078  0.000000  0.000000  0.013502  0.000000  0.011152  0.000000  0.000000  0.000000  0.021485  0.000000  0.000000  0.000000  0.037078  0.000000  0.000000  0.013502  0.000000  0.011152  0.000000  0.000000  0.000000  0.021485  0.000000
14 0.000008  0.016704  0.000003  0.007870  0.000019  0.000000  0.000018  0.000000  0.000013  0.017608  0.000001  0.009984  0.000030  1.772921  0.000003  0.009457  0.000005  0.005945  0.000002  0.002901  0.000007  0.000000  0.000007  0.000000  0.000008  0.000357  0.000002  0.000479  0.000002  0.000238  0.001789  0.000021  0.000000  0.000017  0.021595  0.000001  0.018552  0.000009  0.003695  0.000134  0.000000  0.000193  0.000000  0.000000  0.000000  0.000129  0.001083  0.000012  0.000000  0.000010  0.010623  0.000001  0.009598  0.000007  0.001835  0.039374  0.000043  0.006240  0.000068  0.009141  0.022960  0.009486  0.000000  0.003120  0.093567  0.000010  0.028592  0.000018  0.033856  0.014210  0.009456  0.000000  0.002764  0.022962  0.009499  0.000000  0.003101  0.093718  0.000009  0.028770  0.000016  0.032412  0.014209  0.009470  0.000000  0.002743  0.056338  0.042443  0.000002  0.008242  0.084428  0.000005  0.046175  0.000031  0.006606  0.035000  0.036527  0.000001  0.008016  0.056338  0.042450  0.000002  0.008212  0.084060  0.000005  0.047898  0.000028  0.006266  0.035006  0.036533  0.000001  0.007983
14 0.000000  0.000441  0.000000  0.005134  0.000000  0.000000  0.000000  0.000000  0.000000  0.003277  0.000000  0.003072  0.000000  0.718649  0.000000  0.000497  0.000000  0.000018  0.000000  0.001882  0.000000  0.000000  0.000000  0.000000  0.000000  0.000000  0.000000  0.000000  0.000000  0.000000  0.000002  0.000000  0.000000  0.000000  0.000640  0.000000  0.009336  0.000000  0.000821  0.000000  0.000000  0.000000  0.000000  0.000000  0.000000  0.000000  0.000019  0.000000  0.000000  0.000000  0.000173  0.000000  0.003600  0.000000  0.000243  0.000000  0.000000  0.000003  0.000000  0.000000  0.016976  0.024078  0.000000  0.012562  0.022513  0.000000  0.047678  0.000000  0.017067  0.009773  0.016505  0.000000  0.009635  0.016976  0.024078  0.000000  0.012562  0.022513  0.000000  0.047678  0.000000  0.017067  0.009773  0.016505  0.000000  0.009635  0.040465  0.062433  0.000000  0.020735  0.042108  0.000000  0.005395  0.000000  0.075997  0.022851  0.039142  0.000000  0.014900  0.040465  0.062433  0.000000  0.020735  0.042108  0.000000  0.005395  0.000000  0.075997  0.022851  0.039142  0.000000  0.014900
15 0.000000  0.000005  0.000262  0.000015  0.000000  0.000001  0.000000  0.000001  0.000000  0.000069  0.014080  0.000005  0.016968  0.000003  1.854875  0.000058  0.000000  0.000004  0.000001  0.000009  0.000000  0.000000  0.000000  0.000001  0.000000  0.000000  0.000140  0.000000  0.000048  0.000000  0.000000  0.000000  0.000008  0.000000  0.000002  0.001351  0.000003  0.002653  0.000016  0.000000  0.000009  0.000000  0.000029  0.000000  0.000000  0.000000  0.000000  0.000000  0.000005  0.000000  0.000002  0.000442  0.000003  0.002775  0.000013  0.000019  0.012425  0.000052  0.052034  0.000109  0.000001  0.000003  0.002112  0.000002  0.000027  0.048826  0.000055  0.011339  0.000046  0.000000  0.000004  0.001349  0.000003  0.000001  0.000003  0.002111  0.000002  0.000028  0.048659  0.000055  0.011289  0.000045  0.000000  0.000004  0.001348  0.000003  0.000000  0.000004  0.001401  0.000005  0.000042  0.023999  0.000010  0.001675  0.000050  0.000000  0.000003  0.001161  0.000003  0.000000  0.000004  0.001402  0.000005  0.000043  0.024003  0.000010  0.001748  0.000050  0.000000  0.000003  0.001161  0.000003
15 0.000000  0.000000  0.000180  0.000000  0.000000  0.000000  0.000000  0.000000  0.000000  0.000000  0.000000  0.000000  0.001042  0.000000  0.663533  0.000000  0.000000  0.000000  0.000053  0.000000  0.000000  0.000000  0.000000  0.000000  0.000000  0.000000  0.000000  0.000000  0.000000  0.000000  0.000000  0.000000  0.000000  0.000000  0.000000  0.000002  0.000000  0.002709  0.000000  0.000000  0.000000  0.000000  0.000000  0.000000  0.000000  0.000000  0.000000  0.000000  0.000000  0.000000  0.000000  0.000002  0.000000  0.001087  0.000000  0.000000  0.000000  0.000000  0.000001  0.000000  0.000000  0.000000  0.001122  0.000000  0.000000  0.026860  0.000000  0.026251  0.000000  0.000000  0.000000  0.000474  0.000000  0.000000  0.000000  0.001122  0.000000  0.000000  0.026860  0.000000  0.026251  0.000000  0.000000  0.000000  0.000474  0.000000  0.000000  0.000000  0.000654  0.000000  0.000000  0.092213  0.000000  0.091061  0.000000  0.000000  0.000000  0.000256  0.000000  0.000000  0.000000  0.000654  0.000000  0.000000  0.092213  0.000000  0.091061  0.000000  0.000000  0.000000  0.000256  0.000000
16 0.000000  0.005270  0.000004  0.010843  0.000007  0.000000  0.000010  0.000000  0.000003  0.039518  0.000049  0.028359  0.000079  0.009457  0.000058  1.886018  0.000000  0.001919  0.000003  0.003945  0.000005  0.000000  0.000003  0.000000  0.000001  0.000048  0.000001  0.000402  0.000001  0.000055  0.005078  0.000005  0.000000  0.000071  0.005331  0.000008  0.004988  0.000010  0.005227  0.000017  0.000000  0.000108  0.000000  0.000127  0.000000  0.000000  0.001119  0.000003  0.000000  0.000043  0.002809  0.000006  0.002439  0.000009  0.002598  0.022938  0.000070  0.012944  0.000150  0.006086  0.034110  0.006533  0.000001  0.027445  0.099029  0.000045  0.063760  0.000004  0.048171  0.020353  0.003615  0.000001  0.024309  0.034108  0.006527  0.000001  0.027442  0.099065  0.000044  0.063670  0.000006  0.047665  0.020352  0.003612  0.000000  0.024309  0.014413  0.017705  0.000002  0.011726  0.007441  0.000080  0.030195  0.000074  0.041185  0.008751  0.014488  0.000003  0.011450  0.014413  0.017705  0.000002  0.011738  0.007468  0.000080  0.031062  0.000072  0.041070  0.008754  0.014492  0.000002  0.011463
16 0.000000  0.000164  0.000000  0.000194  0.000000  0.000000  0.000000  0.000000  0.000000  0.002342  0.000000  0.003269  0.000000  0.000497  0.000000  0.684061  0.000000  0.000002  0.000000  0.000149  0.000000  0.000000  0.000000  0.000000  0.000000  0.000000  0.000000  0.000000  0.000000  0.000000  0.005229  0.000000  0.000000  0.000000  0.000098  0.000000  0.002213  0.000000  0.010645  0.000000  0.000000  0.000000  0.000000  0.000000  0.000000  0.000000  0.001564  0.000000  0.000000  0.000000  0.000009  0.000000  0.000646  0.000000  0.004034  0.000000  0.000000  0.000000  0.000000  0.000004  0.023913  0.000546  0.000000  0.049196  0.058838  0.000000  0.013067  0.000000  0.070798  0.013215  0.003163  0.000000  0.031369  0.023913  0.000546  0.000000  0.049196  0.058838  0.000000  0.013067  0.000000  0.070798  0.013215  0.003163  0.000000  0.031369  0.009881  0.018792  0.000000  0.013805  0.016455  0.000000  0.056087  0.000000  0.006092  0.005553  0.009878  0.000000  0.008652  0.009881  0.018792  0.000000  0.013805  0.016455  0.000000  0.056087  0.000000  0.006092  0.005553  0.009878  0.000000  0.008652
17 0.010508  0.000001  0.000000  0.000001  0.000619  0.000000  0.002170  0.000001  0.000351  0.000001  0.000000  0.000001  0.000000  0.000005  0.000000  0.000000  0.005238  0.000000  0.000000  0.000001  0.000352  0.000000  0.001131  0.000000  0.000151  0.000398  0.000006  0.001882  0.000001  0.001886  0.000000  0.000009  0.000000  0.001378  0.000000  0.000000  0.000000  0.000000  0.000000  0.001120  0.000000  0.002205  0.000001  0.001080  0.000000  0.001105  0.000000  0.000005  0.000000  0.000506  0.000000  0.000000  0.000000  0.000000  0.000000  0.000003  0.000000  0.000004  0.000000  0.000004  0.003025  0.002263  0.000000  0.003167  0.002937  0.000001  0.001573  0.000000  0.000936  0.001836  0.002053  0.000000  0.002465  0.003025  0.002262  0.000000  0.003166  0.002935  0.000001  0.001567  0.000000  0.000942  0.001836  0.002053  0.000000  0.002465  0.005405  0.002939  0.000000  0.003398  0.001129  0.000001  0.001680  0.000000  0.000986  0.003341  0.002562  0.000000  0.002729  0.005405  0.002939  0.000000  0.003398  0.001118  0.000001  0.001685  0.000000  0.000975  0.003341  0.002562  0.000000  0.002729
17 0.009013  0.000000  0.000000  0.000000  0.000008  0.000000  0.001338  0.000000  0.000159  0.000000  0.000000  0.000000  0.000000  0.000000  0.000000  0.000000  0.003648  0.000000  0.000000  0.000000  0.000004  0.000000  0.000440  0.000000  0.000026  0.000000  0.000000  0.000112  0.000000  0.000003  0.000000  0.000001  0.000000  0.000920  0.000000  0.000000  0.000000  0.000000  0.000000  0.000021  0.000000  0.000035  0.000000  0.000019  0.000000  0.001564  0.000000  0.000000  0.000000  0.000208  0.000000  0.000000  0.000000  0.000000  0.000000  0.000000  0.000000  0.000000  0.000000  0.000000  0.002523  0.002693  0.000000  0.003405  0.005658  0.000000  0.002933  0.000000  0.000503  0.000985  0.001370  0.000000  0.001546  0.002523  0.002693  0.000000  0.003406  0.005658  0.000000  0.002933  0.000000  0.000503  0.000985  0.001370  0.000000  0.001546  0.004460  0.003267  0.000000  0.003556  0.004092  0.000000  0.005149  0.000000  0.000290  0.001760  0.001617  0.000000  0.001672  0.004460  0.003267  0.000000  0.003556  0.004092  0.000000  0.005149  0.000000  0.000290  0.001760  0.001617  0.000000  0.001672
18 0.000001  0.039165  0.000000  0.000286  0.000001  0.000000  0.000000  0.000000  0.000001  0.004267  0.000003  0.001583  0.000002  0.005945  0.000004  0.001919  0.000000  0.021935  0.000000  0.000144  0.000000  0.000000  0.000000  0.000000  0.000000  0.000019  0.000000  0.000004  0.000000  0.000007  0.000026  0.000000  0.000000  0.000006  0.002904  0.000001  0.000604  0.000000  0.000094  0.000007  0.000000  0.000011  0.000000  0.000012  0.000000  0.000003  0.000007  0.000000  0.000000  0.000004  0.001567  0.000001  0.000315  0.000000  0.000041  0.000271  0.000004  0.004089  0.000013  0.001912  0.003481  0.001530  0.000000  0.002953  0.012111  0.000000  0.008501  0.000002  0.000504  0.002506  0.001850  0.000000  0.003147  0.003481  0.001532  0.000000  0.002952  0.012146  0.000000  0.008502  0.000002  0.000552  0.002506  0.001852  0.000000  0.003146  0.004239  0.000598  0.000000  0.002125  0.005461  0.000003  0.005869  0.000003  0.001784  0.003059  0.000206  0.000000  0.002265  0.004239  0.000598  0.000000  0.002124  0.005459  0.000003  0.005920  0.000002  0.001763  0.003059  0.000205  0.000000  0.002263
18 0.000000  0.018606  0.000000  0.000005  0.000000  0.000000  0.000000  0.000000  0.000000  0.000186  0.000000  0.002210  0.000000  0.000018  0.000000  0.000002  0.000000  0.009452  0.000000  0.000003  0.000000  0.000000  0.000000  0.000000  0.000000  0.000000  0.000000  0.000000  0.000000  0.000000  0.000001  0.000000  0.000000  0.000000  0.002122  0.000000  0.000017  0.000000  0.000001  0.000000  0.000000  0.000000  0.000000  0.000000  0.000000  0.000000  0.000000  0.000000  0.000000  0.000000  0.000659  0.000000  0.000005  0.000000  0.000001  0.000139  0.000000  0.000000  0.000000  0.000000  0.003533  0.003770  0.000000  0.005938  0.009756  0.000000  0.004311  0.000000  0.005372  0.001657  0.002104  0.000000  0.003161  0.003533  0.003770  0.000000  0.005938  0.009756  0.000000  0.004311  0.000000  0.005372  0.001657  0.002104  0.000000  0.003161  0.004237  0.000151  0.000000  0.004240  0.000592  0.000000  0.011544  0.000000  0.006096  0.001935  0.000192  0.000000  0.002236  0.004237  0.000151  0.000000  0.004240  0.000592  0.000000  0.011544  0.000000  0.006096  0.001935  0.000192  0.000000  0.002236
19 0.000000  0.000000  0.041752  0.000000  0.000000  0.000000  0.000000  0.000000  0.000000  0.000003  0.002535  0.000004  0.002634  0.000002  0.000001  0.000003  0.000000  0.000000  0.023279  0.000000  0.000000  0.000000  0.000000  0.000000  0.000000  0.000000  0.000005  0.000000  0.000006  0.000000  0.000000  0.000000  0.000000  0.000000  0.000000  0.000041  0.000000  0.000698  0.000001  0.000000  0.000004  0.000000  0.000001  0.000000  0.000005  0.000000  0.000000  0.000000  0.000000  0.000000  0.000000  0.000017  0.000000  0.000385  0.000001  0.000003  0.000539  0.000001  0.001739  0.000006  0.000000  0.000000  0.001335  0.000000  0.000000  0.002782  0.000001  0.000037  0.000002  0.000000  0.000000  0.001344  0.000000  0.000000  0.000000  0.001335  0.000000  0.000000  0.002765  0.000001  0.000039  0.000001  0.000000  0.000000  0.001344  0.000000  0.000000  0.000000  0.004157  0.000000  0.000002  0.016246  0.000003  0.017516  0.000001  0.000000  0.000000  0.005011  0.000000  0.000000  0.000000  0.004157  0.000000  0.000002  0.016226  0.000003  0.017499  0.000002  0.000000  0.000000  0.005010  0.000000
19 0.000000  0.000000  0.016521  0.000000  0.000000  0.000000  0.000000  0.000000  0.000000  0.000000  0.000044  0.000000  0.005484  0.000000  0.000053  0.000000  0.000000  0.000000  0.008790  0.000000  0.000000  0.000000  0.000000  0.000000  0.000000  0.000000  0.000000  0.000000  0.000000  0.000000  0.000000  0.000000  0.000000  0.000000  0.000000  0.000005  0.000000  0.000618  0.000000  0.000000  0.000000  0.000000  0.000000  0.000000  0.000000  0.000000  0.000000  0.000000  0.000000  0.000000  0.000000  0.000002  0.000000  0.000207  0.000000  0.000000  0.000000  0.000000  0.000049  0.000000  0.000000  0.000000  0.002102  0.000000  0.000000  0.004507  0.000000  0.004856  0.000000  0.000000  0.000000  0.001049  0.000000  0.000000  0.000000  0.002102  0.000000  0.000000  0.004507  0.000000  0.004856  0.000000  0.000000  0.000000  0.001049  0.000000  0.000000  0.000000  0.008790  0.000000  0.000000  0.014212  0.000000  0.014343  0.000000  0.000000  0.000000  0.004958  0.000000  0.000000  0.000000  0.008790  0.000000  0.000000  0.014212  0.000000  0.014343  0.000000  0.000000  0.000000  0.004958  0.000000
20 0.000002  0.000281  0.000000  0.039592  0.000005  0.000000  0.000005  0.000000  0.000004  0.003618  0.000006  0.005004  0.000002  0.002901  0.000009  0.003945  0.000001  0.000144  0.000000  0.022293  0.000002  0.000000  0.000002  0.000000  0.000002  0.000053  0.000001  0.000130  0.000000  0.000053  0.001497  0.000007  0.000000  0.000000  0.000634  0.000001  0.000886  0.000000  0.000688  0.000048  0.000000  0.000042  0.000000  0.000010  0.000000  0.000043  0.000505  0.000004  0.000000  0.000000  0.000393  0.000000  0.000567  0.000000  0.000316  0.001979  0.000000  0.001158  0.000004  0.000629  0.004313  0.003333  0.000000  0.000752  0.009372  0.000001  0.009397  0.000003  0.000876  0.002867  0.003562  0.000000  0.001452  0.004314  0.003337  0.000000  0.000747  0.009410  0.000000  0.009480  0.000002  0.000388  0.002867  0.003567  0.000000  0.001446  0.004611  0.002243  0.000000  0.001673  0.002821  0.000000  0.007531  0.000007  0.001308  0.003160  0.002429  0.000000  0.000750  0.004610  0.002239  0.000000  0.001664  0.002909  0.000000  0.007030  0.000007  0.001166  0.003158  0.002424  0.000000  0.000741
20 0.000000  0.000005  0.000000  0.018891  0.000000  0.000000  0.000000  0.000000  0.000000  0.000002  0.000000  0.000017  0.000000  0.001882  0.000000  0.000149  0.000000  0.000003  0.000000  0.009494  0.000000  0.000000  0.000000  0.000000  0.000000  0.000000  0.000000  0.000000  0.000000  0.000000  0.001048  0.000000  0.000000  0.000000  0.000004  0.000000  0.000393  0.000000  0.000763  0.000000  0.000000  0.000000  0.000000  0.000000  0.000000  0.000000  0.000208  0.000000  0.000000  0.000000  0.000001  0.000000  0.000137  0.000000  0.000191  0.000000  0.000000  0.000033  0.000000  0.000033  0.004361  0.005939  0.000000  0.002865  0.008322  0.000000  0.005406  0.000000  0.005269  0.001844  0.003162  0.000000  0.001854  0.004361  0.005939  0.000000  0.002865  0.008322  0.000000  0.005406  0.000000  0.005269  0.001844  0.003162  0.000000  0.001854  0.004571  0.004241  0.000000  0.000667  0.000357  0.000000  0.011322  0.000000  0.005813  0.001992  0.002236  0.000000  0.000086  0.004571  0.004241  0.000000  0.000667  0.000357  0.000000  0.011322  0.000000  0.005813  0.001992  0.002236  0.000000  0.000086
21 0.000898  0.000001  0.000000  0.000003  0.032394  0.000002  0.009907  0.000003  0.000137  0.000004  0.000000  0.000008  0.000000  0.000007  0.000000  0.000005  0.000352  0.000000  0.000000  0.000002  0.024054  0.000001  0.005009  0.000002  0.000029  0.132472  0.000015  0.005541  0.000028  0.000343  0.000000  0.004510  0.000000  0.000967  0.000000  0.000000  0.000000  0.000000  0.000001  0.007370  0.000001  0.004450  0.000003  0.010625  0.000001  0.002794  0.000000  0.001548  0.000000  0.000416  0.000000  0.000000  0.000000  0.000000  0.000000  0.000002  0.000000  0.000004  0.000000  0.000007  0.019175  0.020819  0.000000  0.018026  0.010257  0.000002  0.002662  0.000001  0.001474  0.010951  0.014403  0.000000  0.012966  0.019175  0.020818  0.000000  0.018027  0.010255  0.000002  0.002656  0.000001  0.001489  0.010951  0.014403  0.000000  0.012967  0.013122  0.002072  0.000000  0.001136  0.001035  0.000003  0.021102  0.000000  0.001490  0.007594  0.001841  0.000000  0.001422  0.013121  0.002071  0.000000  0.001137  0.001035  0.000003  0.021096  0.000000  0.001466  0.007594  0.001840  0.000000  0.001423
21 0.000004  0.000000  0.000000  0.000000  0.189250  0.000000  0.000024  0.000000  0.000000  0.000000  0.000000  0.000000  0.000000  0.000000  0.000000  0.000000  0.000004  0.000000  0.000000  0.000000  0.117022  0.000000  0.000020  0.000000  0.000000  0.431191  0.000000  0.000000  0.000000  0.000000  0.000000  0.002258  0.000000  0.000007  0.000000  0.000000  0.000000  0.000000  0.000000  0.004454  0.000000  0.002368  0.000000  0.000173  0.000000  0.000009  0.000000  0.000659  0.000000  0.000001  0.000000  0.000000  0.000000  0.000000  0.000000  0.000000  0.000000  0.000000  0.000000  0.000000  0.008458  0.011580  0.000000  0.010091  0.025840  0.000000  0.011544  0.000000  0.001952  0.003977  0.006244  0.000000  0.005751  0.008458  0.011580  0.000000  0.010091  0.025840  0.000000  0.011544  0.000000  0.001952  0.003977  0.006244  0.000000  0.005751  0.005984  0.001044  0.000000  0.000797  0.002469  0.000000  0.027936  0.000000  0.000533  0.002792  0.000824  0.000000  0.000758  0.005984  0.001044  0.000000  0.000797  0.002469  0.000000  0.027936  0.000000  0.000533  0.002792  0.000824  0.000000  0.000758
22 0.000000  0.000000  0.000000  0.000000  0.000001  0.042958  0.000002  0.002917  0.000001  0.000000  0.000003  0.000000  0.000000  0.000000  0.000000  0.000000  0.000000  0.000000  0.000000  0.000000  0.000001  0.028975  0.000001  0.001366  0.000001  0.000008  0.137835  0.000014  0.000292  0.000021  0.000000  0.000002  0.000011  0.000002  0.000000  0.000000  0.000000  0.000000  0.000000  0.000002  0.004776  0.000001  0.001563  0.000003  0.000313  0.000004  0.000000  0.000001  0.000015  0.000001  0.000000  0.000000  0.000000  0.000000  0.000000  0.000000  0.000008  0.000000  0.000002  0.000000  0.000000  0.000003  0.008670  0.000005  0.000001  0.008117  0.000001  0.012266  0.000000  0.000000  0.000002  0.005813  0.000003  0.000000  0.000003  0.008670  0.000005  0.000001  0.008114  0.000001  0.012262  0.000000  0.000000  0.000002  0.005813  0.000003  0.000000  0.000001  0.029801  0.000001  0.000007  0.001168  0.000006  0.018169  0.000000  0.000000  0.000001  0.020949  0.000001  0.000000  0.000001  0.029801  0.000001  0.000007  0.001152  0.000006  0.018176  0.000000  0.000000  0.000001  0.020949  0.000001
22 0.000000  0.000000  0.000000  0.000000  0.000000  0.186327  0.000000  0.000012  0.000000  0.000000  0.000000  0.000000  0.000000  0.000000  0.000000  0.000000  0.000000  0.000000  0.000000  0.000000  0.000000  0.116071  0.000000  0.000018  0.000000  0.000000  0.431444  0.000000  0.000000  0.000000  0.000000  0.000000  0.000004  0.000000  0.000000  0.000000  0.000000  0.000000  0.000000  0.000000  0.004411  0.000000  0.000050  0.000000  0.000002  0.000000  0.000000  0.000000  0.000002  0.000000  0.000000  0.000000  0.000000  0.000000  0.000000  0.000000  0.000000  0.000000  0.000000  0.000000  0.000000  0.000000  0.004798  0.000000  0.000000  0.009101  0.000000  0.013158  0.000000  0.000000  0.000000  0.002418  0.000000  0.000000  0.000000  0.004798  0.000000  0.000000  0.009101  0.000000  0.013158  0.000000  0.000000  0.000000  0.002418  0.000000  0.000000  0.000000  0.016335  0.000000  0.000000  0.010300  0.000000  0.032342  0.000000  0.000000  0.000000  0.008850  0.000000  0.000000  0.000000  0.016335  0.000000  0.000000  0.010300  0.000000  0.032342  0.000000  0.000000  0.000000  0.008850  0.000000
23 0.003662  0.000000  0.000000  0.000004  0.009790  0.000002  0.023718  0.000002  0.000609  0.000003  0.000000  0.000008  0.000000  0.000007  0.000000  0.000003  0.001131  0.000000  0.000000  0.000002  0.005009  0.000001  0.019370  0.000002  0.000305  0.006352  0.000006  0.124620  0.000032  0.000106  0.000000  0.000950  0.000000  0.001098  0.000000  0.000000  0.000000  0.000000  0.000000  0.002453  0.000001  0.000222  0.000006  0.009334  0.000003  0.002265  0.000000  0.000312  0.000000  0.000542  0.000000  0.000000  0.000000  0.000000  0.000000  0.000002  0.000000  0.000006  0.000000  0.000002  0.009959  0.009671  0.000001  0.011135  0.002689  0.000003  0.005949  0.000000  0.000577  0.005958  0.007267  0.000001  0.008003  0.009959  0.009672  0.000001  0.011134  0.002684  0.000003  0.005955  0.000000  0.000585  0.005958  0.007267  0.000001  0.008002  0.017071  0.024358  0.000000  0.023926  0.025167  0.000003  0.022278  0.000001  0.000114  0.009565  0.016056  0.000000  0.015833  0.017071  0.024359  0.000000  0.023925  0.025175  0.000003  0.022278  0.000001  0.000134  0.009565  0.016056  0.000000  0.015833
23 0.001618  0.000000  0.000000  0.000000  0.000022  0.000000  0.194263  0.000000  0.000233  0.000000  0.000000  0.000000  0.000000  0.000000  0.000000  0.000000  0.000440  0.000000  0.000000  0.000000  0.000020  0.000000  0.119031  0.000000  0.000055  0.000000  0.000000  0.430441  0.000000  0.000008  0.000000  0.000023  0.000000  0.000422  0.000000  0.000000  0.000000  0.000000  0.000000  0.000140  0.000000  0.000012  0.000000  0.003600  0.000000  0.000646  0.000000  0.000005  0.000000  0.000137  0.000000  0.000000  0.000000  0.000000  0.000000  0.000000  0.000000  0.000000  0.000000  0.000000  0.004486  0.005320  0.000000  0.006451  0.011575  0.000000  0.012074  0.000000  0.000839  0.002200  0.003163  0.000000  0.003554  0.004486  0.005320  0.000000  0.006451  0.011575  0.000000  0.012074  0.000000  0.000839  0.002200  0.003163  0.000000  0.003554  0.007492  0.012650  0.000000  0.012416  0.027907  0.000000  0.018217  0.000000  0.000183  0.003478  0.006391  0.000000  0.006328  0.007492  0.012650  0.000000  0.012416  0.027907  0.000000  0.018217  0.000000  0.000183  0.003478  0.006391  0.000000  0.006328
24 0.000001  0.000000  0.000000  0.000000  0.000003  0.002867  0.000003  0.043262  0.000004  0.000000  0.000005  0.000000  0.000000  0.000000  0.000001  0.000000  0.000000  0.000000  0.000000  0.000000  0.000002  0.001366  0.000002  0.029275  0.000002  0.000029  0.000792  0.000043  0.141660  0.000013  0.000000  0.000001  0.001040  0.000002  0.000000  0.000000  0.000000  0.000000  0.000000  0.000006  0.000387  0.000003  0.001720  0.000002  0.002780  0.000006  0.000000  0.000001  0.000380  0.000001  0.000000  0.000000  0.000000  0.000000  0.000000  0.000000  0.000005  0.000000  0.000013  0.000000  0.000000  0.000006  0.009165  0.000007  0.000000  0.011588  0.000000  0.008292  0.000001  0.000000  0.000004  0.005978  0.000004  0.000000  0.000006  0.009165  0.000007  0.000000  0.011584  0.000000  0.008291  0.000001  0.000000  0.000004  0.005977  0.000004  0.000001  0.000004  0.029956  0.000002  0.000008  0.019011  0.000003  0.001252  0.000002  0.000001  0.000003  0.020991  0.000001  0.000001  0.000004  0.029956  0.000002  0.000008  0.018984  0.000003  0.001255  0.000001  0.000001  0.000003  0.020991  0.000001
24 0.000000  0.000000  0.000000  0.000000  0.000000  0.000012  0.000000  0.186420  0.000000  0.000000  0.000000  0.000000  0.000000  0.000000  0.000000  0.000000  0.000000  0.000000  0.000000  0.000000  0.000000  0.000018  0.000000  0.116092  0.000000  0.000000  0.000000  0.000000  0.431441  0.000000  0.000000  0.000000  0.000659  0.000000  0.000000  0.000000  0.000000  0.000000  0.000000  0.000000  0.000018  0.000000  0.003775  0.000000  0.001087  0.000000  0.000000  0.000000  0.000207  0.000000  0.000000  0.000000  0.000000  0.000000  0.000000  0.000000  0.000000  0.000000  0.000000  0.000000  0.000000  0.000000  0.005165  0.000000  0.000000  0.013154  0.000000  0.008406  0.000000  0.000000  0.000000  0.002538  0.000000  0.000000  0.000000  0.005165  0.000000  0.000000  0.013154  0.000000  0.008406  0.000000  0.000000  0.000000  0.002538  0.000000  0.000000  0.000000  0.016473  0.000000  0.000000  0.032342  0.000000  0.009929  0.000000  0.000000  0.000000  0.008889  0.000000  0.000000  0.000000  0.016473  0.000000  0.000000  0.032342  0.000000  0.009929  0.000000  0.000000  0.000000  0.008889  0.000000
25 0.000559  0.000001  0.000000  0.000004  0.000021  0.000001  0.000613  0.000004  0.042965  0.000001  0.000000  0.000005  0.000000  0.000008  0.000000  0.000001  0.000151  0.000000  0.000000  0.000002  0.000029  0.000001  0.000305  0.000002  0.029201  0.000538  0.000030  0.000006  0.000009  0.133385  0.000000  0.000036  0.000001  0.001018  0.000001  0.000000  0.000001  0.000000  0.000000  0.002576  0.000002  0.001032  0.000005  0.001797  0.000007  0.002514  0.000000  0.000013  0.000000  0.000280  0.000000  0.000000  0.000000  0.000000  0.000000  0.000014  0.000000  0.000024  0.000000  0.000003  0.001121  0.008893  0.000001  0.008608  0.000007  0.000002  0.000114  0.000003  0.018771  0.000466  0.005692  0.000001  0.005401  0.001121  0.008893  0.000001  0.008609  0.000002  0.000002  0.000169  0.000003  0.018770  0.000466  0.005693  0.000001  0.005401  0.000646  0.010286  0.000001  0.009817  0.000325  0.000004  0.000740  0.000003  0.009749  0.000179  0.006520  0.000001  0.006253  0.000646  0.010286  0.000001  0.009817  0.000329  0.000005  0.000742  0.000003  0.009724  0.000179  0.006520  0.000001  0.006253
25 0.000189  0.000000  0.000000  0.000000  0.000000  0.000000  0.000233  0.000000  0.189181  0.000000  0.000000  0.000000  0.000000  0.000000  0.000000  0.000000  0.000026  0.000000  0.000000  0.000000  0.000000  0.000000  0.000055  0.000000  0.117024  0.000000  0.000000  0.000008  0.000000  0.431191  0.000000  0.000002  0.000000  0.000803  0.000000  0.000000  0.000000  0.000000  0.000000  0.000014  0.000000  0.000041  0.000000  0.000243  0.000000  0.004034  0.000000  0.000001  0.000000  0.000191  0.000000  0.000000  0.000000  0.000000  0.000000  0.000000  0.000000  0.000000  0.000000  0.000000  0.000610  0.005685  0.000000  0.005576  0.001940  0.000000  0.000833  0.000000  0.023048  0.000159  0.002694  0.000000  0.002627  0.000610  0.005685  0.000000  0.005576  0.001940  0.000000  0.000833  0.000000  0.023048  0.000159  0.002694  0.000000  0.002627  0.000348  0.006404  0.000000  0.006108  0.000521  0.000000  0.000185  0.000000  0.010839  0.000068  0.002989  0.000000  0.002904  0.000348  0.006404  0.000000  0.006108  0.000521  0.000000  0.000185  0.000000  0.010839  0.000068  0.002989  0.000000  0.002904
26 0.000783  0.000034  0.000000  0.000088  0.165886  0.000012  0.010777  0.000043  0.001090  0.000036  0.000001  0.000241  0.000000  0.000357  0.000000  0.000048  0.000398  0.000019  0.000000  0.000053  0.132472  0.000008  0.006352  0.000029  0.000538  4.101990  0.000132  0.047246  0.000067  0.040401  0.000005  0.004176  0.000005  0.003946  0.000004  0.000000  0.000006  0.000000  0.000017  0.027392  0.000052  0.006500  0.000028  0.039396  0.000009  0.022863  0.000003  0.000217  0.000003  0.002052  0.000002  0.000000  0.000002  0.000000  0.000014  0.000004  0.000001  0.000057  0.000000  0.000383  0.039578  0.070192  0.000004  0.060438  0.178811  0.000095  0.092842  0.000063  0.025560  0.020677  0.046225  0.000002  0.040438  0.039578  0.070202  0.000004  0.060420  0.179067  0.000095  0.093220  0.000065  0.025850  0.020682  0.046239  0.000002  0.040421  0.027123  0.014270  0.000003  0.011005  0.025212  0.000062  0.165101  0.000024  0.003332  0.013982  0.011480  0.000003  0.009389  0.027125  0.014282  0.000003  0.010999  0.025658  0.000054  0.165464  0.000025  0.003156  0.013985  0.011484  0.000002  0.009387
26 0.000000  0.000000  0.000000  0.000000  0.676468  0.000000  0.000000  0.000000  0.000000  0.000000  0.000000  0.000000  0.000000  0.000000  0.000000  0.000000  0.000000  0.000000  0.000000  0.000000  0.431191  0.000000  0.000000  0.000000  0.000000  2.296422  0.000000  0.000000  0.000000  0.000000  0.000000  0.000002  0.000000  0.000000  0.000000  0.000000  0.000000  0.000000  0.000000  0.000004  0.000000  0.000002  0.000000  0.000000  0.000000  0.000000  0.000000  0.000139  0.000000  0.000000  0.000000  0.000000  0.000000  0.000000  0.000000  0.000000  0.000000  0.000000  0.000000  0.000000  0.000299  0.002518  0.000000  0.002519  0.024866  0.000000  0.014259  0.000000  0.000002  0.001816  0.002436  0.000000  0.002340  0.000299  0.002518  0.000000  0.002519  0.024866  0.000000  0.014259  0.000000  0.000002  0.001816  0.002436  0.000000  0.002340  0.000138  0.000690  0.000000  0.000690  0.003855  0.000000  0.008660  0.000000  0.000000  0.001289  0.000436  0.000000  0.000426  0.000138  0.000690  0.000000  0.000690  0.003855  0.000000  0.008660  0.000000  0.000000  0.001289  0.000436  0.000000  0.000426
27 0.000011  0.000000  0.000009  0.000001  0.000023  0.179066  0.000004  0.000388  0.000048  0.000000  0.000171  0.000002  0.000047  0.000002  0.000140  0.000001  0.000006  0.000000  0.000005  0.000001  0.000015  0.137835  0.000006  0.000792  0.000030  0.000132  4.136761  0.000245  0.050267  0.000238  0.000000  0.000007  0.000874  0.000013  0.000000  0.000004  0.000000  0.000000  0.000000  0.000030  0.027521  0.000033  0.007272  0.000014  0.013430  0.000000  0.000000  0.000005  0.000540  0.000006  0.000000  0.000008  0.000000  0.000005  0.000000  0.000005  0.000001  0.000012  0.000351  0.000000  0.000002  0.000012  0.020756  0.000020  0.000034  0.061599  0.000032  0.107298  0.000015  0.000001  0.000007  0.010763  0.000013  0.000002  0.000012  0.020734  0.000020  0.000033  0.062190  0.000040  0.107544  0.000016  0.000001  0.000007  0.010740  0.000013  0.000001  0.000005  0.097790  0.000006  0.000038  0.117227  0.000039  0.184074  0.000008  0.000001  0.000004  0.063001  0.000007  0.000001  0.000005  0.097800  0.000006  0.000036  0.117738  0.000041  0.183504  0.000011  0.000001  0.000004  0.063011  0.000007
27 0.000000  0.000000  0.000000  0.000000  0.000000  0.676471  0.000000  0.000000  0.000000  0.000000  0.000000  0.000000  0.000000  0.000000  0.000000  0.000000  0.000000  0.000000  0.000000  0.000000  0.000000  0.431444  0.000000  0.000000  0.000000  0.000000  2.296422  0.000000  0.000000  0.000000  0.000000  0.000000  0.000000  0.000000  0.000000  0.000000  0.000000  0.000000  0.000000  0.000000  0.000004  0.000000  0.000000  0.000000  0.000000  0.000000  0.000000  0.000000  0.000000  0.000000  0.000000  0.000000  0.000000  0.000000  0.000000  0.000000  0.000000  0.000000  0.000000  0.000000  0.000000  0.000000  0.000199  0.000000  0.000000  0.002156  0.000000  0.002327  0.000000  0.000000  0.000000  0.001163  0.000000  0.000000  0.000000  0.000199  0.000000  0.000000  0.002156  0.000000  0.002327  0.000000  0.000000  0.000000  0.001163  0.000000  0.000000  0.000000  0.002490  0.000000  0.000000  0.014178  0.000000  0.017535  0.000000  0.000000  0.000000  0.004260  0.000000  0.000000  0.000000  0.002490  0.000000  0.000000  0.014178  0.000000  0.017535  0.000000  0.000000  0.000000  0.004260  0.000000
28 0.006551  0.000009  0.000000  0.000220  0.008811  0.000022  0.145265  0.000066  0.000005  0.000475  0.000001  0.000721  0.000000  0.000479  0.000000  0.000402  0.001882  0.000004  0.000000  0.000130  0.005541  0.000014  0.124620  0.000043  0.000006  0.047246  0.000245  4.072693  0.000525  0.041071  0.000011  0.007015  0.000001  0.002939  0.000018  0.000000  0.000007  0.000000  0.000034  0.005717  0.000054  0.005752  0.000013  0.005494  0.000056  0.012430  0.000004  0.004086  0.000000  0.001090  0.000005  0.000000  0.000005  0.000000  0.000024  0.000069  0.000004  0.000003  0.000005  0.000109  0.021297  0.033342  0.000003  0.037263  0.093857  0.000097  0.041070  0.000108  0.001563  0.011638  0.023265  0.000002  0.024033  0.021302  0.033301  0.000003  0.037355  0.094060  0.000098  0.042165  0.000111  0.000572  0.011640  0.023212  0.000002  0.024126  0.033921  0.066586  0.000002  0.066387  0.194090  0.000054  0.099094  0.000000  0.024762  0.017451  0.039031  0.000002  0.039211  0.033916  0.066536  0.000002  0.066428  0.193543  0.000048  0.098772  0.000000  0.026879  0.017447  0.038989  0.000002  0.039247
28 0.000002  0.000000  0.000000  0.000000  0.000000  0.000000  0.676465  0.000000  0.000000  0.000000  0.000000  0.000000  0.000000  0.000000  0.000000  0.000000  0.000112  0.000000  0.000000  0.000000  0.000000  0.000000  0.430441  0.000000  0.000008  0.000000  0.000000  2.296422  0.000000  0.000000  0.000000  0.000000  0.000000  0.000000  0.000000  0.000000  0.000000  0.000000  0.000000  0.000000  0.000000  0.000000  0.000000  0.000003  0.000000  0.000000  0.000000  0.000000  0.000000  0.000033  0.000000  0.000000  0.000000  0.000000  0.000000  0.000000  0.000000  0.000000  0.000000  0.000000  0.000173  0.001455  0.000000  0.001454  0.014259  0.000000  0.008402  0.000000  0.000001  0.001034  0.001322  0.000000  0.001400  0.000173  0.001455  0.000000  0.001454  0.014259  0.000000  0.008402  0.000000  0.000001  0.001034  0.001322  0.000000  0.001400  0.000172  0.001122  0.000000  0.001122  0.008660  0.000000  0.003877  0.000000  0.000000  0.001606  0.002995  0.000000  0.002985  0.000172  0.001122  0.000000  0.001122  0.008660  0.000000  0.003877  0.000000  0.000000  0.001606  0.002995  0.000000  0.002985
29 0.000004  0.000001  0.000012  0.000000  0.000040  0.001184  0.000046  0.184321  0.000010  0.000001  0.000343  0.000000  0.000102  0.000002  0.000048  0.000001  0.000001  0.000000  0.000006  0.000000  0.000028  0.000292  0.000032  0.141660  0.000009  0.000067  0.050267  0.000525  4.187454  0.000063  0.000000  0.000024  0.003722  0.000016  0.000000  0.000007  0.000000  0.000013  0.000000  0.000017  0.010734  0.000022  0.007899  0.000026  0.052720  0.000057  0.000000  0.000013  0.001721  0.000008  0.000000  0.000002  0.000000  0.000013  0.000000  0.000006  0.000352  0.000019  0.000003  0.000002  0.000001  0.000023  0.021776  0.000024  0.000011  0.067797  0.000003  0.088935  0.000032  0.000000  0.000016  0.011373  0.000015  0.000001  0.000023  0.021815  0.000024  0.000008  0.068019  0.000016  0.088867  0.000036  0.000000  0.000015  0.011416  0.000015  0.000000  0.000012  0.095578  0.000006  0.000002  0.188375  0.000020  0.087047  0.000002  0.000002  0.000009  0.060890  0.000004  0.000000  0.000012  0.095589  0.000006  0.000002  0.190279  0.000014  0.086706  0.000014  0.000002  0.000009  0.060900  0.000005
29 0.000000  0.000000  0.000000  0.000000  0.000000  0.000000  0.000000  0.676470  0.000000  0.000000  0.000000  0.000000  0.000000  0.000000  0.000000  0.000000  0.000000  0.000000  0.000000  0.000000  0.000000  0.000000  0.000000  0.431441  0.000000  0.000000  0.000000  0.000000  2.296422  0.000000  0.000000  0.000000  0.000001  0.000000  0.000000  0.000000  0.000000  0.000000  0.000000  0.000000  0.000000  0.000000  0.000004  0.000000  0.000001  0.000000  0.000000  0.000000  0.000049  0.000000  0.000000  0.000000  0.000000  0.000000  0.000000  0.000000  0.000000  0.000000  0.000000  0.000000  0.000000  0.000000  0.000199  0.000000  0.000000  0.002327  0.000000  0.002157  0.000000  0.000000  0.000000  0.001185  0.000000  0.000000  0.000000  0.000199  0.000000  0.000000  0.002327  0.000000  0.002157  0.000000  0.000000  0.000000  0.001185  0.000000  0.000000  0.000000  0.002490  0.000000  0.000000  0.017535  0.000000  0.014179  0.000000  0.000000  0.000000  0.004267  0.000000  0.000000  0.000000  0.002490  0.000000  0.000000  0.017535  0.000000  0.014179  0.000000  0.000000  0.000000  0.004267  0.000000
30 0.004433  0.000012  0.000000  0.000090  0.000940  0.000033  0.000253  0.000019  0.169032  0.000160  0.000001  0.000161  0.000000  0.000238  0.000000  0.000055  0.001886  0.000007  0.000000  0.000053  0.000343  0.000021  0.000106  0.000013  0.133385  0.040401  0.000238  0.041071  0.000063  4.149159  0.000008  0.003316  0.000002  0.000048  0.000006  0.000000  0.000002  0.000000  0.000005  0.001443  0.000029  0.016126  0.000009  0.009327  0.000018  0.005782  0.000004  0.001815  0.000001  0.000727  0.000007  0.000000  0.000002  0.000000  0.000003  0.000382  0.000001  0.000112  0.000003  0.000003  0.001815  0.022095  0.000003  0.019158  0.007478  0.000044  0.001390  0.000007  0.130053  0.000675  0.011671  0.000003  0.009082  0.001817  0.022091  0.000003  0.019174  0.007640  0.000043  0.000338  0.000008  0.129952  0.000675  0.011674  0.000003  0.009097  0.000979  0.023507  0.000004  0.023102  0.010055  0.000009  0.006678  0.000032  0.063768  0.000291  0.011577  0.000003  0.011275  0.000982  0.023491  0.000004  0.023104  0.010418  0.000010  0.006967  0.000031  0.063953  0.000285  0.011566  0.000003  0.011280
30 0.000000  0.000000  0.000000  0.000000  0.000000  0.000000  0.000000  0.000000  0.676468  0.000000  0.000000  0.000000  0.000000  0.000000  0.000000  0.000000  0.000003  0.000000  0.000000  0.000000  0.000000  0.000000  0.000008  0.000000  0.431191  0.000000  0.000000  0.000000  0.000000  2.296422  0.000000  0.000000  0.000000  0.000001  0.000000  0.000000  0.000000  0.000000  0.000000  0.000000  0.000000  0.000000  0.000000  0.000000  0.000000  0.000004  0.000000  0.000000  0.000000  0.000033  0.000000  0.000000  0.000000  0.000000  0.000000  0.000000  0.000000  0.000000  0.000000  0.000000  0.000000  0.000198  0.000000  0.000198  0.000002  0.000000  0.000001  0.000000  0.004482  0.000026  0.001213  0.000000  0.001196  0.000000  0.000198  0.000000  0.000198  0.000002  0.000000  0.000001  0.000000  0.004482  0.000026  0.001213  0.000000  0.001196  0.000000  0.000144  0.000000  0.000144  0.000000  0.000000  0.000000  0.000000  0.002055  0.000009  0.001353  0.000000  0.001340  0.000000  0.000144  0.000000  0.000144  0.000000  0.000000  0.000000  0.000000  0.002055  0.000009  0.001353  0.000000  0.001340
31 0.000000  0.000125  0.000000  0.004222  0.000000  0.000000  0.000000  0.000000  0.000000  0.003472  0.000001  0.006939  0.000002  0.001789  0.000000  0.005078  0.000000  0.000026  0.000000  0.001497  0.000000  0.000000  0.000000  0.000000  0.000000  0.000005  0.000000  0.000011  0.000000  0.000008  0.020633  0.000002  0.000000  0.000003  0.001632  0.000001  0.007063  0.000000  0.001197  0.000002  0.000000  0.000002  0.000000  0.000008  0.000000  0.000000  0.010512  0.000001  0.000000  0.000002  0.000930  0.000000  0.003679  0.000000  0.000527  0.000897  0.000009  0.006598  0.000000  0.004335  0.017591  0.007473  0.000000  0.009261  0.002587  0.000002  0.005275  0.000000  0.001397  0.010542  0.006329  0.000000  0.007104  0.017591  0.007473  0.000000  0.009261  0.002609  0.000002  0.005264  0.000000  0.001413  0.010542  0.006330  0.000000  0.007103  0.009997  0.005552  0.000000  0.008923  0.007385  0.000002  0.004687  0.000001  0.002612  0.005892  0.004935  0.000000  0.006591  0.009997  0.005553  0.000000  0.008924  0.007390  0.000002  0.004707  0.000001  0.002602  0.005892  0.004935  0.000000  0.006592
31 0.000000  0.000007  0.000000  0.003781  0.000000  0.000000  0.000000  0.000000  0.000000  0.000111  0.000000  0.000220  0.000000  0.000002  0.000000  0.005229  0.000000  0.000001  0.000000  0.001048  0.000000  0.000000  0.000000  0.000000  0.000000  0.000000  0.000000  0.000000  0.000000  0.000000  0.022892  0.000000  0.000000  0.000000  0.000008  0.000000  0.004437  0.000000  0.000783  0.000000  0.000000  0.000000  0.000000  0.000000  0.000000  0.000000  0.009013  0.000000  0.000000  0.000000  0.000004  0.000000  0.001618  0.000000  0.000189  0.000000  0.000000  0.000002  0.000000  0.000000  0.014535  0.008925  0.000000  0.010340  0.009555  0.000000  0.012132  0.000000  0.001299  0.006074  0.004602  0.000000  0.005002  0.014535  0.008925  0.000000  0.010340  0.009555  0.000000  0.012132  0.000000  0.001299  0.006074  0.004602  0.000000  0.005002  0.008343  0.007209  0.000000  0.010288  0.013110  0.000000  0.006234  0.000000  0.001914  0.003438  0.003806  0.000000  0.004789  0.008343  0.007209  0.000000  0.010288  0.013110  0.000000  0.006234  0.000000  0.001914  0.003438  0.003806  0.000000  0.004789
32 0.000134  0.000000  0.000000  0.000011  0.008366  0.000003  0.002064  0.000002  0.000089  0.000013  0.000000  0.000019  0.000000  0.000021  0.000000  0.000005  0.000009  0.000000  0.000000  0.000007  0.004510  0.000002  0.000950  0.000001  0.000036  0.004176  0.000007  0.007015  0.000024  0.003316  0.000002  0.070125  0.000001  0.000536  0.000002  0.000000  0.000000  0.000000  0.000001  0.010627  0.000004  0.005332  0.000001  0.016782  0.000010  0.005330  0.000001  0.039185  0.000001  0.000274  0.000001  0.000000  0.000000  0.000000  0.000001  0.000033  0.000000  0.000011  0.000000  0.000012  0.011214  0.001942  0.000000  0.004629  0.010161  0.000002  0.013771  0.000003  0.004276  0.007701  0.001027  0.000000  0.004769  0.011214  0.001942  0.000000  0.004632  0.010164  0.000002  0.013694  0.000004  0.004307  0.007701  0.001028  0.000000  0.004773  0.009043  0.003128  0.000001  0.006471  0.023831  0.000002  0.017138  0.000004  0.002030  0.006190  0.003668  0.000000  0.006631  0.009043  0.003125  0.000001  0.006473  0.023770  0.000002  0.017137  0.000004  0.001954  0.006190  0.003666  0.000000  0.006633
32 0.000007  0.000000  0.000000  0.000000  0.006355  0.000000  0.000077  0.000000  0.000004  0.000000  0.000000  0.000000  0.000000  0.000000  0.000000  0.000000  0.000001  0.000000  0.000000  0.000000  0.002258  0.000000  0.000023  0.000000  0.000002  0.000002  0.000000  0.000000  0.000000  0.000000  0.000000  0.037221  0.000000  0.000009  0.000000  0.000000  0.000000  0.000000  0.000000  0.000912  0.000000  0.006232  0.000000  0.000441  0.000000  0.000164  0.000000  0.018606  0.000000  0.000005  0.000000  0.000000  0.000000  0.000000  0.000000  0.000000  0.000000  0.000000  0.000000  0.000000  0.010836  0.001251  0.000000  0.009941  0.000081  0.000000  0.024331  0.000000  0.013857  0.005147  0.000095  0.000000  0.005378  0.010836  0.001251  0.000000  0.009941  0.000081  0.000000  0.024331  0.000000  0.013857  0.005147  0.000095  0.000000  0.005378  0.008860  0.008514  0.000000  0.013851  0.019303  0.000000  0.007175  0.000000  0.012033  0.004300  0.004827  0.000000  0.007542  0.008860  0.008514  0.000000  0.013851  0.019303  0.000000  0.007175  0.000000  0.012033  0.004300  0.004827  0.000000  0.007542
33 0.000000  0.000000  0.000000  0.000000  0.000000  0.000113  0.000000  0.001827  0.000001  0.000000  0.000006  0.000001  0.000002  0.000000  0.000008  0.000000  0.000000  0.000000  0.000000  0.000000  0.000000  0.000011  0.000000  0.001040  0.000001  0.000005  0.000874  0.000001  0.003722  0.000002  0.000000  0.000001  0.075264  0.000001  0.000000  0.000000  0.000000  0.000000  0.000000  0.000003  0.007083  0.000002  0.004086  0.000004  0.000232  0.000001  0.000000  0.000001  0.041776  0.000001  0.000000  0.000000  0.000000  0.000000  0.000000  0.000000  0.000009  0.000000  0.000012  0.000000  0.000000  0.000000  0.008107  0.000000  0.000001  0.033595  0.000001  0.035280  0.000000  0.000000  0.000000  0.009660  0.000000  0.000000  0.000000  0.008108  0.000000  0.000000  0.033629  0.000002  0.035309  0.000001  0.000000  0.000000  0.009661  0.000000  0.000000  0.000000  0.002934  0.000000  0.000000  0.006610  0.000001  0.001520  0.000001  0.000000  0.000000  0.002908  0.000000  0.000000  0.000000  0.002933  0.000000  0.000000  0.006639  0.000001  0.001524  0.000001  0.000000  0.000000  0.002907  0.000000
33 0.000000  0.000000  0.000000  0.000000  0.000000  0.000008  0.000000  0.001740  0.000000  0.000000  0.000000  0.000000  0.000000  0.000000  0.000000  0.000000  0.000000  0.000000  0.000000  0.000000  0.000000  0.000004  0.000000  0.000659  0.000000  0.000000  0.000000  0.000000  0.000001  0.000000  0.000000  0.000000  0.031243  0.000000  0.000000  0.000000  0.000000  0.000000  0.000000  0.000000  0.000132  0.000000  0.012894  0.000000  0.000180  0.000000  0.000000  0.000000  0.016521  0.000000  0.000000  0.000000  0.000000  0.000000  0.000000  0.000000  0.000000  0.000000  0.000000  0.000000  0.000000  0.000000  0.019433  0.000000  0.000000  0.027423  0.000000  0.027843  0.000000  0.000000  0.000000  0.011233  0.000000  0.000000  0.000000  0.019433  0.000000  0.000000  0.027423  0.000000  0.027843  0.000000  0.000000  0.000000  0.011233  0.000000  0.000000  0.000000  0.005039  0.000000  0.000000  0.009359  0.000000  0.010399  0.000000  0.000000  0.000000  0.002633  0.000000  0.000000  0.000000  0.005039  0.000000  0.000000  0.009359  0.000000  0.010399  0.000000  0.000000  0.000000  0.002633  0.000000
34 0.004233  0.000011  0.000000  0.000000  0.001671  0.000003  0.001525  0.000003  0.002108  0.000082  0.000000  0.000070  0.000000  0.000017  0.000000  0.000071  0.001378  0.000006  0.000000  0.000000  0.000967  0.000002  0.001098  0.000002  0.001018  0.003946  0.000013  0.002939  0.000016  0.000048  0.000003  0.000536  0.000001  0.070286  0.000008  0.000000  0.000009  0.000000  0.000007  0.008505  0.000007  0.015102  0.000005  0.007834  0.000008  0.010937  0.000002  0.000279  0.000001  0.039628  0.000003  0.000000  0.000004  0.000000  0.000004  0.000089  0.000001  0.000220  0.000000  0.000090  0.012945  0.004595  0.000001  0.005151  0.005456  0.000003  0.015507  0.000009  0.003258  0.008368  0.004941  0.000001  0.002672  0.012945  0.004603  0.000001  0.005165  0.005308  0.000003  0.016355  0.000011  0.003493  0.008371  0.004948  0.000001  0.002686  0.012686  0.006816  0.000000  0.000290  0.019111  0.000002  0.018642  0.000003  0.001782  0.007915  0.007210  0.000000  0.002107  0.012686  0.006809  0.000000  0.000299  0.019049  0.000003  0.018503  0.000004  0.002603  0.007916  0.007202  0.000000  0.002116
34 0.003781  0.000000  0.000000  0.000000  0.000023  0.000000  0.001049  0.000000  0.002633  0.000000  0.000000  0.000000  0.000000  0.000000  0.000000  0.000000  0.000920  0.000000  0.000000  0.000000  0.000007  0.000000  0.000422  0.000000  0.000803  0.000000  0.000000  0.000000  0.000000  0.000001  0.000000  0.000009  0.000000  0.038496  0.000000  0.000000  0.000000  0.000000  0.000000  0.000173  0.000000  0.000460  0.000000  0.005133  0.000000  0.000194  0.000000  0.000005  0.000000  0.018891  0.000000  0.000000  0.000000  0.000000  0.000000  0.000000  0.000000  0.000000  0.000000  0.000000  0.012324  0.009954  0.000000  0.003372  0.000733  0.000000  0.023624  0.000000  0.012963  0.005540  0.005382  0.000000  0.000715  0.012324  0.009954  0.000000  0.003372  0.000733  0.000000  0.023624  0.000000  0.012963  0.005540  0.005382  0.000000  0.000715  0.012133  0.013869  0.000000  0.005323  0.015048  0.000000  0.010299  0.000000  0.011977  0.005276  0.007548  0.000000  0.003737  0.012133  0.013869  0.000000  0.005323  0.015048  0.000000  0.010299  0.000000  0.011977  0.005276  0.007548  0.000000  0.003737
35 0.000000  0.008445  0.000001  0.001579  0.000000  0.000000  0.000000  0.000000  0.000001  0.016267  0.000001  0.009695  0.000004  0.021595  0.000002  0.005331  0.000000  0.002904  0.000000  0.000634  0.000000  0.000000  0.000000  0.000000  0.000001  0.000004  0.000000  0.000018  0.000000  0.000006  0.001632  0.000002  0.000000  0.000008  0.042688  0.000002  0.019513  0.000002  0.000012  0.000010  0.000000  0.000020  0.000000  0.000019  0.000000  0.000008  0.000640  0.000001  0.000000  0.000005  0.032322  0.000001  0.009631  0.000001  0.000100  0.165702  0.000022  0.008501  0.000045  0.001283  0.025175  0.001934  0.000002  0.000143  0.003452  0.000004  0.024768  0.000002  0.002600  0.014691  0.001859  0.000002  0.001039  0.025175  0.001935  0.000002  0.000142  0.003460  0.000004  0.024779  0.000002  0.002631  0.014691  0.001860  0.000002  0.001038  0.036511  0.034153  0.000001  0.028018  0.009753  0.000002  0.000015  0.000003  0.003715  0.020997  0.023706  0.000000  0.020264  0.036511  0.034154  0.000001  0.028016  0.009754  0.000002  0.000016  0.000003  0.003692  0.020997  0.023708  0.000000  0.020262
35 0.000000  0.006355  0.000000  0.000023  0.000000  0.000000  0.000000  0.000000  0.000000  0.010679  0.000000  0.006374  0.000000  0.000640  0.000000  0.000098  0.000000  0.002122  0.000000  0.000004  0.000000  0.000000  0.000000  0.000000  0.000000  0.000000  0.000000  0.000000  0.000000  0.000000  0.000008  0.000000  0.000000  0.000000  0.307989  0.000000  0.000259  0.000000  0.000002  0.000000  0.000000  0.000000  0.000000  0.000000  0.000000  0.000000  0.000008  0.000000  0.000000  0.000000  0.189261  0.000000  0.000022  0.000000  0.000000  0.676508  0.000000  0.000000  0.000000  0.000000  0.013438  0.000986  0.000000  0.000163  0.004519  0.000000  0.051972  0.000000  0.001711  0.006568  0.001069  0.000000  0.000782  0.013438  0.000986  0.000000  0.000163  0.004519  0.000000  0.051972  0.000000  0.001711  0.006568  0.001069  0.000000  0.000782  0.018837  0.023114  0.000000  0.018758  0.042734  0.000000  0.016954  0.000000  0.005346  0.009243  0.012874  0.000000  0.011159  0.018837  0.023114  0.000000  0.018758  0.042734  0.000000  0.016954  0.000000  0.005346  0.009243  0.012874  0.000000  0.011159
36 0.000000  0.000002  0.000106  0.000001  0.000000  0.000000  0.000000  0.000000  0.000000  0.000013  0.009922  0.000002  0.002365  0.000001  0.001351  0.000008  0.000000  0.000001  0.000041  0.000001  0.000000  0.000000  0.000000  0.000000  0.000000  0.000000  0.000004  0.000000  0.000007  0.000000  0.000001  0.000000  0.000000  0.000000  0.000002  0.065016  0.000002  0.006303  0.000003  0.000000  0.000003  0.000000  0.000001  0.000000  0.000001  0.000000  0.000000  0.000000  0.000000  0.000000  0.000001  0.043059  0.000001  0.003005  0.000002  0.000012  0.179371  0.000013  0.000861  0.000036  0.000000  0.000004  0.047780  0.000002  0.000008  0.001242  0.000007  0.019698  0.000003  0.000000  0.000003  0.033895  0.000001  0.000000  0.000004  0.047780  0.000002  0.000008  0.001225  0.000007  0.019688  0.000003  0.000000  0.000003  0.033895  0.000001  0.000000  0.000007  0.014585  0.000005  0.000001  0.008280  0.000000  0.014577  0.000000  0.000000  0.000005  0.010087  0.000003  0.000000  0.000007  0.014585  0.000005  0.000001  0.008284  0.000001  0.014582  0.000000  0.000000  0.000005  0.010086  0.000003
36 0.000000  0.000000  0.000008  0.000000  0.000000  0.000000  0.000000  0.000000  0.000000  0.000000  0.010325  0.000000  0.000043  0.000000  0.000002  0.000000  0.000000  0.000000  0.000005  0.000000  0.000000  0.000000  0.000000  0.000000  0.000000  0.000000  0.000000  0.000000  0.000000  0.000000  0.000000  0.000000  0.000000  0.000000  0.000000  0.300048  0.000000  0.000061  0.000000  0.000000  0.000000  0.000000  0.000000  0.000000  0.000000  0.000000  0.000000  0.000000  0.000000  0.000000  0.000000  0.186338  0.000000  0.000012  0.000000  0.000000  0.676510  0.000000  0.000000  0.000000  0.000000  0.000000  0.032258  0.000000  0.000000  0.015153  0.000000  0.056337  0.000000  0.000000  0.000000  0.018221  0.000000  0.000000  0.000000  0.032258  0.000000  0.000000  0.015153  0.000000  0.056337  0.000000  0.000000  0.000000  0.018221  0.000000  0.000000  0.000000  0.010159  0.000000  0.000000  0.016675  0.000000  0.024776  0.000000  0.000000  0.000000  0.005432  0.000000  0.000000  0.000000  0.010159  0.000000  0.000000  0.016675  0.000000  0.024776  0.000000  0.000000  0.000000  0.005432  0.000000
37 0.000000  0.002070  0.000000  0.001634  0.000000  0.000000  0.000000  0.000000  0.000001  0.004921  0.000003  0.002219  0.000008  0.018552  0.000003  0.004988  0.000000  0.000604  0.000000  0.000886  0.000000  0.000000  0.000000  0.000000  0.000001  0.000006  0.000000  0.000007  0.000000  0.000002  0.007063  0.000000  0.000000  0.000009  0.019513  0.000002  0.028299  0.000002  0.001934  0.000011  0.000000  0.000022  0.000000  0.000018  0.000000  0.000010  0.002183  0.000000  0.000000  0.000005  0.009739  0.000001  0.024104  0.000002  0.001040  0.010386  0.000001  0.146563  0.000047  0.001496  0.033221  0.041948  0.000000  0.040464  0.032615  0.000004  0.028457  0.000001  0.000462  0.018676  0.028021  0.000000  0.027151  0.033220  0.041947  0.000000  0.040465  0.032597  0.000004  0.028452  0.000001  0.000402  0.018676  0.028020  0.000000  0.027152  0.018267  0.013835  0.000001  0.017320  0.000337  0.000006  0.007115  0.000001  0.000522  0.011016  0.010542  0.000001  0.012726  0.018267  0.013834  0.000001  0.017323  0.000348  0.000006  0.007117  0.000001  0.000500  0.011016  0.010541  0.000001  0.012728
37 0.000000  0.000077  0.000000  0.001049  0.000000  0.000000  0.000000  0.000000  0.000000  0.000317  0.000000  0.000071  0.000000  0.009336  0.000000  0.002213  0.000000  0.000017  0.000000  0.000393  0.000000  0.000000  0.000000  0.000000  0.000000  0.000000  0.000000  0.000000  0.000000  0.000000  0.004437  0.000000  0.000000  0.000000  0.000259  0.000000  0.319430  0.000000  0.000758  0.000000  0.000000  0.000000  0.000000  0.000000  0.000000  0.000000  0.001338  0.000000  0.000000  0.000000  0.000024  0.000000  0.194274  0.000000  0.000233  0.000000  0.000000  0.676504  0.000000  0.000000  0.016957  0.026943  0.000000  0.026190  0.051917  0.000000  0.037078  0.000000  0.000513  0.008219  0.014241  0.000000  0.013973  0.016957  0.026943  0.000000  0.026190  0.051917  0.000000  0.037078  0.000000  0.000513  0.008219  0.014241  0.000000  0.013973  0.009468  0.009314  0.000000  0.012473  0.017119  0.000000  0.021717  0.000000  0.002028  0.004887  0.005865  0.000000  0.007165  0.009468  0.009314  0.000000  0.012473  0.017119  0.000000  0.021717  0.000000  0.002028  0.004887  0.005865  0.000000  0.007165
38 0.000000  0.000000  0.001840  0.000001  0.000000  0.000000  0.000000  0.000000  0.000000  0.000008  0.000826  0.000009  0.003823  0.000009  0.002653  0.000010  0.000000  0.000000  0.000698  0.000000  0.000000  0.000000  0.000000  0.000000  0.000000  0.000000  0.000000  0.000000  0.000013  0.000000  0.000000  0.000000  0.000000  0.000000  0.000002  0.006303  0.000002  0.065276  0.000001  0.000000  0.000006  0.000000  0.000000  0.000000  0.000001  0.000000  0.000000  0.000000  0.000000  0.000000  0.000001  0.003058  0.000001  0.043395  0.000001  0.000050  0.000793  0.000059  0.184684  0.000023  0.000001  0.000006  0.048207  0.000004  0.000006  0.020031  0.000003  0.000527  0.000005  0.000000  0.000004  0.034089  0.000003  0.000001  0.000006  0.048207  0.000004  0.000006  0.020061  0.000003  0.000530  0.000005  0.000000  0.000004  0.034089  0.000003  0.000000  0.000007  0.015764  0.000009  0.000002  0.014729  0.000004  0.008064  0.000005  0.000000  0.000005  0.010607  0.000006  0.000000  0.000007  0.015764  0.000009  0.000002  0.014735  0.000003  0.008064  0.000005  0.000000  0.000005  0.010608  0.000006
38 0.000000  0.000000  0.001740  0.000000  0.000000  0.000000  0.000000  0.000000  0.000000  0.000000  0.000042  0.000000  0.009081  0.000000  0.002709  0.000000  0.000000  0.000000  0.000618  0.000000  0.000000  0.000000  0.000000  0.000000  0.000000  0.000000  0.000000  0.000000  0.000000  0.000000  0.000000  0.000000  0.000000  0.000000  0.000000  0.000061  0.000000  0.300353  0.000000  0.000000  0.000000  0.000000  0.000000  0.000000  0.000000  0.000000  0.000000  0.000000  0.000000  0.000000  0.000000  0.000012  0.000000  0.186431  0.000000  0.000000  0.000000  0.000000  0.676510  0.000000  0.000000  0.000000  0.032689  0.000000  0.000000  0.056330  0.000000  0.014066  0.000000  0.000000  0.000000  0.018380  0.000000  0.000000  0.000000  0.032689  0.000000  0.000000  0.056330  0.000000  0.014066  0.000000  0.000000  0.000000  0.018380  0.000000  0.000000  0.000000  0.011248  0.000000  0.000000  0.024746  0.000000  0.014787  0.000000  0.000000  0.000000  0.005863  0.000000  0.000000  0.000000  0.011248  0.000000  0.000000  0.024746  0.000000  0.014787  0.000000  0.000000  0.000000  0.005863  0.000000
39 0.000000  0.000204  0.000002  0.002250  0.000001  0.000000  0.000001  0.000000  0.000000  0.003959  0.000008  0.000830  0.000004  0.003695  0.000016  0.005227  0.000000  0.000094  0.000001  0.000688  0.000001  0.000000  0.000000  0.000000  0.000000  0.000017  0.000000  0.000034  0.000000  0.000005  0.001197  0.000001  0.000000  0.000007  0.000012  0.000003  0.001934  0.000001  0.064741  0.000002  0.000000  0.000010  0.000000  0.000013  0.000000  0.000003  0.000330  0.000001  0.000000  0.000004  0.000020  0.000002  0.001034  0.000001  0.042971  0.000785  0.000048  0.001190  0.000011  0.168998  0.002051  0.018641  0.000001  0.016889  0.001129  0.000001  0.001277  0.000012  0.010428  0.000819  0.012251  0.000001  0.011172  0.002051  0.018642  0.000001  0.016889  0.001126  0.000001  0.001274  0.000012  0.010461  0.000819  0.012252  0.000001  0.011172  0.003040  0.015831  0.000001  0.015639  0.001292  0.000010  0.000407  0.000011  0.022686  0.001437  0.010495  0.000001  0.010136  0.003040  0.015831  0.000001  0.015638  0.001283  0.000010  0.000485  0.000011  0.022687  0.001437  0.010494  0.000001  0.010135
39 0.000000  0.000004  0.000000  0.002633  0.000000  0.000000  0.000000  0.000000  0.000000  0.000014  0.000000  0.000078  0.000000  0.000821  0.000000  0.010645  0.000000  0.000001  0.000000  0.000763  0.000000  0.000000  0.000000  0.000000  0.000000  0.000000  0.000000  0.000000  0.000000  0.000000  0.000783  0.000000  0.000000  0.000000  0.000002  0.000000  0.000758  0.000000  0.307642  0.000000  0.000000  0.000000  0.000000  0.000000  0.000000  0.000000  0.000159  0.000000  0.000000  0.000000  0.000000  0.000000  0.000233  0.000000  0.189193  0.000000  0.000000  0.000000  0.000000  0.676508  0.001389  0.014705  0.000000  0.013765  0.001643  0.000000  0.000523  0.000000  0.019258  0.000393  0.007287  0.000000  0.006934  0.001389  0.014705  0.000000  0.013765  0.001643  0.000000  0.000523  0.000000  0.019258  0.000393  0.007287  0.000000  0.006934  0.002096  0.012859  0.000000  0.012773  0.005296  0.000000  0.001995  0.000000  0.043571  0.000688  0.006457  0.000000  0.006327  0.002096  0.012859  0.000000  0.012773  0.005296  0.000000  0.001995  0.000000  0.043571  0.000688  0.006457  0.000000  0.006327
40 0.003478  0.000013  0.000000  0.000081  0.016120  0.000003  0.004853  0.000009  0.003847  0.000000  0.000000  0.000070  0.000000  0.000134  0.000000  0.000017  0.001120  0.000007  0.000000  0.000048  0.007370  0.000002  0.002453  0.000006  0.002576  0.027392  0.000030  0.005717  0.000017  0.001443  0.000002  0.010627  0.000003  0.008505  0.000010  0.000000  0.000011  0.000000  0.000002  1.808590  0.000002  0.032145  0.000018  0.018094  0.000022  0.039537  0.000001  0.004303  0.000002  0.003605  0.000004  0.000000  0.000002  0.000000  0.000001  0.000036  0.000001  0.000471  0.000001  0.000160  0.013738  0.009986  0.000003  0.011801  0.013582  0.000001  0.028085  0.000005  0.059876  0.009098  0.009375  0.000002  0.010715  0.013737  0.009990  0.000003  0.011802  0.013601  0.000001  0.029405  0.000006  0.059826  0.009102  0.009374  0.000002  0.010716  0.029721  0.028866  0.000002  0.001102  0.076306  0.000004  0.059279  0.000005  0.000379  0.018281  0.025096  0.000001  0.000915  0.029723  0.028859  0.000002  0.001104  0.076317  0.000002  0.059544  0.000006  0.000583  0.018280  0.025093  0.000001  0.000920
40 0.000111  0.000000  0.000000  0.000000  0.010679  0.000000  0.000317  0.000000  0.000014  0.000000  0.000000  0.000000  0.000000  0.000000  0.000000  0.000000  0.000021  0.000000  0.000000  0.000000  0.004454  0.000000  0.000140  0.000000  0.000014  0.000004  0.000000  0.000000  0.000000  0.000000  0.000000  0.000912  0.000000  0.000173  0.000000  0.000000  0.000000  0.000000  0.000000  0.676913  0.000000  0.001612  0.000000  0.003277  0.000000  0.002342  0.000000  0.000186  0.000000  0.000002  0.000000  0.000000  0.000000  0.000000  0.000000  0.000000  0.000000  0.000000  0.000000  0.000000  0.009932  0.012446  0.000000  0.015504  0.012340  0.000000  0.056145  0.000000  0.010801  0.005590  0.008095  0.000000  0.008703  0.009932  0.012446  0.000000  0.015504  0.012340  0.000000  0.056145  0.000000  0.010801  0.005590  0.008095  0.000000  0.008703  0.021257  0.046621  0.000000  0.009889  0.056509  0.000000  0.010319  0.000000  0.076095  0.012244  0.030118  0.000000  0.007526  0.021257  0.046621  0.000000  0.009889  0.056509  0.000000  0.010319  0.000000  0.076095  0.012244  0.030118  0.000000  0.007526
41 0.000000  0.000000  0.000006  0.000000  0.000001  0.009797  0.000002  0.000724  0.000003  0.000000  0.000001  0.000000  0.000019  0.000000  0.000009  0.000000  0.000000  0.000000  0.000004  0.000000  0.000001  0.004776  0.000001  0.000387  0.000002  0.000052  0.027521  0.000054  0.010734  0.000029  0.000000  0.000004  0.007083  0.000007  0.000000  0.000003  0.000000  0.000006  0.000000  0.000002  1.908468  0.000011  0.005293  0.000002  0.014955  0.000014  0.000000  0.000002  0.002539  0.000005  0.000000  0.000003  0.000000  0.000005  0.000000  0.000002  0.000170  0.000002  0.000343  0.000001  0.000000  0.000002  0.048652  0.000001  0.000011  0.118851  0.000002  0.128871  0.000022  0.000000  0.000001  0.042036  0.000001  0.000000  0.000002  0.048649  0.000001  0.000011  0.118918  0.000002  0.128843  0.000022  0.000000  0.000001  0.042031  0.000001  0.000001  0.000000  0.028683  0.000002  0.000000  0.072799  0.000021  0.046375  0.000004  0.000000  0.000000  0.024341  0.000002  0.000001  0.000000  0.028687  0.000002  0.000001  0.072805  0.000020  0.046317  0.000003  0.000000  0.000000  0.024346  0.000002
41 0.000000  0.000000  0.000000  0.000000  0.000000  0.010325  0.000000  0.000042  0.000000  0.000000  0.000000  0.000000  0.000000  0.000000  0.000000  0.000000  0.000000  0.000000  0.000000  0.000000  0.000000  0.004411  0.000000  0.000018  0.000000  0.000000  0.000004  0.000000  0.000000  0.000000  0.000000  0.000000  0.000132  0.000000  0.000000  0.000000  0.000000  0.000000  0.000000  0.000000  0.666309  0.000000  0.000005  0.000000  0.000000  0.000000  0.000000  0.000000  0.000044  0.000000  0.000000  0.000000  0.000000  0.000000  0.000000  0.000000  0.000000  0.000000  0.000000  0.000000  0.000000  0.000000  0.077634  0.000000  0.000000  0.045760  0.000000  0.044857  0.000000  0.000000  0.000000  0.050448  0.000000  0.000000  0.000000  0.077634  0.000000  0.000000  0.045760  0.000000  0.044857  0.000000  0.000000  0.000000  0.050448  0.000000  0.000000  0.000000  0.032408  0.000000  0.000000  0.060540  0.000000  0.056077  0.000000  0.000000  0.000000  0.019581  0.000000  0.000000  0.000000  0.032408  0.000000  0.000000  0.060540  0.000000  0.056077  0.000000  0.000000  0.000000  0.019581  0.000000
42 0.006942  0.000019  0.000001  0.000070  0.009776  0.000002  0.002045  0.000005  0.000811  0.000071  0.000000  0.000000  0.000000  0.000193  0.000000  0.000108  0.002205  0.000011  0.000000  0.000042  0.004450  0.000001  0.000222  0.000003  0.001032  0.006500  0.000033  0.005752  0.000022  0.016126  0.000002  0.005332  0.000002  0.015102  0.000020  0.000000  0.000022  0.000000  0.000010  0.032145  0.000011  1.730608  0.000031  0.010308  0.000012  0.028445  0.000001  0.001589  0.000002  0.005000  0.000008  0.000000  0.000008  0.000000  0.000005  0.000242  0.000002  0.000726  0.000001  0.000161  0.056825  0.006850  0.000001  0.041105  0.095589  0.000002  0.066336  0.000006  0.005284  0.034964  0.007198  0.000001  0.036820  0.056824  0.006861  0.000001  0.041089  0.095306  0.000002  0.068486  0.000010  0.005638  0.034971  0.007204  0.000001  0.036801  0.020907  0.002403  0.000001  0.011036  0.082390  0.000005  0.039992  0.000004  0.013930  0.012357  0.002061  0.000001  0.011561  0.020904  0.002398  0.000001  0.011056  0.082331  0.000004  0.039729  0.000007  0.012562  0.012358  0.002050  0.000001  0.011586
42 0.000220  0.000000  0.000000  0.000000  0.006373  0.000000  0.000070  0.000000  0.000078  0.000000  0.000000  0.000000  0.000000  0.000000  0.000000  0.000000  0.000035  0.000000  0.000000  0.000000  0.002368  0.000000  0.000012  0.000000  0.000041  0.000002  0.000000  0.000000  0.000000  0.000000  0.000000  0.006232  0.000000  0.000460  0.000000  0.000000  0.000000  0.000000  0.000000  0.001612  0.000000  0.716357  0.000000  0.003070  0.000000  0.003269  0.000000  0.002210  0.000000  0.000017  0.000000  0.000000  0.000000  0.000000  0.000000  0.000000  0.000000  0.000000  0.000000  0.000000  0.040916  0.020474  0.000000  0.062391  0.042460  0.000000  0.003465  0.000000  0.076511  0.022998  0.014788  0.000000  0.039142  0.040916  0.020474  0.000000  0.062391  0.042460  0.000000  0.003465  0.000000  0.076511  0.022998  0.014788  0.000000  0.039142  0.013847  0.015932  0.000000  0.024007  0.027637  0.000000  0.040795  0.000000  0.017376  0.008492  0.011197  0.000000  0.016494  0.013847  0.015932  0.000000  0.024007  0.027637  0.000000  0.040795  0.000000  0.017376  0.008492  0.011197  0.000000  0.016494
43 0.000001  0.000000  0.000002  0.000000  0.000003  0.002147  0.000009  0.003822  0.000008  0.000000  0.000019  0.000000  0.000000  0.000000  0.000029  0.000000  0.000001  0.000000  0.000001  0.000000  0.000003  0.001563  0.000006  0.001720  0.000005  0.000028  0.007272  0.000013  0.007899  0.000009  0.000000  0.000001  0.004086  0.000005  0.000000  0.000001  0.000000  0.000000  0.000000  0.000018  0.005293  0.000031  1.947685  0.000014  0.016470  0.000017  0.000000  0.000001  0.002541  0.000003  0.000000  0.000000  0.000000  0.000000  0.000000  0.000001  0.000049  0.000001  0.000102  0.000000  0.000000  0.000002  0.033776  0.000001  0.000008  0.018511  0.000013  0.036266  0.000008  0.000000  0.000001  0.027743  0.000001  0.000000  0.000002  0.033777  0.000001  0.000007  0.018581  0.000014  0.036276  0.000008  0.000000  0.000001  0.027744  0.000001  0.000001  0.000001  0.019696  0.000000  0.000011  0.049833  0.000000  0.034700  0.000006  0.000000  0.000001  0.016842  0.000000  0.000001  0.000001  0.019697  0.000000  0.000011  0.049694  0.000000  0.034662  0.000005  0.000000  0.000001  0.016842  0.000000
43 0.000000  0.000000  0.000000  0.000000  0.000000  0.000043  0.000000  0.009081  0.000000  0.000000  0.000000  0.000000  0.000000  0.000000  0.000000  0.000000  0.000000  0.000000  0.000000  0.000000  0.000000  0.000050  0.000000  0.003775  0.000000  0.000000  0.000000  0.000000  0.000004  0.000000  0.000000  0.000000  0.012894  0.000000  0.000000  0.000000  0.000000  0.000000  0.000000  0.000000  0.000005  0.000000  0.630775  0.000000  0.001042  0.000000  0.000000  0.000000  0.005484  0.000000  0.000000  0.000000  0.000000  0.000000  0.000000  0.000000  0.000000  0.000000  0.000000  0.000000  0.000000  0.000000  0.037077  0.000000  0.000000  0.013502  0.000000  0.011152  0.000000  0.000000  0.000000  0.021485  0.000000  0.000000  0.000000  0.037077  0.000000  0.000000  0.013502  0.000000  0.011152  0.000000  0.000000  0.000000  0.021485  0.000000  0.000000  0.000000  0.027459  0.000000  0.000000  0.045774  0.000000  0.051684  0.000000  0.000000  0.000000  0.016154  0.000000  0.000000  0.000000  0.027459  0.000000  0.000000  0.045774  0.000000  0.051684  0.000000  0.000000  0.000000  0.016154  0.000000
44 0.001782  0.000020  0.000001  0.000018  0.021608  0.000005  0.018088  0.000005  0.003626  0.000137  0.000000  0.000193  0.000000  0.000000  0.000000  0.000127  0.001080  0.000012  0.000000  0.000010  0.010625  0.000003  0.009334  0.000002  0.001797  0.039396  0.000014  0.005494  0.000026  0.009327  0.000008  0.016782  0.000004  0.007834  0.000019  0.000000  0.000018  0.000000  0.000013  0.018094  0.000002  0.010308  0.000014  1.773620  0.000018  0.009751  0.000005  0.005978  0.000003  0.002890  0.000007  0.000000  0.000007  0.000000  0.000008  0.000362  0.000002  0.000483  0.000001  0.000236  0.056313  0.042423  0.000001  0.008403  0.083945  0.000014  0.047747  0.000019  0.006141  0.034994  0.036526  0.000001  0.008104  0.056314  0.042417  0.000001  0.008433  0.084312  0.000014  0.046021  0.000022  0.006471  0.034989  0.036521  0.000001  0.008137  0.023000  0.009802  0.000002  0.003365  0.093847  0.000010  0.028882  0.000006  0.032424  0.014229  0.009663  0.000001  0.002914  0.022999  0.009789  0.000001  0.003384  0.093697  0.000011  0.028703  0.000009  0.033871  0.014230  0.009650  0.000001  0.002935
44 0.000002  0.000000  0.000000  0.000000  0.000640  0.000000  0.009336  0.000000  0.000821  0.000000  0.000000  0.000000  0.000000  0.000000  0.000000  0.000000  0.000019  0.000000  0.000000  0.000000  0.000173  0.000000  0.003600  0.000000  0.000243  0.000000  0.000000  0.000003  0.000000  0.000000  0.000000  0.000441  0.000000  0.005133  0.000000  0.000000  0.000000  0.000000  0.000000  0.003277  0.000000  0.003070  0.000000  0.718652  0.000000  0.000498  0.000000  0.000018  0.000000  0.001882  0.000000  0.000000  0.000000  0.000000  0.000000  0.000000  0.000000  0.000000  0.000000  0.000000  0.040463  0.062431  0.000000  0.020734  0.042108  0.000000  0.005396  0.000000  0.075997  0.022850  0.039140  0.000000  0.014900  0.040463  0.062431  0.000000  0.020734  0.042108  0.000000  0.005396  0.000000  0.075996  0.022850  0.039140  0.000000  0.014900  0.016977  0.024079  0.000000  0.012563  0.022513  0.000000  0.047679  0.000000  0.017067  0.009774  0.016506  0.000000  0.009636  0.016977  0.024079  0.000000  0.012563  0.022513  0.000000  0.047679  0.000000  0.017067  0.009774  0.016506  0.000000  0.009636
45 0.000001  0.000000  0.000008  0.000000  0.000001  0.001171  0.000003  0.002637  0.000011  0.000000  0.000009  0.000000  0.000029  0.000000  0.000000  0.000000  0.000000  0.000000  0.000005  0.000000  0.000001  0.000313  0.000003  0.002780  0.000007  0.000009  0.013430  0.000056  0.052720  0.000018  0.000000  0.000010  0.000232  0.000008  0.000000  0.000001  0.000000  0.000001  0.000000  0.000022  0.014955  0.000012  0.016470  0.000018  1.854926  0.000024  0.000000  0.000006  0.000015  0.000005  0.000000  0.000001  0.000000  0.000001  0.000000  0.000001  0.000140  0.000000  0.000049  0.000000  0.000000  0.000000  0.001325  0.000003  0.000006  0.023607  0.000011  0.001631  0.000032  0.000000  0.000001  0.001096  0.000002  0.000000  0.000000  0.001324  0.000003  0.000006  0.023602  0.000012  0.001559  0.000032  0.000000  0.000001  0.001096  0.000002  0.000001  0.000001  0.002190  0.000001  0.000011  0.048919  0.000041  0.012088  0.000018  0.000000  0.000001  0.001414  0.000001  0.000001  0.000000  0.002191  0.000001  0.000011  0.049088  0.000041  0.012135  0.000018  0.000000  0.000001  0.001415  0.000001
45 0.000000  0.000000  0.000000  0.000000  0.000000  0.000002  0.000000  0.002709  0.000000  0.000000  0.000000  0.000000  0.000000  0.000000  0.000000  0.000000  0.000000  0.000000  0.000000  0.000000  0.000000  0.000002  0.000000  0.001087  0.000000  0.000000  0.000000  0.000000  0.000001  0.000000  0.000000  0.000000  0.000180  0.000000  0.000000  0.000000  0.000000  0.000000  0.000000  0.000000  0.000000  0.000000  0.001042  0.000000  0.663537  0.000000  0.000000  0.000000  0.000053  0.000000  0.000000  0.000000  0.000000  0.000000  0.000000  0.000000  0.000000  0.000000  0.000000  0.000000  0.000000  0.000000  0.000654  0.000000  0.000000  0.092213  0.000000  0.091061  0.000000  0.000000  0.000000  0.000256  0.000000  0.000000  0.000000  0.000654  0.000000  0.000000  0.092213  0.000000  0.091061  0.000000  0.000000  0.000000  0.000256  0.000000  0.000000  0.000000  0.001122  0.000000  0.000000  0.026860  0.000000  0.026251  0.000000  0.000000  0.000000  0.000474  0.000000  0.000000  0.000000  0.001122  0.000000  0.000000  0.026860  0.000000  0.026251  0.000000  0.000000  0.000000  0.000474  0.000000
46 0.005045  0.000005  0.000000  0.000071  0.005314  0.000006  0.004692  0.000010  0.005090  0.000017  0.000000  0.000108  0.000001  0.000129  0.000000  0.000000  0.001105  0.000003  0.000000  0.000043  0.002794  0.000004  0.002265  0.000006  0.002514  0.022863  0.000000  0.012430  0.000057  0.005782  0.000000  0.005330  0.000001  0.010937  0.000008  0.000000  0.000010  0.000000  0.000003  0.039537  0.000014  0.028445  0.000017  0.009751  0.000024  1.886528  0.000000  0.001945  0.000001  0.003993  0.000005  0.000000  0.000003  0.000000  0.000001  0.000050  0.000001  0.000407  0.000002  0.000056  0.014399  0.017703  0.000000  0.011608  0.007440  0.000004  0.031156  0.000004  0.041160  0.008748  0.014498  0.000000  0.011376  0.014400  0.017703  0.000000  0.011596  0.007408  0.000004  0.030274  0.000005  0.041277  0.008744  0.014494  0.000000  0.011363  0.034147  0.006343  0.000001  0.027604  0.099147  0.000003  0.063678  0.000009  0.047690  0.020375  0.003497  0.000001  0.024411  0.034150  0.006350  0.000002  0.027607  0.099111  0.000004  0.063771  0.000007  0.048203  0.020376  0.003501  0.000001  0.024411
46 0.005229  0.000000  0.000000  0.000000  0.000098  0.000000  0.002213  0.000000  0.010645  0.000000  0.000000  0.000000  0.000000  0.000000  0.000000  0.000000  0.001564  0.000000  0.000000  0.000000  0.000009  0.000000  0.000646  0.000000  0.004034  0.000000  0.000000  0.000000  0.000000  0.000004  0.000000  0.000164  0.000000  0.000194  0.000000  0.000000  0.000000  0.000000  0.000000  0.002342  0.000000  0.003269  0.000000  0.000498  0.000000  0.684067  0.000000  0.000002  0.000000  0.000149  0.000000  0.000000  0.000000  0.000000  0.000000  0.000000  0.000000  0.000000  0.000000  0.000000  0.009881  0.018792  0.000000  0.013805  0.016455  0.000000  0.056087  0.000000  0.006092  0.005552  0.009877  0.000000  0.008652  0.009881  0.018792  0.000000  0.013805  0.016455  0.000000  0.056087  0.000000  0.006092  0.005552  0.009877  0.000000  0.008652  0.023914  0.000546  0.000000  0.049198  0.058838  0.000000  0.013067  0.000000  0.070798  0.013216  0.003164  0.000000  0.031370  0.023914  0.000546  0.000000  0.049198  0.058838  0.000000  0.013067  0.000000  0.070798  0.013216  0.003164  0.000000  0.031370
47 0.000000  0.000006  0.000000  0.001374  0.000000  0.000000  0.000000  0.000000  0.000000  0.001119  0.000001  0.002205  0.000001  0.001083  0.000000  0.001119  0.000000  0.000007  0.000000  0.000505  0.000000  0.000000  0.000000  0.000000  0.000000  0.000003  0.000000  0.000004  0.000000  0.000004  0.010512  0.000001  0.000000  0.000002  0.000640  0.000000  0.002183  0.000000  0.000330  0.000001  0.000000  0.000001  0.000000  0.000005  0.000000  0.000000  0.005240  0.000000  0.000000  0.000001  0.000364  0.000000  0.001138  0.000000  0.000139  0.000444  0.000005  0.001903  0.000000  0.001847  0.005401  0.002960  0.000000  0.003398  0.001115  0.000001  0.001701  0.000000  0.000984  0.003339  0.002575  0.000000  0.002729  0.005401  0.002960  0.000000  0.003398  0.001126  0.000001  0.001696  0.000000  0.000995  0.003339  0.002576  0.000000  0.002729  0.003026  0.002284  0.000000  0.003161  0.002930  0.000001  0.001571  0.000001  0.000946  0.001836  0.002067  0.000000  0.002462  0.003026  0.002285  0.000000  0.003161  0.002932  0.000001  0.001577  0.000001  0.000940  0.001836  0.002068  0.000000  0.002462
47 0.000000  0.000001  0.000000  0.000920  0.000000  0.000000  0.000000  0.000000  0.000000  0.000021  0.000000  0.000035  0.000000  0.000019  0.000000  0.001564  0.000000  0.000000  0.000000  0.000208  0.000000  0.000000  0.000000  0.000000  0.000000  0.000000  0.000000  0.000000  0.000000  0.000000  0.009013  0.000000  0.000000  0.000000  0.000008  0.000000  0.001338  0.000000  0.000159  0.000000  0.000000  0.000000  0.000000  0.000000  0.000000  0.000000  0.003648  0.000000  0.000000  0.000000  0.000004  0.000000  0.000440  0.000000  0.000026  0.000000  0.000000  0.000112  0.000000  0.000003  0.004460  0.003267  0.000000  0.003556  0.004092  0.000000  0.005148  0.000000  0.000290  0.001760  0.001617  0.000000  0.001672  0.004460  0.003267  0.000000  0.003556  0.004092  0.000000  0.005148  0.000000  0.000290  0.001760  0.001617  0.000000  0.001672  0.002523  0.002693  0.000000  0.003406  0.005658  0.000000  0.002933  0.000000  0.000503  0.000985  0.001370  0.000000  0.001546  0.002523  0.002693  0.000000  0.003406  0.005658  0.000000  0.002933  0.000000  0.000503  0.000985  0.001370  0.000000  0.001546
48 0.000029  0.000000  0.000000  0.000006  0.002870  0.000002  0.000600  0.000001  0.000046  0.000008  0.000000  0.000011  0.000000  0.000012  0.000000  0.000003  0.000005  0.000000  0.000000  0.000004  0.001548  0.000001  0.000312  0.000001  0.000013  0.000217  0.000005  0.004086  0.000013  0.001815  0.000001  0.039185  0.000001  0.000279  0.000001  0.000000  0.000000  0.000000  0.000001  0.004303  0.000002  0.001589  0.000001  0.005978  0.000006  0.001945  0.000000  0.021945  0.000000  0.000141  0.000000  0.000000  0.000000  0.000000  0.000000  0.000019  0.000000  0.000005  0.000000  0.000007  0.004239  0.000544  0.000000  0.002121  0.005460  0.000001  0.005921  0.000002  0.001772  0.003060  0.000170  0.000000  0.002263  0.004239  0.000545  0.000000  0.002123  0.005462  0.000001  0.005873  0.000002  0.001791  0.003060  0.000171  0.000000  0.002265  0.003480  0.001501  0.000000  0.002959  0.012147  0.000001  0.008512  0.000002  0.000562  0.002507  0.001833  0.000000  0.003152  0.003480  0.001500  0.000000  0.002960  0.012111  0.000001  0.008511  0.000002  0.000516  0.002507  0.001831  0.000000  0.003153
48 0.000001  0.000000  0.000000  0.000000  0.002122  0.000000  0.000017  0.000000  0.000001  0.000000  0.000000  0.000000  0.000000  0.000000  0.000000  0.000000  0.000000  0.000000  0.000000  0.000000  0.000659  0.000000  0.000005  0.000000  0.000001  0.000139  0.000000  0.000000  0.000000  0.000000  0.000000  0.018606  0.000000  0.000005  0.000000  0.000000  0.000000  0.000000  0.000000  0.000186  0.000000  0.002210  0.000000  0.000018  0.000000  0.000002  0.000000  0.009452  0.000000  0.000003  0.000000  0.000000  0.000000  0.000000  0.000000  0.000000  0.000000  0.000000  0.000000  0.000000  0.004237  0.000151  0.000000  0.004240  0.000592  0.000000  0.011544  0.000000  0.006096  0.001935  0.000192  0.000000  0.002236  0.004237  0.000151  0.000000  0.004240  0.000592  0.000000  0.011544  0.000000  0.006096  0.001935  0.000192  0.000000  0.002236  0.003533  0.003770  0.000000  0.005938  0.009756  0.000000  0.004311  0.000000  0.005372  0.001657  0.002104  0.000000  0.003161  0.003533  0.003770  0.000000  0.005938  0.009756  0.000000  0.004311  0.000000  0.005372  0.001657  0.002104  0.000000  0.003161
49 0.000000  0.000000  0.000000  0.000000  0.000000  0.000044  0.000000  0.000691  0.000001  0.000000  0.000004  0.000000  0.000001  0.000000  0.000005  0.000000  0.000000  0.000000  0.000000  0.000000  0.000000  0.000015  0.000000  0.000380  0.000000  0.000003  0.000540  0.000000  0.001721  0.000001  0.000000  0.000001  0.041776  0.000001  0.000000  0.000000  0.000000  0.000000  0.000000  0.000002  0.002539  0.000002  0.002541  0.000003  0.000015  0.000001  0.000000  0.000000  0.023292  0.000000  0.000000  0.000000  0.000000  0.000000  0.000000  0.000000  0.000005  0.000000  0.000006  0.000000  0.000000  0.000000  0.004158  0.000000  0.000000  0.016237  0.000000  0.017524  0.000000  0.000000  0.000000  0.005012  0.000000  0.000000  0.000000  0.004158  0.000000  0.000000  0.016256  0.000001  0.017540  0.000000  0.000000  0.000000  0.005013  0.000000  0.000000  0.000000  0.001334  0.000000  0.000000  0.002811  0.000000  0.000059  0.000000  0.000000  0.000000  0.001344  0.000000  0.000000  0.000000  0.001333  0.000000  0.000000  0.002829  0.000000  0.000057  0.000001  0.000000  0.000000  0.001343  0.000000
49 0.000000  0.000000  0.000000  0.000000  0.000000  0.000005  0.000000  0.000618  0.000000  0.000000  0.000000  0.000000  0.000000  0.000000  0.000000  0.000000  0.000000  0.000000  0.000000  0.000000  0.000000  0.000002  0.000000  0.000207  0.000000  0.000000  0.000000  0.000000  0.000049  0.000000  0.000000  0.000000  0.016521  0.000000  0.000000  0.000000  0.000000  0.000000  0.000000  0.000000  0.000044  0.000000  0.005484  0.000000  0.000053  0.000000  0.000000  0.000000  0.008790  0.000000  0.000000  0.000000  0.000000  0.000000  0.000000  0.000000  0.000000  0.000000  0.000000  0.000000  0.000000  0.000000  0.008790  0.000000  0.000000  0.014212  0.000000  0.014343  0.000000  0.000000  0.000000  0.004957  0.000000  0.000000  0.000000  0.008790  0.000000  0.000000  0.014212  0.000000  0.014343  0.000000  0.000000  0.000000  0.004957  0.000000  0.000000  0.000000  0.002102  0.000000  0.000000  0.004507  0.000000  0.004856  0.000000  0.000000  0.000000  0.001049  0.000000  0.000000  0.000000  0.002102  0.000000  0.000000  0.004507  0.000000  0.004856  0.000000  0.000000  0.000000  0.001049  0.000000
50 0.001502  0.000006  0.000000  0.000001  0.000674  0.000002  0.000841  0.000001  0.000628  0.000048  0.000000  0.000042  0.000000  0.000010  0.000000  0.000043  0.000506  0.000004  0.000000  0.000000  0.000416  0.000001  0.000542  0.000001  0.000280  0.002052  0.000006  0.001090  0.000008  0.000727  0.000002  0.000274  0.000001  0.039628  0.000005  0.000000  0.000005  0.000000  0.000004  0.003605  0.000005  0.005000  0.000003  0.002890  0.000005  0.003993  0.000001  0.000141  0.000000  0.022310  0.000002  0.000000  0.000002  0.000000  0.000002  0.000053  0.000001  0.000130  0.000000  0.000053  0.004605  0.002180  0.000001  0.001646  0.002899  0.000001  0.007047  0.000005  0.001177  0.003155  0.002387  0.000000  0.000731  0.004605  0.002185  0.000001  0.001655  0.002811  0.000001  0.007547  0.000006  0.001317  0.003157  0.002392  0.000000  0.000739  0.004310  0.003279  0.000000  0.000731  0.009415  0.000001  0.009472  0.000002  0.000360  0.002865  0.003531  0.000000  0.001437  0.004309  0.003275  0.000000  0.000736  0.009378  0.000002  0.009389  0.000002  0.000848  0.002865  0.003526  0.000000  0.001442
50 0.001048  0.000000  0.000000  0.000000  0.000004  0.000000  0.000393  0.000000  0.000763  0.000000  0.000000  0.000000  0.000000  0.000000  0.000000  0.000000  0.000208  0.000000  0.000000  0.000000  0.000001  0.000000  0.000137  0.000000  0.000191  0.000000  0.000000  0.000033  0.000000  0.000033  0.000000  0.000005  0.000000  0.018891  0.000000  0.000000  0.000000  0.000000  0.000000  0.000002  0.000000  0.000017  0.000000  0.001882  0.000000  0.000149  0.000000  0.000003  0.000000  0.009494  0.000000  0.000000  0.000000  0.000000  0.000000  0.000000  0.000000  0.000000  0.000000  0.000000  0.004571  0.004241  0.000000  0.000667  0.000357  0.000000  0.011321  0.000000  0.005813  0.001992  0.002236  0.000000  0.000086  0.004571  0.004241  0.000000  0.000667  0.000357  0.000000  0.011321  0.000000  0.005813  0.001992  0.002236  0.000000  0.000086  0.004362  0.005939  0.000000  0.002865  0.008322  0.000000  0.005406  0.000000  0.005269  0.001844  0.003162  0.000000  0.001854  0.004362  0.005939  0.000000  0.002865  0.008322  0.000000  0.005406  0.000000  0.005269  0.001844  0.003162  0.000000  0.001854
51 0.000000  0.004556  0.000000  0.000913  0.000000  0.000000  0.000000  0.000000  0.000001  0.007459  0.000001  0.004400  0.000003  0.010623  0.000002  0.002809  0.000000  0.001567  0.000000  0.000393  0.000000  0.000000  0.000000  0.000000  0.000000  0.000002  0.000000  0.000005  0.000000  0.000007  0.000930  0.000001  0.000000  0.000003  0.032322  0.000001  0.009739  0.000001  0.000020  0.000004  0.000000  0.000008  0.000000  0.000007  0.000000  0.000005  0.000364  0.000000  0.000000  0.000002  0.024015  0.000001  0.004918  0.000001  0.000037  0.132371  0.000014  0.005361  0.000032  0.000534  0.013138  0.001816  0.000001  0.000983  0.000996  0.000003  0.021124  0.000001  0.001465  0.007603  0.001677  0.000001  0.001323  0.013138  0.001816  0.000001  0.000982  0.000995  0.000003  0.021131  0.000001  0.001488  0.007603  0.001677  0.000001  0.001323  0.019172  0.020944  0.000000  0.017978  0.010301  0.000002  0.002653  0.000002  0.001500  0.010949  0.014480  0.000000  0.012937  0.019172  0.020945  0.000000  0.017977  0.010302  0.000002  0.002660  0.000002  0.001485  0.010949  0.014481  0.000000  0.012936
51 0.000000  0.002258  0.000000  0.000007  0.000000  0.000000  0.000000  0.000000  0.000000  0.004454  0.000000  0.002369  0.000000  0.000173  0.000000  0.000009  0.000000  0.000659  0.000000  0.000001  0.000000  0.000000  0.000000  0.000000  0.000000  0.000000  0.000000  0.000000  0.000000  0.000000  0.000004  0.000000  0.000000  0.000000  0.189261  0.000000  0.000024  0.000000  0.000000  0.000000  0.000000  0.000000  0.000000  0.000000  0.000000  0.000000  0.000004  0.000000  0.000000  0.000000  0.117030  0.000000  0.000020  0.000000  0.000000  0.431216  0.000000  0.000000  0.000000  0.000000  0.005984  0.001044  0.000000  0.000797  0.002469  0.000000  0.027936  0.000000  0.000533  0.002792  0.000824  0.000000  0.000758  0.005984  0.001044  0.000000  0.000797  0.002469  0.000000  0.027936  0.000000  0.000533  0.002792  0.000824  0.000000  0.000758  0.008458  0.011580  0.000000  0.010091  0.025840  0.000000  0.011544  0.000000  0.001952  0.003977  0.006244  0.000000  0.005751  0.008458  0.011580  0.000000  0.010091  0.025840  0.000000  0.011544  0.000000  0.001952  0.003977  0.006244  0.000000  0.005751
52 0.000000  0.000001  0.000014  0.000001  0.000000  0.000000  0.000000  0.000000  0.000000  0.000008  0.004855  0.000002  0.001697  0.000001  0.000442  0.000006  0.000000  0.000001  0.000017  0.000000  0.000000  0.000000  0.000000  0.000000  0.000000  0.000000  0.000008  0.000000  0.000002  0.000000  0.000000  0.000000  0.000000  0.000000  0.000001  0.043059  0.000001  0.003058  0.000002  0.000000  0.000003  0.000000  0.000000  0.000000  0.000001  0.000000  0.000000  0.000000  0.000000  0.000000  0.000001  0.029036  0.000001  0.001450  0.000001  0.000008  0.138016  0.000009  0.000090  0.000023  0.000000  0.000002  0.029818  0.000001  0.000004  0.001233  0.000006  0.018127  0.000001  0.000000  0.000002  0.020959  0.000001  0.000000  0.000002  0.029818  0.000001  0.000004  0.001249  0.000006  0.018121  0.000001  0.000000  0.000002  0.020959  0.000001  0.000000  0.000004  0.008660  0.000003  0.000001  0.008126  0.000001  0.012202  0.000000  0.000000  0.000003  0.005808  0.000002  0.000000  0.000004  0.008660  0.000003  0.000001  0.008129  0.000001  0.012206  0.000000  0.000000  0.000003  0.005808  0.000002
52 0.000000  0.000000  0.000004  0.000000  0.000000  0.000000  0.000000  0.000000  0.000000  0.000000  0.004411  0.000000  0.000050  0.000000  0.000002  0.000000  0.000000  0.000000  0.000002  0.000000  0.000000  0.000000  0.000000  0.000000  0.000000  0.000000  0.000000  0.000000  0.000000  0.000000  0.000000  0.000000  0.000000  0.000000  0.000000  0.186338  0.000000  0.000012  0.000000  0.000000  0.000000  0.000000  0.000000  0.000000  0.000000  0.000000  0.000000  0.000000  0.000000  0.000000  0.000000  0.116078  0.000000  0.000018  0.000000  0.000000  0.431469  0.000000  0.000000  0.000000  0.000000  0.000000  0.016335  0.000000  0.000000  0.010300  0.000000  0.032342  0.000000  0.000000  0.000000  0.008849  0.000000  0.000000  0.000000  0.016335  0.000000  0.000000  0.010300  0.000000  0.032342  0.000000  0.000000  0.000000  0.008849  0.000000  0.000000  0.000000  0.004798  0.000000  0.000000  0.009101  0.000000  0.013158  0.000000  0.000000  0.000000  0.002418  0.000000  0.000000  0.000000  0.004798  0.000000  0.000000  0.009101  0.000000  0.013158  0.000000  0.000000  0.000000  0.002418  0.000000
53 0.000000  0.000955  0.000000  0.001159  0.000000  0.000000  0.000000  0.000000  0.000000  0.002502  0.000002  0.000321  0.000005  0.009598  0.000003  0.002439  0.000000  0.000315  0.000000  0.000567  0.000000  0.000000  0.000000  0.000000  0.000000  0.000002  0.000000  0.000005  0.000000  0.000002  0.003679  0.000000  0.000000  0.000004  0.009631  0.000001  0.024104  0.000001  0.001034  0.000002  0.000000  0.000008  0.000000  0.000007  0.000000  0.000003  0.001138  0.000000  0.000000  0.000002  0.004918  0.000001  0.019608  0.000001  0.000552  0.006142  0.000002  0.125413  0.000031  0.000826  0.017055  0.024515  0.000000  0.023735  0.025115  0.000003  0.022257  0.000001  0.000105  0.009560  0.016153  0.000000  0.015710  0.017055  0.024514  0.000000  0.023735  0.025107  0.000003  0.022256  0.000001  0.000085  0.009560  0.016153  0.000000  0.015710  0.009982  0.009243  0.000001  0.011102  0.002621  0.000004  0.005910  0.000001  0.000533  0.005970  0.006986  0.000000  0.007973  0.009982  0.009243  0.000001  0.011103  0.002626  0.000004  0.005904  0.000001  0.000525  0.005970  0.006985  0.000000  0.007974
53 0.000000  0.000023  0.000000  0.000422  0.000000  0.000000  0.000000  0.000000  0.000000  0.000140  0.000000  0.000012  0.000000  0.003600  0.000000  0.000646  0.000000  0.000005  0.000000  0.000137  0.000000  0.000000  0.000000  0.000000  0.000000  0.000000  0.000000  0.000000  0.000000  0.000000  0.001618  0.000000  0.000000  0.000000  0.000022  0.000000  0.194274  0.000000  0.000233  0.000000  0.000000  0.000000  0.000000  0.000000  0.000000  0.000000  0.000440  0.000000  0.000000  0.000000  0.000020  0.000000  0.119038  0.000000  0.000055  0.000000  0.000000  0.430466  0.000000  0.000008  0.007492  0.012649  0.000000  0.012416  0.027907  0.000000  0.018217  0.000000  0.000183  0.003478  0.006390  0.000000  0.006327  0.007492  0.012649  0.000000  0.012416  0.027907  0.000000  0.018217  0.000000  0.000183  0.003478  0.006390  0.000000  0.006327  0.004486  0.005321  0.000000  0.006451  0.011575  0.000000  0.012074  0.000000  0.000839  0.002200  0.003163  0.000000  0.003554  0.004486  0.005321  0.000000  0.006451  0.011575  0.000000  0.012074  0.000000  0.000839  0.002200  0.003163  0.000000  0.003554
54 0.000000  0.000000  0.001050  0.000000  0.000000  0.000000  0.000000  0.000000  0.000000  0.000006  0.000452  0.000007  0.001727  0.000007  0.002775  0.000009  0.000000  0.000000  0.000385  0.000000  0.000000  0.000000  0.000000  0.000000  0.000000  0.000000  0.000005  0.000000  0.000013  0.000000  0.000000  0.000000  0.000000  0.000000  0.000001  0.003005  0.000002  0.043395  0.000001  0.000000  0.000005  0.000000  0.000000  0.000000  0.000001  0.000000  0.000000  0.000000  0.000000  0.000000  0.000001  0.001450  0.000001  0.029356  0.000001  0.000034  0.001046  0.000038  0.141871  0.000013  0.000000  0.000004  0.029962  0.000003  0.000003  0.018938  0.000003  0.001311  0.000004  0.000000  0.000003  0.020995  0.000002  0.000000  0.000004  0.029962  0.000003  0.000003  0.018966  0.000003  0.001307  0.000004  0.000000  0.000003  0.020995  0.000002  0.000000  0.000004  0.009186  0.000005  0.000001  0.011513  0.000003  0.008219  0.000003  0.000000  0.000003  0.005994  0.000003  0.000000  0.000004  0.009187  0.000005  0.000001  0.011517  0.000003  0.008220  0.000003  0.000000  0.000003  0.005994  0.000003
54 0.000000  0.000000  0.000659  0.000000  0.000000  0.000000  0.000000  0.000000  0.000000  0.000000  0.000018  0.000000  0.003774  0.000000  0.001087  0.000000  0.000000  0.000000  0.000207  0.000000  0.000000  0.000000  0.000000  0.000000  0.000000  0.000000  0.000000  0.000000  0.000000  0.000000  0.000000  0.000000  0.000000  0.000000  0.000000  0.000012  0.000000  0.186431  0.000000  0.000000  0.000000  0.000000  0.000000  0.000000  0.000000  0.000000  0.000000  0.000000  0.000000  0.000000  0.000000  0.000018  0.000000  0.116099  0.000000  0.000000  0.000000  0.000000  0.431466  0.000000  0.000000  0.000000  0.016472  0.000000  0.000000  0.032341  0.000000  0.009929  0.000000  0.000000  0.000000  0.008889  0.000000  0.000000  0.000000  0.016472  0.000000  0.000000  0.032341  0.000000  0.009929  0.000000  0.000000  0.000000  0.008889  0.000000  0.000000  0.000000  0.005165  0.000000  0.000000  0.013154  0.000000  0.008406  0.000000  0.000000  0.000000  0.002538  0.000000  0.000000  0.000000  0.005165  0.000000  0.000000  0.013154  0.000000  0.008406  0.000000  0.000000  0.000000  0.002538  0.000000
55 0.000000  0.000103  0.000002  0.001102  0.000001  0.000000  0.000001  0.000000  0.000000  0.002638  0.000007  0.001044  0.000003  0.001835  0.000013  0.002598  0.000000  0.000041  0.000001  0.000316  0.000000  0.000000  0.000000  0.000000  0.000000  0.000014  0.000000  0.000024  0.000000  0.000003  0.000527  0.000001  0.000000  0.000004  0.000100  0.000002  0.001040  0.000001  0.042971  0.000001  0.000000  0.000005  0.000000  0.000008  0.000000  0.000001  0.000139  0.000000  0.000000  0.000002  0.000037  0.000001  0.000552  0.000001  0.029211  0.000363  0.000032  0.000690  0.000007  0.133379  0.000676  0.010624  0.000001  0.009623  0.000428  0.000000  0.000806  0.000008  0.009696  0.000194  0.006734  0.000001  0.006131  0.000676  0.010625  0.000001  0.009623  0.000424  0.000000  0.000804  0.000008  0.009722  0.000194  0.006734  0.000001  0.006130  0.001118  0.009090  0.000001  0.008753  0.000033  0.000008  0.000141  0.000009  0.018652  0.000464  0.005817  0.000001  0.005493  0.001118  0.009090  0.000001  0.008753  0.000024  0.000008  0.000087  0.000010  0.018654  0.000464  0.005817  0.000001  0.005492
55 0.000000  0.000002  0.000000  0.000803  0.000000  0.000000  0.000000  0.000000  0.000000  0.000014  0.000000  0.000041  0.000000  0.000243  0.000000  0.004034  0.000000  0.000001  0.000000  0.000191  0.000000  0.000000  0.000000  0.000000  0.000000  0.000000  0.000000  0.000000  0.000000  0.000000  0.000189  0.000000  0.000000  0.000000  0.000000  0.000000  0.000233  0.000000  0.189193  0.000000  0.000000  0.000000  0.000000  0.000000  0.000000  0.000000  0.000026  0.000000  0.000000  0.000000  0.000000  0.000000  0.000055  0.000000  0.117031  0.000000  0.000000  0.000008  0.000000  0.431216  0.000348  0.006404  0.000000  0.006108  0.000521  0.000000  0.000185  0.000000  0.010839  0.000068  0.002989  0.000000  0.002904  0.000348  0.006404  0.000000  0.006108  0.000521  0.000000  0.000185  0.000000  0.010839  0.000068  0.002989  0.000000  0.002904  0.000610  0.005685  0.000000  0.005576  0.001940  0.000000  0.000833  0.000000  0.023047  0.000159  0.002694  0.000000  0.002627  0.000610  0.005685  0.000000  0.005576  0.001940  0.000000  0.000833  0.000000  0.023047  0.000159  0.002694  0.000000  0.002627
56 0.000005  0.004302  0.000004  0.003779  0.000004  0.000000  0.000006  0.000000  0.000017  0.027061  0.000063  0.006405  0.000039  0.039374  0.000019  0.022938  0.000003  0.000271  0.000003  0.001979  0.000002  0.000000  0.000002  0.000000  0.000014  0.000004  0.000005  0.000069  0.000006  0.000382  0.000897  0.000033  0.000000  0.000089  0.165702  0.000012  0.010386  0.000050  0.000785  0.000036  0.000002  0.000242  0.000001  0.000362  0.000001  0.000050  0.000444  0.000019  0.000000  0.000053  0.132371  0.000008  0.006142  0.000034  0.000363  4.101952  0.000142  0.046898  0.000032  0.040968  0.027185  0.013551  0.000003  0.010575  0.025612  0.000062  0.165497  0.000028  0.003115  0.014019  0.011017  0.000001  0.009112  0.027183  0.013539  0.000003  0.010581  0.025160  0.000073  0.165124  0.000024  0.003282  0.014016  0.011012  0.000001  0.009115  0.039552  0.070598  0.000003  0.060304  0.179198  0.000073  0.093211  0.000033  0.025795  0.020664  0.046486  0.000002  0.040354  0.039553  0.070589  0.000003  0.060322  0.178942  0.000074  0.092824  0.000031  0.025497  0.020660  0.046472  0.000002  0.040371
56 0.000000  0.000002  0.000000  0.000000  0.000000  0.000000  0.000000  0.000000  0.000000  0.000004  0.000000  0.000002  0.000000  0.000000  0.000000  0.000000  0.000000  0.000139  0.000000  0.000000  0.000000  0.000000  0.000000  0.000000  0.000000  0.000000  0.000000  0.000000  0.000000  0.000000  0.000000  0.000000  0.000000  0.000000  0.676508  0.000000  0.000000  0.000000  0.000000  0.000000  0.000000  0.000000  0.000000  0.000000  0.000000  0.000000  0.000000  0.000000  0.000000  0.000000  0.431216  0.000000  0.000000  0.000000  0.000000  2.296496  0.000000  0.000000  0.000000  0.000000  0.000138  0.000690  0.000000  0.000690  0.003855  0.000000  0.008658  0.000000  0.000000  0.001290  0.000436  0.000000  0.000426  0.000138  0.000690  0.000000  0.000690  0.003855  0.000000  0.008658  0.000000  0.000000  0.001290  0.000436  0.000000  0.000426  0.000299  0.002517  0.000000  0.002519  0.024866  0.000000  0.014259  0.000000  0.000002  0.001816  0.002437  0.000000  0.002340  0.000299  0.002517  0.000000  0.002519  0.024866  0.000000  0.014259  0.000000  0.000002  0.001816  0.002437  0.000000  0.002340
57 0.000000  0.000007  0.000868  0.000001  0.000000  0.000004  0.000000  0.000000  0.000000  0.000027  0.027224  0.000077  0.007461  0.000043  0.012425  0.000070  0.000000  0.000004  0.000539  0.000000  0.000000  0.000008  0.000000  0.000005  0.000000  0.000001  0.000001  0.000004  0.000352  0.000001  0.000009  0.000000  0.000009  0.000001  0.000022  0.179371  0.000001  0.000793  0.000048  0.000001  0.000170  0.000002  0.000049  0.000002  0.000140  0.000001  0.000005  0.000000  0.000005  0.000001  0.000014  0.138016  0.000002  0.001046  0.000032  0.000142  4.137081  0.000279  0.049153  0.000296  0.000001  0.000006  0.097947  0.000000  0.000007  0.117655  0.000052  0.183603  0.000009  0.000001  0.000003  0.063120  0.000003  0.000001  0.000005  0.097937  0.000000  0.000006  0.117146  0.000053  0.184176  0.000011  0.000001  0.000003  0.063111  0.000003  0.000001  0.000016  0.020695  0.000009  0.000050  0.062604  0.000077  0.107089  0.000001  0.000000  0.000011  0.010717  0.000005  0.000001  0.000016  0.020717  0.000009  0.000051  0.062014  0.000069  0.106842  0.000000  0.000000  0.000011  0.010740  0.000005
57 0.000000  0.000000  0.000000  0.000000  0.000000  0.000000  0.000000  0.000000  0.000000  0.000000  0.000005  0.000000  0.000000  0.000000  0.000000  0.000000  0.000000  0.000000  0.000000  0.000000  0.000000  0.000000  0.000000  0.000000  0.000000  0.000000  0.000000  0.000000  0.000000  0.000000  0.000000  0.000000  0.000000  0.000000  0.000000  0.676510  0.000000  0.000000  0.000000  0.000000  0.000000  0.000000  0.000000  0.000000  0.000000  0.000000  0.000000  0.000000  0.000000  0.000000  0.000000  0.431469  0.000000  0.000000  0.000000  0.000000  2.296496  0.000000  0.000000  0.000000  0.000000  0.000000  0.002489  0.000000  0.000000  0.014178  0.000000  0.017534  0.000000  0.000000  0.000000  0.004261  0.000000  0.000000  0.000000  0.002489  0.000000  0.000000  0.014178  0.000000  0.017534  0.000000  0.000000  0.000000  0.004261  0.000000  0.000000  0.000000  0.000199  0.000000  0.000000  0.002155  0.000000  0.002326  0.000000  0.000000  0.000000  0.001163  0.000000  0.000000  0.000000  0.000199  0.000000  0.000000  0.002155  0.000000  0.002326  0.000000  0.000000  0.000000  0.001163  0.000000
58 0.000011  0.007023  0.000003  0.003098  0.000018  0.000000  0.000008  0.000000  0.000034  0.005657  0.000054  0.005619  0.000010  0.006240  0.000052  0.012944  0.000004  0.004089  0.000001  0.001158  0.000004  0.000000  0.000006  0.000000  0.000024  0.000057  0.000012  0.000003  0.000019  0.000112  0.006598  0.000011  0.000000  0.000220  0.008501  0.000013  0.146563  0.000059  0.001190  0.000471  0.000002  0.000726  0.000001  0.000483  0.000000  0.000407  0.001903  0.000005  0.000000  0.000130  0.005361  0.000009  0.125413  0.000038  0.000690  0.046898  0.000279  4.075461  0.000483  0.043107  0.033901  0.066913  0.000001  0.065848  0.193336  0.000059  0.098644  0.000007  0.027085  0.017448  0.039226  0.000001  0.038876  0.033906  0.066963  0.000001  0.065808  0.193890  0.000069  0.098961  0.000003  0.024976  0.017453  0.039269  0.000001  0.038841  0.021351  0.032160  0.000002  0.037239  0.093848  0.000078  0.041984  0.000106  0.000394  0.011665  0.022459  0.000002  0.024028  0.021346  0.032201  0.000002  0.037147  0.093641  0.000079  0.040889  0.000102  0.001408  0.011664  0.022512  0.000001  0.023934
58 0.000000  0.000000  0.000000  0.000000  0.000000  0.000000  0.000000  0.000000  0.000000  0.000000  0.000000  0.000000  0.000000  0.000003  0.000000  0.000000  0.000000  0.000000  0.000000  0.000033  0.000000  0.000000  0.000000  0.000000  0.000000  0.000000  0.000000  0.000000  0.000000  0.000000  0.000002  0.000000  0.000000  0.000000  0.000000  0.000000  0.676504  0.000000  0.000000  0.000000  0.000000  0.000000  0.000000  0.000000  0.000000  0.000000  0.000112  0.000000  0.000000  0.000000  0.000000  0.000000  0.430466  0.000000  0.000008  0.000000  0.000000  2.296496  0.000000  0.000000  0.000171  0.001122  0.000000  0.001122  0.008658  0.000000  0.003878  0.000000  0.000000  0.001607  0.002995  0.000000  0.002986  0.000171  0.001122  0.000000  0.001122  0.008658  0.000000  0.003878  0.000000  0.000000  0.001607  0.002995  0.000000  0.002986  0.000173  0.001455  0.000000  0.001454  0.014259  0.000000  0.008401  0.000000  0.000001  0.001034  0.001322  0.000000  0.001400  0.000173  0.001455  0.000000  0.001454  0.014259  0.000000  0.008401  0.000000  0.000001  0.001034  0.001322  0.000000  0.001400
59 0.000000  0.000022  0.003763  0.000006  0.000000  0.000007  0.000000  0.000013  0.000000  0.000085  0.010965  0.000094  0.007406  0.000068  0.052034  0.000150  0.000000  0.000013  0.001739  0.000004  0.000000  0.000002  0.000000  0.000013  0.000000  0.000000  0.000351  0.000005  0.000003  0.000003  0.000000  0.000000  0.000012  0.000000  0.000045  0.000861  0.000047  0.184684  0.000011  0.000001  0.000343  0.000001  0.000102  0.000001  0.000049  0.000002  0.000000  0.000000  0.000006  0.000000  0.000032  0.000090  0.000031  0.141871  0.000007  0.000032  0.049153  0.000483  4.187417  0.000006  0.000003  0.000015  0.095685  0.000009  0.000045  0.189815  0.000028  0.087072  0.000051  0.000001  0.000009  0.060979  0.000007  0.000003  0.000015  0.095673  0.000009  0.000043  0.187911  0.000033  0.087417  0.000036  0.000001  0.000009  0.060970  0.000007  0.000000  0.000015  0.021841  0.000021  0.000007  0.067815  0.000027  0.088465  0.000044  0.000000  0.000009  0.011428  0.000014  0.000000  0.000015  0.021803  0.000020  0.000004  0.067593  0.000046  0.088531  0.000039  0.000000  0.000009  0.011385  0.000013
59 0.000000  0.000000  0.000001  0.000000  0.000000  0.000000  0.000000  0.000000  0.000000  0.000000  0.000000  0.000000  0.000004  0.000000  0.000001  0.000000  0.000000  0.000000  0.000049  0.000000  0.000000  0.000000  0.000000  0.000000  0.000000  0.000000  0.000000  0.000000  0.000000  0.000000  0.000000  0.000000  0.000000  0.000000  0.000000  0.000000  0.000000  0.676510  0.000000  0.000000  0.000000  0.000000  0.000000  0.000000  0.000000  0.000000  0.000000  0.000000  0.000000  0.000000  0.000000  0.000000  0.000000  0.431466  0.000000  0.000000  0.000000  0.000000  2.296496  0.000000  0.000000  0.000000  0.002489  0.000000  0.000000  0.017534  0.000000  0.014179  0.000000  0.000000  0.000000  0.004267  0.000000  0.000000  0.000000  0.002489  0.000000  0.000000  0.017534  0.000000  0.014179  0.000000  0.000000  0.000000  0.004267  0.000000  0.000000  0.000000  0.000198  0.000000  0.000000  0.002326  0.000000  0.002156  0.000000  0.000000  0.000000  0.001185  0.000000  0.000000  0.000000  0.000198  0.000000  0.000000  0.002326  0.000000  0.002156  0.000000  0.000000  0.000000  0.001185  0.000000
60 0.000008  0.003543  0.000013  0.000189  0.000006  0.000000  0.000002  0.000000  0.000005  0.001342  0.000043  0.016071  0.000068  0.009141  0.000109  0.006086  0.000004  0.001912  0.000006  0.000629  0.000007  0.000000  0.000002  0.000000  0.000003  0.000383  0.000000  0.000109  0.000002  0.000003  0.004335  0.000012  0.000000  0.000090  0.001283  0.000036  0.001496  0.000023  0.168998  0.000160  0.000001  0.000161  0.000000  0.000236  0.000000  0.000056  0.001847  0.000007  0.000000  0.000053  0.000534  0.000023  0.000826  0.000013  0.133379  0.040968  0.000296  0.043107  0.000006  4.149433  0.001072  0.024495  0.000006  0.022552  0.009970  0.000051  0.007018  0.000026  0.063742  0.000240  0.012200  0.000007  0.010939  0.001070  0.024511  0.000006  0.022550  0.009608  0.000049  0.006729  0.000026  0.063549  0.000246  0.012211  0.000007  0.010934  0.001801  0.022652  0.000006  0.019622  0.007659  0.000137  0.000480  0.000106  0.129444  0.000666  0.012028  0.000006  0.009384  0.001800  0.022656  0.000006  0.019606  0.007495  0.000137  0.001533  0.000107  0.129540  0.000666  0.012024  0.000006  0.009368
60 0.000000  0.000000  0.000000  0.000001  0.000000  0.000000  0.000000  0.000000  0.000000  0.000000  0.000000  0.000000  0.000000  0.000000  0.000000  0.000004  0.000000  0.000000  0.000000  0.000033  0.000000  0.000000  0.000000  0.000000  0.000000  0.000000  0.000000  0.000000  0.000000  0.000000  0.000000  0.000000  0.000000  0.000000  0.000000  0.000000  0.000000  0.000000  0.676508  0.000000  0.000000  0.000000  0.000000  0.000000  0.000000  0.000000  0.000003  0.000000  0.000000  0.000000  0.000000  0.000000  0.000008  0.000000  0.431216  0.000000  0.000000  0.000000  0.000000  2.296496  0.000000  0.000144  0.000000  0.000144  0.000000  0.000000  0.000000  0.000000  0.002055  0.000009  0.001353  0.000000  0.001340  0.000000  0.000144  0.000000  0.000144  0.000000  0.000000  0.000000  0.000000  0.002055  0.000009  0.001353  0.000000  0.001340  0.000001  0.000198  0.000000  0.000198  0.000002  0.000000  0.000001  0.000000  0.004481  0.000026  0.001213  0.000000  0.001197  0.000001  0.000198  0.000000  0.000198  0.000002  0.000000  0.000001  0.000000  0.004481  0.000026  0.001213  0.000000  0.001197
61 0.009995  0.009045  0.000000  0.012694  0.036512  0.000000  0.018226  0.000001  0.003044  0.029707  0.000001  0.020893  0.000001  0.022960  0.000001  0.034110  0.003025  0.003481  0.000000  0.004313  0.019175  0.000000  0.009959  0.000000  0.001121  0.039578  0.000002  0.021297  0.000001  0.001815  0.017591  0.011214  0.000000  0.012945  0.025175  0.000000  0.033221  0.000001  0.002051  0.013738  0.000000  0.056825  0.000000  0.056313  0.000000  0.014399  0.005401  0.004239  0.000000  0.004605  0.013138  0.000000  0.017055  0.000000  0.000676  0.027185  0.000001  0.033901  0.000003  0.001072  0.121805  0.001200  0.000000  0.001187  0.018597  0.000000  0.009588  0.000000  0.000969  0.065824  0.000728  0.000000  0.000702  0.006042  0.006684  0.000000  0.013603  0.010407  0.000000  0.004008  0.000000  0.001476  0.002316  0.003346  0.000000  0.006030  0.013037  0.000079  0.000001  0.004465  0.000833  0.000000  0.000438  0.000000  0.013846  0.004965  0.000001  0.000001  0.001990  0.000004  0.000147  0.000001  0.019075  0.006590  0.000000  0.001610  0.000000  0.000773  0.000001  0.000154  0.000000  0.008622
61 0.008343  0.008859  0.000000  0.012132  0.018836  0.000000  0.009467  0.000000  0.002096  0.021256  0.000000  0.013846  0.000000  0.016976  0.000000  0.023913  0.002523  0.003533  0.000000  0.004361  0.008458  0.000000  0.004486  0.000000  0.000610  0.000299  0.000000  0.000173  0.000000  0.000000  0.014535  0.010836  0.000000  0.012324  0.013438  0.000000  0.016957  0.000000  0.001389  0.009932  0.000000  0.040916  0.000000  0.040463  0.000000  0.009881  0.004460  0.004237  0.000000  0.004571  0.005984  0.000000  0.007492  0.000000  0.000348  0.000138  0.000000  0.000171  0.000000  0.000000  0.108359  0.000143  0.000000  0.000136  0.000228  0.000000  0.006283  0.000000  0.000932  0.058995  0.000061  0.000000  0.000058  0.003889  0.002428  0.000000  0.007316  0.008604  0.000000  0.005255  0.000000  0.001862  0.001277  0.000981  0.000000  0.002452  0.008584  0.000052  0.000000  0.002924  0.000240  0.000000  0.000342  0.000000  0.012716  0.002642  0.000016  0.000000  0.001010  0.000000  0.000237  0.000000  0.012329  0.005308  0.000000  0.000223  0.000000  0.000009  0.000002  0.000076  0.000000  0.004352
62 0.005497  0.003199  0.000001  0.006946  0.033929  0.000004  0.014579  0.000009  0.015484  0.028949  0.000000  0.002497  0.000003  0.009486  0.000003  0.006533  0.002263  0.001530  0.000000  0.003333  0.020819  0.000003  0.009671  0.000006  0.008893  0.070192  0.000012  0.033342  0.000023  0.022095  0.007473  0.001942  0.000000  0.004595  0.001934  0.000004  0.041948  0.000006  0.018641  0.009986  0.000002  0.006850  0.000002  0.042423  0.000000  0.017703  0.002960  0.000544  0.000000  0.002180  0.001816  0.000002  0.024515  0.000004  0.010624  0.013551  0.000006  0.066913  0.000015  0.024495  0.001200  0.032062  0.000001  0.014699  0.000091  0.000000  0.007634  0.000001  0.004628  0.000582  0.029248  0.000001  0.009227  0.006684  0.007491  0.000001  0.007519  0.014435  0.000002  0.008336  0.000000  0.002765  0.003183  0.004365  0.000000  0.004087  0.000003  0.016705  0.000001  0.001161  0.004464  0.000002  0.000504  0.000003  0.000445  0.000047  0.009191  0.000001  0.000814  0.000165  0.000610  0.000001  0.004456  0.007197  0.000001  0.002347  0.000000  0.000797  0.000008  0.000338  0.000001  0.002352
62 0.007209  0.008514  0.000000  0.013868  0.023114  0.000000  0.009314  0.000000  0.012859  0.046619  0.000000  0.015931  0.000000  0.024078  0.000000  0.000546  0.002693  0.003770  0.000000  0.005939  0.011580  0.000000  0.005320  0.000000  0.005685  0.002518  0.000000  0.001455  0.000000  0.000198  0.008925  0.001251  0.000000  0.009954  0.000986  0.000000  0.026943  0.000000  0.014705  0.012446  0.000000  0.020474  0.000000  0.062431  0.000000  0.018792  0.003267  0.000151  0.000000  0.004241  0.001044  0.000000  0.012649  0.000000  0.006404  0.000690  0.000000  0.001122  0.000000  0.000144  0.000143  0.286881  0.000000  0.000082  0.000732  0.000000  0.000610  0.000000  0.000072  0.000050  0.193910  0.000000  0.000137  0.002428  0.005580  0.000000  0.006691  0.014205  0.000000  0.003218  0.000000  0.004139  0.001013  0.002479  0.000000  0.002966  0.000052  0.014912  0.000000  0.000158  0.008903  0.000000  0.000090  0.000000  0.000204  0.000015  0.006198  0.000000  0.000006  0.000237  0.000000  0.000000  0.004395  0.006940  0.000000  0.000016  0.000000  0.000527  0.000060  0.000011  0.000000  0.001785
63 0.000000  0.000000  0.002936  0.000000  0.000001  0.014600  0.000001  0.015726  0.000001  0.000001  0.028624  0.000001  0.019780  0.000000  0.002112  0.000001  0.000000  0.000000  0.001335  0.000000  0.000000  0.008670  0.000001  0.009165  0.000001  0.000004  0.020756  0.000003  0.021776  0.000003  0.000000  0.000000  0.008107  0.000001  0.000002  0.047780  0.000000  0.048207  0.000001  0.000003  0.048652  0.000001  0.033776  0.000001  0.001325  0.000000  0.000000  0.000000  0.004158  0.000001  0.000001  0.029818  0.000000  0.029962  0.000001  0.000003  0.097947  0.000001  0.095685  0.000006  0.000000  0.000001  0.035706  0.000001  0.000001  0.013137  0.000000  0.012091  0.000002  0.000000  0.000001  0.030498  0.000000  0.000000  0.000001  0.001807  0.000001  0.000000  0.001443  0.000000  0.000371  0.000001  0.000000  0.000000  0.001586  0.000001  0.000000  0.000001  0.005653  0.000001  0.000002  0.001129  0.000001  0.003997  0.000000  0.000000  0.000001  0.003337  0.000001  0.000001  0.000001  0.000008  0.000000  0.000004  0.002489  0.000000  0.010910  0.000002  0.000000  0.000001  0.000017  0.000000
63 0.000000  0.000000  0.005039  0.000000  0.000000  0.010159  0.000000  0.011247  0.000000  0.000000  0.032407  0.000000  0.027459  0.000000  0.001122  0.000000  0.000000  0.000000  0.002102  0.000000  0.000000  0.004798  0.000000  0.005165  0.000000  0.000000  0.000199  0.000000  0.000199  0.000000  0.000000  0.000000  0.019433  0.000000  0.000000  0.032258  0.000000  0.032689  0.000000  0.000000  0.077634  0.000000  0.037077  0.000000  0.000654  0.000000  0.000000  0.000000  0.008790  0.000000  0.000000  0.016335  0.000000  0.016472  0.000000  0.000000  0.002489  0.000000  0.002489  0.000000  0.000000  0.000000  0.279599  0.000000  0.000000  0.000940  0.000000  0.000943  0.000000  0.000000  0.000000  0.191209  0.000000  0.000000  0.000000  0.002284  0.000000  0.000000  0.004086  0.000000  0.005918  0.000000  0.000000  0.000000  0.001110  0.000000  0.000000  0.000000  0.004876  0.000000  0.000000  0.000076  0.000000  0.003039  0.000000  0.000000  0.000000  0.002144  0.000000  0.000000  0.000000  0.000000  0.000000  0.000000  0.000492  0.000000  0.013608  0.000000  0.000000  0.000000  0.000011  0.000000
64 0.008937  0.006457  0.000000  0.000340  0.028104  0.000007  0.017373  0.000010  0.015389  0.001125  0.000003  0.011135  0.000001  0.003120  0.000002  0.027445  0.003167  0.002953  0.000000  0.000752  0.018026  0.000005  0.011135  0.000007  0.008608  0.060438  0.000020  0.037263  0.000024  0.019158  0.009261  0.004629  0.000000  0.005151  0.000143  0.000002  0.040464  0.000004  0.016889  0.011801  0.000001  0.041105  0.000001  0.008403  0.000003  0.011608  0.003398  0.002121  0.000000  0.001646  0.000983  0.000001  0.023735  0.000003  0.009623  0.010575  0.000000  0.065848  0.000009  0.022552  0.001187  0.014699  0.000001  0.029675  0.001209  0.000002  0.009566  0.000002  0.002809  0.000543  0.009299  0.000001  0.028478  0.013603  0.007519  0.000001  0.004143  0.012072  0.000001  0.009673  0.000002  0.004789  0.006093  0.004066  0.000001  0.002847  0.004478  0.001633  0.000001  0.005082  0.001526  0.000002  0.000651  0.000001  0.008703  0.002102  0.001141  0.000001  0.001971  0.019036  0.004740  0.000000  0.000074  0.000400  0.000001  0.004955  0.000001  0.009916  0.008948  0.002477  0.000000  0.000039
64 0.010288  0.013850  0.000000  0.005323  0.018758  0.000000  0.012473  0.000000  0.012773  0.009888  0.000000  0.024006  0.000000  0.012562  0.000000  0.049196  0.003405  0.005938  0.000000  0.002865  0.010091  0.000000  0.006451  0.000000  0.005576  0.002519  0.000000  0.001454  0.000000  0.000198  0.010340  0.009941  0.000000  0.003372  0.000163  0.000000  0.026190  0.000000  0.013765  0.015504  0.000000  0.062391  0.000000  0.020734  0.000000  0.013805  0.003556  0.004240  0.000000  0.000667  0.000797  0.000000  0.012416  0.000000  0.006108  0.000690  0.000000  0.001122  0.000000  0.000144  0.000136  0.000082  0.000000  0.288269  0.000695  0.000000  0.000543  0.000000  0.000063  0.000047  0.000125  0.000000  0.194248  0.007316  0.006691  0.000000  0.002678  0.005481  0.000000  0.008076  0.000000  0.006289  0.002450  0.002963  0.000000  0.001497  0.002924  0.000158  0.000000  0.004013  0.000324  0.000000  0.000384  0.000000  0.007561  0.000989  0.000041  0.000000  0.001291  0.012330  0.004395  0.000000  0.000000  0.000026  0.000000  0.004660  0.000000  0.012944  0.004267  0.001784  0.000000  0.000011
65 0.007403  0.023768  0.000000  0.019045  0.009676  0.000001  0.000463  0.000000  0.001227  0.076353  0.000016  0.082428  0.000029  0.093567  0.000027  0.099029  0.002937  0.012111  0.000000  0.009372  0.010257  0.000001  0.002689  0.000000  0.000007  0.178811  0.000034  0.093857  0.000011  0.007478  0.002587  0.010161  0.000001  0.005456  0.003452  0.000008  0.032615  0.000006  0.001129  0.013582  0.000011  0.095589  0.000008  0.083945  0.000006  0.007440  0.001115  0.005460  0.000000  0.002899  0.000996  0.000004  0.025115  0.000003  0.000428  0.025612  0.000007  0.193336  0.000045  0.009970  0.018597  0.000091  0.000001  0.001209  2.203361  0.000006  0.030289  0.000005  0.014603  0.010880  0.000207  0.000000  0.000956  0.010411  0.014446  0.000000  0.012073  0.001213  0.000021  0.000772  0.000004  0.033746  0.006174  0.008519  0.000000  0.007543  0.000824  0.004224  0.000002  0.001472  0.004363  0.000031  0.000022  0.000035  0.017546  0.000336  0.002800  0.000002  0.001406  0.006603  0.007225  0.000002  0.000499  0.000024  0.000012  0.010273  0.000025  0.004414  0.003971  0.005347  0.000002  0.001225
65 0.013110  0.019303  0.000000  0.015048  0.042734  0.000000  0.017119  0.000000  0.005296  0.056509  0.000000  0.027637  0.000000  0.022513  0.000000  0.058838  0.005658  0.009756  0.000000  0.008322  0.025840  0.000000  0.011575  0.000000  0.001940  0.024866  0.000000  0.014259  0.000000  0.000002  0.009555  0.000081  0.000000  0.000733  0.004519  0.000000  0.051917  0.000000  0.001643  0.012340  0.000000  0.042460  0.000000  0.042108  0.000000  0.016455  0.004092  0.000592  0.000000  0.000357  0.002469  0.000000  0.027907  0.000000  0.000521  0.003855  0.000000  0.008658  0.000000  0.000000  0.000228  0.000732  0.000000  0.000695  0.601125  0.000000  0.000880  0.000000  0.000064  0.000151  0.000407  0.000000  0.000405  0.008604  0.014205  0.000000  0.005481  0.022644  0.000000  0.011257  0.000000  0.006176  0.003794  0.006532  0.000000  0.003073  0.000240  0.008903  0.000000  0.000324  0.014450  0.000000  0.000291  0.000000  0.000838  0.000007  0.004093  0.000000  0.000117  0.005308  0.006940  0.000000  0.000026  0.000000  0.000000  0.005593  0.000000  0.016072  0.002176  0.002849  0.000000  0.000162
66 0.000001  0.000000  0.006553  0.000001  0.000001  0.008275  0.000005  0.014849  0.000003  0.000020  0.073103  0.000012  0.049058  0.000010  0.048826  0.000045  0.000001  0.000000  0.002782  0.000001  0.000002  0.008117  0.000003  0.011588  0.000002  0.000095  0.061599  0.000097  0.067797  0.000044  0.000002  0.000002  0.033595  0.000003  0.000004  0.001242  0.000004  0.020031  0.000001  0.000001  0.118851  0.000002  0.018511  0.000014  0.023607  0.000004  0.000001  0.000001  0.016237  0.000001  0.000003  0.001233  0.000003  0.018938  0.000000  0.000062  0.117655  0.000059  0.189815  0.000051  0.000000  0.000000  0.013137  0.000002  0.000006  2.233168  0.000011  0.049585  0.000010  0.000000  0.000000  0.009108  0.000002  0.000000  0.000002  0.001448  0.000002  0.000022  0.010877  0.000005  0.033279  0.000051  0.000000  0.000002  0.003351  0.000001  0.000000  0.000001  0.001184  0.000002  0.000014  0.030403  0.000023  0.013137  0.000037  0.000000  0.000001  0.001513  0.000002  0.000000  0.000001  0.002520  0.000001  0.000004  0.000095  0.000005  0.012348  0.000015  0.000000  0.000001  0.000746  0.000000
66 0.000000  0.000000  0.009359  0.000000  0.000000  0.016675  0.000000  0.024746  0.000000  0.000000  0.060540  0.000000  0.045773  0.000000  0.026860  0.000000  0.000000  0.000000  0.004507  0.000000  0.000000  0.009101  0.000000  0.013154  0.000000  0.000000  0.002156  0.000000  0.002327  0.000000  0.000000  0.000000  0.027423  0.000000  0.000000  0.015153  0.000000  0.056330  0.000000  0.000000  0.045760  0.000000  0.013502  0.000000  0.092213  0.000000  0.000000  0.000000  0.014212  0.000000  0.000000  0.010300  0.000000  0.032341  0.000000  0.000000  0.014178  0.000000  0.017534  0.000000  0.000000  0.000000  0.000940  0.000000  0.000000  0.592210  0.000000  0.002400  0.000000  0.000000  0.000000  0.000518  0.000000  0.000000  0.000000  0.004086  0.000000  0.000000  0.009210  0.000000  0.010400  0.000000  0.000000  0.000000  0.002243  0.000000  0.000000  0.000000  0.000076  0.000000  0.000000  0.035957  0.000000  0.000978  0.000000  0.000000  0.000000  0.000067  0.000000  0.000000  0.000000  0.000492  0.000000  0.000000  0.000000  0.000000  0.009242  0.000000  0.000000  0.000000  0.000286  0.000000
67 0.004698  0.017124  0.000001  0.018527  0.000022  0.000001  0.007185  0.000000  0.000437  0.059753  0.000031  0.039870  0.000013  0.028592  0.000055  0.063760  0.001573  0.008501  0.000001  0.009397  0.002662  0.000001  0.005949  0.000000  0.000114  0.092842  0.000032  0.041070  0.000003  0.001390  0.005275  0.013771  0.000001  0.015507  0.024768  0.000007  0.028457  0.000003  0.001277  0.028085  0.000002  0.066336  0.000013  0.047747  0.000011  0.031156  0.001701  0.005921  0.000000  0.007047  0.021124  0.000006  0.022257  0.000003  0.000806  0.165497  0.000052  0.098644  0.000028  0.007018  0.009588  0.007634  0.000000  0.009566  0.030289  0.000011  2.206954  0.000008  0.005813  0.005878  0.006027  0.000001  0.007860  0.004018  0.008425  0.000000  0.009598  0.001491  0.000004  0.015378  0.000025  0.016520  0.003326  0.005724  0.000000  0.006753  0.000424  0.000341  0.000000  0.000754  0.000267  0.000009  0.002617  0.000034  0.003650  0.000414  0.001954  0.000001  0.000681  0.001600  0.002497  0.000000  0.004993  0.010255  0.000004  0.000009  0.000040  0.014883  0.000346  0.002119  0.000000  0.003270
67 0.006234  0.007175  0.000000  0.010299  0.016954  0.000000  0.021717  0.000000  0.001995  0.010318  0.000000  0.040794  0.000000  0.047678  0.000000  0.013067  0.002933  0.004311  0.000000  0.005406  0.011544  0.000000  0.012074  0.000000  0.000833  0.014259  0.000000  0.008402  0.000000  0.000001  0.012132  0.024331  0.000000  0.023624  0.051972  0.000000  0.037078  0.000000  0.000523  0.056145  0.000000  0.003465  0.000000  0.005396  0.000000  0.056087  0.005148  0.011544  0.000000  0.011321  0.027936  0.000000  0.018217  0.000000  0.000185  0.008658  0.000000  0.003878  0.000000  0.000000  0.006283  0.000610  0.000000  0.000543  0.000880  0.000000  0.617365  0.000000  0.000909  0.002305  0.000444  0.000000  0.000434  0.005255  0.003218  0.000000  0.008076  0.011257  0.000000  0.006809  0.000000  0.001934  0.002364  0.001898  0.000000  0.003927  0.000342  0.000090  0.000000  0.000384  0.000291  0.000000  0.019312  0.000000  0.012478  0.000210  0.000161  0.000000  0.000243  0.000223  0.000016  0.000000  0.004660  0.005593  0.000000  0.000000  0.000000  0.001190  0.000002  0.000001  0.000000  0.001811
68 0.000001  0.000003  0.001557  0.000005  0.000001  0.014669  0.000000  0.008169  0.000005  0.000003  0.045825  0.000015  0.035496  0.000018  0.011339  0.000004  0.000000  0.000002  0.000037  0.000003  0.000001  0.012266  0.000000  0.008292  0.000003  0.000063  0.107298  0.000108  0.088935  0.000007  0.000000  0.000003  0.035280  0.000009  0.000002  0.019698  0.000001  0.000527  0.000012  0.000005  0.128871  0.000006  0.036266  0.000019  0.001631  0.000004  0.000000  0.000002  0.017524  0.000005  0.000001  0.018127  0.000001  0.001311  0.000008  0.000028  0.183603  0.000007  0.087072  0.000026  0.000000  0.000001  0.012091  0.000002  0.000005  0.049585  0.000008  2.198876  0.000037  0.000000  0.000001  0.007642  0.000002  0.000000  0.000000  0.000366  0.000002  0.000002  0.033151  0.000023  0.002743  0.000040  0.000000  0.000001  0.002717  0.000001  0.000000  0.000001  0.004059  0.000000  0.000032  0.012513  0.000032  0.021115  0.000039  0.000000  0.000001  0.002982  0.000001  0.000000  0.000001  0.010960  0.000003  0.000005  0.012620  0.000052  0.000118  0.000031  0.000000  0.000000  0.008484  0.000002
68 0.000000  0.000000  0.010399  0.000000  0.000000  0.024776  0.000000  0.014787  0.000000  0.000000  0.056077  0.000000  0.051684  0.000000  0.026251  0.000000  0.000000  0.000000  0.004856  0.000000  0.000000  0.013158  0.000000  0.008406  0.000000  0.000000  0.002327  0.000000  0.002157  0.000000  0.000000  0.000000  0.027843  0.000000  0.000000  0.056337  0.000000  0.014066  0.000000  0.000000  0.044857  0.000000  0.011152  0.000000  0.091061  0.000000  0.000000  0.000000  0.014343  0.000000  0.000000  0.032342  0.000000  0.009929  0.000000  0.000000  0.017534  0.000000  0.014179  0.000000  0.000000  0.000000  0.000943  0.000000  0.000000  0.002400  0.000000  0.592588  0.000000  0.000000  0.000000  0.000520  0.000000  0.000000  0.000000  0.005918  0.000000  0.000000  0.010400  0.000000  0.007293  0.000000  0.000000  0.000000  0.002964  0.000000  0.000000  0.000000  0.003039  0.000000  0.000000  0.000978  0.000000  0.006164  0.000000  0.000000  0.000000  0.001480  0.000000  0.000000  0.000000  0.013608  0.000000  0.000000  0.009242  0.000000  0.000000  0.000000  0.000000  0.000000  0.006552  0.000000
69 0.002593  0.001933  0.000004  0.002652  0.003674  0.000000  0.000585  0.000001  0.022875  0.000508  0.000014  0.012583  0.000013  0.033856  0.000046  0.048171  0.000936  0.000504  0.000002  0.000876  0.001474  0.000000  0.000577  0.000001  0.018771  0.025560  0.000015  0.001563  0.000032  0.130053  0.001397  0.004276  0.000000  0.003258  0.002600  0.000003  0.000462  0.000005  0.010428  0.059876  0.000022  0.005284  0.000008  0.006141  0.000032  0.041160  0.000984  0.001772  0.000000  0.001177  0.001465  0.000001  0.000105  0.000004  0.009696  0.003115  0.000009  0.027085  0.000051  0.063742  0.000969  0.004628  0.000002  0.002809  0.014603  0.000010  0.005813  0.000037  2.189995  0.000585  0.003392  0.000002  0.002159  0.001468  0.002799  0.000001  0.004876  0.033818  0.000050  0.013844  0.000036  0.029202  0.000955  0.002144  0.000001  0.003475  0.013840  0.000517  0.000001  0.008725  0.017758  0.000073  0.004528  0.000080  0.023412  0.007781  0.001139  0.000001  0.006690  0.000770  0.000804  0.000001  0.009981  0.004450  0.000050  0.014833  0.000051  0.000139  0.000446  0.000281  0.000001  0.007682
69 0.001914  0.012033  0.000000  0.011977  0.005346  0.000000  0.002028  0.000000  0.043571  0.076095  0.000000  0.017376  0.000000  0.017067  0.000000  0.070798  0.000503  0.005372  0.000000  0.005269  0.001952  0.000000  0.000839  0.000000  0.023048  0.000002  0.000000  0.000001  0.000000  0.004482  0.001299  0.013857  0.000000  0.012963  0.001711  0.000000  0.000513  0.000000  0.019258  0.010801  0.000000  0.076511  0.000000  0.075997  0.000000  0.006092  0.000290  0.006096  0.000000  0.005813  0.000533  0.000000  0.000183  0.000000  0.010839  0.000000  0.000000  0.000000  0.000000  0.002055  0.000932  0.000072  0.000000  0.000063  0.000064  0.000000  0.000909  0.000000  0.600094  0.000221  0.000033  0.000000  0.000031  0.001862  0.004139  0.000000  0.006289  0.006176  0.000000  0.001934  0.000000  0.016532  0.000619  0.001888  0.000000  0.002566  0.012717  0.000204  0.000000  0.007561  0.000838  0.000000  0.012478  0.000000  0.010316  0.004986  0.000115  0.000000  0.003308  0.000009  0.000527  0.000000  0.012944  0.016072  0.000000  0.001190  0.000000  0.000000  0.000002  0.000322  0.000000  0.006406
70 0.005890  0.006189  0.000000  0.007919  0.021000  0.000000  0.010994  0.000000  0.001440  0.018273  0.000000  0.012352  0.000001  0.014210  0.000000  0.020353  0.001836  0.002506  0.000000  0.002867  0.010951  0.000000  0.005958  0.000000  0.000466  0.020677  0.000001  0.011638  0.000000  0.000675  0.010542  0.007701  0.000000  0.008368  0.014691  0.000000  0.018676  0.000000  0.000819  0.009098  0.000000  0.034964  0.000000  0.034994  0.000000  0.008748  0.003339  0.003060  0.000000  0.003155  0.007603  0.000000  0.009560  0.000000  0.000194  0.014019  0.000001  0.017448  0.000001  0.000240  0.065824  0.000582  0.000000  0.000543  0.010880  0.000000  0.005878  0.000000  0.000585  0.034931  0.000370  0.000000  0.000328  0.002316  0.003183  0.000000  0.006093  0.006180  0.000000  0.003322  0.000000  0.000945  0.000667  0.001482  0.000000  0.002369  0.004964  0.000005  0.000001  0.002092  0.000343  0.000001  0.000415  0.000000  0.007784  0.001397  0.000024  0.000000  0.000817  0.000003  0.000000  0.000000  0.008968  0.003964  0.000000  0.000351  0.000000  0.000446  0.000001  0.000027  0.000000  0.003511
70 0.003437  0.004300  0.000000  0.005276  0.009243  0.000000  0.004886  0.000000  0.000688  0.012243  0.000000  0.008492  0.000000  0.009773  0.000000  0.013215  0.000985  0.001657  0.000000  0.001844  0.003977  0.000000  0.002200  0.000000  0.000159  0.001816  0.000000  0.001034  0.000000  0.000026  0.006074  0.005147  0.000000  0.005540  0.006568  0.000000  0.008219  0.000000  0.000393  0.005590  0.000000  0.022998  0.000000  0.022850  0.000000  0.005552  0.001760  0.001935  0.000000  0.001992  0.002792  0.000000  0.003478  0.000000  0.000068  0.001290  0.000000  0.001607  0.000000  0.000009  0.058995  0.000050  0.000000  0.000047  0.000151  0.000000  0.002305  0.000000  0.000221  0.032766  0.000024  0.000000  0.000023  0.001277  0.001013  0.000000  0.002450  0.003794  0.000000  0.002364  0.000000  0.000619  0.000340  0.000351  0.000000  0.000667  0.002642  0.000015  0.000000  0.000989  0.000007  0.000000  0.000210  0.000000  0.004986  0.000621  0.000005  0.000000  0.000280  0.000002  0.000060  0.000000  0.004267  0.002176  0.000000  0.000002  0.000000  0.000001  0.000000  0.000023  0.000000  0.001236
71 0.004898  0.003711  0.000001  0.007287  0.023569  0.000003  0.011030  0.000006  0.010275  0.025150  0.000000  0.002114  0.000003  0.009456  0.000004  0.003615  0.002053  0.001850  0.000000  0.003562  0.014403  0.000002  0.007267  0.000004  0.005692  0.046225  0.000007  0.023265  0.000016  0.011671  0.006329  0.001027  0.000000  0.004941  0.001859  0.000003  0.028021  0.000004  0.012251  0.009375  0.000001  0.007198  0.000001  0.036526  0.000001  0.014498  0.002575  0.000170  0.000000  0.002387  0.001677  0.000002  0.016153  0.000003  0.006734  0.011017  0.000003  0.039226  0.000009  0.012200  0.000728  0.029248  0.000001  0.009299  0.000207  0.000000  0.006027  0.000001  0.003392  0.000370  0.026794  0.000001  0.005835  0.003347  0.004365  0.000000  0.004066  0.008509  0.000002  0.005646  0.000001  0.002095  0.001482  0.002328  0.000000  0.001864  0.000050  0.009182  0.000001  0.000836  0.002956  0.000001  0.002089  0.000003  0.001098  0.000051  0.004297  0.000001  0.000555  0.000166  0.000439  0.000001  0.002282  0.005325  0.000001  0.002026  0.000000  0.000280  0.000032  0.000247  0.000001  0.000949
71 0.003806  0.004827  0.000000  0.007548  0.012874  0.000000  0.005865  0.000000  0.006457  0.030116  0.000000  0.011197  0.000000  0.016505  0.000000  0.003163  0.001370  0.002104  0.000000  0.003162  0.006244  0.000000  0.003163  0.000000  0.002694  0.002436  0.000000  0.001322  0.000000  0.001213  0.004602  0.000095  0.000000  0.005382  0.001069  0.000000  0.014241  0.000000  0.007287  0.008095  0.000000  0.014788  0.000000  0.039140  0.000000  0.009877  0.001617  0.000192  0.000000  0.002236  0.000824  0.000000  0.006390  0.000000  0.002989  0.000436  0.000000  0.002995  0.000000  0.001353  0.000061  0.193910  0.000000  0.000125  0.000407  0.000000  0.000444  0.000000  0.000033  0.000024  0.132318  0.000000  0.000117  0.000981  0.002479  0.000000  0.002963  0.006532  0.000000  0.001898  0.000000  0.001888  0.000351  0.000994  0.000000  0.001184  0.000016  0.006198  0.000000  0.000041  0.004093  0.000000  0.000161  0.000000  0.000115  0.000005  0.002232  0.000000  0.000004  0.000076  0.000011  0.000000  0.001784  0.002849  0.000000  0.000001  0.000000  0.000322  0.000023  0.000000  0.000000  0.000628
72 0.000000  0.000000  0.002907  0.000000  0.000000  0.010094  0.000001  0.010579  0.000001  0.000001  0.024293  0.000001  0.016916  0.000000  0.001349  0.000001  0.000000  0.000000  0.001344  0.000000  0.000000  0.005813  0.000001  0.005978  0.000001  0.000002  0.010763  0.000002  0.011373  0.000003  0.000000  0.000000  0.009660  0.000001  0.000002  0.033895  0.000000  0.034089  0.000001  0.000002  0.042036  0.000001  0.027743  0.000001  0.001096  0.000000  0.000000  0.000000  0.005012  0.000000  0.000001  0.020959  0.000000  0.020995  0.000001  0.000001  0.063120  0.000001  0.060979  0.000007  0.000000  0.000001  0.030498  0.000001  0.000000  0.009108  0.000001  0.007642  0.000002  0.000000  0.000001  0.026656  0.000000  0.000000  0.000000  0.001586  0.000001  0.000000  0.003343  0.000000  0.002723  0.000001  0.000000  0.000000  0.001118  0.000000  0.000000  0.000001  0.003335  0.000001  0.000001  0.001462  0.000001  0.002931  0.000000  0.000000  0.000001  0.001762  0.000000  0.000000  0.000001  0.000009  0.000000  0.000003  0.000716  0.000001  0.008441  0.000001  0.000000  0.000000  0.000002  0.000000
72 0.000000  0.000000  0.002633  0.000000  0.000000  0.005432  0.000000  0.005863  0.000000  0.000000  0.019581  0.000000  0.016153  0.000000  0.000474  0.000000  0.000000  0.000000  0.001049  0.000000  0.000000  0.002418  0.000000  0.002538  0.000000  0.000000  0.001163  0.000000  0.001185  0.000000  0.000000  0.000000  0.011233  0.000000  0.000000  0.018221  0.000000  0.018380  0.000000  0.000000  0.050448  0.000000  0.021485  0.000000  0.000256  0.000000  0.000000  0.000000  0.004957  0.000000  0.000000  0.008849  0.000000  0.008889  0.000000  0.000000  0.004261  0.000000  0.004267  0.000000  0.000000  0.000000  0.191209  0.000000  0.000000  0.000518  0.000000  0.000520  0.000000  0.000000  0.000000  0.131527  0.000000  0.000000  0.000000  0.001110  0.000000  0.000000  0.002243  0.000000  0.002964  0.000000  0.000000  0.000000  0.000488  0.000000  0.000000  0.000000  0.002144  0.000000  0.000000  0.000067  0.000000  0.001480  0.000000  0.000000  0.000000  0.000833  0.000000  0.000000  0.000000  0.000011  0.000000  0.000000  0.000286  0.000000  0.006552  0.000000  0.000000  0.000000  0.000000  0.000000
73 0.006599  0.006620  0.000000  0.002141  0.020315  0.000005  0.012775  0.000007  0.009978  0.000928  0.000002  0.011639  0.000001  0.002764  0.000003  0.024309  0.002465  0.003147  0.000000  0.001452  0.012966  0.000003  0.008003  0.000004  0.005401  0.040438  0.000013  0.024033  0.000015  0.009082  0.007104  0.004769  0.000000  0.002672  0.001039  0.000001  0.027151  0.000003  0.011172  0.010715  0.000001  0.036820  0.000001  0.008104  0.000002  0.011376  0.002729  0.002263  0.000000  0.000731  0.001323  0.000001  0.015710  0.000002  0.006131  0.009112  0.000003  0.038876  0.000007  0.010939  0.000702  0.009227  0.000000  0.028478  0.000956  0.000002  0.007860  0.000002  0.002159  0.000328  0.005835  0.000000  0.026693  0.006030  0.004086  0.000001  0.002847  0.007539  0.000001  0.006819  0.000001  0.003394  0.002369  0.001864  0.000000  0.001804  0.001999  0.001105  0.000001  0.001965  0.001434  0.000001  0.000570  0.000002  0.006667  0.000824  0.000743  0.000000  0.000400  0.008596  0.002547  0.000000  0.000066  0.001291  0.000000  0.003249  0.000002  0.007638  0.003498  0.001083  0.000000  0.000037
73 0.004789  0.007542  0.000000  0.003737  0.011159  0.000000  0.007165  0.000000  0.006327  0.007525  0.000000  0.016493  0.000000  0.009635  0.000000  0.031369  0.001546  0.003161  0.000000  0.001854  0.005751  0.000000  0.003554  0.000000  0.002627  0.002340  0.000000  0.001400  0.000000  0.001196  0.005002  0.005378  0.000000  0.000715  0.000782  0.000000  0.013973  0.000000  0.006934  0.008703  0.000000  0.039142  0.000000  0.014900  0.000000  0.008652  0.001672  0.002236  0.000000  0.000086  0.000758  0.000000  0.006327  0.000000  0.002904  0.000426  0.000000  0.002986  0.000000  0.001340  0.000058  0.000137  0.000000  0.194248  0.000405  0.000000  0.000434  0.000000  0.000031  0.000023  0.000117  0.000000  0.132363  0.002452  0.002966  0.000000  0.001497  0.003073  0.000000  0.003927  0.000000  0.002566  0.000667  0.001184  0.000000  0.000734  0.001010  0.000006  0.000000  0.001291  0.000117  0.000000  0.000243  0.000000  0.003308  0.000280  0.000004  0.000000  0.000304  0.004352  0.001785  0.000000  0.000011  0.000162  0.000000  0.001811  0.000000  0.006406  0.001236  0.000628  0.000000  0.000000
74 0.009995  0.009045  0.000000  0.012694  0.036513  0.000000  0.018226  0.000001  0.003044  0.029705  0.000001  0.020896  0.000001  0.022962  0.000001  0.034108  0.003025  0.003481  0.000000  0.004314  0.019175  0.000000  0.009959  0.000000  0.001121  0.039578  0.000002  0.021302  0.000001  0.001817  0.017591  0.011214  0.000000  0.012945  0.025175  0.000000  0.033220  0.000001  0.002051  0.013737  0.000000  0.056824  0.000000  0.056314  0.000000  0.014400  0.005401  0.004239  0.000000  0.004605  0.013138  0.000000  0.017055  0.000000  0.000676  0.027183  0.000001  0.033906  0.000003  0.001070  0.006042  0.006684  0.000000  0.013603  0.010411  0.000000  0.004018  0.000000  0.001468  0.002316  0.003347  0.000000  0.006030  0.121805  0.001200  0.000000  0.001187  0.018596  0.000000  0.009581  0.000000  0.000971  0.065824  0.000728  0.000000  0.000701  0.000004  0.000147  0.000001  0.019075  0.006591  0.000000  0.001601  0.000000  0.000761  0.000002  0.000154  0.000000  0.008622  0.013037  0.000079  0.000001  0.004465  0.000833  0.000000  0.000431  0.000000  0.013836  0.004965  0.000001  0.000001  0.001990
74 0.008343  0.008859  0.000000  0.012132  0.018836  0.000000  0.009467  0.000000  0.002096  0.021256  0.000000  0.013846  0.000000  0.016976  0.000000  0.023913  0.002523  0.003533  0.000000  0.004361  0.008458  0.000000  0.004486  0.000000  0.000610  0.000299  0.000000  0.000173  0.000000  0.000000  0.014535  0.010836  0.000000  0.012324  0.013438  0.000000  0.016957  0.000000  0.001389  0.009932  0.000000  0.040916  0.000000  0.040463  0.000000  0.009881  0.004460  0.004237  0.000000  0.004571  0.005984  0.000000  0.007492  0.000000  0.000348  0.000138  0.000000  0.000171  0.000000  0.000000  0.003889  0.002428  0.000000  0.007316  0.008604  0.000000  0.005255  0.000000  0.001862  0.001277  0.000981  0.000000  0.002452  0.108359  0.000143  0.000000  0.000136  0.000228  0.000000  0.006283  0.000000  0.000932  0.058995  0.000061  0.000000  0.000058  0.000000  0.000237  0.000000  0.012329  0.005308  0.000000  0.000223  0.000000  0.000009  0.000002  0.000076  0.000000  0.004352  0.008584  0.000052  0.000000  0.002924  0.000240  0.000000  0.000342  0.000000  0.012716  0.002642  0.000016  0.000000  0.001010
75 0.005496  0.003202  0.000001  0.006953  0.033929  0.000004  0.014580  0.000009  0.015484  0.028956  0.000000  0.002502  0.000003  0.009499  0.000003  0.006527  0.002262  0.001532  0.000000  0.003337  0.020818  0.000003  0.009672  0.000006  0.008893  0.070202  0.000012  0.033301  0.000023  0.022091  0.007473  0.001942  0.000000  0.004603  0.001935  0.000004  0.041947  0.000006  0.018642  0.009990  0.000002  0.006861  0.000002  0.042417  0.000000  0.017703  0.002960  0.000545  0.000000  0.002185  0.001816  0.000002  0.024514  0.000004  0.010625  0.013539  0.000005  0.066963  0.000015  0.024511  0.006684  0.007491  0.000001  0.007519  0.014446  0.000002  0.008425  0.000000  0.002799  0.003183  0.004365  0.000000  0.004086  0.001200  0.032062  0.000001  0.014699  0.000101  0.000000  0.007539  0.000002  0.004637  0.000582  0.029248  0.000001  0.009227  0.000165  0.000610  0.000001  0.004456  0.007201  0.000001  0.002412  0.000001  0.000743  0.000008  0.000338  0.000001  0.002352  0.000003  0.016705  0.000001  0.001162  0.004466  0.000002  0.000475  0.000003  0.000495  0.000047  0.009191  0.000001  0.000815
75 0.007209  0.008514  0.000000  0.013868  0.023114  0.000000  0.009314  0.000000  0.012859  0.046619  0.000000  0.015932  0.000000  0.024078  0.000000  0.000546  0.002693  0.003770  0.000000  0.005939  0.011580  0.000000  0.005320  0.000000  0.005685  0.002518  0.000000  0.001455  0.000000  0.000198  0.008925  0.001251  0.000000  0.009954  0.000986  0.000000  0.026943  0.000000  0.014705  0.012446  0.000000  0.020474  0.000000  0.062431  0.000000  0.018792  0.003267  0.000151  0.000000  0.004241  0.001044  0.000000  0.012649  0.000000  0.006404  0.000690  0.000000  0.001122  0.000000  0.000144  0.002428  0.005580  0.000000  0.006691  0.014205  0.000000  0.003218  0.000000  0.004139  0.001013  0.002479  0.000000  0.002966  0.000143  0.286881  0.000000  0.000082  0.000732  0.000000  0.000610  0.000000  0.000072  0.000050  0.193910  0.000000  0.000137  0.000237  0.000000  0.000000  0.004395  0.006940  0.000000  0.000016  0.000000  0.000527  0.000060  0.000011  0.000000  0.001785  0.000052  0.014912  0.000000  0.000158  0.008903  0.000000  0.000090  0.000000  0.000204  0.000015  0.006198  0.000000  0.000006
76 0.000000  0.000000  0.002936  0.000000  0.000001  0.014600  0.000001  0.015726  0.000001  0.000001  0.028620  0.000001  0.019780  0.000000  0.002111  0.000001  0.000000  0.000000  0.001335  0.000000  0.000000  0.008670  0.000001  0.009165  0.000001  0.000004  0.020734  0.000003  0.021815  0.000003  0.000000  0.000000  0.008108  0.000001  0.000002  0.047780  0.000000  0.048207  0.000001  0.000003  0.048649  0.000001  0.033777  0.000001  0.001324  0.000000  0.000000  0.000000  0.004158  0.000001  0.000001  0.029818  0.000000  0.029962  0.000001  0.000003  0.097937  0.000001  0.095673  0.000006  0.000000  0.000001  0.001807  0.000001  0.000000  0.001448  0.000000  0.000366  0.000001  0.000000  0.000000  0.001586  0.000001  0.000000  0.000001  0.035706  0.000001  0.000001  0.013142  0.000000  0.012091  0.000002  0.000000  0.000001  0.030498  0.000000  0.000001  0.000001  0.000008  0.000000  0.000004  0.002496  0.000000  0.010904  0.000002  0.000000  0.000001  0.000017  0.000000  0.000000  0.000001  0.005653  0.000001  0.000002  0.001125  0.000001  0.003995  0.000000  0.000000  0.000001  0.003337  0.000001
76 0.000000  0.000000  0.005039  0.000000  0.000000  0.010159  0.000000  0.011247  0.000000  0.000000  0.032407  0.000000  0.027459  0.000000  0.001122  0.000000  0.000000  0.000000  0.002102  0.000000  0.000000  0.004798  0.000000  0.005165  0.000000  0.000000  0.000199  0.000000  0.000199  0.000000  0.000000  0.000000  0.019433  0.000000  0.000000  0.032258  0.000000  0.032689  0.000000  0.000000  0.077634  0.000000  0.037077  0.000000  0.000654  0.000000  0.000000  0.000000  0.008790  0.000000  0.000000  0.016335  0.000000  0.016472  0.000000  0.000000  0.002489  0.000000  0.002489  0.000000  0.000000  0.000000  0.002284  0.000000  0.000000  0.004086  0.000000  0.005918  0.000000  0.000000  0.000000  0.001110  0.000000  0.000000  0.000000  0.279599  0.000000  0.000000  0.000940  0.000000  0.000943  0.000000  0.000000  0.000000  0.191209  0.000000  0.000000  0.000000  0.000000  0.000000  0.000000  0.000492  0.000000  0.013608  0.000000  0.000000  0.000000  0.000011  0.000000  0.000000  0.000000  0.004876  0.000000  0.000000  0.000076  0.000000  0.003039  0.000000  0.000000  0.000000  0.002144  0.000000
77 0.008936  0.006456  0.000000  0.000331  0.028106  0.000007  0.017370  0.000010  0.015390  0.001122  0.000003  0.011116  0.000001  0.003101  0.000002  0.027442  0.003166  0.002952  0.000000  0.000747  0.018027  0.000005  0.011134  0.000007  0.008609  0.060420  0.000020  0.037355  0.000024  0.019174  0.009261  0.004632  0.000000  0.005165  0.000142  0.000002  0.040465  0.000004  0.016889  0.011802  0.000001  0.041089  0.000001  0.008433  0.000003  0.011596  0.003398  0.002123  0.000000  0.001655  0.000982  0.000001  0.023735  0.000003  0.009623  0.010581  0.000000  0.065808  0.000009  0.022550  0.013603  0.007519  0.000001  0.004143  0.012073  0.000002  0.009598  0.000002  0.004876  0.006093  0.004066  0.000001  0.002847  0.001187  0.014699  0.000001  0.029675  0.001219  0.000002  0.009600  0.000002  0.002877  0.000543  0.009299  0.000001  0.028478  0.019036  0.004740  0.000000  0.000074  0.000419  0.000001  0.005083  0.000001  0.009877  0.008948  0.002477  0.000000  0.000039  0.004478  0.001633  0.000001  0.005082  0.001540  0.000002  0.000771  0.000001  0.008696  0.002102  0.001141  0.000001  0.001971
77 0.010288  0.013850  0.000000  0.005323  0.018758  0.000000  0.012473  0.000000  0.012773  0.009888  0.000000  0.024006  0.000000  0.012562  0.000000  0.049196  0.003406  0.005938  0.000000  0.002865  0.010091  0.000000  0.006451  0.000000  0.005576  0.002519  0.000000  0.001454  0.000000  0.000198  0.010340  0.009941  0.000000  0.003372  0.000163  0.000000  0.026190  0.000000  0.013765  0.015504  0.000000  0.062391  0.000000  0.020734  0.000000  0.013805  0.003556  0.004240  0.000000  0.000667  0.000797  0.000000  0.012416  0.000000  0.006108  0.000690  0.000000  0.001122  0.000000  0.000144  0.007316  0.006691  0.000000  0.002678  0.005481  0.000000  0.008076  0.000000  0.006289  0.002450  0.002963  0.000000  0.001497  0.000136  0.000082  0.000000  0.288269  0.000695  0.000000  0.000543  0.000000  0.000063  0.000047  0.000125  0.000000  0.194248  0.012330  0.004395  0.000000  0.000000  0.000026  0.000000  0.004660  0.000000  0.012944  0.004267  0.001784  0.000000  0.000011  0.002924  0.000158  0.000000  0.004013  0.000324  0.000000  0.000384  0.000000  0.007561  0.000989  0.000041  0.000000  0.001291
78 0.007398  0.023830  0.000000  0.019107  0.009675  0.000001  0.000453  0.000000  0.001236  0.076342  0.000016  0.082489  0.000029  0.093718  0.000028  0.099065  0.002935  0.012146  0.000000  0.009410  0.010255  0.000001  0.002684  0.000000  0.000002  0.179067  0.000033  0.094060  0.000008  0.007640  0.002609  0.010164  0.000000  0.005308  0.003460  0.000008  0.032597  0.000006  0.001126  0.013601  0.000011  0.095306  0.000007  0.084312  0.000006  0.007408  0.001126  0.005462  0.000000  0.002811  0.000995  0.000004  0.025107  0.000003  0.000424  0.025160  0.000006  0.193890  0.000043  0.009608  0.010407  0.014435  0.000000  0.012072  0.001213  0.000022  0.001491  0.000002  0.033818  0.006180  0.008509  0.000000  0.007539  0.018596  0.000101  0.000001  0.001219  2.202934  0.000007  0.029672  0.000005  0.014789  0.010883  0.000200  0.000000  0.000964  0.006604  0.007230  0.000002  0.000517  0.000027  0.000013  0.010977  0.000023  0.004847  0.003966  0.005351  0.000002  0.001208  0.000825  0.004222  0.000002  0.001459  0.004361  0.000033  0.000285  0.000034  0.017846  0.000336  0.002800  0.000002  0.001388
78 0.013110  0.019303  0.000000  0.015048  0.042734  0.000000  0.017119  0.000000  0.005296  0.056509  0.000000  0.027637  0.000000  0.022513  0.000000  0.058838  0.005658  0.009756  0.000000  0.008322  0.025840  0.000000  0.011575  0.000000  0.001940  0.024866  0.000000  0.014259  0.000000  0.000002  0.009555  0.000081  0.000000  0.000733  0.004519  0.000000  0.051917  0.000000  0.001643  0.012340  0.000000  0.042460  0.000000  0.042108  0.000000  0.016455  0.004092  0.000592  0.000000  0.000357  0.002469  0.000000  0.027907  0.000000  0.000521  0.003855  0.000000  0.008658  0.000000  0.000000  0.008604  0.014205  0.000000  0.005481  0.022644  0.000000  0.011257  0.000000  0.006176  0.003794  0.006532  0.000000  0.003073  0.000228  0.000732  0.000000  0.000695  0.601125  0.000000  0.000880  0.000000  0.000064  0.000151  0.000407  0.000000  0.000405  0.005308  0.006940  0.000000  0.000026  0.000000  0.000000  0.005593  0.000000  0.016072  0.002176  0.002849  0.000000  0.000162  0.000240  0.008903  0.000000  0.000324  0.014450  0.000000  0.000291  0.000000  0.000838  0.000007  0.004093  0.000000  0.000117
79 0.000001  0.000000  0.006523  0.000000  0.000001  0.008271  0.000005  0.014843  0.000003  0.000022  0.073098  0.000010  0.049195  0.000009  0.048659  0.000044  0.000001  0.000000  0.002765  0.000000  0.000002  0.008114  0.000003  0.011584  0.000002  0.000095  0.062190  0.000098  0.068019  0.000043  0.000002  0.000002  0.033629  0.000003  0.000004  0.001225  0.000004  0.020061  0.000001  0.000001  0.118918  0.000002  0.018581  0.000014  0.023602  0.000004  0.000001  0.000001  0.016256  0.000001  0.000003  0.001249  0.000003  0.018966  0.000000  0.000073  0.117146  0.000069  0.187911  0.000049  0.000000  0.000002  0.001443  0.000001  0.000021  0.010877  0.000004  0.033151  0.000050  0.000000  0.000002  0.003343  0.000001  0.000000  0.000000  0.013142  0.000002  0.000007  2.233027  0.000012  0.049674  0.000013  0.000000  0.000000  0.009118  0.000001  0.000000  0.000001  0.002526  0.000001  0.000004  0.000096  0.000005  0.012181  0.000018  0.000000  0.000001  0.000754  0.000000  0.000000  0.000001  0.001188  0.000002  0.000012  0.030405  0.000021  0.012755  0.000034  0.000000  0.000001  0.001519  0.000002
79 0.000000  0.000000  0.009359  0.000000  0.000000  0.016675  0.000000  0.024746  0.000000  0.000000  0.060540  0.000000  0.045773  0.000000  0.026860  0.000000  0.000000  0.000000  0.004507  0.000000  0.000000  0.009101  0.000000  0.013154  0.000000  0.000000  0.002156  0.000000  0.002327  0.000000  0.000000  0.000000  0.027423  0.000000  0.000000  0.015153  0.000000  0.056330  0.000000  0.000000  0.045760  0.000000  0.013502  0.000000  0.092213  0.000000  0.000000  0.000000  0.014212  0.000000  0.000000  0.010300  0.000000  0.032341  0.000000  0.000000  0.014178  0.000000  0.017534  0.000000  0.000000  0.000000  0.004086  0.000000  0.000000  0.009210  0.000000  0.010400  0.000000  0.000000  0.000000  0.002243  0.000000  0.000000  0.000000  0.000940  0.000000  0.000000  0.592210  0.000000  0.002400  0.000000  0.000000  0.000000  0.000518  0.000000  0.000000  0.000000  0.000492  0.000000  0.000000  0.000000  0.000000  0.009242  0.000000  0.000000  0.000000  0.000286  0.000000  0.000000  0.000000  0.000076  0.000000  0.000000  0.035957  0.000000  0.000978  0.000000  0.000000  0.000000  0.000067  0.000000
80 0.004679  0.017125  0.000001  0.018666  0.000008  0.000001  0.007184  0.000001  0.000359  0.059488  0.000031  0.040131  0.000014  0.028770  0.000055  0.063670  0.001567  0.008502  0.000001  0.009480  0.002656  0.000001  0.005955  0.000000  0.000169  0.093220  0.000040  0.042165  0.000016  0.000338  0.005264  0.013694  0.000002  0.016355  0.024779  0.000007  0.028452  0.000003  0.001274  0.029405  0.000002  0.068486  0.000014  0.046021  0.000012  0.030274  0.001696  0.005873  0.000001  0.007547  0.021131  0.000006  0.022256  0.000003  0.000804  0.165124  0.000053  0.098961  0.000033  0.006729  0.004008  0.008336  0.000000  0.009673  0.000772  0.000005  0.015378  0.000023  0.013844  0.003322  0.005646  0.000000  0.006819  0.009581  0.007539  0.000000  0.009600  0.029672  0.000012  2.206697  0.000006  0.008270  0.005873  0.005950  0.000001  0.007882  0.001590  0.002562  0.000000  0.005121  0.010959  0.000004  0.000018  0.000042  0.013669  0.000347  0.002205  0.000000  0.003397  0.000430  0.000371  0.000000  0.000634  0.000044  0.000007  0.002612  0.000032  0.004604  0.000411  0.002005  0.000001  0.000557
80 0.006234  0.007175  0.000000  0.010299  0.016954  0.000000  0.021717  0.000000  0.001995  0.010318  0.000000  0.040794  0.000000  0.047678  0.000000  0.013067  0.002933  0.004311  0.000000  0.005406  0.011544  0.000000  0.012074  0.000000  0.000833  0.014259  0.000000  0.008402  0.000000  0.000001  0.012132  0.024331  0.000000  0.023624  0.051972  0.000000  0.037078  0.000000  0.000523  0.056145  0.000000  0.003465  0.000000  0.005396  0.000000  0.056087  0.005148  0.011544  0.000000  0.011321  0.027936  0.000000  0.018217  0.000000  0.000185  0.008658  0.000000  0.003878  0.000000  0.000000  0.005255  0.003218  0.000000  0.008076  0.011257  0.000000  0.006809  0.000000  0.001934  0.002364  0.001898  0.000000  0.003927  0.006283  0.000610  0.000000  0.000543  0.000880  0.000000  0.617365  0.000000  0.000909  0.002305  0.000444  0.000000  0.000434  0.000223  0.000016  0.000000  0.004660  0.005593  0.000000  0.000000  0.000000  0.001190  0.000002  0.000001  0.000000  0.001811  0.000342  0.000090  0.000000  0.000384  0.000291  0.000000  0.019312  0.000000  0.012478  0.000210  0.000161  0.000000  0.000243
81 0.000001  0.000003  0.001553  0.000004  0.000001  0.014664  0.000000  0.008168  0.000005  0.000002  0.045885  0.000012  0.035533  0.000016  0.011289  0.000006  0.000000  0.000002  0.000039  0.000002  0.000001  0.012262  0.000000  0.008291  0.000003  0.000065  0.107544  0.000111  0.088867  0.000008  0.000000  0.000004  0.035309  0.000011  0.000002  0.019688  0.000001  0.000530  0.000012  0.000006  0.128843  0.000010  0.036276  0.000022  0.001559  0.000005  0.000000  0.000002  0.017540  0.000006  0.000001  0.018121  0.000001  0.001307  0.000008  0.000024  0.184176  0.000003  0.087417  0.000026  0.000000  0.000000  0.000371  0.000002  0.000004  0.033279  0.000025  0.002743  0.000036  0.000000  0.000001  0.002723  0.000001  0.000000  0.000002  0.012091  0.000002  0.000005  0.049674  0.000006  2.198659  0.000035  0.000000  0.000002  0.007642  0.000001  0.000000  0.000000  0.010954  0.000002  0.000004  0.012452  0.000054  0.000120  0.000025  0.000000  0.000001  0.008478  0.000002  0.000000  0.000001  0.004061  0.000000  0.000032  0.012898  0.000035  0.021115  0.000043  0.000000  0.000001  0.002984  0.000001
81 0.000000  0.000000  0.010399  0.000000  0.000000  0.024776  0.000000  0.014787  0.000000  0.000000  0.056077  0.000000  0.051684  0.000000  0.026251  0.000000  0.000000  0.000000  0.004856  0.000000  0.000000  0.013158  0.000000  0.008406  0.000000  0.000000  0.002327  0.000000  0.002157  0.000000  0.000000  0.000000  0.027843  0.000000  0.000000  0.056337  0.000000  0.014066  0.000000  0.000000  0.044857  0.000000  0.011152  0.000000  0.091061  0.000000  0.000000  0.000000  0.014343  0.000000  0.000000  0.032342  0.000000  0.009929  0.000000  0.000000  0.017534  0.000000  0.014179  0.000000  0.000000  0.000000  0.005918  0.000000  0.000000  0.010400  0.000000  0.007293  0.000000  0.000000  0.000000  0.002964  0.000000  0.000000  0.000000  0.000943  0.000000  0.000000  0.002400  0.000000  0.592588  0.000000  0.000000  0.000000  0.000520  0.000000  0.000000  0.000000  0.013608  0.000000  0.000000  0.009242  0.000000  0.000000  0.000000  0.000000  0.000000  0.006552  0.000000  0.000000  0.000000  0.003039  0.000000  0.000000  0.000978  0.000000  0.006164  0.000000  0.000000  0.000000  0.001480  0.000000
82 0.002603  0.002012  0.000002  0.001831  0.003696  0.000000  0.000606  0.000001  0.022873  0.000292  0.000014  0.013943  0.000012  0.032412  0.000045  0.047665  0.000942  0.000552  0.000001  0.000388  0.001489  0.000000  0.000585  0.000001  0.018770  0.025850  0.000016  0.000572  0.000036  0.129952  0.001413  0.004307  0.000001  0.003493  0.002631  0.000003  0.000402  0.000005  0.010461  0.059826  0.000022  0.005638  0.000008  0.006471  0.000032  0.041277  0.000995  0.001791  0.000000  0.001317  0.001488  0.000001  0.000085  0.000004  0.009722  0.003282  0.000011  0.024976  0.000036  0.063549  0.001476  0.002765  0.000001  0.004789  0.033746  0.000051  0.016520  0.000040  0.029202  0.000945  0.002095  0.000001  0.003394  0.000971  0.004637  0.000002  0.002877  0.014789  0.000013  0.008270  0.000035  2.190350  0.000575  0.003428  0.000002  0.002227  0.000758  0.000750  0.000001  0.009942  0.004885  0.000054  0.013662  0.000046  0.000152  0.000445  0.000322  0.000001  0.007656  0.013849  0.000467  0.000001  0.008732  0.017467  0.000077  0.003610  0.000076  0.023409  0.007788  0.001115  0.000001  0.006688
82 0.001914  0.012033  0.000000  0.011977  0.005346  0.000000  0.002028  0.000000  0.043571  0.076095  0.000000  0.017376  0.000000  0.017067  0.000000  0.070798  0.000503  0.005372  0.000000  0.005269  0.001952  0.000000  0.000839  0.000000  0.023048  0.000002  0.000000  0.000001  0.000000  0.004482  0.001299  0.013857  0.000000  0.012963  0.001711  0.000000  0.000513  0.000000  0.019258  0.010801  0.000000  0.076511  0.000000  0.075996  0.000000  0.006092  0.000290  0.006096  0.000000  0.005813  0.000533  0.000000  0.000183  0.000000  0.010839  0.000000  0.000000  0.000000  0.000000  0.002055  0.001862  0.004139  0.000000  0.006289  0.006176  0.000000  0.001934  0.000000  0.016532  0.000619  0.001888  0.000000  0.002566  0.000932  0.000072  0.000000  0.000063  0.000064  0.000000  0.000909  0.000000  0.600094  0.000221  0.000033  0.000000  0.000031  0.000009  0.000527  0.000000  0.012944  0.016072  0.000000  0.001190  0.000000  0.000000  0.000002  0.000322  0.000000  0.006406  0.012717  0.000204  0.000000  0.007561  0.000838  0.000000  0.012478  0.000000  0.010316  0.004986  0.000115  0.000000  0.003308
83 0.005890  0.006189  0.000000  0.007918  0.021000  0.000000  0.010994  0.000000  0.001440  0.018274  0.000000  0.012352  0.000001  0.014209  0.000000  0.020352  0.001836  0.002506  0.000000  0.002867  0.010951  0.000000  0.005958  0.000000  0.000466  0.020682  0.000001  0.011640  0.000000  0.000675  0.010542  0.007701  0.000000  0.008371  0.014691  0.000000  0.018676  0.000000  0.000819  0.009102  0.000000  0.034971  0.000000  0.034989  0.000000  0.008744  0.003339  0.003060  0.000000  0.003157  0.007603  0.000000  0.009560  0.000000  0.000194  0.014016  0.000001  0.017453  0.000001  0.000246  0.002316  0.003183  0.000000  0.006093  0.006174  0.000000  0.003326  0.000000  0.000955  0.000667  0.001482  0.000000  0.002369  0.065824  0.000582  0.000000  0.000543  0.010883  0.000000  0.005873  0.000000  0.000575  0.034931  0.000370  0.000000  0.000328  0.000003  0.000000  0.000000  0.008967  0.003959  0.000000  0.000352  0.000000  0.000445  0.000001  0.000028  0.000000  0.003511  0.004964  0.000005  0.000001  0.002093  0.000342  0.000001  0.000418  0.000000  0.007776  0.001397  0.000024  0.000000  0.000817
83 0.003437  0.004300  0.000000  0.005276  0.009243  0.000000  0.004886  0.000000  0.000688  0.012243  0.000000  0.008492  0.000000  0.009773  0.000000  0.013215  0.000985  0.001657  0.000000  0.001844  0.003977  0.000000  0.002200  0.000000  0.000159  0.001816  0.000000  0.001034  0.000000  0.000026  0.006074  0.005147  0.000000  0.005540  0.006568  0.000000  0.008219  0.000000  0.000393  0.005590  0.000000  0.022998  0.000000  0.022850  0.000000  0.005552  0.001760  0.001935  0.000000  0.001992  0.002792  0.000000  0.003478  0.000000  0.000068  0.001290  0.000000  0.001607  0.000000  0.000009  0.001277  0.001013  0.000000  0.002450  0.003794  0.000000  0.002364  0.000000  0.000619  0.000340  0.000351  0.000000  0.000667  0.058995  0.000050  0.000000  0.000047  0.000151  0.000000  0.002305  0.000000  0.000221  0.032766  0.000024  0.000000  0.000023  0.000002  0.000060  0.000000  0.004267  0.002176  0.000000  0.000002  0.000000  0.000001  0.000000  0.000023  0.000000  0.001236  0.002642  0.000015  0.000000  0.000989  0.000007  0.000000  0.000210  0.000000  0.004986  0.000621  0.000005  0.000000  0.000280
84 0.004898  0.003714  0.000001  0.007295  0.023568  0.000003  0.011031  0.000006  0.010276  0.025153  0.000000  0.002125  0.000003  0.009470  0.000004  0.003612  0.002053  0.001852  0.000000  0.003567  0.014403  0.000002  0.007267  0.000004  0.005693  0.046239  0.000007  0.023212  0.000015  0.011674  0.006330  0.001028  0.000000  0.004948  0.001860  0.000003  0.028020  0.000004  0.012252  0.009374  0.000001  0.007204  0.000001  0.036521  0.000001  0.014494  0.002576  0.000171  0.000000  0.002392  0.001677  0.000002  0.016153  0.000003  0.006734  0.011012  0.000003  0.039269  0.000009  0.012211  0.003346  0.004365  0.000000  0.004066  0.008519  0.000002  0.005724  0.000001  0.002144  0.001482  0.002328  0.000000  0.001864  0.000728  0.029248  0.000001  0.009299  0.000200  0.000000  0.005950  0.000002  0.003428  0.000370  0.026794  0.000001  0.005835  0.000165  0.000439  0.000001  0.002282  0.005329  0.000001  0.002112  0.000000  0.000321  0.000032  0.000247  0.000001  0.000949  0.000050  0.009182  0.000001  0.000836  0.002956  0.000001  0.002038  0.000003  0.001122  0.000051  0.004297  0.000001  0.000555
84 0.003806  0.004827  0.000000  0.007548  0.012874  0.000000  0.005865  0.000000  0.006457  0.030116  0.000000  0.011197  0.000000  0.016505  0.000000  0.003163  0.001370  0.002104  0.000000  0.003162  0.006244  0.000000  0.003163  0.000000  0.002694  0.002436  0.000000  0.001322  0.000000  0.001213  0.004602  0.000095  0.000000  0.005382  0.001069  0.000000  0.014241  0.000000  0.007287  0.008095  0.000000  0.014788  0.000000  0.039140  0.000000  0.009877  0.001617  0.000192  0.000000  0.002236  0.000824  0.000000  0.006390  0.000000  0.002989  0.000436  0.000000  0.002995  0.000000  0.001353  0.000981  0.002479  0.000000  0.002963  0.006532  0.000000  0.001898  0.000000  0.001888  0.000351  0.000994  0.000000  0.001184  0.000061  0.193910  0.000000  0.000125  0.000407  0.000000  0.000444  0.000000  0.000033  0.000024  0.132318  0.000000  0.000117  0.000076  0.000011  0.000000  0.001784  0.002849  0.000000  0.000001  0.000000  0.000322  0.000023  0.000000  0.000000  0.000628  0.000016  0.006198  0.000000  0.000041  0.004093  0.000000  0.000161  0.000000  0.000115  0.000005  0.002232  0.000000  0.000004
85 0.000000  0.000000  0.002907  0.000000  0.000000  0.010094  0.000001  0.010578  0.000001  0.000001  0.024288  0.000001  0.016915  0.000000  0.001348  0.000000  0.000000  0.000000  0.001344  0.000000  0.000000  0.005813  0.000001  0.005977  0.000001  0.000002  0.010740  0.000002  0.011416  0.000003  0.000000  0.000000  0.009661  0.000001  0.000002  0.033895  0.000000  0.034089  0.000001  0.000002  0.042031  0.000001  0.027744  0.000001  0.001096  0.000000  0.000000  0.000000  0.005013  0.000000  0.000001  0.020959  0.000000  0.020995  0.000001  0.000001  0.063111  0.000001  0.060970  0.000007  0.000000  0.000000  0.001586  0.000001  0.000000  0.003351  0.000000  0.002717  0.000001  0.000000  0.000000  0.001118  0.000000  0.000000  0.000001  0.030498  0.000001  0.000000  0.009118  0.000001  0.007642  0.000002  0.000000  0.000001  0.026656  0.000000  0.000000  0.000001  0.000009  0.000000  0.000003  0.000723  0.000001  0.008435  0.000001  0.000000  0.000000  0.000002  0.000000  0.000000  0.000001  0.003335  0.000001  0.000001  0.001455  0.000001  0.002928  0.000000  0.000000  0.000001  0.001762  0.000000
85 0.000000  0.000000  0.002633  0.000000  0.000000  0.005432  0.000000  0.005863  0.000000  0.000000  0.019581  0.000000  0.016153  0.000000  0.000474  0.000000  0.000000  0.000000  0.001049  0.000000  0.000000  0.002418  0.000000  0.002538  0.000000  0.000000  0.001163  0.000000  0.001185  0.000000  0.000000  0.000000  0.011233  0.000000  0.000000  0.018221  0.000000  0.018380  0.000000  0.000000  0.050448  0.000000  0.021485  0.000000  0.000256  0.000000  0.000000  0.000000  0.004957  0.000000  0.000000  0.008849  0.000000  0.008889  0.000000  0.000000  0.004261  0.000000  0.004267  0.000000  0.000000  0.000000  0.001110  0.000000  0.000000  0.002243  0.000000  0.002964  0.000000  0.000000  0.000000  0.000488  0.000000  0.000000  0.000000  0.191209  0.000000  0.000000  0.000518  0.000000  0.000520  0.000000  0.000000  0.000000  0.131527  0.000000  0.000000  0.000000  0.000011  0.000000  0.000000  0.000286  0.000000  0.006552  0.000000  0.000000  0.000000  0.000000  0.000000  0.000000  0.000000  0.002144  0.000000  0.000000  0.000067  0.000000  0.001480  0.000000  0.000000  0.000000  0.000833  0.000000
86 0.006598  0.006619  0.000000  0.002131  0.020317  0.000005  0.012772  0.000007  0.009979  0.000923  0.000002  0.011615  0.000001  0.002743  0.000003  0.024309  0.002465  0.003146  0.000000  0.001446  0.012967  0.000003  0.008002  0.000004  0.005401  0.040421  0.000013  0.024126  0.000015  0.009097  0.007103  0.004773  0.000000  0.002686  0.001038  0.000001  0.027152  0.000003  0.011172  0.010716  0.000001  0.036801  0.000001  0.008137  0.000002  0.011363  0.002729  0.002265  0.000000  0.000739  0.001323  0.000001  0.015710  0.000002  0.006130  0.009115  0.000003  0.038841  0.000007  0.010934  0.006030  0.004087  0.000001  0.002847  0.007543  0.000001  0.006753  0.000001  0.003475  0.002369  0.001864  0.000000  0.001804  0.000701  0.009227  0.000000  0.028478  0.000964  0.000001  0.007882  0.000001  0.002227  0.000328  0.005835  0.000000  0.026693  0.008596  0.002548  0.000000  0.000067  0.001274  0.000000  0.003376  0.000002  0.007611  0.003497  0.001083  0.000000  0.000037  0.001999  0.001104  0.000001  0.001965  0.001452  0.000001  0.000695  0.000002  0.006669  0.000823  0.000743  0.000000  0.000400
86 0.004789  0.007542  0.000000  0.003737  0.011159  0.000000  0.007165  0.000000  0.006327  0.007525  0.000000  0.016493  0.000000  0.009635  0.000000  0.031369  0.001546  0.003161  0.000000  0.001854  0.005751  0.000000  0.003554  0.000000  0.002627  0.002340  0.000000  0.001400  0.000000  0.001196  0.005002  0.005378  0.000000  0.000715  0.000782  0.000000  0.013973  0.000000  0.006934  0.008703  0.000000  0.039142  0.000000  0.014900  0.000000  0.008652  0.001672  0.002236  0.000000  0.000086  0.000758  0.000000  0.006327  0.000000  0.002904  0.000426  0.000000  0.002986  0.000000  0.001340  0.002452  0.002966  0.000000  0.001497  0.003073  0.000000  0.003927  0.000000  0.002566  0.000667  0.001184  0.000000  0.000734  0.000058  0.000137  0.000000  0.194248  0.000405  0.000000  0.000434  0.000000  0.000031  0.000023  0.000117  0.000000  0.132363  0.004352  0.001785  0.000000  0.000011  0.000162  0.000000  0.001811  0.000000  0.006406  0.001236  0.000628  0.000000  0.000000  0.001010  0.000006  0.000000  0.001291  0.000117  0.000000  0.000243  0.000000  0.003308  0.000280  0.000004  0.000000  0.000304
87 0.017603  0.011214  0.000000  0.012959  0.025149  0.000000  0.033253  0.000001  0.001999  0.013723  0.000001  0.056864  0.000000  0.056338  0.000000  0.014413  0.005405  0.004239  0.000000  0.004611  0.013122  0.000000  0.017071  0.000001  0.000646  0.027123  0.000001  0.033921  0.000000  0.000979  0.009997  0.009043  0.000000  0.012686  0.036511  0.000000  0.018267  0.000000  0.003040  0.029721  0.000001  0.020907  0.000001  0.023000  0.000001  0.034147  0.003026  0.003480  0.000000  0.004310  0.019172  0.000000  0.009982  0.000000  0.001118  0.039552  0.000001  0.021351  0.000000  0.001801  0.013037  0.000003  0.000000  0.004478  0.000824  0.000000  0.000424  0.000000  0.013840  0.004964  0.000050  0.000000  0.001999  0.000004  0.000165  0.000001  0.019036  0.006604  0.000000  0.001590  0.000000  0.000758  0.000003  0.000165  0.000000  0.008596  0.121890  0.001256  0.000000  0.001200  0.018597  0.000001  0.009547  0.000001  0.000975  0.065872  0.000763  0.000000  0.000711  0.006047  0.006733  0.000001  0.013619  0.010417  0.000001  0.004026  0.000000  0.001468  0.002318  0.003377  0.000001  0.006039
87 0.014535  0.010837  0.000000  0.012324  0.013438  0.000000  0.016957  0.000000  0.001389  0.009933  0.000000  0.040917  0.000000  0.040465  0.000000  0.009881  0.004460  0.004237  0.000000  0.004571  0.005984  0.000000  0.007492  0.000000  0.000348  0.000138  0.000000  0.000172  0.000000  0.000000  0.008343  0.008860  0.000000  0.012133  0.018837  0.000000  0.009468  0.000000  0.002096  0.021257  0.000000  0.013847  0.000000  0.016977  0.000000  0.023914  0.002523  0.003533  0.000000  0.004362  0.008458  0.000000  0.004486  0.000000  0.000610  0.000299  0.000000  0.000173  0.000000  0.000001  0.008584  0.000052  0.000000  0.002924  0.000240  0.000000  0.000342  0.000000  0.012717  0.002642  0.000016  0.000000  0.001010  0.000000  0.000237  0.000000  0.012330  0.005308  0.000000  0.000223  0.000000  0.000009  0.000002  0.000076  0.000000  0.004352  0.108364  0.000143  0.000000  0.000135  0.000228  0.000000  0.006284  0.000000  0.000932  0.058998  0.000061  0.000000  0.000058  0.003890  0.002428  0.000000  0.007316  0.008604  0.000000  0.005255  0.000000  0.001862  0.001277  0.000981  0.000000  0.002452
88 0.007423  0.002069  0.000000  0.004740  0.002376  0.000001  0.041665  0.000006  0.018059  0.009830  0.000002  0.006857  0.000002  0.042443  0.000004  0.017705  0.002939  0.000598  0.000000  0.002243  0.002072  0.000001  0.024358  0.000004  0.010286  0.014270  0.000005  0.066586  0.000012  0.023507  0.005552  0.003128  0.000000  0.006816  0.034153  0.000007  0.013835  0.000007  0.015831  0.028866  0.000000  0.002403  0.000001  0.009802  0.000001  0.006343  0.002284  0.001501  0.000000  0.003279  0.020944  0.000004  0.009243  0.000004  0.009090  0.070598  0.000016  0.032160  0.000015  0.022652  0.000079  0.016705  0.000001  0.001633  0.004224  0.000001  0.000341  0.000001  0.000517  0.000005  0.009182  0.000001  0.001105  0.000147  0.000610  0.000001  0.004740  0.007230  0.000001  0.002562  0.000000  0.000750  0.000000  0.000439  0.000001  0.002548  0.001256  0.032099  0.000002  0.014332  0.000011  0.000003  0.007625  0.000001  0.004666  0.000609  0.029260  0.000001  0.008999  0.006733  0.006751  0.000001  0.007681  0.014450  0.000000  0.008236  0.000001  0.002870  0.003206  0.003911  0.000001  0.004187
88 0.008925  0.001251  0.000000  0.009954  0.000986  0.000000  0.026943  0.000000  0.014705  0.012446  0.000000  0.020475  0.000000  0.062433  0.000000  0.018792  0.003267  0.000151  0.000000  0.004241  0.001044  0.000000  0.012650  0.000000  0.006404  0.000690  0.000000  0.001122  0.000000  0.000144  0.007209  0.008514  0.000000  0.013869  0.023114  0.000000  0.009314  0.000000  0.012859  0.046621  0.000000  0.015932  0.000000  0.024079  0.000000  0.000546  0.002693  0.003770  0.000000  0.005939  0.011580  0.000000  0.005321  0.000000  0.005685  0.002517  0.000000  0.001455  0.000000  0.000198  0.000052  0.014912  0.000000  0.000158  0.008903  0.000000  0.000090  0.000000  0.000204  0.000015  0.006198  0.000000  0.000006  0.000237  0.000000  0.000000  0.004395  0.006940  0.000000  0.000016  0.000000  0.000527  0.000060  0.000011  0.000000  0.001785  0.000143  0.286900  0.000000  0.000082  0.000732  0.000000  0.000610  0.000000  0.000072  0.000050  0.193924  0.000000  0.000137  0.002428  0.005580  0.000000  0.006691  0.014205  0.000000  0.003219  0.000000  0.004139  0.001013  0.002479  0.000000  0.002966
89 0.000000  0.000000  0.008110  0.000000  0.000001  0.047760  0.000000  0.048204  0.000002  0.000002  0.048539  0.000003  0.033615  0.000002  0.001401  0.000002  0.000000  0.000000  0.004157  0.000000  0.000000  0.029801  0.000000  0.029956  0.000001  0.000003  0.097790  0.000002  0.095578  0.000004  0.000000  0.000001  0.002934  0.000000  0.000001  0.014585  0.000001  0.015764  0.000001  0.000002  0.028683  0.000001  0.019696  0.000002  0.002190  0.000001  0.000000  0.000000  0.001334  0.000000  0.000000  0.008660  0.000001  0.009186  0.000001  0.000003  0.020695  0.000002  0.021841  0.000006  0.000001  0.000001  0.005653  0.000001  0.000002  0.001184  0.000000  0.004059  0.000001  0.000001  0.000001  0.003335  0.000001  0.000001  0.000001  0.000008  0.000000  0.000002  0.002526  0.000000  0.010954  0.000001  0.000000  0.000001  0.000009  0.000000  0.000000  0.000002  0.035466  0.000002  0.000001  0.013174  0.000001  0.012041  0.000000  0.000000  0.000001  0.030328  0.000001  0.000001  0.000001  0.001810  0.000002  0.000000  0.001434  0.000001  0.000399  0.000001  0.000001  0.000001  0.001592  0.000001
89 0.000000  0.000000  0.019434  0.000000  0.000000  0.032259  0.000000  0.032690  0.000000  0.000000  0.077637  0.000000  0.037078  0.000000  0.000654  0.000000  0.000000  0.000000  0.008790  0.000000  0.000000  0.016335  0.000000  0.016473  0.000000  0.000000  0.002490  0.000000  0.002490  0.000000  0.000000  0.000000  0.005039  0.000000  0.000000  0.010159  0.000000  0.011248  0.000000  0.000000  0.032408  0.000000  0.027459  0.000000  0.001122  0.000000  0.000000  0.000000  0.002102  0.000000  0.000000  0.004798  0.000000  0.005165  0.000000  0.000000  0.000199  0.000000  0.000198  0.000000  0.000000  0.000000  0.004876  0.000000  0.000000  0.000076  0.000000  0.003039  0.000000  0.000000  0.000000  0.002144  0.000000  0.000000  0.000000  0.000000  0.000000  0.000000  0.000492  0.000000  0.013608  0.000000  0.000000  0.000000  0.000011  0.000000  0.000000  0.000000  0.279618  0.000000  0.000000  0.000940  0.000000  0.000943  0.000000  0.000000  0.000000  0.191223  0.000000  0.000000  0.000000  0.002284  0.000000  0.000000  0.004086  0.000000  0.005918  0.000000  0.000000  0.000000  0.001110  0.000000
90 0.009262  0.004641  0.000000  0.005208  0.000402  0.000002  0.040781  0.000003  0.017226  0.011875  0.000000  0.041098  0.000004  0.008242  0.000005  0.011726  0.003398  0.002125  0.000000  0.001673  0.001136  0.000001  0.023926  0.000002  0.009817  0.011005  0.000006  0.066387  0.000006  0.023102  0.008923  0.006471  0.000000  0.000290  0.028018  0.000005  0.017320  0.000009  0.015639  0.001102  0.000002  0.011036  0.000000  0.003365  0.000001  0.027604  0.003161  0.002959  0.000000  0.000731  0.017978  0.000003  0.011102  0.000005  0.008753  0.060304  0.000009  0.037239  0.000021  0.019622  0.004465  0.001161  0.000001  0.005082  0.001472  0.000002  0.000754  0.000000  0.008725  0.002092  0.000836  0.000001  0.001965  0.019075  0.004456  0.000000  0.000074  0.000517  0.000001  0.005121  0.000002  0.009942  0.008967  0.002282  0.000000  0.000067  0.001200  0.014332  0.000002  0.029259  0.001133  0.000001  0.009608  0.000001  0.002882  0.000547  0.009064  0.000001  0.028204  0.013619  0.007682  0.000002  0.004322  0.012110  0.000001  0.009558  0.000001  0.004869  0.006097  0.004176  0.000001  0.002968
90 0.010341  0.009941  0.000000  0.003372  0.000163  0.000000  0.026190  0.000000  0.013765  0.015504  0.000000  0.062393  0.000000  0.020735  0.000000  0.013805  0.003556  0.004240  0.000000  0.000667  0.000797  0.000000  0.012416  0.000000  0.006108  0.000690  0.000000  0.001122  0.000000  0.000144  0.010288  0.013851  0.000000  0.005323  0.018758  0.000000  0.012473  0.000000  0.012773  0.009889  0.000000  0.024007  0.000000  0.012563  0.000000  0.049198  0.003406  0.005938  0.000000  0.002865  0.010091  0.000000  0.006451  0.000000  0.005576  0.002519  0.000000  0.001454  0.000000  0.000198  0.002924  0.000158  0.000000  0.004013  0.000324  0.000000  0.000384  0.000000  0.007561  0.000989  0.000041  0.000000  0.001291  0.012329  0.004395  0.000000  0.000000  0.000026  0.000000  0.004660  0.000000  0.012944  0.004267  0.001784  0.000000  0.000011  0.000135  0.000082  0.000000  0.288288  0.000695  0.000000  0.000543  0.000000  0.000063  0.000047  0.000125  0.000000  0.194261  0.007316  0.006691  0.000000  0.002678  0.005481  0.000000  0.008076  0.000000  0.006289  0.002450  0.002963  0.000000  0.001497
91 0.002615  0.010158  0.000005  0.005330  0.003527  0.000012  0.032694  0.000012  0.000957  0.013862  0.000003  0.095238  0.000014  0.084428  0.000042  0.007441  0.001129  0.005461  0.000002  0.002821  0.001035  0.000007  0.025167  0.000008  0.000325  0.025212  0.000038  0.194090  0.000002  0.010055  0.007385  0.023831  0.000000  0.019111  0.009753  0.000001  0.000337  0.000002  0.001292  0.076306  0.000000  0.082390  0.000011  0.093847  0.000011  0.099147  0.002930  0.012147  0.000000  0.009415  0.010301  0.000001  0.002621  0.000001  0.000033  0.179198  0.000050  0.093848  0.000007  0.007659  0.000833  0.004464  0.000002  0.001526  0.004363  0.000014  0.000267  0.000032  0.017758  0.000343  0.002956  0.000001  0.001434  0.006591  0.007201  0.000004  0.000419  0.000027  0.000004  0.010959  0.000004  0.004885  0.003959  0.005329  0.000003  0.001274  0.018597  0.000011  0.000001  0.001133  2.202555  0.000000  0.029794  0.000024  0.014813  0.010883  0.000271  0.000001  0.000912  0.010414  0.014439  0.000000  0.012109  0.001390  0.000026  0.001635  0.000019  0.033786  0.006181  0.008512  0.000000  0.007563
91 0.009555  0.000081  0.000000  0.000733  0.004519  0.000000  0.051917  0.000000  0.001643  0.012340  0.000000  0.042460  0.000000  0.042108  0.000000  0.016455  0.004092  0.000592  0.000000  0.000357  0.002469  0.000000  0.027907  0.000000  0.000521  0.003855  0.000000  0.008660  0.000000  0.000000  0.013110  0.019303  0.000000  0.015048  0.042734  0.000000  0.017119  0.000000  0.005296  0.056509  0.000000  0.027637  0.000000  0.022513  0.000000  0.058838  0.005658  0.009756  0.000000  0.008322  0.025840  0.000000  0.011575  0.000000  0.001940  0.024866  0.000000  0.014259  0.000000  0.000002  0.000240  0.008903  0.000000  0.000324  0.014450  0.000000  0.000291  0.000000  0.000838  0.000007  0.004093  0.000000  0.000117  0.005308  0.006940  0.000000  0.000026  0.000000  0.000000  0.005593  0.000000  0.016072  0.002176  0.002849  0.000000  0.000162  0.000228  0.000732  0.000000  0.000695  0.601133  0.000000  0.000880  0.000000  0.000064  0.000150  0.000407  0.000000  0.000405  0.008604  0.014205  0.000000  0.005481  0.022644  0.000000  0.011257  0.000000  0.006176  0.003794  0.006532  0.000000  0.003073
92 0.000002  0.000005  0.033606  0.000000  0.000005  0.001361  0.000004  0.020120  0.000007  0.000055  0.119313  0.000029  0.018617  0.000005  0.023999  0.000080  0.000001  0.000003  0.016246  0.000000  0.000003  0.001168  0.000003  0.019011  0.000004  0.000062  0.117227  0.000054  0.188375  0.000009  0.000002  0.000002  0.006610  0.000002  0.000002  0.008280  0.000006  0.014729  0.000010  0.000004  0.072799  0.000005  0.049833  0.000010  0.048919  0.000003  0.000001  0.000001  0.002811  0.000001  0.000002  0.008126  0.000004  0.011513  0.000008  0.000073  0.062604  0.000078  0.067815  0.000137  0.000000  0.000002  0.001129  0.000002  0.000031  0.030403  0.000009  0.012513  0.000073  0.000001  0.000001  0.001462  0.000001  0.000000  0.000001  0.002496  0.000001  0.000013  0.000096  0.000004  0.012452  0.000054  0.000000  0.000001  0.000723  0.000000  0.000001  0.000003  0.013174  0.000001  0.000000  2.233405  0.000048  0.049369  0.000018  0.000001  0.000003  0.009148  0.000000  0.000001  0.000000  0.001429  0.000000  0.000025  0.011295  0.000032  0.033394  0.000046  0.000001  0.000000  0.003325  0.000001
92 0.000000  0.000000  0.027424  0.000000  0.000000  0.015153  0.000000  0.056330  0.000000  0.000000  0.045761  0.000000  0.013502  0.000000  0.092213  0.000000  0.000000  0.000000  0.014212  0.000000  0.000000  0.010300  0.000000  0.032342  0.000000  0.000000  0.014178  0.000000  0.017535  0.000000  0.000000  0.000000  0.009359  0.000000  0.000000  0.016675  0.000000  0.024746  0.000000  0.000000  0.060540  0.000000  0.045774  0.000000  0.026860  0.000000  0.000000  0.000000  0.004507  0.000000  0.000000  0.009101  0.000000  0.013154  0.000000  0.000000  0.002155  0.000000  0.002326  0.000000  0.000000  0.000000  0.000076  0.000000  0.000000  0.035957  0.000000  0.000978  0.000000  0.000000  0.000000  0.000067  0.000000  0.000000  0.000000  0.000492  0.000000  0.000000  0.000000  0.000000  0.009242  0.000000  0.000000  0.000000  0.000286  0.000000  0.000000  0.000000  0.000940  0.000000  0.000000  0.592219  0.000000  0.002400  0.000000  0.000000  0.000000  0.000519  0.000000  0.000000  0.000000  0.004086  0.000000  0.000000  0.009210  0.000000  0.010401  0.000000  0.000000  0.000000  0.002243  0.000000
93 0.005229  0.013686  0.000005  0.016325  0.024721  0.000008  0.028475  0.000003  0.001156  0.029357  0.000004  0.068431  0.000038  0.046175  0.000010  0.030195  0.001680  0.005869  0.000003  0.007531  0.021102  0.000006  0.022278  0.000003  0.000740  0.165101  0.000039  0.099094  0.000020  0.006678  0.004687  0.017138  0.000001  0.018642  0.000015  0.000000  0.007115  0.000004  0.000407  0.059279  0.000021  0.039992  0.000000  0.028882  0.000041  0.063678  0.001571  0.008512  0.000000  0.009472  0.002653  0.000001  0.005910  0.000003  0.000141  0.093211  0.000077  0.041984  0.000027  0.000480  0.000438  0.000504  0.000001  0.000651  0.000022  0.000023  0.002617  0.000032  0.004528  0.000415  0.002089  0.000001  0.000570  0.001601  0.002412  0.000000  0.005083  0.010977  0.000005  0.000018  0.000054  0.013662  0.000352  0.002112  0.000001  0.003376  0.009547  0.007625  0.000001  0.009608  0.029794  0.000048  2.206365  0.000013  0.008450  0.005853  0.006002  0.000001  0.007887  0.004016  0.008147  0.000001  0.009633  0.000919  0.000033  0.015519  0.000032  0.013913  0.003326  0.005527  0.000001  0.006791
93 0.012132  0.024331  0.000000  0.023624  0.051972  0.000000  0.037079  0.000000  0.000523  0.056146  0.000000  0.003465  0.000000  0.005395  0.000000  0.056087  0.005149  0.011544  0.000000  0.011322  0.027936  0.000000  0.018217  0.000000  0.000185  0.008660  0.000000  0.003877  0.000000  0.000000  0.006234  0.007175  0.000000  0.010299  0.016954  0.000000  0.021717  0.000000  0.001995  0.010319  0.000000  0.040795  0.000000  0.047679  0.000000  0.013067  0.002933  0.004311  0.000000  0.005406  0.011544  0.000000  0.012074  0.000000  0.000833  0.014259  0.000000  0.008401  0.000000  0.000001  0.000342  0.000090  0.000000  0.000384  0.000291  0.000000  0.019312  0.000000  0.012478  0.000210  0.000161  0.000000  0.000243  0.000223  0.000016  0.000000  0.004660  0.005593  0.000000  0.000000  0.000000  0.001190  0.000002  0.000001  0.000000  0.001811  0.006284  0.000610  0.000000  0.000543  0.000880  0.000000  0.617373  0.000000  0.000909  0.002305  0.000444  0.000000  0.000434  0.005255  0.003219  0.000000  0.008076  0.011257  0.000000  0.006809  0.000000  0.001934  0.002364  0.001898  0.000000  0.003927
94 0.000000  0.000005  0.035264  0.000013  0.000001  0.019771  0.000001  0.000610  0.000004  0.000027  0.128901  0.000026  0.036406  0.000031  0.001675  0.000074  0.000000  0.000003  0.017516  0.000007  0.000000  0.018169  0.000001  0.001252  0.000003  0.000024  0.184074  0.000000  0.087047  0.000032  0.000001  0.000004  0.001520  0.000003  0.000003  0.014577  0.000001  0.008064  0.000011  0.000005  0.046375  0.000004  0.034700  0.000006  0.012088  0.000009  0.000001  0.000002  0.000059  0.000002  0.000002  0.012202  0.000001  0.008219  0.000009  0.000033  0.107089  0.000106  0.088465  0.000106  0.000000  0.000003  0.003997  0.000001  0.000035  0.013137  0.000034  0.021115  0.000080  0.000000  0.000003  0.002931  0.000002  0.000000  0.000001  0.010904  0.000001  0.000023  0.012181  0.000042  0.000120  0.000046  0.000000  0.000000  0.008435  0.000002  0.000001  0.000001  0.012041  0.000001  0.000024  0.049369  0.000013  2.198543  0.000053  0.000000  0.000002  0.007598  0.000002  0.000000  0.000001  0.000404  0.000000  0.000021  0.033523  0.000034  0.003030  0.000054  0.000000  0.000001  0.002755  0.000000
94 0.000000  0.000000  0.027843  0.000000  0.000000  0.056337  0.000000  0.014066  0.000000  0.000000  0.044858  0.000000  0.011152  0.000000  0.091061  0.000000  0.000000  0.000000  0.014343  0.000000  0.000000  0.032342  0.000000  0.009929  0.000000  0.000000  0.017535  0.000000  0.014179  0.000000  0.000000  0.000000  0.010399  0.000000  0.000000  0.024776  0.000000  0.014787  0.000000  0.000000  0.056077  0.000000  0.051684  0.000000  0.026251  0.000000  0.000000  0.000000  0.004856  0.000000  0.000000  0.013158  0.000000  0.008406  0.000000  0.000000  0.002326  0.000000  0.002156  0.000000  0.000000  0.000000  0.003039  0.000000  0.000000  0.000978  0.000000  0.006164  0.000000  0.000000  0.000000  0.001480  0.000000  0.000000  0.000000  0.013608  0.000000  0.000000  0.009242  0.000000  0.000000  0.000000  0.000000  0.000000  0.006552  0.000000  0.000000  0.000000  0.000943  0.000000  0.000000  0.002400  0.000000  0.592597  0.000000  0.000000  0.000000  0.000520  0.000000  0.000000  0.000000  0.005918  0.000000  0.000000  0.010401  0.000000  0.007293  0.000000  0.000000  0.000000  0.002964  0.000000
95 0.001394  0.004292  0.000002  0.003474  0.002631  0.000001  0.000447  0.000002  0.010505  0.059840  0.000006  0.005710  0.000024  0.006606  0.000050  0.041185  0.000986  0.001784  0.000001  0.001308  0.001490  0.000000  0.000114  0.000002  0.009749  0.003332  0.000008  0.024762  0.000002  0.063768  0.002612  0.002030  0.000001  0.001782  0.003715  0.000000  0.000522  0.000005  0.022686  0.000379  0.000004  0.013930  0.000006  0.032424  0.000018  0.047690  0.000946  0.000562  0.000000  0.000360  0.001500  0.000000  0.000533  0.000003  0.018652  0.025795  0.000001  0.000394  0.000044  0.129444  0.013846  0.000445  0.000000  0.008703  0.017546  0.000037  0.003650  0.000039  0.023412  0.007784  0.001098  0.000000  0.006667  0.000761  0.000743  0.000002  0.009877  0.004847  0.000018  0.013669  0.000025  0.000152  0.000445  0.000321  0.000001  0.007611  0.000975  0.004666  0.000000  0.002882  0.014813  0.000018  0.008450  0.000053  2.189926  0.000576  0.003449  0.000000  0.002228  0.001476  0.002837  0.000001  0.004782  0.033716  0.000045  0.016593  0.000058  0.029204  0.000945  0.002140  0.000001  0.003386
95 0.001299  0.013857  0.000000  0.012963  0.001711  0.000000  0.000513  0.000000  0.019258  0.010801  0.000000  0.076512  0.000000  0.075997  0.000000  0.006092  0.000290  0.006096  0.000000  0.005813  0.000533  0.000000  0.000183  0.000000  0.010839  0.000000  0.000000  0.000000  0.000000  0.002055  0.001914  0.012033  0.000000  0.011977  0.005346  0.000000  0.002028  0.000000  0.043571  0.076095  0.000000  0.017376  0.000000  0.017067  0.000000  0.070798  0.000503  0.005372  0.000000  0.005269  0.001952  0.000000  0.000839  0.000000  0.023047  0.000002  0.000000  0.000001  0.000000  0.004481  0.012716  0.000204  0.000000  0.007561  0.000838  0.000000  0.012478  0.000000  0.010316  0.004986  0.000115  0.000000  0.003308  0.000009  0.000527  0.000000  0.012944  0.016072  0.000000  0.001190  0.000000  0.000000  0.000001  0.000322  0.000000  0.006406  0.000932  0.000072  0.000000  0.000063  0.000064  0.000000  0.000909  0.000000  0.600102  0.000221  0.000033  0.000000  0.000031  0.001862  0.004139  0.000000  0.006289  0.006176  0.000000  0.001934  0.000000  0.016532  0.000619  0.001888  0.000000  0.002566
96 0.010548  0.007700  0.000000  0.008378  0.014677  0.000000  0.018688  0.000001  0.000793  0.009096  0.000001  0.034997  0.000000  0.035000  0.000000  0.008751  0.003341  0.003059  0.000000  0.003160  0.007594  0.000000  0.009565  0.000001  0.000179  0.013982  0.000001  0.017451  0.000002  0.000291  0.005892  0.006190  0.000000  0.007915  0.020997  0.000000  0.011016  0.000000  0.001437  0.018281  0.000000  0.012357  0.000000  0.014229  0.000000  0.020375  0.001836  0.002507  0.000000  0.002865  0.010949  0.000000  0.005970  0.000000  0.000464  0.020664  0.000000  0.011665  0.000000  0.000666  0.004965  0.000047  0.000000  0.002102  0.000336  0.000000  0.000414  0.000000  0.007781  0.001397  0.000051  0.000000  0.000824  0.000002  0.000008  0.000000  0.008948  0.003966  0.000000  0.000347  0.000000  0.000445  0.000001  0.000032  0.000000  0.003497  0.065872  0.000609  0.000000  0.000547  0.010883  0.000001  0.005853  0.000000  0.000576  0.034959  0.000387  0.000000  0.000331  0.002318  0.003206  0.000001  0.006097  0.006175  0.000001  0.003330  0.000000  0.000954  0.000668  0.001496  0.000001  0.002371
96 0.006074  0.005147  0.000000  0.005540  0.006568  0.000000  0.008219  0.000000  0.000394  0.005591  0.000000  0.022999  0.000000  0.022851  0.000000  0.005553  0.001760  0.001935  0.000000  0.001992  0.002792  0.000000  0.003478  0.000000  0.000068  0.001289  0.000000  0.001606  0.000000  0.000009  0.003438  0.004300  0.000000  0.005276  0.009243  0.000000  0.004887  0.000000  0.000688  0.012244  0.000000  0.008492  0.000000  0.009774  0.000000  0.013216  0.000985  0.001657  0.000000  0.001844  0.003977  0.000000  0.002200  0.000000  0.000159  0.001816  0.000000  0.001034  0.000000  0.000026  0.002642  0.000015  0.000000  0.000989  0.000007  0.000000  0.000210  0.000000  0.004986  0.000621  0.000005  0.000000  0.000280  0.000002  0.000060  0.000000  0.004267  0.002176  0.000000  0.000002  0.000000  0.000002  0.000000  0.000023  0.000000  0.001236  0.058998  0.000050  0.000000  0.000047  0.000150  0.000000  0.002305  0.000000  0.000221  0.032768  0.000024  0.000000  0.000023  0.001277  0.001013  0.000000  0.002450  0.003794  0.000000  0.002364  0.000000  0.000619  0.000340  0.000351  0.000000  0.000667
97 0.006297  0.001110  0.000000  0.005035  0.002140  0.000001  0.027846  0.000004  0.011883  0.009269  0.000002  0.007201  0.000002  0.036527  0.000003  0.014488  0.002562  0.000206  0.000000  0.002429  0.001841  0.000001  0.016056  0.000003  0.006520  0.011480  0.000004  0.039031  0.000009  0.011577  0.004935  0.003668  0.000000  0.007210  0.023706  0.000005  0.010542  0.000005  0.010495  0.025096  0.000000  0.002061  0.000001  0.009663  0.000001  0.003497  0.002067  0.001833  0.000000  0.003531  0.014480  0.000003  0.006986  0.000003  0.005817  0.046486  0.000011  0.022459  0.000009  0.012028  0.000001  0.009191  0.000001  0.001141  0.002800  0.000001  0.001954  0.000001  0.001139  0.000024  0.004297  0.000001  0.000743  0.000154  0.000338  0.000001  0.002477  0.005351  0.000001  0.002205  0.000001  0.000322  0.000028  0.000247  0.000000  0.001083  0.000763  0.029260  0.000001  0.009064  0.000271  0.000003  0.006002  0.000002  0.003449  0.000387  0.026795  0.000001  0.005689  0.003377  0.003911  0.000001  0.004176  0.008521  0.000001  0.005604  0.000001  0.002188  0.001496  0.002051  0.000000  0.001932
97 0.004603  0.000095  0.000000  0.005382  0.001069  0.000000  0.014242  0.000000  0.007287  0.008095  0.000000  0.014789  0.000000  0.039142  0.000000  0.009878  0.001617  0.000192  0.000000  0.002236  0.000824  0.000000  0.006391  0.000000  0.002989  0.000436  0.000000  0.002995  0.000000  0.001353  0.003806  0.004827  0.000000  0.007548  0.012874  0.000000  0.005865  0.000000  0.006457  0.030118  0.000000  0.011197  0.000000  0.016506  0.000000  0.003164  0.001370  0.002104  0.000000  0.003162  0.006244  0.000000  0.003163  0.000000  0.002694  0.002437  0.000000  0.001322  0.000000  0.001213  0.000016  0.006198  0.000000  0.000041  0.004093  0.000000  0.000161  0.000000  0.000115  0.000005  0.002232  0.000000  0.000004  0.000076  0.000011  0.000000  0.001784  0.002849  0.000000  0.000001  0.000000  0.000322  0.000023  0.000000  0.000000  0.000628  0.000061  0.193924  0.000000  0.000125  0.000407  0.000000  0.000444  0.000000  0.000033  0.000024  0.132327  0.000000  0.000117  0.000981  0.002479  0.000000  0.002963  0.006532  0.000000  0.001898  0.000000  0.001888  0.000351  0.000994  0.000000  0.001184
98 0.000000  0.000000  0.009659  0.000000  0.000000  0.033884  0.000000  0.034087  0.000002  0.000001  0.041938  0.000003  0.027591  0.000001  0.001161  0.000003  0.000000  0.000000  0.005011  0.000000  0.000000  0.020949  0.000000  0.020991  0.000001  0.000003  0.063001  0.000002  0.060890  0.000003  0.000000  0.000000  0.002908  0.000000  0.000000  0.010087  0.000001  0.010607  0.000001  0.000001  0.024341  0.000001  0.016842  0.000001  0.001414  0.000001  0.000000  0.000000  0.001344  0.000000  0.000000  0.005808  0.000000  0.005994  0.000001  0.000002  0.010717  0.000002  0.011428  0.000006  0.000001  0.000001  0.003337  0.000001  0.000002  0.001513  0.000001  0.002982  0.000001  0.000000  0.000001  0.001762  0.000000  0.000000  0.000001  0.000017  0.000000  0.000002  0.000754  0.000000  0.008478  0.000001  0.000000  0.000001  0.000002  0.000000  0.000000  0.000001  0.030328  0.000001  0.000001  0.009148  0.000001  0.007598  0.000000  0.000000  0.000001  0.026537  0.000001  0.000001  0.000001  0.001592  0.000001  0.000000  0.003333  0.000001  0.002749  0.000001  0.000001  0.000000  0.001126  0.000001
98 0.000000  0.000000  0.011233  0.000000  0.000000  0.018222  0.000000  0.018381  0.000000  0.000000  0.050450  0.000000  0.021485  0.000000  0.000256  0.000000  0.000000  0.000000  0.004958  0.000000  0.000000  0.008850  0.000000  0.008889  0.000000  0.000000  0.004260  0.000000  0.004267  0.000000  0.000000  0.000000  0.002633  0.000000  0.000000  0.005432  0.000000  0.005863  0.000000  0.000000  0.019581  0.000000  0.016154  0.000000  0.000474  0.000000  0.000000  0.000000  0.001049  0.000000  0.000000  0.002418  0.000000  0.002538  0.000000  0.000000  0.001163  0.000000  0.001185  0.000000  0.000000  0.000000  0.002144  0.000000  0.000000  0.000067  0.000000  0.001480  0.000000  0.000000  0.000000  0.000833  0.000000  0.000000  0.000000  0.000011  0.000000  0.000000  0.000286  0.000000  0.006552  0.000000  0.000000  0.000000  0.000000  0.000000  0.000000  0.000000  0.191223  0.000000  0.000000  0.000519  0.000000  0.000520  0.000000  0.000000  0.000000  0.131536  0.000000  0.000000  0.000000  0.001110  0.000000  0.000000  0.002243  0.000000  0.002964  0.000000  0.000000  0.000000  0.000488  0.000000
99 0.007104  0.004775  0.000000  0.002711  0.001206  0.000001  0.027356  0.000002  0.011384  0.010768  0.000001  0.036807  0.000003  0.008016  0.000003  0.011450  0.002729  0.002265  0.000000  0.000750  0.001422  0.000001  0.015833  0.000001  0.006253  0.009389  0.000007  0.039211  0.000004  0.011275  0.006591  0.006631  0.000000  0.002107  0.020264  0.000003  0.012726  0.000006  0.010136  0.000915  0.000002  0.011561  0.000000  0.002914  0.000001  0.024411  0.002462  0.003152  0.000000  0.001437  0.012937  0.000002  0.007973  0.000003  0.005493  0.040354  0.000005  0.024028  0.000014  0.009384  0.001990  0.000814  0.000001  0.001971  0.001406  0.000002  0.000681  0.000001  0.006690  0.000817  0.000555  0.000000  0.000400  0.008622  0.002352  0.000000  0.000039  0.001208  0.000000  0.003397  0.000002  0.007656  0.003511  0.000949  0.000000  0.000037  0.000711  0.008999  0.000001  0.028204  0.000912  0.000000  0.007887  0.000002  0.002228  0.000331  0.005689  0.000001  0.026513  0.006039  0.004187  0.000001  0.002967  0.007567  0.000001  0.006725  0.000000  0.003467  0.002371  0.001933  0.000001  0.001884
99 0.005002  0.005378  0.000000  0.000715  0.000782  0.000000  0.013974  0.000000  0.006934  0.008703  0.000000  0.039143  0.000000  0.014900  0.000000  0.008652  0.001672  0.002236  0.000000  0.000086  0.000758  0.000000  0.006328  0.000000  0.002904  0.000426  0.000000  0.002985  0.000000  0.001340  0.004789  0.007542  0.000000  0.003737  0.011159  0.000000  0.007165  0.000000  0.006327  0.007526  0.000000  0.016494  0.000000  0.009636  0.000000  0.031370  0.001546  0.003161  0.000000  0.001854  0.005751  0.000000  0.003554  0.000000  0.002627  0.002340  0.000000  0.001400  0.000000  0.001197  0.001010  0.000006  0.000000  0.001291  0.000117  0.000000  0.000243  0.000000  0.003308  0.000280  0.000004  0.000000  0.000304  0.004352  0.001785  0.000000  0.000011  0.000162  0.000000  0.001811  0.000000  0.006406  0.001236  0.000628  0.000000  0.000000  0.000058  0.000137  0.000000  0.194261  0.000405  0.000000  0.000434  0.000000  0.000031  0.000023  0.000117  0.000000  0.132373  0.002452  0.002966  0.000000  0.001497  0.003073  0.000000  0.003927  0.000000  0.002566  0.000667  0.001184  0.000000  0.000734
100 0.017603  0.011214  0.000000  0.012958  0.025149  0.000000  0.033254  0.000001  0.001999  0.013724  0.000001  0.056865  0.000000  0.056338  0.000000  0.014413  0.005405  0.004239  0.000000  0.004610  0.013121  0.000000  0.017071  0.000001  0.000646  0.027125  0.000001  0.033916  0.000000  0.000982  0.009997  0.009043  0.000000  0.012686  0.036511  0.000000  0.018267  0.000000  0.003040  0.029723  0.000001  0.020904  0.000001  0.022999  0.000001  0.034150  0.003026  0.003480  0.000000  0.004309  0.019172  0.000000  0.009982  0.000000  0.001118  0.039553  0.000001  0.021346  0.000000  0.001800  0.000004  0.000165  0.000001  0.019036  0.006603  0.000000  0.001600  0.000000  0.000770  0.000003  0.000166  0.000000  0.008596  0.013037  0.000003  0.000000  0.004478  0.000825  0.000000  0.000430  0.000000  0.013849  0.004964  0.000050  0.000000  0.001999  0.006047  0.006733  0.000001  0.013619  0.010414  0.000001  0.004016  0.000000  0.001476  0.002318  0.003377  0.000001  0.006039  0.121890  0.001256  0.000000  0.001200  0.018597  0.000001  0.009553  0.000001  0.000973  0.065872  0.000763  0.000000  0.000711
100 0.014535  0.010837  0.000000  0.012324  0.013438  0.000000  0.016957  0.000000  0.001389  0.009933  0.000000  0.040917  0.000000  0.040465  0.000000  0.009881  0.004460  0.004237  0.000000  0.004571  0.005984  0.000000  0.007492  0.000000  0.000348  0.000138  0.000000  0.000172  0.000000  0.000000  0.008343  0.008860  0.000000  0.012133  0.018837  0.000000  0.009468  0.000000  0.002096  0.021257  0.000000  0.013847  0.000000  0.016977  0.000000  0.023914  0.002523  0.003533  0.000000  0.004362  0.008458  0.000000  0.004486  0.000000  0.000610  0.000299  0.000000  0.000173  0.000000  0.000001  0.000000  0.000237  0.000000  0.012330  0.005308  0.000000  0.000223  0.000000  0.000009  0.000002  0.000076  0.000000  0.004352  0.008584  0.000052  0.000000  0.002924  0.000240  0.000000  0.000342  0.000000  0.012717  0.002642  0.000016  0.000000  0.001010  0.003890  0.002428  0.000000  0.007316  0.008604  0.000000  0.005255  0.000000  0.001862  0.001277  0.000981  0.000000  0.002452  0.108364  0.000143  0.000000  0.000135  0.000228  0.000000  0.006284  0.000000  0.000932  0.058998  0.000061  0.000000  0.000058
101 0.007422  0.002068  0.000000  0.004732  0.002375  0.000001  0.041667  0.000006  0.018059  0.009826  0.000002  0.006846  0.000002  0.042450  0.000004  0.017705  0.002939  0.000598  0.000000  0.002239  0.002071  0.000001  0.024359  0.000004  0.010286  0.014282  0.000005  0.066536  0.000012  0.023491  0.005553  0.003125  0.000000  0.006809  0.034154  0.000007  0.013834  0.000007  0.015831  0.028859  0.000000  0.002398  0.000001  0.009789  0.000000  0.006350  0.002285  0.001500  0.000000  0.003275  0.020945  0.000004  0.009243  0.000004  0.009090  0.070589  0.000016  0.032201  0.000015  0.022656  0.000147  0.000610  0.000001  0.004740  0.007225  0.000001  0.002497  0.000001  0.000804  0.000000  0.000439  0.000001  0.002547  0.000079  0.016705  0.000001  0.001633  0.004222  0.000001  0.000371  0.000001  0.000467  0.000005  0.009182  0.000001  0.001104  0.006733  0.006751  0.000001  0.007682  0.014439  0.000000  0.008147  0.000001  0.002837  0.003206  0.003911  0.000001  0.004187  0.001256  0.032100  0.000002  0.014333  0.000021  0.000003  0.007720  0.000001  0.004658  0.000609  0.029261  0.000001  0.009000
101 0.008925  0.001251  0.000000  0.009954  0.000986  0.000000  0.026943  0.000000  0.014705  0.012446  0.000000  0.020475  0.000000  0.062433  0.000000  0.018792  0.003267  0.000151  0.000000  0.004241  0.001044  0.000000  0.012650  0.000000  0.006404  0.000690  0.000000  0.001122  0.000000  0.000144  0.007209  0.008514  0.000000  0.013869  0.023114  0.000000  0.009314  0.000000  0.012859  0.046621  0.000000  0.015932  0.000000  0.024079  0.000000  0.000546  0.002693  0.003770  0.000000  0.005939  0.011580  0.000000  0.005321  0.000000  0.005685  0.002517  0.000000  0.001455  0.000000  0.000198  0.000237  0.000000  0.000000  0.004395  0.006940  0.000000  0.000016  0.000000  0.000527  0.000060  0.000011  0.000000  0.001785  0.000052  0.014912  0.000000  0.000158  0.008903  0.000000  0.000090  0.000000  0.000204  0.000015  0.006198  0.000000  0.000006  0.002428  0.005580  0.000000  0.006691  0.014205  0.000000  0.003219  0.000000  0.004139  0.001013  0.002479  0.000000  0.002966  0.000143  0.286900  0.000000  0.000082  0.000732  0.000000  0.000610  0.000000  0.000072  0.000050  0.193924  0.000000  0.000137
102 0.000000  0.000000  0.008109  0.000000  0.000001  0.047760  0.000000  0.048204  0.000002  0.000002  0.048542  0.000003  0.033614  0.000002  0.001402  0.000002  0.000000  0.000000  0.004157  0.000000  0.000000  0.029801  0.000000  0.029956  0.000001  0.000003  0.097800  0.000002  0.095589  0.000004  0.000000  0.000001  0.002933  0.000000  0.000001  0.014585  0.000001  0.015764  0.000001  0.000002  0.028687  0.000001  0.019697  0.000001  0.002191  0.000002  0.000000  0.000000  0.001333  0.000000  0.000000  0.008660  0.000001  0.009187  0.000001  0.000003  0.020717  0.000002  0.021803  0.000006  0.000001  0.000001  0.000008  0.000000  0.000002  0.002520  0.000000  0.010960  0.000001  0.000000  0.000001  0.000009  0.000000  0.000001  0.000001  0.005653  0.000001  0.000002  0.001188  0.000000  0.004061  0.000001  0.000001  0.000001  0.003335  0.000001  0.000001  0.000001  0.001810  0.000002  0.000000  0.001429  0.000001  0.000404  0.000001  0.000001  0.000001  0.001592  0.000001  0.000000  0.000002  0.035466  0.000002  0.000001  0.013168  0.000001  0.012041  0.000000  0.000000  0.000001  0.030328  0.000001
102 0.000000  0.000000  0.019434  0.000000  0.000000  0.032259  0.000000  0.032690  0.000000  0.000000  0.077637  0.000000  0.037078  0.000000  0.000654  0.000000  0.000000  0.000000  0.008790  0.000000  0.000000  0.016335  0.000000  0.016473  0.000000  0.000000  0.002490  0.000000  0.002490  0.000000  0.000000  0.000000  0.005039  0.000000  0.000000  0.010159  0.000000  0.011248  0.000000  0.000000  0.032408  0.000000  0.027459  0.000000  0.001122  0.000000  0.000000  0.000000  0.002102  0.000000  0.000000  0.004798  0.000000  0.005165  0.000000  0.000000  0.000199  0.000000  0.000198  0.000000  0.000000  0.000000  0.000000  0.000000  0.000000  0.000492  0.000000  0.013608  0.000000  0.000000  0.000000  0.000011  0.000000  0.000000  0.000000  0.004876  0.000000  0.000000  0.000076  0.000000  0.003039  0.000000  0.000000  0.000000  0.002144  0.000000  0.000000  0.000000  0.002284  0.000000  0.000000  0.004086  0.000000  0.005918  0.000000  0.000000  0.000000  0.001110  0.000000  0.000000  0.000000  0.279618  0.000000  0.000000  0.000940  0.000000  0.000943  0.000000  0.000000  0.000000  0.191223  0.000000
103 0.009262  0.004638  0.000000  0.005194  0.000403  0.000002  0.040780  0.000003  0.017226  0.011875  0.000000  0.041114  0.000004  0.008212  0.000005  0.011738  0.003398  0.002124  0.000000  0.001664  0.001137  0.000001  0.023925  0.000002  0.009817  0.010999  0.000006  0.066428  0.000006  0.023104  0.008924  0.006473  0.000000  0.000299  0.028016  0.000005  0.017323  0.000009  0.015638  0.001104  0.000002  0.011056  0.000000  0.003384  0.000001  0.027607  0.003161  0.002960  0.000000  0.000736  0.017977  0.000003  0.011103  0.000005  0.008753  0.060322  0.000009  0.037147  0.000020  0.019606  0.019075  0.004456  0.000000  0.000074  0.000499  0.000001  0.004993  0.000003  0.009981  0.008968  0.002282  0.000000  0.000066  0.004465  0.001162  0.000001  0.005082  0.001459  0.000002  0.000634  0.000000  0.008732  0.002093  0.000836  0.000001  0.001965  0.013619  0.007681  0.000002  0.004322  0.012109  0.000000  0.009633  0.000000  0.004782  0.006097  0.004176  0.000001  0.002967  0.001200  0.014333  0.000002  0.029259  0.001123  0.000001  0.009574  0.000001  0.002814  0.000547  0.009064  0.000001  0.028204
103 0.010341  0.009941  0.000000  0.003372  0.000163  0.000000  0.026190  0.000000  0.013765  0.015504  0.000000  0.062393  0.000000  0.020735  0.000000  0.013805  0.003556  0.004240  0.000000  0.000667  0.000797  0.000000  0.012416  0.000000  0.006108  0.000690  0.000000  0.001122  0.000000  0.000144  0.010288  0.013851  0.000000  0.005323  0.018758  0.000000  0.012473  0.000000  0.012773  0.009889  0.000000  0.024007  0.000000  0.012563  0.000000  0.049198  0.003406  0.005938  0.000000  0.002865  0.010091  0.000000  0.006451  0.000000  0.005576  0.002519  0.000000  0.001454  0.000000  0.000198  0.012329  0.004395  0.000000  0.000000  0.000026  0.000000  0.004660  0.000000  0.012944  0.004267  0.001784  0.000000  0.000011  0.002924  0.000158  0.000000  0.004013  0.000324  0.000000  0.000384  0.000000  0.007561  0.000989  0.000041  0.000000  0.001291  0.007316  0.006691  0.000000  0.002678  0.005481  0.000000  0.008076  0.000000  0.006289  0.002450  0.002963  0.000000  0.001497  0.000135  0.000082  0.000000  0.288288  0.000695  0.000000  0.000543  0.000000  0.000063  0.000047  0.000125  0.000000  0.194261
104 0.002594  0.010154  0.000004  0.005478  0.003519  0.000012  0.032712  0.000012  0.000961  0.013839  0.000003  0.095520  0.000014  0.084060  0.000043  0.007468  0.001118  0.005459  0.000002  0.002909  0.001035  0.000007  0.025175  0.000008  0.000329  0.025658  0.000036  0.193543  0.000002  0.010418  0.007390  0.023770  0.000000  0.019049  0.009754  0.000001  0.000348  0.000002  0.001283  0.076317  0.000001  0.082331  0.000011  0.093697  0.000011  0.099111  0.002932  0.012111  0.000000  0.009378  0.010302  0.000001  0.002626  0.000001  0.000024  0.178942  0.000051  0.093641  0.000004  0.007495  0.006590  0.007197  0.000004  0.000400  0.000024  0.000004  0.010255  0.000005  0.004450  0.003964  0.005325  0.000003  0.001291  0.000833  0.004466  0.000002  0.001540  0.004361  0.000012  0.000044  0.000032  0.017467  0.000342  0.002956  0.000001  0.001452  0.010417  0.014450  0.000000  0.012110  0.001390  0.000025  0.000919  0.000021  0.033716  0.006175  0.008521  0.000000  0.007567  0.018597  0.000021  0.000001  0.001123  2.202989  0.000001  0.030405  0.000024  0.014624  0.010881  0.000277  0.000000  0.000904
104 0.009555  0.000081  0.000000  0.000733  0.004519  0.000000  0.051917  0.000000  0.001643  0.012340  0.000000  0.042460  0.000000  0.042108  0.000000  0.016455  0.004092  0.000592  0.000000  0.000357  0.002469  0.000000  0.027907  0.000000  0.000521  0.003855  0.000000  0.008660  0.000000  0.000000  0.013110  0.019303  0.000000  0.015048  0.042734  0.000000  0.017119  0.000000  0.005296  0.056509  0.000000  0.027637  0.000000  0.022513  0.000000  0.058838  0.005658  0.009756  0.000000  0.008322  0.025840  0.000000  0.011575  0.000000  0.001940  0.024866  0.000000  0.014259  0.000000  0.000002  0.005308  0.006940  0.000000  0.000026  0.000000  0.000000  0.005593  0.000000  0.016072  0.002176  0.002849  0.000000  0.000162  0.000240  0.008903  0.000000  0.000324  0.014450  0.000000  0.000291  0.000000  0.000838  0.000007  0.004093  0.000000  0.000117  0.008604  0.014205  0.000000  0.005481  0.022644  0.000000  0.011257  0.000000  0.006176  0.003794  0.006532  0.000000  0.003073  0.000228  0.000732  0.000000  0.000695  0.601133  0.000000  0.000880  0.000000  0.000064  0.000150  0.000407  0.000000  0.000405
105 0.000002  0.000005  0.033572  0.000000  0.000005  0.001378  0.000004  0.020090  0.000008  0.000056  0.119245  0.000029  0.018548  0.000005  0.024003  0.000080  0.000001  0.000003  0.016226  0.000000  0.000003  0.001152  0.000003  0.018984  0.000005  0.000054  0.117738  0.000048  0.190279  0.000010  0.000002  0.000002  0.006639  0.000003  0.000002  0.008284  0.000006  0.014735  0.000010  0.000002  0.072805  0.000004  0.049694  0.000011  0.049088  0.000004  0.000001  0.000001  0.002829  0.000002  0.000002  0.008129  0.000004  0.011517  0.000008  0.000074  0.062014  0.000079  0.067593  0.000137  0.000000  0.000001  0.002489  0.000001  0.000012  0.000095  0.000004  0.012620  0.000050  0.000000  0.000001  0.000716  0.000000  0.000000  0.000002  0.001125  0.000002  0.000033  0.030405  0.000007  0.012898  0.000077  0.000001  0.000001  0.001455  0.000001  0.000001  0.000000  0.001434  0.000001  0.000026  0.011295  0.000033  0.033523  0.000045  0.000001  0.000001  0.003333  0.000001  0.000001  0.000003  0.013168  0.000001  0.000001  2.233543  0.000046  0.049281  0.000021  0.000001  0.000003  0.009138  0.000000
105 0.000000  0.000000  0.027424  0.000000  0.000000  0.015153  0.000000  0.056330  0.000000  0.000000  0.045761  0.000000  0.013502  0.000000  0.092213  0.000000  0.000000  0.000000  0.014212  0.000000  0.000000  0.010300  0.000000  0.032342  0.000000  0.000000  0.014178  0.000000  0.017535  0.000000  0.000000  0.000000  0.009359  0.000000  0.000000  0.016675  0.000000  0.024746  0.000000  0.000000  0.060540  0.000000  0.045774  0.000000  0.026860  0.000000  0.000000  0.000000  0.004507  0.000000  0.000000  0.009101  0.000000  0.013154  0.000000  0.000000  0.002155  0.000000  0.002326  0.000000  0.000000  0.000000  0.000492  0.000000  0.000000  0.000000  0.000000  0.009242  0.000000  0.000000  0.000000  0.000286  0.000000  0.000000  0.000000  0.000076  0.000000  0.000000  0.035957  0.000000  0.000978  0.000000  0.000000  0.000000  0.000067  0.000000  0.000000  0.000000  0.004086  0.000000  0.000000  0.009210  0.000000  0.010401  0.000000  0.000000  0.000000  0.002243  0.000000  0.000000  0.000000  0.000940  0.000000  0.000000  0.592219  0.000000  0.002400  0.000000  0.000000  0.000000  0.000519  0.000000
106 0.005240  0.013769  0.000005  0.015476  0.024710  0.000008  0.028479  0.000003  0.001159  0.028025  0.000005  0.066290  0.000037  0.047898  0.000010  0.031062  0.001685  0.005920  0.000003  0.007030  0.021096  0.000006  0.022278  0.000003  0.000742  0.165464  0.000041  0.098772  0.000014  0.006967  0.004707  0.017137  0.000001  0.018503  0.000016  0.000001  0.007117  0.000003  0.000485  0.059544  0.000020  0.039729  0.000000  0.028703  0.000041  0.063771  0.001577  0.008511  0.000000  0.009389  0.002660  0.000001  0.005904  0.000003  0.000087  0.092824  0.000069  0.040889  0.000046  0.001533  0.001610  0.002347  0.000000  0.004955  0.010273  0.000005  0.000009  0.000052  0.014833  0.000351  0.002026  0.000001  0.003249  0.000431  0.000475  0.000001  0.000771  0.000285  0.000021  0.002612  0.000035  0.003610  0.000418  0.002038  0.000001  0.000695  0.004026  0.008236  0.000001  0.009558  0.001635  0.000032  0.015519  0.000034  0.016593  0.003330  0.005604  0.000001  0.006725  0.009553  0.007720  0.000001  0.009574  0.030405  0.000046  2.206633  0.000015  0.005996  0.005858  0.006079  0.000001  0.007865
106 0.012132  0.024331  0.000000  0.023624  0.051972  0.000000  0.037079  0.000000  0.000523  0.056146  0.000000  0.003465  0.000000  0.005395  0.000000  0.056087  0.005149  0.011544  0.000000  0.011322  0.027936  0.000000  0.018217  0.000000  0.000185  0.008660  0.000000  0.003877  0.000000  0.000000  0.006234  0.007175  0.000000  0.010299  0.016954  0.000000  0.021717  0.000000  0.001995  0.010319  0.000000  0.040795  0.000000  0.047679  0.000000  0.013067  0.002933  0.004311  0.000000  0.005406  0.011544  0.000000  0.012074  0.000000  0.000833  0.014259  0.000000  0.008401  0.000000  0.000001  0.000223  0.000016  0.000000  0.004660  0.005593  0.000000  0.000000  0.000000  0.001190  0.000002  0.000001  0.000000  0.001811  0.000342  0.000090  0.000000  0.000384  0.000291  0.000000  0.019312  0.000000  0.012478  0.000210  0.000161  0.000000  0.000243  0.005255  0.003219  0.000000  0.008076  0.011257  0.000000  0.006809  0.000000  0.001934  0.002364  0.001898  0.000000  0.003927  0.006284  0.000610  0.000000  0.000543  0.000880  0.000000  0.617373  0.000000  0.000909  0.002305  0.000444  0.000000  0.000434
107 0.000000  0.000005  0.035236  0.000011  0.000001  0.019780  0.000001  0.000607  0.000004  0.000029  0.128929  0.000023  0.036396  0.000028  0.001748  0.000072  0.000000  0.000002  0.017499  0.000007  0.000000  0.018176  0.000001  0.001255  0.000003  0.000025  0.183504  0.000000  0.086706  0.000031  0.000001  0.000004  0.001524  0.000004  0.000003  0.014582  0.000001  0.008064  0.000011  0.000006  0.046317  0.000007  0.034662  0.000009  0.012135  0.000007  0.000001  0.000002  0.000057  0.000002  0.000002  0.012206  0.000001  0.008220  0.000010  0.000031  0.106842  0.000102  0.088531  0.000107  0.000000  0.000000  0.010910  0.000001  0.000025  0.012348  0.000040  0.000118  0.000051  0.000000  0.000000  0.008441  0.000002  0.000000  0.000003  0.003995  0.000001  0.000034  0.012755  0.000032  0.021115  0.000076  0.000000  0.000003  0.002928  0.000002  0.000000  0.000001  0.000399  0.000001  0.000019  0.033394  0.000032  0.003030  0.000058  0.000000  0.000001  0.002749  0.000000  0.000001  0.000001  0.012041  0.000001  0.000024  0.049281  0.000015  2.198762  0.000054  0.000000  0.000002  0.007598  0.000002
107 0.000000  0.000000  0.027843  0.000000  0.000000  0.056337  0.000000  0.014066  0.000000  0.000000  0.044858  0.000000  0.011152  0.000000  0.091061  0.000000  0.000000  0.000000  0.014343  0.000000  0.000000  0.032342  0.000000  0.009929  0.000000  0.000000  0.017535  0.000000  0.014179  0.000000  0.000000  0.000000  0.010399  0.000000  0.000000  0.024776  0.000000  0.014787  0.000000  0.000000  0.056077  0.000000  0.051684  0.000000  0.026251  0.000000  0.000000  0.000000  0.004856  0.000000  0.000000  0.013158  0.000000  0.008406  0.000000  0.000000  0.002326  0.000000  0.002156  0.000000  0.000000  0.000000  0.013608  0.000000  0.000000  0.009242  0.000000  0.000000  0.000000  0.000000  0.000000  0.006552  0.000000  0.000000  0.000000  0.003039  0.000000  0.000000  0.000978  0.000000  0.006164  0.000000  0.000000  0.000000  0.001480  0.000000  0.000000  0.000000  0.005918  0.000000  0.000000  0.010401  0.000000  0.007293  0.000000  0.000000  0.000000  0.002964  0.000000  0.000000  0.000000  0.000943  0.000000  0.000000  0.002400  0.000000  0.592597  0.000000  0.000000  0.000000  0.000520  0.000000
108 0.001378  0.004258  0.000003  0.003235  0.002599  0.000001  0.000506  0.000002  0.010472  0.059887  0.000005  0.005354  0.000024  0.006266  0.000050  0.041070  0.000975  0.001763  0.000002  0.001166  0.001466  0.000000  0.000134  0.000001  0.009724  0.003156  0.000011  0.026879  0.000014  0.063953  0.002602  0.001954  0.000001  0.002603  0.003692  0.000000  0.000500  0.000005  0.022687  0.000583  0.000003  0.012562  0.000005  0.033871  0.000018  0.048203  0.000940  0.000516  0.000001  0.000848  0.001485  0.000000  0.000525  0.000003  0.018654  0.025497  0.000000  0.001408  0.000039  0.129540  0.000773  0.000797  0.000002  0.009916  0.004414  0.000015  0.014883  0.000031  0.000139  0.000446  0.000280  0.000001  0.007638  0.013836  0.000495  0.000000  0.008696  0.017846  0.000034  0.004604  0.000043  0.023409  0.007776  0.001122  0.000000  0.006669  0.001468  0.002870  0.000001  0.004869  0.033786  0.000046  0.013913  0.000054  0.029204  0.000954  0.002188  0.000001  0.003467  0.000973  0.004658  0.000000  0.002814  0.014624  0.000021  0.005996  0.000054  2.189531  0.000586  0.003413  0.000000  0.002160
108 0.001299  0.013857  0.000000  0.012963  0.001711  0.000000  0.000513  0.000000  0.019258  0.010801  0.000000  0.076512  0.000000  0.075997  0.000000  0.006092  0.000290  0.006096  0.000000  0.005813  0.000533  0.000000  0.000183  0.000000  0.010839  0.000000  0.000000  0.000000  0.000000  0.002055  0.001914  0.012033  0.000000  0.011977  0.005346  0.000000  0.002028  0.000000  0.043571  0.076095  0.000000  0.017376  0.000000  0.017067  0.000000  0.070798  0.000503  0.005372  0.000000  0.005269  0.001952  0.000000  0.000839  0.000000  0.023047  0.000002  0.000000  0.000001  0.000000  0.004481  0.000009  0.000527  0.000000  0.012944  0.016072  0.000000  0.001190  0.000000  0.000000  0.000001  0.000322  0.000000  0.006406  0.012716  0.000204  0.000000  0.007561  0.000838  0.000000  0.012478  0.000000  0.010316  0.004986  0.000115  0.000000  0.003308  0.001862  0.004139  0.000000  0.006289  0.006176  0.000000  0.001934  0.000000  0.016532  0.000619  0.001888  0.000000  0.002566  0.000932  0.000072  0.000000  0.000063  0.000064  0.000000  0.000909  0.000000  0.600102  0.000221  0.000033  0.000000  0.000031
109 0.010548  0.007700  0.000000  0.008376  0.014677  0.000000  0.018688  0.000001  0.000793  0.009092  0.000001  0.034989  0.000000  0.035006  0.000000  0.008754  0.003341  0.003059  0.000000  0.003158  0.007594  0.000000  0.009565  0.000001  0.000179  0.013985  0.000001  0.017447  0.000002  0.000285  0.005892  0.006190  0.000000  0.007916  0.020997  0.000000  0.011016  0.000000  0.001437  0.018280  0.000000  0.012358  0.000000  0.014230  0.000000  0.020376  0.001836  0.002507  0.000000  0.002865  0.010949  0.000000  0.005970  0.000000  0.000464  0.020660  0.000000  0.011664  0.000000  0.000666  0.000001  0.000008  0.000000  0.008948  0.003971  0.000000  0.000346  0.000000  0.000446  0.000001  0.000032  0.000000  0.003498  0.004965  0.000047  0.000000  0.002102  0.000336  0.000000  0.000411  0.000000  0.007788  0.001397  0.000051  0.000000  0.000823  0.002318  0.003206  0.000001  0.006097  0.006181  0.000001  0.003326  0.000000  0.000945  0.000668  0.001496  0.000001  0.002371  0.065872  0.000609  0.000000  0.000547  0.010881  0.000001  0.005858  0.000000  0.000586  0.034959  0.000387  0.000000  0.000331
109 0.006074  0.005147  0.000000  0.005540  0.006568  0.000000  0.008219  0.000000  0.000394  0.005591  0.000000  0.022999  0.000000  0.022851  0.000000  0.005553  0.001760  0.001935  0.000000  0.001992  0.002792  0.000000  0.003478  0.000000  0.000068  0.001289  0.000000  0.001606  0.000000  0.000009  0.003438  0.004300  0.000000  0.005276  0.009243  0.000000  0.004887  0.000000  0.000688  0.012244  0.000000  0.008492  0.000000  0.009774  0.000000  0.013216  0.000985  0.001657  0.000000  0.001844  0.003977  0.000000  0.002200  0.000000  0.000159  0.001816  0.000000  0.001034  0.000000  0.000026  0.000002  0.000060  0.000000  0.004267  0.002176  0.000000  0.000002  0.000000  0.000002  0.000000  0.000023  0.000000  0.001236  0.002642  0.000015  0.000000  0.000989  0.000007  0.000000  0.000210  0.000000  0.004986  0.000621  0.000005  0.000000  0.000280  0.001277  0.001013  0.000000  0.002450  0.003794  0.000000  0.002364  0.000000  0.000619  0.000340  0.000351  0.000000  0.000667  0.058998  0.000050  0.000000  0.000047  0.000150  0.000000  0.002305  0.000000  0.000221  0.032768  0.000024  0.000000  0.000023
110 0.006297  0.001109  0.000000  0.005028  0.002139  0.000001  0.027847  0.000004  0.011883  0.009269  0.000002  0.007195  0.000002  0.036533  0.000003  0.014492  0.002562  0.000205  0.000000  0.002424  0.001840  0.000001  0.016056  0.000003  0.006520  0.011484  0.000004  0.038989  0.000009  0.011566  0.004935  0.003666  0.000000  0.007202  0.023708  0.000005  0.010541  0.000005  0.010494  0.025093  0.000000  0.002050  0.000001  0.009650  0.000001  0.003501  0.002068  0.001831  0.000000  0.003526  0.014481  0.000003  0.006985  0.000003  0.005817  0.046472  0.000011  0.022512  0.000009  0.012024  0.000154  0.000338  0.000001  0.002477  0.005347  0.000001  0.002119  0.000000  0.000281  0.000027  0.000247  0.000000  0.001083  0.000001  0.009191  0.000001  0.001141  0.002800  0.000001  0.002005  0.000001  0.001115  0.000024  0.004297  0.000001  0.000743  0.003377  0.003911  0.000001  0.004176  0.008512  0.000000  0.005527  0.000001  0.002140  0.001496  0.002051  0.000000  0.001933  0.000763  0.029261  0.000001  0.009064  0.000277  0.000003  0.006079  0.000002  0.003413  0.000387  0.026795  0.000001  0.005689
110 0.004603  0.000095  0.000000  0.005382  0.001069  0.000000  0.014242  0.000000  0.007287  0.008095  0.000000  0.014789  0.000000  0.039142  0.000000  0.009878  0.001617  0.000192  0.000000  0.002236  0.000824  0.000000  0.006391  0.000000  0.002989  0.000436  0.000000  0.002995  0.000000  0.001353  0.003806  0.004827  0.000000  0.007548  0.012874  0.000000  0.005865  0.000000  0.006457  0.030118  0.000000  0.011197  0.000000  0.016506  0.000000  0.003164  0.001370  0.002104  0.000000  0.003162  0.006244  0.000000  0.003163  0.000000  0.002694  0.002437  0.000000  0.001322  0.000000  0.001213  0.000076  0.000011  0.000000  0.001784  0.002849  0.000000  0.000001  0.000000  0.000322  0.000023  0.000000  0.000000  0.000628  0.000016  0.006198  0.000000  0.000041  0.004093  0.000000  0.000161  0.000000  0.000115  0.000005  0.002232  0.000000  0.000004  0.000981  0.002479  0.000000  0.002963  0.006532  0.000000  0.001898  0.000000  0.001888  0.000351  0.000994  0.000000  0.001184  0.000061  0.193924  0.000000  0.000125  0.000407  0.000000  0.000444  0.000000  0.000033  0.000024  0.132327  0.000000  0.000117
111 0.000000  0.000000  0.009658  0.000000  0.000000  0.033884  0.000000  0.034087  0.000002  0.000001  0.041942  0.000003  0.027590  0.000001  0.001161  0.000002  0.000000  0.000000  0.005010  0.000000  0.000000  0.020949  0.000000  0.020991  0.000001  0.000002  0.063011  0.000002  0.060900  0.000003  0.000000  0.000000  0.002907  0.000000  0.000000  0.010086  0.000001  0.010608  0.000001  0.000001  0.024346  0.000001  0.016842  0.000001  0.001415  0.000001  0.000000  0.000000  0.001343  0.000000  0.000000  0.005808  0.000000  0.005994  0.000001  0.000002  0.010740  0.000001  0.011385  0.000006  0.000000  0.000001  0.000017  0.000000  0.000002  0.000746  0.000000  0.008484  0.000001  0.000000  0.000001  0.000002  0.000000  0.000001  0.000001  0.003337  0.000001  0.000002  0.001519  0.000001  0.002984  0.000001  0.000000  0.000001  0.001762  0.000000  0.000001  0.000001  0.001592  0.000001  0.000000  0.003325  0.000001  0.002755  0.000001  0.000001  0.000000  0.001126  0.000001  0.000000  0.000001  0.030328  0.000001  0.000000  0.009138  0.000001  0.007598  0.000000  0.000000  0.000001  0.026536  0.000001
111 0.000000  0.000000  0.011233  0.000000  0.000000  0.018222  0.000000  0.018381  0.000000  0.000000  0.050450  0.000000  0.021485  0.000000  0.000256  0.000000  0.000000  0.000000  0.004958  0.000000  0.000000  0.008850  0.000000  0.008889  0.000000  0.000000  0.004260  0.000000  0.004267  0.000000  0.000000  0.000000  0.002633  0.000000  0.000000  0.005432  0.000000  0.005863  0.000000  0.000000  0.019581  0.000000  0.016154  0.000000  0.000474  0.000000  0.000000  0.000000  0.001049  0.000000  0.000000  0.002418  0.000000  0.002538  0.000000  0.000000  0.001163  0.000000  0.001185  0.000000  0.000000  0.000000  0.000011  0.000000  0.000000  0.000286  0.000000  0.006552  0.000000  0.000000  0.000000  0.000000  0.000000  0.000000  0.000000  0.002144  0.000000  0.000000  0.000067  0.000000  0.001480  0.000000  0.000000  0.000000  0.000833  0.000000  0.000000  0.000000  0.001110  0.000000  0.000000  0.002243  0.000000  0.002964  0.000000  0.000000  0.000000  0.000488  0.000000  0.000000  0.000000  0.191223  0.000000  0.000000  0.000519  0.000000  0.000520  0.000000  0.000000  0.000000  0.131536  0.000000
112 0.007104  0.004772  0.000000  0.002696  0.001206  0.000001  0.027355  0.000002  0.011384  0.010767  0.000001  0.036825  0.000003  0.007983  0.000003  0.011463  0.002729  0.002263  0.000000  0.000741  0.001423  0.000001  0.015833  0.000001  0.006253  0.009387  0.000007  0.039247  0.000005  0.011280  0.006592  0.006633  0.000000  0.002116  0.020262  0.000003  0.012728  0.000006  0.010135  0.000920  0.000002  0.011586  0.000000  0.002935  0.000001  0.024411  0.002462  0.003153  0.000000  0.001442  0.012936  0.000002  0.007974  0.000003  0.005492  0.040371  0.000005  0.023934  0.000013  0.009368  0.008622  0.002352  0.000000  0.000039  0.001225  0.000000  0.003270  0.000002  0.007682  0.003511  0.000949  0.000000  0.000037  0.001990  0.000815  0.000001  0.001971  0.001388  0.000002  0.000557  0.000001  0.006688  0.000817  0.000555  0.000000  0.000400  0.006039  0.004187  0.000001  0.002968  0.007563  0.000001  0.006791  0.000000  0.003386  0.002371  0.001932  0.000001  0.001884  0.000711  0.009000  0.000001  0.028204  0.000904  0.000000  0.007865  0.000002  0.002160  0.000331  0.005689  0.000001  0.026512
112 0.005002  0.005378  0.000000  0.000715  0.000782  0.000000  0.013974  0.000000  0.006934  0.008703  0.000000  0.039143  0.000000  0.014900  0.000000  0.008652  0.001672  0.002236  0.000000  0.000086  0.000758  0.000000  0.006328  0.000000  0.002904  0.000426  0.000000  0.002985  0.000000  0.001340  0.004789  0.007542  0.000000  0.003737  0.011159  0.000000  0.007165  0.000000  0.006327  0.007526  0.000000  0.016494  0.000000  0.009636  0.000000  0.031370  0.001546  0.003161  0.000000  0.001854  0.005751  0.000000  0.003554  0.000000  0.002627  0.002340  0.000000  0.001400  0.000000  0.001197  0.004352  0.001785  0.000000  0.000011  0.000162  0.000000  0.001811  0.000000  0.006406  0.001236  0.000628  0.000000  0.000000  0.001010  0.000006  0.000000  0.001291  0.000117  0.000000  0.000243  0.000000  0.003308  0.000280  0.000004  0.000000  0.000304  0.002452  0.002966  0.000000  0.001497  0.003073  0.000000  0.003927  0.000000  0.002566  0.000667  0.001184  0.000000  0.000734  0.000058  0.000137  0.000000  0.194261  0.000405  0.000000  0.000434  0.000000  0.000031  0.000023  0.000117  0.000000  0.132373
