        0.00000       -1.16082   1   1
        0.00000       -1.06894   1   2
        0.00000       -1.01425   1   3
        0.00000       -1.01425   1   4
        0.00000       -0.27123   1   5
        0.00000       -0.23886   1   6
        0.00000       -0.20751   1   7
        0.00000       -0.12323   1   8
        0.00000       -0.12323   1   9
        0.00000       -0.03080   1  10
        0.00000       -0.03080   1  11
        0.00000        0.01187   1  12
        0.00000        0.10640   1  13
        0.00000        0.12528   1  14
        0.00000        0.12528   1  15
        0.00000        0.16208   1  16
        0.00000        0.28748   1  17
        0.00000        0.30735   1  18
        0.00000        0.32878   1  19
        0.00000        0.33532   1  20
        0.00000        0.33532   1  21
        0.00000        0.48141   1  22
        0.00000        0.49260   1  23
        0.00000        0.64256   1  24
        0.00000        0.64256   1  25
        0.00000        0.71634   1  26
        0.00000        0.79626   1  27
        0.00000        1.03217   1  28
        0.00000        1.03217   1  29
        0.00000        1.35126   1  30
        0.00000        1.40687   1  31
        0.00000        1.50448   1  32
        0.00000        1.58625   1  33
        0.00000        1.62968   1  34
        0.00000        1.62968   1  35
        0.00000        1.70369   1  36
        0.00000        2.11181   1  37
        0.00000        2.11866   1  38
        0.00000        2.11866   1  39
        0.00000        2.14279   1  40
        0.00000        2.14279   1  41
        0.00000        2.28019   1  42
        0.00000        2.29078   1  43
        0.00000        2.39049   1  44
        0.00000        2.74885   1  45
        0.00000        2.74885   1  46
        0.00000        2.75198   1  47
        0.00000        3.19320   1  48
        0.00000        3.21858   1  49
        0.00000        3.25774   1  50
        0.00000        3.25774   1  51
        0.00000        3.36470   1  52
        0.00000        3.36470   1  53
        0.00000        4.11861   1  54
        0.01553       -1.15943   1   1
        0.01553       -1.06897   1   2
        0.01553       -1.01574   1   3
        0.01553       -1.01479   1   4
        0.01553       -0.26860   1   5
        0.01553       -0.23726   1   6
        0.01553       -0.20505   1   7
        0.01553       -0.12307   1   8
        0.01553       -0.12295   1   9
        0.01553       -0.03341   1  10
        0.01553       -0.03144   1  11
        0.01553        0.01199   1  12
        0.01553        0.10373   1  13
        0.01553        0.11782   1  14
        0.01553        0.12170   1  15
        0.01553        0.16084   1  16
        0.01553        0.28980   1  17
        0.01553        0.31061   1  18
        0.01553        0.33183   1  19
        0.01553        0.33696   1  20
        0.01553        0.33771   1  21
        0.01553        0.48413   1  22
        0.01553        0.49068   1  23
        0.01553        0.64117   1  24
        0.01553        0.64150   1  25
        0.01553        0.71392   1  26
        0.01553        0.81212   1  27
        0.01553        1.03410   1  28
        0.01553        1.03574   1  29
        0.01553        1.34954   1  30
        0.01553        1.41931   1  31
        0.01553        1.50389   1  32
        0.01553        1.59432   1  33
        0.01553        1.62826   1  34
        0.01553        1.63022   1  35
        0.01553        1.70753   1  36
        0.01553        2.06536   1  37
        0.01553        2.11128   1  38
        0.01553        2.12603   1  39
        0.01553        2.15238   1  40
        0.01553        2.18871   1  41
        0.01553        2.26917   1  42
        0.01553        2.28496   1  43
        0.01553        2.38986   1  44
        0.01553        2.73812   1  45
        0.01553        2.75749   1  46
        0.01553        2.77117   1  47
        0.01553        3.14799   1  48
        0.01553        3.21830   1  49
        0.01553        3.24772   1  50
        0.01553        3.26837   1  51
        0.01553        3.36188   1  52
        0.01553        3.41685   1  53
        0.01553        4.10643   1  54
        0.03106       -1.15528   1   1
        0.03106       -1.06930   1   2
        0.03106       -1.01983   1   3
        0.03106       -1.01631   1   4
        0.03106       -0.26114   1   5
        0.03106       -0.23275   1   6
        0.03106       -0.19766   1   7
        0.03106       -0.12261   1   8
        0.03106       -0.12213   1   9
        0.03106       -0.04054   1  10
        0.03106       -0.03357   1  11
        0.03106        0.01245   1  12
        0.03106        0.09633   1  13
        0.03106        0.09753   1  14
        0.03106        0.11293   1  15
        0.03106        0.15661   1  16
        0.03106        0.29604   1  17
        0.03106        0.31861   1  18
        0.03106        0.34029   1  19
        0.03106        0.34149   1  20
        0.03106        0.34417   1  21
        0.03106        0.48423   1  22
        0.03106        0.49311   1  23
        0.03106        0.63719   1  24
        0.03106        0.63845   1  25
        0.03106        0.70655   1  26
        0.03106        0.86189   1  27
        0.03106        1.03954   1  28
        0.03106        1.04641   1  29
        0.03106        1.34684   1  30
        0.03106        1.47523   1  31
        0.03106        1.50437   1  32
        0.03106        1.61739   1  33
        0.03106        1.62128   1  34
        0.03106        1.62699   1  35
        0.03106        1.71849   1  36
        0.03106        2.03064   1  37
        0.03106        2.08606   1  38
        0.03106        2.09345   1  39
        0.03106        2.16656   1  40
        0.03106        2.22513   1  41
        0.03106        2.28781   1  42
        0.03106        2.29146   1  43
        0.03106        2.38350   1  44
        0.03106        2.69295   1  45
        0.03106        2.76325   1  46
        0.03106        2.82278   1  47
        0.03106        2.99230   1  48
        0.03106        3.18855   1  49
        0.03106        3.22050   1  50
        0.03106        3.26430   1  51
        0.03106        3.34640   1  52
        0.03106        3.48913   1  53
        0.03106        4.06639   1  54
        0.04659       -1.14857   1   1
        0.04659       -1.07059   1   2
        0.04659       -1.02543   1   3
        0.04659       -1.01871   1   4
        0.04659       -0.25008   1   5
        0.04659       -0.22586   1   6
        0.04659       -0.18482   1   7
        0.04659       -0.12190   1   8
        0.04659       -0.12101   1   9
        0.04659       -0.05077   1  10
        0.04659       -0.03807   1  11
        0.04659        0.01366   1  12
        0.04659        0.06857   1  13
        0.04659        0.08551   1  14
        0.04659        0.10318   1  15
        0.04659        0.14921   1  16
        0.04659        0.30474   1  17
        0.04659        0.32777   1  18
        0.04659        0.34820   1  19
        0.04659        0.35245   1  20
        0.04659        0.35306   1  21
        0.04659        0.47470   1  22
        0.04659        0.50747   1  23
        0.04659        0.63144   1  24
        0.04659        0.63377   1  25
        0.04659        0.69424   1  26
        0.04659        0.92644   1  27
        0.04659        1.04797   1  28
        0.04659        1.06429   1  29
        0.04659        1.33965   1  30
        0.04659        1.50766   1  31
        0.04659        1.57380   1  32
        0.04659        1.61194   1  33
        0.04659        1.64113   1  34
        0.04659        1.66160   1  35
        0.04659        1.73630   1  36
        0.04659        2.00912   1  37
        0.04659        2.03780   1  38
        0.04659        2.06087   1  39
        0.04659        2.17957   1  40
        0.04659        2.19712   1  41
        0.04659        2.25950   1  42
        0.04659        2.37366   1  43
        0.04659        2.40028   1  44
        0.04659        2.58744   1  45
        0.04659        2.69318   1  46
        0.04659        2.84751   1  47
        0.04659        2.88657   1  48
        0.04659        3.12605   1  49
        0.04659        3.18201   1  50
        0.04659        3.23896   1  51
        0.04659        3.32201   1  52
        0.04659        3.53899   1  53
        0.04659        4.00036   1  54
        0.06211       -1.13961   1   1
        0.06211       -1.07407   1   2
        0.06211       -1.03066   1   3
        0.06211       -1.02182   1   4
        0.06211       -0.23721   1   5
        0.06211       -0.21763   1   6
        0.06211       -0.16598   1   7
        0.06211       -0.12098   1   8
        0.06211       -0.11992   1   9
        0.06211       -0.06213   1  10
        0.06211       -0.04569   1  11
        0.06211        0.01624   1  12
        0.06211        0.03448   1  13
        0.06211        0.07279   1  14
        0.06211        0.09643   1  15
        0.06211        0.13935   1  16
        0.06211        0.31433   1  17
        0.06211        0.33512   1  18
        0.06211        0.35626   1  19
        0.06211        0.36241   1  20
        0.06211        0.36690   1  21
        0.06211        0.46241   1  22
        0.06211        0.52742   1  23
        0.06211        0.62515   1  24
        0.06211        0.62815   1  25
        0.06211        0.67725   1  26
        0.06211        0.97695   1  27
        0.06211        1.05948   1  28
        0.06211        1.08885   1  29
        0.06211        1.32169   1  30
        0.06211        1.51098   1  31
        0.06211        1.58397   1  32
        0.06211        1.62131   1  33
        0.06211        1.73206   1  34
        0.06211        1.76098   1  35
        0.06211        1.76685   1  36
        0.06211        1.98855   1  37
        0.06211        1.99565   1  38
        0.06211        2.01348   1  39
        0.06211        2.14817   1  40
        0.06211        2.17969   1  41
        0.06211        2.26713   1  42
        0.06211        2.35817   1  43
        0.06211        2.48049   1  44
        0.06211        2.49292   1  45
        0.06211        2.61346   1  46
        0.06211        2.86621   1  47
        0.06211        2.94345   1  48
        0.06211        3.09189   1  49
        0.06211        3.12997   1  50
        0.06211        3.24135   1  51
        0.06211        3.30029   1  52
        0.06211        3.61034   1  53
        0.06211        3.91603   1  54
        0.07764       -1.12872   1   1
        0.07764       -1.08112   1   2
        0.07764       -1.03354   1   3
        0.07764       -1.02526   1   4
        0.07764       -0.22448   1   5
        0.07764       -0.21021   1   6
        0.07764       -0.14136   1   7
        0.07764       -0.12003   1   8
        0.07764       -0.11903   1   9
        0.07764       -0.07167   1  10
        0.07764       -0.05572   1  11
        0.07764       -0.00239   1  12
        0.07764        0.02066   1  13
        0.07764        0.05967   1  14
        0.07764        0.09486   1  15
        0.07764        0.12811   1  16
        0.07764        0.32342   1  17
        0.07764        0.33912   1  18
        0.07764        0.36442   1  19
        0.07764        0.37005   1  20
        0.07764        0.38279   1  21
        0.07764        0.44829   1  22
        0.07764        0.55152   1  23
        0.07764        0.61953   1  24
        0.07764        0.62255   1  25
        0.07764        0.65614   1  26
        0.07764        1.01512   1  27
        0.07764        1.07091   1  28
        0.07764        1.12051   1  29
        0.07764        1.29707   1  30
        0.07764        1.51219   1  31
        0.07764        1.56776   1  32
        0.07764        1.67557   1  33
        0.07764        1.78872   1  34
        0.07764        1.81469   1  35
        0.07764        1.84024   1  36
        0.07764        1.94123   1  37
        0.07764        1.99067   1  38
        0.07764        2.00049   1  39
        0.07764        2.11025   1  40
        0.07764        2.17240   1  41
        0.07764        2.32291   1  42
        0.07764        2.32809   1  43
        0.07764        2.45951   1  44
        0.07764        2.55840   1  45
        0.07764        2.61903   1  46
        0.07764        2.95589   1  47
        0.07764        2.96708   1  48
        0.07764        3.09478   1  49
        0.07764        3.10105   1  50
        0.07764        3.26033   1  51
        0.07764        3.26646   1  52
        0.07764        3.64490   1  53
        0.07764        3.80614   1  54
        0.09317       -1.11650   1   1
        0.09317       -1.09151   1   2
        0.09317       -1.03365   1   3
        0.09317       -1.02869   1   4
        0.09317       -0.21376   1   5
        0.09317       -0.20605   1   6
        0.09317       -0.11925   1   7
        0.09317       -0.11858   1   8
        0.09317       -0.11186   1   9
        0.09317       -0.07684   1  10
        0.09317       -0.06587   1  11
        0.09317       -0.03964   1  12
        0.09317        0.02725   1  13
        0.09317        0.04722   1  14
        0.09317        0.09851   1  15
        0.09317        0.11661   1  16
        0.09317        0.33106   1  17
        0.09317        0.33948   1  18
        0.09317        0.37098   1  19
        0.09317        0.37431   1  20
        0.09317        0.39940   1  21
        0.09317        0.43275   1  22
        0.09317        0.57803   1  23
        0.09317        0.61586   1  24
        0.09317        0.61790   1  25
        0.09317        0.63179   1  26
        0.09317        1.04823   1  27
        0.09317        1.07647   1  28
        0.09317        1.16414   1  29
        0.09317        1.26601   1  30
        0.09317        1.52011   1  31
        0.09317        1.54978   1  32
        0.09317        1.75372   1  33
        0.09317        1.82230   1  34
        0.09317        1.83480   1  35
        0.09317        1.89007   1  36
        0.09317        1.89740   1  37
        0.09317        1.99229   1  38
        0.09317        2.00172   1  39
        0.09317        2.04622   1  40
        0.09317        2.25139   1  41
        0.09317        2.32709   1  42
        0.09317        2.34570   1  43
        0.09317        2.48169   1  44
        0.09317        2.56326   1  45
        0.09317        2.57986   1  46
        0.09317        2.99832   1  47
        0.09317        3.06981   1  48
        0.09317        3.10158   1  49
        0.09317        3.11116   1  50
        0.09317        3.19043   1  51
        0.09317        3.26026   1  52
        0.09317        3.58286   1  53
        0.09317        3.67345   1  54
        0.10870       -1.10375   1   1
        0.10870       -1.10375   1   2
        0.10870       -1.03173   1   3
        0.10870       -1.03173   1   4
        0.10870       -0.20706   1   5
        0.10870       -0.20706   1   6
        0.10870       -0.11871   1   7
        0.10870       -0.11871   1   8
        0.10870       -0.08197   1   9
        0.10870       -0.08197   1  10
        0.10870       -0.06944   1  11
        0.10870       -0.06944   1  12
        0.10870        0.03619   1  13
        0.10870        0.03619   1  14
        0.10870        0.10623   1  15
        0.10870        0.10623   1  16
        0.10870        0.33661   1  17
        0.10870        0.33661   1  18
        0.10870        0.37455   1  19
        0.10870        0.37455   1  20
        0.10870        0.41624   1  21
        0.10870        0.41624   1  22
        0.10870        0.60530   1  23
        0.10870        0.60530   1  24
        0.10870        0.61531   1  25
        0.10870        0.61531   1  26
        0.10870        1.07026   1  27
        0.10870        1.07026   1  28
        0.10870        1.21852   1  29
        0.10870        1.21852   1  30
        0.10870        1.53367   1  31
        0.10870        1.53367   1  32
        0.10870        1.81015   1  33
        0.10870        1.81016   1  34
        0.10870        1.85861   1  35
        0.10870        1.85861   1  36
        0.10870        1.96620   1  37
        0.10870        1.96621   1  38
        0.10870        1.99477   1  39
        0.10870        1.99477   1  40
        0.10870        2.30760   1  41
        0.10870        2.30761   1  42
        0.10870        2.43053   1  43
        0.10870        2.43054   1  44
        0.10870        2.54458   1  45
        0.10870        2.54458   1  46
        0.10870        3.05886   1  47
        0.10870        3.05887   1  48
        0.10870        3.12957   1  49
        0.10870        3.12958   1  50
        0.10870        3.18711   1  51
        0.10870        3.18712   1  52
        0.10870        3.57522   1  53
        0.10870        3.57522   1  54
        0.10870       -1.10375   1   1
        0.10870       -1.10375   1   2
        0.10870       -1.03173   1   3
        0.10870       -1.03173   1   4
        0.10870       -0.20706   1   5
        0.10870       -0.20706   1   6
        0.10870       -0.11871   1   7
        0.10870       -0.11871   1   8
        0.10870       -0.08197   1   9
        0.10870       -0.08197   1  10
        0.10870       -0.06944   1  11
        0.10870       -0.06944   1  12
        0.10870        0.03619   1  13
        0.10870        0.03619   1  14
        0.10870        0.10623   1  15
        0.10870        0.10623   1  16
        0.10870        0.33661   1  17
        0.10870        0.33661   1  18
        0.10870        0.37455   1  19
        0.10870        0.37455   1  20
        0.10870        0.41624   1  21
        0.10870        0.41624   1  22
        0.10870        0.60530   1  23
        0.10870        0.60530   1  24
        0.10870        0.61531   1  25
        0.10870        0.61531   1  26
        0.10870        1.07026   1  27
        0.10870        1.07026   1  28
        0.10870        1.21852   1  29
        0.10870        1.21852   1  30
        0.10870        1.53367   1  31
        0.10870        1.53367   1  32
        0.10870        1.81015   1  33
        0.10870        1.81016   1  34
        0.10870        1.85861   1  35
        0.10870        1.85861   1  36
        0.10870        1.96620   1  37
        0.10870        1.96621   1  38
        0.10870        1.99477   1  39
        0.10870        1.99477   1  40
        0.10870        2.30760   1  41
        0.10870        2.30761   1  42
        0.10870        2.43053   1  43
        0.10870        2.43054   1  44
        0.10870        2.54458   1  45
        0.10870        2.54458   1  46
        0.10870        3.05886   1  47
        0.10870        3.05887   1  48
        0.10870        3.12957   1  49
        0.10870        3.12958   1  50
        0.10870        3.18711   1  51
        0.10870        3.18712   1  52
        0.10870        3.57522   1  53
        0.10870        3.57522   1  54
        0.12423       -1.10403   1   1
        0.12423       -1.10403   1   2
        0.12423       -1.03133   1   3
        0.12423       -1.03133   1   4
        0.12423       -0.20991   1   5
        0.12423       -0.20991   1   6
        0.12423       -0.11925   1   7
        0.12423       -0.11925   1   8
        0.12423       -0.08767   1   9
        0.12423       -0.08767   1  10
        0.12423       -0.05757   1  11
        0.12423       -0.05757   1  12
        0.12423        0.03747   1  13
        0.12423        0.03747   1  14
        0.12423        0.10340   1  15
        0.12423        0.10340   1  16
        0.12423        0.33497   1  17
        0.12423        0.33497   1  18
        0.12423        0.37271   1  19
        0.12423        0.37271   1  20
        0.12423        0.41750   1  21
        0.12423        0.41750   1  22
        0.12423        0.60412   1  23
        0.12423        0.60412   1  24
        0.12423        0.61685   1  25
        0.12423        0.61685   1  26
        0.12423        1.07402   1  27
        0.12423        1.07402   1  28
        0.12423        1.21827   1  29
        0.12423        1.21827   1  30
        0.12423        1.52923   1  31
        0.12423        1.52923   1  32
        0.12423        1.80074   1  33
        0.12423        1.80075   1  34
        0.12423        1.85895   1  35
        0.12423        1.85895   1  36
        0.12423        1.96290   1  37
        0.12423        1.96290   1  38
        0.12423        1.99136   1  39
        0.12423        1.99137   1  40
        0.12423        2.30778   1  41
        0.12423        2.30778   1  42
        0.12423        2.45024   1  43
        0.12423        2.45025   1  44
        0.12423        2.53580   1  45
        0.12423        2.53580   1  46
        0.12423        3.06308   1  47
        0.12423        3.06309   1  48
        0.12423        3.12618   1  49
        0.12423        3.12619   1  50
        0.12423        3.19319   1  51
        0.12423        3.19319   1  52
        0.12423        3.58609   1  53
        0.12423        3.58610   1  54
        0.13976       -1.10468   1   1
        0.13976       -1.10468   1   2
        0.13976       -1.03034   1   3
        0.13976       -1.03034   1   4
        0.13976       -0.21749   1   5
        0.13976       -0.21749   1   6
        0.13976       -0.12071   1   7
        0.13976       -0.12071   1   8
        0.13976       -0.09072   1   9
        0.13976       -0.09072   1  10
        0.13976       -0.03755   1  11
        0.13976       -0.03754   1  12
        0.13976        0.04100   1  13
        0.13976        0.04100   1  14
        0.13976        0.09547   1  15
        0.13976        0.09547   1  16
        0.13976        0.33002   1  17
        0.13976        0.33002   1  18
        0.13976        0.36740   1  19
        0.13976        0.36740   1  20
        0.13976        0.42081   1  21
        0.13976        0.42081   1  22
        0.13976        0.60068   1  23
        0.13976        0.60068   1  24
        0.13976        0.62088   1  25
        0.13976        0.62088   1  26
        0.13976        1.08711   1  27
        0.13976        1.08711   1  28
        0.13976        1.22315   1  29
        0.13976        1.22315   1  30
        0.13976        1.51606   1  31
        0.13976        1.51606   1  32
        0.13976        1.78784   1  33
        0.13976        1.78784   1  34
        0.13976        1.85638   1  35
        0.13976        1.85638   1  36
        0.13976        1.95770   1  37
        0.13976        1.95771   1  38
        0.13976        1.99743   1  39
        0.13976        1.99743   1  40
        0.13976        2.31692   1  41
        0.13976        2.31692   1  42
        0.13976        2.45731   1  43
        0.13976        2.45731   1  44
        0.13976        2.52020   1  45
        0.13976        2.52021   1  46
        0.13976        3.04570   1  47
        0.13976        3.04571   1  48
        0.13976        3.08642   1  49
        0.13976        3.08643   1  50
        0.13976        3.25771   1  51
        0.13976        3.25771   1  52
        0.13976        3.57100   1  53
        0.13976        3.57100   1  54
        0.15529       -1.10565   1   1
        0.15529       -1.10565   1   2
        0.15529       -1.02890   1   3
        0.15529       -1.02890   1   4
        0.15529       -0.22764   1   5
        0.15529       -0.22764   1   6
        0.15529       -0.12278   1   7
        0.15529       -0.12278   1   8
        0.15529       -0.08772   1   9
        0.15529       -0.08771   1  10
        0.15529       -0.01671   1  11
        0.15529       -0.01671   1  12
        0.15529        0.04604   1  13
        0.15529        0.04604   1  14
        0.15529        0.08447   1  15
        0.15529        0.08448   1  16
        0.15529        0.32193   1  17
        0.15529        0.32193   1  18
        0.15529        0.35956   1  19
        0.15529        0.35956   1  20
        0.15529        0.42526   1  21
        0.15529        0.42526   1  22
        0.15529        0.59580   1  23
        0.15529        0.59580   1  24
        0.15529        0.62629   1  25
        0.15529        0.62629   1  26
        0.15529        1.10980   1  27
        0.15529        1.10980   1  28
        0.15529        1.23701   1  29
        0.15529        1.23701   1  30
        0.15529        1.49894   1  31
        0.15529        1.49894   1  32
        0.15529        1.76889   1  33
        0.15529        1.76890   1  34
        0.15529        1.85018   1  35
        0.15529        1.85018   1  36
        0.15529        1.96265   1  37
        0.15529        1.96265   1  38
        0.15529        2.02589   1  39
        0.15529        2.02589   1  40
        0.15529        2.36048   1  41
        0.15529        2.36048   1  42
        0.15529        2.40579   1  43
        0.15529        2.40579   1  44
        0.15529        2.51381   1  45
        0.15529        2.51381   1  46
        0.15529        2.97951   1  47
        0.15529        2.97952   1  48
        0.15529        3.02696   1  49
        0.15529        3.02696   1  50
        0.15529        3.39928   1  51
        0.15529        3.39929   1  52
        0.15529        3.46974   1  53
        0.15529        3.46975   1  54
        0.17081       -1.10677   1   1
        0.17081       -1.10677   1   2
        0.17081       -1.02722   1   3
        0.17081       -1.02722   1   4
        0.17081       -0.23789   1   5
        0.17081       -0.23789   1   6
        0.17081       -0.12499   1   7
        0.17081       -0.12499   1   8
        0.17081       -0.07974   1   9
        0.17081       -0.07974   1  10
        0.17081       -0.00028   1  11
        0.17081       -0.00027   1  12
        0.17081        0.05168   1  13
        0.17081        0.05168   1  14
        0.17081        0.07468   1  15
        0.17081        0.07468   1  16
        0.17081        0.31181   1  17
        0.17081        0.31181   1  18
        0.17081        0.35102   1  19
        0.17081        0.35102   1  20
        0.17081        0.42997   1  21
        0.17081        0.42997   1  22
        0.17081        0.59104   1  23
        0.17081        0.59104   1  24
        0.17081        0.63201   1  25
        0.17081        0.63201   1  26
        0.17081        1.13898   1  27
        0.17081        1.13898   1  28
        0.17081        1.25588   1  29
        0.17081        1.25588   1  30
        0.17081        1.48152   1  31
        0.17081        1.48152   1  32
        0.17081        1.72537   1  33
        0.17081        1.72538   1  34
        0.17081        1.84382   1  35
        0.17081        1.84382   1  36
        0.17081        1.98867   1  37
        0.17081        1.98868   1  38
        0.17081        2.05540   1  39
        0.17081        2.05540   1  40
        0.17081        2.33435   1  41
        0.17081        2.33435   1  42
        0.17081        2.42086   1  43
        0.17081        2.42087   1  44
        0.17081        2.54826   1  45
        0.17081        2.54826   1  46
        0.17081        2.90396   1  47
        0.17081        2.90396   1  48
        0.17081        3.00742   1  49
        0.17081        3.00743   1  50
        0.17081        3.35811   1  51
        0.17081        3.35811   1  52
        0.17081        3.51595   1  53
        0.17081        3.51596   1  54
        0.18634       -1.10765   1   1
        0.18634       -1.10765   1   2
        0.18634       -1.02582   1   3
        0.18634       -1.02582   1   4
        0.18634       -0.24623   1   5
        0.18634       -0.24623   1   6
        0.18634       -0.12688   1   7
        0.18634       -0.12688   1   8
        0.18634       -0.06890   1   9
        0.18634       -0.06890   1  10
        0.18634        0.00575   1  11
        0.18634        0.00575   1  12
        0.18634        0.05687   1  13
        0.18634        0.05687   1  14
        0.18634        0.07173   1  15
        0.18634        0.07173   1  16
        0.18634        0.30155   1  17
        0.18634        0.30155   1  18
        0.18634        0.34357   1  19
        0.18634        0.34357   1  20
        0.18634        0.43396   1  21
        0.18634        0.43396   1  22
        0.18634        0.58746   1  23
        0.18634        0.58746   1  24
        0.18634        0.63704   1  25
        0.18634        0.63704   1  26
        0.18634        1.17108   1  27
        0.18634        1.17108   1  28
        0.18634        1.27809   1  29
        0.18634        1.27809   1  30
        0.18634        1.46406   1  31
        0.18634        1.46406   1  32
        0.18634        1.67627   1  33
        0.18634        1.67627   1  34
        0.18634        1.83926   1  35
        0.18634        1.83926   1  36
        0.18634        2.02655   1  37
        0.18634        2.02656   1  38
        0.18634        2.08465   1  39
        0.18634        2.08466   1  40
        0.18634        2.29544   1  41
        0.18634        2.29545   1  42
        0.18634        2.46831   1  43
        0.18634        2.46831   1  44
        0.18634        2.61916   1  45
        0.18634        2.61917   1  46
        0.18634        2.83961   1  47
        0.18634        2.83961   1  48
        0.18634        3.03378   1  49
        0.18634        3.03378   1  50
        0.18634        3.28734   1  51
        0.18634        3.28735   1  52
        0.18634        3.55926   1  53
        0.18634        3.55927   1  54
        0.20187       -1.10823   1   1
        0.20187       -1.10823   1   2
        0.20187       -1.02490   1   3
        0.20187       -1.02490   1   4
        0.20187       -0.25165   1   5
        0.20187       -0.25165   1   6
        0.20187       -0.12815   1   7
        0.20187       -0.12815   1   8
        0.20187       -0.05804   1   9
        0.20187       -0.05804   1  10
        0.20187        0.00140   1  11
        0.20187        0.00140   1  12
        0.20187        0.06051   1  13
        0.20187        0.06051   1  14
        0.20187        0.07545   1  15
        0.20187        0.07545   1  16
        0.20187        0.29350   1  17
        0.20187        0.29350   1  18
        0.20187        0.33845   1  19
        0.20187        0.33845   1  20
        0.20187        0.43646   1  21
        0.20187        0.43646   1  22
        0.20187        0.58523   1  23
        0.20187        0.58523   1  24
        0.20187        0.64041   1  25
        0.20187        0.64041   1  26
        0.20187        1.19711   1  27
        0.20187        1.19711   1  28
        0.20187        1.29840   1  29
        0.20187        1.29840   1  30
        0.20187        1.45307   1  31
        0.20187        1.45307   1  32
        0.20187        1.65857   1  33
        0.20187        1.65857   1  34
        0.20187        1.83632   1  35
        0.20187        1.83632   1  36
        0.20187        2.06741   1  37
        0.20187        2.06742   1  38
        0.20187        2.11643   1  39
        0.20187        2.11644   1  40
        0.20187        2.25758   1  41
        0.20187        2.25759   1  42
        0.20187        2.51547   1  43
        0.20187        2.51547   1  44
        0.20187        2.65769   1  45
        0.20187        2.65769   1  46
        0.20187        2.78910   1  47
        0.20187        2.78911   1  48
        0.20187        3.07518   1  49
        0.20187        3.07519   1  50
        0.20187        3.22236   1  51
        0.20187        3.22236   1  52
        0.20187        3.58311   1  53
        0.20187        3.58311   1  54
        0.21740       -1.10847   1   1
        0.21740       -1.10847   1   2
        0.21740       -1.02454   1   3
        0.21740       -1.02454   1   4
        0.21740       -0.25355   1   5
        0.21740       -0.25355   1   6
        0.21740       -0.12860   1   7
        0.21740       -0.12860   1   8
        0.21740       -0.05270   1   9
        0.21740       -0.05270   1  10
        0.21740       -0.00270   1  11
        0.21740       -0.00270   1  12
        0.21740        0.06181   1  13
        0.21740        0.06181   1  14
        0.21740        0.07802   1  15
        0.21740        0.07802   1  16
        0.21740        0.29036   1  17
        0.21740        0.29036   1  18
        0.21740        0.33659   1  19
        0.21740        0.33659   1  20
        0.21740        0.43728   1  21
        0.21740        0.43728   1  22
        0.21740        0.58445   1  23
        0.21740        0.58445   1  24
        0.21740        0.64159   1  25
        0.21740        0.64159   1  26
        0.21740        1.20725   1  27
        0.21740        1.20725   1  28
        0.21740        1.30679   1  29
        0.21740        1.30679   1  30
        0.21740        1.45091   1  31
        0.21740        1.45091   1  32
        0.21740        1.66114   1  33
        0.21740        1.66114   1  34
        0.21740        1.83518   1  35
        0.21740        1.83518   1  36
        0.21740        2.10337   1  37
        0.21740        2.10337   1  38
        0.21740        2.13123   1  39
        0.21740        2.13123   1  40
        0.21740        2.21624   1  41
        0.21740        2.21624   1  42
        0.21740        2.54753   1  43
        0.21740        2.54753   1  44
        0.21740        2.64968   1  45
        0.21740        2.64968   1  46
        0.21740        2.77286   1  47
        0.21740        2.77286   1  48
        0.21740        3.13679   1  49
        0.21740        3.13679   1  50
        0.21740        3.14443   1  51
        0.21740        3.14443   1  52
        0.21740        3.59755   1  53
        0.21740        3.59755   1  54
        0.21740       -1.10847   1   1
        0.21740       -1.10847   1   2
        0.21740       -1.02454   1   3
        0.21740       -1.02454   1   4
        0.21740       -0.25355   1   5
        0.21740       -0.25355   1   6
        0.21740       -0.12860   1   7
        0.21740       -0.12860   1   8
        0.21740       -0.05270   1   9
        0.21740       -0.05270   1  10
        0.21740       -0.00270   1  11
        0.21740       -0.00270   1  12
        0.21740        0.06181   1  13
        0.21740        0.06181   1  14
        0.21740        0.07802   1  15
        0.21740        0.07802   1  16
        0.21740        0.29036   1  17
        0.21740        0.29036   1  18
        0.21740        0.33659   1  19
        0.21740        0.33659   1  20
        0.21740        0.43728   1  21
        0.21740        0.43728   1  22
        0.21740        0.58445   1  23
        0.21740        0.58445   1  24
        0.21740        0.64159   1  25
        0.21740        0.64159   1  26
        0.21740        1.20725   1  27
        0.21740        1.20725   1  28
        0.21740        1.30679   1  29
        0.21740        1.30679   1  30
        0.21740        1.45091   1  31
        0.21740        1.45091   1  32
        0.21740        1.66114   1  33
        0.21740        1.66114   1  34
        0.21740        1.83518   1  35
        0.21740        1.83518   1  36
        0.21740        2.10337   1  37
        0.21740        2.10337   1  38
        0.21740        2.13123   1  39
        0.21740        2.13123   1  40
        0.21740        2.21624   1  41
        0.21740        2.21624   1  42
        0.21740        2.54753   1  43
        0.21740        2.54753   1  44
        0.21740        2.64968   1  45
        0.21740        2.64968   1  46
        0.21740        2.77286   1  47
        0.21740        2.77286   1  48
        0.21740        3.13679   1  49
        0.21740        3.13679   1  50
        0.21740        3.14443   1  51
        0.21740        3.14443   1  52
        0.21740        3.59755   1  53
        0.21740        3.59755   1  54
        0.23137       -1.10957   1   1
        0.23137       -1.10698   1   2
        0.23137       -1.02529   1   3
        0.23137       -1.02437   1   4
        0.23137       -0.25359   1   5
        0.23137       -0.25046   1   6
        0.23137       -0.12844   1   7
        0.23137       -0.12803   1   8
        0.23137       -0.06168   1   9
        0.23137       -0.05213   1  10
        0.23137       -0.00376   1  11
        0.23137        0.00513   1  12
        0.23137        0.05949   1  13
        0.23137        0.06205   1  14
        0.23137        0.07094   1  15
        0.23137        0.08070   1  16
        0.23137        0.29038   1  17
        0.23137        0.29533   1  18
        0.23137        0.33659   1  19
        0.23137        0.33956   1  20
        0.23137        0.43526   1  21
        0.23137        0.43800   1  22
        0.23137        0.58247   1  23
        0.23137        0.58769   1  24
        0.23137        0.63968   1  25
        0.23137        0.64161   1  26
        0.23137        1.19551   1  27
        0.23137        1.20258   1  28
        0.23137        1.29549   1  29
        0.23137        1.30456   1  30
        0.23137        1.45100   1  31
        0.23137        1.45329   1  32
        0.23137        1.65093   1  33
        0.23137        1.66371   1  34
        0.23137        1.83200   1  35
        0.23137        1.84018   1  36
        0.23137        2.04977   1  37
        0.23137        2.10026   1  38
        0.23137        2.10117   1  39
        0.23137        2.13976   1  40
        0.23137        2.21912   1  41
        0.23137        2.27927   1  42
        0.23137        2.50319   1  43
        0.23137        2.54419   1  44
        0.23137        2.61934   1  45
        0.23137        2.71166   1  46
        0.23137        2.72990   1  47
        0.23137        2.81942   1  48
        0.23137        3.04193   1  49
        0.23137        3.15414   1  50
        0.23137        3.16015   1  51
        0.23137        3.23507   1  52
        0.23137        3.57475   1  53
        0.23137        3.59648   1  54
        0.24535       -1.11231   1   1
        0.24535       -1.10330   1   2
        0.24535       -1.02732   1   3
        0.24535       -1.02375   1   4
        0.24535       -0.25363   1   5
        0.24535       -0.24180   1   6
        0.24535       -0.12811   1   7
        0.24535       -0.12633   1   8
        0.24535       -0.08038   1   9
        0.24535       -0.05065   1  10
        0.24535       -0.00699   1  11
        0.24535        0.02053   1  12
        0.24535        0.05300   1  13
        0.24535        0.05321   1  14
        0.24535        0.06298   1  15
        0.24535        0.08850   1  16
        0.24535        0.29080   1  17
        0.24535        0.30691   1  18
        0.24535        0.33648   1  19
        0.24535        0.34754   1  20
        0.24535        0.42929   1  21
        0.24535        0.44019   1  22
        0.24535        0.57692   1  23
        0.24535        0.59674   1  24
        0.24535        0.63441   1  25
        0.24535        0.64165   1  26
        0.24535        1.16475   1  27
        0.24535        1.18865   1  28
        0.24535        1.26477   1  29
        0.24535        1.30190   1  30
        0.24535        1.45713   1  31
        0.24535        1.45918   1  32
        0.24535        1.64066   1  33
        0.24535        1.66847   1  34
        0.24535        1.82496   1  35
        0.24535        1.85212   1  36
        0.24535        1.97984   1  37
        0.24535        2.04041   1  38
        0.24535        2.10539   1  39
        0.24535        2.14983   1  40
        0.24535        2.22811   1  41
        0.24535        2.34364   1  42
        0.24535        2.44748   1  43
        0.24535        2.53563   1  44
        0.24535        2.56400   1  45
        0.24535        2.66618   1  46
        0.24535        2.79672   1  47
        0.24535        2.86355   1  48
        0.24535        2.96106   1  49
        0.24535        3.17394   1  50
        0.24535        3.18483   1  51
        0.24535        3.32438   1  52
        0.24535        3.54403   1  53
        0.24535        3.58198   1  54
        0.25932       -1.11652   1   1
        0.25932       -1.09785   1   2
        0.25932       -1.03000   1   3
        0.25932       -1.02285   1   4
        0.25932       -0.25380   1   5
        0.25932       -0.22885   1   6
        0.25932       -0.12770   1   7
        0.25932       -0.12382   1   8
        0.25932       -0.10157   1   9
        0.25932       -0.05081   1  10
        0.25932       -0.01146   1  11
        0.25932        0.03364   1  12
        0.25932        0.03699   1  13
        0.25932        0.04389   1  14
        0.25932        0.06483   1  15
        0.25932        0.09963   1  16
        0.25932        0.29154   1  17
        0.25932        0.31990   1  18
        0.25932        0.33631   1  19
        0.25932        0.35820   1  20
        0.25932        0.41966   1  21
        0.25932        0.44378   1  22
        0.25932        0.56806   1  23
        0.25932        0.61066   1  24
        0.25932        0.62719   1  25
        0.25932        0.64173   1  26
        0.25932        1.11923   1  27
        0.25932        1.16462   1  28
        0.25932        1.21995   1  29
        0.25932        1.30546   1  30
        0.25932        1.45526   1  31
        0.25932        1.48192   1  32
        0.25932        1.57796   1  33
        0.25932        1.75585   1  34
        0.25932        1.81670   1  35
        0.25932        1.86872   1  36
        0.25932        1.90660   1  37
        0.25932        1.99001   1  38
        0.25932        2.11465   1  39
        0.25932        2.12765   1  40
        0.25932        2.25356   1  41
        0.25932        2.38893   1  42
        0.25932        2.40567   1  43
        0.25932        2.50172   1  44
        0.25932        2.52717   1  45
        0.25932        2.60484   1  46
        0.25932        2.84768   1  47
        0.25932        2.88924   1  48
        0.25932        2.89538   1  49
        0.25932        3.19036   1  50
        0.25932        3.19122   1  51
        0.25932        3.43757   1  52
        0.25932        3.51438   1  53
        0.25932        3.53876   1  54
        0.27330       -1.12246   1   1
        0.27330       -1.09074   1   2
        0.27330       -1.03250   1   3
        0.27330       -1.02180   1   4
        0.27330       -0.25411   1   5
        0.27330       -0.21462   1   6
        0.27330       -0.12709   1   7
        0.27330       -0.12281   1   8
        0.27330       -0.12121   1   9
        0.27330       -0.05679   1  10
        0.27330       -0.01591   1  11
        0.27330        0.02299   1  12
        0.27330        0.03435   1  13
        0.27330        0.05291   1  14
        0.27330        0.06755   1  15
        0.27330        0.11206   1  16
        0.27330        0.29215   1  17
        0.27330        0.33082   1  18
        0.27330        0.33618   1  19
        0.27330        0.36826   1  20
        0.27330        0.40716   1  21
        0.27330        0.44878   1  22
        0.27330        0.55608   1  23
        0.27330        0.62023   1  24
        0.27330        0.62843   1  25
        0.27330        0.64186   1  26
        0.27330        1.07122   1  27
        0.27330        1.13414   1  28
        0.27330        1.17127   1  29
        0.27330        1.31405   1  30
        0.27330        1.44535   1  31
        0.27330        1.50812   1  32
        0.27330        1.53219   1  33
        0.27330        1.80465   1  34
        0.27330        1.84305   1  35
        0.27330        1.86362   1  36
        0.27330        1.89417   1  37
        0.27330        1.95954   1  38
        0.27330        2.08660   1  39
        0.27330        2.11942   1  40
        0.27330        2.29627   1  41
        0.27330        2.39038   1  42
        0.27330        2.44944   1  43
        0.27330        2.47833   1  44
        0.27330        2.49853   1  45
        0.27330        2.52832   1  46
        0.27330        2.82050   1  47
        0.27330        2.88050   1  48
        0.27330        2.94515   1  49
        0.27330        3.21028   1  50
        0.27330        3.25910   1  51
        0.27330        3.42667   1  52
        0.27330        3.47333   1  53
        0.27330        3.55780   1  54
        0.28727       -1.12962   1   1
        0.28727       -1.08320   1   2
        0.28727       -1.03400   1   3
        0.28727       -1.02031   1   4
        0.28727       -0.25450   1   5
        0.28727       -0.20405   1   6
        0.28727       -0.14309   1   7
        0.28727       -0.12629   1   8
        0.28727       -0.11925   1   9
        0.28727       -0.06681   1  10
        0.28727       -0.01985   1  11
        0.28727        0.02596   1  12
        0.28727        0.02599   1  13
        0.28727        0.06807   1  14
        0.28727        0.07141   1  15
        0.28727        0.12451   1  16
        0.28727        0.29264   1  17
        0.28727        0.33598   1  18
        0.28727        0.33767   1  19
        0.28727        0.37422   1  20
        0.28727        0.39286   1  21
        0.28727        0.45534   1  22
        0.28727        0.54208   1  23
        0.28727        0.61589   1  24
        0.28727        0.64201   1  25
        0.28727        0.64808   1  26
        0.28727        1.03511   1  27
        0.28727        1.10587   1  28
        0.28727        1.13098   1  29
        0.28727        1.31990   1  30
        0.28727        1.44549   1  31
        0.28727        1.52860   1  32
        0.28727        1.53483   1  33
        0.28727        1.78620   1  34
        0.28727        1.79557   1  35
        0.28727        1.93132   1  36
        0.28727        1.93218   1  37
        0.28727        1.94091   1  38
        0.28727        2.07470   1  39
        0.28727        2.12681   1  40
        0.28727        2.31979   1  41
        0.28727        2.36485   1  42
        0.28727        2.46285   1  43
        0.28727        2.46952   1  44
        0.28727        2.48815   1  45
        0.28727        2.50722   1  46
        0.28727        2.77619   1  47
        0.28727        2.92023   1  48
        0.28727        2.99767   1  49
        0.28727        3.23976   1  50
        0.28727        3.27310   1  51
        0.28727        3.41092   1  52
        0.28727        3.41311   1  53
        0.28727        3.67022   1  54
        0.30125       -1.13716   1   1
        0.30125       -1.07664   1   2
        0.30125       -1.03342   1   3
        0.30125       -1.01877   1   4
        0.30125       -0.25530   1   5
        0.30125       -0.20244   1   6
        0.30125       -0.16143   1   7
        0.30125       -0.12549   1   8
        0.30125       -0.11838   1   9
        0.30125       -0.07101   1  10
        0.30125       -0.02325   1  11
        0.30125        0.01960   1  12
        0.30125        0.03883   1  13
        0.30125        0.07673   1  14
        0.30125        0.08233   1  15
        0.30125        0.13592   1  16
        0.30125        0.29285   1  17
        0.30125        0.33578   1  18
        0.30125        0.33972   1  19
        0.30125        0.37408   1  20
        0.30125        0.37785   1  21
        0.30125        0.46312   1  22
        0.30125        0.52730   1  23
        0.30125        0.61595   1  24
        0.30125        0.64220   1  25
        0.30125        0.66733   1  26
        0.30125        0.99817   1  27
        0.30125        1.07979   1  28
        0.30125        1.10037   1  29
        0.30125        1.32399   1  30
        0.30125        1.45247   1  31
        0.30125        1.54252   1  32
        0.30125        1.56423   1  33
        0.30125        1.74609   1  34
        0.30125        1.76492   1  35
        0.30125        1.90276   1  36
        0.30125        1.96843   1  37
        0.30125        1.97981   1  38
        0.30125        2.10159   1  39
        0.30125        2.14163   1  40
        0.30125        2.29324   1  41
        0.30125        2.31203   1  42
        0.30125        2.43227   1  43
        0.30125        2.45889   1  44
        0.30125        2.49354   1  45
        0.30125        2.56329   1  46
        0.30125        2.77053   1  47
        0.30125        2.92299   1  48
        0.30125        3.05113   1  49
        0.30125        3.14636   1  50
        0.30125        3.27756   1  51
        0.30125        3.37430   1  52
        0.30125        3.52789   1  53
        0.30125        3.79944   1  54
        0.31522       -1.14453   1   1
        0.31522       -1.07218   1   2
        0.31522       -1.03010   1   3
        0.31522       -1.01743   1   4
        0.31522       -0.25685   1   5
        0.31522       -0.21078   1   6
        0.31522       -0.17722   1   7
        0.31522       -0.12476   1   8
        0.31522       -0.11871   1   9
        0.31522       -0.06498   1  10
        0.31522       -0.02612   1  11
        0.31522        0.01556   1  12
        0.31522        0.05760   1  13
        0.31522        0.08345   1  14
        0.31522        0.09550   1  15
        0.31522        0.14562   1  16
        0.31522        0.29288   1  17
        0.31522        0.33569   1  18
        0.31522        0.33646   1  19
        0.31522        0.36307   1  20
        0.31522        0.36803   1  21
        0.31522        0.47151   1  22
        0.31522        0.51295   1  23
        0.31522        0.62050   1  24
        0.31522        0.64236   1  25
        0.31522        0.68450   1  26
        0.31522        0.94853   1  27
        0.31522        1.05774   1  28
        0.31522        1.07605   1  29
        0.31522        1.32999   1  30
        0.31522        1.45643   1  31
        0.31522        1.55234   1  32
        0.31522        1.59323   1  33
        0.31522        1.69402   1  34
        0.31522        1.74563   1  35
        0.31522        1.79427   1  36
        0.31522        1.99384   1  37
        0.31522        2.02896   1  38
        0.31522        2.13800   1  39
        0.31522        2.14769   1  40
        0.31522        2.21020   1  41
        0.31522        2.30658   1  42
        0.31522        2.41995   1  43
        0.31522        2.43850   1  44
        0.31522        2.58034   1  45
        0.31522        2.69213   1  46
        0.31522        2.78025   1  47
        0.31522        2.85536   1  48
        0.31522        3.11610   1  49
        0.31522        3.15763   1  50
        0.31522        3.32018   1  51
        0.31522        3.37004   1  52
        0.31522        3.53513   1  53
        0.31522        3.92842   1  54
        0.32920       -1.15121   1   1
        0.32920       -1.06998   1   2
        0.32920       -1.02490   1   3
        0.32920       -1.01611   1   4
        0.32920       -0.25966   1   5
        0.32920       -0.22312   1   6
        0.32920       -0.19016   1   7
        0.32920       -0.12414   1   8
        0.32920       -0.11996   1   9
        0.32920       -0.05329   1  10
        0.32920       -0.02819   1  11
        0.32920        0.01335   1  12
        0.32920        0.07951   1  13
        0.32920        0.09113   1  14
        0.32920        0.10722   1  15
        0.32920        0.15306   1  16
        0.32920        0.29261   1  17
        0.32920        0.32843   1  18
        0.32920        0.33564   1  19
        0.32920        0.34949   1  20
        0.32920        0.35791   1  21
        0.32920        0.47971   1  22
        0.32920        0.50018   1  23
        0.32920        0.62777   1  24
        0.32920        0.64245   1  25
        0.32920        0.69839   1  26
        0.32920        0.89599   1  27
        0.32920        1.04463   1  28
        0.32920        1.05800   1  29
        0.32920        1.33846   1  30
        0.32920        1.46049   1  31
        0.32920        1.54085   1  32
        0.32920        1.61407   1  33
        0.32920        1.64864   1  34
        0.32920        1.67717   1  35
        0.32920        1.72911   1  36
        0.32920        2.01822   1  37
        0.32920        2.07236   1  38
        0.32920        2.14749   1  39
        0.32920        2.14781   1  40
        0.32920        2.18733   1  41
        0.32920        2.30402   1  42
        0.32920        2.38791   1  43
        0.32920        2.40338   1  44
        0.32920        2.67941   1  45
        0.32920        2.77964   1  46
        0.32920        2.82239   1  47
        0.32920        2.89608   1  48
        0.32920        3.18075   1  49
        0.32920        3.19882   1  50
        0.32920        3.35400   1  51
        0.32920        3.37889   1  52
        0.32920        3.50548   1  53
        0.32920        4.02010   1  54
        0.34317       -1.15644   1   1
        0.34317       -1.06916   1   2
        0.34317       -1.01951   1   3
        0.34317       -1.01511   1   4
        0.34317       -0.26436   1   5
        0.34317       -0.23268   1   6
        0.34317       -0.19971   1   7
        0.34317       -0.12366   1   8
        0.34317       -0.12152   1   9
        0.34317       -0.04174   1  10
        0.34317       -0.02956   1  11
        0.34317        0.01232   1  12
        0.34317        0.09863   1  13
        0.34317        0.10149   1  14
        0.34317        0.11666   1  15
        0.34317        0.15815   1  16
        0.34317        0.29132   1  17
        0.34317        0.31838   1  18
        0.34317        0.33558   1  19
        0.34317        0.33844   1  20
        0.34317        0.34686   1  21
        0.34317        0.48655   1  22
        0.34317        0.49005   1  23
        0.34317        0.63521   1  24
        0.34317        0.64251   1  25
        0.34317        0.70840   1  26
        0.34317        0.84660   1  27
        0.34317        1.03773   1  28
        0.34317        1.04436   1  29
        0.34317        1.34605   1  30
        0.34317        1.44617   1  31
        0.34317        1.51043   1  32
        0.34317        1.61462   1  33
        0.34317        1.62566   1  34
        0.34317        1.63551   1  35
        0.34317        1.71566   1  36
        0.34317        2.04493   1  37
        0.34317        2.10462   1  38
        0.34317        2.10638   1  39
        0.34317        2.15438   1  40
        0.34317        2.22999   1  41
        0.34317        2.29140   1  42
        0.34317        2.29417   1  43
        0.34317        2.39170   1  44
        0.34317        2.71764   1  45
        0.34317        2.76846   1  46
        0.34317        2.80757   1  47
        0.34317        3.06944   1  48
        0.34317        3.21549   1  49
        0.34317        3.21982   1  50
        0.34317        3.34561   1  51
        0.34317        3.36557   1  52
        0.34317        3.46857   1  53
        0.34317        4.07647   1  54
        0.35715       -1.15971   1   1
        0.35715       -1.06895   1   2
        0.35715       -1.01563   1   3
        0.35715       -1.01451   1   4
        0.35715       -0.26919   1   5
        0.35715       -0.23748   1   6
        0.35715       -0.20553   1   7
        0.35715       -0.12334   1   8
        0.35715       -0.12276   1   9
        0.35715       -0.03373   1  10
        0.35715       -0.03046   1  11
        0.35715        0.01196   1  12
        0.35715        0.10427   1  13
        0.35715        0.11866   1  14
        0.35715        0.12296   1  15
        0.35715        0.16112   1  16
        0.35715        0.28903   1  17
        0.35715        0.31022   1  18
        0.35715        0.33127   1  19
        0.35715        0.33544   1  20
        0.35715        0.33845   1  21
        0.35715        0.48362   1  22
        0.35715        0.49104   1  23
        0.35715        0.64060   1  24
        0.35715        0.64255   1  25
        0.35715        0.71438   1  26
        0.35715        0.80893   1  27
        0.35715        1.03363   1  28
        0.35715        1.03521   1  29
        0.35715        1.34975   1  30
        0.35715        1.41625   1  31
        0.35715        1.50418   1  32
        0.35715        1.59306   1  33
        0.35715        1.62973   1  34
        0.35715        1.62974   1  35
        0.35715        1.70680   1  36
        0.35715        2.07359   1  37
        0.35715        2.10494   1  38
        0.35715        2.12985   1  39
        0.35715        2.15056   1  40
        0.35715        2.18752   1  41
        0.35715        2.27224   1  42
        0.35715        2.28442   1  43
        0.35715        2.39042   1  44
        0.35715        2.73633   1  45
        0.35715        2.75686   1  46
        0.35715        2.77224   1  47
        0.35715        3.16190   1  48
        0.35715        3.22185   1  49
        0.35715        3.24140   1  50
        0.35715        3.28185   1  51
        0.35715        3.36512   1  52
        0.35715        3.40601   1  53
        0.35715        4.10872   1  54
        0.37112       -1.16082   1   1
        0.37112       -1.06894   1   2
        0.37112       -1.01425   1   3
        0.37112       -1.01425   1   4
        0.37112       -0.27123   1   5
        0.37112       -0.23886   1   6
        0.37112       -0.20751   1   7
        0.37112       -0.12323   1   8
        0.37112       -0.12323   1   9
        0.37112       -0.03080   1  10
        0.37112       -0.03080   1  11
        0.37112        0.01187   1  12
        0.37112        0.10640   1  13
        0.37112        0.12528   1  14
        0.37112        0.12528   1  15
        0.37112        0.16208   1  16
        0.37112        0.28748   1  17
        0.37112        0.30735   1  18
        0.37112        0.32878   1  19
        0.37112        0.33532   1  20
        0.37112        0.33532   1  21
        0.37112        0.48141   1  22
        0.37112        0.49260   1  23
        0.37112        0.64256   1  24
        0.37112        0.64256   1  25
        0.37112        0.71634   1  26
        0.37112        0.79626   1  27
        0.37112        1.03217   1  28
        0.37112        1.03217   1  29
        0.37112        1.35126   1  30
        0.37112        1.40687   1  31
        0.37112        1.50448   1  32
        0.37112        1.58625   1  33
        0.37112        1.62968   1  34
        0.37112        1.62968   1  35
        0.37112        1.70369   1  36
        0.37112        2.11181   1  37
        0.37112        2.11866   1  38
        0.37112        2.11866   1  39
        0.37112        2.14279   1  40
        0.37112        2.14279   1  41
        0.37112        2.28019   1  42
        0.37112        2.29078   1  43
        0.37112        2.39049   1  44
        0.37112        2.74885   1  45
        0.37112        2.74885   1  46
        0.37112        2.75198   1  47
        0.37112        3.19320   1  48
        0.37112        3.21858   1  49
        0.37112        3.25774   1  50
        0.37112        3.25774   1  51
        0.37112        3.36470   1  52
        0.37112        3.36470   1  53
        0.37112        4.11861   1  54
        0.37112       -1.16082   1   1
        0.37112       -1.06894   1   2
        0.37112       -1.01425   1   3
        0.37112       -1.01425   1   4
        0.37112       -0.27123   1   5
        0.37112       -0.23886   1   6
        0.37112       -0.20751   1   7
        0.37112       -0.12323   1   8
        0.37112       -0.12323   1   9
        0.37112       -0.03080   1  10
        0.37112       -0.03080   1  11
        0.37112        0.01187   1  12
        0.37112        0.10640   1  13
        0.37112        0.12528   1  14
        0.37112        0.12528   1  15
        0.37112        0.16208   1  16
        0.37112        0.28748   1  17
        0.37112        0.30735   1  18
        0.37112        0.32878   1  19
        0.37112        0.33532   1  20
        0.37112        0.33532   1  21
        0.37112        0.48141   1  22
        0.37112        0.49260   1  23
        0.37112        0.64256   1  24
        0.37112        0.64256   1  25
        0.37112        0.71634   1  26
        0.37112        0.79626   1  27
        0.37112        1.03217   1  28
        0.37112        1.03217   1  29
        0.37112        1.35126   1  30
        0.37112        1.40687   1  31
        0.37112        1.50448   1  32
        0.37112        1.58625   1  33
        0.37112        1.62968   1  34
        0.37112        1.62968   1  35
        0.37112        1.70369   1  36
        0.37112        2.11181   1  37
        0.37112        2.11866   1  38
        0.37112        2.11866   1  39
        0.37112        2.14279   1  40
        0.37112        2.14279   1  41
        0.37112        2.28019   1  42
        0.37112        2.29078   1  43
        0.37112        2.39049   1  44
        0.37112        2.74885   1  45
        0.37112        2.74885   1  46
        0.37112        2.75198   1  47
        0.37112        3.19320   1  48
        0.37112        3.21858   1  49
        0.37112        3.25774   1  50
        0.37112        3.25774   1  51
        0.37112        3.36470   1  52
        0.37112        3.36470   1  53
        0.37112        4.11861   1  54
        0.38520       -1.15941   1   1
        0.38520       -1.06812   1   2
        0.38520       -1.01495   1   3
        0.38520       -1.01495   1   4
        0.38520       -0.26929   1   5
        0.38520       -0.23741   1   6
        0.38520       -0.20608   1   7
        0.38520       -0.12530   1   8
        0.38520       -0.12530   1   9
        0.38520       -0.02747   1  10
        0.38520       -0.02747   1  11
        0.38520        0.00757   1  12
        0.38520        0.10025   1  13
        0.38520        0.12244   1  14
        0.38520        0.12244   1  15
        0.38520        0.16156   1  16
        0.38520        0.29137   1  17
        0.38520        0.30888   1  18
        0.38520        0.32774   1  19
        0.38520        0.33720   1  20
        0.38520        0.33720   1  21
        0.38520        0.48344   1  22
        0.38520        0.49163   1  23
        0.38520        0.64027   1  24
        0.38520        0.64027   1  25
        0.38520        0.71446   1  26
        0.38520        0.80467   1  27
        0.38520        1.03907   1  28
        0.38520        1.03907   1  29
        0.38520        1.35781   1  30
        0.38520        1.41228   1  31
        0.38520        1.50610   1  32
        0.38520        1.60212   1  33
        0.38520        1.62984   1  34
        0.38520        1.62984   1  35
        0.38520        1.69736   1  36
        0.38520        2.11304   1  37
        0.38520        2.11304   1  38
        0.38520        2.11408   1  39
        0.38520        2.15983   1  40
        0.38520        2.15983   1  41
        0.38520        2.25287   1  42
        0.38520        2.29607   1  43
        0.38520        2.38884   1  44
        0.38520        2.75693   1  45
        0.38520        2.75693   1  46
        0.38520        2.76773   1  47
        0.38520        3.07669   1  48
        0.38520        3.24485   1  49
        0.38520        3.24485   1  50
        0.38520        3.32386   1  51
        0.38520        3.36650   1  52
        0.38520        3.36650   1  53
        0.38520        4.11088   1  54
        0.39928       -1.15522   1   1
        0.39928       -1.06574   1   2
        0.39928       -1.01689   1   3
        0.39928       -1.01689   1   4
        0.39928       -0.26360   1   5
        0.39928       -0.23311   1   6
        0.39928       -0.20169   1   7
        0.39928       -0.13036   1   8
        0.39928       -0.13036   1   9
        0.39928       -0.01880   1  10
        0.39928       -0.01880   1  11
        0.39928       -0.00454   1  12
        0.39928        0.08350   1  13
        0.39928        0.11429   1  14
        0.39928        0.11429   1  15
        0.39928        0.15980   1  16
        0.39928        0.30158   1  17
        0.39928        0.31299   1  18
        0.39928        0.32498   1  19
        0.39928        0.34253   1  20
        0.39928        0.34253   1  21
        0.39928        0.48865   1  22
        0.39928        0.48925   1  23
        0.39928        0.63409   1  24
        0.39928        0.63409   1  25
        0.39928        0.70875   1  26
        0.39928        0.82890   1  27
        0.39928        1.06149   1  28
        0.39928        1.06149   1  29
        0.39928        1.37617   1  30
        0.39928        1.42840   1  31
        0.39928        1.51137   1  32
        0.39928        1.62916   1  33
        0.39928        1.62916   1  34
        0.39928        1.64334   1  35
        0.39928        1.67970   1  36
        0.39928        2.10725   1  37
        0.39928        2.10725   1  38
        0.39928        2.11869   1  39
        0.39928        2.19371   1  40
        0.39928        2.20438   1  41
        0.39928        2.20438   1  42
        0.39928        2.31055   1  43
        0.39928        2.37590   1  44
        0.39928        2.77725   1  45
        0.39928        2.77725   1  46
        0.39928        2.80570   1  47
        0.39928        2.92992   1  48
        0.39928        3.20845   1  49
        0.39928        3.20845   1  50
        0.39928        3.37606   1  51
        0.39928        3.37606   1  52
        0.39928        3.41969   1  53
        0.39928        4.08446   1  54
        0.41336       -1.14843   1   1
        0.41336       -1.06207   1   2
        0.41336       -1.01982   1   3
        0.41336       -1.01982   1   4
        0.41336       -0.25449   1   5
        0.41336       -0.22623   1   6
        0.41336       -0.19422   1   7
        0.41336       -0.13626   1   8
        0.41336       -0.13626   1   9
        0.41336       -0.02248   1  10
        0.41336       -0.00729   1  11
        0.41336       -0.00729   1  12
        0.41336        0.05970   1  13
        0.41336        0.10171   1  14
        0.41336        0.10171   1  15
        0.41336        0.15623   1  16
        0.41336        0.31529   1  17
        0.41336        0.31861   1  18
        0.41336        0.32132   1  19
        0.41336        0.35061   1  20
        0.41336        0.35061   1  21
        0.41336        0.48352   1  22
        0.41336        0.49810   1  23
        0.41336        0.62569   1  24
        0.41336        0.62569   1  25
        0.41336        0.69920   1  26
        0.41336        0.86647   1  27
        0.41336        1.10133   1  28
        0.41336        1.10133   1  29
        0.41336        1.40239   1  30
        0.41336        1.45465   1  31
        0.41336        1.52147   1  32
        0.41336        1.62507   1  33
        0.41336        1.62507   1  34
        0.41336        1.65397   1  35
        0.41336        1.69725   1  36
        0.41336        2.10552   1  37
        0.41336        2.10552   1  38
        0.41336        2.12220   1  39
        0.41336        2.12945   1  40
        0.41336        2.28030   1  41
        0.41336        2.28030   1  42
        0.41336        2.33117   1  43
        0.41336        2.35485   1  44
        0.41336        2.75331   1  45
        0.41336        2.79974   1  46
        0.41336        2.79974   1  47
        0.41336        2.85022   1  48
        0.41336        3.15388   1  49
        0.41336        3.15388   1  50
        0.41336        3.40177   1  51
        0.41336        3.40177   1  52
        0.41336        3.47352   1  53
        0.41336        4.03310   1  54
        0.42744       -1.13936   1   1
        0.42744       -1.05745   1   2
        0.42744       -1.02361   1   3
        0.42744       -1.02361   1   4
        0.42744       -0.24236   1   5
        0.42744       -0.21721   1   6
        0.42744       -0.18382   1   7
        0.42744       -0.14137   1   8
        0.42744       -0.14137   1   9
        0.42744       -0.04394   1  10
        0.42744        0.00512   1  11
        0.42744        0.00512   1  12
        0.42744        0.03220   1  13
        0.42744        0.08569   1  14
        0.42744        0.08569   1  15
        0.42744        0.15004   1  16
        0.42744        0.31780   1  17
        0.42744        0.32482   1  18
        0.42744        0.33030   1  19
        0.42744        0.36063   1  20
        0.42744        0.36063   1  21
        0.42744        0.47618   1  22
        0.42744        0.50889   1  23
        0.42744        0.61687   1  24
        0.42744        0.61687   1  25
        0.42744        0.68599   1  26
        0.42744        0.91447   1  27
        0.42744        1.15547   1  28
        0.42744        1.15547   1  29
        0.42744        1.42985   1  30
        0.42744        1.48978   1  31
        0.42744        1.53710   1  32
        0.42744        1.61597   1  33
        0.42744        1.61597   1  34
        0.42744        1.62385   1  35
        0.42744        1.75657   1  36
        0.42744        2.07375   1  37
        0.42744        2.10611   1  38
        0.42744        2.10611   1  39
        0.42744        2.12576   1  40
        0.42744        2.33710   1  41
        0.42744        2.35542   1  42
        0.42744        2.38696   1  43
        0.42744        2.38696   1  44
        0.42744        2.55277   1  45
        0.42744        2.81333   1  46
        0.42744        2.81333   1  47
        0.42744        2.89318   1  48
        0.42744        3.08795   1  49
        0.42744        3.08795   1  50
        0.42744        3.44709   1  51
        0.42744        3.44709   1  52
        0.42744        3.47119   1  53
        0.42744        3.95459   1  54
        0.44152       -1.12849   1   1
        0.44152       -1.05233   1   2
        0.44152       -1.02816   1   3
        0.44152       -1.02816   1   4
        0.44152       -0.22781   1   5
        0.44152       -0.20672   1   6
        0.44152       -0.17081   1   7
        0.44152       -0.14473   1   8
        0.44152       -0.14473   1   9
        0.44152       -0.06674   1  10
        0.44152        0.00358   1  11
        0.44152        0.01717   1  12
        0.44152        0.01717   1  13
        0.44152        0.06718   1  14
        0.44152        0.06718   1  15
        0.44152        0.14037   1  16
        0.44152        0.31562   1  17
        0.44152        0.33116   1  18
        0.44152        0.34532   1  19
        0.44152        0.37178   1  20
        0.44152        0.37178   1  21
        0.44152        0.46680   1  22
        0.44152        0.52039   1  23
        0.44152        0.60902   1  24
        0.44152        0.60902   1  25
        0.44152        0.66953   1  26
        0.44152        0.96980   1  27
        0.44152        1.21627   1  28
        0.44152        1.21627   1  29
        0.44152        1.45220   1  30
        0.44152        1.53173   1  31
        0.44152        1.55395   1  32
        0.44152        1.59255   1  33
        0.44152        1.60233   1  34
        0.44152        1.60233   1  35
        0.44152        1.82257   1  36
        0.44152        2.03423   1  37
        0.44152        2.10575   1  38
        0.44152        2.10575   1  39
        0.44152        2.13616   1  40
        0.44152        2.32982   1  41
        0.44152        2.35834   1  42
        0.44152        2.38303   1  43
        0.44152        2.50661   1  44
        0.44152        2.50661   1  45
        0.44152        2.81271   1  46
        0.44152        2.81271   1  47
        0.44152        2.93353   1  48
        0.44152        3.01999   1  49
        0.44152        3.01999   1  50
        0.44152        3.41681   1  51
        0.44152        3.50169   1  52
        0.44152        3.50169   1  53
        0.44152        3.85454   1  54
        0.45561       -1.11632   1   1
        0.45561       -1.04724   1   2
        0.45561       -1.03321   1   3
        0.45561       -1.03321   1   4
        0.45561       -0.21175   1   5
        0.45561       -0.19565   1   6
        0.45561       -0.15536   1   7
        0.45561       -0.14577   1   8
        0.45561       -0.14577   1   9
        0.45561       -0.08885   1  10
        0.45561       -0.02425   1  11
        0.45561        0.02795   1  12
        0.45561        0.02795   1  13
        0.45561        0.04713   1  14
        0.45561        0.04713   1  15
        0.45561        0.12661   1  16
        0.45561        0.31589   1  17
        0.45561        0.33753   1  18
        0.45561        0.35960   1  19
        0.45561        0.38329   1  20
        0.45561        0.38329   1  21
        0.45561        0.45573   1  22
        0.45561        0.53141   1  23
        0.45561        0.60303   1  24
        0.45561        0.60303   1  25
        0.45561        0.65056   1  26
        0.45561        1.02852   1  27
        0.45561        1.27700   1  28
        0.45561        1.27700   1  29
        0.45561        1.46747   1  30
        0.45561        1.55835   1  31
        0.45561        1.56033   1  32
        0.45561        1.58225   1  33
        0.45561        1.58501   1  34
        0.45561        1.58501   1  35
        0.45561        1.89515   1  36
        0.45561        2.00986   1  37
        0.45561        2.10398   1  38
        0.45561        2.10398   1  39
        0.45561        2.16024   1  40
        0.45561        2.20915   1  41
        0.45561        2.33757   1  42
        0.45561        2.41572   1  43
        0.45561        2.60806   1  44
        0.45561        2.60806   1  45
        0.45561        2.80237   1  46
        0.45561        2.80237   1  47
        0.45561        2.96594   1  48
        0.45561        2.96594   1  49
        0.45561        2.97251   1  50
        0.45561        3.32594   1  51
        0.45561        3.54004   1  52
        0.45561        3.54004   1  53
        0.45561        3.74349   1  54
        0.46969       -1.10339   1   1
        0.46969       -1.04279   1   2
        0.46969       -1.03823   1   3
        0.46969       -1.03823   1   4
        0.46969       -0.19571   1   5
        0.46969       -0.18513   1   6
        0.46969       -0.14429   1   7
        0.46969       -0.14429   1   8
        0.46969       -0.13741   1   9
        0.46969       -0.10821   1  10
        0.46969       -0.04973   1  11
        0.46969        0.02627   1  12
        0.46969        0.02627   1  13
        0.46969        0.03707   1  14
        0.46969        0.03707   1  15
        0.46969        0.10876   1  16
        0.46969        0.31928   1  17
        0.46969        0.34408   1  18
        0.46969        0.37244   1  19
        0.46969        0.39432   1  20
        0.46969        0.39432   1  21
        0.46969        0.44342   1  22
        0.46969        0.54094   1  23
        0.46969        0.59933   1  24
        0.46969        0.59933   1  25
        0.46969        0.63023   1  26
        0.46969        1.08563   1  27
        0.46969        1.33461   1  28
        0.46969        1.33461   1  29
        0.46969        1.47626   1  30
        0.46969        1.53293   1  31
        0.46969        1.54730   1  32
        0.46969        1.56503   1  33
        0.46969        1.56503   1  34
        0.46969        1.62858   1  35
        0.46969        1.96242   1  36
        0.46969        1.98442   1  37
        0.46969        2.10412   1  38
        0.46969        2.10412   1  39
        0.46969        2.12727   1  40
        0.46969        2.19703   1  41
        0.46969        2.36595   1  42
        0.46969        2.45464   1  43
        0.46969        2.65669   1  44
        0.46969        2.65669   1  45
        0.46969        2.80121   1  46
        0.46969        2.80121   1  47
        0.46969        2.94452   1  48
        0.46969        2.94452   1  49
        0.46969        3.01160   1  50
        0.46969        3.20918   1  51
        0.46969        3.53736   1  52
        0.46969        3.53736   1  53
        0.46969        3.63094   1  54
        0.48377       -1.09026   1   1
        0.48377       -1.04274   1   2
        0.48377       -1.04274   1   3
        0.48377       -1.03961   1   4
        0.48377       -0.18217   1   5
        0.48377       -0.17656   1   6
        0.48377       -0.14039   1   7
        0.48377       -0.14039   1   8
        0.48377       -0.12226   1   9
        0.48377       -0.11693   1  10
        0.48377       -0.07143   1  11
        0.48377        0.00598   1  12
        0.48377        0.00598   1  13
        0.48377        0.04385   1  14
        0.48377        0.04385   1  15
        0.48377        0.08732   1  16
        0.48377        0.32569   1  17
        0.48377        0.35108   1  18
        0.48377        0.38297   1  19
        0.48377        0.40415   1  20
        0.48377        0.40415   1  21
        0.48377        0.43025   1  22
        0.48377        0.54832   1  23
        0.48377        0.59792   1  24
        0.48377        0.59792   1  25
        0.48377        0.61010   1  26
        0.48377        1.13681   1  27
        0.48377        1.38745   1  28
        0.48377        1.38745   1  29
        0.48377        1.47679   1  30
        0.48377        1.51158   1  31
        0.48377        1.51741   1  32
        0.48377        1.54523   1  33
        0.48377        1.54523   1  34
        0.48377        1.67270   1  35
        0.48377        1.94134   1  36
        0.48377        2.00699   1  37
        0.48377        2.10239   1  38
        0.48377        2.10906   1  39
        0.48377        2.10906   1  40
        0.48377        2.23381   1  41
        0.48377        2.41330   1  42
        0.48377        2.49675   1  43
        0.48377        2.65656   1  44
        0.48377        2.65656   1  45
        0.48377        2.82332   1  46
        0.48377        2.82332   1  47
        0.48377        2.95066   1  48
        0.48377        2.95066   1  49
        0.48377        3.05174   1  50
        0.48377        3.06486   1  51
        0.48377        3.49145   1  52
        0.48377        3.49145   1  53
        0.48377        3.52269   1  54
        0.49785       -1.07753   1   1
        0.49785       -1.04648   1   2
        0.49785       -1.04648   1   3
        0.49785       -1.03825   1   4
        0.49785       -0.17472   1   5
        0.49785       -0.17147   1   6
        0.49785       -0.13450   1   7
        0.49785       -0.13450   1   8
        0.49785       -0.12766   1   9
        0.49785       -0.09423   1  10
        0.49785       -0.08796   1  11
        0.49785       -0.01311   1  12
        0.49785       -0.01311   1  13
        0.49785        0.04872   1  14
        0.49785        0.04872   1  15
        0.49785        0.06307   1  16
        0.49785        0.33463   1  17
        0.49785        0.35880   1  18
        0.49785        0.39011   1  19
        0.49785        0.41224   1  20
        0.49785        0.41224   1  21
        0.49785        0.41639   1  22
        0.49785        0.55340   1  23
        0.49785        0.59199   1  24
        0.49785        0.59822   1  25
        0.49785        0.59822   1  26
        0.49785        1.18059   1  27
        0.49785        1.43174   1  28
        0.49785        1.43174   1  29
        0.49785        1.45078   1  30
        0.49785        1.49483   1  31
        0.49785        1.49692   1  32
        0.49785        1.53040   1  33
        0.49785        1.53040   1  34
        0.49785        1.70779   1  35
        0.49785        1.88414   1  36
        0.49785        2.02264   1  37
        0.49785        2.10047   1  38
        0.49785        2.11603   1  39
        0.49785        2.11603   1  40
        0.49785        2.25540   1  41
        0.49785        2.46563   1  42
        0.49785        2.53408   1  43
        0.49785        2.65962   1  44
        0.49785        2.65962   1  45
        0.49785        2.85306   1  46
        0.49785        2.85306   1  47
        0.49785        2.88934   1  48
        0.49785        2.95971   1  49
        0.49785        2.95971   1  50
        0.49785        3.09232   1  51
        0.49785        3.42301   1  52
        0.49785        3.42626   1  53
        0.49785        3.42626   1  54
        0.51193       -1.06584   1   1
        0.51193       -1.04938   1   2
        0.51193       -1.04938   1   3
        0.51193       -1.03907   1   4
        0.51193       -0.17396   1   5
        0.51193       -0.17056   1   6
        0.51193       -0.12751   1   7
        0.51193       -0.12751   1   8
        0.51193       -0.12425   1   9
        0.51193       -0.09881   1  10
        0.51193       -0.06987   1  11
        0.51193       -0.02981   1  12
        0.51193       -0.02981   1  13
        0.51193        0.03683   1  14
        0.51193        0.05195   1  15
        0.51193        0.05195   1  16
        0.51193        0.34561   1  17
        0.51193        0.36733   1  18
        0.51193        0.39285   1  19
        0.51193        0.40191   1  20
        0.51193        0.41820   1  21
        0.51193        0.41820   1  22
        0.51193        0.55656   1  23
        0.51193        0.57753   1  24
        0.51193        0.59938   1  25
        0.51193        0.59938   1  26
        0.51193        1.21867   1  27
        0.51193        1.39767   1  28
        0.51193        1.46161   1  29
        0.51193        1.46161   1  30
        0.51193        1.48843   1  31
        0.51193        1.48918   1  32
        0.51193        1.52464   1  33
        0.51193        1.52464   1  34
        0.51193        1.73134   1  35
        0.51193        1.82858   1  36
        0.51193        2.01869   1  37
        0.51193        2.08919   1  38
        0.51193        2.11904   1  39
        0.51193        2.11904   1  40
        0.51193        2.26640   1  41
        0.51193        2.50941   1  42
        0.51193        2.55807   1  43
        0.51193        2.68604   1  44
        0.51193        2.68604   1  45
        0.51193        2.69438   1  46
        0.51193        2.87373   1  47
        0.51193        2.87373   1  48
        0.51193        2.96552   1  49
        0.51193        2.96552   1  50
        0.51193        3.13203   1  51
        0.51193        3.33682   1  52
        0.51193        3.37361   1  53
        0.51193        3.37361   1  54
        0.52601       -1.05579   1   1
        0.52601       -1.05128   1   2
        0.52601       -1.05128   1   3
        0.52601       -1.04224   1   4
        0.52601       -0.17501   1   5
        0.52601       -0.17247   1   6
        0.52601       -0.12115   1   7
        0.52601       -0.12115   1   8
        0.52601       -0.11749   1   9
        0.52601       -0.10557   1  10
        0.52601       -0.04429   1  11
        0.52601       -0.04213   1  12
        0.52601       -0.04213   1  13
        0.52601        0.00958   1  14
        0.52601        0.05380   1  15
        0.52601        0.05380   1  16
        0.52601        0.35828   1  17
        0.52601        0.37631   1  18
        0.52601        0.38704   1  19
        0.52601        0.39078   1  20
        0.52601        0.42185   1  21
        0.52601        0.42185   1  22
        0.52601        0.55886   1  23
        0.52601        0.56763   1  24
        0.52601        0.60052   1  25
        0.52601        0.60052   1  26
        0.52601        1.25498   1  27
        0.52601        1.34268   1  28
        0.52601        1.47527   1  29
        0.52601        1.47527   1  30
        0.52601        1.48467   1  31
        0.52601        1.48603   1  32
        0.52601        1.52663   1  33
        0.52601        1.52663   1  34
        0.52601        1.74646   1  35
        0.52601        1.78696   1  36
        0.52601        2.01446   1  37
        0.52601        2.05971   1  38
        0.52601        2.11779   1  39
        0.52601        2.11779   1  40
        0.52601        2.29553   1  41
        0.52601        2.51119   1  42
        0.52601        2.53993   1  43
        0.52601        2.56539   1  44
        0.52601        2.71695   1  45
        0.52601        2.71695   1  46
        0.52601        2.87901   1  47
        0.52601        2.87901   1  48
        0.52601        2.97339   1  49
        0.52601        2.97339   1  50
        0.52601        3.17141   1  51
        0.52601        3.26772   1  52
        0.52601        3.34880   1  53
        0.52601        3.34880   1  54
        0.54009       -1.05195   1   1
        0.54009       -1.05195   1   2
        0.54009       -1.04784   1   3
        0.54009       -1.04784   1   4
        0.54009       -0.17457   1   5
        0.54009       -0.17457   1   6
        0.54009       -0.11839   1   7
        0.54009       -0.11839   1   8
        0.54009       -0.11114   1   9
        0.54009       -0.11114   1  10
        0.54009       -0.04691   1  11
        0.54009       -0.04691   1  12
        0.54009       -0.01771   1  13
        0.54009       -0.01769   1  14
        0.54009        0.05441   1  15
        0.54009        0.05441   1  16
        0.54009        0.37228   1  17
        0.54009        0.37229   1  18
        0.54009        0.38470   1  19
        0.54009        0.38470   1  20
        0.54009        0.42308   1  21
        0.54009        0.42308   1  22
        0.54009        0.56191   1  23
        0.54009        0.56192   1  24
        0.54009        0.60098   1  25
        0.54009        0.60098   1  26
        0.54009        1.29486   1  27
        0.54009        1.29488   1  28
        0.54009        1.47865   1  29
        0.54009        1.47865   1  30
        0.54009        1.48425   1  31
        0.54009        1.48425   1  32
        0.54009        1.52862   1  33
        0.54009        1.52862   1  34
        0.54009        1.76164   1  35
        0.54009        1.76165   1  36
        0.54009        2.02814   1  37
        0.54009        2.02816   1  38
        0.54009        2.11663   1  39
        0.54009        2.11663   1  40
        0.54009        2.37332   1  41
        0.54009        2.37338   1  42
        0.54009        2.55839   1  43
        0.54009        2.55840   1  44
        0.54009        2.72858   1  45
        0.54009        2.72858   1  46
        0.54009        2.88025   1  47
        0.54009        2.88025   1  48
        0.54009        2.97721   1  49
        0.54009        2.97721   1  50
        0.54009        3.21447   1  51
        0.54009        3.21449   1  52
        0.54009        3.34342   1  53
        0.54009        3.34342   1  54
        0.54009       -1.05195   1   1
        0.54009       -1.05195   1   2
        0.54009       -1.04784   1   3
        0.54009       -1.04784   1   4
        0.54009       -0.17457   1   5
        0.54009       -0.17457   1   6
        0.54009       -0.11839   1   7
        0.54009       -0.11839   1   8
        0.54009       -0.11114   1   9
        0.54009       -0.11114   1  10
        0.54009       -0.04691   1  11
        0.54009       -0.04691   1  12
        0.54009       -0.01771   1  13
        0.54009       -0.01769   1  14
        0.54009        0.05441   1  15
        0.54009        0.05441   1  16
        0.54009        0.37228   1  17
        0.54009        0.37229   1  18
        0.54009        0.38470   1  19
        0.54009        0.38470   1  20
        0.54009        0.42308   1  21
        0.54009        0.42308   1  22
        0.54009        0.56191   1  23
        0.54009        0.56192   1  24
        0.54009        0.60098   1  25
        0.54009        0.60098   1  26
        0.54009        1.29486   1  27
        0.54009        1.29488   1  28
        0.54009        1.47865   1  29
        0.54009        1.47865   1  30
        0.54009        1.48425   1  31
        0.54009        1.48425   1  32
        0.54009        1.52862   1  33
        0.54009        1.52862   1  34
        0.54009        1.76164   1  35
        0.54009        1.76165   1  36
        0.54009        2.02814   1  37
        0.54009        2.02816   1  38
        0.54009        2.11663   1  39
        0.54009        2.11663   1  40
        0.54009        2.37332   1  41
        0.54009        2.37338   1  42
        0.54009        2.55839   1  43
        0.54009        2.55840   1  44
        0.54009        2.72858   1  45
        0.54009        2.72858   1  46
        0.54009        2.88025   1  47
        0.54009        2.88025   1  48
        0.54009        2.97721   1  49
        0.54009        2.97721   1  50
        0.54009        3.21447   1  51
        0.54009        3.21449   1  52
        0.54009        3.34342   1  53
        0.54009        3.34342   1  54
        0.55562       -1.05615   1   1
        0.55562       -1.05615   1   2
        0.55562       -1.04352   1   3
        0.55562       -1.04352   1   4
        0.55562       -0.17575   1   5
        0.55562       -0.17575   1   6
        0.55562       -0.13044   1   7
        0.55562       -0.13044   1   8
        0.55562       -0.09970   1   9
        0.55562       -0.09970   1  10
        0.55562       -0.04623   1  11
        0.55562       -0.04623   1  12
        0.55562       -0.01314   1  13
        0.55562       -0.01313   1  14
        0.55562        0.05288   1  15
        0.55562        0.05288   1  16
        0.55562        0.36811   1  17
        0.55562        0.36812   1  18
        0.55562        0.38489   1  19
        0.55562        0.38489   1  20
        0.55562        0.42489   1  21
        0.55562        0.42489   1  22
        0.55562        0.55727   1  23
        0.55562        0.55727   1  24
        0.55562        0.60780   1  25
        0.55562        0.60780   1  26
        0.55562        1.28264   1  27
        0.55562        1.28266   1  28
        0.55562        1.47121   1  29
        0.55562        1.47121   1  30
        0.55562        1.49367   1  31
        0.55562        1.49367   1  32
        0.55562        1.52840   1  33
        0.55562        1.52840   1  34
        0.55562        1.76354   1  35
        0.55562        1.76355   1  36
        0.55562        1.96827   1  37
        0.55562        1.96828   1  38
        0.55562        2.14636   1  39
        0.55562        2.14637   1  40
        0.55562        2.42382   1  41
        0.55562        2.42386   1  42
        0.55562        2.55812   1  43
        0.55562        2.55813   1  44
        0.55562        2.76122   1  45
        0.55562        2.76122   1  46
        0.55562        2.91175   1  47
        0.55562        2.91175   1  48
        0.55562        2.99294   1  49
        0.55562        2.99294   1  50
        0.55562        3.22950   1  51
        0.55562        3.22952   1  52
        0.55562        3.34514   1  53
        0.55562        3.34514   1  54
        0.57114       -1.06146   1   1
        0.57114       -1.06145   1   2
        0.57114       -1.03791   1   3
        0.57114       -1.03791   1   4
        0.57114       -0.18069   1   5
        0.57114       -0.18068   1   6
        0.57114       -0.14108   1   7
        0.57114       -0.14107   1   8
        0.57114       -0.08957   1   9
        0.57114       -0.08956   1  10
        0.57114       -0.04405   1  11
        0.57114       -0.04404   1  12
        0.57114       -0.00022   1  13
        0.57114       -0.00021   1  14
        0.57114        0.04842   1  15
        0.57114        0.04842   1  16
        0.57114        0.35705   1  17
        0.57114        0.35706   1  18
        0.57114        0.38528   1  19
        0.57114        0.38528   1  20
        0.57114        0.42890   1  21
        0.57114        0.42890   1  22
        0.57114        0.54822   1  23
        0.57114        0.54822   1  24
        0.57114        0.62256   1  25
        0.57114        0.62257   1  26
        0.57114        1.25077   1  27
        0.57114        1.25079   1  28
        0.57114        1.46437   1  29
        0.57114        1.46437   1  30
        0.57114        1.50117   1  31
        0.57114        1.50117   1  32
        0.57114        1.52946   1  33
        0.57114        1.52946   1  34
        0.57114        1.76775   1  35
        0.57114        1.76776   1  36
        0.57114        1.88374   1  37
        0.57114        1.88375   1  38
        0.57114        2.16648   1  39
        0.57114        2.16648   1  40
        0.57114        2.46479   1  41
        0.57114        2.46480   1  42
        0.57114        2.54943   1  43
        0.57114        2.54944   1  44
        0.57114        2.79958   1  45
        0.57114        2.79959   1  46
        0.57114        2.91731   1  47
        0.57114        2.91733   1  48
        0.57114        3.07509   1  49
        0.57114        3.07509   1  50
        0.57114        3.26189   1  51
        0.57114        3.26190   1  52
        0.57114        3.33416   1  53
        0.57114        3.33417   1  54
        0.58667       -1.06626   1   1
        0.58667       -1.06626   1   2
        0.58667       -1.03266   1   3
        0.58667       -1.03266   1   4
        0.58667       -0.19005   1   5
        0.58667       -0.19004   1   6
        0.58667       -0.14486   1   7
        0.58667       -0.14486   1   8
        0.58667       -0.08450   1   9
        0.58667       -0.08449   1  10
        0.58667       -0.04011   1  11
        0.58667       -0.04010   1  12
        0.58667        0.01795   1  13
        0.58667        0.01796   1  14
        0.58667        0.04213   1  15
        0.58667        0.04213   1  16
        0.58667        0.34161   1  17
        0.58667        0.34161   1  18
        0.58667        0.38567   1  19
        0.58667        0.38567   1  20
        0.58667        0.43322   1  21
        0.58667        0.43322   1  22
        0.58667        0.53928   1  23
        0.58667        0.53928   1  24
        0.58667        0.63933   1  25
        0.58667        0.63934   1  26
        0.58667        1.21439   1  27
        0.58667        1.21442   1  28
        0.58667        1.46107   1  29
        0.58667        1.46107   1  30
        0.58667        1.49567   1  31
        0.58667        1.49568   1  32
        0.58667        1.53540   1  33
        0.58667        1.53540   1  34
        0.58667        1.77868   1  35
        0.58667        1.77869   1  36
        0.58667        1.81536   1  37
        0.58667        1.81536   1  38
        0.58667        2.14167   1  39
        0.58667        2.14168   1  40
        0.58667        2.41058   1  41
        0.58667        2.41059   1  42
        0.58667        2.53955   1  43
        0.58667        2.53956   1  44
        0.58667        2.82500   1  45
        0.58667        2.82500   1  46
        0.58667        2.88930   1  47
        0.58667        2.88931   1  48
        0.58667        3.15109   1  49
        0.58667        3.15110   1  50
        0.58667        3.26427   1  51
        0.58667        3.26427   1  52
        0.58667        3.30720   1  53
        0.58667        3.30722   1  54
        0.60220       -1.07027   1   1
        0.60220       -1.07027   1   2
        0.60220       -1.02815   1   3
        0.60220       -1.02814   1   4
        0.60220       -0.20071   1   5
        0.60220       -0.20071   1   6
        0.60220       -0.14397   1   7
        0.60220       -0.14397   1   8
        0.60220       -0.08317   1   9
        0.60220       -0.08317   1  10
        0.60220       -0.03453   1  11
        0.60220       -0.03452   1  12
        0.60220        0.02803   1  13
        0.60220        0.02803   1  14
        0.60220        0.04482   1  15
        0.60220        0.04483   1  16
        0.60220        0.32432   1  17
        0.60220        0.32432   1  18
        0.60220        0.38606   1  19
        0.60220        0.38606   1  20
        0.60220        0.43706   1  21
        0.60220        0.43706   1  22
        0.60220        0.53192   1  23
        0.60220        0.53192   1  24
        0.60220        0.65537   1  25
        0.60220        0.65537   1  26
        0.60220        1.19095   1  27
        0.60220        1.19097   1  28
        0.60220        1.45812   1  29
        0.60220        1.45812   1  30
        0.60220        1.48496   1  31
        0.60220        1.48497   1  32
        0.60220        1.54552   1  33
        0.60220        1.54552   1  34
        0.60220        1.75483   1  35
        0.60220        1.75483   1  36
        0.60220        1.80741   1  37
        0.60220        1.80741   1  38
        0.60220        2.04102   1  39
        0.60220        2.04103   1  40
        0.60220        2.37734   1  41
        0.60220        2.37734   1  42
        0.60220        2.54879   1  43
        0.60220        2.54879   1  44
        0.60220        2.86292   1  45
        0.60220        2.86292   1  46
        0.60220        2.87536   1  47
        0.60220        2.87537   1  48
        0.60220        3.21794   1  49
        0.60220        3.21796   1  50
        0.60220        3.23510   1  51
        0.60220        3.23511   1  52
        0.60220        3.30195   1  53
        0.60220        3.30196   1  54
        0.61773       -1.07323   1   1
        0.61773       -1.07323   1   2
        0.61773       -1.02473   1   3
        0.61773       -1.02473   1   4
        0.61773       -0.20977   1   5
        0.61773       -0.20977   1   6
        0.61773       -0.14139   1   7
        0.61773       -0.14139   1   8
        0.61773       -0.08346   1   9
        0.61773       -0.08345   1  10
        0.61773       -0.02796   1  11
        0.61773       -0.02796   1  12
        0.61773        0.02045   1  13
        0.61773        0.02045   1  14
        0.61773        0.06330   1  15
        0.61773        0.06331   1  16
        0.61773        0.30795   1  17
        0.61773        0.30796   1  18
        0.61773        0.38642   1  19
        0.61773        0.38642   1  20
        0.61773        0.43998   1  21
        0.61773        0.43998   1  22
        0.61773        0.52649   1  23
        0.61773        0.52649   1  24
        0.61773        0.66874   1  25
        0.61773        0.66874   1  26
        0.61773        1.18267   1  27
        0.61773        1.18269   1  28
        0.61773        1.45330   1  29
        0.61773        1.45330   1  30
        0.61773        1.47878   1  31
        0.61773        1.47878   1  32
        0.61773        1.55539   1  33
        0.61773        1.55540   1  34
        0.61773        1.70423   1  35
        0.61773        1.70424   1  36
        0.61773        1.85215   1  37
        0.61773        1.85215   1  38
        0.61773        1.98665   1  39
        0.61773        1.98666   1  40
        0.61773        2.39329   1  41
        0.61773        2.39330   1  42
        0.61773        2.56361   1  43
        0.61773        2.56361   1  44
        0.61773        2.85252   1  45
        0.61773        2.85255   1  46
        0.61773        2.91083   1  47
        0.61773        2.91083   1  48
        0.61773        3.22046   1  49
        0.61773        3.22047   1  50
        0.61773        3.26177   1  51
        0.61773        3.26180   1  52
        0.61773        3.35327   1  53
        0.61773        3.35329   1  54
        0.63326       -1.07507   1   1
        0.63326       -1.07507   1   2
        0.63326       -1.02259   1   3
        0.63326       -1.02259   1   4
        0.63326       -0.21564   1   5
        0.63326       -0.21564   1   6
        0.63326       -0.13908   1   7
        0.63326       -0.13907   1   8
        0.63326       -0.08415   1   9
        0.63326       -0.08415   1  10
        0.63326       -0.02150   1  11
        0.63326       -0.02150   1  12
        0.63326        0.01206   1  13
        0.63326        0.01206   1  14
        0.63326        0.07810   1  15
        0.63326        0.07810   1  16
        0.63326        0.29568   1  17
        0.63326        0.29568   1  18
        0.63326        0.38664   1  19
        0.63326        0.38664   1  20
        0.63326        0.44171   1  21
        0.63326        0.44171   1  22
        0.63326        0.52312   1  23
        0.63326        0.52312   1  24
        0.63326        0.67759   1  25
        0.63326        0.67759   1  26
        0.63326        1.18423   1  27
        0.63326        1.18424   1  28
        0.63326        1.45060   1  29
        0.63326        1.45060   1  30
        0.63326        1.47407   1  31
        0.63326        1.47407   1  32
        0.63326        1.55898   1  33
        0.63326        1.55898   1  34
        0.63326        1.66541   1  35
        0.63326        1.66541   1  36
        0.63326        1.89806   1  37
        0.63326        1.89806   1  38
        0.63326        2.01169   1  39
        0.63326        2.01169   1  40
        0.63326        2.42474   1  41
        0.63326        2.42475   1  42
        0.63326        2.58640   1  43
        0.63326        2.58640   1  44
        0.63326        2.82815   1  45
        0.63326        2.82819   1  46
        0.63326        2.88261   1  47
        0.63326        2.88263   1  48
        0.63326        3.22332   1  49
        0.63326        3.22333   1  50
        0.63326        3.25857   1  51
        0.63326        3.25859   1  52
        0.63326        3.43150   1  53
        0.63326        3.43151   1  54
        0.64879       -1.07570   1   1
        0.64879       -1.07570   1   2
        0.64879       -1.02185   1   3
        0.64879       -1.02185   1   4
        0.64879       -0.21764   1   5
        0.64879       -0.21764   1   6
        0.64879       -0.13815   1   7
        0.64879       -0.13815   1   8
        0.64879       -0.08455   1   9
        0.64879       -0.08455   1  10
        0.64879       -0.01825   1  11
        0.64879       -0.01825   1  12
        0.64879        0.00808   1  13
        0.64879        0.00808   1  14
        0.64879        0.08368   1  15
        0.64879        0.08368   1  16
        0.64879        0.29098   1  17
        0.64879        0.29098   1  18
        0.64879        0.38671   1  19
        0.64879        0.38671   1  20
        0.64879        0.44226   1  21
        0.64879        0.44226   1  22
        0.64879        0.52196   1  23
        0.64879        0.52196   1  24
        0.64879        0.68067   1  25
        0.64879        0.68067   1  26
        0.64879        1.18766   1  27
        0.64879        1.18766   1  28
        0.64879        1.45070   1  29
        0.64879        1.45070   1  30
        0.64879        1.46965   1  31
        0.64879        1.46965   1  32
        0.64879        1.55881   1  33
        0.64879        1.55881   1  34
        0.64879        1.64927   1  35
        0.64879        1.64927   1  36
        0.64879        1.91182   1  37
        0.64879        1.91182   1  38
        0.64879        2.03505   1  39
        0.64879        2.03505   1  40
        0.64879        2.44016   1  41
        0.64879        2.44016   1  42
        0.64879        2.61038   1  43
        0.64879        2.61038   1  44
        0.64879        2.78928   1  45
        0.64879        2.78928   1  46
        0.64879        2.86790   1  47
        0.64879        2.86790   1  48
        0.64879        3.22707   1  49
        0.64879        3.22707   1  50
        0.64879        3.25160   1  51
        0.64879        3.25160   1  52
        0.64879        3.46258   1  53
        0.64879        3.46258   1  54
        0.64879       -1.07570   1   1
        0.64879       -1.07570   1   2
        0.64879       -1.02185   1   3
        0.64879       -1.02185   1   4
        0.64879       -0.21764   1   5
        0.64879       -0.21764   1   6
        0.64879       -0.13815   1   7
        0.64879       -0.13815   1   8
        0.64879       -0.08455   1   9
        0.64879       -0.08455   1  10
        0.64879       -0.01825   1  11
        0.64879       -0.01825   1  12
        0.64879        0.00808   1  13
        0.64879        0.00808   1  14
        0.64879        0.08368   1  15
        0.64879        0.08368   1  16
        0.64879        0.29098   1  17
        0.64879        0.29098   1  18
        0.64879        0.38671   1  19
        0.64879        0.38671   1  20
        0.64879        0.44226   1  21
        0.64879        0.44226   1  22
        0.64879        0.52196   1  23
        0.64879        0.52196   1  24
        0.64879        0.68067   1  25
        0.64879        0.68067   1  26
        0.64879        1.18766   1  27
        0.64879        1.18766   1  28
        0.64879        1.45070   1  29
        0.64879        1.45070   1  30
        0.64879        1.46965   1  31
        0.64879        1.46965   1  32
        0.64879        1.55881   1  33
        0.64879        1.55881   1  34
        0.64879        1.64927   1  35
        0.64879        1.64927   1  36
        0.64879        1.91182   1  37
        0.64879        1.91182   1  38
        0.64879        2.03505   1  39
        0.64879        2.03505   1  40
        0.64879        2.44016   1  41
        0.64879        2.44016   1  42
        0.64879        2.61038   1  43
        0.64879        2.61038   1  44
        0.64879        2.78928   1  45
        0.64879        2.78928   1  46
        0.64879        2.86790   1  47
        0.64879        2.86790   1  48
        0.64879        3.22707   1  49
        0.64879        3.22707   1  50
        0.64879        3.25160   1  51
        0.64879        3.25160   1  52
        0.64879        3.46258   1  53
        0.64879        3.46258   1  54
        0.66432       -1.07512   1   1
        0.66432       -1.07512   1   2
        0.66432       -1.02245   1   3
        0.66432       -1.02245   1   4
        0.66432       -0.21715   1   5
        0.66432       -0.21714   1   6
        0.66432       -0.13909   1   7
        0.66432       -0.13909   1   8
        0.66432       -0.08634   1   9
        0.66432       -0.08634   1  10
        0.66432       -0.02306   1  11
        0.66432       -0.02306   1  12
        0.66432        0.01501   1  13
        0.66432        0.01501   1  14
        0.66432        0.08463   1  15
        0.66432        0.08463   1  16
        0.66432        0.29270   1  17
        0.66432        0.29270   1  18
        0.66432        0.38677   1  19
        0.66432        0.38677   1  20
        0.66432        0.44051   1  21
        0.66432        0.44051   1  22
        0.66432        0.52361   1  23
        0.66432        0.52361   1  24
        0.66432        0.67843   1  25
        0.66432        0.67843   1  26
        0.66432        1.19288   1  27
        0.66432        1.19288   1  28
        0.66432        1.43970   1  29
        0.66432        1.43970   1  30
        0.66432        1.47693   1  31
        0.66432        1.47693   1  32
        0.66432        1.55130   1  33
        0.66432        1.55130   1  34
        0.66432        1.65702   1  35
        0.66432        1.65702   1  36
        0.66432        1.90878   1  37
        0.66432        1.90878   1  38
        0.66432        2.02413   1  39
        0.66432        2.02413   1  40
        0.66432        2.43180   1  41
        0.66432        2.43180   1  42
        0.66432        2.60046   1  43
        0.66432        2.60046   1  44
        0.66432        2.78952   1  45
        0.66432        2.78952   1  46
        0.66432        2.87472   1  47
        0.66432        2.87472   1  48
        0.66432        3.18164   1  49
        0.66432        3.18164   1  50
        0.66432        3.28379   1  51
        0.66432        3.28379   1  52
        0.66432        3.45247   1  53
        0.66432        3.45247   1  54
        0.67984       -1.07346   1   1
        0.67984       -1.07346   1   2
        0.67984       -1.02414   1   3
        0.67984       -1.02414   1   4
        0.67984       -0.21568   1   5
        0.67984       -0.21568   1   6
        0.67984       -0.14209   1   7
        0.67984       -0.14209   1   8
        0.67984       -0.09085   1   9
        0.67984       -0.09085   1  10
        0.67984       -0.03029   1  11
        0.67984       -0.03029   1  12
        0.67984        0.02804   1  13
        0.67984        0.02804   1  14
        0.67984        0.08757   1  15
        0.67984        0.08757   1  16
        0.67984        0.29790   1  17
        0.67984        0.29790   1  18
        0.67984        0.38700   1  19
        0.67984        0.38700   1  20
        0.67984        0.43545   1  21
        0.67984        0.43545   1  22
        0.67984        0.52863   1  23
        0.67984        0.52863   1  24
        0.67984        0.67199   1  25
        0.67984        0.67199   1  26
        0.67984        1.20831   1  27
        0.67984        1.20831   1  28
        0.67984        1.41989   1  29
        0.67984        1.41989   1  30
        0.67984        1.48180   1  31
        0.67984        1.48180   1  32
        0.67984        1.54954   1  33
        0.67984        1.54954   1  34
        0.67984        1.67372   1  35
        0.67984        1.67372   1  36
        0.67984        1.88262   1  37
        0.67984        1.88262   1  38
        0.67984        1.99936   1  39
        0.67984        1.99937   1  40
        0.67984        2.41807   1  41
        0.67984        2.41807   1  42
        0.67984        2.64046   1  43
        0.67984        2.64047   1  44
        0.67984        2.85729   1  45
        0.67984        2.85729   1  46
        0.67984        2.90278   1  47
        0.67984        2.90278   1  48
        0.67984        3.13974   1  49
        0.67984        3.13974   1  50
        0.67984        3.33346   1  51
        0.67984        3.33346   1  52
        0.67984        3.45637   1  53
        0.67984        3.45637   1  54
        0.69537       -1.07082   1   1
        0.69537       -1.07082   1   2
        0.69537       -1.02682   1   3
        0.69537       -1.02682   1   4
        0.69537       -0.21308   1   5
        0.69537       -0.21308   1   6
        0.69537       -0.14769   1   7
        0.69537       -0.14769   1   8
        0.69537       -0.09606   1   9
        0.69537       -0.09606   1  10
        0.69537       -0.03579   1  11
        0.69537       -0.03579   1  12
        0.69537        0.04102   1  13
        0.69537        0.04102   1  14
        0.69537        0.09233   1  15
        0.69537        0.09233   1  16
        0.69537        0.30618   1  17
        0.69537        0.30618   1  18
        0.69537        0.38736   1  19
        0.69537        0.38736   1  20
        0.69537        0.42741   1  21
        0.69537        0.42741   1  22
        0.69537        0.53710   1  23
        0.69537        0.53710   1  24
        0.69537        0.66177   1  25
        0.69537        0.66177   1  26
        0.69537        1.22374   1  27
        0.69537        1.22374   1  28
        0.69537        1.39205   1  29
        0.69537        1.39205   1  30
        0.69537        1.47654   1  31
        0.69537        1.47654   1  32
        0.69537        1.56478   1  33
        0.69537        1.56478   1  34
        0.69537        1.68204   1  35
        0.69537        1.68204   1  36
        0.69537        1.80431   1  37
        0.69537        1.80431   1  38
        0.69537        2.00290   1  39
        0.69537        2.00291   1  40
        0.69537        2.35794   1  41
        0.69537        2.35794   1  42
        0.69537        2.74712   1  43
        0.69537        2.74712   1  44
        0.69537        2.95579   1  45
        0.69537        2.95579   1  46
        0.69537        2.99870   1  47
        0.69537        2.99871   1  48
        0.69537        3.11791   1  49
        0.69537        3.11791   1  50
        0.69537        3.41633   1  51
        0.69537        3.41633   1  52
        0.69537        3.53142   1  53
        0.69537        3.53142   1  54
        0.71090       -1.06739   1   1
        0.71090       -1.06739   1   2
        0.71090       -1.03030   1   3
        0.71090       -1.03030   1   4
        0.71090       -0.20915   1   5
        0.71090       -0.20915   1   6
        0.71090       -0.15604   1   7
        0.71090       -0.15604   1   8
        0.71090       -0.10006   1   9
        0.71090       -0.10006   1  10
        0.71090       -0.03968   1  11
        0.71090       -0.03968   1  12
        0.71090        0.05167   1  13
        0.71090        0.05167   1  14
        0.71090        0.09819   1  15
        0.71090        0.09819   1  16
        0.71090        0.31663   1  17
        0.71090        0.31663   1  18
        0.71090        0.38763   1  19
        0.71090        0.38763   1  20
        0.71090        0.41684   1  21
        0.71090        0.41684   1  22
        0.71090        0.54856   1  23
        0.71090        0.54856   1  24
        0.71090        0.64815   1  25
        0.71090        0.64815   1  26
        0.71090        1.22790   1  27
        0.71090        1.22790   1  28
        0.71090        1.34522   1  29
        0.71090        1.34522   1  30
        0.71090        1.47457   1  31
        0.71090        1.47457   1  32
        0.71090        1.57875   1  33
        0.71090        1.57875   1  34
        0.71090        1.66149   1  35
        0.71090        1.66149   1  36
        0.71090        1.75970   1  37
        0.71090        1.75970   1  38
        0.71090        1.99885   1  39
        0.71090        1.99885   1  40
        0.71090        2.26058   1  41
        0.71090        2.26058   1  42
        0.71090        2.79252   1  43
        0.71090        2.79252   1  44
        0.71090        2.98615   1  45
        0.71090        2.98615   1  46
        0.71090        3.04873   1  47
        0.71090        3.04873   1  48
        0.71090        3.10284   1  49
        0.71090        3.10284   1  50
        0.71090        3.48324   1  51
        0.71090        3.48325   1  52
        0.71090        3.63002   1  53
        0.71090        3.63002   1  54
        0.72643       -1.06372   1   1
        0.72643       -1.06372   1   2
        0.72643       -1.03405   1   3
        0.72643       -1.03404   1   4
        0.72643       -0.20399   1   5
        0.72643       -0.20399   1   6
        0.72643       -0.16599   1   7
        0.72643       -0.16599   1   8
        0.72643       -0.10216   1   9
        0.72643       -0.10216   1  10
        0.72643       -0.04243   1  11
        0.72643       -0.04243   1  12
        0.72643        0.05921   1  13
        0.72643        0.05921   1  14
        0.72643        0.10404   1  15
        0.72643        0.10404   1  16
        0.72643        0.32825   1  17
        0.72643        0.32825   1  18
        0.72643        0.38780   1  19
        0.72643        0.38780   1  20
        0.72643        0.40473   1  21
        0.72643        0.40473   1  22
        0.72643        0.56241   1  23
        0.72643        0.56241   1  24
        0.72643        0.63202   1  25
        0.72643        0.63202   1  26
        0.72643        1.21965   1  27
        0.72643        1.21965   1  28
        0.72643        1.29584   1  29
        0.72643        1.29584   1  30
        0.72643        1.47875   1  31
        0.72643        1.47875   1  32
        0.72643        1.58215   1  33
        0.72643        1.58215   1  34
        0.72643        1.63383   1  35
        0.72643        1.63383   1  36
        0.72643        1.75241   1  37
        0.72643        1.75242   1  38
        0.72643        1.99242   1  39
        0.72643        1.99243   1  40
        0.72643        2.14585   1  41
        0.72643        2.14585   1  42
        0.72643        2.74634   1  43
        0.72643        2.74634   1  44
        0.72643        2.95676   1  45
        0.72643        2.95676   1  46
        0.72643        3.04318   1  47
        0.72643        3.04318   1  48
        0.72643        3.09961   1  49
        0.72643        3.09961   1  50
        0.72643        3.52026   1  51
        0.72643        3.52026   1  52
        0.72643        3.68595   1  53
        0.72643        3.68595   1  54
        0.74196       -1.06053   1   1
        0.74196       -1.06053   1   2
        0.74196       -1.03729   1   3
        0.74196       -1.03729   1   4
        0.74196       -0.19775   1   5
        0.74196       -0.19775   1   6
        0.74196       -0.17577   1   7
        0.74196       -0.17577   1   8
        0.74196       -0.10294   1   9
        0.74196       -0.10294   1  10
        0.74196       -0.04412   1  11
        0.74196       -0.04412   1  12
        0.74196        0.06362   1  13
        0.74196        0.06362   1  14
        0.74196        0.10844   1  15
        0.74196        0.10844   1  16
        0.74196        0.33906   1  17
        0.74196        0.33906   1  18
        0.74196        0.38796   1  19
        0.74196        0.38796   1  20
        0.74196        0.39352   1  21
        0.74196        0.39352   1  22
        0.74196        0.57831   1  23
        0.74196        0.57831   1  24
        0.74196        0.61463   1  25
        0.74196        0.61463   1  26
        0.74196        1.20102   1  27
        0.74196        1.20102   1  28
        0.74196        1.27557   1  29
        0.74196        1.27557   1  30
        0.74196        1.48947   1  31
        0.74196        1.48947   1  32
        0.74196        1.56638   1  33
        0.74196        1.56638   1  34
        0.74196        1.61727   1  35
        0.74196        1.61727   1  36
        0.74196        1.75374   1  37
        0.74196        1.75374   1  38
        0.74196        2.00177   1  39
        0.74196        2.00177   1  40
        0.74196        2.07770   1  41
        0.74196        2.07770   1  42
        0.74196        2.71265   1  43
        0.74196        2.71265   1  44
        0.74196        2.95224   1  45
        0.74196        2.95224   1  46
        0.74196        3.03886   1  47
        0.74196        3.03886   1  48
        0.74196        3.09919   1  49
        0.74196        3.09919   1  50
        0.74196        3.56804   1  51
        0.74196        3.56804   1  52
        0.74196        3.72791   1  53
        0.74196        3.72792   1  54
        0.75749       -1.05910   1   1
        0.75749       -1.05910   1   2
        0.75749       -1.03872   1   3
        0.75749       -1.03872   1   4
        0.75749       -0.19313   1   5
        0.75749       -0.19313   1   6
        0.75749       -0.18168   1   7
        0.75749       -0.18168   1   8
        0.75749       -0.10313   1   9
        0.75749       -0.10313   1  10
        0.75749       -0.04470   1  11
        0.75749       -0.04470   1  12
        0.75749        0.06508   1  13
        0.75749        0.06508   1  14
        0.75749        0.11007   1  15
        0.75749        0.11007   1  16
        0.75749        0.34414   1  17
        0.75749        0.34414   1  18
        0.75749        0.38812   1  19
        0.75749        0.38812   1  20
        0.75749        0.38825   1  21
        0.75749        0.38825   1  22
        0.75749        0.59290   1  23
        0.75749        0.59290   1  24
        0.75749        0.59965   1  25
        0.75749        0.59965   1  26
        0.75749        1.19144   1  27
        0.75749        1.19144   1  28
        0.75749        1.27472   1  29
        0.75749        1.27472   1  30
        0.75749        1.50194   1  31
        0.75749        1.50194   1  32
        0.75749        1.54481   1  33
        0.75749        1.54481   1  34
        0.75749        1.61458   1  35
        0.75749        1.61458   1  36
        0.75749        1.75607   1  37
        0.75749        1.75607   1  38
        0.75749        2.00682   1  39
        0.75749        2.00682   1  40
        0.75749        2.07154   1  41
        0.75749        2.07154   1  42
        0.75749        2.71467   1  43
        0.75749        2.71467   1  44
        0.75749        2.95516   1  45
        0.75749        2.95516   1  46
        0.75749        3.04056   1  47
        0.75749        3.04056   1  48
        0.75749        3.10546   1  49
        0.75749        3.10546   1  50
        0.75749        3.59629   1  51
        0.75749        3.59629   1  52
        0.75749        3.75006   1  53
        0.75749        3.75006   1  54
        0.75749       -1.05910   1   1
        0.75749       -1.05910   1   2
        0.75749       -1.03872   1   3
        0.75749       -1.03872   1   4
        0.75749       -0.19313   1   5
        0.75749       -0.19313   1   6
        0.75749       -0.18168   1   7
        0.75749       -0.18168   1   8
        0.75749       -0.10313   1   9
        0.75749       -0.10313   1  10
        0.75749       -0.04470   1  11
        0.75749       -0.04470   1  12
        0.75749        0.06508   1  13
        0.75749        0.06508   1  14
        0.75749        0.11007   1  15
        0.75749        0.11007   1  16
        0.75749        0.34414   1  17
        0.75749        0.34414   1  18
        0.75749        0.38812   1  19
        0.75749        0.38812   1  20
        0.75749        0.38825   1  21
        0.75749        0.38825   1  22
        0.75749        0.59290   1  23
        0.75749        0.59290   1  24
        0.75749        0.59965   1  25
        0.75749        0.59965   1  26
        0.75749        1.19144   1  27
        0.75749        1.19144   1  28
        0.75749        1.27472   1  29
        0.75749        1.27472   1  30
        0.75749        1.50194   1  31
        0.75749        1.50194   1  32
        0.75749        1.54481   1  33
        0.75749        1.54481   1  34
        0.75749        1.61458   1  35
        0.75749        1.61458   1  36
        0.75749        1.75607   1  37
        0.75749        1.75607   1  38
        0.75749        2.00682   1  39
        0.75749        2.00682   1  40
        0.75749        2.07154   1  41
        0.75749        2.07154   1  42
        0.75749        2.71467   1  43
        0.75749        2.71467   1  44
        0.75749        2.95516   1  45
        0.75749        2.95516   1  46
        0.75749        3.04056   1  47
        0.75749        3.04056   1  48
        0.75749        3.10546   1  49
        0.75749        3.10546   1  50
        0.75749        3.59629   1  51
        0.75749        3.59629   1  52
        0.75749        3.75006   1  53
        0.75749        3.75006   1  54
        0.77146       -1.06136   1   1
        0.77146       -1.05903   1   2
        0.77146       -1.03895   1   3
        0.77146       -1.03629   1   4
        0.77146       -0.20016   1   5
        0.77146       -0.19241   1   6
        0.77146       -0.18077   1   7
        0.77146       -0.17420   1   8
        0.77146       -0.10524   1   9
        0.77146       -0.10064   1  10
        0.77146       -0.04490   1  11
        0.77146       -0.04362   1  12
        0.77146        0.06323   1  13
        0.77146        0.06461   1  14
        0.77146        0.10772   1  15
        0.77146        0.10966   1  16
        0.77146        0.33617   1  17
        0.77146        0.34457   1  18
        0.77146        0.38716   1  19
        0.77146        0.38801   1  20
        0.77146        0.38895   1  21
        0.77146        0.39627   1  22
        0.77146        0.57361   1  23
        0.77146        0.59303   1  24
        0.77146        0.59967   1  25
        0.77146        0.61939   1  26
        0.77146        1.19464   1  27
        0.77146        1.20476   1  28
        0.77146        1.27053   1  29
        0.77146        1.27923   1  30
        0.77146        1.48528   1  31
        0.77146        1.50100   1  32
        0.77146        1.54095   1  33
        0.77146        1.58450   1  34
        0.77146        1.61381   1  35
        0.77146        1.61684   1  36
        0.77146        1.74659   1  37
        0.77146        1.76177   1  38
        0.77146        1.98933   1  39
        0.77146        2.01957   1  40
        0.77146        2.06797   1  41
        0.77146        2.08251   1  42
        0.77146        2.70764   1  43
        0.77146        2.71673   1  44
        0.77146        2.94358   1  45
        0.77146        2.96401   1  46
        0.77146        3.03545   1  47
        0.77146        3.04240   1  48
        0.77146        3.08283   1  49
        0.77146        3.11106   1  50
        0.77146        3.55450   1  51
        0.77146        3.58740   1  52
        0.77146        3.70720   1  53
        0.77146        3.74975   1  54
        0.78544       -1.06599   1   1
        0.78544       -1.05862   1   2
        0.78544       -1.03945   1   3
        0.78544       -1.03152   1   4
        0.78544       -0.20895   1   5
        0.78544       -0.18996   1   6
        0.78544       -0.17802   1   7
        0.78544       -0.16474   1   8
        0.78544       -0.11096   1   9
        0.78544       -0.09283   1  10
        0.78544       -0.04512   1  11
        0.78544       -0.04127   1  12
        0.78544        0.05794   1  13
        0.78544        0.06335   1  14
        0.78544        0.10064   1  15
        0.78544        0.10789   1  16
        0.78544        0.32166   1  17
        0.78544        0.34613   1  18
        0.78544        0.38567   1  19
        0.78544        0.38783   1  20
        0.78544        0.38946   1  21
        0.78544        0.41169   1  22
        0.78544        0.55352   1  23
        0.78544        0.59356   1  24
        0.78544        0.59983   1  25
        0.78544        0.64054   1  26
        0.78544        1.19919   1  27
        0.78544        1.25263   1  28
        0.78544        1.26132   1  29
        0.78544        1.29918   1  30
        0.78544        1.46941   1  31
        0.78544        1.50328   1  32
        0.78544        1.54166   1  33
        0.78544        1.61267   1  34
        0.78544        1.62699   1  35
        0.78544        1.63589   1  36
        0.78544        1.72959   1  37
        0.78544        1.77932   1  38
        0.78544        1.94813   1  39
        0.78544        2.06590   1  40
        0.78544        2.08256   1  41
        0.78544        2.14229   1  42
        0.78544        2.71382   1  43
        0.78544        2.73066   1  44
        0.78544        2.93745   1  45
        0.78544        2.99475   1  46
        0.78544        3.01108   1  47
        0.78544        3.03033   1  48
        0.78544        3.06880   1  49
        0.78544        3.10293   1  50
        0.78544        3.48745   1  51
        0.78544        3.53576   1  52
        0.78544        3.61019   1  53
        0.78544        3.70748   1  54
        0.79941       -1.07060   1   1
        0.79941       -1.05787   1   2
        0.79941       -1.04031   1   3
        0.79941       -1.02684   1   4
        0.79941       -0.21543   1   5
        0.79941       -0.18589   1   6
        0.79941       -0.17359   1   7
        0.79941       -0.15774   1   8
        0.79941       -0.11890   1   9
        0.79941       -0.07974   1  10
        0.79941       -0.04537   1  11
        0.79941       -0.03871   1  12
        0.79941        0.04972   1  13
        0.79941        0.06168   1  14
        0.79941        0.08887   1  15
        0.79941        0.10321   1  16
        0.79941        0.30932   1  17
        0.79941        0.34883   1  18
        0.79941        0.38451   1  19
        0.79941        0.38755   1  20
        0.79941        0.38994   1  21
        0.79941        0.42694   1  22
        0.79941        0.53684   1  23
        0.79941        0.59371   1  24
        0.79941        0.60004   1  25
        0.79941        0.65819   1  26
        0.79941        1.20183   1  27
        0.79941        1.24507   1  28
        0.79941        1.33247   1  29
        0.79941        1.33262   1  30
        0.79941        1.45660   1  31
        0.79941        1.51114   1  32
        0.79941        1.53357   1  33
        0.79941        1.60748   1  34
        0.79941        1.64964   1  35
        0.79941        1.67054   1  36
        0.79941        1.74792   1  37
        0.79941        1.80701   1  38
        0.79941        1.89843   1  39
        0.79941        2.08605   1  40
        0.79941        2.14508   1  41
        0.79941        2.21925   1  42
        0.79941        2.70319   1  43
        0.79941        2.71772   1  44
        0.79941        2.96656   1  45
        0.79941        2.97123   1  46
        0.79941        3.00042   1  47
        0.79941        3.03294   1  48
        0.79941        3.06164   1  49
        0.79941        3.11941   1  50
        0.79941        3.40711   1  51
        0.79941        3.45042   1  52
        0.79941        3.52009   1  53
        0.79941        3.61291   1  54
        0.81339       -1.07401   1   1
        0.81339       -1.05702   1   2
        0.81339       -1.04154   1   3
        0.81339       -1.02323   1   4
        0.81339       -0.21850   1   5
        0.81339       -0.18026   1   6
        0.81339       -0.16791   1   7
        0.81339       -0.15363   1   8
        0.81339       -0.12751   1   9
        0.81339       -0.06270   1  10
        0.81339       -0.04590   1  11
        0.81339       -0.03663   1  12
        0.81339        0.03946   1  13
        0.81339        0.05989   1  14
        0.81339        0.07281   1  15
        0.81339        0.09407   1  16
        0.81339        0.30303   1  17
        0.81339        0.35197   1  18
        0.81339        0.38447   1  19
        0.81339        0.38707   1  20
        0.81339        0.39082   1  21
        0.81339        0.43896   1  22
        0.81339        0.52458   1  23
        0.81339        0.59260   1  24
        0.81339        0.60016   1  25
        0.81339        0.67031   1  26
        0.81339        1.20920   1  27
        0.81339        1.21938   1  28
        0.81339        1.36650   1  29
        0.81339        1.41704   1  30
        0.81339        1.44379   1  31
        0.81339        1.51987   1  32
        0.81339        1.52044   1  33
        0.81339        1.60102   1  34
        0.81339        1.62744   1  35
        0.81339        1.70523   1  36
        0.81339        1.80387   1  37
        0.81339        1.84152   1  38
        0.81339        1.84696   1  39
        0.81339        2.05214   1  40
        0.81339        2.25544   1  41
        0.81339        2.28998   1  42
        0.81339        2.66142   1  43
        0.81339        2.68599   1  44
        0.81339        2.89783   1  45
        0.81339        2.96024   1  46
        0.81339        3.02522   1  47
        0.81339        3.04440   1  48
        0.81339        3.04866   1  49
        0.81339        3.16257   1  50
        0.81339        3.25546   1  51
        0.81339        3.32635   1  52
        0.81339        3.46021   1  53
        0.81339        3.52203   1  54
        0.82736       -1.07578   1   1
        0.82736       -1.05607   1   2
        0.82736       -1.04269   1   3
        0.82736       -1.02158   1   4
        0.82736       -0.21792   1   5
        0.82736       -0.17282   1   6
        0.82736       -0.16187   1   7
        0.82736       -0.15146   1   8
        0.82736       -0.13519   1   9
        0.82736       -0.04632   1  10
        0.82736       -0.04436   1  11
        0.82736       -0.03585   1  12
        0.82736        0.02805   1  13
        0.82736        0.05371   1  14
        0.82736        0.05833   1  15
        0.82736        0.07979   1  16
        0.82736        0.30377   1  17
        0.82736        0.35565   1  18
        0.82736        0.38512   1  19
        0.82736        0.38661   1  20
        0.82736        0.39263   1  21
        0.82736        0.44664   1  22
        0.82736        0.51725   1  23
        0.82736        0.59021   1  24
        0.82736        0.60043   1  25
        0.82736        0.67534   1  26
        0.82736        1.19312   1  27
        0.82736        1.22404   1  28
        0.82736        1.39559   1  29
        0.82736        1.44121   1  30
        0.82736        1.49305   1  31
        0.82736        1.51372   1  32
        0.82736        1.52897   1  33
        0.82736        1.59858   1  34
        0.82736        1.59998   1  35
        0.82736        1.73943   1  36
        0.82736        1.81038   1  37
        0.82736        1.83431   1  38
        0.82736        1.86030   1  39
        0.82736        2.04206   1  40
        0.82736        2.36264   1  41
        0.82736        2.36669   1  42
        0.82736        2.65601   1  43
        0.82736        2.65898   1  44
        0.82736        2.73798   1  45
        0.82736        2.97431   1  46
        0.82736        3.00354   1  47
        0.82736        3.04420   1  48
        0.82736        3.10061   1  49
        0.82736        3.10602   1  50
        0.82736        3.17200   1  51
        0.82736        3.20535   1  52
        0.82736        3.43036   1  53
        0.82736        3.43968   1  54
        0.84134       -1.07562   1   1
        0.84134       -1.05507   1   2
        0.84134       -1.04390   1   3
        0.84134       -1.02209   1   4
        0.84134       -0.21375   1   5
        0.84134       -0.16390   1   6
        0.84134       -0.15881   1   7
        0.84134       -0.15021   1   8
        0.84134       -0.13842   1   9
        0.84134       -0.04660   1  10
        0.84134       -0.03621   1  11
        0.84134       -0.02933   1  12
        0.84134        0.01648   1  13
        0.84134        0.03539   1  14
        0.84134        0.05698   1  15
        0.84134        0.06119   1  16
        0.84134        0.31052   1  17
        0.84134        0.35994   1  18
        0.84134        0.38572   1  19
        0.84134        0.38619   1  20
        0.84134        0.39647   1  21
        0.84134        0.44987   1  22
        0.84134        0.51530   1  23
        0.84134        0.58609   1  24
        0.84134        0.60067   1  25
        0.84134        0.67276   1  26
        0.84134        1.18487   1  27
        0.84134        1.23846   1  28
        0.84134        1.41865   1  29
        0.84134        1.45021   1  30
        0.84134        1.50649   1  31
        0.84134        1.52051   1  32
        0.84134        1.53435   1  33
        0.84134        1.56983   1  34
        0.84134        1.68235   1  35
        0.84134        1.77738   1  36
        0.84134        1.78123   1  37
        0.84134        1.84407   1  38
        0.84134        1.86238   1  39
        0.84134        2.05889   1  40
        0.84134        2.40778   1  41
        0.84134        2.43142   1  42
        0.84134        2.55029   1  43
        0.84134        2.64126   1  44
        0.84134        2.65975   1  45
        0.84134        2.94295   1  46
        0.84134        2.98548   1  47
        0.84134        2.99462   1  48
        0.84134        3.04292   1  49
        0.84134        3.10028   1  50
        0.84134        3.15192   1  51
        0.84134        3.23246   1  52
        0.84134        3.39030   1  53
        0.84134        3.40684   1  54
        0.85531       -1.07351   1   1
        0.85531       -1.05412   1   2
        0.85531       -1.04523   1   3
        0.85531       -1.02456   1   4
        0.85531       -0.20618   1   5
        0.85531       -0.16177   1   6
        0.85531       -0.15355   1   7
        0.85531       -0.14901   1   8
        0.85531       -0.13398   1   9
        0.85531       -0.04692   1  10
        0.85531       -0.03770   1  11
        0.85531       -0.02787   1  12
        0.85531        0.00566   1  13
        0.85531        0.02747   1  14
        0.85531        0.04047   1  15
        0.85531        0.05600   1  16
        0.85531        0.32226   1  17
        0.85531        0.36388   1  18
        0.85531        0.38572   1  19
        0.85531        0.38582   1  20
        0.85531        0.40254   1  21
        0.85531        0.44897   1  22
        0.85531        0.51862   1  23
        0.85531        0.58049   1  24
        0.85531        0.60077   1  25
        0.85531        0.66327   1  26
        0.85531        1.19243   1  27
        0.85531        1.24712   1  28
        0.85531        1.43453   1  29
        0.85531        1.46131   1  30
        0.85531        1.50299   1  31
        0.85531        1.51102   1  32
        0.85531        1.53363   1  33
        0.85531        1.54765   1  34
        0.85531        1.74402   1  35
        0.85531        1.78960   1  36
        0.85531        1.81875   1  37
        0.85531        1.83852   1  38
        0.85531        1.90862   1  39
        0.85531        2.07454   1  40
        0.85531        2.43513   1  41
        0.85531        2.43624   1  42
        0.85531        2.46738   1  43
        0.85531        2.61960   1  44
        0.85531        2.65450   1  45
        0.85531        2.91304   1  46
        0.85531        2.97444   1  47
        0.85531        2.97919   1  48
        0.85531        3.00935   1  49
        0.85531        3.02324   1  50
        0.85531        3.19307   1  51
        0.85531        3.23731   1  52
        0.85531        3.36948   1  53
        0.85531        3.37062   1  54
        0.86929       -1.06965   1   1
        0.86929       -1.05321   1   2
        0.86929       -1.04628   1   3
        0.86929       -1.02906   1   4
        0.86929       -0.19602   1   5
        0.86929       -0.16664   1   6
        0.86929       -0.14685   1   7
        0.86929       -0.14222   1   8
        0.86929       -0.12625   1   9
        0.86929       -0.04704   1  10
        0.86929       -0.04484   1  11
        0.86929       -0.04036   1  12
        0.86929       -0.00379   1  13
        0.86929        0.02014   1  14
        0.86929        0.03430   1  15
        0.86929        0.05534   1  16
        0.86929        0.33734   1  17
        0.86929        0.36728   1  18
        0.86929        0.38537   1  19
        0.86929        0.38562   1  20
        0.86929        0.40964   1  21
        0.86929        0.44414   1  22
        0.86929        0.52685   1  23
        0.86929        0.57439   1  24
        0.86929        0.60093   1  25
        0.86929        0.64826   1  26
        0.86929        1.21420   1  27
        0.86929        1.25705   1  28
        0.86929        1.44638   1  29
        0.86929        1.47260   1  30
        0.86929        1.49558   1  31
        0.86929        1.51400   1  32
        0.86929        1.52614   1  33
        0.86929        1.53599   1  34
        0.86929        1.73530   1  35
        0.86929        1.81160   1  36
        0.86929        1.85310   1  37
        0.86929        1.86207   1  38
        0.86929        2.03917   1  39
        0.86929        2.08923   1  40
        0.86929        2.40310   1  41
        0.86929        2.44019   1  42
        0.86929        2.47968   1  43
        0.86929        2.59600   1  44
        0.86929        2.68382   1  45
        0.86929        2.90486   1  46
        0.86929        2.96113   1  47
        0.86929        2.96203   1  48
        0.86929        3.01639   1  49
        0.86929        3.01912   1  50
        0.86929        3.22700   1  51
        0.86929        3.24254   1  52
        0.86929        3.33469   1  53
        0.86929        3.39161   1  54
        0.88326       -1.06415   1   1
        0.88326       -1.05254   1   2
        0.88326       -1.04707   1   3
        0.88326       -1.03512   1   4
        0.88326       -0.18511   1   5
        0.88326       -0.17088   1   6
        0.88326       -0.14222   1   7
        0.88326       -0.13109   1   8
        0.88326       -0.11871   1   9
        0.88326       -0.06863   1  10
        0.88326       -0.04700   1  11
        0.88326       -0.04334   1  12
        0.88326       -0.01104   1  13
        0.88326        0.00155   1  14
        0.88326        0.04446   1  15
        0.88326        0.05496   1  16
        0.88326        0.35304   1  17
        0.88326        0.37014   1  18
        0.88326        0.38512   1  19
        0.88326        0.38525   1  20
        0.88326        0.41645   1  21
        0.88326        0.43612   1  22
        0.88326        0.53936   1  23
        0.88326        0.56832   1  24
        0.88326        0.60105   1  25
        0.88326        0.62973   1  26
        0.88326        1.24839   1  27
        0.88326        1.27372   1  28
        0.88326        1.45758   1  29
        0.88326        1.48125   1  30
        0.88326        1.48449   1  31
        0.88326        1.51324   1  32
        0.88326        1.52395   1  33
        0.88326        1.53164   1  34
        0.88326        1.74447   1  35
        0.88326        1.78767   1  36
        0.88326        1.89980   1  37
        0.88326        1.92673   1  38
        0.88326        2.10209   1  39
        0.88326        2.17226   1  40
        0.88326        2.37185   1  41
        0.88326        2.47047   1  42
        0.88326        2.52924   1  43
        0.88326        2.57646   1  44
        0.88326        2.72529   1  45
        0.88326        2.86334   1  46
        0.88326        2.91839   1  47
        0.88326        2.99061   1  48
        0.88326        3.00597   1  49
        0.88326        3.01086   1  50
        0.88326        3.23647   1  51
        0.88326        3.24939   1  52
        0.88326        3.31381   1  53
        0.88326        3.39641   1  54
        0.89724       -1.05758   1   1
        0.89724       -1.05213   1   2
        0.89724       -1.04764   1   3
        0.89724       -1.04203   1   4
        0.89724       -0.17720   1   5
        0.89724       -0.17364   1   6
        0.89724       -0.13213   1   7
        0.89724       -0.12207   1   8
        0.89724       -0.11319   1   9
        0.89724       -0.09260   1  10
        0.89724       -0.04695   1  11
        0.89724       -0.04586   1  12
        0.89724       -0.01583   1  13
        0.89724       -0.01241   1  14
        0.89724        0.05179   1  15
        0.89724        0.05459   1  16
        0.89724        0.36634   1  17
        0.89724        0.37183   1  18
        0.89724        0.38484   1  19
        0.89724        0.38487   1  20
        0.89724        0.42134   1  21
        0.89724        0.42742   1  22
        0.89724        0.55362   1  23
        0.89724        0.56363   1  24
        0.89724        0.60101   1  25
        0.89724        0.61104   1  26
        0.89724        1.28093   1  27
        0.89724        1.28926   1  28
        0.89724        1.46830   1  29
        0.89724        1.48007   1  30
        0.89724        1.48391   1  31
        0.89724        1.49727   1  32
        0.89724        1.52692   1  33
        0.89724        1.52999   1  34
        0.89724        1.75570   1  35
        0.89724        1.77055   1  36
        0.89724        1.96115   1  37
        0.89724        2.00199   1  38
        0.89724        2.11250   1  39
        0.89724        2.16282   1  40
        0.89724        2.38709   1  41
        0.89724        2.43108   1  42
        0.89724        2.55453   1  43
        0.89724        2.56273   1  44
        0.89724        2.73537   1  45
        0.89724        2.78121   1  46
        0.89724        2.88845   1  47
        0.89724        2.93147   1  48
        0.89724        2.97727   1  49
        0.89724        2.99208   1  50
        0.89724        3.21955   1  51
        0.89724        3.23227   1  52
        0.89724        3.32899   1  53
        0.89724        3.36369   1  54
        0.91121       -1.05195   1   1
        0.91121       -1.05195   1   2
        0.91121       -1.04784   1   3
        0.91121       -1.04784   1   4
        0.91121       -0.17457   1   5
        0.91121       -0.17457   1   6
        0.91121       -0.11839   1   7
        0.91121       -0.11839   1   8
        0.91121       -0.11114   1   9
        0.91121       -0.11114   1  10
        0.91121       -0.04691   1  11
        0.91121       -0.04691   1  12
        0.91121       -0.01771   1  13
        0.91121       -0.01769   1  14
        0.91121        0.05441   1  15
        0.91121        0.05441   1  16
        0.91121        0.37228   1  17
        0.91121        0.37229   1  18
        0.91121        0.38470   1  19
        0.91121        0.38470   1  20
        0.91121        0.42308   1  21
        0.91121        0.42308   1  22
        0.91121        0.56191   1  23
        0.91121        0.56192   1  24
        0.91121        0.60098   1  25
        0.91121        0.60098   1  26
        0.91121        1.29486   1  27
        0.91121        1.29488   1  28
        0.91121        1.47865   1  29
        0.91121        1.47865   1  30
        0.91121        1.48425   1  31
        0.91121        1.48425   1  32
        0.91121        1.52862   1  33
        0.91121        1.52862   1  34
        0.91121        1.76164   1  35
        0.91121        1.76165   1  36
        0.91121        2.02814   1  37
        0.91121        2.02816   1  38
        0.91121        2.11663   1  39
        0.91121        2.11663   1  40
        0.91121        2.37332   1  41
        0.91121        2.37338   1  42
        0.91121        2.55839   1  43
        0.91121        2.55840   1  44
        0.91121        2.72858   1  45
        0.91121        2.72858   1  46
        0.91121        2.88025   1  47
        0.91121        2.88025   1  48
        0.91121        2.97721   1  49
        0.91121        2.97721   1  50
        0.91121        3.21447   1  51
        0.91121        3.21449   1  52
        0.91121        3.34342   1  53
        0.91121        3.34342   1  54
        0.91121       -1.10375   1   1
        0.91121       -1.10375   1   2
        0.91121       -1.03173   1   3
        0.91121       -1.03173   1   4
        0.91121       -0.20706   1   5
        0.91121       -0.20706   1   6
        0.91121       -0.11871   1   7
        0.91121       -0.11871   1   8
        0.91121       -0.08197   1   9
        0.91121       -0.08197   1  10
        0.91121       -0.06944   1  11
        0.91121       -0.06944   1  12
        0.91121        0.03619   1  13
        0.91121        0.03619   1  14
        0.91121        0.10623   1  15
        0.91121        0.10623   1  16
        0.91121        0.33661   1  17
        0.91121        0.33661   1  18
        0.91121        0.37455   1  19
        0.91121        0.37455   1  20
        0.91121        0.41624   1  21
        0.91121        0.41624   1  22
        0.91121        0.60530   1  23
        0.91121        0.60530   1  24
        0.91121        0.61531   1  25
        0.91121        0.61531   1  26
        0.91121        1.07026   1  27
        0.91121        1.07026   1  28
        0.91121        1.21852   1  29
        0.91121        1.21852   1  30
        0.91121        1.53367   1  31
        0.91121        1.53367   1  32
        0.91121        1.81015   1  33
        0.91121        1.81016   1  34
        0.91121        1.85861   1  35
        0.91121        1.85861   1  36
        0.91121        1.96620   1  37
        0.91121        1.96621   1  38
        0.91121        1.99477   1  39
        0.91121        1.99477   1  40
        0.91121        2.30760   1  41
        0.91121        2.30761   1  42
        0.91121        2.43053   1  43
        0.91121        2.43054   1  44
        0.91121        2.54458   1  45
        0.91121        2.54458   1  46
        0.91121        3.05886   1  47
        0.91121        3.05887   1  48
        0.91121        3.12957   1  49
        0.91121        3.12958   1  50
        0.91121        3.18711   1  51
        0.91121        3.18712   1  52
        0.91121        3.57522   1  53
        0.91121        3.57522   1  54
        0.92529       -1.10266   1   1
        0.92529       -1.10266   1   2
        0.92529       -1.03222   1   3
        0.92529       -1.03222   1   4
        0.92529       -0.20538   1   5
        0.92529       -0.20538   1   6
        0.92529       -0.12293   1   7
        0.92529       -0.12293   1   8
        0.92529       -0.08164   1   9
        0.92529       -0.08164   1  10
        0.92529       -0.06446   1  11
        0.92529       -0.06446   1  12
        0.92529        0.03026   1  13
        0.92529        0.03026   1  14
        0.92529        0.10786   1  15
        0.92529        0.10786   1  16
        0.92529        0.33820   1  17
        0.92529        0.33820   1  18
        0.92529        0.37500   1  19
        0.92529        0.37500   1  20
        0.92529        0.41592   1  21
        0.92529        0.41592   1  22
        0.92529        0.60074   1  23
        0.92529        0.60074   1  24
        0.92529        0.61717   1  25
        0.92529        0.61717   1  26
        0.92529        1.07736   1  27
        0.92529        1.07736   1  28
        0.92529        1.22346   1  29
        0.92529        1.22346   1  30
        0.92529        1.53213   1  31
        0.92529        1.53213   1  32
        0.92529        1.79698   1  33
        0.92529        1.79698   1  34
        0.92529        1.86253   1  35
        0.92529        1.86253   1  36
        0.92529        1.98087   1  37
        0.92529        1.98088   1  38
        0.92529        1.98559   1  39
        0.92529        1.98559   1  40
        0.92529        2.28024   1  41
        0.92529        2.28024   1  42
        0.92529        2.39746   1  43
        0.92529        2.39747   1  44
        0.92529        2.57775   1  45
        0.92529        2.57775   1  46
        0.92529        3.05600   1  47
        0.92529        3.05600   1  48
        0.92529        3.13186   1  49
        0.92529        3.13187   1  50
        0.92529        3.19735   1  51
        0.92529        3.19736   1  52
        0.92529        3.58133   1  53
        0.92529        3.58134   1  54
        0.93937       -1.09950   1   1
        0.93937       -1.09950   1   2
        0.93937       -1.03361   1   3
        0.93937       -1.03361   1   4
        0.93937       -0.20044   1   5
        0.93937       -0.20044   1   6
        0.93937       -0.13172   1   7
        0.93937       -0.13172   1   8
        0.93937       -0.08103   1   9
        0.93937       -0.08103   1  10
        0.93937       -0.05389   1  11
        0.93937       -0.05389   1  12
        0.93937        0.01619   1  13
        0.93937        0.01619   1  14
        0.93937        0.11047   1  15
        0.93937        0.11047   1  16
        0.93937        0.34232   1  17
        0.93937        0.34232   1  18
        0.93937        0.37605   1  19
        0.93937        0.37605   1  20
        0.93937        0.41523   1  21
        0.93937        0.41523   1  22
        0.93937        0.59006   1  23
        0.93937        0.59006   1  24
        0.93937        0.62061   1  25
        0.93937        0.62061   1  26
        0.93937        1.09634   1  27
        0.93937        1.09634   1  28
        0.93937        1.23787   1  29
        0.93937        1.23787   1  30
        0.93937        1.52849   1  31
        0.93937        1.52849   1  32
        0.93937        1.77742   1  33
        0.93937        1.77742   1  34
        0.93937        1.86234   1  35
        0.93937        1.86234   1  36
        0.93937        1.94769   1  37
        0.93937        1.94769   1  38
        0.93937        2.01713   1  39
        0.93937        2.01713   1  40
        0.93937        2.20851   1  41
        0.93937        2.20852   1  42
        0.93937        2.37367   1  43
        0.93937        2.37367   1  44
        0.93937        2.61824   1  45
        0.93937        2.61825   1  46
        0.93937        3.05118   1  47
        0.93937        3.05118   1  48
        0.93937        3.13260   1  49
        0.93937        3.13261   1  50
        0.93937        3.22042   1  51
        0.93937        3.22042   1  52
        0.93937        3.59368   1  53
        0.93937        3.59368   1  54
        0.95345       -1.09460   1   1
        0.95345       -1.09460   1   2
        0.95345       -1.03570   1   3
        0.95345       -1.03570   1   4
        0.95345       -0.19262   1   5
        0.95345       -0.19262   1   6
        0.95345       -0.14050   1   7
        0.95345       -0.14050   1   8
        0.95345       -0.08157   1   9
        0.95345       -0.08157   1  10
        0.95345       -0.04457   1  11
        0.95345       -0.04457   1  12
        0.95345        0.00206   1  13
        0.95345        0.00207   1  14
        0.95345        0.11114   1  15
        0.95345        0.11114   1  16
        0.95345        0.34705   1  17
        0.95345        0.34705   1  18
        0.95345        0.37723   1  19
        0.95345        0.37723   1  20
        0.95345        0.41493   1  21
        0.95345        0.41493   1  22
        0.95345        0.57603   1  23
        0.95345        0.57603   1  24
        0.95345        0.62488   1  25
        0.95345        0.62488   1  26
        0.95345        1.12201   1  27
        0.95345        1.12201   1  28
        0.95345        1.26162   1  29
        0.95345        1.26162   1  30
        0.95345        1.52449   1  31
        0.95345        1.52449   1  32
        0.95345        1.75840   1  33
        0.95345        1.75840   1  34
        0.95345        1.85998   1  35
        0.95345        1.85998   1  36
        0.95345        1.88019   1  37
        0.95345        1.88019   1  38
        0.95345        2.05756   1  39
        0.95345        2.05756   1  40
        0.95345        2.15280   1  41
        0.95345        2.15280   1  42
        0.95345        2.36566   1  43
        0.95345        2.36566   1  44
        0.95345        2.64770   1  45
        0.95345        2.64770   1  46
        0.95345        3.04016   1  47
        0.95345        3.04016   1  48
        0.95345        3.12298   1  49
        0.95345        3.12298   1  50
        0.95345        3.24902   1  51
        0.95345        3.24902   1  52
        0.95345        3.59988   1  53
        0.95345        3.59989   1  54
        0.96753       -1.08849   1   1
        0.96753       -1.08849   1   2
        0.96753       -1.03810   1   3
        0.96753       -1.03810   1   4
        0.96753       -0.18285   1   5
        0.96753       -0.18285   1   6
        0.96753       -0.14716   1   7
        0.96753       -0.14716   1   8
        0.96753       -0.08648   1   9
        0.96753       -0.08648   1  10
        0.96753       -0.04262   1  11
        0.96753       -0.04262   1  12
        0.96753       -0.00202   1  13
        0.96753       -0.00202   1  14
        0.96753        0.10893   1  15
        0.96753        0.10893   1  16
        0.96753        0.34941   1  17
        0.96753        0.34941   1  18
        0.96753        0.37900   1  19
        0.96753        0.37900   1  20
        0.96753        0.41588   1  21
        0.96753        0.41588   1  22
        0.96753        0.56090   1  23
        0.96753        0.56090   1  24
        0.96753        0.63016   1  25
        0.96753        0.63016   1  26
        0.96753        1.14955   1  27
        0.96753        1.14956   1  28
        0.96753        1.29529   1  29
        0.96753        1.29529   1  30
        0.96753        1.52049   1  31
        0.96753        1.52049   1  32
        0.96753        1.73041   1  33
        0.96753        1.73041   1  34
        0.96753        1.81412   1  35
        0.96753        1.81412   1  36
        0.96753        1.86438   1  37
        0.96753        1.86438   1  38
        0.96753        2.08155   1  39
        0.96753        2.08156   1  40
        0.96753        2.14023   1  41
        0.96753        2.14023   1  42
        0.96753        2.36705   1  43
        0.96753        2.36705   1  44
        0.96753        2.67828   1  45
        0.96753        2.67828   1  46
        0.96753        2.99625   1  47
        0.96753        2.99626   1  48
        0.96753        3.12066   1  49
        0.96753        3.12066   1  50
        0.96753        3.27848   1  51
        0.96753        3.27848   1  52
        0.96753        3.59103   1  53
        0.96753        3.59104   1  54
        0.98161       -1.08195   1   1
        0.98161       -1.08195   1   2
        0.98161       -1.04023   1   3
        0.98161       -1.04023   1   4
        0.98161       -0.17315   1   5
        0.98161       -0.17315   1   6
        0.98161       -0.15074   1   7
        0.98161       -0.15074   1   8
        0.98161       -0.09806   1   9
        0.98161       -0.09806   1  10
        0.98161       -0.04432   1  11
        0.98161       -0.04432   1  12
        0.98161        0.00391   1  13
        0.98161        0.00391   1  14
        0.98161        0.10419   1  15
        0.98161        0.10419   1  16
        0.98161        0.34687   1  17
        0.98161        0.34687   1  18
        0.98161        0.38228   1  19
        0.98161        0.38228   1  20
        0.98161        0.41844   1  21
        0.98161        0.41844   1  22
        0.98161        0.54682   1  23
        0.98161        0.54682   1  24
        0.98161        0.63661   1  25
        0.98161        0.63661   1  26
        0.98161        1.17605   1  27
        0.98161        1.17605   1  28
        0.98161        1.33632   1  29
        0.98161        1.33632   1  30
        0.98161        1.51438   1  31
        0.98161        1.51439   1  32
        0.98161        1.69748   1  33
        0.98161        1.69748   1  34
        0.98161        1.76738   1  35
        0.98161        1.76738   1  36
        0.98161        1.87460   1  37
        0.98161        1.87460   1  38
        0.98161        2.07400   1  39
        0.98161        2.07401   1  40
        0.98161        2.17683   1  41
        0.98161        2.17683   1  42
        0.98161        2.38487   1  43
        0.98161        2.38487   1  44
        0.98161        2.72436   1  45
        0.98161        2.72436   1  46
        0.98161        2.92427   1  47
        0.98161        2.92427   1  48
        0.98161        3.12722   1  49
        0.98161        3.12722   1  50
        0.98161        3.30758   1  51
        0.98161        3.30758   1  52
        0.98161        3.56226   1  53
        0.98161        3.56226   1  54
        0.99569       -1.07616   1   1
        0.99569       -1.07616   1   2
        0.99569       -1.04121   1   3
        0.99569       -1.04121   1   4
        0.99569       -0.16671   1   5
        0.99569       -0.16671   1   6
        0.99569       -0.15260   1   7
        0.99569       -0.15260   1   8
        0.99569       -0.10980   1   9
        0.99569       -0.10980   1  10
        0.99569       -0.04403   1  11
        0.99569       -0.04402   1  12
        0.99569        0.01199   1  13
        0.99569        0.01199   1  14
        0.99569        0.09780   1  15
        0.99569        0.09780   1  16
        0.99569        0.33977   1  17
        0.99569        0.33977   1  18
        0.99569        0.38623   1  19
        0.99569        0.38623   1  20
        0.99569        0.42233   1  21
        0.99569        0.42233   1  22
        0.99569        0.53540   1  23
        0.99569        0.53540   1  24
        0.99569        0.64417   1  25
        0.99569        0.64417   1  26
        0.99569        1.19882   1  27
        0.99569        1.19882   1  28
        0.99569        1.37731   1  29
        0.99569        1.37731   1  30
        0.99569        1.50296   1  31
        0.99569        1.50296   1  32
        0.99569        1.67291   1  33
        0.99569        1.67291   1  34
        0.99569        1.73194   1  35
        0.99569        1.73195   1  36
        0.99569        1.88604   1  37
        0.99569        1.88604   1  38
        0.99569        2.06065   1  39
        0.99569        2.06065   1  40
        0.99569        2.23779   1  41
        0.99569        2.23779   1  42
        0.99569        2.42345   1  43
        0.99569        2.42345   1  44
        0.99569        2.76995   1  45
        0.99569        2.76995   1  46
        0.99569        2.87991   1  47
        0.99569        2.87991   1  48
        0.99569        3.13000   1  49
        0.99569        3.13000   1  50
        0.99569        3.33293   1  51
        0.99569        3.33293   1  52
        0.99569        3.51296   1  53
        0.99569        3.51296   1  54
        1.00977       -1.07260   1   1
        1.00977       -1.07260   1   2
        1.00977       -1.03984   1   3
        1.00977       -1.03984   1   4
        1.00977       -0.16660   1   5
        1.00977       -0.16660   1   6
        1.00977       -0.15776   1   7
        1.00977       -0.15776   1   8
        1.00977       -0.10984   1   9
        1.00977       -0.10984   1  10
        1.00977       -0.04266   1  11
        1.00977       -0.04266   1  12
        1.00977        0.01891   1  13
        1.00977        0.01891   1  14
        1.00977        0.09099   1  15
        1.00977        0.09099   1  16
        1.00977        0.32994   1  17
        1.00977        0.32994   1  18
        1.00977        0.38920   1  19
        1.00977        0.38920   1  20
        1.00977        0.42694   1  21
        1.00977        0.42694   1  22
        1.00977        0.52745   1  23
        1.00977        0.52745   1  24
        1.00977        0.65249   1  25
        1.00977        0.65249   1  26
        1.00977        1.21354   1  27
        1.00977        1.21354   1  28
        1.00977        1.41092   1  29
        1.00977        1.41092   1  30
        1.00977        1.48690   1  31
        1.00977        1.48690   1  32
        1.00977        1.65943   1  33
        1.00977        1.65943   1  34
        1.00977        1.69922   1  35
        1.00977        1.69922   1  36
        1.00977        1.89740   1  37
        1.00977        1.89740   1  38
        1.00977        2.05203   1  39
        1.00977        2.05203   1  40
        1.00977        2.30733   1  41
        1.00977        2.30733   1  42
        1.00977        2.48114   1  43
        1.00977        2.48114   1  44
        1.00977        2.74529   1  45
        1.00977        2.74529   1  46
        1.00977        2.93104   1  47
        1.00977        2.93104   1  48
        1.00977        3.13376   1  49
        1.00977        3.13376   1  50
        1.00977        3.35148   1  51
        1.00977        3.35148   1  52
        1.00977        3.45396   1  53
        1.00977        3.45396   1  54
        1.02385       -1.07189   1   1
        1.02385       -1.07189   1   2
        1.02385       -1.03584   1   3
        1.02385       -1.03584   1   4
        1.02385       -0.17977   1   5
        1.02385       -0.17977   1   6
        1.02385       -0.15593   1   7
        1.02385       -0.15592   1   8
        1.02385       -0.10032   1   9
        1.02385       -0.10032   1  10
        1.02385       -0.04108   1  11
        1.02385       -0.04107   1  12
        1.02385        0.02321   1  13
        1.02385        0.02321   1  14
        1.02385        0.08526   1  15
        1.02385        0.08526   1  16
        1.02385        0.31899   1  17
        1.02385        0.31899   1  18
        1.02385        0.39039   1  19
        1.02385        0.39039   1  20
        1.02385        0.43165   1  21
        1.02385        0.43165   1  22
        1.02385        0.52295   1  23
        1.02385        0.52295   1  24
        1.02385        0.66092   1  25
        1.02385        0.66092   1  26
        1.02385        1.21690   1  27
        1.02385        1.21691   1  28
        1.02385        1.43409   1  29
        1.02385        1.43409   1  30
        1.02385        1.47161   1  31
        1.02385        1.47161   1  32
        1.02385        1.65296   1  33
        1.02385        1.65296   1  34
        1.02385        1.66348   1  35
        1.02385        1.66348   1  36
        1.02385        1.90758   1  37
        1.02385        1.90758   1  38
        1.02385        2.05275   1  39
        1.02385        2.05275   1  40
        1.02385        2.36209   1  41
        1.02385        2.36209   1  42
        1.02385        2.55286   1  43
        1.02385        2.55286   1  44
        1.02385        2.70352   1  45
        1.02385        2.70353   1  46
        1.02385        2.97152   1  47
        1.02385        2.97152   1  48
        1.02385        3.16371   1  49
        1.02385        3.16371   1  50
        1.02385        3.36048   1  51
        1.02385        3.36049   1  52
        1.02385        3.40928   1  53
        1.02385        3.40928   1  54
        1.03793       -1.07293   1   1
        1.03793       -1.07293   1   2
        1.03793       -1.03065   1   3
        1.03793       -1.03065   1   4
        1.03793       -0.19495   1   5
        1.03793       -0.19495   1   6
        1.03793       -0.15082   1   7
        1.03793       -0.15082   1   8
        1.03793       -0.09029   1   9
        1.03793       -0.09029   1  10
        1.03793       -0.03818   1  11
        1.03793       -0.03818   1  12
        1.03793        0.02347   1  13
        1.03793        0.02347   1  14
        1.03793        0.08212   1  15
        1.03793        0.08212   1  16
        1.03793        0.30830   1  17
        1.03793        0.30830   1  18
        1.03793        0.38992   1  19
        1.03793        0.38992   1  20
        1.03793        0.43591   1  21
        1.03793        0.43591   1  22
        1.03793        0.52121   1  23
        1.03793        0.52121   1  24
        1.03793        0.66869   1  25
        1.03793        0.66869   1  26
        1.03793        1.21041   1  27
        1.03793        1.21041   1  28
        1.03793        1.44809   1  29
        1.03793        1.44809   1  30
        1.03793        1.46125   1  31
        1.03793        1.46125   1  32
        1.03793        1.62565   1  33
        1.03793        1.62565   1  34
        1.03793        1.65011   1  35
        1.03793        1.65011   1  36
        1.03793        1.91291   1  37
        1.03793        1.91291   1  38
        1.03793        2.05612   1  39
        1.03793        2.05612   1  40
        1.03793        2.39374   1  41
        1.03793        2.39374   1  42
        1.03793        2.62604   1  43
        1.03793        2.62604   1  44
        1.03793        2.67042   1  45
        1.03793        2.67042   1  46
        1.03793        2.96515   1  47
        1.03793        2.96515   1  48
        1.03793        3.19968   1  49
        1.03793        3.19969   1  50
        1.03793        3.33795   1  51
        1.03793        3.33796   1  52
        1.03793        3.41624   1  53
        1.03793        3.41625   1  54
        1.05201       -1.07433   1   1
        1.05201       -1.07433   1   2
        1.05201       -1.02600   1   3
        1.05201       -1.02600   1   4
        1.05201       -0.20718   1   5
        1.05201       -0.20718   1   6
        1.05201       -0.14500   1   7
        1.05201       -0.14500   1   8
        1.05201       -0.08489   1   9
        1.05201       -0.08489   1  10
        1.05201       -0.03192   1  11
        1.05201       -0.03192   1  12
        1.05201        0.01920   1  13
        1.05201        0.01920   1  14
        1.05201        0.08190   1  15
        1.05201        0.08190   1  16
        1.05201        0.29924   1  17
        1.05201        0.29925   1  18
        1.05201        0.38855   1  19
        1.05201        0.38855   1  20
        1.05201        0.43931   1  21
        1.05201        0.43931   1  22
        1.05201        0.52117   1  23
        1.05201        0.52117   1  24
        1.05201        0.67502   1  25
        1.05201        0.67502   1  26
        1.05201        1.19970   1  27
        1.05201        1.19971   1  28
        1.05201        1.45338   1  29
        1.05201        1.45338   1  30
        1.05201        1.45944   1  31
        1.05201        1.45944   1  32
        1.05201        1.59193   1  33
        1.05201        1.59193   1  34
        1.05201        1.64911   1  35
        1.05201        1.64911   1  36
        1.05201        1.91360   1  37
        1.05201        1.91360   1  38
        1.05201        2.05092   1  39
        1.05201        2.05092   1  40
        1.05201        2.41560   1  41
        1.05201        2.41560   1  42
        1.05201        2.63573   1  43
        1.05201        2.63573   1  44
        1.05201        2.70114   1  45
        1.05201        2.70114   1  46
        1.05201        2.93797   1  47
        1.05201        2.93797   1  48
        1.05201        3.21109   1  49
        1.05201        3.21110   1  50
        1.05201        3.30367   1  51
        1.05201        3.30367   1  52
        1.05201        3.44305   1  53
        1.05201        3.44305   1  54
        1.06609       -1.07534   1   1
        1.06609       -1.07534   1   2
        1.06609       -1.02292   1   3
        1.06609       -1.02292   1   4
        1.06609       -0.21497   1   5
        1.06609       -0.21497   1   6
        1.06609       -0.14013   1   7
        1.06609       -0.14013   1   8
        1.06609       -0.08415   1   9
        1.06609       -0.08415   1  10
        1.06609       -0.02322   1  11
        1.06609       -0.02322   1  12
        1.06609        0.01229   1  13
        1.06609        0.01229   1  14
        1.06609        0.08304   1  15
        1.06609        0.08304   1  16
        1.06609        0.29314   1  17
        1.06609        0.29314   1  18
        1.06609        0.38724   1  19
        1.06609        0.38724   1  20
        1.06609        0.44150   1  21
        1.06609        0.44150   1  22
        1.06609        0.52169   1  23
        1.06609        0.52169   1  24
        1.06609        0.67921   1  25
        1.06609        0.67921   1  26
        1.06609        1.19091   1  27
        1.06609        1.19091   1  28
        1.06609        1.45146   1  29
        1.06609        1.45146   1  30
        1.06609        1.46612   1  31
        1.06609        1.46612   1  32
        1.06609        1.56793   1  33
        1.06609        1.56793   1  34
        1.06609        1.64912   1  35
        1.06609        1.64912   1  36
        1.06609        1.91249   1  37
        1.06609        1.91249   1  38
        1.06609        2.04023   1  39
        1.06609        2.04023   1  40
        1.06609        2.43317   1  41
        1.06609        2.43317   1  42
        1.06609        2.61738   1  43
        1.06609        2.61738   1  44
        1.06609        2.75723   1  45
        1.06609        2.75723   1  46
        1.06609        2.89738   1  47
        1.06609        2.89738   1  48
        1.06609        3.21779   1  49
        1.06609        3.21780   1  50
        1.06609        3.27096   1  51
        1.06609        3.27096   1  52
        1.06609        3.45861   1  53
        1.06609        3.45861   1  54
        1.08017       -1.07570   1   1
        1.08017       -1.07570   1   2
        1.08017       -1.02185   1   3
        1.08017       -1.02185   1   4
        1.08017       -0.21764   1   5
        1.08017       -0.21764   1   6
        1.08017       -0.13815   1   7
        1.08017       -0.13815   1   8
        1.08017       -0.08455   1   9
        1.08017       -0.08455   1  10
        1.08017       -0.01825   1  11
        1.08017       -0.01825   1  12
        1.08017        0.00808   1  13
        1.08017        0.00808   1  14
        1.08017        0.08368   1  15
        1.08017        0.08368   1  16
        1.08017        0.29098   1  17
        1.08017        0.29098   1  18
        1.08017        0.38671   1  19
        1.08017        0.38671   1  20
        1.08017        0.44226   1  21
        1.08017        0.44226   1  22
        1.08017        0.52196   1  23
        1.08017        0.52196   1  24
        1.08017        0.68067   1  25
        1.08017        0.68067   1  26
        1.08017        1.18766   1  27
        1.08017        1.18766   1  28
        1.08017        1.45070   1  29
        1.08017        1.45070   1  30
        1.08017        1.46965   1  31
        1.08017        1.46965   1  32
        1.08017        1.55881   1  33
        1.08017        1.55881   1  34
        1.08017        1.64927   1  35
        1.08017        1.64927   1  36
        1.08017        1.91182   1  37
        1.08017        1.91182   1  38
        1.08017        2.03505   1  39
        1.08017        2.03505   1  40
        1.08017        2.44016   1  41
        1.08017        2.44016   1  42
        1.08017        2.61038   1  43
        1.08017        2.61038   1  44
        1.08017        2.78928   1  45
        1.08017        2.78928   1  46
        1.08017        2.86790   1  47
        1.08017        2.86790   1  48
        1.08017        3.22707   1  49
        1.08017        3.22707   1  50
        1.08017        3.25160   1  51
        1.08017        3.25160   1  52
        1.08017        3.46258   1  53
        1.08017        3.46258   1  54
        1.08017       -1.10847   1   1
        1.08017       -1.10847   1   2
        1.08017       -1.02454   1   3
        1.08017       -1.02454   1   4
        1.08017       -0.25355   1   5
        1.08017       -0.25355   1   6
        1.08017       -0.12860   1   7
        1.08017       -0.12860   1   8
        1.08017       -0.05270   1   9
        1.08017       -0.05270   1  10
        1.08017       -0.00270   1  11
        1.08017       -0.00270   1  12
        1.08017        0.06181   1  13
        1.08017        0.06181   1  14
        1.08017        0.07802   1  15
        1.08017        0.07802   1  16
        1.08017        0.29036   1  17
        1.08017        0.29036   1  18
        1.08017        0.33659   1  19
        1.08017        0.33659   1  20
        1.08017        0.43728   1  21
        1.08017        0.43728   1  22
        1.08017        0.58445   1  23
        1.08017        0.58445   1  24
        1.08017        0.64159   1  25
        1.08017        0.64159   1  26
        1.08017        1.20725   1  27
        1.08017        1.20725   1  28
        1.08017        1.30679   1  29
        1.08017        1.30679   1  30
        1.08017        1.45091   1  31
        1.08017        1.45091   1  32
        1.08017        1.66114   1  33
        1.08017        1.66114   1  34
        1.08017        1.83518   1  35
        1.08017        1.83518   1  36
        1.08017        2.10337   1  37
        1.08017        2.10337   1  38
        1.08017        2.13123   1  39
        1.08017        2.13123   1  40
        1.08017        2.21624   1  41
        1.08017        2.21624   1  42
        1.08017        2.54753   1  43
        1.08017        2.54753   1  44
        1.08017        2.64968   1  45
        1.08017        2.64968   1  46
        1.08017        2.77286   1  47
        1.08017        2.77286   1  48
        1.08017        3.13679   1  49
        1.08017        3.13679   1  50
        1.08017        3.14443   1  51
        1.08017        3.14443   1  52
        1.08017        3.59755   1  53
        1.08017        3.59755   1  54
        1.09425       -1.10730   1   1
        1.09425       -1.10730   1   2
        1.09425       -1.02513   1   3
        1.09425       -1.02513   1   4
        1.09425       -0.25200   1   5
        1.09425       -0.25200   1   6
        1.09425       -0.13383   1   7
        1.09425       -0.13383   1   8
        1.09425       -0.04596   1   9
        1.09425       -0.04596   1  10
        1.09425       -0.00178   1  11
        1.09425       -0.00178   1  12
        1.09425        0.05692   1  13
        1.09425        0.05692   1  14
        1.09425        0.07610   1  15
        1.09425        0.07610   1  16
        1.09425        0.29318   1  17
        1.09425        0.29318   1  18
        1.09425        0.33752   1  19
        1.09425        0.33752   1  20
        1.09425        0.43595   1  21
        1.09425        0.43595   1  22
        1.09425        0.58529   1  23
        1.09425        0.58529   1  24
        1.09425        0.63948   1  25
        1.09425        0.63948   1  26
        1.09425        1.20947   1  27
        1.09425        1.20947   1  28
        1.09425        1.31409   1  29
        1.09425        1.31409   1  30
        1.09425        1.45578   1  31
        1.09425        1.45578   1  32
        1.09425        1.65351   1  33
        1.09425        1.65351   1  34
        1.09425        1.82385   1  35
        1.09425        1.82385   1  36
        1.09425        2.08776   1  37
        1.09425        2.08776   1  38
        1.09425        2.13836   1  39
        1.09425        2.13836   1  40
        1.09425        2.23369   1  41
        1.09425        2.23369   1  42
        1.09425        2.53615   1  43
        1.09425        2.53615   1  44
        1.09425        2.62867   1  45
        1.09425        2.62867   1  46
        1.09425        2.79414   1  47
        1.09425        2.79414   1  48
        1.09425        3.11780   1  49
        1.09425        3.11780   1  50
        1.09425        3.15341   1  51
        1.09425        3.15341   1  52
        1.09425        3.60158   1  53
        1.09425        3.60158   1  54
        1.10833       -1.10391   1   1
        1.10833       -1.10391   1   2
        1.10833       -1.02686   1   3
        1.10833       -1.02686   1   4
        1.10833       -0.24743   1   5
        1.10833       -0.24743   1   6
        1.10833       -0.14544   1   7
        1.10833       -0.14544   1   8
        1.10833       -0.02989   1   9
        1.10833       -0.02989   1  10
        1.10833        0.00094   1  11
        1.10833        0.00094   1  12
        1.10833        0.04330   1  13
        1.10833        0.04330   1  14
        1.10833        0.07061   1  15
        1.10833        0.07061   1  16
        1.10833        0.30089   1  17
        1.10833        0.30089   1  18
        1.10833        0.34025   1  19
        1.10833        0.34025   1  20
        1.10833        0.43201   1  21
        1.10833        0.43201   1  22
        1.10833        0.58765   1  23
        1.10833        0.58765   1  24
        1.10833        0.63370   1  25
        1.10833        0.63370   1  26
        1.10833        1.21652   1  27
        1.10833        1.21652   1  28
        1.10833        1.33472   1  29
        1.10833        1.33472   1  30
        1.10833        1.46857   1  31
        1.10833        1.46857   1  32
        1.10833        1.62333   1  33
        1.10833        1.62333   1  34
        1.10833        1.79402   1  35
        1.10833        1.79402   1  36
        1.10833        2.04802   1  37
        1.10833        2.04802   1  38
        1.10833        2.15958   1  39
        1.10833        2.15958   1  40
        1.10833        2.29244   1  41
        1.10833        2.29244   1  42
        1.10833        2.50856   1  43
        1.10833        2.50856   1  44
        1.10833        2.57802   1  45
        1.10833        2.57802   1  46
        1.10833        2.85585   1  47
        1.10833        2.85585   1  48
        1.10833        3.07829   1  49
        1.10833        3.07829   1  50
        1.10833        3.17703   1  51
        1.10833        3.17703   1  52
        1.10833        3.60850   1  53
        1.10833        3.60850   1  54
        1.12242       -1.09854   1   1
        1.12242       -1.09854   1   2
        1.12242       -1.02959   1   3
        1.12242       -1.02959   1   4
        1.12242       -0.24009   1   5
        1.12242       -0.24009   1   6
        1.12242       -0.15819   1   7
        1.12242       -0.15819   1   8
        1.12242       -0.01013   1   9
        1.12242       -0.01013   1  10
        1.12242        0.00537   1  11
        1.12242        0.00537   1  12
        1.12242        0.02344   1  13
        1.12242        0.02344   1  14
        1.12242        0.06223   1  15
        1.12242        0.06223   1  16
        1.12242        0.31184   1  17
        1.12242        0.31184   1  18
        1.12242        0.34458   1  19
        1.12242        0.34458   1  20
        1.12242        0.42558   1  21
        1.12242        0.42558   1  22
        1.12242        0.59098   1  23
        1.12242        0.59098   1  24
        1.12242        0.62561   1  25
        1.12242        0.62561   1  26
        1.12242        1.22874   1  27
        1.12242        1.22874   1  28
        1.12242        1.36596   1  29
        1.12242        1.36596   1  30
        1.12242        1.48601   1  31
        1.12242        1.48601   1  32
        1.12242        1.56671   1  33
        1.12242        1.56671   1  34
        1.12242        1.75486   1  35
        1.12242        1.75486   1  36
        1.12242        1.99541   1  37
        1.12242        1.99541   1  38
        1.12242        2.19178   1  39
        1.12242        2.19178   1  40
        1.12242        2.37785   1  41
        1.12242        2.37785   1  42
        1.12242        2.47741   1  43
        1.12242        2.47742   1  44
        1.12242        2.53450   1  45
        1.12242        2.53450   1  46
        1.12242        2.95473   1  47
        1.12242        2.95474   1  48
        1.12242        3.05094   1  49
        1.12242        3.05094   1  50
        1.12242        3.20944   1  51
        1.12242        3.20944   1  52
        1.12242        3.61058   1  53
        1.12242        3.61058   1  54
        1.13650       -1.09151   1   1
        1.13650       -1.09151   1   2
        1.13650       -1.03315   1   3
        1.13650       -1.03315   1   4
        1.13650       -0.23045   1   5
        1.13650       -0.23045   1   6
        1.13650       -0.16972   1   7
        1.13650       -0.16972   1   8
        1.13650        0.00006   1   9
        1.13650        0.00006   1  10
        1.13650        0.00951   1  11
        1.13650        0.00951   1  12
        1.13650        0.01136   1  13
        1.13650        0.01136   1  14
        1.13650        0.05234   1  15
        1.13650        0.05234   1  16
        1.13650        0.32427   1  17
        1.13650        0.32427   1  18
        1.13650        0.35021   1  19
        1.13650        0.35021   1  20
        1.13650        0.41697   1  21
        1.13650        0.41697   1  22
        1.13650        0.59449   1  23
        1.13650        0.59449   1  24
        1.13650        0.61684   1  25
        1.13650        0.61684   1  26
        1.13650        1.24485   1  27
        1.13650        1.24485   1  28
        1.13650        1.40371   1  29
        1.13650        1.40371   1  30
        1.13650        1.49799   1  31
        1.13650        1.49799   1  32
        1.13650        1.50751   1  33
        1.13650        1.50751   1  34
        1.13650        1.71417   1  35
        1.13650        1.71417   1  36
        1.13650        1.93604   1  37
        1.13650        1.93604   1  38
        1.13650        2.22311   1  39
        1.13650        2.22311   1  40
        1.13650        2.39154   1  41
        1.13650        2.39154   1  42
        1.13650        2.45326   1  43
        1.13650        2.45326   1  44
        1.13650        2.58180   1  45
        1.13650        2.58180   1  46
        1.13650        3.05212   1  47
        1.13650        3.05212   1  48
        1.13650        3.08249   1  49
        1.13650        3.08249   1  50
        1.13650        3.24556   1  51
        1.13650        3.24556   1  52
        1.13650        3.60322   1  53
        1.13650        3.60322   1  54
        1.15058       -1.08323   1   1
        1.15058       -1.08323   1   2
        1.15058       -1.03731   1   3
        1.15058       -1.03731   1   4
        1.15058       -0.21921   1   5
        1.15058       -0.21921   1   6
        1.15058       -0.17921   1   7
        1.15058       -0.17921   1   8
        1.15058       -0.02449   1   9
        1.15058       -0.02449   1  10
        1.15058        0.01866   1  11
        1.15058        0.01866   1  12
        1.15058        0.02151   1  13
        1.15058        0.02151   1  14
        1.15058        0.04745   1  15
        1.15058        0.04745   1  16
        1.15058        0.33681   1  17
        1.15058        0.33681   1  18
        1.15058        0.35664   1  19
        1.15058        0.35664   1  20
        1.15058        0.40666   1  21
        1.15058        0.40666   1  22
        1.15058        0.59734   1  23
        1.15058        0.59734   1  24
        1.15058        0.60882   1  25
        1.15058        0.60882   1  26
        1.15058        1.26183   1  27
        1.15058        1.26183   1  28
        1.15058        1.42353   1  29
        1.15058        1.42353   1  30
        1.15058        1.45412   1  31
        1.15058        1.45412   1  32
        1.15058        1.53561   1  33
        1.15058        1.53561   1  34
        1.15058        1.67512   1  35
        1.15058        1.67512   1  36
        1.15058        1.87331   1  37
        1.15058        1.87331   1  38
        1.15058        2.23179   1  39
        1.15058        2.23180   1  40
        1.15058        2.34130   1  41
        1.15058        2.34130   1  42
        1.15058        2.44563   1  43
        1.15058        2.44563   1  44
        1.15058        2.67584   1  45
        1.15058        2.67584   1  46
        1.15058        3.07072   1  47
        1.15058        3.07072   1  48
        1.15058        3.21832   1  49
        1.15058        3.21832   1  50
        1.15058        3.27721   1  51
        1.15058        3.27722   1  52
        1.15058        3.57968   1  53
        1.15058        3.57968   1  54
        1.16466       -1.07424   1   1
        1.16466       -1.07424   1   2
        1.16466       -1.04180   1   3
        1.16466       -1.04180   1   4
        1.16466       -0.20737   1   5
        1.16466       -0.20737   1   6
        1.16466       -0.18640   1   7
        1.16466       -0.18640   1   8
        1.16466       -0.04821   1   9
        1.16466       -0.04821   1  10
        1.16466        0.01457   1  11
        1.16466        0.01457   1  12
        1.16466        0.02693   1  13
        1.16466        0.02693   1  14
        1.16466        0.05852   1  15
        1.16466        0.05852   1  16
        1.16466        0.34865   1  17
        1.16466        0.34865   1  18
        1.16466        0.36331   1  19
        1.16466        0.36331   1  20
        1.16466        0.39520   1  21
        1.16466        0.39520   1  22
        1.16466        0.59898   1  23
        1.16466        0.59898   1  24
        1.16466        0.60256   1  25
        1.16466        0.60256   1  26
        1.16466        1.27633   1  27
        1.16466        1.27633   1  28
        1.16466        1.37278   1  29
        1.16466        1.37278   1  30
        1.16466        1.49186   1  31
        1.16466        1.49186   1  32
        1.16466        1.57158   1  33
        1.16466        1.57158   1  34
        1.16466        1.63777   1  35
        1.16466        1.63777   1  36
        1.16466        1.81034   1  37
        1.16466        1.81034   1  38
        1.16466        2.20576   1  39
        1.16466        2.20576   1  40
        1.16466        2.27619   1  41
        1.16466        2.27619   1  42
        1.16466        2.45722   1  43
        1.16466        2.45722   1  44
        1.16466        2.74397   1  45
        1.16466        2.74397   1  46
        1.16466        3.08691   1  47
        1.16466        3.08691   1  48
        1.16466        3.29023   1  49
        1.16466        3.29024   1  50
        1.16466        3.33654   1  51
        1.16466        3.33654   1  52
        1.16466        3.53131   1  53
        1.16466        3.53131   1  54
        1.17874       -1.06516   1   1
        1.17874       -1.06516   1   2
        1.17874       -1.04631   1   3
        1.17874       -1.04631   1   4
        1.17874       -0.19623   1   5
        1.17874       -0.19623   1   6
        1.17874       -0.19118   1   7
        1.17874       -0.19118   1   8
        1.17874       -0.06924   1   9
        1.17874       -0.06924   1  10
        1.17874        0.00100   1  11
        1.17874        0.00100   1  12
        1.17874        0.03573   1  13
        1.17874        0.03573   1  14
        1.17874        0.07347   1  15
        1.17874        0.07347   1  16
        1.17874        0.35941   1  17
        1.17874        0.35941   1  18
        1.17874        0.36978   1  19
        1.17874        0.36978   1  20
        1.17874        0.38316   1  21
        1.17874        0.38316   1  22
        1.17874        0.59854   1  23
        1.17874        0.59854   1  24
        1.17874        0.59922   1  25
        1.17874        0.59922   1  26
        1.17874        1.28583   1  27
        1.17874        1.28583   1  28
        1.17874        1.32343   1  29
        1.17874        1.32343   1  30
        1.17874        1.53346   1  31
        1.17874        1.53346   1  32
        1.17874        1.60209   1  33
        1.17874        1.60209   1  34
        1.17874        1.61288   1  35
        1.17874        1.61288   1  36
        1.17874        1.74993   1  37
        1.17874        1.74993   1  38
        1.17874        2.15950   1  39
        1.17874        2.15950   1  40
        1.17874        2.20333   1  41
        1.17874        2.20333   1  42
        1.17874        2.48095   1  43
        1.17874        2.48095   1  44
        1.17874        2.78939   1  45
        1.17874        2.78939   1  46
        1.17874        3.09255   1  47
        1.17874        3.09255   1  48
        1.17874        3.26972   1  49
        1.17874        3.26972   1  50
        1.17874        3.42314   1  51
        1.17874        3.42314   1  52
        1.17874        3.46563   1  53
        1.17874        3.46563   1  54
        1.19282       -1.05665   1   1
        1.19282       -1.05665   1   2
        1.19282       -1.05049   1   3
        1.19282       -1.05049   1   4
        1.19282       -0.19364   1   5
        1.19282       -0.19364   1   6
        1.19282       -0.18736   1   7
        1.19282       -0.18736   1   8
        1.19282       -0.08579   1   9
        1.19282       -0.08579   1  10
        1.19282       -0.01295   1  11
        1.19282       -0.01295   1  12
        1.19282        0.04452   1  13
        1.19282        0.04452   1  14
        1.19282        0.08658   1  15
        1.19282        0.08658   1  16
        1.19282        0.36891   1  17
        1.19282        0.36891   1  18
        1.19282        0.37125   1  19
        1.19282        0.37125   1  20
        1.19282        0.37577   1  21
        1.19282        0.37577   1  22
        1.19282        0.59676   1  23
        1.19282        0.59676   1  24
        1.19282        0.59823   1  25
        1.19282        0.59823   1  26
        1.19282        1.27668   1  27
        1.19282        1.27668   1  28
        1.19282        1.28922   1  29
        1.19282        1.28922   1  30
        1.19282        1.56625   1  31
        1.19282        1.56625   1  32
        1.19282        1.56915   1  33
        1.19282        1.56915   1  34
        1.19282        1.65456   1  35
        1.19282        1.65456   1  36
        1.19282        1.69599   1  37
        1.19282        1.69599   1  38
        1.19282        2.11486   1  39
        1.19282        2.11486   1  40
        1.19282        2.13107   1  41
        1.19282        2.13107   1  42
        1.19282        2.51766   1  43
        1.19282        2.51766   1  44
        1.19282        2.84520   1  45
        1.19282        2.84520   1  46
        1.19282        3.09166   1  47
        1.19282        3.09166   1  48
        1.19282        3.21069   1  49
        1.19282        3.21069   1  50
        1.19282        3.41557   1  51
        1.19282        3.41557   1  52
        1.19282        3.48192   1  53
        1.19282        3.48192   1  54
        1.20690       -1.05406   1   1
        1.20690       -1.05406   1   2
        1.20690       -1.04930   1   3
        1.20690       -1.04930   1   4
        1.20690       -0.19427   1   5
        1.20690       -0.19427   1   6
        1.20690       -0.18213   1   7
        1.20690       -0.18213   1   8
        1.20690       -0.09651   1   9
        1.20690       -0.09651   1  10
        1.20690       -0.02559   1  11
        1.20690       -0.02559   1  12
        1.20690        0.05261   1  13
        1.20690        0.05261   1  14
        1.20690        0.09688   1  15
        1.20690        0.09688   1  16
        1.20690        0.36040   1  17
        1.20690        0.36040   1  18
        1.20690        0.37691   1  19
        1.20690        0.37691   1  20
        1.20690        0.38098   1  21
        1.20690        0.38098   1  22
        1.20690        0.59650   1  23
        1.20690        0.59650   1  24
        1.20690        0.59680   1  25
        1.20690        0.59680   1  26
        1.20690        1.23650   1  27
        1.20690        1.23650   1  28
        1.20690        1.28710   1  29
        1.20690        1.28710   1  30
        1.20690        1.54097   1  31
        1.20690        1.54097   1  32
        1.20690        1.57903   1  33
        1.20690        1.57903   1  34
        1.20690        1.65418   1  35
        1.20690        1.65418   1  36
        1.20690        1.69271   1  37
        1.20690        1.69271   1  38
        1.20690        2.07130   1  39
        1.20690        2.07130   1  40
        1.20690        2.08541   1  41
        1.20690        2.08541   1  42
        1.20690        2.57303   1  43
        1.20690        2.57303   1  44
        1.20690        2.92567   1  45
        1.20690        2.92567   1  46
        1.20690        3.09482   1  47
        1.20690        3.09482   1  48
        1.20690        3.12457   1  49
        1.20690        3.12458   1  50
        1.20690        3.42699   1  51
        1.20690        3.42699   1  52
        1.20690        3.52523   1  53
        1.20690        3.52523   1  54
        1.22098       -1.05679   1   1
        1.22098       -1.05679   1   2
        1.22098       -1.04360   1   3
        1.22098       -1.04360   1   4
        1.22098       -0.19391   1   5
        1.22098       -0.19391   1   6
        1.22098       -0.18065   1   7
        1.22098       -0.18065   1   8
        1.22098       -0.10156   1   9
        1.22098       -0.10156   1  10
        1.22098       -0.03576   1  11
        1.22098       -0.03576   1  12
        1.22098        0.05921   1  13
        1.22098        0.05921   1  14
        1.22098        0.10423   1  15
        1.22098        0.10423   1  16
        1.22098        0.35170   1  17
        1.22098        0.35170   1  18
        1.22098        0.38301   1  19
        1.22098        0.38301   1  20
        1.22098        0.38498   1  21
        1.22098        0.38498   1  22
        1.22098        0.59469   1  23
        1.22098        0.59469   1  24
        1.22098        0.59791   1  25
        1.22098        0.59791   1  26
        1.22098        1.20902   1  27
        1.22098        1.20902   1  28
        1.22098        1.28182   1  29
        1.22098        1.28182   1  30
        1.22098        1.51964   1  31
        1.22098        1.51964   1  32
        1.22098        1.56996   1  33
        1.22098        1.56996   1  34
        1.22098        1.62852   1  35
        1.22098        1.62852   1  36
        1.22098        1.72531   1  37
        1.22098        1.72531   1  38
        1.22098        2.03217   1  39
        1.22098        2.03217   1  40
        1.22098        2.07291   1  41
        1.22098        2.07291   1  42
        1.22098        2.64043   1  43
        1.22098        2.64043   1  44
        1.22098        2.99346   1  45
        1.22098        2.99346   1  46
        1.22098        3.03653   1  47
        1.22098        3.03653   1  48
        1.22098        3.10245   1  49
        1.22098        3.10245   1  50
        1.22098        3.53514   1  51
        1.22098        3.53514   1  52
        1.22098        3.56073   1  53
        1.22098        3.56073   1  54
        1.23506       -1.05851   1   1
        1.23506       -1.05851   1   2
        1.23506       -1.03997   1   3
        1.23506       -1.03997   1   4
        1.23506       -0.19337   1   5
        1.23506       -0.19337   1   6
        1.23506       -0.18121   1   7
        1.23506       -0.18121   1   8
        1.23506       -0.10298   1   9
        1.23506       -0.10298   1  10
        1.23506       -0.04239   1  11
        1.23506       -0.04239   1  12
        1.23506        0.06356   1  13
        1.23506        0.06356   1  14
        1.23506        0.10861   1  15
        1.23506        0.10861   1  16
        1.23506        0.34608   1  17
        1.23506        0.34608   1  18
        1.23506        0.38682   1  19
        1.23506        0.38682   1  20
        1.23506        0.38744   1  21
        1.23506        0.38744   1  22
        1.23506        0.59337   1  23
        1.23506        0.59337   1  24
        1.23506        0.59913   1  25
        1.23506        0.59913   1  26
        1.23506        1.19525   1  27
        1.23506        1.19525   1  28
        1.23506        1.27676   1  29
        1.23506        1.27676   1  30
        1.23506        1.50642   1  31
        1.23506        1.50642   1  32
        1.23506        1.55286   1  33
        1.23506        1.55286   1  34
        1.23506        1.61727   1  35
        1.23506        1.61727   1  36
        1.23506        1.74796   1  37
        1.23506        1.74796   1  38
        1.23506        2.01253   1  39
        1.23506        2.01253   1  40
        1.23506        2.07097   1  41
        1.23506        2.07097   1  42
        1.23506        2.69516   1  43
        1.23506        2.69516   1  44
        1.23506        2.97516   1  45
        1.23506        2.97516   1  46
        1.23506        3.02913   1  47
        1.23506        3.02913   1  48
        1.23506        3.10542   1  49
        1.23506        3.10542   1  50
        1.23506        3.58656   1  51
        1.23506        3.58656   1  52
        1.23506        3.68274   1  53
        1.23506        3.68274   1  54
        1.24914       -1.05910   1   1
        1.24914       -1.05910   1   2
        1.24914       -1.03872   1   3
        1.24914       -1.03872   1   4
        1.24914       -0.19313   1   5
        1.24914       -0.19313   1   6
        1.24914       -0.18168   1   7
        1.24914       -0.18168   1   8
        1.24914       -0.10313   1   9
        1.24914       -0.10313   1  10
        1.24914       -0.04470   1  11
        1.24914       -0.04470   1  12
        1.24914        0.06508   1  13
        1.24914        0.06508   1  14
        1.24914        0.11007   1  15
        1.24914        0.11007   1  16
        1.24914        0.34414   1  17
        1.24914        0.34414   1  18
        1.24914        0.38812   1  19
        1.24914        0.38812   1  20
        1.24914        0.38825   1  21
        1.24914        0.38825   1  22
        1.24914        0.59290   1  23
        1.24914        0.59290   1  24
        1.24914        0.59965   1  25
        1.24914        0.59965   1  26
        1.24914        1.19144   1  27
        1.24914        1.19144   1  28
        1.24914        1.27472   1  29
        1.24914        1.27472   1  30
        1.24914        1.50194   1  31
        1.24914        1.50194   1  32
        1.24914        1.54481   1  33
        1.24914        1.54481   1  34
        1.24914        1.61458   1  35
        1.24914        1.61458   1  36
        1.24914        1.75607   1  37
        1.24914        1.75607   1  38
        1.24914        2.00682   1  39
        1.24914        2.00682   1  40
        1.24914        2.07154   1  41
        1.24914        2.07154   1  42
        1.24914        2.71467   1  43
        1.24914        2.71467   1  44
        1.24914        2.95516   1  45
        1.24914        2.95516   1  46
        1.24914        3.04056   1  47
        1.24914        3.04056   1  48
        1.24914        3.10546   1  49
        1.24914        3.10546   1  50
        1.24914        3.59629   1  51
        1.24914        3.59629   1  52
        1.24914        3.75006   1  53
        1.24914        3.75006   1  54
