        0.00000       -0.93689   1   1
        0.00000       -0.86409   1   2
        0.00000       -0.79444   1   3
        0.00000       -0.71701   1   4
        0.00000       -0.70571   1   5
        0.00000       -0.68918   1   6
        0.00000       -0.68918   1   7
        0.00000       -0.68618   1   8
        0.00000       -0.66614   1   9
        0.00000       -0.65730   1  10
        0.00000       -0.65730   1  11
        0.00000       -0.61717   1  12
        0.00000       -0.61717   1  13
        0.00000       -0.60804   1  14
        0.00000       -0.57468   1  15
        0.00000       -0.56427   1  16
        0.00000       -0.56427   1  17
        0.00000       -0.55256   1  18
        0.00000       -0.55256   1  19
        0.00000       -0.51363   1  20
        0.00000       -0.51259   1  21
        0.00000       -0.49405   1  22
        0.00000       -0.46105   1  23
        0.00000       -0.46105   1  24
        0.00000       -0.43247   1  25
        0.00000       -0.42153   1  26
        0.00000       -0.35560   1  27
        0.00000       -0.29651   1  28
        0.00000       -0.20084   1  29
        0.00000       -0.13731   1  30
        0.00000       -0.10745   1  31
        0.00000       -0.03169   1  32
        0.00000       -0.01841   1  33
        0.00000        0.07197   1  34
        0.00000        0.11842   1  35
        0.00000        0.20118   1  36
        0.00000        0.24782   1  37
        0.00000        0.30609   1  38
        0.00000        0.30609   1  39
        0.00000        0.37580   1  40
        0.00000        0.42846   1  41
        0.00000        0.58108   1  42
        0.00000        0.59268   1  43
        0.00000        0.59268   1  44
        0.00000        0.64653   1  45
        0.00000        0.74649   1  46
        0.00000        0.74649   1  47
        0.00000        0.75920   1  48
        0.00000        0.75920   1  49
        0.00000        0.84742   1  50
        0.00000        0.89685   1  51
        0.00000        0.89685   1  52
        0.00000        0.91415   1  53
        0.00000        0.93070   1  54
        0.00000        1.02418   1  55
        0.00000        1.02418   1  56
        0.00000        1.07432   1  57
        0.00000        1.07432   1  58
        0.00000        1.12210   1  59
        0.00000        1.12210   1  60
        0.00000        1.12281   1  61
        0.00000        1.21066   1  62
        0.00000        1.21066   1  63
        0.00000        1.23499   1  64
        0.00000        1.27392   1  65
        0.00000        1.29248   1  66
        0.00000        1.29248   1  67
        0.00000        1.39253   1  68
        0.00000        1.39253   1  69
        0.00000        1.41859   1  70
        0.00000        1.51330   1  71
        0.00000        1.51330   1  72
        0.00000        1.54605   1  73
        0.00000        1.72171   1  74
        0.00000        1.72171   1  75
        0.00000        1.73858   1  76
        0.04167       -0.93496   1   1
        0.04167       -0.86304   1   2
        0.04167       -0.79479   1   3
        0.04167       -0.71841   1   4
        0.04167       -0.70499   1   5
        0.04167       -0.69250   1   6
        0.04167       -0.68891   1   7
        0.04167       -0.68548   1   8
        0.04167       -0.67262   1   9
        0.04167       -0.65719   1  10
        0.04167       -0.65252   1  11
        0.04167       -0.62222   1  12
        0.04167       -0.61736   1  13
        0.04167       -0.60811   1  14
        0.04167       -0.57786   1  15
        0.04167       -0.56500   1  16
        0.04167       -0.56302   1  17
        0.04167       -0.55270   1  18
        0.04167       -0.55230   1  19
        0.04167       -0.51463   1  20
        0.04167       -0.51119   1  21
        0.04167       -0.49339   1  22
        0.04167       -0.46182   1  23
        0.04167       -0.45911   1  24
        0.04167       -0.43195   1  25
        0.04167       -0.42209   1  26
        0.04167       -0.35227   1  27
        0.04167       -0.29436   1  28
        0.04167       -0.19839   1  29
        0.04167       -0.13482   1  30
        0.04167       -0.10503   1  31
        0.04167       -0.02991   1  32
        0.04167       -0.01597   1  33
        0.04167        0.07476   1  34
        0.04167        0.12014   1  35
        0.04167        0.20364   1  36
        0.04167        0.24864   1  37
        0.04167        0.28755   1  38
        0.04167        0.31003   1  39
        0.04167        0.37702   1  40
        0.04167        0.42863   1  41
        0.04167        0.55968   1  42
        0.04167        0.59189   1  43
        0.04167        0.59443   1  44
        0.04167        0.64741   1  45
        0.04167        0.73534   1  46
        0.04167        0.74450   1  47
        0.04167        0.74995   1  48
        0.04167        0.75582   1  49
        0.04167        0.84437   1  50
        0.04167        0.87455   1  51
        0.04167        0.89212   1  52
        0.04167        0.90830   1  53
        0.04167        0.94806   1  54
        0.04167        1.01333   1  55
        0.04167        1.02284   1  56
        0.04167        1.05914   1  57
        0.04167        1.07490   1  58
        0.04167        1.09901   1  59
        0.04167        1.11371   1  60
        0.04167        1.11896   1  61
        0.04167        1.21097   1  62
        0.04167        1.21239   1  63
        0.04167        1.23258   1  64
        0.04167        1.24620   1  65
        0.04167        1.29287   1  66
        0.04167        1.31212   1  67
        0.04167        1.35348   1  68
        0.04167        1.39250   1  69
        0.04167        1.43170   1  70
        0.04167        1.50162   1  71
        0.04167        1.51538   1  72
        0.04167        1.54475   1  73
        0.04167        1.71743   1  74
        0.04167        1.72824   1  75
        0.04167        1.74229   1  76
        0.08333       -0.92927   1   1
        0.08333       -0.85998   1   2
        0.08333       -0.79622   1   3
        0.08333       -0.72427   1   4
        0.08333       -0.70310   1   5
        0.08333       -0.70063   1   6
        0.08333       -0.68810   1   7
        0.08333       -0.68706   1   8
        0.08333       -0.67826   1   9
        0.08333       -0.65685   1  10
        0.08333       -0.64761   1  11
        0.08333       -0.63523   1  12
        0.08333       -0.61794   1  13
        0.08333       -0.60781   1  14
        0.08333       -0.58406   1  15
        0.08333       -0.56771   1  16
        0.08333       -0.56352   1  17
        0.08333       -0.55205   1  18
        0.08333       -0.55065   1  19
        0.08333       -0.51682   1  20
        0.08333       -0.50764   1  21
        0.08333       -0.49157   1  22
        0.08333       -0.46395   1  23
        0.08333       -0.45406   1  24
        0.08333       -0.43064   1  25
        0.08333       -0.42361   1  26
        0.08333       -0.34276   1  27
        0.08333       -0.28800   1  28
        0.08333       -0.19101   1  29
        0.08333       -0.12751   1  30
        0.08333       -0.09790   1  31
        0.08333       -0.02489   1  32
        0.08333       -0.00874   1  33
        0.08333        0.08272   1  34
        0.08333        0.12497   1  35
        0.08333        0.20995   1  36
        0.08333        0.23770   1  37
        0.08333        0.25368   1  38
        0.08333        0.32170   1  39
        0.08333        0.38038   1  40
        0.08333        0.42722   1  41
        0.08333        0.50419   1  42
        0.08333        0.59430   1  43
        0.08333        0.59963   1  44
        0.08333        0.63751   1  45
        0.08333        0.69787   1  46
        0.08333        0.72534   1  47
        0.08333        0.73834   1  48
        0.08333        0.74633   1  49
        0.08333        0.81669   1  50
        0.08333        0.84416   1  51
        0.08333        0.87770   1  52
        0.08333        0.89036   1  53
        0.08333        0.95220   1  54
        0.08333        0.97803   1  55
        0.08333        1.00985   1  56
        0.08333        1.01816   1  57
        0.08333        1.05144   1  58
        0.08333        1.06981   1  59
        0.08333        1.07701   1  60
        0.08333        1.11361   1  61
        0.08333        1.16795   1  62
        0.08333        1.20782   1  63
        0.08333        1.21766   1  64
        0.08333        1.25287   1  65
        0.08333        1.27123   1  66
        0.08333        1.29449   1  67
        0.08333        1.34314   1  68
        0.08333        1.38811   1  69
        0.08333        1.39219   1  70
        0.08333        1.51636   1  71
        0.08333        1.51878   1  72
        0.08333        1.52341   1  73
        0.08333        1.71122   1  74
        0.08333        1.74531   1  75
        0.08333        1.74568   1  76
        0.12500       -0.92017   1   1
        0.12500       -0.85528   1   2
        0.12500       -0.79984   1   3
        0.12500       -0.73682   1   4
        0.12500       -0.71409   1   5
        0.12500       -0.70021   1   6
        0.12500       -0.69110   1   7
        0.12500       -0.68681   1   8
        0.12500       -0.67579   1   9
        0.12500       -0.65630   1  10
        0.12500       -0.65488   1  11
        0.12500       -0.64178   1  12
        0.12500       -0.61889   1  13
        0.12500       -0.60588   1  14
        0.12500       -0.59092   1  15
        0.12500       -0.57213   1  16
        0.12500       -0.56762   1  17
        0.12500       -0.55008   1  18
        0.12500       -0.54795   1  19
        0.12500       -0.51886   1  20
        0.12500       -0.50305   1  21
        0.12500       -0.48908   1  22
        0.12500       -0.46694   1  23
        0.12500       -0.44735   1  24
        0.12500       -0.42897   1  25
        0.12500       -0.42573   1  26
        0.12500       -0.32868   1  27
        0.12500       -0.27780   1  28
        0.12500       -0.17895   1  29
        0.12500       -0.11591   1  30
        0.12500       -0.08643   1  31
        0.12500       -0.01741   1  32
        0.12500        0.00276   1  33
        0.12500        0.09479   1  34
        0.12500        0.13015   1  35
        0.12500        0.17295   1  36
        0.12500        0.22523   1  37
        0.12500        0.25672   1  38
        0.12500        0.34076   1  39
        0.12500        0.38084   1  40
        0.12500        0.40498   1  41
        0.12500        0.45369   1  42
        0.12500        0.58194   1  43
        0.12500        0.60481   1  44
        0.12500        0.60797   1  45
        0.12500        0.64075   1  46
        0.12500        0.68640   1  47
        0.12500        0.72781   1  48
        0.12500        0.73259   1  49
        0.12500        0.75921   1  50
        0.12500        0.79309   1  51
        0.12500        0.83510   1  52
        0.12500        0.85424   1  53
        0.12500        0.89277   1  54
        0.12500        0.90557   1  55
        0.12500        0.97154   1  56
        0.12500        0.98653   1  57
        0.12500        1.01120   1  58
        0.12500        1.01138   1  59
        0.12500        1.08179   1  60
        0.12500        1.08701   1  61
        0.12500        1.11432   1  62
        0.12500        1.16605   1  63
        0.12500        1.22620   1  64
        0.12500        1.23112   1  65
        0.12500        1.23954   1  66
        0.12500        1.29624   1  67
        0.12500        1.29748   1  68
        0.12500        1.36305   1  69
        0.12500        1.39191   1  70
        0.12500        1.46646   1  71
        0.12500        1.53408   1  72
        0.12500        1.54036   1  73
        0.12500        1.70582   1  74
        0.12500        1.73991   1  75
        0.12500        1.76601   1  76
        0.16667       -0.90831   1   1
        0.16667       -0.85005   1   2
        0.16667       -0.80680   1   3
        0.16667       -0.75390   1   4
        0.16667       -0.73171   1   5
        0.16667       -0.69747   1   6
        0.16667       -0.69406   1   7
        0.16667       -0.68505   1   8
        0.16667       -0.67149   1   9
        0.16667       -0.66831   1  10
        0.16667       -0.65554   1  11
        0.16667       -0.64012   1  12
        0.16667       -0.62024   1  13
        0.16667       -0.60089   1  14
        0.16667       -0.59777   1  15
        0.16667       -0.57682   1  16
        0.16667       -0.57397   1  17
        0.16667       -0.54784   1  18
        0.16667       -0.54576   1  19
        0.16667       -0.52008   1  20
        0.16667       -0.49822   1  21
        0.16667       -0.48657   1  22
        0.16667       -0.47006   1  23
        0.16667       -0.44013   1  24
        0.16667       -0.42795   1  25
        0.16667       -0.42705   1  26
        0.16667       -0.31188   1  27
        0.16667       -0.26449   1  28
        0.16667       -0.16272   1  29
        0.16667       -0.10102   1  30
        0.16667       -0.07122   1  31
        0.16667       -0.00873   1  32
        0.16667        0.01741   1  33
        0.16667        0.09353   1  34
        0.16667        0.11193   1  35
        0.16667        0.14719   1  36
        0.16667        0.23967   1  37
        0.16667        0.26058   1  38
        0.16667        0.32135   1  39
        0.16667        0.36682   1  40
        0.16667        0.39246   1  41
        0.16667        0.44081   1  42
        0.16667        0.49968   1  43
        0.16667        0.55858   1  44
        0.16667        0.60374   1  45
        0.16667        0.61853   1  46
        0.16667        0.62740   1  47
        0.16667        0.68775   1  48
        0.16667        0.71351   1  49
        0.16667        0.71690   1  50
        0.16667        0.71816   1  51
        0.16667        0.72810   1  52
        0.16667        0.79426   1  53
        0.16667        0.82644   1  54
        0.16667        0.84443   1  55
        0.16667        0.88196   1  56
        0.16667        0.93271   1  57
        0.16667        0.97792   1  58
        0.16667        1.00882   1  59
        0.16667        1.01757   1  60
        0.16667        1.08973   1  61
        0.16667        1.10043   1  62
        0.16667        1.12404   1  63
        0.16667        1.18459   1  64
        0.16667        1.21305   1  65
        0.16667        1.23613   1  66
        0.16667        1.24657   1  67
        0.16667        1.30022   1  68
        0.16667        1.32916   1  69
        0.16667        1.39671   1  70
        0.16667        1.43442   1  71
        0.16667        1.52241   1  72
        0.16667        1.56426   1  73
        0.16667        1.69863   1  74
        0.16667        1.71944   1  75
        0.16667        1.78197   1  76
        0.20833       -0.89501   1   1
        0.20833       -0.84751   1   2
        0.20833       -0.81562   1   3
        0.20833       -0.77093   1   4
        0.20833       -0.75265   1   5
        0.20833       -0.69972   1   6
        0.20833       -0.69368   1   7
        0.20833       -0.68295   1   8
        0.20833       -0.67725   1   9
        0.20833       -0.66271   1  10
        0.20833       -0.65459   1  11
        0.20833       -0.63919   1  12
        0.20833       -0.62197   1  13
        0.20833       -0.60427   1  14
        0.20833       -0.59194   1  15
        0.20833       -0.58142   1  16
        0.20833       -0.58046   1  17
        0.20833       -0.54628   1  18
        0.20833       -0.54477   1  19
        0.20833       -0.52048   1  20
        0.20833       -0.49379   1  21
        0.20833       -0.48440   1  22
        0.20833       -0.47248   1  23
        0.20833       -0.43315   1  24
        0.20833       -0.42979   1  25
        0.20833       -0.42440   1  26
        0.20833       -0.29292   1  27
        0.20833       -0.24879   1  28
        0.20833       -0.14244   1  29
        0.20833       -0.08464   1  30
        0.20833       -0.05331   1  31
        0.20833       -0.00539   1  32
        0.20833        0.03164   1  33
        0.20833        0.03605   1  34
        0.20833        0.12791   1  35
        0.20833        0.15184   1  36
        0.20833        0.23540   1  37
        0.20833        0.26041   1  38
        0.20833        0.26905   1  39
        0.20833        0.36455   1  40
        0.20833        0.39920   1  41
        0.20833        0.40499   1  42
        0.20833        0.44955   1  43
        0.20833        0.48266   1  44
        0.20833        0.54199   1  45
        0.20833        0.57447   1  46
        0.20833        0.60936   1  47
        0.20833        0.62935   1  48
        0.20833        0.64729   1  49
        0.20833        0.68040   1  50
        0.20833        0.69503   1  51
        0.20833        0.69733   1  52
        0.20833        0.70094   1  53
        0.20833        0.76127   1  54
        0.20833        0.80247   1  55
        0.20833        0.82977   1  56
        0.20833        0.85666   1  57
        0.20833        0.93214   1  58
        0.20833        0.97560   1  59
        0.20833        1.01654   1  60
        0.20833        1.04676   1  61
        0.20833        1.09670   1  62
        0.20833        1.12338   1  63
        0.20833        1.14106   1  64
        0.20833        1.16310   1  65
        0.20833        1.21880   1  66
        0.20833        1.24173   1  67
        0.20833        1.27755   1  68
        0.20833        1.30622   1  69
        0.20833        1.41390   1  70
        0.20833        1.41908   1  71
        0.20833        1.48509   1  72
        0.20833        1.58724   1  73
        0.20833        1.67800   1  74
        0.20833        1.69178   1  75
        0.20833        1.78748   1  76
        0.25000       -0.88304   1   1
        0.25000       -0.85425   1   2
        0.25000       -0.82040   1   3
        0.25000       -0.78353   1   4
        0.25000       -0.77430   1   5
        0.25000       -0.70281   1   6
        0.25000       -0.69109   1   7
        0.25000       -0.68067   1   8
        0.25000       -0.67950   1   9
        0.25000       -0.65558   1  10
        0.25000       -0.65347   1  11
        0.25000       -0.63823   1  12
        0.25000       -0.62406   1  13
        0.25000       -0.61021   1  14
        0.25000       -0.58912   1  15
        0.25000       -0.58390   1  16
        0.25000       -0.57743   1  17
        0.25000       -0.54571   1  18
        0.25000       -0.54510   1  19
        0.25000       -0.52028   1  20
        0.25000       -0.49113   1  21
        0.25000       -0.48173   1  22
        0.25000       -0.47355   1  23
        0.25000       -0.43109   1  24
        0.25000       -0.42666   1  25
        0.25000       -0.42029   1  26
        0.25000       -0.27161   1  27
        0.25000       -0.23183   1  28
        0.25000       -0.11820   1  29
        0.25000       -0.07398   1  30
        0.25000       -0.05249   1  31
        0.25000       -0.02557   1  32
        0.25000        0.02362   1  33
        0.25000        0.04860   1  34
        0.25000        0.14055   1  35
        0.25000        0.15053   1  36
        0.25000        0.18310   1  37
        0.25000        0.24938   1  38
        0.25000        0.27860   1  39
        0.25000        0.31046   1  40
        0.25000        0.35875   1  41
        0.25000        0.40232   1  42
        0.25000        0.43709   1  43
        0.25000        0.46741   1  44
        0.25000        0.48468   1  45
        0.25000        0.51638   1  46
        0.25000        0.53841   1  47
        0.25000        0.60427   1  48
        0.25000        0.61658   1  49
        0.25000        0.63671   1  50
        0.25000        0.65657   1  51
        0.25000        0.68078   1  52
        0.25000        0.68668   1  53
        0.25000        0.69967   1  54
        0.25000        0.76703   1  55
        0.25000        0.78835   1  56
        0.25000        0.80547   1  57
        0.25000        0.88932   1  58
        0.25000        0.93121   1  59
        0.25000        1.00873   1  60
        0.25000        1.03346   1  61
        0.25000        1.06654   1  62
        0.25000        1.09177   1  63
        0.25000        1.10449   1  64
        0.25000        1.16436   1  65
        0.25000        1.18711   1  66
        0.25000        1.23096   1  67
        0.25000        1.24286   1  68
        0.25000        1.32582   1  69
        0.25000        1.39223   1  70
        0.25000        1.44146   1  71
        0.25000        1.44294   1  72
        0.25000        1.60251   1  73
        0.25000        1.63517   1  74
        0.25000        1.67235   1  75
        0.25000        1.78105   1  76
        0.29167       -0.87769   1   1
        0.29167       -0.86921   1   2
        0.29167       -0.81937   1   3
        0.29167       -0.80315   1   4
        0.29167       -0.77796   1   5
        0.29167       -0.70307   1   6
        0.29167       -0.68892   1   7
        0.29167       -0.68005   1   8
        0.29167       -0.67835   1   9
        0.29167       -0.65222   1  10
        0.29167       -0.65213   1  11
        0.29167       -0.63403   1  12
        0.29167       -0.62641   1  13
        0.29167       -0.61547   1  14
        0.29167       -0.59644   1  15
        0.29167       -0.58359   1  16
        0.29167       -0.56324   1  17
        0.29167       -0.54656   1  18
        0.29167       -0.54452   1  19
        0.29167       -0.51969   1  20
        0.29167       -0.49116   1  21
        0.29167       -0.47759   1  22
        0.29167       -0.47301   1  23
        0.29167       -0.43156   1  24
        0.29167       -0.42117   1  25
        0.29167       -0.41432   1  26
        0.29167       -0.24832   1  27
        0.29167       -0.21822   1  28
        0.29167       -0.11717   1  29
        0.29167       -0.08967   1  30
        0.29167       -0.05438   1  31
        0.29167       -0.00792   1  32
        0.29167        0.03480   1  33
        0.29167        0.05371   1  34
        0.29167        0.12385   1  35
        0.29167        0.14305   1  36
        0.29167        0.17642   1  37
        0.29167        0.22257   1  38
        0.29167        0.26236   1  39
        0.29167        0.31506   1  40
        0.29167        0.32576   1  41
        0.29167        0.36468   1  42
        0.29167        0.41045   1  43
        0.29167        0.46025   1  44
        0.29167        0.47963   1  45
        0.29167        0.48408   1  46
        0.29167        0.50957   1  47
        0.29167        0.53592   1  48
        0.29167        0.56099   1  49
        0.29167        0.62831   1  50
        0.29167        0.63634   1  51
        0.29167        0.65871   1  52
        0.29167        0.66480   1  53
        0.29167        0.67569   1  54
        0.29167        0.71575   1  55
        0.29167        0.77029   1  56
        0.29167        0.78666   1  57
        0.29167        0.85757   1  58
        0.29167        0.88424   1  59
        0.29167        0.97927   1  60
        0.29167        1.01725   1  61
        0.29167        1.05523   1  62
        0.29167        1.05605   1  63
        0.29167        1.06511   1  64
        0.29167        1.13688   1  65
        0.29167        1.19398   1  66
        0.29167        1.20785   1  67
        0.29167        1.25421   1  68
        0.29167        1.34823   1  69
        0.29167        1.35705   1  70
        0.29167        1.41334   1  71
        0.29167        1.47085   1  72
        0.29167        1.59714   1  73
        0.29167        1.60841   1  74
        0.29167        1.65175   1  75
        0.29167        1.76376   1  76
        0.33333       -0.88639   1   1
        0.33333       -0.88146   1   2
        0.33333       -0.82582   1   3
        0.33333       -0.81141   1   4
        0.33333       -0.76883   1   5
        0.33333       -0.70172   1   6
        0.33333       -0.68804   1   7
        0.33333       -0.67866   1   8
        0.33333       -0.67612   1   9
        0.33333       -0.65424   1  10
        0.33333       -0.65050   1  11
        0.33333       -0.62888   1  12
        0.33333       -0.62551   1  13
        0.33333       -0.61998   1  14
        0.33333       -0.60292   1  15
        0.33333       -0.58184   1  16
        0.33333       -0.55657   1  17
        0.33333       -0.54870   1  18
        0.33333       -0.53480   1  19
        0.33333       -0.51891   1  20
        0.33333       -0.49281   1  21
        0.33333       -0.47330   1  22
        0.33333       -0.47008   1  23
        0.33333       -0.43146   1  24
        0.33333       -0.41663   1  25
        0.33333       -0.40619   1  26
        0.33333       -0.22750   1  27
        0.33333       -0.22274   1  28
        0.33333       -0.14982   1  29
        0.33333       -0.05956   1  30
        0.33333       -0.05543   1  31
        0.33333       -0.00172   1  32
        0.33333        0.04427   1  33
        0.33333        0.06580   1  34
        0.33333        0.10180   1  35
        0.33333        0.14335   1  36
        0.33333        0.19104   1  37
        0.33333        0.20284   1  38
        0.33333        0.24434   1  39
        0.33333        0.30317   1  40
        0.33333        0.33700   1  41
        0.33333        0.34512   1  42
        0.33333        0.35986   1  43
        0.33333        0.39536   1  44
        0.33333        0.46151   1  45
        0.33333        0.48629   1  46
        0.33333        0.51172   1  47
        0.33333        0.51632   1  48
        0.33333        0.52549   1  49
        0.33333        0.59757   1  50
        0.33333        0.60561   1  51
        0.33333        0.62963   1  52
        0.33333        0.65058   1  53
        0.33333        0.66676   1  54
        0.33333        0.68871   1  55
        0.33333        0.74404   1  56
        0.33333        0.79685   1  57
        0.33333        0.82501   1  58
        0.33333        0.85249   1  59
        0.33333        0.94951   1  60
        0.33333        0.97437   1  61
        0.33333        1.02074   1  62
        0.33333        1.02098   1  63
        0.33333        1.08172   1  64
        0.33333        1.08967   1  65
        0.33333        1.19270   1  66
        0.33333        1.22982   1  67
        0.33333        1.27962   1  68
        0.33333        1.31347   1  69
        0.33333        1.38885   1  70
        0.33333        1.39257   1  71
        0.33333        1.49503   1  72
        0.33333        1.57364   1  73
        0.33333        1.60618   1  74
        0.33333        1.63290   1  75
        0.33333        1.73707   1  76
        0.37500       -0.90137   1   1
        0.37500       -0.89025   1   2
        0.37500       -0.84555   1   3
        0.37500       -0.79923   1   4
        0.37500       -0.75718   1   5
        0.37500       -0.69964   1   6
        0.37500       -0.68849   1   7
        0.37500       -0.67536   1   8
        0.37500       -0.67423   1   9
        0.37500       -0.65850   1  10
        0.37500       -0.64855   1  11
        0.37500       -0.63135   1  12
        0.37500       -0.62374   1  13
        0.37500       -0.61593   1  14
        0.37500       -0.60823   1  15
        0.37500       -0.57860   1  16
        0.37500       -0.55776   1  17
        0.37500       -0.55103   1  18
        0.37500       -0.51847   1  19
        0.37500       -0.51809   1  20
        0.37500       -0.49493   1  21
        0.37500       -0.47038   1  22
        0.37500       -0.46316   1  23
        0.37500       -0.43102   1  24
        0.37500       -0.41311   1  25
        0.37500       -0.39520   1  26
        0.37500       -0.26917   1  27
        0.37500       -0.19669   1  28
        0.37500       -0.15013   1  29
        0.37500       -0.07499   1  30
        0.37500       -0.02247   1  31
        0.37500       -0.01068   1  32
        0.37500        0.06638   1  33
        0.37500        0.07591   1  34
        0.37500        0.09284   1  35
        0.37500        0.15342   1  36
        0.37500        0.18349   1  37
        0.37500        0.20659   1  38
        0.37500        0.23387   1  39
        0.37500        0.28376   1  40
        0.37500        0.31212   1  41
        0.37500        0.32933   1  42
        0.37500        0.36022   1  43
        0.37500        0.37176   1  44
        0.37500        0.41939   1  45
        0.37500        0.43536   1  46
        0.37500        0.50288   1  47
        0.37500        0.50666   1  48
        0.37500        0.55569   1  49
        0.37500        0.56963   1  50
        0.37500        0.58622   1  51
        0.37500        0.62401   1  52
        0.37500        0.63946   1  53
        0.37500        0.66083   1  54
        0.37500        0.66233   1  55
        0.37500        0.72671   1  56
        0.37500        0.79519   1  57
        0.37500        0.81360   1  58
        0.37500        0.82914   1  59
        0.37500        0.93420   1  60
        0.37500        0.93923   1  61
        0.37500        0.96790   1  62
        0.37500        0.98114   1  63
        0.37500        1.07313   1  64
        0.37500        1.10800   1  65
        0.37500        1.15991   1  66
        0.37500        1.27129   1  67
        0.37500        1.30587   1  68
        0.37500        1.31348   1  69
        0.37500        1.36571   1  70
        0.37500        1.42563   1  71
        0.37500        1.51044   1  72
        0.37500        1.56219   1  73
        0.37500        1.59749   1  74
        0.37500        1.61787   1  75
        0.37500        1.70285   1  76
        0.41667       -0.91308   1   1
        0.41667       -0.89827   1   2
        0.41667       -0.86088   1   3
        0.41667       -0.78704   1   4
        0.41667       -0.74752   1   5
        0.41667       -0.69722   1   6
        0.41667       -0.68933   1   7
        0.41667       -0.67300   1   8
        0.41667       -0.67284   1   9
        0.41667       -0.66140   1  10
        0.41667       -0.64632   1  11
        0.41667       -0.63379   1  12
        0.41667       -0.62665   1  13
        0.41667       -0.61217   1  14
        0.41667       -0.60740   1  15
        0.41667       -0.57480   1  16
        0.41667       -0.56026   1  17
        0.41667       -0.55307   1  18
        0.41667       -0.51740   1  19
        0.41667       -0.50435   1  20
        0.41667       -0.49672   1  21
        0.41667       -0.46786   1  22
        0.41667       -0.45183   1  23
        0.41667       -0.43050   1  24
        0.41667       -0.41063   1  25
        0.41667       -0.38177   1  26
        0.41667       -0.31759   1  27
        0.41667       -0.16937   1  28
        0.41667       -0.15554   1  29
        0.41667       -0.08609   1  30
        0.41667       -0.02055   1  31
        0.41667        0.01597   1  32
        0.41667        0.04865   1  33
        0.41667        0.09476   1  34
        0.41667        0.12184   1  35
        0.41667        0.15843   1  36
        0.41667        0.16340   1  37
        0.41667        0.20648   1  38
        0.41667        0.23351   1  39
        0.41667        0.25789   1  40
        0.41667        0.30550   1  41
        0.41667        0.31382   1  42
        0.41667        0.34390   1  43
        0.41667        0.35340   1  44
        0.41667        0.41636   1  45
        0.41667        0.43014   1  46
        0.41667        0.46029   1  47
        0.41667        0.47892   1  48
        0.41667        0.54787   1  49
        0.41667        0.57828   1  50
        0.41667        0.59248   1  51
        0.41667        0.62578   1  52
        0.41667        0.63516   1  53
        0.41667        0.64515   1  54
        0.41667        0.67127   1  55
        0.41667        0.70403   1  56
        0.41667        0.78128   1  57
        0.41667        0.81157   1  58
        0.41667        0.82972   1  59
        0.41667        0.91160   1  60
        0.41667        0.91669   1  61
        0.41667        0.92715   1  62
        0.41667        0.95075   1  63
        0.41667        1.06387   1  64
        0.41667        1.13143   1  65
        0.41667        1.13193   1  66
        0.41667        1.29781   1  67
        0.41667        1.31710   1  68
        0.41667        1.34865   1  69
        0.41667        1.35630   1  70
        0.41667        1.44936   1  71
        0.41667        1.51564   1  72
        0.41667        1.55527   1  73
        0.41667        1.58610   1  74
        0.41667        1.60813   1  75
        0.41667        1.66530   1  76
        0.45833       -0.92048   1   1
        0.45833       -0.90346   1   2
        0.45833       -0.87067   1   3
        0.45833       -0.77794   1   4
        0.45833       -0.74199   1   5
        0.45833       -0.69503   1   6
        0.45833       -0.69005   1   7
        0.45833       -0.67451   1   8
        0.45833       -0.67199   1   9
        0.45833       -0.66016   1  10
        0.45833       -0.64399   1  11
        0.45833       -0.63618   1  12
        0.45833       -0.62848   1  13
        0.45833       -0.61461   1  14
        0.45833       -0.60132   1  15
        0.45833       -0.57173   1  16
        0.45833       -0.56229   1  17
        0.45833       -0.55445   1  18
        0.45833       -0.51694   1  19
        0.45833       -0.49783   1  20
        0.45833       -0.49562   1  21
        0.45833       -0.46590   1  22
        0.45833       -0.43399   1  23
        0.45833       -0.43010   1  24
        0.45833       -0.40916   1  25
        0.45833       -0.37658   1  26
        0.45833       -0.35321   1  27
        0.45833       -0.17437   1  28
        0.45833       -0.14478   1  29
        0.45833       -0.08141   1  30
        0.45833       -0.03204   1  31
        0.45833        0.03164   1  32
        0.45833        0.05671   1  33
        0.45833        0.10920   1  34
        0.45833        0.12854   1  35
        0.45833        0.15872   1  36
        0.45833        0.16974   1  37
        0.45833        0.18420   1  38
        0.45833        0.22971   1  39
        0.45833        0.25181   1  40
        0.45833        0.29980   1  41
        0.45833        0.30317   1  42
        0.45833        0.31301   1  43
        0.45833        0.36025   1  44
        0.45833        0.40259   1  45
        0.45833        0.42752   1  46
        0.45833        0.45255   1  47
        0.45833        0.46784   1  48
        0.45833        0.53293   1  49
        0.45833        0.56690   1  50
        0.45833        0.59369   1  51
        0.45833        0.62268   1  52
        0.45833        0.63524   1  53
        0.45833        0.63610   1  54
        0.45833        0.69438   1  55
        0.45833        0.71246   1  56
        0.45833        0.76477   1  57
        0.45833        0.81121   1  58
        0.45833        0.83649   1  59
        0.45833        0.85963   1  60
        0.45833        0.90601   1  61
        0.45833        0.91540   1  62
        0.45833        0.94066   1  63
        0.45833        1.04517   1  64
        0.45833        1.13173   1  65
        0.45833        1.14908   1  66
        0.45833        1.27375   1  67
        0.45833        1.36277   1  68
        0.45833        1.36529   1  69
        0.45833        1.37696   1  70
        0.45833        1.45374   1  71
        0.45833        1.51312   1  72
        0.45833        1.54895   1  73
        0.45833        1.58041   1  74
        0.45833        1.60376   1  75
        0.45833        1.63233   1  76
        0.50000       -0.92301   1   1
        0.50000       -0.90521   1   2
        0.50000       -0.87407   1   3
        0.50000       -0.77450   1   4
        0.50000       -0.74036   1   5
        0.50000       -0.69409   1   6
        0.50000       -0.69035   1   7
        0.50000       -0.67583   1   8
        0.50000       -0.67171   1   9
        0.50000       -0.65897   1  10
        0.50000       -0.64262   1  11
        0.50000       -0.63756   1  12
        0.50000       -0.62911   1  13
        0.50000       -0.61543   1  14
        0.50000       -0.59907   1  15
        0.50000       -0.57057   1  16
        0.50000       -0.56304   1  17
        0.50000       -0.55494   1  18
        0.50000       -0.51678   1  19
        0.50000       -0.49812   1  20
        0.50000       -0.49287   1  21
        0.50000       -0.46513   1  22
        0.50000       -0.42995   1  23
        0.50000       -0.41464   1  24
        0.50000       -0.40867   1  25
        0.50000       -0.39737   1  26
        0.50000       -0.35504   1  27
        0.50000       -0.18387   1  28
        0.50000       -0.13314   1  29
        0.50000       -0.07912   1  30
        0.50000       -0.03799   1  31
        0.50000        0.02689   1  32
        0.50000        0.08766   1  33
        0.50000        0.10813   1  34
        0.50000        0.11343   1  35
        0.50000        0.14967   1  36
        0.50000        0.18472   1  37
        0.50000        0.19160   1  38
        0.50000        0.22488   1  39
        0.50000        0.23382   1  40
        0.50000        0.29011   1  41
        0.50000        0.29788   1  42
        0.50000        0.32101   1  43
        0.50000        0.37244   1  44
        0.50000        0.38026   1  45
        0.50000        0.41126   1  46
        0.50000        0.46527   1  47
        0.50000        0.47777   1  48
        0.50000        0.52125   1  49
        0.50000        0.55649   1  50
        0.50000        0.59291   1  51
        0.50000        0.62107   1  52
        0.50000        0.63073   1  53
        0.50000        0.63449   1  54
        0.50000        0.69953   1  55
        0.50000        0.74518   1  56
        0.50000        0.75322   1  57
        0.50000        0.81387   1  58
        0.50000        0.81425   1  59
        0.50000        0.85010   1  60
        0.50000        0.90226   1  61
        0.50000        0.91142   1  62
        0.50000        0.93741   1  63
        0.50000        1.03661   1  64
        0.50000        1.13765   1  65
        0.50000        1.15534   1  66
        0.50000        1.26040   1  67
        0.50000        1.37116   1  68
        0.50000        1.38290   1  69
        0.50000        1.39625   1  70
        0.50000        1.44204   1  71
        0.50000        1.51188   1  72
        0.50000        1.54590   1  73
        0.50000        1.58188   1  74
        0.50000        1.60272   1  75
        0.50000        1.61681   1  76
        0.50000       -0.92301   1   1
        0.50000       -0.90521   1   2
        0.50000       -0.87407   1   3
        0.50000       -0.77450   1   4
        0.50000       -0.74036   1   5
        0.50000       -0.69409   1   6
        0.50000       -0.69035   1   7
        0.50000       -0.67583   1   8
        0.50000       -0.67171   1   9
        0.50000       -0.65897   1  10
        0.50000       -0.64262   1  11
        0.50000       -0.63756   1  12
        0.50000       -0.62911   1  13
        0.50000       -0.61543   1  14
        0.50000       -0.59907   1  15
        0.50000       -0.57057   1  16
        0.50000       -0.56304   1  17
        0.50000       -0.55494   1  18
        0.50000       -0.51678   1  19
        0.50000       -0.49812   1  20
        0.50000       -0.49287   1  21
        0.50000       -0.46513   1  22
        0.50000       -0.42995   1  23
        0.50000       -0.41464   1  24
        0.50000       -0.40867   1  25
        0.50000       -0.39737   1  26
        0.50000       -0.35504   1  27
        0.50000       -0.18387   1  28
        0.50000       -0.13314   1  29
        0.50000       -0.07912   1  30
        0.50000       -0.03799   1  31
        0.50000        0.02689   1  32
        0.50000        0.08766   1  33
        0.50000        0.10813   1  34
        0.50000        0.11343   1  35
        0.50000        0.14967   1  36
        0.50000        0.18472   1  37
        0.50000        0.19160   1  38
        0.50000        0.22488   1  39
        0.50000        0.23382   1  40
        0.50000        0.29011   1  41
        0.50000        0.29788   1  42
        0.50000        0.32101   1  43
        0.50000        0.37244   1  44
        0.50000        0.38026   1  45
        0.50000        0.41126   1  46
        0.50000        0.46527   1  47
        0.50000        0.47777   1  48
        0.50000        0.52125   1  49
        0.50000        0.55649   1  50
        0.50000        0.59291   1  51
        0.50000        0.62107   1  52
        0.50000        0.63073   1  53
        0.50000        0.63449   1  54
        0.50000        0.69953   1  55
        0.50000        0.74518   1  56
        0.50000        0.75322   1  57
        0.50000        0.81387   1  58
        0.50000        0.81425   1  59
        0.50000        0.85010   1  60
        0.50000        0.90226   1  61
        0.50000        0.91142   1  62
        0.50000        0.93741   1  63
        0.50000        1.03661   1  64
        0.50000        1.13765   1  65
        0.50000        1.15534   1  66
        0.50000        1.26040   1  67
        0.50000        1.37116   1  68
        0.50000        1.38290   1  69
        0.50000        1.39625   1  70
        0.50000        1.44204   1  71
        0.50000        1.51188   1  72
        0.50000        1.54590   1  73
        0.50000        1.58188   1  74
        0.50000        1.60272   1  75
        0.50000        1.61681   1  76
        0.54167       -0.92183   1   1
        0.54167       -0.90421   1   2
        0.54167       -0.87339   1   3
        0.54167       -0.77406   1   4
        0.54167       -0.73880   1   5
        0.54167       -0.69393   1   6
        0.54167       -0.68918   1   7
        0.54167       -0.67870   1   8
        0.54167       -0.67085   1   9
        0.54167       -0.65846   1  10
        0.54167       -0.64582   1  11
        0.54167       -0.64043   1  12
        0.54167       -0.63067   1  13
        0.54167       -0.61623   1  14
        0.54167       -0.59808   1  15
        0.54167       -0.57865   1  16
        0.54167       -0.56235   1  17
        0.54167       -0.54724   1  18
        0.54167       -0.51859   1  19
        0.54167       -0.49739   1  20
        0.54167       -0.49207   1  21
        0.54167       -0.46495   1  22
        0.54167       -0.43837   1  23
        0.54167       -0.42149   1  24
        0.54167       -0.40542   1  25
        0.54167       -0.39390   1  26
        0.54167       -0.34283   1  27
        0.54167       -0.18167   1  28
        0.54167       -0.13139   1  29
        0.54167       -0.07506   1  30
        0.54167       -0.03501   1  31
        0.54167        0.03042   1  32
        0.54167        0.09023   1  33
        0.54167        0.11007   1  34
        0.54167        0.11523   1  35
        0.54167        0.15203   1  36
        0.54167        0.18700   1  37
        0.54167        0.19317   1  38
        0.54167        0.22668   1  39
        0.54167        0.23625   1  40
        0.54167        0.29185   1  41
        0.54167        0.30108   1  42
        0.54167        0.32422   1  43
        0.54167        0.37512   1  44
        0.54167        0.38214   1  45
        0.54167        0.41228   1  46
        0.54167        0.46576   1  47
        0.54167        0.48321   1  48
        0.54167        0.52204   1  49
        0.54167        0.55630   1  50
        0.54167        0.58553   1  51
        0.54167        0.61699   1  52
        0.54167        0.62842   1  53
        0.54167        0.63298   1  54
        0.54167        0.69614   1  55
        0.54167        0.70861   1  56
        0.54167        0.75559   1  57
        0.54167        0.78536   1  58
        0.54167        0.83150   1  59
        0.54167        0.83618   1  60
        0.54167        0.90968   1  61
        0.54167        0.91992   1  62
        0.54167        0.94787   1  63
        0.54167        1.03345   1  64
        0.54167        1.12315   1  65
        0.54167        1.14942   1  66
        0.54167        1.24978   1  67
        0.54167        1.33936   1  68
        0.54167        1.38168   1  69
        0.54167        1.39056   1  70
        0.54167        1.42790   1  71
        0.54167        1.49373   1  72
        0.54167        1.53658   1  73
        0.54167        1.56801   1  74
        0.54167        1.59545   1  75
        0.54167        1.60641   1  76
        0.58333       -0.91829   1   1
        0.58333       -0.90124   1   2
        0.58333       -0.87141   1   3
        0.58333       -0.77287   1   4
        0.58333       -0.73421   1   5
        0.58333       -0.69351   1   6
        0.58333       -0.68992   1   7
        0.58333       -0.68207   1   8
        0.58333       -0.66994   1   9
        0.58333       -0.65769   1  10
        0.58333       -0.65485   1  11
        0.58333       -0.64715   1  12
        0.58333       -0.63434   1  13
        0.58333       -0.61841   1  14
        0.58333       -0.59559   1  15
        0.58333       -0.59149   1  16
        0.58333       -0.56048   1  17
        0.58333       -0.53571   1  18
        0.58333       -0.52311   1  19
        0.58333       -0.49526   1  20
        0.58333       -0.49053   1  21
        0.58333       -0.46507   1  22
        0.58333       -0.44939   1  23
        0.58333       -0.44246   1  24
        0.58333       -0.39131   1  25
        0.58333       -0.38954   1  26
        0.58333       -0.31741   1  27
        0.58333       -0.17521   1  28
        0.58333       -0.12621   1  29
        0.58333       -0.06327   1  30
        0.58333       -0.02617   1  31
        0.58333        0.04049   1  32
        0.58333        0.09801   1  33
        0.58333        0.11567   1  34
        0.58333        0.12064   1  35
        0.58333        0.15918   1  36
        0.58333        0.19364   1  37
        0.58333        0.19774   1  38
        0.58333        0.23230   1  39
        0.58333        0.24367   1  40
        0.58333        0.29695   1  41
        0.58333        0.30901   1  42
        0.58333        0.33440   1  43
        0.58333        0.37886   1  44
        0.58333        0.39090   1  45
        0.58333        0.41410   1  46
        0.58333        0.46765   1  47
        0.58333        0.49819   1  48
        0.58333        0.52317   1  49
        0.58333        0.54198   1  50
        0.58333        0.57506   1  51
        0.58333        0.60406   1  52
        0.58333        0.61204   1  53
        0.58333        0.63613   1  54
        0.58333        0.64164   1  55
        0.58333        0.68042   1  56
        0.58333        0.75677   1  57
        0.58333        0.76024   1  58
        0.58333        0.78823   1  59
        0.58333        0.85034   1  60
        0.58333        0.90233   1  61
        0.58333        0.93495   1  62
        0.58333        0.97331   1  63
        0.58333        1.02570   1  64
        0.58333        1.07084   1  65
        0.58333        1.13830   1  66
        0.58333        1.22182   1  67
        0.58333        1.28136   1  68
        0.58333        1.32575   1  69
        0.58333        1.36976   1  70
        0.58333        1.38363   1  71
        0.58333        1.44675   1  72
        0.58333        1.48092   1  73
        0.58333        1.53575   1  74
        0.58333        1.54273   1  75
        0.58333        1.59939   1  76
        0.62500       -0.91255   1   1
        0.62500       -0.89651   1   2
        0.62500       -0.86835   1   3
        0.62500       -0.77137   1   4
        0.62500       -0.72686   1   5
        0.62500       -0.70148   1   6
        0.62500       -0.69301   1   7
        0.62500       -0.67648   1   8
        0.62500       -0.67399   1   9
        0.62500       -0.66818   1  10
        0.62500       -0.66015   1  11
        0.62500       -0.64938   1  12
        0.62500       -0.63763   1  13
        0.62500       -0.62147   1  14
        0.62500       -0.60458   1  15
        0.62500       -0.59220   1  16
        0.62500       -0.55841   1  17
        0.62500       -0.52881   1  18
        0.62500       -0.52477   1  19
        0.62500       -0.49198   1  20
        0.62500       -0.48964   1  21
        0.62500       -0.46838   1  22
        0.62500       -0.46310   1  23
        0.62500       -0.45535   1  24
        0.62500       -0.38356   1  25
        0.62500       -0.37690   1  26
        0.62500       -0.28756   1  27
        0.62500       -0.16482   1  28
        0.62500       -0.11783   1  29
        0.62500       -0.04486   1  30
        0.62500       -0.01225   1  31
        0.62500        0.05578   1  32
        0.62500        0.11095   1  33
        0.62500        0.12340   1  34
        0.62500        0.12994   1  35
        0.62500        0.17118   1  36
        0.62500        0.20378   1  37
        0.62500        0.20495   1  38
        0.62500        0.24160   1  39
        0.62500        0.25593   1  40
        0.62500        0.30485   1  41
        0.62500        0.31903   1  42
        0.62500        0.35136   1  43
        0.62500        0.38111   1  44
        0.62500        0.40611   1  45
        0.62500        0.41244   1  46
        0.62500        0.47182   1  47
        0.62500        0.49911   1  48
        0.62500        0.51649   1  49
        0.62500        0.51741   1  50
        0.62500        0.55965   1  51
        0.62500        0.57297   1  52
        0.62500        0.59007   1  53
        0.62500        0.59785   1  54
        0.62500        0.64749   1  55
        0.62500        0.64798   1  56
        0.62500        0.72100   1  57
        0.62500        0.73954   1  58
        0.62500        0.78336   1  59
        0.62500        0.85512   1  60
        0.62500        0.88445   1  61
        0.62500        0.93949   1  62
        0.62500        0.97640   1  63
        0.62500        0.99064   1  64
        0.62500        1.01498   1  65
        0.62500        1.11674   1  66
        0.62500        1.17801   1  67
        0.62500        1.20539   1  68
        0.62500        1.22648   1  69
        0.62500        1.30911   1  70
        0.62500        1.31759   1  71
        0.62500        1.36014   1  72
        0.62500        1.39220   1  73
        0.62500        1.46323   1  74
        0.62500        1.48645   1  75
        0.62500        1.58248   1  76
        0.66667       -0.90491   1   1
        0.66667       -0.89043   1   2
        0.66667       -0.86460   1   3
        0.66667       -0.77037   1   4
        0.66667       -0.71737   1   5
        0.66667       -0.71684   1   6
        0.66667       -0.69322   1   7
        0.66667       -0.68776   1   8
        0.66667       -0.68326   1   9
        0.66667       -0.66746   1  10
        0.66667       -0.66109   1  11
        0.66667       -0.64994   1  12
        0.66667       -0.63627   1  13
        0.66667       -0.62489   1  14
        0.66667       -0.61709   1  15
        0.66667       -0.58761   1  16
        0.66667       -0.55750   1  17
        0.66667       -0.53448   1  18
        0.66667       -0.51484   1  19
        0.66667       -0.49069   1  20
        0.66667       -0.48817   1  21
        0.66667       -0.48078   1  22
        0.66667       -0.47414   1  23
        0.66667       -0.45576   1  24
        0.66667       -0.37549   1  25
        0.66667       -0.36278   1  26
        0.66667       -0.25552   1  27
        0.66667       -0.15096   1  28
        0.66667       -0.10660   1  29
        0.66667       -0.02126   1  30
        0.66667        0.00537   1  31
        0.66667        0.07423   1  32
        0.66667        0.12889   1  33
        0.66667        0.13076   1  34
        0.66667        0.14336   1  35
        0.66667        0.18819   1  36
        0.66667        0.21480   1  37
        0.66667        0.21582   1  38
        0.66667        0.25371   1  39
        0.66667        0.27251   1  40
        0.66667        0.31467   1  41
        0.66667        0.33009   1  42
        0.66667        0.37189   1  43
        0.66667        0.38213   1  44
        0.66667        0.40259   1  45
        0.66667        0.42274   1  46
        0.66667        0.44663   1  47
        0.66667        0.46933   1  48
        0.66667        0.47991   1  49
        0.66667        0.51732   1  50
        0.66667        0.54115   1  51
        0.66667        0.54453   1  52
        0.66667        0.58223   1  53
        0.66667        0.58777   1  54
        0.66667        0.62191   1  55
        0.66667        0.63758   1  56
        0.66667        0.68894   1  57
        0.66667        0.73222   1  58
        0.66667        0.80336   1  59
        0.66667        0.83929   1  60
        0.66667        0.86177   1  61
        0.66667        0.88986   1  62
        0.66667        0.90699   1  63
        0.66667        0.98046   1  64
        0.66667        0.99485   1  65
        0.66667        1.06927   1  66
        0.66667        1.11260   1  67
        0.66667        1.12281   1  68
        0.66667        1.13084   1  69
        0.66667        1.23415   1  70
        0.66667        1.24460   1  71
        0.66667        1.24653   1  72
        0.66667        1.31512   1  73
        0.66667        1.38772   1  74
        0.66667        1.42454   1  75
        0.66667        1.55410   1  76
        0.70833       -0.89581   1   1
        0.70833       -0.88360   1   2
        0.70833       -0.86062   1   3
        0.70833       -0.77114   1   4
        0.70833       -0.73324   1   5
        0.70833       -0.70790   1   6
        0.70833       -0.70361   1   7
        0.70833       -0.70071   1   8
        0.70833       -0.69021   1   9
        0.70833       -0.66275   1  10
        0.70833       -0.65585   1  11
        0.70833       -0.65290   1  12
        0.70833       -0.63115   1  13
        0.70833       -0.62943   1  14
        0.70833       -0.62729   1  15
        0.70833       -0.58058   1  16
        0.70833       -0.55951   1  17
        0.70833       -0.53912   1  18
        0.70833       -0.50588   1  19
        0.70833       -0.49439   1  20
        0.70833       -0.49431   1  21
        0.70833       -0.48362   1  22
        0.70833       -0.47730   1  23
        0.70833       -0.45496   1  24
        0.70833       -0.36526   1  25
        0.70833       -0.34926   1  26
        0.70833       -0.22201   1  27
        0.70833       -0.13415   1  28
        0.70833       -0.09285   1  29
        0.70833        0.00625   1  30
        0.70833        0.02626   1  31
        0.70833        0.09233   1  32
        0.70833        0.13659   1  33
        0.70833        0.15189   1  34
        0.70833        0.16075   1  35
        0.70833        0.21091   1  36
        0.70833        0.22732   1  37
        0.70833        0.22805   1  38
        0.70833        0.26809   1  39
        0.70833        0.29285   1  40
        0.70833        0.32610   1  41
        0.70833        0.34123   1  42
        0.70833        0.36800   1  43
        0.70833        0.38141   1  44
        0.70833        0.39262   1  45
        0.70833        0.39952   1  46
        0.70833        0.41390   1  47
        0.70833        0.45134   1  48
        0.70833        0.47116   1  49
        0.70833        0.50802   1  50
        0.70833        0.51222   1  51
        0.70833        0.52652   1  52
        0.70833        0.57780   1  53
        0.70833        0.58000   1  54
        0.70833        0.61891   1  55
        0.70833        0.62428   1  56
        0.70833        0.70239   1  57
        0.70833        0.72902   1  58
        0.70833        0.79551   1  59
        0.70833        0.80393   1  60
        0.70833        0.83057   1  61
        0.70833        0.84131   1  62
        0.70833        0.84381   1  63
        0.70833        0.94878   1  64
        0.70833        0.95547   1  65
        0.70833        1.03219   1  66
        0.70833        1.03301   1  67
        0.70833        1.06018   1  68
        0.70833        1.06426   1  69
        0.70833        1.14743   1  70
        0.70833        1.15501   1  71
        0.70833        1.20659   1  72
        0.70833        1.25887   1  73
        0.70833        1.32518   1  74
        0.70833        1.35627   1  75
        0.70833        1.51745   1  76
        0.75000       -0.88597   1   1
        0.75000       -0.87690   1   2
        0.75000       -0.85669   1   3
        0.75000       -0.77517   1   4
        0.75000       -0.74887   1   5
        0.75000       -0.71752   1   6
        0.75000       -0.71692   1   7
        0.75000       -0.69542   1   8
        0.75000       -0.68934   1   9
        0.75000       -0.66400   1  10
        0.75000       -0.65570   1  11
        0.75000       -0.64509   1  12
        0.75000       -0.63872   1  13
        0.75000       -0.63059   1  14
        0.75000       -0.62691   1  15
        0.75000       -0.56973   1  16
        0.75000       -0.56569   1  17
        0.75000       -0.54169   1  18
        0.75000       -0.50234   1  19
        0.75000       -0.49897   1  20
        0.75000       -0.49656   1  21
        0.75000       -0.48004   1  22
        0.75000       -0.47813   1  23
        0.75000       -0.45463   1  24
        0.75000       -0.35295   1  25
        0.75000       -0.33635   1  26
        0.75000       -0.18730   1  27
        0.75000       -0.11485   1  28
        0.75000       -0.07700   1  29
        0.75000        0.03644   1  30
        0.75000        0.05080   1  31
        0.75000        0.10328   1  32
        0.75000        0.14319   1  33
        0.75000        0.17911   1  34
        0.75000        0.18217   1  35
        0.75000        0.23481   1  36
        0.75000        0.24035   1  37
        0.75000        0.24356   1  38
        0.75000        0.28319   1  39
        0.75000        0.30383   1  40
        0.75000        0.32578   1  41
        0.75000        0.33114   1  42
        0.75000        0.34738   1  43
        0.75000        0.35624   1  44
        0.75000        0.38195   1  45
        0.75000        0.39048   1  46
        0.75000        0.42584   1  47
        0.75000        0.43614   1  48
        0.75000        0.46527   1  49
        0.75000        0.47911   1  50
        0.75000        0.51442   1  51
        0.75000        0.51798   1  52
        0.75000        0.57019   1  53
        0.75000        0.58070   1  54
        0.75000        0.62709   1  55
        0.75000        0.63427   1  56
        0.75000        0.72033   1  57
        0.75000        0.72349   1  58
        0.75000        0.75102   1  59
        0.75000        0.75251   1  60
        0.75000        0.76996   1  61
        0.75000        0.80678   1  62
        0.75000        0.86362   1  63
        0.75000        0.87878   1  64
        0.75000        0.91350   1  65
        0.75000        0.95239   1  66
        0.75000        0.99283   1  67
        0.75000        1.01902   1  68
        0.75000        1.02013   1  69
        0.75000        1.08504   1  70
        0.75000        1.09940   1  71
        0.75000        1.17694   1  72
        0.75000        1.21784   1  73
        0.75000        1.26914   1  74
        0.75000        1.28758   1  75
        0.75000        1.48091   1  76
        0.79167       -0.87710   1   1
        0.79167       -0.87167   1   2
        0.79167       -0.85247   1   3
        0.79167       -0.78280   1   4
        0.79167       -0.76215   1   5
        0.79167       -0.72912   1   6
        0.79167       -0.72543   1   7
        0.79167       -0.69397   1   8
        0.79167       -0.68188   1   9
        0.79167       -0.66662   1  10
        0.79167       -0.65720   1  11
        0.79167       -0.64560   1  12
        0.79167       -0.63539   1  13
        0.79167       -0.63261   1  14
        0.79167       -0.62517   1  15
        0.79167       -0.57533   1  16
        0.79167       -0.55530   1  17
        0.79167       -0.54106   1  18
        0.79167       -0.50445   1  19
        0.79167       -0.50269   1  20
        0.79167       -0.48852   1  21
        0.79167       -0.47818   1  22
        0.79167       -0.47709   1  23
        0.79167       -0.45539   1  24
        0.79167       -0.33911   1  25
        0.79167       -0.32404   1  26
        0.79167       -0.15167   1  27
        0.79167       -0.09327   1  28
        0.79167       -0.06002   1  29
        0.79167        0.06736   1  30
        0.79167        0.07896   1  31
        0.79167        0.10009   1  32
        0.79167        0.15469   1  33
        0.79167        0.20519   1  34
        0.79167        0.20713   1  35
        0.79167        0.23528   1  36
        0.79167        0.24728   1  37
        0.79167        0.25428   1  38
        0.79167        0.27563   1  39
        0.79167        0.29139   1  40
        0.79167        0.30568   1  41
        0.79167        0.34535   1  42
        0.79167        0.36258   1  43
        0.79167        0.36481   1  44
        0.79167        0.38464   1  45
        0.79167        0.39103   1  46
        0.79167        0.39790   1  47
        0.79167        0.40833   1  48
        0.79167        0.46372   1  49
        0.79167        0.50259   1  50
        0.79167        0.52165   1  51
        0.79167        0.53167   1  52
        0.79167        0.55703   1  53
        0.79167        0.57066   1  54
        0.79167        0.63858   1  55
        0.79167        0.63994   1  56
        0.79167        0.68713   1  57
        0.79167        0.70501   1  58
        0.79167        0.71686   1  59
        0.79167        0.72424   1  60
        0.79167        0.76457   1  61
        0.79167        0.77682   1  62
        0.79167        0.80668   1  63
        0.79167        0.85652   1  64
        0.79167        0.88771   1  65
        0.79167        0.89070   1  66
        0.79167        0.91594   1  67
        0.79167        0.97109   1  68
        0.79167        0.97689   1  69
        0.79167        1.04112   1  70
        0.79167        1.07587   1  71
        0.79167        1.14141   1  72
        0.79167        1.18562   1  73
        0.79167        1.22169   1  74
        0.79167        1.22602   1  75
        0.79167        1.45402   1  76
        0.83333       -0.87197   1   1
        0.83333       -0.86928   1   2
        0.83333       -0.84631   1   3
        0.83333       -0.79283   1   4
        0.83333       -0.77049   1   5
        0.83333       -0.73706   1   6
        0.83333       -0.73027   1   7
        0.83333       -0.69595   1   8
        0.83333       -0.67659   1   9
        0.83333       -0.66974   1  10
        0.83333       -0.65791   1  11
        0.83333       -0.64706   1  12
        0.83333       -0.63351   1  13
        0.83333       -0.62906   1  14
        0.83333       -0.62452   1  15
        0.83333       -0.58634   1  16
        0.83333       -0.54001   1  17
        0.83333       -0.53589   1  18
        0.83333       -0.50474   1  19
        0.83333       -0.50405   1  20
        0.83333       -0.48053   1  21
        0.83333       -0.47807   1  22
        0.83333       -0.47487   1  23
        0.83333       -0.45755   1  24
        0.83333       -0.32456   1  25
        0.83333       -0.31252   1  26
        0.83333       -0.11556   1  27
        0.83333       -0.06926   1  28
        0.83333       -0.04329   1  29
        0.83333        0.08545   1  30
        0.83333        0.09701   1  31
        0.83333        0.11024   1  32
        0.83333        0.16778   1  33
        0.83333        0.18675   1  34
        0.83333        0.21597   1  35
        0.83333        0.22167   1  36
        0.83333        0.23607   1  37
        0.83333        0.25836   1  38
        0.83333        0.29642   1  39
        0.83333        0.31319   1  40
        0.83333        0.31734   1  41
        0.83333        0.35222   1  42
        0.83333        0.35462   1  43
        0.83333        0.36068   1  44
        0.83333        0.38405   1  45
        0.83333        0.39609   1  46
        0.83333        0.40349   1  47
        0.83333        0.41460   1  48
        0.83333        0.49265   1  49
        0.83333        0.50754   1  50
        0.83333        0.50970   1  51
        0.83333        0.54233   1  52
        0.83333        0.54979   1  53
        0.83333        0.56384   1  54
        0.83333        0.62201   1  55
        0.83333        0.64105   1  56
        0.83333        0.65543   1  57
        0.83333        0.67479   1  58
        0.83333        0.68776   1  59
        0.83333        0.71314   1  60
        0.83333        0.72669   1  61
        0.83333        0.76221   1  62
        0.83333        0.79423   1  63
        0.83333        0.81049   1  64
        0.83333        0.82994   1  65
        0.83333        0.83784   1  66
        0.83333        0.88025   1  67
        0.83333        0.93927   1  68
        0.83333        0.94191   1  69
        0.83333        0.99491   1  70
        0.83333        1.02217   1  71
        0.83333        1.12123   1  72
        0.83333        1.15965   1  73
        0.83333        1.17787   1  74
        0.83333        1.18414   1  75
        0.83333        1.43845   1  76
        0.87500       -0.87137   1   1
        0.87500       -0.86995   1   2
        0.87500       -0.83776   1   3
        0.87500       -0.80350   1   4
        0.87500       -0.77217   1   5
        0.87500       -0.74129   1   6
        0.87500       -0.73374   1   7
        0.87500       -0.69912   1   8
        0.87500       -0.67693   1   9
        0.87500       -0.67285   1  10
        0.87500       -0.65815   1  11
        0.87500       -0.64269   1  12
        0.87500       -0.63306   1  13
        0.87500       -0.62871   1  14
        0.87500       -0.62161   1  15
        0.87500       -0.59709   1  16
        0.87500       -0.52939   1  17
        0.87500       -0.52435   1  18
        0.87500       -0.50389   1  19
        0.87500       -0.50260   1  20
        0.87500       -0.47811   1  21
        0.87500       -0.47370   1  22
        0.87500       -0.47278   1  23
        0.87500       -0.46119   1  24
        0.87500       -0.31005   1  25
        0.87500       -0.30196   1  26
        0.87500       -0.08002   1  27
        0.87500       -0.04280   1  28
        0.87500       -0.02838   1  29
        0.87500        0.06566   1  30
        0.87500        0.12348   1  31
        0.87500        0.13880   1  32
        0.87500        0.14133   1  33
        0.87500        0.17472   1  34
        0.87500        0.19787   1  35
        0.87500        0.20207   1  36
        0.87500        0.26532   1  37
        0.87500        0.28525   1  38
        0.87500        0.30571   1  39
        0.87500        0.31323   1  40
        0.87500        0.33227   1  41
        0.87500        0.34935   1  42
        0.87500        0.35450   1  43
        0.87500        0.36443   1  44
        0.87500        0.40383   1  45
        0.87500        0.41765   1  46
        0.87500        0.42185   1  47
        0.87500        0.44572   1  48
        0.87500        0.48120   1  49
        0.87500        0.48405   1  50
        0.87500        0.52089   1  51
        0.87500        0.52212   1  52
        0.87500        0.54827   1  53
        0.87500        0.58967   1  54
        0.87500        0.59503   1  55
        0.87500        0.61531   1  56
        0.87500        0.64142   1  57
        0.87500        0.65397   1  58
        0.87500        0.67127   1  59
        0.87500        0.67492   1  60
        0.87500        0.71645   1  61
        0.87500        0.73805   1  62
        0.87500        0.75359   1  63
        0.87500        0.76630   1  64
        0.87500        0.79963   1  65
        0.87500        0.81606   1  66
        0.87500        0.84760   1  67
        0.87500        0.91088   1  68
        0.87500        0.93226   1  69
        0.87500        0.95117   1  70
        0.87500        0.96550   1  71
        0.87500        1.10948   1  72
        0.87500        1.13712   1  73
        0.87500        1.14554   1  74
        0.87500        1.15082   1  75
        0.87500        1.42993   1  76
        0.91667       -0.87308   1   1
        0.91667       -0.87238   1   2
        0.91667       -0.82908   1   3
        0.91667       -0.81253   1   4
        0.91667       -0.76898   1   5
        0.91667       -0.74278   1   6
        0.91667       -0.73722   1   7
        0.91667       -0.70278   1   8
        0.91667       -0.67935   1   9
        0.91667       -0.67562   1  10
        0.91667       -0.65807   1  11
        0.91667       -0.63704   1  12
        0.91667       -0.63105   1  13
        0.91667       -0.62997   1  14
        0.91667       -0.61946   1  15
        0.91667       -0.60667   1  16
        0.91667       -0.52061   1  17
        0.91667       -0.51514   1  18
        0.91667       -0.50106   1  19
        0.91667       -0.49817   1  20
        0.91667       -0.47874   1  21
        0.91667       -0.47242   1  22
        0.91667       -0.46696   1  23
        0.91667       -0.46590   1  24
        0.91667       -0.29688   1  25
        0.91667       -0.29273   1  26
        0.91667       -0.04856   1  27
        0.91667       -0.01647   1  28
        0.91667       -0.01432   1  29
        0.91667        0.04748   1  30
        0.91667        0.09512   1  31
        0.91667        0.14552   1  32
        0.91667        0.15787   1  33
        0.91667        0.15928   1  34
        0.91667        0.19401   1  35
        0.91667        0.20044   1  36
        0.91667        0.28258   1  37
        0.91667        0.29254   1  38
        0.91667        0.32547   1  39
        0.91667        0.32787   1  40
        0.91667        0.34044   1  41
        0.91667        0.34726   1  42
        0.91667        0.35792   1  43
        0.91667        0.39298   1  44
        0.91667        0.41035   1  45
        0.91667        0.42486   1  46
        0.91667        0.44723   1  47
        0.91667        0.44970   1  48
        0.91667        0.46046   1  49
        0.91667        0.49816   1  50
        0.91667        0.51242   1  51
        0.91667        0.53385   1  52
        0.91667        0.54329   1  53
        0.91667        0.56300   1  54
        0.91667        0.56344   1  55
        0.91667        0.62817   1  56
        0.91667        0.62898   1  57
        0.91667        0.63401   1  58
        0.91667        0.66485   1  59
        0.91667        0.66569   1  60
        0.91667        0.68721   1  61
        0.91667        0.70407   1  62
        0.91667        0.71863   1  63
        0.91667        0.74034   1  64
        0.91667        0.78345   1  65
        0.91667        0.78529   1  66
        0.91667        0.84310   1  67
        0.91667        0.88749   1  68
        0.91667        0.88902   1  69
        0.91667        0.92022   1  70
        0.91667        0.97976   1  71
        0.91667        1.08210   1  72
        0.91667        1.11310   1  73
        0.91667        1.12970   1  74
        0.91667        1.13139   1  75
        0.91667        1.42567   1  76
        0.95833       -0.87492   1   1
        0.95833       -0.87473   1   2
        0.95833       -0.82275   1   3
        0.95833       -0.81841   1   4
        0.95833       -0.76412   1   5
        0.95833       -0.74292   1   6
        0.95833       -0.74087   1   7
        0.95833       -0.70586   1   8
        0.95833       -0.68134   1   9
        0.95833       -0.67761   1  10
        0.95833       -0.65788   1  11
        0.95833       -0.63302   1  12
        0.95833       -0.63102   1  13
        0.95833       -0.62787   1  14
        0.95833       -0.61857   1  15
        0.95833       -0.61443   1  16
        0.95833       -0.51728   1  17
        0.95833       -0.50563   1  18
        0.95833       -0.49996   1  19
        0.95833       -0.49163   1  20
        0.95833       -0.48089   1  21
        0.95833       -0.47189   1  22
        0.95833       -0.46995   1  23
        0.95833       -0.46284   1  24
        0.95833       -0.28740   1  25
        0.95833       -0.28623   1  26
        0.95833       -0.03015   1  27
        0.95833       -0.00649   1  28
        0.95833        0.01496   1  29
        0.95833        0.03867   1  30
        0.95833        0.06557   1  31
        0.95833        0.12726   1  32
        0.95833        0.14046   1  33
        0.95833        0.16891   1  34
        0.95833        0.21151   1  35
        0.95833        0.21359   1  36
        0.95833        0.27616   1  37
        0.95833        0.30983   1  38
        0.95833        0.33844   1  39
        0.95833        0.34154   1  40
        0.95833        0.34165   1  41
        0.95833        0.35244   1  42
        0.95833        0.37771   1  43
        0.95833        0.39738   1  44
        0.95833        0.40029   1  45
        0.95833        0.40645   1  46
        0.95833        0.45730   1  47
        0.95833        0.46167   1  48
        0.95833        0.48159   1  49
        0.95833        0.50212   1  50
        0.95833        0.51296   1  51
        0.95833        0.54156   1  52
        0.95833        0.54232   1  53
        0.95833        0.54602   1  54
        0.95833        0.55947   1  55
        0.95833        0.59635   1  56
        0.95833        0.60628   1  57
        0.95833        0.62840   1  58
        0.95833        0.64463   1  59
        0.95833        0.65811   1  60
        0.95833        0.68144   1  61
        0.95833        0.68506   1  62
        0.95833        0.72059   1  63
        0.95833        0.72691   1  64
        0.95833        0.75196   1  65
        0.95833        0.78174   1  66
        0.95833        0.81511   1  67
        0.95833        0.88306   1  68
        0.95833        0.89254   1  69
        0.95833        0.89985   1  70
        0.95833        0.97310   1  71
        0.95833        1.07228   1  72
        0.95833        1.09706   1  73
        0.95833        1.11186   1  74
        0.95833        1.12514   1  75
        0.95833        1.42465   1  76
        1.00000       -0.87567   1   1
        1.00000       -0.87567   1   2
        1.00000       -0.82043   1   3
        1.00000       -0.82043   1   4
        1.00000       -0.76153   1   5
        1.00000       -0.74282   1   6
        1.00000       -0.74282   1   7
        1.00000       -0.70709   1   8
        1.00000       -0.68208   1   9
        1.00000       -0.67833   1  10
        1.00000       -0.65778   1  11
        1.00000       -0.63144   1  12
        1.00000       -0.63144   1  13
        1.00000       -0.62564   1  14
        1.00000       -0.61836   1  15
        1.00000       -0.61836   1  16
        1.00000       -0.51674   1  17
        1.00000       -0.49957   1  18
        1.00000       -0.49957   1  19
        1.00000       -0.49034   1  20
        1.00000       -0.48267   1  21
        1.00000       -0.47172   1  22
        1.00000       -0.47128   1  23
        1.00000       -0.46136   1  24
        1.00000       -0.28393   1  25
        1.00000       -0.28393   1  26
        1.00000       -0.02632   1  27
        1.00000       -0.00191   1  28
        1.00000        0.03878   1  29
        1.00000        0.03878   1  30
        1.00000        0.04535   1  31
        1.00000        0.11385   1  32
        1.00000        0.13197   1  33
        1.00000        0.17279   1  34
        1.00000        0.22224   1  35
        1.00000        0.22224   1  36
        1.00000        0.26698   1  37
        1.00000        0.32807   1  38
        1.00000        0.33905   1  39
        1.00000        0.33905   1  40
        1.00000        0.35379   1  41
        1.00000        0.35496   1  42
        1.00000        0.36770   1  43
        1.00000        0.36770   1  44
        1.00000        0.43096   1  45
        1.00000        0.43096   1  46
        1.00000        0.43766   1  47
        1.00000        0.46054   1  48
        1.00000        0.48659   1  49
        1.00000        0.48659   1  50
        1.00000        0.51885   1  51
        1.00000        0.53994   1  52
        1.00000        0.54660   1  53
        1.00000        0.57757   1  54
        1.00000        0.57757   1  55
        1.00000        0.58312   1  56
        1.00000        0.59811   1  57
        1.00000        0.59811   1  58
        1.00000        0.60855   1  59
        1.00000        0.62756   1  60
        1.00000        0.70873   1  61
        1.00000        0.72208   1  62
        1.00000        0.72208   1  63
        1.00000        0.72679   1  64
        1.00000        0.73345   1  65
        1.00000        0.73345   1  66
        1.00000        0.83892   1  67
        1.00000        0.88250   1  68
        1.00000        0.88250   1  69
        1.00000        0.89188   1  70
        1.00000        0.96280   1  71
        1.00000        1.08861   1  72
        1.00000        1.09174   1  73
        1.00000        1.09174   1  74
        1.00000        1.12329   1  75
        1.00000        1.42480   1  76
        1.00000       -0.87567   1   1
        1.00000       -0.87567   1   2
        1.00000       -0.82043   1   3
        1.00000       -0.82043   1   4
        1.00000       -0.76153   1   5
        1.00000       -0.74282   1   6
        1.00000       -0.74282   1   7
        1.00000       -0.70709   1   8
        1.00000       -0.68208   1   9
        1.00000       -0.67833   1  10
        1.00000       -0.65778   1  11
        1.00000       -0.63144   1  12
        1.00000       -0.63144   1  13
        1.00000       -0.62564   1  14
        1.00000       -0.61836   1  15
        1.00000       -0.61836   1  16
        1.00000       -0.51674   1  17
        1.00000       -0.49957   1  18
        1.00000       -0.49957   1  19
        1.00000       -0.49034   1  20
        1.00000       -0.48267   1  21
        1.00000       -0.47172   1  22
        1.00000       -0.47128   1  23
        1.00000       -0.46136   1  24
        1.00000       -0.28393   1  25
        1.00000       -0.28393   1  26
        1.00000       -0.02632   1  27
        1.00000       -0.00191   1  28
        1.00000        0.03878   1  29
        1.00000        0.03878   1  30
        1.00000        0.04535   1  31
        1.00000        0.11385   1  32
        1.00000        0.13197   1  33
        1.00000        0.17279   1  34
        1.00000        0.22224   1  35
        1.00000        0.22224   1  36
        1.00000        0.26698   1  37
        1.00000        0.32807   1  38
        1.00000        0.33905   1  39
        1.00000        0.33905   1  40
        1.00000        0.35379   1  41
        1.00000        0.35496   1  42
        1.00000        0.36770   1  43
        1.00000        0.36770   1  44
        1.00000        0.43096   1  45
        1.00000        0.43096   1  46
        1.00000        0.43766   1  47
        1.00000        0.46054   1  48
        1.00000        0.48659   1  49
        1.00000        0.48659   1  50
        1.00000        0.51885   1  51
        1.00000        0.53994   1  52
        1.00000        0.54660   1  53
        1.00000        0.57757   1  54
        1.00000        0.57757   1  55
        1.00000        0.58312   1  56
        1.00000        0.59811   1  57
        1.00000        0.59811   1  58
        1.00000        0.60855   1  59
        1.00000        0.62756   1  60
        1.00000        0.70873   1  61
        1.00000        0.72208   1  62
        1.00000        0.72208   1  63
        1.00000        0.72679   1  64
        1.00000        0.73345   1  65
        1.00000        0.73345   1  66
        1.00000        0.83892   1  67
        1.00000        0.88250   1  68
        1.00000        0.88250   1  69
        1.00000        0.89188   1  70
        1.00000        0.96280   1  71
        1.00000        1.08861   1  72
        1.00000        1.09174   1  73
        1.00000        1.09174   1  74
        1.00000        1.12329   1  75
        1.00000        1.42480   1  76
        1.03928       -0.87516   1   1
        1.03928       -0.87463   1   2
        1.03928       -0.82163   1   3
        1.03928       -0.81950   1   4
        1.03928       -0.76403   1   5
        1.03928       -0.74205   1   6
        1.03928       -0.74180   1   7
        1.03928       -0.70599   1   8
        1.03928       -0.68146   1   9
        1.03928       -0.67765   1  10
        1.03928       -0.65786   1  11
        1.03928       -0.63238   1  12
        1.03928       -0.63159   1  13
        1.03928       -0.62767   1  14
        1.03928       -0.61825   1  15
        1.03928       -0.61508   1  16
        1.03928       -0.51716   1  17
        1.03928       -0.50362   1  18
        1.03928       -0.50200   1  19
        1.03928       -0.49121   1  20
        1.03928       -0.48062   1  21
        1.03928       -0.47187   1  22
        1.03928       -0.47030   1  23
        1.03928       -0.46254   1  24
        1.03928       -0.29439   1  25
        1.03928       -0.27829   1  26
        1.03928       -0.03158   1  27
        1.03928       -0.00729   1  28
        1.03928        0.02106   1  29
        1.03928        0.04090   1  30
        1.03928        0.06050   1  31
        1.03928        0.12407   1  32
        1.03928        0.14095   1  33
        1.03928        0.16927   1  34
        1.03928        0.20598   1  35
        1.03928        0.22386   1  36
        1.03928        0.27338   1  37
        1.03928        0.30785   1  38
        1.03928        0.33777   1  39
        1.03928        0.33897   1  40
        1.03928        0.34530   1  41
        1.03928        0.36271   1  42
        1.03928        0.36822   1  43
        1.03928        0.38382   1  44
        1.03928        0.40667   1  45
        1.03928        0.43263   1  46
        1.03928        0.44602   1  47
        1.03928        0.45180   1  48
        1.03928        0.48790   1  49
        1.03928        0.49501   1  50
        1.03928        0.51535   1  51
        1.03928        0.53452   1  52
        1.03928        0.54692   1  53
        1.03928        0.55439   1  54
        1.03928        0.57900   1  55
        1.03928        0.58835   1  56
        1.03928        0.59935   1  57
        1.03928        0.60805   1  58
        1.03928        0.65049   1  59
        1.03928        0.65579   1  60
        1.03928        0.67672   1  61
        1.03928        0.69468   1  62
        1.03928        0.72264   1  63
        1.03928        0.73500   1  64
        1.03928        0.74704   1  65
        1.03928        0.77338   1  66
        1.03928        0.81636   1  67
        1.03928        0.88500   1  68
        1.03928        0.89067   1  69
        1.03928        0.89969   1  70
        1.03928        0.97181   1  71
        1.03928        1.07468   1  72
        1.03928        1.09425   1  73
        1.03928        1.11118   1  74
        1.03928        1.12504   1  75
        1.03928        1.42469   1  76
        1.07857       -0.87359   1   1
        1.07857       -0.87149   1   2
        1.07857       -0.82486   1   3
        1.07857       -0.81667   1   4
        1.07857       -0.77026   1   5
        1.07857       -0.73984   1   6
        1.07857       -0.73975   1   7
        1.07857       -0.70327   1   8
        1.07857       -0.68008   1   9
        1.07857       -0.67552   1  10
        1.07857       -0.65787   1  11
        1.07857       -0.63461   1  12
        1.07857       -0.63215   1  13
        1.07857       -0.63066   1  14
        1.07857       -0.61796   1  15
        1.07857       -0.60890   1  16
        1.07857       -0.51863   1  17
        1.07857       -0.51097   1  18
        1.07857       -0.50814   1  19
        1.07857       -0.49782   1  20
        1.07857       -0.47522   1  21
        1.07857       -0.47233   1  22
        1.07857       -0.46824   1  23
        1.07857       -0.46471   1  24
        1.07857       -0.32074   1  25
        1.07857       -0.26283   1  26
        1.07857       -0.06312   1  27
        1.07857       -0.01801   1  28
        1.07857        0.01958   1  29
        1.07857        0.04733   1  30
        1.07857        0.07306   1  31
        1.07857        0.13696   1  32
        1.07857        0.15621   1  33
        1.07857        0.16677   1  34
        1.07857        0.18680   1  35
        1.07857        0.22824   1  36
        1.07857        0.27172   1  37
        1.07857        0.27882   1  38
        1.07857        0.30709   1  39
        1.07857        0.33836   1  40
        1.07857        0.34386   1  41
        1.07857        0.36370   1  42
        1.07857        0.37015   1  43
        1.07857        0.38601   1  44
        1.07857        0.41071   1  45
        1.07857        0.42273   1  46
        1.07857        0.43785   1  47
        1.07857        0.46907   1  48
        1.07857        0.47176   1  49
        1.07857        0.49170   1  50
        1.07857        0.50379   1  51
        1.07857        0.53120   1  52
        1.07857        0.55462   1  53
        1.07857        0.57071   1  54
        1.07857        0.58307   1  55
        1.07857        0.60224   1  56
        1.07857        0.60342   1  57
        1.07857        0.63658   1  58
        1.07857        0.64240   1  59
        1.07857        0.65586   1  60
        1.07857        0.69954   1  61
        1.07857        0.72323   1  62
        1.07857        0.72773   1  63
        1.07857        0.73934   1  64
        1.07857        0.77936   1  65
        1.07857        0.79469   1  66
        1.07857        0.80518   1  67
        1.07857        0.88960   1  68
        1.07857        0.89125   1  69
        1.07857        0.91838   1  70
        1.07857        0.98846   1  71
        1.07857        1.08224   1  72
        1.07857        1.10081   1  73
        1.07857        1.12806   1  74
        1.07857        1.13394   1  75
        1.07857        1.42596   1  76
        1.11785       -0.87086   1   1
        1.11785       -0.86628   1   2
        1.11785       -0.82918   1   3
        1.11785       -0.81200   1   4
        1.11785       -0.77841   1   5
        1.11785       -0.73843   1   6
        1.11785       -0.73597   1   7
        1.11785       -0.70008   1   8
        1.11785       -0.67883   1   9
        1.11785       -0.67203   1  10
        1.11785       -0.65729   1  11
        1.11785       -0.63753   1  12
        1.11785       -0.63324   1  13
        1.11785       -0.63302   1  14
        1.11785       -0.61748   1  15
        1.11785       -0.60199   1  16
        1.11785       -0.52220   1  17
        1.11785       -0.51890   1  18
        1.11785       -0.51549   1  19
        1.11785       -0.50877   1  20
        1.11785       -0.47318   1  21
        1.11785       -0.46969   1  22
        1.11785       -0.46634   1  23
        1.11785       -0.46600   1  24
        1.11785       -0.35380   1  25
        1.11785       -0.23994   1  26
        1.11785       -0.10793   1  27
        1.11785       -0.03312   1  28
        1.11785        0.02189   1  29
        1.11785        0.05809   1  30
        1.11785        0.07989   1  31
        1.11785        0.12796   1  32
        1.11785        0.15817   1  33
        1.11785        0.16516   1  34
        1.11785        0.21036   1  35
        1.11785        0.23479   1  36
        1.11785        0.24186   1  37
        1.11785        0.25361   1  38
        1.11785        0.28887   1  39
        1.11785        0.31984   1  40
        1.11785        0.33634   1  41
        1.11785        0.36602   1  42
        1.11785        0.37407   1  43
        1.11785        0.38042   1  44
        1.11785        0.38146   1  45
        1.11785        0.41617   1  46
        1.11785        0.44647   1  47
        1.11785        0.47114   1  48
        1.11785        0.47774   1  49
        1.11785        0.49752   1  50
        1.11785        0.50678   1  51
        1.11785        0.53258   1  52
        1.11785        0.56015   1  53
        1.11785        0.57036   1  54
        1.11785        0.58911   1  55
        1.11785        0.61051   1  56
        1.11785        0.62270   1  57
        1.11785        0.62760   1  58
        1.11785        0.66947   1  59
        1.11785        0.67640   1  60
        1.11785        0.72327   1  61
        1.11785        0.72961   1  62
        1.11785        0.74623   1  63
        1.11785        0.76460   1  64
        1.11785        0.78759   1  65
        1.11785        0.80403   1  66
        1.11785        0.86845   1  67
        1.11785        0.89897   1  68
        1.11785        0.89948   1  69
        1.11785        0.93305   1  70
        1.11785        1.01549   1  71
        1.11785        1.10107   1  72
        1.11785        1.11000   1  73
        1.11785        1.15054   1  74
        1.11785        1.15330   1  75
        1.11785        1.43142   1  76
        1.15713       -0.86682   1   1
        1.15713       -0.85907   1   2
        1.15713       -0.83347   1   3
        1.15713       -0.80559   1   4
        1.15713       -0.78723   1   5
        1.15713       -0.73855   1   6
        1.15713       -0.73080   1   7
        1.15713       -0.69748   1   8
        1.15713       -0.67895   1   9
        1.15713       -0.66771   1  10
        1.15713       -0.65566   1  11
        1.15713       -0.64064   1  12
        1.15713       -0.63493   1  13
        1.15713       -0.63380   1  14
        1.15713       -0.61681   1  15
        1.15713       -0.59533   1  16
        1.15713       -0.52957   1  17
        1.15713       -0.52714   1  18
        1.15713       -0.52126   1  19
        1.15713       -0.52104   1  20
        1.15713       -0.47480   1  21
        1.15713       -0.46785   1  22
        1.15713       -0.46510   1  23
        1.15713       -0.46350   1  24
        1.15713       -0.38596   1  25
        1.15713       -0.21138   1  26
        1.15713       -0.15314   1  27
        1.15713       -0.05625   1  28
        1.15713        0.01534   1  29
        1.15713        0.07295   1  30
        1.15713        0.07990   1  31
        1.15713        0.11742   1  32
        1.15713        0.14802   1  33
        1.15713        0.15605   1  34
        1.15713        0.19871   1  35
        1.15713        0.23073   1  36
        1.15713        0.24347   1  37
        1.15713        0.26709   1  38
        1.15713        0.27961   1  39
        1.15713        0.28650   1  40
        1.15713        0.33225   1  41
        1.15713        0.33349   1  42
        1.15713        0.35514   1  43
        1.15713        0.37989   1  44
        1.15713        0.39527   1  45
        1.15713        0.43481   1  46
        1.15713        0.44965   1  47
        1.15713        0.45784   1  48
        1.15713        0.46263   1  49
        1.15713        0.49795   1  50
        1.15713        0.50517   1  51
        1.15713        0.56488   1  52
        1.15713        0.57409   1  53
        1.15713        0.58165   1  54
        1.15713        0.59630   1  55
        1.15713        0.61880   1  56
        1.15713        0.62035   1  57
        1.15713        0.63640   1  58
        1.15713        0.69560   1  59
        1.15713        0.70115   1  60
        1.15713        0.72426   1  61
        1.15713        0.74530   1  62
        1.15713        0.75726   1  63
        1.15713        0.76407   1  64
        1.15713        0.82258   1  65
        1.15713        0.85481   1  66
        1.15713        0.88919   1  67
        1.15713        0.91086   1  68
        1.15713        0.95730   1  69
        1.15713        0.98864   1  70
        1.15713        1.02325   1  71
        1.15713        1.12232   1  72
        1.15713        1.13444   1  73
        1.15713        1.18159   1  74
        1.15713        1.18480   1  75
        1.15713        1.44252   1  76
        1.19642       -0.86155   1   1
        1.19642       -0.84996   1   2
        1.19642       -0.83677   1   3
        1.19642       -0.79746   1   4
        1.19642       -0.79587   1   5
        1.19642       -0.74088   1   6
        1.19642       -0.72427   1   7
        1.19642       -0.69656   1   8
        1.19642       -0.68175   1   9
        1.19642       -0.66343   1  10
        1.19642       -0.65294   1  11
        1.19642       -0.64162   1  12
        1.19642       -0.63755   1  13
        1.19642       -0.63316   1  14
        1.19642       -0.61601   1  15
        1.19642       -0.59022   1  16
        1.19642       -0.53793   1  17
        1.19642       -0.53717   1  18
        1.19642       -0.53089   1  19
        1.19642       -0.52708   1  20
        1.19642       -0.47820   1  21
        1.19642       -0.46831   1  22
        1.19642       -0.46431   1  23
        1.19642       -0.45942   1  24
        1.19642       -0.41138   1  25
        1.19642       -0.19607   1  26
        1.19642       -0.17893   1  27
        1.19642       -0.08452   1  28
        1.19642       -0.00677   1  29
        1.19642        0.08033   1  30
        1.19642        0.09170   1  31
        1.19642        0.10365   1  32
        1.19642        0.12630   1  33
        1.19642        0.15075   1  34
        1.19642        0.17931   1  35
        1.19642        0.20261   1  36
        1.19642        0.25119   1  37
        1.19642        0.25421   1  38
        1.19642        0.25448   1  39
        1.19642        0.30292   1  40
        1.19642        0.32544   1  41
        1.19642        0.32570   1  42
        1.19642        0.36187   1  43
        1.19642        0.38714   1  44
        1.19642        0.39504   1  45
        1.19642        0.41636   1  46
        1.19642        0.43780   1  47
        1.19642        0.47197   1  48
        1.19642        0.48164   1  49
        1.19642        0.50683   1  50
        1.19642        0.51562   1  51
        1.19642        0.55862   1  52
        1.19642        0.59088   1  53
        1.19642        0.60180   1  54
        1.19642        0.60389   1  55
        1.19642        0.62000   1  56
        1.19642        0.63341   1  57
        1.19642        0.63383   1  58
        1.19642        0.70990   1  59
        1.19642        0.72853   1  60
        1.19642        0.74001   1  61
        1.19642        0.74687   1  62
        1.19642        0.77447   1  63
        1.19642        0.79333   1  64
        1.19642        0.84243   1  65
        1.19642        0.88127   1  66
        1.19642        0.92902   1  67
        1.19642        0.94355   1  68
        1.19642        1.00694   1  69
        1.19642        1.03219   1  70
        1.19642        1.07343   1  71
        1.19642        1.14011   1  72
        1.19642        1.16970   1  73
        1.19642        1.22235   1  74
        1.19642        1.23114   1  75
        1.19642        1.46054   1  76
        1.23570       -0.85554   1   1
        1.23570       -0.83903   1   2
        1.23570       -0.83834   1   3
        1.23570       -0.80357   1   4
        1.23570       -0.78768   1   5
        1.23570       -0.74537   1   6
        1.23570       -0.71639   1   7
        1.23570       -0.70107   1   8
        1.23570       -0.68481   1   9
        1.23570       -0.65946   1  10
        1.23570       -0.64950   1  11
        1.23570       -0.64137   1  12
        1.23570       -0.63929   1  13
        1.23570       -0.63176   1  14
        1.23570       -0.61517   1  15
        1.23570       -0.58840   1  16
        1.23570       -0.54818   1  17
        1.23570       -0.54364   1  18
        1.23570       -0.53760   1  19
        1.23570       -0.53444   1  20
        1.23570       -0.48406   1  21
        1.23570       -0.46898   1  22
        1.23570       -0.46321   1  23
        1.23570       -0.45624   1  24
        1.23570       -0.42718   1  25
        1.23570       -0.23604   1  26
        1.23570       -0.14381   1  27
        1.23570       -0.11482   1  28
        1.23570       -0.03931   1  29
        1.23570        0.07211   1  30
        1.23570        0.08416   1  31
        1.23570        0.10160   1  32
        1.23570        0.11413   1  33
        1.23570        0.15758   1  34
        1.23570        0.16290   1  35
        1.23570        0.17432   1  36
        1.23570        0.22059   1  37
        1.23570        0.23602   1  38
        1.23570        0.26578   1  39
        1.23570        0.28962   1  40
        1.23570        0.31692   1  41
        1.23570        0.32541   1  42
        1.23570        0.35521   1  43
        1.23570        0.39533   1  44
        1.23570        0.42128   1  45
        1.23570        0.43499   1  46
        1.23570        0.44103   1  47
        1.23570        0.48922   1  48
        1.23570        0.49053   1  49
        1.23570        0.52555   1  50
        1.23570        0.53082   1  51
        1.23570        0.55878   1  52
        1.23570        0.57391   1  53
        1.23570        0.61118   1  54
        1.23570        0.61588   1  55
        1.23570        0.62258   1  56
        1.23570        0.64950   1  57
        1.23570        0.65307   1  58
        1.23570        0.72395   1  59
        1.23570        0.73628   1  60
        1.23570        0.73880   1  61
        1.23570        0.79735   1  62
        1.23570        0.80004   1  63
        1.23570        0.82226   1  64
        1.23570        0.84657   1  65
        1.23570        0.92985   1  66
        1.23570        0.95167   1  67
        1.23570        0.95531   1  68
        1.23570        1.04402   1  69
        1.23570        1.11229   1  70
        1.23570        1.11698   1  71
        1.23570        1.16484   1  72
        1.23570        1.20888   1  73
        1.23570        1.27429   1  74
        1.23570        1.29075   1  75
        1.23570        1.48869   1  76
        1.27499       -0.85011   1   1
        1.27499       -0.83789   1   2
        1.27499       -0.82646   1   3
        1.27499       -0.80898   1   4
        1.27499       -0.77652   1   5
        1.27499       -0.75117   1   6
        1.27499       -0.71375   1   7
        1.27499       -0.70741   1   8
        1.27499       -0.68461   1   9
        1.27499       -0.65524   1  10
        1.27499       -0.64642   1  11
        1.27499       -0.64610   1  12
        1.27499       -0.63556   1  13
        1.27499       -0.63075   1  14
        1.27499       -0.61431   1  15
        1.27499       -0.59024   1  16
        1.27499       -0.55751   1  17
        1.27499       -0.54496   1  18
        1.27499       -0.54278   1  19
        1.27499       -0.54242   1  20
        1.27499       -0.49062   1  21
        1.27499       -0.46981   1  22
        1.27499       -0.46124   1  23
        1.27499       -0.45411   1  24
        1.27499       -0.43477   1  25
        1.27499       -0.27281   1  26
        1.27499       -0.14505   1  27
        1.27499       -0.10620   1  28
        1.27499       -0.07480   1  29
        1.27499        0.03413   1  30
        1.27499        0.07700   1  31
        1.27499        0.08778   1  32
        1.27499        0.12842   1  33
        1.27499        0.13984   1  34
        1.27499        0.15079   1  35
        1.27499        0.16694   1  36
        1.27499        0.20486   1  37
        1.27499        0.22560   1  38
        1.27499        0.27238   1  39
        1.27499        0.27535   1  40
        1.27499        0.31020   1  41
        1.27499        0.32011   1  42
        1.27499        0.33931   1  43
        1.27499        0.40424   1  44
        1.27499        0.41838   1  45
        1.27499        0.46421   1  46
        1.27499        0.47682   1  47
        1.27499        0.50905   1  48
        1.27499        0.51278   1  49
        1.27499        0.53171   1  50
        1.27499        0.55041   1  51
        1.27499        0.55191   1  52
        1.27499        0.58700   1  53
        1.27499        0.62000   1  54
        1.27499        0.62414   1  55
        1.27499        0.63876   1  56
        1.27499        0.65999   1  57
        1.27499        0.67839   1  58
        1.27499        0.73275   1  59
        1.27499        0.74322   1  60
        1.27499        0.75690   1  61
        1.27499        0.81739   1  62
        1.27499        0.82426   1  63
        1.27499        0.85544   1  64
        1.27499        0.89964   1  65
        1.27499        0.92535   1  66
        1.27499        0.98603   1  67
        1.27499        0.98862   1  68
        1.27499        1.09506   1  69
        1.27499        1.12375   1  70
        1.27499        1.18815   1  71
        1.27499        1.19441   1  72
        1.27499        1.25402   1  73
        1.27499        1.33343   1  74
        1.27499        1.36373   1  75
        1.27499        1.52956   1  76
        1.31427       -0.84682   1   1
        1.31427       -0.83752   1   2
        1.31427       -0.81249   1   3
        1.31427       -0.80922   1   4
        1.31427       -0.76419   1   5
        1.31427       -0.75714   1   6
        1.31427       -0.73012   1   7
        1.31427       -0.69765   1   8
        1.31427       -0.68317   1   9
        1.31427       -0.65273   1  10
        1.31427       -0.65069   1  11
        1.31427       -0.64336   1  12
        1.31427       -0.63297   1  13
        1.31427       -0.63162   1  14
        1.31427       -0.61349   1  15
        1.31427       -0.59267   1  16
        1.31427       -0.56437   1  17
        1.31427       -0.54849   1  18
        1.31427       -0.54678   1  19
        1.31427       -0.54304   1  20
        1.31427       -0.49572   1  21
        1.31427       -0.47097   1  22
        1.31427       -0.45834   1  23
        1.31427       -0.45295   1  24
        1.31427       -0.43772   1  25
        1.31427       -0.30633   1  26
        1.31427       -0.17443   1  27
        1.31427       -0.10964   1  28
        1.31427       -0.06640   1  29
        1.31427       -0.00341   1  30
        1.31427        0.05045   1  31
        1.31427        0.07941   1  32
        1.31427        0.10276   1  33
        1.31427        0.13040   1  34
        1.31427        0.15335   1  35
        1.31427        0.16855   1  36
        1.31427        0.20777   1  37
        1.31427        0.22277   1  38
        1.31427        0.25505   1  39
        1.31427        0.28378   1  40
        1.31427        0.30892   1  41
        1.31427        0.31477   1  42
        1.31427        0.34158   1  43
        1.31427        0.41591   1  44
        1.31427        0.41626   1  45
        1.31427        0.47060   1  46
        1.31427        0.49649   1  47
        1.31427        0.50467   1  48
        1.31427        0.53119   1  49
        1.31427        0.55405   1  50
        1.31427        0.57785   1  51
        1.31427        0.58025   1  52
        1.31427        0.61168   1  53
        1.31427        0.62686   1  54
        1.31427        0.63558   1  55
        1.31427        0.66243   1  56
        1.31427        0.67968   1  57
        1.31427        0.70767   1  58
        1.31427        0.72795   1  59
        1.31427        0.77350   1  60
        1.31427        0.78243   1  61
        1.31427        0.82670   1  62
        1.31427        0.85582   1  63
        1.31427        0.87986   1  64
        1.31427        0.92978   1  65
        1.31427        0.96846   1  66
        1.31427        1.01728   1  67
        1.31427        1.03543   1  68
        1.31427        1.09530   1  69
        1.31427        1.16638   1  70
        1.31427        1.22465   1  71
        1.31427        1.25281   1  72
        1.31427        1.29948   1  73
        1.31427        1.39570   1  74
        1.31427        1.44679   1  75
        1.31427        1.58058   1  76
        1.35355       -0.84827   1   1
        1.35355       -0.83794   1   2
        1.35355       -0.80316   1   3
        1.35355       -0.79731   1   4
        1.35355       -0.76320   1   5
        1.35355       -0.75084   1   6
        1.35355       -0.74403   1   7
        1.35355       -0.68726   1   8
        1.35355       -0.68165   1   9
        1.35355       -0.66014   1  10
        1.35355       -0.64722   1  11
        1.35355       -0.64298   1  12
        1.35355       -0.63445   1  13
        1.35355       -0.63159   1  14
        1.35355       -0.61274   1  15
        1.35355       -0.59208   1  16
        1.35355       -0.56879   1  17
        1.35355       -0.55115   1  18
        1.35355       -0.54972   1  19
        1.35355       -0.53990   1  20
        1.35355       -0.49879   1  21
        1.35355       -0.47264   1  22
        1.35355       -0.45482   1  23
        1.35355       -0.45265   1  24
        1.35355       -0.43861   1  25
        1.35355       -0.33644   1  26
        1.35355       -0.20266   1  27
        1.35355       -0.14260   1  28
        1.35355       -0.03870   1  29
        1.35355       -0.02502   1  30
        1.35355        0.02238   1  31
        1.35355        0.05060   1  32
        1.35355        0.08435   1  33
        1.35355        0.12588   1  34
        1.35355        0.13292   1  35
        1.35355        0.19879   1  36
        1.35355        0.20126   1  37
        1.35355        0.22787   1  38
        1.35355        0.24799   1  39
        1.35355        0.30357   1  40
        1.35355        0.30465   1  41
        1.35355        0.33760   1  42
        1.35355        0.34073   1  43
        1.35355        0.41548   1  44
        1.35355        0.43686   1  45
        1.35355        0.46470   1  46
        1.35355        0.49229   1  47
        1.35355        0.53822   1  48
        1.35355        0.55822   1  49
        1.35355        0.56519   1  50
        1.35355        0.60696   1  51
        1.35355        0.60760   1  52
        1.35355        0.61881   1  53
        1.35355        0.63842   1  54
        1.35355        0.66104   1  55
        1.35355        0.67454   1  56
        1.35355        0.73258   1  57
        1.35355        0.73930   1  58
        1.35355        0.73971   1  59
        1.35355        0.80724   1  60
        1.35355        0.81419   1  61
        1.35355        0.83533   1  62
        1.35355        0.89365   1  63
        1.35355        0.90291   1  64
        1.35355        0.96092   1  65
        1.35355        1.03322   1  66
        1.35355        1.05074   1  67
        1.35355        1.05653   1  68
        1.35355        1.11625   1  69
        1.35355        1.21048   1  70
        1.35355        1.25515   1  71
        1.35355        1.30757   1  72
        1.35355        1.35288   1  73
        1.35355        1.45853   1  74
        1.35355        1.53158   1  75
        1.35355        1.63668   1  76
        1.39284       -0.85681   1   1
        1.39284       -0.83616   1   2
        1.39284       -0.79661   1   3
        1.39284       -0.78125   1   4
        1.39284       -0.76955   1   5
        1.39284       -0.74814   1   6
        1.39284       -0.73683   1   7
        1.39284       -0.68022   1   8
        1.39284       -0.67651   1   9
        1.39284       -0.66801   1  10
        1.39284       -0.65066   1  11
        1.39284       -0.64588   1  12
        1.39284       -0.63236   1  13
        1.39284       -0.63067   1  14
        1.39284       -0.61206   1  15
        1.39284       -0.58798   1  16
        1.39284       -0.57109   1  17
        1.39284       -0.55175   1  18
        1.39284       -0.55132   1  19
        1.39284       -0.53653   1  20
        1.39284       -0.50008   1  21
        1.39284       -0.47479   1  22
        1.39284       -0.45305   1  23
        1.39284       -0.45105   1  24
        1.39284       -0.43844   1  25
        1.39284       -0.36284   1  26
        1.39284       -0.22919   1  27
        1.39284       -0.17321   1  28
        1.39284       -0.07082   1  29
        1.39284       -0.00617   1  30
        1.39284        0.01785   1  31
        1.39284        0.02010   1  32
        1.39284        0.06189   1  33
        1.39284        0.10626   1  34
        1.39284        0.13622   1  35
        1.39284        0.19120   1  36
        1.39284        0.20693   1  37
        1.39284        0.24046   1  38
        1.39284        0.26841   1  39
        1.39284        0.29658   1  40
        1.39284        0.33686   1  41
        1.39284        0.34131   1  42
        1.39284        0.38704   1  43
        1.39284        0.42023   1  44
        1.39284        0.45531   1  45
        1.39284        0.47396   1  46
        1.39284        0.50848   1  47
        1.39284        0.56459   1  48
        1.39284        0.58102   1  49
        1.39284        0.59354   1  50
        1.39284        0.60772   1  51
        1.39284        0.63577   1  52
        1.39284        0.64363   1  53
        1.39284        0.66685   1  54
        1.39284        0.69078   1  55
        1.39284        0.69635   1  56
        1.39284        0.74924   1  57
        1.39284        0.77558   1  58
        1.39284        0.79332   1  59
        1.39284        0.83606   1  60
        1.39284        0.85394   1  61
        1.39284        0.86830   1  62
        1.39284        0.93819   1  63
        1.39284        0.93870   1  64
        1.39284        0.99415   1  65
        1.39284        1.07010   1  66
        1.39284        1.09106   1  67
        1.39284        1.09438   1  68
        1.39284        1.15131   1  69
        1.39284        1.24925   1  70
        1.39284        1.29130   1  71
        1.39284        1.35175   1  72
        1.39284        1.41058   1  73
        1.39284        1.51411   1  74
        1.39284        1.60852   1  75
        1.39284        1.69320   1  76
        1.43212       -0.86925   1   1
        1.43212       -0.83525   1   2
        1.43212       -0.79749   1   3
        1.43212       -0.76821   1   4
        1.43212       -0.76482   1   5
        1.43212       -0.74209   1   6
        1.43212       -0.72257   1   7
        1.43212       -0.67865   1   8
        1.43212       -0.67597   1   9
        1.43212       -0.66538   1  10
        1.43212       -0.65892   1  11
        1.43212       -0.65087   1  12
        1.43212       -0.62959   1  13
        1.43212       -0.62604   1  14
        1.43212       -0.61142   1  15
        1.43212       -0.58183   1  16
        1.43212       -0.57171   1  17
        1.43212       -0.55303   1  18
        1.43212       -0.55073   1  19
        1.43212       -0.53327   1  20
        1.43212       -0.50004   1  21
        1.43212       -0.47728   1  22
        1.43212       -0.45400   1  23
        1.43212       -0.44762   1  24
        1.43212       -0.43740   1  25
        1.43212       -0.38533   1  26
        1.43212       -0.25359   1  27
        1.43212       -0.20105   1  28
        1.43212       -0.09959   1  29
        1.43212       -0.03389   1  30
        1.43212       -0.00811   1  31
        1.43212        0.04087   1  32
        1.43212        0.06221   1  33
        1.43212        0.08042   1  34
        1.43212        0.14604   1  35
        1.43212        0.17548   1  36
        1.43212        0.19648   1  37
        1.43212        0.28162   1  38
        1.43212        0.28524   1  39
        1.43212        0.28742   1  40
        1.43212        0.33807   1  41
        1.43212        0.39637   1  42
        1.43212        0.42243   1  43
        1.43212        0.45852   1  44
        1.43212        0.46092   1  45
        1.43212        0.53090   1  46
        1.43212        0.53279   1  47
        1.43212        0.57416   1  48
        1.43212        0.59450   1  49
        1.43212        0.62515   1  50
        1.43212        0.64059   1  51
        1.43212        0.66085   1  52
        1.43212        0.69120   1  53
        1.43212        0.70921   1  54
        1.43212        0.71148   1  55
        1.43212        0.74437   1  56
        1.43212        0.77489   1  57
        1.43212        0.82300   1  58
        1.43212        0.83250   1  59
        1.43212        0.88311   1  60
        1.43212        0.90833   1  61
        1.43212        0.91068   1  62
        1.43212        0.97362   1  63
        1.43212        0.99227   1  64
        1.43212        1.04022   1  65
        1.43212        1.10328   1  66
        1.43212        1.12792   1  67
        1.43212        1.14101   1  68
        1.43212        1.18069   1  69
        1.43212        1.28657   1  70
        1.43212        1.33834   1  71
        1.43212        1.37627   1  72
        1.43212        1.46923   1  73
        1.43212        1.54978   1  74
        1.43212        1.67417   1  75
        1.43212        1.74183   1  76
        1.47140       -0.88341   1   1
        1.47140       -0.83774   1   2
        1.47140       -0.80051   1   3
        1.47140       -0.76035   1   4
        1.47140       -0.74852   1   5
        1.47140       -0.73007   1   6
        1.47140       -0.70838   1   7
        1.47140       -0.68316   1   8
        1.47140       -0.67699   1   9
        1.47140       -0.66650   1  10
        1.47140       -0.65676   1  11
        1.47140       -0.65458   1  12
        1.47140       -0.62905   1  13
        1.47140       -0.61827   1  14
        1.47140       -0.61077   1  15
        1.47140       -0.57509   1  16
        1.47140       -0.57113   1  17
        1.47140       -0.55373   1  18
        1.47140       -0.55048   1  19
        1.47140       -0.53027   1  20
        1.47140       -0.49940   1  21
        1.47140       -0.48010   1  22
        1.47140       -0.45526   1  23
        1.47140       -0.44562   1  24
        1.47140       -0.43541   1  25
        1.47140       -0.40349   1  26
        1.47140       -0.27591   1  27
        1.47140       -0.22576   1  28
        1.47140       -0.12512   1  29
        1.47140       -0.05956   1  30
        1.47140       -0.03339   1  31
        1.47140        0.02243   1  32
        1.47140        0.05620   1  33
        1.47140        0.10758   1  34
        1.47140        0.14610   1  35
        1.47140        0.15704   1  36
        1.47140        0.20084   1  37
        1.47140        0.27260   1  38
        1.47140        0.27734   1  39
        1.47140        0.34119   1  40
        1.47140        0.35742   1  41
        1.47140        0.41768   1  42
        1.47140        0.46661   1  43
        1.47140        0.46750   1  44
        1.47140        0.54191   1  45
        1.47140        0.56029   1  46
        1.47140        0.58588   1  47
        1.47140        0.60227   1  48
        1.47140        0.60918   1  49
        1.47140        0.65758   1  50
        1.47140        0.68615   1  51
        1.47140        0.70449   1  52
        1.47140        0.73061   1  53
        1.47140        0.75455   1  54
        1.47140        0.76801   1  55
        1.47140        0.80973   1  56
        1.47140        0.81121   1  57
        1.47140        0.87628   1  58
        1.47140        0.88801   1  59
        1.47140        0.93148   1  60
        1.47140        0.94872   1  61
        1.47140        0.98253   1  62
        1.47140        1.01861   1  63
        1.47140        1.06227   1  64
        1.47140        1.09114   1  65
        1.47140        1.12445   1  66
        1.47140        1.14881   1  67
        1.47140        1.20257   1  68
        1.47140        1.20941   1  69
        1.47140        1.32148   1  70
        1.47140        1.38125   1  71
        1.47140        1.39761   1  72
        1.47140        1.52422   1  73
        1.47140        1.56116   1  74
        1.47140        1.72615   1  75
        1.47140        1.77535   1  76
        1.51069       -0.89768   1   1
        1.51069       -0.84338   1   2
        1.51069       -0.80057   1   3
        1.51069       -0.75038   1   4
        1.51069       -0.73287   1   5
        1.51069       -0.71630   1   6
        1.51069       -0.69489   1   7
        1.51069       -0.68963   1   8
        1.51069       -0.67837   1   9
        1.51069       -0.66925   1  10
        1.51069       -0.66075   1  11
        1.51069       -0.64439   1  12
        1.51069       -0.62985   1  13
        1.51069       -0.61010   1  14
        1.51069       -0.60978   1  15
        1.51069       -0.56979   1  16
        1.51069       -0.56896   1  17
        1.51069       -0.55401   1  18
        1.51069       -0.55080   1  19
        1.51069       -0.52747   1  20
        1.51069       -0.49926   1  21
        1.51069       -0.48319   1  22
        1.51069       -0.45666   1  23
        1.51069       -0.44619   1  24
        1.51069       -0.43253   1  25
        1.51069       -0.41651   1  26
        1.51069       -0.29619   1  27
        1.51069       -0.24713   1  28
        1.51069       -0.14736   1  29
        1.51069       -0.08247   1  30
        1.51069       -0.05534   1  31
        1.51069        0.00650   1  32
        1.51069        0.03458   1  33
        1.51069        0.12809   1  34
        1.51069        0.14914   1  35
        1.51069        0.15322   1  36
        1.51069        0.21484   1  37
        1.51069        0.25672   1  38
        1.51069        0.27002   1  39
        1.51069        0.38245   1  40
        1.51069        0.39962   1  41
        1.51069        0.41281   1  42
        1.51069        0.47279   1  43
        1.51069        0.54736   1  44
        1.51069        0.59158   1  45
        1.51069        0.60249   1  46
        1.51069        0.61384   1  47
        1.51069        0.62090   1  48
        1.51069        0.68112   1  49
        1.51069        0.69073   1  50
        1.51069        0.71959   1  51
        1.51069        0.76039   1  52
        1.51069        0.78551   1  53
        1.51069        0.81939   1  54
        1.51069        0.83285   1  55
        1.51069        0.85958   1  56
        1.51069        0.89002   1  57
        1.51069        0.91867   1  58
        1.51069        0.97007   1  59
        1.51069        0.97274   1  60
        1.51069        0.99105   1  61
        1.51069        1.05582   1  62
        1.51069        1.06981   1  63
        1.51069        1.11444   1  64
        1.51069        1.14669   1  65
        1.51069        1.14812   1  66
        1.51069        1.18531   1  67
        1.51069        1.23868   1  68
        1.51069        1.27655   1  69
        1.51069        1.33776   1  70
        1.51069        1.38996   1  71
        1.51069        1.46844   1  72
        1.51069        1.54908   1  73
        1.51069        1.56929   1  74
        1.51069        1.76040   1  75
        1.51069        1.79237   1  76
        1.54997       -0.91084   1   1
        1.54997       -0.84997   1   2
        1.54997       -0.79893   1   3
        1.54997       -0.73961   1   4
        1.54997       -0.71862   1   5
        1.54997       -0.70448   1   6
        1.54997       -0.69532   1   7
        1.54997       -0.68271   1   8
        1.54997       -0.68255   1   9
        1.54997       -0.67163   1  10
        1.54997       -0.65570   1  11
        1.54997       -0.63540   1  12
        1.54997       -0.63231   1  13
        1.54997       -0.60946   1  14
        1.54997       -0.60099   1  15
        1.54997       -0.56812   1  16
        1.54997       -0.56446   1  17
        1.54997       -0.55396   1  18
        1.54997       -0.55137   1  19
        1.54997       -0.52444   1  20
        1.54997       -0.50067   1  21
        1.54997       -0.48634   1  22
        1.54997       -0.45805   1  23
        1.54997       -0.44939   1  24
        1.54997       -0.42952   1  25
        1.54997       -0.42399   1  26
        1.54997       -0.31458   1  27
        1.54997       -0.26491   1  28
        1.54997       -0.16611   1  29
        1.54997       -0.10191   1  30
        1.54997       -0.07366   1  31
        1.54997       -0.00692   1  32
        1.54997        0.01606   1  33
        1.54997        0.10929   1  34
        1.54997        0.14037   1  35
        1.54997        0.19799   1  36
        1.54997        0.22778   1  37
        1.54997        0.24636   1  38
        1.54997        0.26513   1  39
        1.54997        0.39010   1  40
        1.54997        0.41996   1  41
        1.54997        0.45907   1  42
        1.54997        0.48459   1  43
        1.54997        0.60467   1  44
        1.54997        0.62270   1  45
        1.54997        0.62356   1  46
        1.54997        0.65204   1  47
        1.54997        0.66907   1  48
        1.54997        0.70730   1  49
        1.54997        0.75304   1  50
        1.54997        0.76478   1  51
        1.54997        0.79972   1  52
        1.54997        0.85484   1  53
        1.54997        0.87185   1  54
        1.54997        0.91366   1  55
        1.54997        0.91663   1  56
        1.54997        0.95491   1  57
        1.54997        0.97321   1  58
        1.54997        1.01021   1  59
        1.54997        1.03001   1  60
        1.54997        1.05665   1  61
        1.54997        1.05721   1  62
        1.54997        1.13506   1  63
        1.54997        1.15315   1  64
        1.54997        1.18700   1  65
        1.54997        1.22824   1  66
        1.54997        1.23627   1  67
        1.54997        1.26494   1  68
        1.54997        1.33621   1  69
        1.54997        1.35548   1  70
        1.54997        1.40634   1  71
        1.54997        1.53401   1  72
        1.54997        1.54618   1  73
        1.54997        1.58633   1  74
        1.54997        1.77289   1  75
        1.54997        1.79482   1  76
        1.58926       -0.92185   1   1
        1.58926       -0.85588   1   2
        1.58926       -0.79705   1   3
        1.58926       -0.72960   1   4
        1.58926       -0.70654   1   5
        1.58926       -0.69969   1   6
        1.58926       -0.69641   1   7
        1.58926       -0.68529   1   8
        1.58926       -0.67527   1   9
        1.58926       -0.67211   1  10
        1.58926       -0.64489   1  11
        1.58926       -0.63572   1  12
        1.58926       -0.62780   1  13
        1.58926       -0.60889   1  14
        1.58926       -0.59232   1  15
        1.58926       -0.56651   1  16
        1.58926       -0.56216   1  17
        1.58926       -0.55366   1  18
        1.58926       -0.55192   1  19
        1.58926       -0.52094   1  20
        1.58926       -0.50382   1  21
        1.58926       -0.48930   1  22
        1.58926       -0.45930   1  23
        1.58926       -0.45378   1  24
        1.58926       -0.42902   1  25
        1.58926       -0.42543   1  26
        1.58926       -0.33093   1  27
        1.58926       -0.27887   1  28
        1.58926       -0.18115   1  29
        1.58926       -0.11730   1  30
        1.58926       -0.08823   1  31
        1.58926       -0.01759   1  32
        1.58926        0.00114   1  33
        1.58926        0.09361   1  34
        1.58926        0.13161   1  35
        1.58926        0.22000   1  36
        1.58926        0.23966   1  37
        1.58926        0.25212   1  38
        1.58926        0.26989   1  39
        1.58926        0.38525   1  40
        1.58926        0.42745   1  41
        1.58926        0.50926   1  42
        1.58926        0.51382   1  43
        1.58926        0.60479   1  44
        1.58926        0.63836   1  45
        1.58926        0.68127   1  46
        1.58926        0.69092   1  47
        1.58926        0.70825   1  48
        1.58926        0.72849   1  49
        1.58926        0.79185   1  50
        1.58926        0.82380   1  51
        1.58926        0.83546   1  52
        1.58926        0.87846   1  53
        1.58926        0.94565   1  54
        1.58926        0.96230   1  55
        1.58926        0.97746   1  56
        1.58926        0.99014   1  57
        1.58926        1.02568   1  58
        1.58926        1.04396   1  59
        1.58926        1.05643   1  60
        1.58926        1.07527   1  61
        1.58926        1.13132   1  62
        1.58926        1.16320   1  63
        1.58926        1.21849   1  64
        1.58926        1.22520   1  65
        1.58926        1.25546   1  66
        1.58926        1.27627   1  67
        1.58926        1.30938   1  68
        1.58926        1.35135   1  69
        1.58926        1.40687   1  70
        1.58926        1.42458   1  71
        1.58926        1.53035   1  72
        1.58926        1.57407   1  73
        1.58926        1.61947   1  74
        1.58926        1.76596   1  75
        1.58926        1.78447   1  76
        1.62854       -0.93008   1   1
        1.62854       -0.86038   1   2
        1.62854       -0.79559   1   3
        1.62854       -0.72217   1   4
        1.62854       -0.70317   1   5
        1.62854       -0.69694   1   6
        1.62854       -0.69216   1   7
        1.62854       -0.68496   1   8
        1.62854       -0.67644   1   9
        1.62854       -0.66402   1  10
        1.62854       -0.64450   1  11
        1.62854       -0.62984   1  12
        1.62854       -0.62191   1  13
        1.62854       -0.60843   1  14
        1.62854       -0.58427   1  15
        1.62854       -0.56525   1  16
        1.62854       -0.56193   1  17
        1.62854       -0.55319   1  18
        1.62854       -0.55231   1  19
        1.62854       -0.51737   1  20
        1.62854       -0.50786   1  21
        1.62854       -0.49178   1  22
        1.62854       -0.46025   1  23
        1.62854       -0.45765   1  24
        1.62854       -0.43078   1  25
        1.62854       -0.42346   1  26
        1.62854       -0.34409   1  27
        1.62854       -0.28876   1  28
        1.62854       -0.19209   1  29
        1.62854       -0.12840   1  30
        1.62854       -0.09885   1  31
        1.62854       -0.02535   1  32
        1.62854       -0.00971   1  33
        1.62854        0.08183   1  34
        1.62854        0.12451   1  35
        1.62854        0.20990   1  36
        1.62854        0.25066   1  37
        1.62854        0.27448   1  38
        1.62854        0.28695   1  39
        1.62854        0.38017   1  40
        1.62854        0.42892   1  41
        1.62854        0.54023   1  42
        1.62854        0.55700   1  43
        1.62854        0.60020   1  44
        1.62854        0.64743   1  45
        1.62854        0.71936   1  46
        1.62854        0.72281   1  47
        1.62854        0.73568   1  48
        1.62854        0.74301   1  49
        1.62854        0.82849   1  50
        1.62854        0.85756   1  51
        1.62854        0.86521   1  52
        1.62854        0.89600   1  53
        1.62854        0.96872   1  54
        1.62854        0.99453   1  55
        1.62854        1.00167   1  56
        1.62854        1.04078   1  57
        1.62854        1.04790   1  58
        1.62854        1.07711   1  59
        1.62854        1.09147   1  60
        1.62854        1.10234   1  61
        1.62854        1.18012   1  62
        1.62854        1.19717   1  63
        1.62854        1.23372   1  64
        1.62854        1.25885   1  65
        1.62854        1.26181   1  66
        1.62854        1.29767   1  67
        1.62854        1.35832   1  68
        1.62854        1.35952   1  69
        1.62854        1.41731   1  70
        1.62854        1.47422   1  71
        1.62854        1.53724   1  72
        1.62854        1.54204   1  73
        1.62854        1.67611   1  74
        1.62854        1.75305   1  75
        1.62854        1.76051   1  76
        1.66782       -0.93517   1   1
        1.66782       -0.86315   1   2
        1.66782       -0.79473   1   3
        1.66782       -0.71817   1   4
        1.66782       -0.70506   1   5
        1.66782       -0.69115   1   6
        1.66782       -0.69019   1   7
        1.66782       -0.68532   1   8
        1.66782       -0.67159   1   9
        1.66782       -0.65898   1  10
        1.66782       -0.65169   1  11
        1.66782       -0.62072   1  12
        1.66782       -0.61832   1  13
        1.66782       -0.60814   1  14
        1.66782       -0.57769   1  15
        1.66782       -0.56451   1  16
        1.66782       -0.56316   1  17
        1.66782       -0.55275   1  18
        1.66782       -0.55251   1  19
        1.66782       -0.51464   1  20
        1.66782       -0.51127   1  21
        1.66782       -0.49346   1  22
        1.66782       -0.46084   1  23
        1.66782       -0.46017   1  24
        1.66782       -0.43201   1  25
        1.66782       -0.42203   1  26
        1.66782       -0.35264   1  27
        1.66782       -0.29459   1  28
        1.66782       -0.19867   1  29
        1.66782       -0.13508   1  30
        1.66782       -0.10530   1  31
        1.66782       -0.03009   1  32
        1.66782       -0.01624   1  33
        1.66782        0.07447   1  34
        1.66782        0.11996   1  35
        1.66782        0.20339   1  36
        1.66782        0.24859   1  37
        1.66782        0.29785   1  38
        1.66782        0.30089   1  39
        1.66782        0.37689   1  40
        1.66782        0.42867   1  41
        1.66782        0.56785   1  42
        1.66782        0.58377   1  43
        1.66782        0.59566   1  44
        1.66782        0.64832   1  45
        1.66782        0.73998   1  46
        1.66782        0.74138   1  47
        1.66782        0.75310   1  48
        1.66782        0.75416   1  49
        1.66782        0.84513   1  50
        1.66782        0.87927   1  51
        1.66782        0.88914   1  52
        1.66782        0.90908   1  53
        1.66782        0.94770   1  54
        1.66782        1.01803   1  55
        1.66782        1.01978   1  56
        1.66782        1.06686   1  57
        1.66782        1.06871   1  58
        1.66782        1.10393   1  59
        1.66782        1.11538   1  60
        1.66782        1.11806   1  61
        1.66782        1.20405   1  62
        1.66782        1.21817   1  63
        1.66782        1.23820   1  64
        1.66782        1.24690   1  65
        1.66782        1.28527   1  66
        1.66782        1.31617   1  67
        1.66782        1.36130   1  68
        1.66782        1.38446   1  69
        1.66782        1.43571   1  70
        1.66782        1.50353   1  71
        1.66782        1.51069   1  72
        1.66782        1.54764   1  73
        1.66782        1.71038   1  74
        1.66782        1.73337   1  75
        1.66782        1.74282   1  76
        1.70711       -0.93689   1   1
        1.70711       -0.86409   1   2
        1.70711       -0.79444   1   3
        1.70711       -0.71701   1   4
        1.70711       -0.70571   1   5
        1.70711       -0.68918   1   6
        1.70711       -0.68918   1   7
        1.70711       -0.68618   1   8
        1.70711       -0.66614   1   9
        1.70711       -0.65730   1  10
        1.70711       -0.65730   1  11
        1.70711       -0.61717   1  12
        1.70711       -0.61717   1  13
        1.70711       -0.60804   1  14
        1.70711       -0.57468   1  15
        1.70711       -0.56427   1  16
        1.70711       -0.56427   1  17
        1.70711       -0.55256   1  18
        1.70711       -0.55256   1  19
        1.70711       -0.51363   1  20
        1.70711       -0.51259   1  21
        1.70711       -0.49405   1  22
        1.70711       -0.46105   1  23
        1.70711       -0.46105   1  24
        1.70711       -0.43247   1  25
        1.70711       -0.42153   1  26
        1.70711       -0.35560   1  27
        1.70711       -0.29651   1  28
        1.70711       -0.20084   1  29
        1.70711       -0.13731   1  30
        1.70711       -0.10745   1  31
        1.70711       -0.03169   1  32
        1.70711       -0.01841   1  33
        1.70711        0.07197   1  34
        1.70711        0.11842   1  35
        1.70711        0.20118   1  36
        1.70711        0.24782   1  37
        1.70711        0.30609   1  38
        1.70711        0.30609   1  39
        1.70711        0.37580   1  40
        1.70711        0.42846   1  41
        1.70711        0.58108   1  42
        1.70711        0.59268   1  43
        1.70711        0.59268   1  44
        1.70711        0.64653   1  45
        1.70711        0.74649   1  46
        1.70711        0.74649   1  47
        1.70711        0.75920   1  48
        1.70711        0.75920   1  49
        1.70711        0.84742   1  50
        1.70711        0.89685   1  51
        1.70711        0.89685   1  52
        1.70711        0.91415   1  53
        1.70711        0.93070   1  54
        1.70711        1.02418   1  55
        1.70711        1.02418   1  56
        1.70711        1.07432   1  57
        1.70711        1.07432   1  58
        1.70711        1.12210   1  59
        1.70711        1.12210   1  60
        1.70711        1.12281   1  61
        1.70711        1.21066   1  62
        1.70711        1.21066   1  63
        1.70711        1.23499   1  64
        1.70711        1.27392   1  65
        1.70711        1.29248   1  66
        1.70711        1.29248   1  67
        1.70711        1.39253   1  68
        1.70711        1.39253   1  69
        1.70711        1.41859   1  70
        1.70711        1.51330   1  71
        1.70711        1.51330   1  72
        1.70711        1.54605   1  73
        1.70711        1.72171   1  74
        1.70711        1.72171   1  75
        1.70711        1.73858   1  76
        1.70711       -0.93689   1   1
        1.70711       -0.86409   1   2
        1.70711       -0.79444   1   3
        1.70711       -0.71701   1   4
        1.70711       -0.70571   1   5
        1.70711       -0.68918   1   6
        1.70711       -0.68918   1   7
        1.70711       -0.68618   1   8
        1.70711       -0.66614   1   9
        1.70711       -0.65730   1  10
        1.70711       -0.65730   1  11
        1.70711       -0.61717   1  12
        1.70711       -0.61717   1  13
        1.70711       -0.60804   1  14
        1.70711       -0.57468   1  15
        1.70711       -0.56427   1  16
        1.70711       -0.56427   1  17
        1.70711       -0.55256   1  18
        1.70711       -0.55256   1  19
        1.70711       -0.51363   1  20
        1.70711       -0.51259   1  21
        1.70711       -0.49405   1  22
        1.70711       -0.46105   1  23
        1.70711       -0.46105   1  24
        1.70711       -0.43247   1  25
        1.70711       -0.42153   1  26
        1.70711       -0.35560   1  27
        1.70711       -0.29651   1  28
        1.70711       -0.20084   1  29
        1.70711       -0.13731   1  30
        1.70711       -0.10745   1  31
        1.70711       -0.03169   1  32
        1.70711       -0.01841   1  33
        1.70711        0.07197   1  34
        1.70711        0.11842   1  35
        1.70711        0.20118   1  36
        1.70711        0.24782   1  37
        1.70711        0.30609   1  38
        1.70711        0.30609   1  39
        1.70711        0.37580   1  40
        1.70711        0.42846   1  41
        1.70711        0.58108   1  42
        1.70711        0.59268   1  43
        1.70711        0.59268   1  44
        1.70711        0.64653   1  45
        1.70711        0.74649   1  46
        1.70711        0.74649   1  47
        1.70711        0.75920   1  48
        1.70711        0.75920   1  49
        1.70711        0.84742   1  50
        1.70711        0.89685   1  51
        1.70711        0.89685   1  52
        1.70711        0.91415   1  53
        1.70711        0.93070   1  54
        1.70711        1.02418   1  55
        1.70711        1.02418   1  56
        1.70711        1.07432   1  57
        1.70711        1.07432   1  58
        1.70711        1.12210   1  59
        1.70711        1.12210   1  60
        1.70711        1.12281   1  61
        1.70711        1.21066   1  62
        1.70711        1.21066   1  63
        1.70711        1.23499   1  64
        1.70711        1.27392   1  65
        1.70711        1.29248   1  66
        1.70711        1.29248   1  67
        1.70711        1.39253   1  68
        1.70711        1.39253   1  69
        1.70711        1.41859   1  70
        1.70711        1.51330   1  71
        1.70711        1.51330   1  72
        1.70711        1.54605   1  73
        1.70711        1.72171   1  74
        1.70711        1.72171   1  75
        1.70711        1.73858   1  76
        1.73653       -0.93689   1   1
        1.73653       -0.86406   1   2
        1.73653       -0.79450   1   3
        1.73653       -0.71695   1   4
        1.73653       -0.70571   1   5
        1.73653       -0.68918   1   6
        1.73653       -0.68918   1   7
        1.73653       -0.68616   1   8
        1.73653       -0.66620   1   9
        1.73653       -0.65730   1  10
        1.73653       -0.65730   1  11
        1.73653       -0.61717   1  12
        1.73653       -0.61717   1  13
        1.73653       -0.60804   1  14
        1.73653       -0.57468   1  15
        1.73653       -0.56427   1  16
        1.73653       -0.56427   1  17
        1.73653       -0.55256   1  18
        1.73653       -0.55256   1  19
        1.73653       -0.51363   1  20
        1.73653       -0.51259   1  21
        1.73653       -0.49405   1  22
        1.73653       -0.46105   1  23
        1.73653       -0.46105   1  24
        1.73653       -0.43251   1  25
        1.73653       -0.42153   1  26
        1.73653       -0.35552   1  27
        1.73653       -0.29659   1  28
        1.73653       -0.20042   1  29
        1.73653       -0.14068   1  30
        1.73653       -0.10045   1  31
        1.73653       -0.04845   1  32
        1.73653       -0.00060   1  33
        1.73653        0.06136   1  34
        1.73653        0.12763   1  35
        1.73653        0.19201   1  36
        1.73653        0.25750   1  37
        1.73653        0.30609   1  38
        1.73653        0.30609   1  39
        1.73653        0.35984   1  40
        1.73653        0.45024   1  41
        1.73653        0.55274   1  42
        1.73653        0.59266   1  43
        1.73653        0.59266   1  44
        1.73653        0.67800   1  45
        1.73653        0.74643   1  46
        1.73653        0.74643   1  47
        1.73653        0.75917   1  48
        1.73653        0.75917   1  49
        1.73653        0.81390   1  50
        1.73653        0.89724   1  51
        1.73653        0.89724   1  52
        1.73653        0.92669   1  53
        1.73653        0.94452   1  54
        1.73653        1.02357   1  55
        1.73653        1.02357   1  56
        1.73653        1.07637   1  57
        1.73653        1.07637   1  58
        1.73653        1.11324   1  59
        1.73653        1.11830   1  60
        1.73653        1.11830   1  61
        1.73653        1.21596   1  62
        1.73653        1.21596   1  63
        1.73653        1.23953   1  64
        1.73653        1.27348   1  65
        1.73653        1.28659   1  66
        1.73653        1.28659   1  67
        1.73653        1.39671   1  68
        1.73653        1.39671   1  69
        1.73653        1.41800   1  70
        1.73653        1.51158   1  71
        1.73653        1.51158   1  72
        1.73653        1.54617   1  73
        1.73653        1.72189   1  74
        1.73653        1.72189   1  75
        1.73653        1.73854   1  76
        1.76595       -0.93690   1   1
        1.76595       -0.86404   1   2
        1.76595       -0.79456   1   3
        1.76595       -0.71688   1   4
        1.76595       -0.70571   1   5
        1.76595       -0.68918   1   6
        1.76595       -0.68918   1   7
        1.76595       -0.68613   1   8
        1.76595       -0.66625   1   9
        1.76595       -0.65730   1  10
        1.76595       -0.65730   1  11
        1.76595       -0.61717   1  12
        1.76595       -0.61717   1  13
        1.76595       -0.60804   1  14
        1.76595       -0.57468   1  15
        1.76595       -0.56427   1  16
        1.76595       -0.56427   1  17
        1.76595       -0.55256   1  18
        1.76595       -0.55256   1  19
        1.76595       -0.51363   1  20
        1.76595       -0.51259   1  21
        1.76595       -0.49405   1  22
        1.76595       -0.46105   1  23
        1.76595       -0.46105   1  24
        1.76595       -0.43255   1  25
        1.76595       -0.42153   1  26
        1.76595       -0.35543   1  27
        1.76595       -0.29666   1  28
        1.76595       -0.19999   1  29
        1.76595       -0.14339   1  30
        1.76595       -0.09220   1  31
        1.76595       -0.06041   1  32
        1.76595        0.01310   1  33
        1.76595        0.04958   1  34
        1.76595        0.13663   1  35
        1.76595        0.18305   1  36
        1.76595        0.26671   1  37
        1.76595        0.30609   1  38
        1.76595        0.30609   1  39
        1.76595        0.34699   1  40
        1.76595        0.47496   1  41
        1.76595        0.52448   1  42
        1.76595        0.59265   1  43
        1.76595        0.59265   1  44
        1.76595        0.71105   1  45
        1.76595        0.74637   1  46
        1.76595        0.74637   1  47
        1.76595        0.75914   1  48
        1.76595        0.75914   1  49
        1.76595        0.77939   1  50
        1.76595        0.89764   1  51
        1.76595        0.89764   1  52
        1.76595        0.92764   1  53
        1.76595        0.96333   1  54
        1.76595        1.02297   1  55
        1.76595        1.02297   1  56
        1.76595        1.07870   1  57
        1.76595        1.07870   1  58
        1.76595        1.10297   1  59
        1.76595        1.11437   1  60
        1.76595        1.11437   1  61
        1.76595        1.22176   1  62
        1.76595        1.22176   1  63
        1.76595        1.24380   1  64
        1.76595        1.27294   1  65
        1.76595        1.28027   1  66
        1.76595        1.28027   1  67
        1.76595        1.40074   1  68
        1.76595        1.40074   1  69
        1.76595        1.41740   1  70
        1.76595        1.50978   1  71
        1.76595        1.50978   1  72
        1.76595        1.54628   1  73
        1.76595        1.72208   1  74
        1.76595        1.72208   1  75
        1.76595        1.73851   1  76
        1.76595       -0.93690   1   1
        1.76595       -0.86404   1   2
        1.76595       -0.79456   1   3
        1.76595       -0.71688   1   4
        1.76595       -0.70571   1   5
        1.76595       -0.68918   1   6
        1.76595       -0.68918   1   7
        1.76595       -0.68613   1   8
        1.76595       -0.66625   1   9
        1.76595       -0.65730   1  10
        1.76595       -0.65730   1  11
        1.76595       -0.61717   1  12
        1.76595       -0.61717   1  13
        1.76595       -0.60804   1  14
        1.76595       -0.57468   1  15
        1.76595       -0.56427   1  16
        1.76595       -0.56427   1  17
        1.76595       -0.55256   1  18
        1.76595       -0.55256   1  19
        1.76595       -0.51363   1  20
        1.76595       -0.51259   1  21
        1.76595       -0.49405   1  22
        1.76595       -0.46105   1  23
        1.76595       -0.46105   1  24
        1.76595       -0.43255   1  25
        1.76595       -0.42153   1  26
        1.76595       -0.35543   1  27
        1.76595       -0.29666   1  28
        1.76595       -0.19999   1  29
        1.76595       -0.14339   1  30
        1.76595       -0.09220   1  31
        1.76595       -0.06041   1  32
        1.76595        0.01310   1  33
        1.76595        0.04958   1  34
        1.76595        0.13663   1  35
        1.76595        0.18305   1  36
        1.76595        0.26671   1  37
        1.76595        0.30609   1  38
        1.76595        0.30609   1  39
        1.76595        0.34699   1  40
        1.76595        0.47496   1  41
        1.76595        0.52448   1  42
        1.76595        0.59265   1  43
        1.76595        0.59265   1  44
        1.76595        0.71105   1  45
        1.76595        0.74637   1  46
        1.76595        0.74637   1  47
        1.76595        0.75914   1  48
        1.76595        0.75914   1  49
        1.76595        0.77939   1  50
        1.76595        0.89764   1  51
        1.76595        0.89764   1  52
        1.76595        0.92764   1  53
        1.76595        0.96333   1  54
        1.76595        1.02297   1  55
        1.76595        1.02297   1  56
        1.76595        1.07870   1  57
        1.76595        1.07870   1  58
        1.76595        1.10297   1  59
        1.76595        1.11437   1  60
        1.76595        1.11437   1  61
        1.76595        1.22176   1  62
        1.76595        1.22176   1  63
        1.76595        1.24380   1  64
        1.76595        1.27294   1  65
        1.76595        1.28027   1  66
        1.76595        1.28027   1  67
        1.76595        1.40074   1  68
        1.76595        1.40074   1  69
        1.76595        1.41740   1  70
        1.76595        1.50978   1  71
        1.76595        1.50978   1  72
        1.76595        1.54628   1  73
        1.76595        1.72208   1  74
        1.76595        1.72208   1  75
        1.76595        1.73851   1  76
        1.80761       -0.93497   1   1
        1.80761       -0.86299   1   2
        1.80761       -0.79489   1   3
        1.80761       -0.71829   1   4
        1.80761       -0.70499   1   5
        1.80761       -0.69250   1   6
        1.80761       -0.68891   1   7
        1.80761       -0.68544   1   8
        1.80761       -0.67270   1   9
        1.80761       -0.65719   1  10
        1.80761       -0.65254   1  11
        1.80761       -0.62222   1  12
        1.80761       -0.61736   1  13
        1.80761       -0.60811   1  14
        1.80761       -0.57786   1  15
        1.80761       -0.56500   1  16
        1.80761       -0.56302   1  17
        1.80761       -0.55271   1  18
        1.80761       -0.55230   1  19
        1.80761       -0.51463   1  20
        1.80761       -0.51119   1  21
        1.80761       -0.49339   1  22
        1.80761       -0.46182   1  23
        1.80761       -0.45911   1  24
        1.80761       -0.43203   1  25
        1.80761       -0.42209   1  26
        1.80761       -0.35208   1  27
        1.80761       -0.29455   1  28
        1.80761       -0.19756   1  29
        1.80761       -0.14086   1  30
        1.80761       -0.08967   1  31
        1.80761       -0.05851   1  32
        1.80761        0.01544   1  33
        1.80761        0.05177   1  34
        1.80761        0.13949   1  35
        1.80761        0.18409   1  36
        1.80761        0.26873   1  37
        1.80761        0.28746   1  38
        1.80761        0.31003   1  39
        1.80761        0.34756   1  40
        1.80761        0.47507   1  41
        1.80761        0.52193   1  42
        1.80761        0.57375   1  43
        1.80761        0.59440   1  44
        1.80761        0.70524   1  45
        1.80761        0.73919   1  46
        1.80761        0.74437   1  47
        1.80761        0.75333   1  48
        1.80761        0.75576   1  49
        1.80761        0.77892   1  50
        1.80761        0.86981   1  51
        1.80761        0.89288   1  52
        1.80761        0.94393   1  53
        1.80761        0.95915   1  54
        1.80761        1.01192   1  55
        1.80761        1.02181   1  56
        1.80761        1.05266   1  57
        1.80761        1.07887   1  58
        1.80761        1.10106   1  59
        1.80761        1.10659   1  60
        1.80761        1.11213   1  61
        1.80761        1.20850   1  62
        1.80761        1.22214   1  63
        1.80761        1.22581   1  64
        1.80761        1.25464   1  65
        1.80761        1.28178   1  66
        1.80761        1.31208   1  67
        1.80761        1.35890   1  68
        1.80761        1.40002   1  69
        1.80761        1.42696   1  70
        1.80761        1.50056   1  71
        1.80761        1.51221   1  72
        1.80761        1.54672   1  73
        1.80761        1.71748   1  74
        1.80761        1.72859   1  75
        1.80761        1.74204   1  76
        1.84928       -0.92928   1   1
        1.84928       -0.85995   1   2
        1.84928       -0.79629   1   3
        1.84928       -0.72419   1   4
        1.84928       -0.70310   1   5
        1.84928       -0.70062   1   6
        1.84928       -0.68810   1   7
        1.84928       -0.68708   1   8
        1.84928       -0.67827   1   9
        1.84928       -0.65685   1  10
        1.84928       -0.64762   1  11
        1.84928       -0.63523   1  12
        1.84928       -0.61794   1  13
        1.84928       -0.60781   1  14
        1.84928       -0.58406   1  15
        1.84928       -0.56771   1  16
        1.84928       -0.56352   1  17
        1.84928       -0.55205   1  18
        1.84928       -0.55065   1  19
        1.84928       -0.51682   1  20
        1.84928       -0.50764   1  21
        1.84928       -0.49157   1  22
        1.84928       -0.46395   1  23
        1.84928       -0.45406   1  24
        1.84928       -0.43072   1  25
        1.84928       -0.42361   1  26
        1.84928       -0.34254   1  27
        1.84928       -0.28823   1  28
        1.84928       -0.19025   1  29
        1.84928       -0.13341   1  30
        1.84928       -0.08219   1  31
        1.84928       -0.05301   1  32
        1.84928        0.02208   1  33
        1.84928        0.05817   1  34
        1.84928        0.14787   1  35
        1.84928        0.18623   1  36
        1.84928        0.23913   1  37
        1.84928        0.27523   1  38
        1.84928        0.32170   1  39
        1.84928        0.34922   1  40
        1.84928        0.46779   1  41
        1.84928        0.50286   1  42
        1.84928        0.54429   1  43
        1.84928        0.59961   1  44
        1.84928        0.67460   1  45
        1.84928        0.70848   1  46
        1.84928        0.73823   1  47
        1.84928        0.74612   1  48
        1.84928        0.74626   1  49
        1.84928        0.77315   1  50
        1.84928        0.82338   1  51
        1.84928        0.87831   1  52
        1.84928        0.91987   1  53
        1.84928        0.94893   1  54
        1.84928        0.97978   1  55
        1.84928        1.00527   1  56
        1.84928        1.01749   1  57
        1.84928        1.06075   1  58
        1.84928        1.07295   1  59
        1.84928        1.07982   1  60
        1.84928        1.10896   1  61
        1.84928        1.16151   1  62
        1.84928        1.19732   1  63
        1.84928        1.22454   1  64
        1.84928        1.25382   1  65
        1.84928        1.27991   1  66
        1.84928        1.28597   1  67
        1.84928        1.34329   1  68
        1.84928        1.38592   1  69
        1.84928        1.39794   1  70
        1.84928        1.51732   1  71
        1.84928        1.51839   1  72
        1.84928        1.52114   1  73
        1.84928        1.71122   1  74
        1.84928        1.74558   1  75
        1.84928        1.74560   1  76
        1.89095       -0.92017   1   1
        1.89095       -0.85526   1   2
        1.89095       -0.79989   1   3
        1.89095       -0.73677   1   4
        1.89095       -0.71408   1   5
        1.89095       -0.70021   1   6
        1.89095       -0.69115   1   7
        1.89095       -0.68681   1   8
        1.89095       -0.67578   1   9
        1.89095       -0.65630   1  10
        1.89095       -0.65487   1  11
        1.89095       -0.64179   1  12
        1.89095       -0.61889   1  13
        1.89095       -0.60587   1  14
        1.89095       -0.59092   1  15
        1.89095       -0.57213   1  16
        1.89095       -0.56762   1  17
        1.89095       -0.55008   1  18
        1.89095       -0.54795   1  19
        1.89095       -0.51886   1  20
        1.89095       -0.50305   1  21
        1.89095       -0.48908   1  22
        1.89095       -0.46693   1  23
        1.89095       -0.44735   1  24
        1.89095       -0.42903   1  25
        1.89095       -0.42573   1  26
        1.89095       -0.32850   1  27
        1.89095       -0.27800   1  28
        1.89095       -0.17831   1  29
        1.89095       -0.12153   1  30
        1.89095       -0.07037   1  31
        1.89095       -0.04447   1  32
        1.89095        0.03209   1  33
        1.89095        0.06798   1  34
        1.89095        0.16048   1  35
        1.89095        0.16614   1  36
        1.89095        0.19978   1  37
        1.89095        0.28420   1  38
        1.89095        0.34076   1  39
        1.89095        0.35086   1  40
        1.89095        0.41082   1  41
        1.89095        0.49196   1  42
        1.89095        0.53245   1  43
        1.89095        0.60477   1  44
        1.89095        0.60796   1  45
        1.89095        0.65745   1  46
        1.89095        0.72214   1  47
        1.89095        0.72776   1  48
        1.89095        0.73252   1  49
        1.89095        0.74541   1  50
        1.89095        0.77823   1  51
        1.89095        0.84668   1  52
        1.89095        0.85459   1  53
        1.89095        0.86363   1  54
        1.89095        0.90315   1  55
        1.89095        0.98606   1  56
        1.89095        0.99080   1  57
        1.89095        1.01087   1  58
        1.89095        1.01808   1  59
        1.89095        1.08325   1  60
        1.89095        1.08780   1  61
        1.89095        1.11190   1  62
        1.89095        1.16613   1  63
        1.89095        1.22359   1  64
        1.89095        1.23048   1  65
        1.89095        1.23405   1  66
        1.89095        1.29172   1  67
        1.89095        1.29678   1  68
        1.89095        1.37087   1  69
        1.89095        1.39554   1  70
        1.89095        1.46627   1  71
        1.89095        1.53177   1  72
        1.89095        1.53913   1  73
        1.89095        1.70598   1  74
        1.89095        1.74016   1  75
        1.89095        1.76617   1  76
        1.93261       -0.90831   1   1
        1.93261       -0.85004   1   2
        1.93261       -0.80683   1   3
        1.93261       -0.75387   1   4
        1.93261       -0.73170   1   5
        1.93261       -0.69747   1   6
        1.93261       -0.69410   1   7
        1.93261       -0.68505   1   8
        1.93261       -0.67150   1   9
        1.93261       -0.66826   1  10
        1.93261       -0.65554   1  11
        1.93261       -0.64014   1  12
        1.93261       -0.62024   1  13
        1.93261       -0.60089   1  14
        1.93261       -0.59777   1  15
        1.93261       -0.57683   1  16
        1.93261       -0.57397   1  17
        1.93261       -0.54784   1  18
        1.93261       -0.54576   1  19
        1.93261       -0.52008   1  20
        1.93261       -0.49821   1  21
        1.93261       -0.48657   1  22
        1.93261       -0.47006   1  23
        1.93261       -0.44013   1  24
        1.93261       -0.42795   1  25
        1.93261       -0.42708   1  26
        1.93261       -0.31178   1  27
        1.93261       -0.26460   1  28
        1.93261       -0.16220   1  29
        1.93261       -0.10607   1  30
        1.93261       -0.05520   1  31
        1.93261       -0.03379   1  32
        1.93261        0.04406   1  33
        1.93261        0.07578   1  34
        1.93261        0.10425   1  35
        1.93261        0.17778   1  36
        1.93261        0.20127   1  37
        1.93261        0.28910   1  38
        1.93261        0.32810   1  39
        1.93261        0.35921   1  40
        1.93261        0.36682   1  41
        1.93261        0.47137   1  42
        1.93261        0.51514   1  43
        1.93261        0.52429   1  44
        1.93261        0.58521   1  45
        1.93261        0.61853   1  46
        1.93261        0.65734   1  47
        1.93261        0.67381   1  48
        1.93261        0.71350   1  49
        1.93261        0.71685   1  50
        1.93261        0.73154   1  51
        1.93261        0.75605   1  52
        1.93261        0.79068   1  53
        1.93261        0.79989   1  54
        1.93261        0.82655   1  55
        1.93261        0.88522   1  56
        1.93261        0.92772   1  57
        1.93261        0.99667   1  58
        1.93261        1.00872   1  59
        1.93261        1.02475   1  60
        1.93261        1.09035   1  61
        1.93261        1.10070   1  62
        1.93261        1.12294   1  63
        1.93261        1.17539   1  64
        1.93261        1.20742   1  65
        1.93261        1.23859   1  66
        1.93261        1.24978   1  67
        1.93261        1.29694   1  68
        1.93261        1.33131   1  69
        1.93261        1.39850   1  70
        1.93261        1.43643   1  71
        1.93261        1.52125   1  72
        1.93261        1.56374   1  73
        1.93261        1.69834   1  74
        1.93261        1.71967   1  75
        1.93261        1.78206   1  76
        1.97428       -0.89501   1   1
        1.97428       -0.84751   1   2
        1.97428       -0.81564   1   3
        1.97428       -0.77091   1   4
        1.97428       -0.75264   1   5
        1.97428       -0.69974   1   6
        1.97428       -0.69369   1   7
        1.97428       -0.68295   1   8
        1.97428       -0.67724   1   9
        1.97428       -0.66269   1  10
        1.97428       -0.65459   1  11
        1.97428       -0.63920   1  12
        1.97428       -0.62197   1  13
        1.97428       -0.60427   1  14
        1.97428       -0.59194   1  15
        1.97428       -0.58142   1  16
        1.97428       -0.58046   1  17
        1.97428       -0.54628   1  18
        1.97428       -0.54477   1  19
        1.97428       -0.52048   1  20
        1.97428       -0.49379   1  21
        1.97428       -0.48440   1  22
        1.97428       -0.47248   1  23
        1.97428       -0.43315   1  24
        1.97428       -0.42979   1  25
        1.97428       -0.42442   1  26
        1.97428       -0.29289   1  27
        1.97428       -0.24881   1  28
        1.97428       -0.14205   1  29
        1.97428       -0.08864   1  30
        1.97428       -0.03844   1  31
        1.97428       -0.02364   1  32
        1.97428        0.02588   1  33
        1.97428        0.06010   1  34
        1.97428        0.09909   1  35
        1.97428        0.19422   1  36
        1.97428        0.20521   1  37
        1.97428        0.23835   1  38
        1.97428        0.31294   1  39
        1.97428        0.34621   1  40
        1.97428        0.39824   1  41
        1.97428        0.39920   1  42
        1.97428        0.45554   1  43
        1.97428        0.49963   1  44
        1.97428        0.52403   1  45
        1.97428        0.57343   1  46
        1.97428        0.61443   1  47
        1.97428        0.62935   1  48
        1.97428        0.63392   1  49
        1.97428        0.67905   1  50
        1.97428        0.69733   1  51
        1.97428        0.70094   1  52
        1.97428        0.74042   1  53
        1.97428        0.74981   1  54
        1.97428        0.79651   1  55
        1.97428        0.80247   1  56
        1.97428        0.85722   1  57
        1.97428        0.94644   1  58
        1.97428        0.97520   1  59
        1.97428        1.01652   1  60
        1.97428        1.05051   1  61
        1.97428        1.09689   1  62
        1.97428        1.11950   1  63
        1.97428        1.14062   1  64
        1.97428        1.16836   1  65
        1.97428        1.21440   1  66
        1.97428        1.24282   1  67
        1.97428        1.27229   1  68
        1.97428        1.30490   1  69
        1.97428        1.41455   1  70
        1.97428        1.42250   1  71
        1.97428        1.48629   1  72
        1.97428        1.58705   1  73
        1.97428        1.67765   1  74
        1.97428        1.69123   1  75
        1.97428        1.78751   1  76
        2.01595       -0.88304   1   1
        2.01595       -0.85425   1   2
        2.01595       -0.82041   1   3
        2.01595       -0.78352   1   4
        2.01595       -0.77430   1   5
        2.01595       -0.70282   1   6
        2.01595       -0.69110   1   7
        2.01595       -0.68067   1   8
        2.01595       -0.67950   1   9
        2.01595       -0.65557   1  10
        2.01595       -0.65347   1  11
        2.01595       -0.63823   1  12
        2.01595       -0.62406   1  13
        2.01595       -0.61021   1  14
        2.01595       -0.58912   1  15
        2.01595       -0.58390   1  16
        2.01595       -0.57743   1  17
        2.01595       -0.54571   1  18
        2.01595       -0.54510   1  19
        2.01595       -0.52028   1  20
        2.01595       -0.49113   1  21
        2.01595       -0.48173   1  22
        2.01595       -0.47354   1  23
        2.01595       -0.43109   1  24
        2.01595       -0.42666   1  25
        2.01595       -0.42030   1  26
        2.01595       -0.27161   1  27
        2.01595       -0.23180   1  28
        2.01595       -0.11794   1  29
        2.01595       -0.07534   1  30
        2.01595       -0.05346   1  31
        2.01595       -0.01427   1  32
        2.01595        0.00299   1  33
        2.01595        0.07056   1  34
        2.01595        0.10955   1  35
        2.01595        0.17490   1  36
        2.01595        0.19603   1  37
        2.01595        0.22036   1  38
        2.01595        0.28075   1  39
        2.01595        0.33196   1  40
        2.01595        0.35071   1  41
        2.01595        0.40710   1  42
        2.01595        0.43709   1  43
        2.01595        0.44351   1  44
        2.01595        0.48803   1  45
        2.01595        0.52399   1  46
        2.01595        0.55957   1  47
        2.01595        0.58905   1  48
        2.01595        0.60107   1  49
        2.01595        0.63670   1  50
        2.01595        0.68078   1  51
        2.01595        0.68127   1  52
        2.01595        0.68671   1  53
        2.01595        0.70052   1  54
        2.01595        0.75100   1  55
        2.01595        0.78833   1  56
        2.01595        0.81266   1  57
        2.01595        0.88260   1  58
        2.01595        0.92741   1  59
        2.01595        1.01938   1  60
        2.01595        1.03347   1  61
        2.01595        1.06784   1  62
        2.01595        1.09179   1  63
        2.01595        1.10926   1  64
        2.01595        1.16422   1  65
        2.01595        1.18070   1  66
        2.01595        1.22464   1  67
        2.01595        1.24321   1  68
        2.01595        1.32543   1  69
        2.01595        1.39472   1  70
        2.01595        1.44167   1  71
        2.01595        1.44561   1  72
        2.01595        1.60245   1  73
        2.01595        1.63482   1  74
        2.01595        1.67162   1  75
        2.01595        1.78106   1  76
        2.05761       -0.87769   1   1
        2.05761       -0.86921   1   2
        2.05761       -0.81939   1   3
        2.05761       -0.80315   1   4
        2.05761       -0.77794   1   5
        2.05761       -0.70308   1   6
        2.05761       -0.68892   1   7
        2.05761       -0.68005   1   8
        2.05761       -0.67835   1   9
        2.05761       -0.65222   1  10
        2.05761       -0.65213   1  11
        2.05761       -0.63402   1  12
        2.05761       -0.62641   1  13
        2.05761       -0.61547   1  14
        2.05761       -0.59644   1  15
        2.05761       -0.58359   1  16
        2.05761       -0.56324   1  17
        2.05761       -0.54656   1  18
        2.05761       -0.54453   1  19
        2.05761       -0.51969   1  20
        2.05761       -0.49116   1  21
        2.05761       -0.47759   1  22
        2.05761       -0.47301   1  23
        2.05761       -0.43156   1  24
        2.05761       -0.42117   1  25
        2.05761       -0.41433   1  26
        2.05761       -0.24833   1  27
        2.05761       -0.21821   1  28
        2.05761       -0.11714   1  29
        2.05761       -0.08933   1  30
        2.05761       -0.05610   1  31
        2.05761        0.00054   1  32
        2.05761        0.01808   1  33
        2.05761        0.06836   1  34
        2.05761        0.11788   1  35
        2.05761        0.13700   1  36
        2.05761        0.18639   1  37
        2.05761        0.23057   1  38
        2.05761        0.24692   1  39
        2.05761        0.30672   1  40
        2.05761        0.33191   1  41
        2.05761        0.39116   1  42
        2.05761        0.40599   1  43
        2.05761        0.44022   1  44
        2.05761        0.46714   1  45
        2.05761        0.47963   1  46
        2.05761        0.52073   1  47
        2.05761        0.54453   1  48
        2.05761        0.57339   1  49
        2.05761        0.62264   1  50
        2.05761        0.63633   1  51
        2.05761        0.64742   1  52
        2.05761        0.66480   1  53
        2.05761        0.67570   1  54
        2.05761        0.72609   1  55
        2.05761        0.77676   1  56
        2.05761        0.78666   1  57
        2.05761        0.83777   1  58
        2.05761        0.88521   1  59
        2.05761        0.98798   1  60
        2.05761        1.02201   1  61
        2.05761        1.05605   1  62
        2.05761        1.05627   1  63
        2.05761        1.06511   1  64
        2.05761        1.13254   1  65
        2.05761        1.19392   1  66
        2.05761        1.20351   1  67
        2.05761        1.25434   1  68
        2.05761        1.34928   1  69
        2.05761        1.35692   1  70
        2.05761        1.41546   1  71
        2.05761        1.47093   1  72
        2.05761        1.59709   1  73
        2.05761        1.60839   1  74
        2.05761        1.65123   1  75
        2.05761        1.76376   1  76
        2.09928       -0.88639   1   1
        2.09928       -0.88145   1   2
        2.09928       -0.82582   1   3
        2.09928       -0.81142   1   4
        2.09928       -0.76881   1   5
        2.09928       -0.70172   1   6
        2.09928       -0.68804   1   7
        2.09928       -0.67866   1   8
        2.09928       -0.67612   1   9
        2.09928       -0.65424   1  10
        2.09928       -0.65050   1  11
        2.09928       -0.62888   1  12
        2.09928       -0.62551   1  13
        2.09928       -0.61998   1  14
        2.09928       -0.60292   1  15
        2.09928       -0.58184   1  16
        2.09928       -0.55657   1  17
        2.09928       -0.54870   1  18
        2.09928       -0.53480   1  19
        2.09928       -0.51891   1  20
        2.09928       -0.49281   1  21
        2.09928       -0.47330   1  22
        2.09928       -0.47008   1  23
        2.09928       -0.43146   1  24
        2.09928       -0.41663   1  25
        2.09928       -0.40619   1  26
        2.09928       -0.22766   1  27
        2.09928       -0.22257   1  28
        2.09928       -0.14983   1  29
        2.09928       -0.05840   1  30
        2.09928       -0.05700   1  31
        2.09928       -0.00032   1  32
        2.09928        0.04183   1  33
        2.09928        0.06642   1  34
        2.09928        0.10436   1  35
        2.09928        0.14220   1  36
        2.09928        0.18129   1  37
        2.09928        0.21402   1  38
        2.09928        0.24804   1  39
        2.09928        0.29573   1  40
        2.09928        0.32192   1  41
        2.09928        0.34382   1  42
        2.09928        0.38201   1  43
        2.09928        0.40901   1  44
        2.09928        0.44846   1  45
        2.09928        0.46741   1  46
        2.09928        0.50786   1  47
        2.09928        0.52549   1  48
        2.09928        0.53384   1  49
        2.09928        0.59369   1  50
        2.09928        0.60839   1  51
        2.09928        0.62963   1  52
        2.09928        0.65058   1  53
        2.09928        0.66675   1  54
        2.09928        0.69988   1  55
        2.09928        0.74047   1  56
        2.09928        0.79686   1  57
        2.09928        0.81154   1  58
        2.09928        0.85570   1  59
        2.09928        0.95220   1  60
        2.09928        0.97721   1  61
        2.09928        1.02074   1  62
        2.09928        1.02112   1  63
        2.09928        1.08172   1  64
        2.09928        1.09018   1  65
        2.09928        1.19046   1  66
        2.09928        1.22979   1  67
        2.09928        1.27968   1  68
        2.09928        1.31261   1  69
        2.09928        1.39020   1  70
        2.09928        1.39252   1  71
        2.09928        1.49506   1  72
        2.09928        1.57390   1  73
        2.09928        1.60617   1  74
        2.09928        1.63257   1  75
        2.09928        1.73708   1  76
        2.14095       -0.90137   1   1
        2.14095       -0.89025   1   2
        2.14095       -0.84555   1   3
        2.14095       -0.79923   1   4
        2.14095       -0.75718   1   5
        2.14095       -0.69965   1   6
        2.14095       -0.68849   1   7
        2.14095       -0.67537   1   8
        2.14095       -0.67423   1   9
        2.14095       -0.65849   1  10
        2.14095       -0.64855   1  11
        2.14095       -0.63135   1  12
        2.14095       -0.62374   1  13
        2.14095       -0.61593   1  14
        2.14095       -0.60823   1  15
        2.14095       -0.57860   1  16
        2.14095       -0.55776   1  17
        2.14095       -0.55103   1  18
        2.14095       -0.51847   1  19
        2.14095       -0.51809   1  20
        2.14095       -0.49493   1  21
        2.14095       -0.47038   1  22
        2.14095       -0.46316   1  23
        2.14095       -0.43102   1  24
        2.14095       -0.41311   1  25
        2.14095       -0.39521   1  26
        2.14095       -0.26917   1  27
        2.14095       -0.19669   1  28
        2.14095       -0.15014   1  29
        2.14095       -0.07503   1  30
        2.14095       -0.02252   1  31
        2.14095       -0.01051   1  32
        2.14095        0.06803   1  33
        2.14095        0.07592   1  34
        2.14095        0.08896   1  35
        2.14095        0.16514   1  36
        2.14095        0.17700   1  37
        2.14095        0.19485   1  38
        2.14095        0.24601   1  39
        2.14095        0.28532   1  40
        2.14095        0.31231   1  41
        2.14095        0.33078   1  42
        2.14095        0.33845   1  43
        2.14095        0.37519   1  44
        2.14095        0.44319   1  45
        2.14095        0.45486   1  46
        2.14095        0.47427   1  47
        2.14095        0.48800   1  48
        2.14095        0.56292   1  49
        2.14095        0.56963   1  50
        2.14095        0.59688   1  51
        2.14095        0.62402   1  52
        2.14095        0.63946   1  53
        2.14095        0.66082   1  54
        2.14095        0.66522   1  55
        2.14095        0.72134   1  56
        2.14095        0.79232   1  57
        2.14095        0.81360   1  58
        2.14095        0.83408   1  59
        2.14095        0.93023   1  60
        2.14095        0.94045   1  61
        2.14095        0.96790   1  62
        2.14095        0.98027   1  63
        2.14095        1.07574   1  64
        2.14095        1.10800   1  65
        2.14095        1.15946   1  66
        2.14095        1.27128   1  67
        2.14095        1.30509   1  68
        2.14095        1.31350   1  69
        2.14095        1.36608   1  70
        2.14095        1.42562   1  71
        2.14095        1.51045   1  72
        2.14095        1.56230   1  73
        2.14095        1.59749   1  74
        2.14095        1.61779   1  75
        2.14095        1.70285   1  76
        2.18261       -0.91308   1   1
        2.18261       -0.89827   1   2
        2.18261       -0.86088   1   3
        2.18261       -0.78703   1   4
        2.18261       -0.74752   1   5
        2.18261       -0.69723   1   6
        2.18261       -0.68933   1   7
        2.18261       -0.67304   1   8
        2.18261       -0.67284   1   9
        2.18261       -0.66135   1  10
        2.18261       -0.64632   1  11
        2.18261       -0.63379   1  12
        2.18261       -0.62665   1  13
        2.18261       -0.61217   1  14
        2.18261       -0.60740   1  15
        2.18261       -0.57479   1  16
        2.18261       -0.56026   1  17
        2.18261       -0.55307   1  18
        2.18261       -0.51740   1  19
        2.18261       -0.50435   1  20
        2.18261       -0.49672   1  21
        2.18261       -0.46786   1  22
        2.18261       -0.45183   1  23
        2.18261       -0.43050   1  24
        2.18261       -0.41063   1  25
        2.18261       -0.38178   1  26
        2.18261       -0.31759   1  27
        2.18261       -0.16940   1  28
        2.18261       -0.15555   1  29
        2.18261       -0.08603   1  30
        2.18261       -0.02053   1  31
        2.18261        0.01584   1  32
        2.18261        0.04841   1  33
        2.18261        0.10504   1  34
        2.18261        0.10617   1  35
        2.18261        0.16013   1  36
        2.18261        0.18052   1  37
        2.18261        0.19031   1  38
        2.18261        0.23150   1  39
        2.18261        0.26309   1  40
        2.18261        0.30760   1  41
        2.18261        0.31761   1  42
        2.18261        0.33711   1  43
        2.18261        0.35716   1  44
        2.18261        0.39984   1  45
        2.18261        0.43267   1  46
        2.18261        0.47463   1  47
        2.18261        0.48844   1  48
        2.18261        0.53362   1  49
        2.18261        0.57540   1  50
        2.18261        0.59248   1  51
        2.18261        0.62578   1  52
        2.18261        0.63516   1  53
        2.18261        0.64907   1  54
        2.18261        0.67127   1  55
        2.18261        0.70246   1  56
        2.18261        0.78347   1  57
        2.18261        0.81569   1  58
        2.18261        0.82972   1  59
        2.18261        0.91160   1  60
        2.18261        0.91520   1  61
        2.18261        0.92226   1  62
        2.18261        0.95118   1  63
        2.18261        1.06462   1  64
        2.18261        1.13193   1  65
        2.18261        1.13226   1  66
        2.18261        1.29851   1  67
        2.18261        1.31710   1  68
        2.18261        1.34864   1  69
        2.18261        1.35573   1  70
        2.18261        1.44937   1  71
        2.18261        1.51564   1  72
        2.18261        1.55507   1  73
        2.18261        1.58610   1  74
        2.18261        1.60821   1  75
        2.18261        1.66530   1  76
        2.22428       -0.92048   1   1
        2.22428       -0.90346   1   2
        2.22428       -0.87067   1   3
        2.22428       -0.77793   1   4
        2.22428       -0.74199   1   5
        2.22428       -0.69504   1   6
        2.22428       -0.69004   1   7
        2.22428       -0.67458   1   8
        2.22428       -0.67199   1   9
        2.22428       -0.66010   1  10
        2.22428       -0.64399   1  11
        2.22428       -0.63618   1  12
        2.22428       -0.62848   1  13
        2.22428       -0.61461   1  14
        2.22428       -0.60132   1  15
        2.22428       -0.57173   1  16
        2.22428       -0.56229   1  17
        2.22428       -0.55445   1  18
        2.22428       -0.51694   1  19
        2.22428       -0.49783   1  20
        2.22428       -0.49562   1  21
        2.22428       -0.46590   1  22
        2.22428       -0.43399   1  23
        2.22428       -0.43010   1  24
        2.22428       -0.40916   1  25
        2.22428       -0.37659   1  26
        2.22428       -0.35322   1  27
        2.22428       -0.17436   1  28
        2.22428       -0.14483   1  29
        2.22428       -0.08133   1  30
        2.22428       -0.03207   1  31
        2.22428        0.03164   1  32
        2.22428        0.05635   1  33
        2.22428        0.11323   1  34
        2.22428        0.12420   1  35
        2.22428        0.15562   1  36
        2.22428        0.16897   1  37
        2.22428        0.19369   1  38
        2.22428        0.22408   1  39
        2.22428        0.25099   1  40
        2.22428        0.29497   1  41
        2.22428        0.30816   1  42
        2.22428        0.31400   1  43
        2.22428        0.37124   1  44
        2.22428        0.39533   1  45
        2.22428        0.40804   1  46
        2.22428        0.46646   1  47
        2.22428        0.47703   1  48
        2.22428        0.52909   1  49
        2.22428        0.56242   1  50
        2.22428        0.59369   1  51
        2.22428        0.62268   1  52
        2.22428        0.63524   1  53
        2.22428        0.63666   1  54
        2.22428        0.69381   1  55
        2.22428        0.71247   1  56
        2.22428        0.76564   1  57
        2.22428        0.81293   1  58
        2.22428        0.83649   1  59
        2.22428        0.85962   1  60
        2.22428        0.90531   1  61
        2.22428        0.91539   1  62
        2.22428        0.94155   1  63
        2.22428        1.04270   1  64
        2.22428        1.13169   1  65
        2.22428        1.14908   1  66
        2.22428        1.27510   1  67
        2.22428        1.36277   1  68
        2.22428        1.36540   1  69
        2.22428        1.37695   1  70
        2.22428        1.45374   1  71
        2.22428        1.51312   1  72
        2.22428        1.54860   1  73
        2.22428        1.58041   1  74
        2.22428        1.60373   1  75
        2.22428        1.63233   1  76
        2.26595       -0.92301   1   1
        2.26595       -0.90521   1   2
        2.26595       -0.87407   1   3
        2.26595       -0.77449   1   4
        2.26595       -0.74036   1   5
        2.26595       -0.69409   1   6
        2.26595       -0.69034   1   7
        2.26595       -0.67591   1   8
        2.26595       -0.67171   1   9
        2.26595       -0.65892   1  10
        2.26595       -0.64262   1  11
        2.26595       -0.63756   1  12
        2.26595       -0.62911   1  13
        2.26595       -0.61543   1  14
        2.26595       -0.59906   1  15
        2.26595       -0.57057   1  16
        2.26595       -0.56304   1  17
        2.26595       -0.55494   1  18
        2.26595       -0.51678   1  19
        2.26595       -0.49812   1  20
        2.26595       -0.49287   1  21
        2.26595       -0.46514   1  22
        2.26595       -0.42995   1  23
        2.26595       -0.41464   1  24
        2.26595       -0.40867   1  25
        2.26595       -0.39737   1  26
        2.26595       -0.35505   1  27
        2.26595       -0.18388   1  28
        2.26595       -0.13315   1  29
        2.26595       -0.07907   1  30
        2.26595       -0.03801   1  31
        2.26595        0.02689   1  32
        2.26595        0.08738   1  33
        2.26595        0.10977   1  34
        2.26595        0.11165   1  35
        2.26595        0.15221   1  36
        2.26595        0.17983   1  37
        2.26595        0.19190   1  38
        2.26595        0.22507   1  39
        2.26595        0.23943   1  40
        2.26595        0.28714   1  41
        2.26595        0.29913   1  42
        2.26595        0.31706   1  43
        2.26595        0.35425   1  44
        2.26595        0.41850   1  45
        2.26595        0.42243   1  46
        2.26595        0.44322   1  47
        2.26595        0.45333   1  48
        2.26595        0.54063   1  49
        2.26595        0.56093   1  50
        2.26595        0.59291   1  51
        2.26595        0.62107   1  52
        2.26595        0.62535   1  53
        2.26595        0.63449   1  54
        2.26595        0.69709   1  55
        2.26595        0.74518   1  56
        2.26595        0.75298   1  57
        2.26595        0.81425   1  58
        2.26595        0.81425   1  59
        2.26595        0.85010   1  60
        2.26595        0.90261   1  61
        2.26595        0.91522   1  62
        2.26595        0.93851   1  63
        2.26595        1.03201   1  64
        2.26595        1.13651   1  65
        2.26595        1.15534   1  66
        2.26595        1.26234   1  67
        2.26595        1.37171   1  68
        2.26595        1.38290   1  69
        2.26595        1.39625   1  70
        2.26595        1.44204   1  71
        2.26595        1.51188   1  72
        2.26595        1.54549   1  73
        2.26595        1.58188   1  74
        2.26595        1.60258   1  75
        2.26595        1.61681   1  76
        2.26595       -0.92301   1   1
        2.26595       -0.90521   1   2
        2.26595       -0.87407   1   3
        2.26595       -0.77449   1   4
        2.26595       -0.74036   1   5
        2.26595       -0.69409   1   6
        2.26595       -0.69034   1   7
        2.26595       -0.67591   1   8
        2.26595       -0.67171   1   9
        2.26595       -0.65892   1  10
        2.26595       -0.64262   1  11
        2.26595       -0.63756   1  12
        2.26595       -0.62911   1  13
        2.26595       -0.61543   1  14
        2.26595       -0.59906   1  15
        2.26595       -0.57057   1  16
        2.26595       -0.56304   1  17
        2.26595       -0.55494   1  18
        2.26595       -0.51678   1  19
        2.26595       -0.49812   1  20
        2.26595       -0.49287   1  21
        2.26595       -0.46514   1  22
        2.26595       -0.42995   1  23
        2.26595       -0.41464   1  24
        2.26595       -0.40867   1  25
        2.26595       -0.39737   1  26
        2.26595       -0.35505   1  27
        2.26595       -0.18388   1  28
        2.26595       -0.13315   1  29
        2.26595       -0.07907   1  30
        2.26595       -0.03801   1  31
        2.26595        0.02689   1  32
        2.26595        0.08738   1  33
        2.26595        0.10977   1  34
        2.26595        0.11165   1  35
        2.26595        0.15221   1  36
        2.26595        0.17983   1  37
        2.26595        0.19190   1  38
        2.26595        0.22507   1  39
        2.26595        0.23943   1  40
        2.26595        0.28714   1  41
        2.26595        0.29913   1  42
        2.26595        0.31706   1  43
        2.26595        0.35425   1  44
        2.26595        0.41850   1  45
        2.26595        0.42243   1  46
        2.26595        0.44322   1  47
        2.26595        0.45333   1  48
        2.26595        0.54063   1  49
        2.26595        0.56093   1  50
        2.26595        0.59291   1  51
        2.26595        0.62107   1  52
        2.26595        0.62535   1  53
        2.26595        0.63449   1  54
        2.26595        0.69709   1  55
        2.26595        0.74518   1  56
        2.26595        0.75298   1  57
        2.26595        0.81425   1  58
        2.26595        0.81425   1  59
        2.26595        0.85010   1  60
        2.26595        0.90261   1  61
        2.26595        0.91522   1  62
        2.26595        0.93851   1  63
        2.26595        1.03201   1  64
        2.26595        1.13651   1  65
        2.26595        1.15534   1  66
        2.26595        1.26234   1  67
        2.26595        1.37171   1  68
        2.26595        1.38290   1  69
        2.26595        1.39625   1  70
        2.26595        1.44204   1  71
        2.26595        1.51188   1  72
        2.26595        1.54549   1  73
        2.26595        1.58188   1  74
        2.26595        1.60258   1  75
        2.26595        1.61681   1  76
        2.30761       -0.92183   1   1
        2.30761       -0.90421   1   2
        2.30761       -0.87339   1   3
        2.30761       -0.77405   1   4
        2.30761       -0.73880   1   5
        2.30761       -0.69393   1   6
        2.30761       -0.68917   1   7
        2.30761       -0.67875   1   8
        2.30761       -0.67088   1   9
        2.30761       -0.65840   1  10
        2.30761       -0.64582   1  11
        2.30761       -0.64043   1  12
        2.30761       -0.63067   1  13
        2.30761       -0.61623   1  14
        2.30761       -0.59807   1  15
        2.30761       -0.57865   1  16
        2.30761       -0.56235   1  17
        2.30761       -0.54724   1  18
        2.30761       -0.51859   1  19
        2.30761       -0.49739   1  20
        2.30761       -0.49207   1  21
        2.30761       -0.46495   1  22
        2.30761       -0.43837   1  23
        2.30761       -0.42149   1  24
        2.30761       -0.40542   1  25
        2.30761       -0.39390   1  26
        2.30761       -0.34284   1  27
        2.30761       -0.18168   1  28
        2.30761       -0.13140   1  29
        2.30761       -0.07503   1  30
        2.30761       -0.03502   1  31
        2.30761        0.03042   1  32
        2.30761        0.08995   1  33
        2.30761        0.11156   1  34
        2.30761        0.11362   1  35
        2.30761        0.15459   1  36
        2.30761        0.18210   1  37
        2.30761        0.19329   1  38
        2.30761        0.22709   1  39
        2.30761        0.24151   1  40
        2.30761        0.28998   1  41
        2.30761        0.30302   1  42
        2.30761        0.31919   1  43
        2.30761        0.35510   1  44
        2.30761        0.41969   1  45
        2.30761        0.42462   1  46
        2.30761        0.44963   1  47
        2.30761        0.45285   1  48
        2.30761        0.54306   1  49
        2.30761        0.56269   1  50
        2.30761        0.58310   1  51
        2.30761        0.61086   1  52
        2.30761        0.62926   1  53
        2.30761        0.63303   1  54
        2.30761        0.69289   1  55
        2.30761        0.70862   1  56
        2.30761        0.75526   1  57
        2.30761        0.78726   1  58
        2.30761        0.83151   1  59
        2.30761        0.83536   1  60
        2.30761        0.91307   1  61
        2.30761        0.92046   1  62
        2.30761        0.94875   1  63
        2.30761        1.02932   1  64
        2.30761        1.12215   1  65
        2.30761        1.14925   1  66
        2.30761        1.25152   1  67
        2.30761        1.33963   1  68
        2.30761        1.38173   1  69
        2.30761        1.39090   1  70
        2.30761        1.42783   1  71
        2.30761        1.49363   1  72
        2.30761        1.53632   1  73
        2.30761        1.56798   1  74
        2.30761        1.59536   1  75
        2.30761        1.60636   1  76
        2.34928       -0.91829   1   1
        2.34928       -0.90124   1   2
        2.34928       -0.87141   1   3
        2.34928       -0.77286   1   4
        2.34928       -0.73421   1   5
        2.34928       -0.69351   1   6
        2.34928       -0.68990   1   7
        2.34928       -0.68211   1   8
        2.34928       -0.66999   1   9
        2.34928       -0.65765   1  10
        2.34928       -0.65484   1  11
        2.34928       -0.64714   1  12
        2.34928       -0.63435   1  13
        2.34928       -0.61841   1  14
        2.34928       -0.59559   1  15
        2.34928       -0.59149   1  16
        2.34928       -0.56048   1  17
        2.34928       -0.53571   1  18
        2.34928       -0.52311   1  19
        2.34928       -0.49526   1  20
        2.34928       -0.49054   1  21
        2.34928       -0.46508   1  22
        2.34928       -0.44939   1  23
        2.34928       -0.44246   1  24
        2.34928       -0.39131   1  25
        2.34928       -0.38954   1  26
        2.34928       -0.31742   1  27
        2.34928       -0.17522   1  28
        2.34928       -0.12621   1  29
        2.34928       -0.06327   1  30
        2.34928       -0.02613   1  31
        2.34928        0.04049   1  32
        2.34928        0.09771   1  33
        2.34928        0.11656   1  34
        2.34928        0.11970   1  35
        2.34928        0.16175   1  36
        2.34928        0.18882   1  37
        2.34928        0.19742   1  38
        2.34928        0.23315   1  39
        2.34928        0.24773   1  40
        2.34928        0.29833   1  41
        2.34928        0.31344   1  42
        2.34928        0.32575   1  43
        2.34928        0.35752   1  44
        2.34928        0.42299   1  45
        2.34928        0.42990   1  46
        2.34928        0.45155   1  47
        2.34928        0.46703   1  48
        2.34928        0.55000   1  49
        2.34928        0.55346   1  50
        2.34928        0.56624   1  51
        2.34928        0.59139   1  52
        2.34928        0.61513   1  53
        2.34928        0.63708   1  54
        2.34928        0.64409   1  55
        2.34928        0.67672   1  56
        2.34928        0.75895   1  57
        2.34928        0.75980   1  58
        2.34928        0.78820   1  59
        2.34928        0.84988   1  60
        2.34928        0.90444   1  61
        2.34928        0.93521   1  62
        2.34928        0.97435   1  63
        2.34928        1.02288   1  64
        2.34928        1.07034   1  65
        2.34928        1.13754   1  66
        2.34928        1.22294   1  67
        2.34928        1.28150   1  68
        2.34928        1.32588   1  69
        2.34928        1.37032   1  70
        2.34928        1.38344   1  71
        2.34928        1.44661   1  72
        2.34928        1.48091   1  73
        2.34928        1.53563   1  74
        2.34928        1.54274   1  75
        2.34928        1.59924   1  76
        2.39095       -0.91255   1   1
        2.39095       -0.89651   1   2
        2.39095       -0.86835   1   3
        2.39095       -0.77136   1   4
        2.39095       -0.72686   1   5
        2.39095       -0.70148   1   6
        2.39095       -0.69301   1   7
        2.39095       -0.67652   1   8
        2.39095       -0.67397   1   9
        2.39095       -0.66818   1  10
        2.39095       -0.66020   1  11
        2.39095       -0.64932   1  12
        2.39095       -0.63763   1  13
        2.39095       -0.62147   1  14
        2.39095       -0.60458   1  15
        2.39095       -0.59219   1  16
        2.39095       -0.55841   1  17
        2.39095       -0.52881   1  18
        2.39095       -0.52477   1  19
        2.39095       -0.49198   1  20
        2.39095       -0.48964   1  21
        2.39095       -0.46838   1  22
        2.39095       -0.46310   1  23
        2.39095       -0.45535   1  24
        2.39095       -0.38356   1  25
        2.39095       -0.37690   1  26
        2.39095       -0.28756   1  27
        2.39095       -0.16483   1  28
        2.39095       -0.11782   1  29
        2.39095       -0.04491   1  30
        2.39095       -0.01215   1  31
        2.39095        0.05577   1  32
        2.39095        0.11062   1  33
        2.39095        0.12355   1  34
        2.39095        0.12984   1  35
        2.39095        0.17381   1  36
        2.39095        0.19928   1  37
        2.39095        0.20422   1  38
        2.39095        0.24260   1  39
        2.39095        0.25760   1  40
        2.39095        0.31146   1  41
        2.39095        0.32727   1  42
        2.39095        0.33690   1  43
        2.39095        0.36086   1  44
        2.39095        0.42744   1  45
        2.39095        0.43138   1  46
        2.39095        0.45066   1  47
        2.39095        0.48892   1  48
        2.39095        0.51076   1  49
        2.39095        0.54791   1  50
        2.39095        0.56006   1  51
        2.39095        0.56338   1  52
        2.39095        0.58229   1  53
        2.39095        0.59791   1  54
        2.39095        0.64469   1  55
        2.39095        0.65273   1  56
        2.39095        0.72184   1  57
        2.39095        0.74071   1  58
        2.39095        0.78285   1  59
        2.39095        0.85522   1  60
        2.39095        0.88504   1  61
        2.39095        0.93851   1  62
        2.39095        0.97916   1  63
        2.39095        0.98923   1  64
        2.39095        1.01365   1  65
        2.39095        1.11600   1  66
        2.39095        1.17837   1  67
        2.39095        1.20556   1  68
        2.39095        1.22671   1  69
        2.39095        1.30862   1  70
        2.39095        1.31818   1  71
        2.39095        1.36003   1  72
        2.39095        1.39232   1  73
        2.39095        1.46335   1  74
        2.39095        1.48636   1  75
        2.39095        1.58236   1  76
        2.43261       -0.90491   1   1
        2.43261       -0.89043   1   2
        2.43261       -0.86460   1   3
        2.43261       -0.77036   1   4
        2.43261       -0.71737   1   5
        2.43261       -0.71684   1   6
        2.43261       -0.69322   1   7
        2.43261       -0.68776   1   8
        2.43261       -0.68326   1   9
        2.43261       -0.66747   1  10
        2.43261       -0.66114   1  11
        2.43261       -0.64990   1  12
        2.43261       -0.63626   1  13
        2.43261       -0.62489   1  14
        2.43261       -0.61709   1  15
        2.43261       -0.58761   1  16
        2.43261       -0.55750   1  17
        2.43261       -0.53448   1  18
        2.43261       -0.51484   1  19
        2.43261       -0.49069   1  20
        2.43261       -0.48817   1  21
        2.43261       -0.48078   1  22
        2.43261       -0.47414   1  23
        2.43261       -0.45576   1  24
        2.43261       -0.37549   1  25
        2.43261       -0.36278   1  26
        2.43261       -0.25552   1  27
        2.43261       -0.15097   1  28
        2.43261       -0.10660   1  29
        2.43261       -0.02137   1  30
        2.43261        0.00554   1  31
        2.43261        0.07422   1  32
        2.43261        0.12854   1  33
        2.43261        0.13064   1  34
        2.43261        0.14363   1  35
        2.43261        0.19106   1  36
        2.43261        0.21198   1  37
        2.43261        0.21404   1  38
        2.43261        0.25421   1  39
        2.43261        0.27019   1  40
        2.43261        0.32847   1  41
        2.43261        0.34067   1  42
        2.43261        0.35218   1  43
        2.43261        0.36387   1  44
        2.43261        0.42173   1  45
        2.43261        0.43057   1  46
        2.43261        0.43248   1  47
        2.43261        0.46769   1  48
        2.43261        0.48862   1  49
        2.43261        0.52402   1  50
        2.43261        0.53410   1  51
        2.43261        0.55447   1  52
        2.43261        0.56942   1  53
        2.43261        0.58698   1  54
        2.43261        0.61851   1  55
        2.43261        0.63561   1  56
        2.43261        0.69508   1  57
        2.43261        0.73414   1  58
        2.43261        0.80384   1  59
        2.43261        0.83941   1  60
        2.43261        0.86136   1  61
        2.43261        0.88995   1  62
        2.43261        0.90593   1  63
        2.43261        0.98043   1  64
        2.43261        0.99409   1  65
        2.43261        1.06876   1  66
        2.43261        1.11256   1  67
        2.43261        1.12321   1  68
        2.43261        1.13145   1  69
        2.43261        1.23397   1  70
        2.43261        1.24456   1  71
        2.43261        1.24640   1  72
        2.43261        1.31525   1  73
        2.43261        1.38789   1  74
        2.43261        1.42448   1  75
        2.43261        1.55405   1  76
        2.47428       -0.89581   1   1
        2.47428       -0.88360   1   2
        2.47428       -0.86062   1   3
        2.47428       -0.77114   1   4
        2.47428       -0.73324   1   5
        2.47428       -0.70790   1   6
        2.47428       -0.70361   1   7
        2.47428       -0.70070   1   8
        2.47428       -0.69021   1   9
        2.47428       -0.66277   1  10
        2.47428       -0.65584   1  11
        2.47428       -0.65289   1  12
        2.47428       -0.63114   1  13
        2.47428       -0.62943   1  14
        2.47428       -0.62729   1  15
        2.47428       -0.58057   1  16
        2.47428       -0.55951   1  17
        2.47428       -0.53912   1  18
        2.47428       -0.50588   1  19
        2.47428       -0.49439   1  20
        2.47428       -0.49431   1  21
        2.47428       -0.48362   1  22
        2.47428       -0.47730   1  23
        2.47428       -0.45496   1  24
        2.47428       -0.36526   1  25
        2.47428       -0.34926   1  26
        2.47428       -0.22202   1  27
        2.47428       -0.13415   1  28
        2.47428       -0.09284   1  29
        2.47428        0.00615   1  30
        2.47428        0.02643   1  31
        2.47428        0.09233   1  32
        2.47428        0.13647   1  33
        2.47428        0.15151   1  34
        2.47428        0.16099   1  35
        2.47428        0.21429   1  36
        2.47428        0.22453   1  37
        2.47428        0.22782   1  38
        2.47428        0.26738   1  39
        2.47428        0.28496   1  40
        2.47428        0.34777   1  41
        2.47428        0.34898   1  42
        2.47428        0.36353   1  43
        2.47428        0.36696   1  44
        2.47428        0.38837   1  45
        2.47428        0.39605   1  46
        2.47428        0.41723   1  47
        2.47428        0.44067   1  48
        2.47428        0.47562   1  49
        2.47428        0.50844   1  50
        2.47428        0.52508   1  51
        2.47428        0.54165   1  52
        2.47428        0.56656   1  53
        2.47428        0.57980   1  54
        2.47428        0.61224   1  55
        2.47428        0.61257   1  56
        2.47428        0.70871   1  57
        2.47428        0.73332   1  58
        2.47428        0.79534   1  59
        2.47428        0.80745   1  60
        2.47428        0.83222   1  61
        2.47428        0.84079   1  62
        2.47428        0.84086   1  63
        2.47428        0.94816   1  64
        2.47428        0.95440   1  65
        2.47428        1.03101   1  66
        2.47428        1.03220   1  67
        2.47428        1.06042   1  68
        2.47428        1.06497   1  69
        2.47428        1.14734   1  70
        2.47428        1.15553   1  71
        2.47428        1.20643   1  72
        2.47428        1.25912   1  73
        2.47428        1.32529   1  74
        2.47428        1.35620   1  75
        2.47428        1.51745   1  76
        2.51595       -0.88597   1   1
        2.51595       -0.87690   1   2
        2.51595       -0.85669   1   3
        2.51595       -0.77517   1   4
        2.51595       -0.74887   1   5
        2.51595       -0.71752   1   6
        2.51595       -0.71692   1   7
        2.51595       -0.69542   1   8
        2.51595       -0.68935   1   9
        2.51595       -0.66397   1  10
        2.51595       -0.65572   1  11
        2.51595       -0.64509   1  12
        2.51595       -0.63872   1  13
        2.51595       -0.63059   1  14
        2.51595       -0.62691   1  15
        2.51595       -0.56973   1  16
        2.51595       -0.56569   1  17
        2.51595       -0.54169   1  18
        2.51595       -0.50234   1  19
        2.51595       -0.49897   1  20
        2.51595       -0.49656   1  21
        2.51595       -0.48004   1  22
        2.51595       -0.47813   1  23
        2.51595       -0.45463   1  24
        2.51595       -0.35295   1  25
        2.51595       -0.33635   1  26
        2.51595       -0.18731   1  27
        2.51595       -0.11486   1  28
        2.51595       -0.07700   1  29
        2.51595        0.03649   1  30
        2.51595        0.05078   1  31
        2.51595        0.10329   1  32
        2.51595        0.14315   1  33
        2.51595        0.17883   1  34
        2.51595        0.18211   1  35
        2.51595        0.23327   1  36
        2.51595        0.24430   1  37
        2.51595        0.24455   1  38
        2.51595        0.28073   1  39
        2.51595        0.29668   1  40
        2.51595        0.32547   1  41
        2.51595        0.32633   1  42
        2.51595        0.36312   1  43
        2.51595        0.36430   1  44
        2.51595        0.38247   1  45
        2.51595        0.39022   1  46
        2.51595        0.42122   1  47
        2.51595        0.43023   1  48
        2.51595        0.45006   1  49
        2.51595        0.46858   1  50
        2.51595        0.52511   1  51
        2.51595        0.55197   1  52
        2.51595        0.57338   1  53
        2.51595        0.57738   1  54
        2.51595        0.61339   1  55
        2.51595        0.61712   1  56
        2.51595        0.71801   1  57
        2.51595        0.72844   1  58
        2.51595        0.75042   1  59
        2.51595        0.76042   1  60
        2.51595        0.77154   1  61
        2.51595        0.80776   1  62
        2.51595        0.86468   1  63
        2.51595        0.87909   1  64
        2.51595        0.91229   1  65
        2.51595        0.95247   1  66
        2.51595        0.99346   1  67
        2.51595        1.01697   1  68
        2.51595        1.01889   1  69
        2.51595        1.08455   1  70
        2.51595        1.09870   1  71
        2.51595        1.17769   1  72
        2.51595        1.21823   1  73
        2.51595        1.26936   1  74
        2.51595        1.28755   1  75
        2.51595        1.48094   1  76
        2.55761       -0.87710   1   1
        2.55761       -0.87167   1   2
        2.55761       -0.85247   1   3
        2.55761       -0.78280   1   4
        2.55761       -0.76215   1   5
        2.55761       -0.72913   1   6
        2.55761       -0.72544   1   7
        2.55761       -0.69397   1   8
        2.55761       -0.68188   1   9
        2.55761       -0.66658   1  10
        2.55761       -0.65723   1  11
        2.55761       -0.64560   1  12
        2.55761       -0.63539   1  13
        2.55761       -0.63261   1  14
        2.55761       -0.62518   1  15
        2.55761       -0.57533   1  16
        2.55761       -0.55530   1  17
        2.55761       -0.54106   1  18
        2.55761       -0.50445   1  19
        2.55761       -0.50268   1  20
        2.55761       -0.48852   1  21
        2.55761       -0.47818   1  22
        2.55761       -0.47709   1  23
        2.55761       -0.45539   1  24
        2.55761       -0.33911   1  25
        2.55761       -0.32404   1  26
        2.55761       -0.15167   1  27
        2.55761       -0.09329   1  28
        2.55761       -0.06002   1  29
        2.55761        0.06754   1  30
        2.55761        0.07875   1  31
        2.55761        0.10013   1  32
        2.55761        0.15465   1  33
        2.55761        0.20531   1  34
        2.55761        0.20669   1  35
        2.55761        0.23446   1  36
        2.55761        0.24852   1  37
        2.55761        0.25348   1  38
        2.55761        0.28058   1  39
        2.55761        0.29142   1  40
        2.55761        0.30372   1  41
        2.55761        0.33124   1  42
        2.55761        0.36165   1  43
        2.55761        0.36614   1  44
        2.55761        0.38900   1  45
        2.55761        0.40417   1  46
        2.55761        0.40877   1  47
        2.55761        0.41523   1  48
        2.55761        0.44232   1  49
        2.55761        0.46882   1  50
        2.55761        0.53421   1  51
        2.55761        0.55231   1  52
        2.55761        0.56805   1  53
        2.55761        0.58198   1  54
        2.55761        0.61621   1  55
        2.55761        0.63506   1  56
        2.55761        0.68698   1  57
        2.55761        0.70358   1  58
        2.55761        0.71553   1  59
        2.55761        0.71658   1  60
        2.55761        0.77540   1  61
        2.55761        0.78075   1  62
        2.55761        0.80498   1  63
        2.55761        0.85637   1  64
        2.55761        0.88777   1  65
        2.55761        0.89444   1  66
        2.55761        0.91739   1  67
        2.55761        0.97027   1  68
        2.55761        0.97644   1  69
        2.55761        1.04019   1  70
        2.55761        1.07167   1  71
        2.55761        1.14209   1  72
        2.55761        1.18596   1  73
        2.55761        1.22245   1  74
        2.55761        1.22605   1  75
        2.55761        1.45406   1  76
        2.59928       -0.87197   1   1
        2.59928       -0.86928   1   2
        2.59928       -0.84631   1   3
        2.59928       -0.79282   1   4
        2.59928       -0.77049   1   5
        2.59928       -0.73706   1   6
        2.59928       -0.73028   1   7
        2.59928       -0.69595   1   8
        2.59928       -0.67659   1   9
        2.59928       -0.66971   1  10
        2.59928       -0.65793   1  11
        2.59928       -0.64706   1  12
        2.59928       -0.63351   1  13
        2.59928       -0.62906   1  14
        2.59928       -0.62452   1  15
        2.59928       -0.58634   1  16
        2.59928       -0.54001   1  17
        2.59928       -0.53589   1  18
        2.59928       -0.50474   1  19
        2.59928       -0.50405   1  20
        2.59928       -0.48053   1  21
        2.59928       -0.47807   1  22
        2.59928       -0.47487   1  23
        2.59928       -0.45755   1  24
        2.59928       -0.32456   1  25
        2.59928       -0.31253   1  26
        2.59928       -0.11555   1  27
        2.59928       -0.06927   1  28
        2.59928       -0.04331   1  29
        2.59928        0.08549   1  30
        2.59928        0.09666   1  31
        2.59928        0.11056   1  32
        2.59928        0.16776   1  33
        2.59928        0.18682   1  34
        2.59928        0.21585   1  35
        2.59928        0.22153   1  36
        2.59928        0.23593   1  37
        2.59928        0.25748   1  38
        2.59928        0.29962   1  39
        2.59928        0.31399   1  40
        2.59928        0.31775   1  41
        2.59928        0.35055   1  42
        2.59928        0.35532   1  43
        2.59928        0.35983   1  44
        2.59928        0.37660   1  45
        2.59928        0.37738   1  46
        2.59928        0.42249   1  47
        2.59928        0.44808   1  48
        2.59928        0.46588   1  49
        2.59928        0.48506   1  50
        2.59928        0.51619   1  51
        2.59928        0.53493   1  52
        2.59928        0.56952   1  53
        2.59928        0.57656   1  54
        2.59928        0.61007   1  55
        2.59928        0.65256   1  56
        2.59928        0.66504   1  57
        2.59928        0.66667   1  58
        2.59928        0.69187   1  59
        2.59928        0.69361   1  60
        2.59928        0.72630   1  61
        2.59928        0.75875   1  62
        2.59928        0.79725   1  63
        2.59928        0.80967   1  64
        2.59928        0.83108   1  65
        2.59928        0.83911   1  66
        2.59928        0.88570   1  67
        2.59928        0.94152   1  68
        2.59928        0.94158   1  69
        2.59928        0.99414   1  70
        2.59928        1.02046   1  71
        2.59928        1.11887   1  72
        2.59928        1.15983   1  73
        2.59928        1.17787   1  74
        2.59928        1.18501   1  75
        2.59928        1.43852   1  76
        2.64095       -0.87137   1   1
        2.64095       -0.86995   1   2
        2.64095       -0.83776   1   3
        2.64095       -0.80350   1   4
        2.64095       -0.77218   1   5
        2.64095       -0.74129   1   6
        2.64095       -0.73374   1   7
        2.64095       -0.69912   1   8
        2.64095       -0.67693   1   9
        2.64095       -0.67285   1  10
        2.64095       -0.65814   1  11
        2.64095       -0.64269   1  12
        2.64095       -0.63306   1  13
        2.64095       -0.62872   1  14
        2.64095       -0.62161   1  15
        2.64095       -0.59709   1  16
        2.64095       -0.52939   1  17
        2.64095       -0.52435   1  18
        2.64095       -0.50389   1  19
        2.64095       -0.50260   1  20
        2.64095       -0.47811   1  21
        2.64095       -0.47370   1  22
        2.64095       -0.47278   1  23
        2.64095       -0.46119   1  24
        2.64095       -0.31005   1  25
        2.64095       -0.30196   1  26
        2.64095       -0.08002   1  27
        2.64095       -0.04277   1  28
        2.64095       -0.02841   1  29
        2.64095        0.06565   1  30
        2.64095        0.12246   1  31
        2.64095        0.13906   1  32
        2.64095        0.14224   1  33
        2.64095        0.17473   1  34
        2.64095        0.19803   1  35
        2.64095        0.20155   1  36
        2.64095        0.26490   1  37
        2.64095        0.28574   1  38
        2.64095        0.30688   1  39
        2.64095        0.31215   1  40
        2.64095        0.33069   1  41
        2.64095        0.35018   1  42
        2.64095        0.35414   1  43
        2.64095        0.37304   1  44
        2.64095        0.39653   1  45
        2.64095        0.40102   1  46
        2.64095        0.42935   1  47
        2.64095        0.46487   1  48
        2.64095        0.48241   1  49
        2.64095        0.48647   1  50
        2.64095        0.49586   1  51
        2.64095        0.53587   1  52
        2.64095        0.55041   1  53
        2.64095        0.57439   1  54
        2.64095        0.59491   1  55
        2.64095        0.62233   1  56
        2.64095        0.62689   1  57
        2.64095        0.66288   1  58
        2.64095        0.68829   1  59
        2.64095        0.69417   1  60
        2.64095        0.70982   1  61
        2.64095        0.71878   1  62
        2.64095        0.75669   1  63
        2.64095        0.76055   1  64
        2.64095        0.79632   1  65
        2.64095        0.82054   1  66
        2.64095        0.84497   1  67
        2.64095        0.91101   1  68
        2.64095        0.93007   1  69
        2.64095        0.95122   1  70
        2.64095        0.97336   1  71
        2.64095        1.10616   1  72
        2.64095        1.13722   1  73
        2.64095        1.14551   1  74
        2.64095        1.15119   1  75
        2.64095        1.43004   1  76
        2.68261       -0.87308   1   1
        2.68261       -0.87238   1   2
        2.68261       -0.82908   1   3
        2.68261       -0.81253   1   4
        2.68261       -0.76899   1   5
        2.68261       -0.74278   1   6
        2.68261       -0.73722   1   7
        2.68261       -0.70278   1   8
        2.68261       -0.67935   1   9
        2.68261       -0.67563   1  10
        2.68261       -0.65806   1  11
        2.68261       -0.63704   1  12
        2.68261       -0.63105   1  13
        2.68261       -0.62997   1  14
        2.68261       -0.61946   1  15
        2.68261       -0.60667   1  16
        2.68261       -0.52061   1  17
        2.68261       -0.51514   1  18
        2.68261       -0.50106   1  19
        2.68261       -0.49817   1  20
        2.68261       -0.47874   1  21
        2.68261       -0.47242   1  22
        2.68261       -0.46696   1  23
        2.68261       -0.46590   1  24
        2.68261       -0.29688   1  25
        2.68261       -0.29273   1  26
        2.68261       -0.04856   1  27
        2.68261       -0.01647   1  28
        2.68261       -0.01428   1  29
        2.68261        0.04742   1  30
        2.68261        0.09506   1  31
        2.68261        0.14492   1  32
        2.68261        0.15839   1  33
        2.68261        0.15919   1  34
        2.68261        0.19386   1  35
        2.68261        0.20078   1  36
        2.68261        0.28235   1  37
        2.68261        0.29306   1  38
        2.68261        0.32581   1  39
        2.68261        0.32730   1  40
        2.68261        0.33973   1  41
        2.68261        0.34698   1  42
        2.68261        0.35734   1  43
        2.68261        0.39544   1  44
        2.68261        0.41574   1  45
        2.68261        0.42631   1  46
        2.68261        0.43593   1  47
        2.68261        0.44891   1  48
        2.68261        0.47419   1  49
        2.68261        0.47626   1  50
        2.68261        0.51709   1  51
        2.68261        0.53936   1  52
        2.68261        0.55405   1  53
        2.68261        0.55806   1  54
        2.68261        0.58840   1  55
        2.68261        0.59323   1  56
        2.68261        0.61531   1  57
        2.68261        0.63901   1  58
        2.68261        0.64350   1  59
        2.68261        0.67391   1  60
        2.68261        0.70838   1  61
        2.68261        0.71995   1  62
        2.68261        0.72966   1  63
        2.68261        0.75554   1  64
        2.68261        0.76732   1  65
        2.68261        0.77064   1  66
        2.68261        0.83074   1  67
        2.68261        0.88877   1  68
        2.68261        0.89314   1  69
        2.68261        0.92090   1  70
        2.68261        0.98393   1  71
        2.68261        1.07949   1  72
        2.68261        1.11317   1  73
        2.68261        1.12994   1  74
        2.68261        1.13153   1  75
        2.68261        1.42577   1  76
        2.72428       -0.87492   1   1
        2.72428       -0.87473   1   2
        2.72428       -0.82275   1   3
        2.72428       -0.81841   1   4
        2.72428       -0.76412   1   5
        2.72428       -0.74292   1   6
        2.72428       -0.74086   1   7
        2.72428       -0.70586   1   8
        2.72428       -0.68135   1   9
        2.72428       -0.67760   1  10
        2.72428       -0.65788   1  11
        2.72428       -0.63302   1  12
        2.72428       -0.63103   1  13
        2.72428       -0.62787   1  14
        2.72428       -0.61857   1  15
        2.72428       -0.61443   1  16
        2.72428       -0.51728   1  17
        2.72428       -0.50563   1  18
        2.72428       -0.49996   1  19
        2.72428       -0.49163   1  20
        2.72428       -0.48089   1  21
        2.72428       -0.47189   1  22
        2.72428       -0.46995   1  23
        2.72428       -0.46284   1  24
        2.72428       -0.28740   1  25
        2.72428       -0.28624   1  26
        2.72428       -0.03016   1  27
        2.72428       -0.00648   1  28
        2.72428        0.01496   1  29
        2.72428        0.03859   1  30
        2.72428        0.06552   1  31
        2.72428        0.12720   1  32
        2.72428        0.14044   1  33
        2.72428        0.16877   1  34
        2.72428        0.21164   1  35
        2.72428        0.21373   1  36
        2.72428        0.27600   1  37
        2.72428        0.30984   1  38
        2.72428        0.33850   1  39
        2.72428        0.34166   1  40
        2.72428        0.34175   1  41
        2.72428        0.35221   1  42
        2.72428        0.37701   1  43
        2.72428        0.39778   1  44
        2.72428        0.40078   1  45
        2.72428        0.40500   1  46
        2.72428        0.46325   1  47
        2.72428        0.46904   1  48
        2.72428        0.48678   1  49
        2.72428        0.49246   1  50
        2.72428        0.50363   1  51
        2.72428        0.51736   1  52
        2.72428        0.53792   1  53
        2.72428        0.57610   1  54
        2.72428        0.58104   1  55
        2.72428        0.59068   1  56
        2.72428        0.61311   1  57
        2.72428        0.61585   1  58
        2.72428        0.63756   1  59
        2.72428        0.64199   1  60
        2.72428        0.66962   1  61
        2.72428        0.70414   1  62
        2.72428        0.71970   1  63
        2.72428        0.73400   1  64
        2.72428        0.75494   1  65
        2.72428        0.78141   1  66
        2.72428        0.81471   1  67
        2.72428        0.88057   1  68
        2.72428        0.89529   1  69
        2.72428        0.89993   1  70
        2.72428        0.97028   1  71
        2.72428        1.07175   1  72
        2.72428        1.09719   1  73
        2.72428        1.11226   1  74
        2.72428        1.12530   1  75
        2.72428        1.42474   1  76
        2.76595       -0.87567   1   1
        2.76595       -0.87567   1   2
        2.76595       -0.82043   1   3
        2.76595       -0.82043   1   4
        2.76595       -0.76153   1   5
        2.76595       -0.74282   1   6
        2.76595       -0.74282   1   7
        2.76595       -0.70708   1   8
        2.76595       -0.68208   1   9
        2.76595       -0.67832   1  10
        2.76595       -0.65780   1  11
        2.76595       -0.63144   1  12
        2.76595       -0.63144   1  13
        2.76595       -0.62564   1  14
        2.76595       -0.61836   1  15
        2.76595       -0.61836   1  16
        2.76595       -0.51675   1  17
        2.76595       -0.49957   1  18
        2.76595       -0.49957   1  19
        2.76595       -0.49034   1  20
        2.76595       -0.48267   1  21
        2.76595       -0.47172   1  22
        2.76595       -0.47128   1  23
        2.76595       -0.46136   1  24
        2.76595       -0.28394   1  25
        2.76595       -0.28394   1  26
        2.76595       -0.02632   1  27
        2.76595       -0.00191   1  28
        2.76595        0.03869   1  29
        2.76595        0.03869   1  30
        2.76595        0.04534   1  31
        2.76595        0.11380   1  32
        2.76595        0.13197   1  33
        2.76595        0.17287   1  34
        2.76595        0.22220   1  35
        2.76595        0.22220   1  36
        2.76595        0.26691   1  37
        2.76595        0.32725   1  38
        2.76595        0.33908   1  39
        2.76595        0.33908   1  40
        2.76595        0.35468   1  41
        2.76595        0.35531   1  42
        2.76595        0.36765   1  43
        2.76595        0.36765   1  44
        2.76595        0.42988   1  45
        2.76595        0.42988   1  46
        2.76595        0.43722   1  47
        2.76595        0.45972   1  48
        2.76595        0.49728   1  49
        2.76595        0.49728   1  50
        2.76595        0.51393   1  51
        2.76595        0.54610   1  52
        2.76595        0.54610   1  53
        2.76595        0.55188   1  54
        2.76595        0.55352   1  55
        2.76595        0.57507   1  56
        2.76595        0.58777   1  57
        2.76595        0.65178   1  58
        2.76595        0.65178   1  59
        2.76595        0.65359   1  60
        2.76595        0.66142   1  61
        2.76595        0.66142   1  62
        2.76595        0.70704   1  63
        2.76595        0.71045   1  64
        2.76595        0.76597   1  65
        2.76595        0.76597   1  66
        2.76595        0.85322   1  67
        2.76595        0.87887   1  68
        2.76595        0.87887   1  69
        2.76595        0.89119   1  70
        2.76595        0.95653   1  71
        2.76595        1.08883   1  72
        2.76595        1.09188   1  73
        2.76595        1.09188   1  74
        2.76595        1.12343   1  75
        2.76595        1.42488   1  76
        2.76595       -0.87567   1   1
        2.76595       -0.87567   1   2
        2.76595       -0.82043   1   3
        2.76595       -0.82043   1   4
        2.76595       -0.76153   1   5
        2.76595       -0.74282   1   6
        2.76595       -0.74282   1   7
        2.76595       -0.70708   1   8
        2.76595       -0.68208   1   9
        2.76595       -0.67832   1  10
        2.76595       -0.65780   1  11
        2.76595       -0.63144   1  12
        2.76595       -0.63144   1  13
        2.76595       -0.62564   1  14
        2.76595       -0.61836   1  15
        2.76595       -0.61836   1  16
        2.76595       -0.51675   1  17
        2.76595       -0.49957   1  18
        2.76595       -0.49957   1  19
        2.76595       -0.49034   1  20
        2.76595       -0.48267   1  21
        2.76595       -0.47172   1  22
        2.76595       -0.47128   1  23
        2.76595       -0.46136   1  24
        2.76595       -0.28394   1  25
        2.76595       -0.28394   1  26
        2.76595       -0.02632   1  27
        2.76595       -0.00191   1  28
        2.76595        0.03869   1  29
        2.76595        0.03869   1  30
        2.76595        0.04534   1  31
        2.76595        0.11380   1  32
        2.76595        0.13197   1  33
        2.76595        0.17287   1  34
        2.76595        0.22220   1  35
        2.76595        0.22220   1  36
        2.76595        0.26691   1  37
        2.76595        0.32725   1  38
        2.76595        0.33908   1  39
        2.76595        0.33908   1  40
        2.76595        0.35468   1  41
        2.76595        0.35531   1  42
        2.76595        0.36765   1  43
        2.76595        0.36765   1  44
        2.76595        0.42988   1  45
        2.76595        0.42988   1  46
        2.76595        0.43722   1  47
        2.76595        0.45972   1  48
        2.76595        0.49728   1  49
        2.76595        0.49728   1  50
        2.76595        0.51393   1  51
        2.76595        0.54610   1  52
        2.76595        0.54610   1  53
        2.76595        0.55188   1  54
        2.76595        0.55352   1  55
        2.76595        0.57507   1  56
        2.76595        0.58777   1  57
        2.76595        0.65178   1  58
        2.76595        0.65178   1  59
        2.76595        0.65359   1  60
        2.76595        0.66142   1  61
        2.76595        0.66142   1  62
        2.76595        0.70704   1  63
        2.76595        0.71045   1  64
        2.76595        0.76597   1  65
        2.76595        0.76597   1  66
        2.76595        0.85322   1  67
        2.76595        0.87887   1  68
        2.76595        0.87887   1  69
        2.76595        0.89119   1  70
        2.76595        0.95653   1  71
        2.76595        1.08883   1  72
        2.76595        1.09188   1  73
        2.76595        1.09188   1  74
        2.76595        1.12343   1  75
        2.76595        1.42488   1  76
        2.80523       -0.87516   1   1
        2.80523       -0.87463   1   2
        2.80523       -0.82163   1   3
        2.80523       -0.81950   1   4
        2.80523       -0.76404   1   5
        2.80523       -0.74205   1   6
        2.80523       -0.74179   1   7
        2.80523       -0.70599   1   8
        2.80523       -0.68146   1   9
        2.80523       -0.67765   1  10
        2.80523       -0.65787   1  11
        2.80523       -0.63238   1  12
        2.80523       -0.63159   1  13
        2.80523       -0.62767   1  14
        2.80523       -0.61825   1  15
        2.80523       -0.61508   1  16
        2.80523       -0.51716   1  17
        2.80523       -0.50362   1  18
        2.80523       -0.50200   1  19
        2.80523       -0.49121   1  20
        2.80523       -0.48062   1  21
        2.80523       -0.47187   1  22
        2.80523       -0.47030   1  23
        2.80523       -0.46254   1  24
        2.80523       -0.29440   1  25
        2.80523       -0.27831   1  26
        2.80523       -0.03156   1  27
        2.80523       -0.00735   1  28
        2.80523        0.02110   1  29
        2.80523        0.04081   1  30
        2.80523        0.06046   1  31
        2.80523        0.12400   1  32
        2.80523        0.14088   1  33
        2.80523        0.16918   1  34
        2.80523        0.20625   1  35
        2.80523        0.22381   1  36
        2.80523        0.27327   1  37
        2.80523        0.30789   1  38
        2.80523        0.33788   1  39
        2.80523        0.33900   1  40
        2.80523        0.34507   1  41
        2.80523        0.36260   1  42
        2.80523        0.36825   1  43
        2.80523        0.38313   1  44
        2.80523        0.40793   1  45
        2.80523        0.43154   1  46
        2.80523        0.44225   1  47
        2.80523        0.46614   1  48
        2.80523        0.48018   1  49
        2.80523        0.49833   1  50
        2.80523        0.50942   1  51
        2.80523        0.53417   1  52
        2.80523        0.54758   1  53
        2.80523        0.55285   1  54
        2.80523        0.56905   1  55
        2.80523        0.58798   1  56
        2.80523        0.61461   1  57
        2.80523        0.62262   1  58
        2.80523        0.64404   1  59
        2.80523        0.65315   1  60
        2.80523        0.66273   1  61
        2.80523        0.68961   1  62
        2.80523        0.71660   1  63
        2.80523        0.73706   1  64
        2.80523        0.76664   1  65
        2.80523        0.76930   1  66
        2.80523        0.81901   1  67
        2.80523        0.88152   1  68
        2.80523        0.89390   1  69
        2.80523        0.89945   1  70
        2.80523        0.96832   1  71
        2.80523        1.07431   1  72
        2.80523        1.09439   1  73
        2.80523        1.11154   1  74
        2.80523        1.12520   1  75
        2.80523        1.42477   1  76
        2.84451       -0.87359   1   1
        2.84451       -0.87149   1   2
        2.84451       -0.82486   1   3
        2.84451       -0.81667   1   4
        2.84451       -0.77027   1   5
        2.84451       -0.73984   1   6
        2.84451       -0.73975   1   7
        2.84451       -0.70327   1   8
        2.84451       -0.68008   1   9
        2.84451       -0.67553   1  10
        2.84451       -0.65787   1  11
        2.84451       -0.63461   1  12
        2.84451       -0.63215   1  13
        2.84451       -0.63066   1  14
        2.84451       -0.61796   1  15
        2.84451       -0.60890   1  16
        2.84451       -0.51863   1  17
        2.84451       -0.51097   1  18
        2.84451       -0.50814   1  19
        2.84451       -0.49782   1  20
        2.84451       -0.47522   1  21
        2.84451       -0.47233   1  22
        2.84451       -0.46824   1  23
        2.84451       -0.46471   1  24
        2.84451       -0.32075   1  25
        2.84451       -0.26285   1  26
        2.84451       -0.06307   1  27
        2.84451       -0.01814   1  28
        2.84451        0.01969   1  29
        2.84451        0.04724   1  30
        2.84451        0.07306   1  31
        2.84451        0.13669   1  32
        2.84451        0.15607   1  33
        2.84451        0.16675   1  34
        2.84451        0.18724   1  35
        2.84451        0.22818   1  36
        2.84451        0.27175   1  37
        2.84451        0.27930   1  38
        2.84451        0.30603   1  39
        2.84451        0.33837   1  40
        2.84451        0.34463   1  41
        2.84451        0.36289   1  42
        2.84451        0.37028   1  43
        2.84451        0.39166   1  44
        2.84451        0.40062   1  45
        2.84451        0.42910   1  46
        2.84451        0.43674   1  47
        2.84451        0.46426   1  48
        2.84451        0.47411   1  49
        2.84451        0.50158   1  50
        2.84451        0.50441   1  51
        2.84451        0.53134   1  52
        2.84451        0.55236   1  53
        2.84451        0.55856   1  54
        2.84451        0.57870   1  55
        2.84451        0.59124   1  56
        2.84451        0.60790   1  57
        2.84451        0.65668   1  58
        2.84451        0.65935   1  59
        2.84451        0.66593   1  60
        2.84451        0.68349   1  61
        2.84451        0.68820   1  62
        2.84451        0.73190   1  63
        2.84451        0.76787   1  64
        2.84451        0.76838   1  65
        2.84451        0.78789   1  66
        2.84451        0.81175   1  67
        2.84451        0.88805   1  68
        2.84451        0.89335   1  69
        2.84451        0.91820   1  70
        2.84451        0.98817   1  71
        2.84451        1.08089   1  72
        2.84451        1.10096   1  73
        2.84451        1.12821   1  74
        2.84451        1.13417   1  75
        2.84451        1.42605   1  76
        2.88380       -0.87086   1   1
        2.88380       -0.86628   1   2
        2.88380       -0.82918   1   3
        2.88380       -0.81200   1   4
        2.88380       -0.77841   1   5
        2.88380       -0.73843   1   6
        2.88380       -0.73597   1   7
        2.88380       -0.70008   1   8
        2.88380       -0.67883   1   9
        2.88380       -0.67203   1  10
        2.88380       -0.65729   1  11
        2.88380       -0.63753   1  12
        2.88380       -0.63324   1  13
        2.88380       -0.63302   1  14
        2.88380       -0.61748   1  15
        2.88380       -0.60199   1  16
        2.88380       -0.52220   1  17
        2.88380       -0.51890   1  18
        2.88380       -0.51549   1  19
        2.88380       -0.50877   1  20
        2.88380       -0.47318   1  21
        2.88380       -0.46969   1  22
        2.88380       -0.46634   1  23
        2.88380       -0.46600   1  24
        2.88380       -0.35380   1  25
        2.88380       -0.23996   1  26
        2.88380       -0.10793   1  27
        2.88380       -0.03313   1  28
        2.88380        0.02188   1  29
        2.88380        0.05800   1  30
        2.88380        0.07990   1  31
        2.88380        0.12796   1  32
        2.88380        0.15818   1  33
        2.88380        0.16510   1  34
        2.88380        0.21042   1  35
        2.88380        0.23472   1  36
        2.88380        0.24242   1  37
        2.88380        0.25352   1  38
        2.88380        0.28658   1  39
        2.88380        0.32746   1  40
        2.88380        0.33633   1  41
        2.88380        0.34936   1  42
        2.88380        0.37418   1  43
        2.88380        0.37774   1  44
        2.88380        0.39849   1  45
        2.88380        0.42231   1  46
        2.88380        0.44535   1  47
        2.88380        0.45460   1  48
        2.88380        0.47412   1  49
        2.88380        0.50684   1  50
        2.88380        0.51938   1  51
        2.88380        0.53286   1  52
        2.88380        0.55712   1  53
        2.88380        0.56026   1  54
        2.88380        0.57192   1  55
        2.88380        0.61169   1  56
        2.88380        0.65128   1  57
        2.88380        0.66030   1  58
        2.88380        0.66140   1  59
        2.88380        0.67061   1  60
        2.88380        0.67632   1  61
        2.88380        0.72092   1  62
        2.88380        0.76485   1  63
        2.88380        0.77152   1  64
        2.88380        0.78217   1  65
        2.88380        0.80885   1  66
        2.88380        0.87896   1  67
        2.88380        0.89651   1  68
        2.88380        0.89799   1  69
        2.88380        0.93177   1  70
        2.88380        1.01154   1  71
        2.88380        1.10067   1  72
        2.88380        1.11018   1  73
        2.88380        1.15085   1  74
        2.88380        1.15381   1  75
        2.88380        1.43148   1  76
        2.92308       -0.86682   1   1
        2.92308       -0.85907   1   2
        2.92308       -0.83347   1   3
        2.92308       -0.80559   1   4
        2.92308       -0.78723   1   5
        2.92308       -0.73856   1   6
        2.92308       -0.73080   1   7
        2.92308       -0.69748   1   8
        2.92308       -0.67896   1   9
        2.92308       -0.66771   1  10
        2.92308       -0.65567   1  11
        2.92308       -0.64063   1  12
        2.92308       -0.63494   1  13
        2.92308       -0.63380   1  14
        2.92308       -0.61681   1  15
        2.92308       -0.59533   1  16
        2.92308       -0.52958   1  17
        2.92308       -0.52714   1  18
        2.92308       -0.52126   1  19
        2.92308       -0.52104   1  20
        2.92308       -0.47480   1  21
        2.92308       -0.46785   1  22
        2.92308       -0.46510   1  23
        2.92308       -0.46350   1  24
        2.92308       -0.38596   1  25
        2.92308       -0.21139   1  26
        2.92308       -0.15315   1  27
        2.92308       -0.05620   1  28
        2.92308        0.01525   1  29
        2.92308        0.07287   1  30
        2.92308        0.07992   1  31
        2.92308        0.11760   1  32
        2.92308        0.14756   1  33
        2.92308        0.15615   1  34
        2.92308        0.19963   1  35
        2.92308        0.23098   1  36
        2.92308        0.24339   1  37
        2.92308        0.26314   1  38
        2.92308        0.27655   1  39
        2.92308        0.29583   1  40
        2.92308        0.32151   1  41
        2.92308        0.33222   1  42
        2.92308        0.37717   1  43
        2.92308        0.38001   1  44
        2.92308        0.39697   1  45
        2.92308        0.40758   1  46
        2.92308        0.44095   1  47
        2.92308        0.45668   1  48
        2.92308        0.48150   1  49
        2.92308        0.51205   1  50
        2.92308        0.51372   1  51
        2.92308        0.55756   1  52
        2.92308        0.56278   1  53
        2.92308        0.57021   1  54
        2.92308        0.58399   1  55
        2.92308        0.62422   1  56
        2.92308        0.64265   1  57
        2.92308        0.66676   1  58
        2.92308        0.67255   1  59
        2.92308        0.67834   1  60
        2.92308        0.70960   1  61
        2.92308        0.75009   1  62
        2.92308        0.76595   1  63
        2.92308        0.77814   1  64
        2.92308        0.82214   1  65
        2.92308        0.85983   1  66
        2.92308        0.88850   1  67
        2.92308        0.90804   1  68
        2.92308        0.95741   1  69
        2.92308        0.98948   1  70
        2.92308        1.01730   1  71
        2.92308        1.12253   1  72
        2.92308        1.13486   1  73
        2.92308        1.18225   1  74
        2.92308        1.18526   1  75
        2.92308        1.44255   1  76
        2.96237       -0.86155   1   1
        2.96237       -0.84996   1   2
        2.96237       -0.83677   1   3
        2.96237       -0.79746   1   4
        2.96237       -0.79587   1   5
        2.96237       -0.74089   1   6
        2.96237       -0.72427   1   7
        2.96237       -0.69656   1   8
        2.96237       -0.68175   1   9
        2.96237       -0.66343   1  10
        2.96237       -0.65294   1  11
        2.96237       -0.64161   1  12
        2.96237       -0.63755   1  13
        2.96237       -0.63316   1  14
        2.96237       -0.61601   1  15
        2.96237       -0.59022   1  16
        2.96237       -0.53793   1  17
        2.96237       -0.53717   1  18
        2.96237       -0.53089   1  19
        2.96237       -0.52708   1  20
        2.96237       -0.47820   1  21
        2.96237       -0.46831   1  22
        2.96237       -0.46431   1  23
        2.96237       -0.45942   1  24
        2.96237       -0.41138   1  25
        2.96237       -0.19609   1  26
        2.96237       -0.17894   1  27
        2.96237       -0.08446   1  28
        2.96237       -0.00686   1  29
        2.96237        0.08035   1  30
        2.96237        0.09163   1  31
        2.96237        0.10370   1  32
        2.96237        0.12599   1  33
        2.96237        0.15068   1  34
        2.96237        0.18049   1  35
        2.96237        0.20564   1  36
        2.96237        0.23124   1  37
        2.96237        0.25411   1  38
        2.96237        0.27553   1  39
        2.96237        0.30179   1  40
        2.96237        0.32486   1  41
        2.96237        0.32565   1  42
        2.96237        0.36304   1  43
        2.96237        0.37827   1  44
        2.96237        0.38740   1  45
        2.96237        0.41668   1  46
        2.96237        0.45632   1  47
        2.96237        0.47078   1  48
        2.96237        0.48539   1  49
        2.96237        0.50979   1  50
        2.96237        0.52314   1  51
        2.96237        0.53833   1  52
        2.96237        0.58117   1  53
        2.96237        0.58162   1  54
        2.96237        0.60442   1  55
        2.96237        0.62753   1  56
        2.96237        0.64772   1  57
        2.96237        0.67297   1  58
        2.96237        0.69141   1  59
        2.96237        0.69528   1  60
        2.96237        0.73691   1  61
        2.96237        0.75897   1  62
        2.96237        0.79070   1  63
        2.96237        0.79159   1  64
        2.96237        0.84756   1  65
        2.96237        0.87961   1  66
        2.96237        0.92644   1  67
        2.96237        0.93928   1  68
        2.96237        1.00593   1  69
        2.96237        1.03195   1  70
        2.96237        1.07479   1  71
        2.96237        1.14034   1  72
        2.96237        1.16993   1  73
        2.96237        1.22263   1  74
        2.96237        1.23092   1  75
        2.96237        1.46059   1  76
        3.00165       -0.85554   1   1
        3.00165       -0.83903   1   2
        3.00165       -0.83834   1   3
        3.00165       -0.80357   1   4
        3.00165       -0.78768   1   5
        3.00165       -0.74537   1   6
        3.00165       -0.71639   1   7
        3.00165       -0.70108   1   8
        3.00165       -0.68481   1   9
        3.00165       -0.65947   1  10
        3.00165       -0.64949   1  11
        3.00165       -0.64137   1  12
        3.00165       -0.63929   1  13
        3.00165       -0.63176   1  14
        3.00165       -0.61517   1  15
        3.00165       -0.58840   1  16
        3.00165       -0.54818   1  17
        3.00165       -0.54364   1  18
        3.00165       -0.53760   1  19
        3.00165       -0.53444   1  20
        3.00165       -0.48406   1  21
        3.00165       -0.46898   1  22
        3.00165       -0.46321   1  23
        3.00165       -0.45624   1  24
        3.00165       -0.42719   1  25
        3.00165       -0.23605   1  26
        3.00165       -0.14382   1  27
        3.00165       -0.11478   1  28
        3.00165       -0.03935   1  29
        3.00165        0.07220   1  30
        3.00165        0.08416   1  31
        3.00165        0.10117   1  32
        3.00165        0.11406   1  33
        3.00165        0.15735   1  34
        3.00165        0.16520   1  35
        3.00165        0.17638   1  36
        3.00165        0.20387   1  37
        3.00165        0.26253   1  38
        3.00165        0.26568   1  39
        3.00165        0.28203   1  40
        3.00165        0.30800   1  41
        3.00165        0.31685   1  42
        3.00165        0.36428   1  43
        3.00165        0.39563   1  44
        3.00165        0.43101   1  45
        3.00165        0.43598   1  46
        3.00165        0.44749   1  47
        3.00165        0.47392   1  48
        3.00165        0.48831   1  49
        3.00165        0.52409   1  50
        3.00165        0.53739   1  51
        3.00165        0.54334   1  52
        3.00165        0.59385   1  53
        3.00165        0.59433   1  54
        3.00165        0.61402   1  55
        3.00165        0.62635   1  56
        3.00165        0.65230   1  57
        3.00165        0.68237   1  58
        3.00165        0.71076   1  59
        3.00165        0.71852   1  60
        3.00165        0.72969   1  61
        3.00165        0.80563   1  62
        3.00165        0.80978   1  63
        3.00165        0.82750   1  64
        3.00165        0.84419   1  65
        3.00165        0.92784   1  66
        3.00165        0.94918   1  67
        3.00165        0.95299   1  68
        3.00165        1.04558   1  69
        3.00165        1.11233   1  70
        3.00165        1.11717   1  71
        3.00165        1.16509   1  72
        3.00165        1.20894   1  73
        3.00165        1.27429   1  74
        3.00165        1.29050   1  75
        3.00165        1.48877   1  76
        3.04093       -0.85011   1   1
        3.04093       -0.83789   1   2
        3.04093       -0.82646   1   3
        3.04093       -0.80898   1   4
        3.04093       -0.77652   1   5
        3.04093       -0.75117   1   6
        3.04093       -0.71375   1   7
        3.04093       -0.70741   1   8
        3.04093       -0.68462   1   9
        3.04093       -0.65525   1  10
        3.04093       -0.64643   1  11
        3.04093       -0.64610   1  12
        3.04093       -0.63556   1  13
        3.04093       -0.63075   1  14
        3.04093       -0.61431   1  15
        3.04093       -0.59024   1  16
        3.04093       -0.55751   1  17
        3.04093       -0.54496   1  18
        3.04093       -0.54278   1  19
        3.04093       -0.54242   1  20
        3.04093       -0.49062   1  21
        3.04093       -0.46981   1  22
        3.04093       -0.46124   1  23
        3.04093       -0.45411   1  24
        3.04093       -0.43477   1  25
        3.04093       -0.27282   1  26
        3.04093       -0.14505   1  27
        3.04093       -0.10621   1  28
        3.04093       -0.07481   1  29
        3.04093        0.03427   1  30
        3.04093        0.07610   1  31
        3.04093        0.08784   1  32
        3.04093        0.13676   1  33
        3.04093        0.13978   1  34
        3.04093        0.14062   1  35
        3.04093        0.16925   1  36
        3.04093        0.19948   1  37
        3.04093        0.24395   1  38
        3.04093        0.25822   1  39
        3.04093        0.27526   1  40
        3.04093        0.30586   1  41
        3.04093        0.31008   1  42
        3.04093        0.36353   1  43
        3.04093        0.40448   1  44
        3.04093        0.41612   1  45
        3.04093        0.45695   1  46
        3.04093        0.46890   1  47
        3.04093        0.50785   1  48
        3.04093        0.50880   1  49
        3.04093        0.54218   1  50
        3.04093        0.55447   1  51
        3.04093        0.55768   1  52
        3.04093        0.60436   1  53
        3.04093        0.60695   1  54
        3.04093        0.61005   1  55
        3.04093        0.63947   1  56
        3.04093        0.65420   1  57
        3.04093        0.69900   1  58
        3.04093        0.73141   1  59
        3.04093        0.73564   1  60
        3.04093        0.74250   1  61
        3.04093        0.82225   1  62
        3.04093        0.83439   1  63
        3.04093        0.85686   1  64
        3.04093        0.89757   1  65
        3.04093        0.92389   1  66
        3.04093        0.98384   1  67
        3.04093        0.98876   1  68
        3.04093        1.09583   1  69
        3.04093        1.12346   1  70
        3.04093        1.18775   1  71
        3.04093        1.19468   1  72
        3.04093        1.25410   1  73
        3.04093        1.33360   1  74
        3.04093        1.36366   1  75
        3.04093        1.52958   1  76
        3.08022       -0.84682   1   1
        3.08022       -0.83752   1   2
        3.08022       -0.81249   1   3
        3.08022       -0.80922   1   4
        3.08022       -0.76419   1   5
        3.08022       -0.75717   1   6
        3.08022       -0.73009   1   7
        3.08022       -0.69765   1   8
        3.08022       -0.68318   1   9
        3.08022       -0.65274   1  10
        3.08022       -0.65068   1  11
        3.08022       -0.64339   1  12
        3.08022       -0.63296   1  13
        3.08022       -0.63162   1  14
        3.08022       -0.61349   1  15
        3.08022       -0.59267   1  16
        3.08022       -0.56437   1  17
        3.08022       -0.54849   1  18
        3.08022       -0.54678   1  19
        3.08022       -0.54304   1  20
        3.08022       -0.49572   1  21
        3.08022       -0.47097   1  22
        3.08022       -0.45834   1  23
        3.08022       -0.45295   1  24
        3.08022       -0.43772   1  25
        3.08022       -0.30634   1  26
        3.08022       -0.17444   1  27
        3.08022       -0.10963   1  28
        3.08022       -0.06641   1  29
        3.08022       -0.00327   1  30
        3.08022        0.04878   1  31
        3.08022        0.08264   1  32
        3.08022        0.10583   1  33
        3.08022        0.11988   1  34
        3.08022        0.16162   1  35
        3.08022        0.16850   1  36
        3.08022        0.20303   1  37
        3.08022        0.22651   1  38
        3.08022        0.25334   1  39
        3.08022        0.28370   1  40
        3.08022        0.30046   1  41
        3.08022        0.31462   1  42
        3.08022        0.36659   1  43
        3.08022        0.39348   1  44
        3.08022        0.41656   1  45
        3.08022        0.46359   1  46
        3.08022        0.49749   1  47
        3.08022        0.52779   1  48
        3.08022        0.53136   1  49
        3.08022        0.55062   1  50
        3.08022        0.57880   1  51
        3.08022        0.58284   1  52
        3.08022        0.60607   1  53
        3.08022        0.62514   1  54
        3.08022        0.62524   1  55
        3.08022        0.65986   1  56
        3.08022        0.67891   1  57
        3.08022        0.72315   1  58
        3.08022        0.73145   1  59
        3.08022        0.76530   1  60
        3.08022        0.77502   1  61
        3.08022        0.82836   1  62
        3.08022        0.86458   1  63
        3.08022        0.87887   1  64
        3.08022        0.92902   1  65
        3.08022        0.96684   1  66
        3.08022        1.01518   1  67
        3.08022        1.03573   1  68
        3.08022        1.09615   1  69
        3.08022        1.16677   1  70
        3.08022        1.22492   1  71
        3.08022        1.25214   1  72
        3.08022        1.29955   1  73
        3.08022        1.39590   1  74
        3.08022        1.44675   1  75
        3.08022        1.58055   1  76
        3.11950       -0.84827   1   1
        3.11950       -0.83793   1   2
        3.11950       -0.80318   1   3
        3.11950       -0.79731   1   4
        3.11950       -0.76328   1   5
        3.11950       -0.75084   1   6
        3.11950       -0.74393   1   7
        3.11950       -0.68726   1   8
        3.11950       -0.68167   1   9
        3.11950       -0.66014   1  10
        3.11950       -0.64717   1  11
        3.11950       -0.64306   1  12
        3.11950       -0.63442   1  13
        3.11950       -0.63159   1  14
        3.11950       -0.61274   1  15
        3.11950       -0.59207   1  16
        3.11950       -0.56879   1  17
        3.11950       -0.55115   1  18
        3.11950       -0.54972   1  19
        3.11950       -0.53990   1  20
        3.11950       -0.49880   1  21
        3.11950       -0.47264   1  22
        3.11950       -0.45482   1  23
        3.11950       -0.45265   1  24
        3.11950       -0.43861   1  25
        3.11950       -0.33644   1  26
        3.11950       -0.20268   1  27
        3.11950       -0.14258   1  28
        3.11950       -0.03856   1  29
        3.11950       -0.02503   1  30
        3.11950        0.01977   1  31
        3.11950        0.06089   1  32
        3.11950        0.07356   1  33
        3.11950        0.12079   1  34
        3.11950        0.14694   1  35
        3.11950        0.18552   1  36
        3.11950        0.20121   1  37
        3.11950        0.24065   1  38
        3.11950        0.24674   1  39
        3.11950        0.29246   1  40
        3.11950        0.30344   1  41
        3.11950        0.33747   1  42
        3.11950        0.36518   1  43
        3.11950        0.38649   1  44
        3.11950        0.43729   1  45
        3.11950        0.47281   1  46
        3.11950        0.51212   1  47
        3.11950        0.53867   1  48
        3.11950        0.54652   1  49
        3.11950        0.55826   1  50
        3.11950        0.60545   1  51
        3.11950        0.61225   1  52
        3.11950        0.61799   1  53
        3.11950        0.64178   1  54
        3.11950        0.65180   1  55
        3.11950        0.67347   1  56
        3.11950        0.73701   1  57
        3.11950        0.73985   1  58
        3.11950        0.75241   1  59
        3.11950        0.79954   1  60
        3.11950        0.81005   1  61
        3.11950        0.83261   1  62
        3.11950        0.89975   1  63
        3.11950        0.90135   1  64
        3.11950        0.96154   1  65
        3.11950        1.03172   1  66
        3.11950        1.04877   1  67
        3.11950        1.05593   1  68
        3.11950        1.12016   1  69
        3.11950        1.21087   1  70
        3.11950        1.25539   1  71
        3.11950        1.30574   1  72
        3.11950        1.35279   1  73
        3.11950        1.45899   1  74
        3.11950        1.53161   1  75
        3.11950        1.63660   1  76
        3.15878       -0.85680   1   1
        3.15878       -0.83615   1   2
        3.15878       -0.79666   1   3
        3.15878       -0.78125   1   4
        3.15878       -0.76957   1   5
        3.15878       -0.74807   1   6
        3.15878       -0.73683   1   7
        3.15878       -0.68024   1   8
        3.15878       -0.67651   1   9
        3.15878       -0.66801   1  10
        3.15878       -0.65070   1  11
        3.15878       -0.64584   1  12
        3.15878       -0.63238   1  13
        3.15878       -0.63066   1  14
        3.15878       -0.61206   1  15
        3.15878       -0.58798   1  16
        3.15878       -0.57109   1  17
        3.15878       -0.55175   1  18
        3.15878       -0.55132   1  19
        3.15878       -0.53653   1  20
        3.15878       -0.50008   1  21
        3.15878       -0.47479   1  22
        3.15878       -0.45305   1  23
        3.15878       -0.45105   1  24
        3.15878       -0.43844   1  25
        3.15878       -0.36285   1  26
        3.15878       -0.22920   1  27
        3.15878       -0.17319   1  28
        3.15878       -0.07067   1  29
        3.15878       -0.00969   1  30
        3.15878        0.01783   1  31
        3.15878        0.03491   1  32
        3.15878        0.04401   1  33
        3.15878        0.12230   1  34
        3.15878        0.13143   1  35
        3.15878        0.17213   1  36
        3.15878        0.23270   1  37
        3.15878        0.24040   1  38
        3.15878        0.25793   1  39
        3.15878        0.28577   1  40
        3.15878        0.34105   1  41
        3.15878        0.36231   1  42
        3.15878        0.38697   1  43
        3.15878        0.38865   1  44
        3.15878        0.47461   1  45
        3.15878        0.47899   1  46
        3.15878        0.52089   1  47
        3.15878        0.53296   1  48
        3.15878        0.58343   1  49
        3.15878        0.59326   1  50
        3.15878        0.61810   1  51
        3.15878        0.63405   1  52
        3.15878        0.64866   1  53
        3.15878        0.66674   1  54
        3.15878        0.68688   1  55
        3.15878        0.68918   1  56
        3.15878        0.75661   1  57
        3.15878        0.78821   1  58
        3.15878        0.79328   1  59
        3.15878        0.83008   1  60
        3.15878        0.84006   1  61
        3.15878        0.87007   1  62
        3.15878        0.93311   1  63
        3.15878        0.94581   1  64
        3.15878        0.99677   1  65
        3.15878        1.07268   1  66
        3.15878        1.08887   1  67
        3.15878        1.09116   1  68
        3.15878        1.15607   1  69
        3.15878        1.24972   1  70
        3.15878        1.29159   1  71
        3.15878        1.34810   1  72
        3.15878        1.41046   1  73
        3.15878        1.51536   1  74
        3.15878        1.60864   1  75
        3.15878        1.69296   1  76
        3.19807       -0.86925   1   1
        3.19807       -0.83524   1   2
        3.19807       -0.79755   1   3
        3.19807       -0.76817   1   4
        3.19807       -0.76482   1   5
        3.19807       -0.74207   1   6
        3.19807       -0.72257   1   7
        3.19807       -0.67868   1   8
        3.19807       -0.67597   1   9
        3.19807       -0.66538   1  10
        3.19807       -0.65895   1  11
        3.19807       -0.65082   1  12
        3.19807       -0.62959   1  13
        3.19807       -0.62605   1  14
        3.19807       -0.61142   1  15
        3.19807       -0.58183   1  16
        3.19807       -0.57171   1  17
        3.19807       -0.55303   1  18
        3.19807       -0.55073   1  19
        3.19807       -0.53327   1  20
        3.19807       -0.50004   1  21
        3.19807       -0.47728   1  22
        3.19807       -0.45400   1  23
        3.19807       -0.44762   1  24
        3.19807       -0.43740   1  25
        3.19807       -0.38534   1  26
        3.19807       -0.25358   1  27
        3.19807       -0.20104   1  28
        3.19807       -0.09940   1  29
        3.19807       -0.03815   1  30
        3.19807        0.00863   1  31
        3.19807        0.01932   1  32
        3.19807        0.06219   1  33
        3.19807        0.10195   1  34
        3.19807        0.12695   1  35
        3.19807        0.17037   1  36
        3.19807        0.22630   1  37
        3.19807        0.24272   1  38
        3.19807        0.28729   1  39
        3.19807        0.30191   1  40
        3.19807        0.35735   1  41
        3.19807        0.39001   1  42
        3.19807        0.39604   1  43
        3.19807        0.46089   1  44
        3.19807        0.48905   1  45
        3.19807        0.53374   1  46
        3.19807        0.53457   1  47
        3.19807        0.53872   1  48
        3.19807        0.61994   1  49
        3.19807        0.62650   1  50
        3.19807        0.64001   1  51
        3.19807        0.64861   1  52
        3.19807        0.69713   1  53
        3.19807        0.71034   1  54
        3.19807        0.71254   1  55
        3.19807        0.73349   1  56
        3.19807        0.78836   1  57
        3.19807        0.82419   1  58
        3.19807        0.83658   1  59
        3.19807        0.87424   1  60
        3.19807        0.89313   1  61
        3.19807        0.91258   1  62
        3.19807        0.97400   1  63
        3.19807        1.00172   1  64
        3.19807        1.03991   1  65
        3.19807        1.10560   1  66
        3.19807        1.12936   1  67
        3.19807        1.13779   1  68
        3.19807        1.18339   1  69
        3.19807        1.28633   1  70
        3.19807        1.33881   1  71
        3.19807        1.37168   1  72
        3.19807        1.46936   1  73
        3.19807        1.55170   1  74
        3.19807        1.67420   1  75
        3.19807        1.74146   1  76
        3.23735       -0.88341   1   1
        3.23735       -0.83773   1   2
        3.23735       -0.80055   1   3
        3.23735       -0.76031   1   4
        3.23735       -0.74852   1   5
        3.23735       -0.73007   1   6
        3.23735       -0.70838   1   7
        3.23735       -0.68317   1   8
        3.23735       -0.67704   1   9
        3.23735       -0.66651   1  10
        3.23735       -0.65671   1  11
        3.23735       -0.65458   1  12
        3.23735       -0.62905   1  13
        3.23735       -0.61828   1  14
        3.23735       -0.61077   1  15
        3.23735       -0.57509   1  16
        3.23735       -0.57113   1  17
        3.23735       -0.55373   1  18
        3.23735       -0.55049   1  19
        3.23735       -0.53027   1  20
        3.23735       -0.49940   1  21
        3.23735       -0.48010   1  22
        3.23735       -0.45526   1  23
        3.23735       -0.44563   1  24
        3.23735       -0.43541   1  25
        3.23735       -0.40350   1  26
        3.23735       -0.27586   1  27
        3.23735       -0.22579   1  28
        3.23735       -0.12485   1  29
        3.23735       -0.06451   1  30
        3.23735       -0.01600   1  31
        3.23735       -0.00139   1  32
        3.23735        0.08074   1  33
        3.23735        0.10756   1  34
        3.23735        0.11270   1  35
        3.23735        0.18041   1  36
        3.23735        0.21885   1  37
        3.23735        0.22533   1  38
        3.23735        0.31301   1  39
        3.23735        0.34101   1  40
        3.23735        0.35663   1  41
        3.23735        0.39301   1  42
        3.23735        0.46719   1  43
        3.23735        0.50051   1  44
        3.23735        0.54143   1  45
        3.23735        0.54189   1  46
        3.23735        0.56529   1  47
        3.23735        0.61037   1  48
        3.23735        0.62887   1  49
        3.23735        0.65987   1  50
        3.23735        0.67321   1  51
        3.23735        0.70336   1  52
        3.23735        0.73522   1  53
        3.23735        0.76153   1  54
        3.23735        0.76938   1  55
        3.23735        0.79733   1  56
        3.23735        0.82962   1  57
        3.23735        0.85513   1  58
        3.23735        0.90266   1  59
        3.23735        0.92468   1  60
        3.23735        0.94932   1  61
        3.23735        0.96571   1  62
        3.23735        1.02793   1  63
        3.23735        1.07415   1  64
        3.23735        1.08661   1  65
        3.23735        1.12348   1  66
        3.23735        1.15626   1  67
        3.23735        1.19809   1  68
        3.23735        1.21010   1  69
        3.23735        1.31957   1  70
        3.23735        1.37731   1  71
        3.23735        1.39825   1  72
        3.23735        1.52466   1  73
        3.23735        1.56336   1  74
        3.23735        1.72600   1  75
        3.23735        1.77497   1  76
        3.27664       -0.89769   1   1
        3.27664       -0.84337   1   2
        3.27664       -0.80060   1   3
        3.27664       -0.75035   1   4
        3.27664       -0.73287   1   5
        3.27664       -0.71630   1   6
        3.27664       -0.69489   1   7
        3.27664       -0.68963   1   8
        3.27664       -0.67843   1   9
        3.27664       -0.66925   1  10
        3.27664       -0.66070   1  11
        3.27664       -0.64439   1  12
        3.27664       -0.62985   1  13
        3.27664       -0.61010   1  14
        3.27664       -0.60979   1  15
        3.27664       -0.56979   1  16
        3.27664       -0.56896   1  17
        3.27664       -0.55401   1  18
        3.27664       -0.55080   1  19
        3.27664       -0.52747   1  20
        3.27664       -0.49926   1  21
        3.27664       -0.48319   1  22
        3.27664       -0.45666   1  23
        3.27664       -0.44619   1  24
        3.27664       -0.43254   1  25
        3.27664       -0.41653   1  26
        3.27664       -0.29610   1  27
        3.27664       -0.24721   1  28
        3.27664       -0.14696   1  29
        3.27664       -0.08793   1  30
        3.27664       -0.03793   1  31
        3.27664       -0.01903   1  32
        3.27664        0.06150   1  33
        3.27664        0.09574   1  34
        3.27664        0.15321   1  35
        3.27664        0.18983   1  36
        3.27664        0.19732   1  37
        3.27664        0.22969   1  38
        3.27664        0.30680   1  39
        3.27664        0.35836   1  40
        3.27664        0.39949   1  41
        3.27664        0.41132   1  42
        3.27664        0.50493   1  43
        3.27664        0.54711   1  44
        3.27664        0.54831   1  45
        3.27664        0.60188   1  46
        3.27664        0.61382   1  47
        3.27664        0.64824   1  48
        3.27664        0.67999   1  49
        3.27664        0.69194   1  50
        3.27664        0.71953   1  51
        3.27664        0.75771   1  52
        3.27664        0.78349   1  53
        3.27664        0.82199   1  54
        3.27664        0.84064   1  55
        3.27664        0.87540   1  56
        3.27664        0.87744   1  57
        3.27664        0.89215   1  58
        3.27664        0.97111   1  59
        3.27664        0.98452   1  60
        3.27664        0.99131   1  61
        3.27664        1.05334   1  62
        3.27664        1.06791   1  63
        3.27664        1.11437   1  64
        3.27664        1.14601   1  65
        3.27664        1.16019   1  66
        3.27664        1.18576   1  67
        3.27664        1.23829   1  68
        3.27664        1.27188   1  69
        3.27664        1.33451   1  70
        3.27664        1.38937   1  71
        3.27664        1.46907   1  72
        3.27664        1.55097   1  73
        3.27664        1.56927   1  74
        3.27664        1.76028   1  75
        3.27664        1.79213   1  76
        3.31592       -0.91084   1   1
        3.31592       -0.84995   1   2
        3.31592       -0.79897   1   3
        3.31592       -0.73957   1   4
        3.31592       -0.71862   1   5
        3.31592       -0.70448   1   6
        3.31592       -0.69532   1   7
        3.31592       -0.68275   1   8
        3.31592       -0.68255   1   9
        3.31592       -0.67163   1  10
        3.31592       -0.65567   1  11
        3.31592       -0.63540   1  12
        3.31592       -0.63231   1  13
        3.31592       -0.60946   1  14
        3.31592       -0.60099   1  15
        3.31592       -0.56812   1  16
        3.31592       -0.56446   1  17
        3.31592       -0.55396   1  18
        3.31592       -0.55138   1  19
        3.31592       -0.52444   1  20
        3.31592       -0.50067   1  21
        3.31592       -0.48634   1  22
        3.31592       -0.45805   1  23
        3.31592       -0.44939   1  24
        3.31592       -0.42952   1  25
        3.31592       -0.42403   1  26
        3.31592       -0.31444   1  27
        3.31592       -0.26506   1  28
        3.31592       -0.16557   1  29
        3.31592       -0.10764   1  30
        3.31592       -0.05674   1  31
        3.31592       -0.03368   1  32
        3.31592        0.04483   1  33
        3.31592        0.08002   1  34
        3.31592        0.17566   1  35
        3.31592        0.19343   1  36
        3.31592        0.19798   1  37
        3.31592        0.24488   1  38
        3.31592        0.29489   1  39
        3.31592        0.35561   1  40
        3.31592        0.44084   1  41
        3.31592        0.45902   1  42
        3.31592        0.50420   1  43
        3.31592        0.55406   1  44
        3.31592        0.62255   1  45
        3.31592        0.64233   1  46
        3.31592        0.66906   1  47
        3.31592        0.67015   1  48
        3.31592        0.71220   1  49
        3.31592        0.76104   1  50
        3.31592        0.76566   1  51
        3.31592        0.77523   1  52
        3.31592        0.86309   1  53
        3.31592        0.86919   1  54
        3.31592        0.91687   1  55
        3.31592        0.92454   1  56
        3.31592        0.94029   1  57
        3.31592        0.96211   1  58
        3.31592        1.01138   1  59
        3.31592        1.02986   1  60
        3.31592        1.06568   1  61
        3.31592        1.07016   1  62
        3.31592        1.13884   1  63
        3.31592        1.13952   1  64
        3.31592        1.18885   1  65
        3.31592        1.22472   1  66
        3.31592        1.24609   1  67
        3.31592        1.25802   1  68
        3.31592        1.33572   1  69
        3.31592        1.35177   1  70
        3.31592        1.41052   1  71
        3.31592        1.53464   1  72
        3.31592        1.54663   1  73
        3.31592        1.58466   1  74
        3.31592        1.77296   1  75
        3.31592        1.79500   1  76
        3.35520       -0.92186   1   1
        3.35520       -0.85586   1   2
        3.35520       -0.79710   1   3
        3.35520       -0.72954   1   4
        3.35520       -0.70654   1   5
        3.35520       -0.69969   1   6
        3.35520       -0.69640   1   7
        3.35520       -0.68533   1   8
        3.35520       -0.67527   1   9
        3.35520       -0.67211   1  10
        3.35520       -0.64487   1  11
        3.35520       -0.63573   1  12
        3.35520       -0.62780   1  13
        3.35520       -0.60889   1  14
        3.35520       -0.59232   1  15
        3.35520       -0.56651   1  16
        3.35520       -0.56216   1  17
        3.35520       -0.55366   1  18
        3.35520       -0.55192   1  19
        3.35520       -0.52094   1  20
        3.35520       -0.50382   1  21
        3.35520       -0.48930   1  22
        3.35520       -0.45930   1  23
        3.35520       -0.45378   1  24
        3.35520       -0.42907   1  25
        3.35520       -0.42544   1  26
        3.35520       -0.33073   1  27
        3.35520       -0.27908   1  28
        3.35520       -0.18049   1  29
        3.35520       -0.12317   1  30
        3.35520       -0.07196   1  31
        3.35520       -0.04527   1  32
        3.35520        0.03131   1  33
        3.35520        0.06702   1  34
        3.35520        0.15913   1  35
        3.35520        0.19043   1  36
        3.35520        0.23966   1  37
        3.35520        0.26537   1  38
        3.35520        0.28382   1  39
        3.35520        0.35203   1  40
        3.35520        0.46557   1  41
        3.35520        0.50620   1  42
        3.35520        0.51380   1  43
        3.35520        0.56007   1  44
        3.35520        0.67497   1  45
        3.35520        0.68119   1  46
        3.35520        0.69735   1  47
        3.35520        0.70824   1  48
        3.35520        0.74136   1  49
        3.35520        0.77989   1  50
        3.35520        0.80238   1  51
        3.35520        0.82441   1  52
        3.35520        0.90037   1  53
        3.35520        0.94311   1  54
        3.35520        0.95936   1  55
        3.35520        0.97356   1  56
        3.35520        0.99702   1  57
        3.35520        1.02815   1  58
        3.35520        1.03498   1  59
        3.35520        1.05682   1  60
        3.35520        1.08103   1  61
        3.35520        1.14263   1  62
        3.35520        1.16404   1  63
        3.35520        1.20623   1  64
        3.35520        1.22391   1  65
        3.35520        1.25316   1  66
        3.35520        1.27171   1  67
        3.35520        1.31700   1  68
        3.35520        1.35126   1  69
        3.35520        1.41197   1  70
        3.35520        1.42179   1  71
        3.35520        1.53072   1  72
        3.35520        1.57201   1  73
        3.35520        1.61975   1  74
        3.35520        1.76595   1  75
        3.35520        1.78477   1  76
        3.39449       -0.93009   1   1
        3.39449       -0.86035   1   2
        3.39449       -0.79567   1   3
        3.39449       -0.72208   1   4
        3.39449       -0.70317   1   5
        3.39449       -0.69694   1   6
        3.39449       -0.69215   1   7
        3.39449       -0.68496   1   8
        3.39449       -0.67648   1   9
        3.39449       -0.66402   1  10
        3.39449       -0.64450   1  11
        3.39449       -0.62984   1  12
        3.39449       -0.62191   1  13
        3.39449       -0.60843   1  14
        3.39449       -0.58427   1  15
        3.39449       -0.56525   1  16
        3.39449       -0.56193   1  17
        3.39449       -0.55319   1  18
        3.39449       -0.55231   1  19
        3.39449       -0.51737   1  20
        3.39449       -0.50786   1  21
        3.39449       -0.49178   1  22
        3.39449       -0.46025   1  23
        3.39449       -0.45765   1  24
        3.39449       -0.43085   1  25
        3.39449       -0.42346   1  26
        3.39449       -0.34387   1  27
        3.39449       -0.28898   1  28
        3.39449       -0.19133   1  29
        3.39449       -0.13436   1  30
        3.39449       -0.08314   1  31
        3.39449       -0.05364   1  32
        3.39449        0.02135   1  33
        3.39449        0.05740   1  34
        3.39449        0.14680   1  35
        3.39449        0.18669   1  36
        3.39449        0.27363   1  37
        3.39449        0.27448   1  38
        3.39449        0.28673   1  39
        3.39449        0.34918   1  40
        3.39449        0.47451   1  41
        3.39449        0.51582   1  42
        3.39449        0.55698   1  43
        3.39449        0.57045   1  44
        3.39449        0.69557   1  45
        3.39449        0.71927   1  46
        3.39449        0.72628   1  47
        3.39449        0.73565   1  48
        3.39449        0.75446   1  49
        3.39449        0.78041   1  50
        3.39449        0.84004   1  51
        3.39449        0.86583   1  52
        3.39449        0.93197   1  53
        3.39449        0.97311   1  54
        3.39449        0.99259   1  55
        3.39449        0.99774   1  56
        3.39449        1.03960   1  57
        3.39449        1.04615   1  58
        3.39449        1.08350   1  59
        3.39449        1.08386   1  60
        3.39449        1.10464   1  61
        3.39449        1.19077   1  62
        3.39449        1.19289   1  63
        3.39449        1.22313   1  64
        3.39449        1.25020   1  65
        3.39449        1.26339   1  66
        3.39449        1.30464   1  67
        3.39449        1.36057   1  68
        3.39449        1.36543   1  69
        3.39449        1.41304   1  70
        3.39449        1.47154   1  71
        3.39449        1.53703   1  72
        3.39449        1.54379   1  73
        3.39449        1.67634   1  74
        3.39449        1.75266   1  75
        3.39449        1.76064   1  76
        3.43377       -0.93518   1   1
        3.43377       -0.86311   1   2
        3.43377       -0.79483   1   3
        3.43377       -0.71805   1   4
        3.43377       -0.70506   1   5
        3.43377       -0.69115   1   6
        3.43377       -0.69018   1   7
        3.43377       -0.68528   1   8
        3.43377       -0.67167   1   9
        3.43377       -0.65898   1  10
        3.43377       -0.65170   1  11
        3.43377       -0.62072   1  12
        3.43377       -0.61832   1  13
        3.43377       -0.60814   1  14
        3.43377       -0.57769   1  15
        3.43377       -0.56451   1  16
        3.43377       -0.56316   1  17
        3.43377       -0.55275   1  18
        3.43377       -0.55251   1  19
        3.43377       -0.51464   1  20
        3.43377       -0.51127   1  21
        3.43377       -0.49346   1  22
        3.43377       -0.46084   1  23
        3.43377       -0.46017   1  24
        3.43377       -0.43209   1  25
        3.43377       -0.42203   1  26
        3.43377       -0.35245   1  27
        3.43377       -0.29477   1  28
        3.43377       -0.19783   1  29
        3.43377       -0.14113   1  30
        3.43377       -0.08994   1  31
        3.43377       -0.05871   1  32
        3.43377        0.01520   1  33
        3.43377        0.05153   1  34
        3.43377        0.13919   1  35
        3.43377        0.18400   1  36
        3.43377        0.26855   1  37
        3.43377        0.29785   1  38
        3.43377        0.30079   1  39
        3.43377        0.34752   1  40
        3.43377        0.47519   1  41
        3.43377        0.52274   1  42
        3.43377        0.58375   1  43
        3.43377        0.58518   1  44
        3.43377        0.70732   1  45
        3.43377        0.73986   1  46
        3.43377        0.74411   1  47
        3.43377        0.75305   1  48
        3.43377        0.75676   1  49
        3.43377        0.77937   1  50
        3.43377        0.87490   1  51
        3.43377        0.88988   1  52
        3.43377        0.94413   1  53
        3.43377        0.95992   1  54
        3.43377        1.01663   1  55
        3.43377        1.01869   1  56
        3.43377        1.06103   1  57
        3.43377        1.07138   1  58
        3.43377        1.10667   1  59
        3.43377        1.10788   1  60
        3.43377        1.10966   1  61
        3.43377        1.21492   1  62
        3.43377        1.21586   1  63
        3.43377        1.23318   1  64
        3.43377        1.25552   1  65
        3.43377        1.27333   1  66
        3.43377        1.31486   1  67
        3.43377        1.36675   1  68
        3.43377        1.39223   1  69
        3.43377        1.43166   1  70
        3.43377        1.50034   1  71
        3.43377        1.50932   1  72
        3.43377        1.54952   1  73
        3.43377        1.71069   1  74
        3.43377        1.73351   1  75
        3.43377        1.74253   1  76
        3.47305       -0.93690   1   1
        3.47305       -0.86404   1   2
        3.47305       -0.79456   1   3
        3.47305       -0.71688   1   4
        3.47305       -0.70571   1   5
        3.47305       -0.68918   1   6
        3.47305       -0.68918   1   7
        3.47305       -0.68613   1   8
        3.47305       -0.66625   1   9
        3.47305       -0.65730   1  10
        3.47305       -0.65730   1  11
        3.47305       -0.61717   1  12
        3.47305       -0.61717   1  13
        3.47305       -0.60804   1  14
        3.47305       -0.57468   1  15
        3.47305       -0.56427   1  16
        3.47305       -0.56427   1  17
        3.47305       -0.55256   1  18
        3.47305       -0.55256   1  19
        3.47305       -0.51363   1  20
        3.47305       -0.51259   1  21
        3.47305       -0.49405   1  22
        3.47305       -0.46105   1  23
        3.47305       -0.46105   1  24
        3.47305       -0.43255   1  25
        3.47305       -0.42153   1  26
        3.47305       -0.35543   1  27
        3.47305       -0.29666   1  28
        3.47305       -0.19999   1  29
        3.47305       -0.14339   1  30
        3.47305       -0.09220   1  31
        3.47305       -0.06041   1  32
        3.47305        0.01310   1  33
        3.47305        0.04958   1  34
        3.47305        0.13663   1  35
        3.47305        0.18305   1  36
        3.47305        0.26671   1  37
        3.47305        0.30609   1  38
        3.47305        0.30609   1  39
        3.47305        0.34699   1  40
        3.47305        0.47496   1  41
        3.47305        0.52448   1  42
        3.47305        0.59265   1  43
        3.47305        0.59265   1  44
        3.47305        0.71105   1  45
        3.47305        0.74637   1  46
        3.47305        0.74637   1  47
        3.47305        0.75914   1  48
        3.47305        0.75914   1  49
        3.47305        0.77939   1  50
        3.47305        0.89764   1  51
        3.47305        0.89764   1  52
        3.47305        0.92764   1  53
        3.47305        0.96333   1  54
        3.47305        1.02297   1  55
        3.47305        1.02297   1  56
        3.47305        1.07870   1  57
        3.47305        1.07870   1  58
        3.47305        1.10297   1  59
        3.47305        1.11437   1  60
        3.47305        1.11437   1  61
        3.47305        1.22176   1  62
        3.47305        1.22176   1  63
        3.47305        1.24380   1  64
        3.47305        1.27294   1  65
        3.47305        1.28027   1  66
        3.47305        1.28027   1  67
        3.47305        1.40074   1  68
        3.47305        1.40074   1  69
        3.47305        1.41740   1  70
        3.47305        1.50978   1  71
        3.47305        1.50978   1  72
        3.47305        1.54628   1  73
        3.47305        1.72208   1  74
        3.47305        1.72208   1  75
        3.47305        1.73851   1  76
        3.47305       -0.92301   1   1
        3.47305       -0.90521   1   2
        3.47305       -0.87407   1   3
        3.47305       -0.77450   1   4
        3.47305       -0.74036   1   5
        3.47305       -0.69409   1   6
        3.47305       -0.69035   1   7
        3.47305       -0.67583   1   8
        3.47305       -0.67171   1   9
        3.47305       -0.65897   1  10
        3.47305       -0.64262   1  11
        3.47305       -0.63756   1  12
        3.47305       -0.62911   1  13
        3.47305       -0.61543   1  14
        3.47305       -0.59907   1  15
        3.47305       -0.57057   1  16
        3.47305       -0.56304   1  17
        3.47305       -0.55494   1  18
        3.47305       -0.51678   1  19
        3.47305       -0.49812   1  20
        3.47305       -0.49287   1  21
        3.47305       -0.46513   1  22
        3.47305       -0.42995   1  23
        3.47305       -0.41464   1  24
        3.47305       -0.40867   1  25
        3.47305       -0.39737   1  26
        3.47305       -0.35504   1  27
        3.47305       -0.18387   1  28
        3.47305       -0.13314   1  29
        3.47305       -0.07912   1  30
        3.47305       -0.03799   1  31
        3.47305        0.02689   1  32
        3.47305        0.08766   1  33
        3.47305        0.10813   1  34
        3.47305        0.11343   1  35
        3.47305        0.14967   1  36
        3.47305        0.18472   1  37
        3.47305        0.19160   1  38
        3.47305        0.22488   1  39
        3.47305        0.23382   1  40
        3.47305        0.29011   1  41
        3.47305        0.29788   1  42
        3.47305        0.32101   1  43
        3.47305        0.37244   1  44
        3.47305        0.38026   1  45
        3.47305        0.41126   1  46
        3.47305        0.46527   1  47
        3.47305        0.47777   1  48
        3.47305        0.52125   1  49
        3.47305        0.55649   1  50
        3.47305        0.59291   1  51
        3.47305        0.62107   1  52
        3.47305        0.63073   1  53
        3.47305        0.63449   1  54
        3.47305        0.69953   1  55
        3.47305        0.74518   1  56
        3.47305        0.75322   1  57
        3.47305        0.81387   1  58
        3.47305        0.81425   1  59
        3.47305        0.85010   1  60
        3.47305        0.90226   1  61
        3.47305        0.91142   1  62
        3.47305        0.93741   1  63
        3.47305        1.03661   1  64
        3.47305        1.13765   1  65
        3.47305        1.15534   1  66
        3.47305        1.26040   1  67
        3.47305        1.37116   1  68
        3.47305        1.38290   1  69
        3.47305        1.39625   1  70
        3.47305        1.44204   1  71
        3.47305        1.51188   1  72
        3.47305        1.54590   1  73
        3.47305        1.58188   1  74
        3.47305        1.60272   1  75
        3.47305        1.61681   1  76
        3.50247       -0.92301   1   1
        3.50247       -0.90521   1   2
        3.50247       -0.87407   1   3
        3.50247       -0.77450   1   4
        3.50247       -0.74036   1   5
        3.50247       -0.69409   1   6
        3.50247       -0.69035   1   7
        3.50247       -0.67587   1   8
        3.50247       -0.67171   1   9
        3.50247       -0.65894   1  10
        3.50247       -0.64262   1  11
        3.50247       -0.63756   1  12
        3.50247       -0.62911   1  13
        3.50247       -0.61543   1  14
        3.50247       -0.59907   1  15
        3.50247       -0.57057   1  16
        3.50247       -0.56304   1  17
        3.50247       -0.55494   1  18
        3.50247       -0.51678   1  19
        3.50247       -0.49812   1  20
        3.50247       -0.49287   1  21
        3.50247       -0.46514   1  22
        3.50247       -0.42995   1  23
        3.50247       -0.41464   1  24
        3.50247       -0.40867   1  25
        3.50247       -0.39737   1  26
        3.50247       -0.35505   1  27
        3.50247       -0.18388   1  28
        3.50247       -0.13314   1  29
        3.50247       -0.07910   1  30
        3.50247       -0.03800   1  31
        3.50247        0.02689   1  32
        3.50247        0.08752   1  33
        3.50247        0.10876   1  34
        3.50247        0.11273   1  35
        3.50247        0.15087   1  36
        3.50247        0.18228   1  37
        3.50247        0.19175   1  38
        3.50247        0.22498   1  39
        3.50247        0.23662   1  40
        3.50247        0.28871   1  41
        3.50247        0.29846   1  42
        3.50247        0.31906   1  43
        3.50247        0.35983   1  44
        3.50247        0.39989   1  45
        3.50247        0.41622   1  46
        3.50247        0.45991   1  47
        3.50247        0.46213   1  48
        3.50247        0.53217   1  49
        3.50247        0.55876   1  50
        3.50247        0.59291   1  51
        3.50247        0.62107   1  52
        3.50247        0.62816   1  53
        3.50247        0.63449   1  54
        3.50247        0.69832   1  55
        3.50247        0.74518   1  56
        3.50247        0.75310   1  57
        3.50247        0.81406   1  58
        3.50247        0.81425   1  59
        3.50247        0.85010   1  60
        3.50247        0.90244   1  61
        3.50247        0.91329   1  62
        3.50247        0.93796   1  63
        3.50247        1.03433   1  64
        3.50247        1.13708   1  65
        3.50247        1.15534   1  66
        3.50247        1.26137   1  67
        3.50247        1.37144   1  68
        3.50247        1.38290   1  69
        3.50247        1.39625   1  70
        3.50247        1.44204   1  71
        3.50247        1.51188   1  72
        3.50247        1.54570   1  73
        3.50247        1.58188   1  74
        3.50247        1.60265   1  75
        3.50247        1.61681   1  76
        3.53189       -0.92301   1   1
        3.53189       -0.90521   1   2
        3.53189       -0.87407   1   3
        3.53189       -0.77449   1   4
        3.53189       -0.74036   1   5
        3.53189       -0.69409   1   6
        3.53189       -0.69034   1   7
        3.53189       -0.67591   1   8
        3.53189       -0.67171   1   9
        3.53189       -0.65892   1  10
        3.53189       -0.64262   1  11
        3.53189       -0.63756   1  12
        3.53189       -0.62911   1  13
        3.53189       -0.61543   1  14
        3.53189       -0.59906   1  15
        3.53189       -0.57057   1  16
        3.53189       -0.56304   1  17
        3.53189       -0.55494   1  18
        3.53189       -0.51678   1  19
        3.53189       -0.49812   1  20
        3.53189       -0.49287   1  21
        3.53189       -0.46514   1  22
        3.53189       -0.42995   1  23
        3.53189       -0.41464   1  24
        3.53189       -0.40867   1  25
        3.53189       -0.39737   1  26
        3.53189       -0.35505   1  27
        3.53189       -0.18388   1  28
        3.53189       -0.13315   1  29
        3.53189       -0.07907   1  30
        3.53189       -0.03801   1  31
        3.53189        0.02689   1  32
        3.53189        0.08738   1  33
        3.53189        0.10977   1  34
        3.53189        0.11165   1  35
        3.53189        0.15221   1  36
        3.53189        0.17983   1  37
        3.53189        0.19190   1  38
        3.53189        0.22507   1  39
        3.53189        0.23943   1  40
        3.53189        0.28714   1  41
        3.53189        0.29913   1  42
        3.53189        0.31706   1  43
        3.53189        0.35425   1  44
        3.53189        0.41850   1  45
        3.53189        0.42243   1  46
        3.53189        0.44322   1  47
        3.53189        0.45333   1  48
        3.53189        0.54063   1  49
        3.53189        0.56093   1  50
        3.53189        0.59291   1  51
        3.53189        0.62107   1  52
        3.53189        0.62535   1  53
        3.53189        0.63449   1  54
        3.53189        0.69709   1  55
        3.53189        0.74518   1  56
        3.53189        0.75298   1  57
        3.53189        0.81425   1  58
        3.53189        0.81425   1  59
        3.53189        0.85010   1  60
        3.53189        0.90261   1  61
        3.53189        0.91522   1  62
        3.53189        0.93851   1  63
        3.53189        1.03201   1  64
        3.53189        1.13651   1  65
        3.53189        1.15534   1  66
        3.53189        1.26234   1  67
        3.53189        1.37171   1  68
        3.53189        1.38290   1  69
        3.53189        1.39625   1  70
        3.53189        1.44204   1  71
        3.53189        1.51188   1  72
        3.53189        1.54549   1  73
        3.53189        1.58188   1  74
        3.53189        1.60258   1  75
        3.53189        1.61681   1  76
        3.53189       -0.87567   1   1
        3.53189       -0.87567   1   2
        3.53189       -0.82043   1   3
        3.53189       -0.82043   1   4
        3.53189       -0.76153   1   5
        3.53189       -0.74282   1   6
        3.53189       -0.74282   1   7
        3.53189       -0.70709   1   8
        3.53189       -0.68208   1   9
        3.53189       -0.67833   1  10
        3.53189       -0.65778   1  11
        3.53189       -0.63144   1  12
        3.53189       -0.63144   1  13
        3.53189       -0.62564   1  14
        3.53189       -0.61836   1  15
        3.53189       -0.61836   1  16
        3.53189       -0.51674   1  17
        3.53189       -0.49957   1  18
        3.53189       -0.49957   1  19
        3.53189       -0.49034   1  20
        3.53189       -0.48267   1  21
        3.53189       -0.47172   1  22
        3.53189       -0.47128   1  23
        3.53189       -0.46136   1  24
        3.53189       -0.28393   1  25
        3.53189       -0.28393   1  26
        3.53189       -0.02632   1  27
        3.53189       -0.00191   1  28
        3.53189        0.03878   1  29
        3.53189        0.03878   1  30
        3.53189        0.04535   1  31
        3.53189        0.11385   1  32
        3.53189        0.13197   1  33
        3.53189        0.17279   1  34
        3.53189        0.22224   1  35
        3.53189        0.22224   1  36
        3.53189        0.26698   1  37
        3.53189        0.32807   1  38
        3.53189        0.33905   1  39
        3.53189        0.33905   1  40
        3.53189        0.35379   1  41
        3.53189        0.35496   1  42
        3.53189        0.36770   1  43
        3.53189        0.36770   1  44
        3.53189        0.43096   1  45
        3.53189        0.43096   1  46
        3.53189        0.43766   1  47
        3.53189        0.46054   1  48
        3.53189        0.48659   1  49
        3.53189        0.48659   1  50
        3.53189        0.51885   1  51
        3.53189        0.53994   1  52
        3.53189        0.54660   1  53
        3.53189        0.57757   1  54
        3.53189        0.57757   1  55
        3.53189        0.58312   1  56
        3.53189        0.59811   1  57
        3.53189        0.59811   1  58
        3.53189        0.60855   1  59
        3.53189        0.62756   1  60
        3.53189        0.70873   1  61
        3.53189        0.72208   1  62
        3.53189        0.72208   1  63
        3.53189        0.72679   1  64
        3.53189        0.73345   1  65
        3.53189        0.73345   1  66
        3.53189        0.83892   1  67
        3.53189        0.88250   1  68
        3.53189        0.88250   1  69
        3.53189        0.89188   1  70
        3.53189        0.96280   1  71
        3.53189        1.08861   1  72
        3.53189        1.09174   1  73
        3.53189        1.09174   1  74
        3.53189        1.12329   1  75
        3.53189        1.42480   1  76
        3.56131       -0.87567   1   1
        3.56131       -0.87567   1   2
        3.56131       -0.82043   1   3
        3.56131       -0.82043   1   4
        3.56131       -0.76153   1   5
        3.56131       -0.74282   1   6
        3.56131       -0.74282   1   7
        3.56131       -0.70708   1   8
        3.56131       -0.68208   1   9
        3.56131       -0.67832   1  10
        3.56131       -0.65779   1  11
        3.56131       -0.63144   1  12
        3.56131       -0.63144   1  13
        3.56131       -0.62564   1  14
        3.56131       -0.61836   1  15
        3.56131       -0.61836   1  16
        3.56131       -0.51675   1  17
        3.56131       -0.49957   1  18
        3.56131       -0.49957   1  19
        3.56131       -0.49034   1  20
        3.56131       -0.48267   1  21
        3.56131       -0.47172   1  22
        3.56131       -0.47128   1  23
        3.56131       -0.46136   1  24
        3.56131       -0.28393   1  25
        3.56131       -0.28393   1  26
        3.56131       -0.02632   1  27
        3.56131       -0.00191   1  28
        3.56131        0.03874   1  29
        3.56131        0.03874   1  30
        3.56131        0.04535   1  31
        3.56131        0.11383   1  32
        3.56131        0.13197   1  33
        3.56131        0.17283   1  34
        3.56131        0.22222   1  35
        3.56131        0.22222   1  36
        3.56131        0.26695   1  37
        3.56131        0.32765   1  38
        3.56131        0.33906   1  39
        3.56131        0.33906   1  40
        3.56131        0.35424   1  41
        3.56131        0.35514   1  42
        3.56131        0.36768   1  43
        3.56131        0.36768   1  44
        3.56131        0.43040   1  45
        3.56131        0.43040   1  46
        3.56131        0.43744   1  47
        3.56131        0.46013   1  48
        3.56131        0.49136   1  49
        3.56131        0.49136   1  50
        3.56131        0.51604   1  51
        3.56131        0.54572   1  52
        3.56131        0.54968   1  53
        3.56131        0.55870   1  54
        3.56131        0.55870   1  55
        3.56131        0.57963   1  56
        3.56131        0.59641   1  57
        3.56131        0.62190   1  58
        3.56131        0.62190   1  59
        3.56131        0.64187   1  60
        3.56131        0.69287   1  61
        3.56131        0.69287   1  62
        3.56131        0.70959   1  63
        3.56131        0.71750   1  64
        3.56131        0.75531   1  65
        3.56131        0.75531   1  66
        3.56131        0.84619   1  67
        3.56131        0.88074   1  68
        3.56131        0.88074   1  69
        3.56131        0.89154   1  70
        3.56131        0.95980   1  71
        3.56131        1.08872   1  72
        3.56131        1.09181   1  73
        3.56131        1.09181   1  74
        3.56131        1.12336   1  75
        3.56131        1.42484   1  76
        3.59073       -0.87567   1   1
        3.59073       -0.87567   1   2
        3.59073       -0.82043   1   3
        3.59073       -0.82043   1   4
        3.59073       -0.76153   1   5
        3.59073       -0.74282   1   6
        3.59073       -0.74282   1   7
        3.59073       -0.70708   1   8
        3.59073       -0.68208   1   9
        3.59073       -0.67832   1  10
        3.59073       -0.65780   1  11
        3.59073       -0.63144   1  12
        3.59073       -0.63144   1  13
        3.59073       -0.62564   1  14
        3.59073       -0.61836   1  15
        3.59073       -0.61836   1  16
        3.59073       -0.51675   1  17
        3.59073       -0.49957   1  18
        3.59073       -0.49957   1  19
        3.59073       -0.49034   1  20
        3.59073       -0.48267   1  21
        3.59073       -0.47172   1  22
        3.59073       -0.47128   1  23
        3.59073       -0.46136   1  24
        3.59073       -0.28394   1  25
        3.59073       -0.28394   1  26
        3.59073       -0.02632   1  27
        3.59073       -0.00191   1  28
        3.59073        0.03869   1  29
        3.59073        0.03869   1  30
        3.59073        0.04534   1  31
        3.59073        0.11380   1  32
        3.59073        0.13197   1  33
        3.59073        0.17287   1  34
        3.59073        0.22220   1  35
        3.59073        0.22220   1  36
        3.59073        0.26691   1  37
        3.59073        0.32725   1  38
        3.59073        0.33908   1  39
        3.59073        0.33908   1  40
        3.59073        0.35468   1  41
        3.59073        0.35531   1  42
        3.59073        0.36765   1  43
        3.59073        0.36765   1  44
        3.59073        0.42988   1  45
        3.59073        0.42988   1  46
        3.59073        0.43722   1  47
        3.59073        0.45972   1  48
        3.59073        0.49728   1  49
        3.59073        0.49728   1  50
        3.59073        0.51393   1  51
        3.59073        0.54610   1  52
        3.59073        0.54610   1  53
        3.59073        0.55188   1  54
        3.59073        0.55352   1  55
        3.59073        0.57507   1  56
        3.59073        0.58777   1  57
        3.59073        0.65178   1  58
        3.59073        0.65178   1  59
        3.59073        0.65359   1  60
        3.59073        0.66142   1  61
        3.59073        0.66142   1  62
        3.59073        0.70704   1  63
        3.59073        0.71045   1  64
        3.59073        0.76597   1  65
        3.59073        0.76597   1  66
        3.59073        0.85322   1  67
        3.59073        0.87887   1  68
        3.59073        0.87887   1  69
        3.59073        0.89119   1  70
        3.59073        0.95653   1  71
        3.59073        1.08883   1  72
        3.59073        1.09188   1  73
        3.59073        1.09188   1  74
        3.59073        1.12343   1  75
        3.59073        1.42488   1  76
